-1.084337472915649414e+00,7.391707897186279297e-01
-1.252659559249877930e+00,-1.418166607618331909e-01
6.602788567543029785e-01,-8.239602446556091309e-01
6.721101999282836914e-01,-1.062147140502929688e+00
-3.915244638919830322e-01,-8.618347048759460449e-01
8.514748215675354004e-01,-8.252816200256347656e-01
-2.241272777318954468e-01,5.911198854446411133e-01
6.577981710433959961e-01,6.956387758255004883e-01
-1.699676066637039185e-01,-1.501967668533325195e+00
-7.222250103950500488e-01,-1.525795578956604004e+00
7.585794925689697266e-01,-7.502593398094177246e-01
-1.824903964996337891e+00,-2.802152037620544434e-01
1.257068216800689697e-01,-2.144114524126052856e-01
-4.321848154067993164e-01,-3.046652674674987793e-01
6.658342480659484863e-01,-8.365613222122192383e-01
6.158661246299743652e-01,4.929645359516143799e-02
7.384719848632812500e-01,-9.290233850479125977e-01
2.273207902908325195e-02,-2.114082574844360352e-01
-4.150730073451995850e-01,-1.064764633774757385e-01
-1.070387721061706543e+00,1.357063055038452148e+00
2.242676541209220886e-02,-9.046491235494613647e-02
-1.011026501655578613e+00,-7.039099335670471191e-01
6.831812858581542969e-02,9.564493596553802490e-02
-1.111773103475570679e-01,-1.397608518600463867e+00
-1.482856512069702148e+00,9.690451025962829590e-01
8.987048268318176270e-01,3.675985336303710938e+00
-1.173144221305847168e+00,-7.657244801521301270e-01
7.076174020767211914e-01,-7.376563549041748047e-01
4.747795462608337402e-01,2.271526604890823364e-01
-3.434215188026428223e-01,-2.482976317405700684e-01
-8.353805541992187500e-01,-8.465285599231719971e-02
1.882573246955871582e+00,-2.201634645462036133e+00
1.769115179777145386e-01,6.124170422554016113e-01
9.789916872978210449e-01,-7.776791453361511230e-01
-1.562094449996948242e+00,1.026817917823791504e+00
1.196023106575012207e+00,-1.485145568847656250e+00
-4.262993633747100830e-01,-5.656705498695373535e-01
8.044219613075256348e-01,2.240464687347412109e-01
-1.493865609169006348e+00,-1.030579090118408203e+00
-3.368500769138336182e-01,-2.136292606592178345e-01
-1.080050349235534668e+00,-8.744122385978698730e-01
6.156663894653320312e-01,-9.537047743797302246e-01
-1.023363173007965088e-01,1.054731607437133789e+00
-1.752598404884338379e+00,-1.224471449851989746e+00
5.609877407550811768e-02,4.340174198150634766e-01
-3.989630460739135742e+00,2.109363794326782227e+00
-3.279626965522766113e-01,-2.482003569602966309e-01
-2.851728200912475586e-01,1.034316301345825195e+00
-1.287836790084838867e+00,-2.810556411743164062e+00
-7.242869734764099121e-01,1.244430065155029297e+00
-5.451433658599853516e-01,-2.517889067530632019e-02
1.391529440879821777e-01,3.555338382720947266e-01
-1.286831974983215332e+00,-6.272039413452148438e-01
1.445955514907836914e+00,-1.899899005889892578e+00
-1.395760655403137207e+00,5.176030993461608887e-01
-9.496071934700012207e-01,-9.864031076431274414e-01
-1.129985809326171875e+00,-4.111953675746917725e-01
-9.929676651954650879e-01,-2.097807377576828003e-01
1.308497786521911621e-01,-4.606727957725524902e-01
-1.127991199493408203e+00,-1.773835718631744385e-01
6.143296957015991211e-01,4.321403056383132935e-02
-5.248695611953735352e-01,5.378275513648986816e-01
2.247714996337890625e-01,-8.638266324996948242e-01
9.607187509536743164e-01,-6.524733901023864746e-01
1.287219300866127014e-02,-1.286809206008911133e+00
-2.779293954372406006e-01,2.488894939422607422e+00
7.402201890945434570e-01,-6.381021738052368164e-01
-1.091480374336242676e+00,1.569658279418945312e+00
-2.492883205413818359e+00,1.141441464424133301e+00
-3.673511743545532227e-01,5.514200925827026367e-01
-1.049256324768066406e+00,-5.955744981765747070e-01
-7.214745283126831055e-01,-3.047113418579101562e-01
-5.494433045387268066e-01,-1.903688013553619385e-01
8.993083834648132324e-01,-1.050484061241149902e+00
-1.080050349235534668e+00,-8.744122385978698730e-01
-2.242219448089599609e+00,-1.711364626884460449e+00
-9.518799185752868652e-01,3.360133469104766846e-01
8.129662871360778809e-01,-8.120952844619750977e-01
6.950600147247314453e-01,-9.338449686765670776e-02
-1.192753672599792480e+00,6.980380415916442871e-02
1.110898032784461975e-01,-2.201542109251022339e-01
-3.065510988235473633e+00,-1.232674479484558105e+00
1.119237899780273438e+00,-1.617043852806091309e+00
-1.615607380867004395e+00,-7.571113705635070801e-01
-4.814581573009490967e-01,7.176277637481689453e-01
8.015757799148559570e-01,-6.077948808670043945e-01
3.112626075744628906e-01,4.163752198219299316e-01
2.189939022064208984e-01,-5.238727927207946777e-01
1.084891557693481445e+00,-4.624344408512115479e-01
8.452908396720886230e-01,-7.099435925483703613e-01
-1.931011915206909180e+00,1.679240465164184570e+00
-3.698667585849761963e-01,3.283171355724334717e-01
-3.342645168304443359e-01,4.791122376918792725e-01
-5.406022071838378906e-01,1.102294176816940308e-01
2.438311837613582611e-02,9.026701003313064575e-02
-1.614243149757385254e+00,5.085970401763916016e+00
-4.199666380882263184e-01,6.779149174690246582e-01
-1.432891726493835449e+00,-6.968678236007690430e-01
-2.022790670394897461e+00,-1.097378134727478027e+00
-6.569285988807678223e-01,1.798936128616333008e+00
4.171436727046966553e-01,-3.756407499313354492e-01
-1.309178471565246582e+00,-6.789962053298950195e-01
-1.154680728912353516e+00,3.535962581634521484e+00
-1.616168379783630371e+00,-4.133536219596862793e-01
1.928325593471527100e-01,-6.519931554794311523e-01
6.061579585075378418e-01,-7.640035152435302734e-01
-6.324592232704162598e-01,-8.706261217594146729e-02
-6.360830068588256836e-01,-1.022925257682800293e+00
-4.799553453922271729e-01,-2.209569364786148071e-01
-1.771343350410461426e-01,8.201926350593566895e-01
-5.891637802124023438e-01,3.308903217315673828e+00
3.290543854236602783e-01,1.493680477142333984e-01
-5.392858386039733887e-01,4.589526951313018799e-01
-1.687767267227172852e+00,-1.774846434593200684e+00
6.475248187780380249e-02,5.827279686927795410e-01
-9.563987851142883301e-01,6.043308973312377930e-01
6.572625041007995605e-02,-3.272290527820587158e-01
-1.998815894126892090e+00,4.118583351373672485e-02
3.524121269583702087e-02,-3.304019272327423096e-01
-1.489516377449035645e+00,1.413911938667297363e+00
-4.482283890247344971e-01,-8.061012029647827148e-01
2.398150682449340820e+00,1.612630486488342285e+00
9.663411378860473633e-01,-8.083015084266662598e-01
-1.949371218681335449e+00,-1.290864825248718262e+00
2.325814664363861084e-01,-1.276523917913436890e-01
-1.603524208068847656e+00,-1.932597458362579346e-01
5.354092717170715332e-01,5.977404117584228516e-02
-1.500829219818115234e+00,-4.973267555236816406e+00
7.270992398262023926e-01,6.377997994422912598e-01
2.569168806076049805e-01,-1.712712049484252930e-01
-1.479345202445983887e+00,-1.318608641624450684e+00
1.036477684974670410e+00,-6.285361051559448242e-01
-1.105566620826721191e+00,2.936243079602718353e-03
4.305005371570587158e-01,-1.962839722633361816e+00
8.752602338790893555e-02,3.877711892127990723e-01
-1.508773922920227051e+00,2.878284931182861328e+00
2.274807542562484741e-01,-1.291717410087585449e+00
4.789848625659942627e-01,-7.566213607788085938e-02
-2.255586147308349609e+00,-1.424180626869201660e+00
1.591716170310974121e+00,-2.113828182220458984e+00
7.079568505287170410e-01,-8.511400222778320312e-01
-4.814581573009490967e-01,7.176277637481689453e-01
-3.550398945808410645e-01,8.972404003143310547e-01
4.764649569988250732e-01,-4.979357719421386719e-01
4.768423736095428467e-01,4.145062446594238281e+00
6.156663894653320312e-01,-9.537047743797302246e-01
4.715950191020965576e-01,-1.176231980323791504e+00
7.585794925689697266e-01,-7.502593398094177246e-01
5.989569425582885742e-01,-8.582105636596679688e-01
-1.340131163597106934e+00,6.193208098411560059e-01
-1.385723829269409180e+00,-8.029291033744812012e-01
4.580791294574737549e-01,-5.654737353324890137e-01
2.716761231422424316e-01,3.761799335479736328e-01
-2.795559465885162354e-01,-4.463531076908111572e-01
6.997994184494018555e-01,-7.357681393623352051e-01
5.793334245681762695e-01,-8.871881365776062012e-01
-1.584331035614013672e+00,3.555813133716583252e-01
1.126058816909790039e+00,-1.650003433227539062e+00
-1.559972047805786133e+00,1.600205183029174805e+00
-2.193720579147338867e+00,1.146415829658508301e+00
-8.645762205123901367e-01,2.356847286224365234e+00
3.089420199394226074e-01,2.723616659641265869e-01
-1.743214368820190430e+00,-7.629391551017761230e-01
4.724141657352447510e-01,-5.001317262649536133e-01
-7.949514687061309814e-02,-1.072184085845947266e+00
2.188342064619064331e-01,3.879904747009277344e-01
-5.765666365623474121e-01,-3.070960044860839844e-01
8.074616193771362305e-01,-6.586537957191467285e-01
-1.242937207221984863e+00,7.068639993667602539e-01
1.695089936256408691e+00,3.130943536758422852e+00
2.857980728149414062e-01,-9.201896190643310547e-01
-1.053911685943603516e+00,-1.558548770844936371e-02
-3.747276544570922852e+00,-3.219509124755859375e-02
-9.632148146629333496e-01,9.054080843925476074e-01
5.307947993278503418e-01,-8.551394939422607422e-01
-3.104787349700927734e+00,-1.516411781311035156e+00
1.555379033088684082e+00,1.195368170738220215e+00
-1.941683769226074219e+00,-5.175694823265075684e-01
8.993083834648132324e-01,-1.050484061241149902e+00
9.621542096138000488e-01,1.424146533012390137e+00
2.955904603004455566e-01,-2.351254373788833618e-01
8.987113833427429199e-01,-6.374742984771728516e-01
4.505574703216552734e-02,-2.883821129798889160e-01
-9.414753317832946777e-01,-1.293261498212814331e-01
1.109936833381652832e+00,-4.770938754081726074e-01
8.245978355407714844e-01,-2.541722297668457031e+00
-6.197821497917175293e-01,-9.709727764129638672e-01
8.082607984542846680e-01,-1.735021233558654785e+00
6.299145221710205078e-01,-4.712380468845367432e-01
1.110388875007629395e+00,-4.669193923473358154e-01
2.919782698154449463e-01,-1.022261381149291992e+00
-5.421469211578369141e-01,-8.558826446533203125e-01
6.311174482107162476e-03,5.386590026319026947e-03
-8.228462934494018555e-01,7.251615524291992188e-01
-8.228462934494018555e-01,7.251615524291992188e-01
1.266544461250305176e+00,-1.594082832336425781e+00
-9.898771643638610840e-01,-6.114565134048461914e-01
-1.077881813049316406e+00,-6.529275178909301758e-01
1.069650799036026001e-01,-5.579653382301330566e-01
-8.855891823768615723e-01,-8.487765192985534668e-01
-7.784408330917358398e-01,1.007139086723327637e+00
3.738663196563720703e-01,5.705351829528808594e-01
7.619411945343017578e-01,-8.140082955360412598e-01
-9.250330924987792969e-01,2.711288213729858398e+00
4.569763541221618652e-01,2.830118238925933838e-01
-1.659938216209411621e+00,1.558089852333068848e-01
6.657905578613281250e-01,-6.143396496772766113e-01
-8.542411327362060547e-01,-1.443377971649169922e+00
1.768964409828186035e+00,-2.304490566253662109e+00
1.731937527656555176e+00,4.716500043869018555e-01
6.003193855285644531e-01,-3.670999109745025635e-01
5.798522233963012695e-01,-1.658081710338592529e-01
-8.979939222335815430e-01,-1.072863116860389709e-01
-1.607633382081985474e-01,2.289921343326568604e-01
2.117099314928054810e-01,-9.606812000274658203e-01
-1.187647819519042969e+00,7.561230659484863281e-01
2.179306000471115112e-01,-3.977664411067962646e-01
-9.500570893287658691e-01,7.642710208892822266e-01
-5.382334589958190918e-01,4.659972190856933594e-01
-2.122575044631958008e+00,-8.614619374275207520e-01
-1.041796922683715820e+00,-1.316244959831237793e+00
1.415218412876129150e-01,8.609014004468917847e-02
3.392400145530700684e-01,-4.572594165802001953e-01
-1.486313104629516602e+00,1.797457933425903320e+00
-6.551041007041931152e-01,1.774588584899902344e+00
-7.256228923797607422e-01,-4.168015718460083008e-01
4.952446520328521729e-01,-8.577993512153625488e-01
1.932968497276306152e+00,2.794762611389160156e+00
1.959026902914047241e-01,-2.729485034942626953e-01
1.434005349874496460e-01,-1.757778227329254150e-01
5.198084115982055664e-01,-5.037699341773986816e-01
-1.347862720489501953e+00,-6.395213603973388672e-01
3.651095628738403320e-01,-3.884265571832656860e-02
3.281085789203643799e-01,-1.038079977035522461e+00
3.038105666637420654e-01,3.965063393115997314e-01
-5.926113203167915344e-02,-2.362470328807830811e-01
1.799450069665908813e-02,-5.894287675619125366e-02
-1.350290775299072266e+00,-3.583833873271942139e-01
9.049866199493408203e-01,-4.460359215736389160e-01
5.306640863418579102e-01,-1.029653996229171753e-01
8.591431975364685059e-01,3.425062596797943115e-01
9.329335093498229980e-01,-6.821841597557067871e-01
8.216686844825744629e-01,-4.109793305397033691e-01
-8.613597154617309570e-01,-8.160942196846008301e-01
3.508562445640563965e-01,-1.475882530212402344e+00
1.175011515617370605e+00,1.400399327278137207e+00
8.350719809532165527e-01,-7.066026926040649414e-01
-3.282055854797363281e-01,-5.973238945007324219e-01
1.145236134529113770e+00,-1.789052367210388184e+00
-1.139513373374938965e+00,-1.404523849487304688e+00
6.517474055290222168e-01,-5.011869668960571289e-01
8.978970050811767578e-01,-6.893835663795471191e-01
6.299145221710205078e-01,-4.712380468845367432e-01
-6.889954805374145508e-01,-1.626058578491210938e+00
-1.109705805778503418e+00,-1.399604082107543945e+00
7.140578627586364746e-01,-7.508841156959533691e-01
9.546794295310974121e-01,-2.373050212860107422e+00
5.586116313934326172e-01,-6.600940600037574768e-03
9.071748852729797363e-01,-8.356925845146179199e-01
-8.835889101028442383e-01,5.117605328559875488e-01
-5.612717270851135254e-01,7.074483036994934082e-01
5.915540456771850586e-01,-8.916270136833190918e-01
-8.548009991645812988e-01,-6.696996092796325684e-02
8.032648563385009766e-01,-8.322020769119262695e-01
-1.976569056510925293e+00,2.596683263778686523e+00
3.989536762237548828e-01,-3.975147604942321777e-01
-9.399656057357788086e-01,-1.737971305847167969e+00
7.345610857009887695e-01,-7.317970991134643555e-01
-4.473840892314910889e-01,-3.789334744215011597e-02
-7.197799682617187500e-01,-3.194153308868408203e-01
-1.841491460800170898e+00,-9.079891443252563477e-02
-9.588512778282165527e-01,-1.902992844581604004e+00
-2.885039806365966797e+00,-1.532021641731262207e+00
6.725448369979858398e-01,-6.289497613906860352e-01
-1.147693753242492676e+00,7.664097547531127930e-01
-3.965193331241607666e-01,-2.097418010234832764e-01
-4.403219223022460938e+00,-5.741894245147705078e-01
-2.953779399394989014e-01,6.051486134529113770e-01
1.106481671333312988e+00,-5.583544373512268066e-01
5.599116683006286621e-01,-3.642851710319519043e-01
-6.096314191818237305e-01,-1.185089826583862305e+00
1.000780344009399414e+00,-6.943617463111877441e-01
-4.138972163200378418e-01,-1.439360380172729492e+00
-1.132340908050537109e+00,-5.024964213371276855e-01
-8.290395140647888184e-01,-3.149389326572418213e-01
-2.062019556760787964e-01,3.778476119041442871e-01
1.023647636175155640e-01,-2.176174819469451904e-01
-5.144919753074645996e-01,3.245966732501983643e-01
1.635960817337036133e+00,-1.787034511566162109e+00
5.671678781509399414e-01,-6.862540245056152344e-01
-1.490417003631591797e+00,-1.923138648271560669e-01
-6.343356966972351074e-01,6.738427281379699707e-01
-6.446409225463867188e-01,1.375293016433715820e+00
-2.051698684692382812e+00,1.802552342414855957e+00
7.172500491142272949e-01,-8.751245141029357910e-01
2.382089197635650635e-01,-1.124942064285278320e+00
-1.043621659278869629e+00,-2.791371047496795654e-01
-7.649661600589752197e-02,6.007885932922363281e-01
-2.135633707046508789e+00,-2.425443977117538452e-01
3.461397886276245117e-01,-1.475786685943603516e+00
-1.418431878089904785e+00,-1.194375753402709961e+00
2.834798097610473633e-01,2.745012342929840088e-01
-1.872140526771545410e+00,-8.422845602035522461e-01
5.911573767662048340e-01,-5.849272012710571289e-01
-7.571205496788024902e-01,-3.767239749431610107e-01
8.958444595336914062e-01,-6.800067424774169922e-01
-1.415767431259155273e+00,4.027337133884429932e-01
-2.625277265906333923e-02,-2.457241714000701904e-01
2.276890873908996582e-01,-1.067880630493164062e+00
4.606316983699798584e-01,-2.992176711559295654e-01
-5.058335065841674805e-01,-6.697019338607788086e-01
5.635535717010498047e-01,-9.126008749008178711e-01
6.122726202011108398e-01,-9.417184591293334961e-01
-2.928627014160156250e+00,2.583717107772827148e+00
6.636895537376403809e-01,-8.737144470214843750e-01
1.875581294298171997e-01,1.925895333290100098e+00
-1.048276901245117188e+00,-1.021129965782165527e+00
-1.347716301679611206e-01,-6.776489019393920898e-01
-9.790197014808654785e-01,-9.736348688602447510e-02
-4.935574829578399658e-01,1.512959361076354980e+00
-4.888287484645843506e-01,-3.153491914272308350e-01
-1.301376700401306152e+00,1.335212230682373047e+00
8.991917967796325684e-01,-4.097131192684173584e-01
-7.341930270195007324e-01,-2.030807018280029297e+00
-6.417528986930847168e-01,-1.301649451255798340e+00
-6.917830705642700195e-01,-3.382542431354522705e-01
4.859056770801544189e-01,-1.222052216529846191e+00
-1.207616567611694336e+00,1.406670093536376953e+00
1.364375501871109009e-01,1.860860437154769897e-01
-6.202422454953193665e-02,8.097354173660278320e-01
7.088079303503036499e-02,7.229919433593750000e-01
8.458021283149719238e-01,1.159762591123580933e-01
1.643537163734436035e+00,-1.828896641731262207e+00
1.769115179777145386e-01,6.124170422554016113e-01
4.378921091556549072e-01,5.594756007194519043e-01
-9.566830992698669434e-01,-7.853636145591735840e-02
-6.181489229202270508e-01,1.981130838394165039e+00
7.663187384605407715e-01,-7.148874998092651367e-01
-1.331450194120407104e-01,-1.128600597381591797e+00
3.504688441753387451e-01,-5.086873769760131836e-01
-7.342383265495300293e-01,6.634703159332275391e+00
1.123338103294372559e+00,-5.391451716423034668e-01
1.599233895540237427e-01,-8.741671591997146606e-02
7.242860794067382812e-01,-7.430418133735656738e-01
6.298407316207885742e-01,-7.209663391113281250e-01
-1.223575353622436523e+00,-2.073242902755737305e+00
5.011864304542541504e-01,-8.969138860702514648e-01
2.602900028228759766e+00,1.048160552978515625e+00
-7.622445225715637207e-01,-3.610916733741760254e-01
7.460626363754272461e-01,-2.151633739471435547e+00
-1.018059134483337402e+00,7.880059480667114258e-01
1.752907186746597290e-01,-2.868793606758117676e-01
5.528625845909118652e-01,-1.291219353675842285e+00
-5.713057518005371094e-01,3.019770681858062744e-01
1.110017538070678711e+00,6.786975264549255371e-01
-1.050225734710693359e+00,2.895578622817993164e+00
-1.694781780242919922e+00,6.395215988159179688e-01
9.384679049253463745e-02,-1.872423887252807617e-01
-4.843507111072540283e-01,-6.268953084945678711e-01
-9.092081785202026367e-01,-2.106914997100830078e+00
-1.677519917488098145e+00,-1.020119905471801758e+00
-4.403219223022460938e+00,-5.741894245147705078e-01
2.782993614673614502e-01,-7.558656930923461914e-01
-7.552717626094818115e-02,2.969402670860290527e-01
-1.127917408943176270e+00,-3.715900182723999023e-01
-1.454389214515686035e+00,6.707754731178283691e-01
7.879282236099243164e-01,-8.281928300857543945e-01
-7.196472287178039551e-01,-8.103051185607910156e-01
4.113763868808746338e-01,-3.172869682312011719e-01
6.298375725746154785e-01,-1.551047414541244507e-01
8.397201299667358398e-01,1.722726583480834961e+00
-8.467964529991149902e-01,1.071671023964881897e-01
1.599233895540237427e-01,-8.741671591997146606e-02
-1.001636624336242676e+00,-3.171445131301879883e-01
-1.450117304921150208e-02,1.776061415672302246e+00
1.280652523040771484e+00,2.739930868148803711e+00
8.132199645042419434e-01,-6.660363674163818359e-01
-1.464479446411132812e+00,-9.645334631204605103e-02
1.693434715270996094e-01,-5.894850492477416992e-01
5.085539221763610840e-01,-3.487595357000827789e-03
-4.725639522075653076e-01,1.560412168502807617e+00
7.904034256935119629e-01,-6.265377402305603027e-01
1.344646334648132324e+00,-2.979499816894531250e+00
7.093920111656188965e-01,-7.666001915931701660e-01
1.287219300866127014e-02,-1.286809206008911133e+00
2.121716439723968506e-01,-1.645349860191345215e-01
1.005787730216979980e+00,-5.070314407348632812e-01
7.834455370903015137e-01,-8.687505722045898438e-01
-1.264204621315002441e+00,2.321153730154037476e-01
-1.757327437400817871e+00,-1.399688482284545898e+00
-1.722486734390258789e+00,1.855056732892990112e-02
-3.783323049545288086e+00,-2.595306336879730225e-01
-1.181033849716186523e+00,8.011323809623718262e-01
-2.467383071780204773e-02,-1.374531507492065430e+00
5.960670709609985352e-01,-1.252366542816162109e+00
-5.610701441764831543e-01,3.580466210842132568e-01
1.191166192293167114e-01,-2.539095282554626465e-01
-1.866535693407058716e-01,1.385803937911987305e+00
1.140763014554977417e-01,-2.013550549745559692e-01
-4.768812358379364014e-01,-3.942126631736755371e-01
6.241078972816467285e-01,-9.199073910713195801e-01
3.576506972312927246e-01,-4.146628081798553467e-02
7.511825561523437500e-01,-7.334384918212890625e-01
1.909390807151794434e+00,1.261259317398071289e+00
-1.641104221343994141e+00,5.128290653228759766e-01
6.997994184494018555e-01,-7.357681393623352051e-01
4.733916223049163818e-01,-8.393651843070983887e-01
2.289730012416839600e-01,5.364286303520202637e-01
-1.119982957839965820e+00,5.973178744316101074e-01
9.501483440399169922e-01,-1.237668037414550781e+00
-9.416593909263610840e-01,-5.203680321574211121e-02
7.172500491142272949e-01,-8.751245141029357910e-01
-1.614243149757385254e+00,5.085970401763916016e+00
5.454021096229553223e-01,-8.719086050987243652e-01
-3.067484617233276367e+00,-2.037942171096801758e+00
6.484574675559997559e-01,5.526527166366577148e-01
-5.959037542343139648e-01,-2.854546904563903809e-01
-7.286010682582855225e-02,1.244536280632019043e+00
7.447569370269775391e-01,-8.560878634452819824e-01
8.353949189186096191e-01,-1.528653129935264587e-02
8.174561262130737305e-01,-7.406790852546691895e-01
-3.294540882110595703e+00,-2.526228725910186768e-01
1.672894358634948730e-01,1.542415618896484375e-01
1.054714560508728027e+00,9.207974076271057129e-01
-2.126628875732421875e+00,-1.575710177421569824e+00
9.097011089324951172e-01,-1.496771812438964844e+00
2.467384785413742065e-01,-1.001904010772705078e+00
-3.184423744678497314e-01,-3.341063737869262695e+00
4.542946219444274902e-01,-6.335370242595672607e-02
-9.206732511520385742e-01,-2.874249219894409180e+00
1.237318158149719238e+00,-1.560131549835205078e+00
-1.007860660552978516e+00,6.272606253623962402e-01
-1.438488125801086426e+00,-1.447778493165969849e-01
7.017387151718139648e-01,-8.982125520706176758e-01
-7.023332715034484863e-01,-1.177111625671386719e+00
-1.252150297164916992e+00,-9.244288206100463867e-01
-1.985730290412902832e+00,1.201129913330078125e+00
-7.858181595802307129e-01,-6.707543730735778809e-01
8.349709510803222656e-01,-6.934811472892761230e-01
9.440163373947143555e-01,-1.038645863533020020e+00
1.803354144096374512e+00,-2.317935228347778320e+00
-2.559544563293457031e+00,2.582054615020751953e+00
7.636342644691467285e-01,-1.148784756660461426e+00
-1.070924848318099976e-01,1.028449416160583496e+00
-1.259802222251892090e+00,4.459645450115203857e-01
-1.826532721519470215e+00,-3.209387362003326416e-01
7.758743762969970703e-01,-7.338792681694030762e-01
2.272614389657974243e-01,-8.247113823890686035e-01
1.629115939140319824e+00,-1.813963532447814941e+00
5.487254261970520020e-01,-4.020959436893463135e-01
-2.326650545001029968e-02,-9.926153421401977539e-01
-6.299077272415161133e-01,2.168443985283374786e-03
1.374173909425735474e-01,-1.573292136192321777e+00
4.113763868808746338e-01,-3.172869682312011719e-01
8.521993756294250488e-01,-6.954499483108520508e-01
1.212085008621215820e+00,-5.718377232551574707e-01
-4.082760214805603027e-01,4.463459253311157227e-01
7.768797278404235840e-01,-9.184632301330566406e-01
-1.353206038475036621e+00,1.321698069572448730e+00
5.017483234405517578e-01,-5.518098473548889160e-01
-1.765643715858459473e+00,-6.756120324134826660e-01
7.371456027030944824e-01,-8.558553457260131836e-01
-2.133500814437866211e+00,-3.745886385440826416e-01
1.832149028778076172e-01,-2.156927585601806641e-01
5.397626757621765137e-01,-3.528070636093616486e-03
9.717622399330139160e-01,-1.690199613571166992e+00
8.408781290054321289e-01,-8.247101902961730957e-01
3.519956469535827637e-01,-1.465628266334533691e+00
-1.110138535499572754e+00,-5.127726793289184570e-01
1.778833031654357910e+00,-3.499268770217895508e+00
-5.030422806739807129e-01,2.246251583099365234e+00
1.605314016342163086e+00,-1.787818670272827148e+00
7.937541007995605469e-01,-5.582848191261291504e-01
-1.578941106796264648e+00,-4.800986945629119873e-01
6.519537568092346191e-01,-1.041730046272277832e+00
-1.531707048416137695e-01,1.635612607002258301e+00
-3.557394742965698242e-01,1.422321319580078125e+00
9.823785424232482910e-01,-6.606690287590026855e-01
-7.375996559858322144e-03,1.486197590827941895e+00
3.021646738052368164e-01,-1.448613554239273071e-01
6.697713732719421387e-01,-2.253610938787460327e-01
-2.124061822891235352e+00,1.243919730186462402e+00
5.645272731781005859e-01,-8.031330704689025879e-01
1.154061406850814819e-01,1.227518320083618164e-01
-2.022790670394897461e+00,-1.097378134727478027e+00
1.458228975534439087e-01,-1.768649518489837646e-01
-3.288639783859252930e-01,-3.222180902957916260e-01
-9.620711207389831543e-02,1.009287595748901367e+00
-1.201409548521041870e-01,1.172842860221862793e+00
6.324355602264404297e-01,-8.694193363189697266e-01
-1.648482561111450195e+00,-7.140920758247375488e-01
1.305074453353881836e+00,-1.713967800140380859e+00
-8.265239000320434570e-02,-1.271219849586486816e+00
-1.607761144638061523e+00,2.662870168685913086e+00
4.121157526969909668e-01,-8.117092251777648926e-01
1.247271180152893066e+00,-5.593917369842529297e-01
-5.649703145027160645e-01,-4.553109705448150635e-01
-1.283862352371215820e+00,7.033450603485107422e-01
1.458228975534439087e-01,-1.768649518489837646e-01
1.055660009384155273e+00,-1.879395365715026855e+00
3.577184975147247314e-01,-1.046826004981994629e+00
-1.255249738693237305e+00,-1.005965709686279297e+00
-2.383468151092529297e+00,1.818199396133422852e+00
-1.807330012321472168e+00,-1.871146202087402344e+00
8.613735437393188477e-01,-1.674525499343872070e+00
1.743167996406555176e+00,-2.686688184738159180e+00
1.920002102851867676e+00,-2.227363109588623047e+00
5.209816694259643555e-01,-3.497164696455001831e-02
-9.249593615531921387e-01,-5.955492332577705383e-02
-1.357595250010490417e-02,-2.908681929111480713e-01
1.391529440879821777e-01,3.555338382720947266e-01
5.439625978469848633e-01,-2.168337106704711914e-01
3.032889962196350098e-01,2.955701351165771484e-01
2.078635215759277344e+00,1.295846343040466309e+00
7.934340834617614746e-01,-1.145425796508789062e+00
7.690014243125915527e-01,-7.974057793617248535e-01
4.127339124679565430e-01,4.613865911960601807e-01
7.407093644142150879e-01,-8.516694903373718262e-01
-6.243355274200439453e-01,-3.457956314086914062e-01
5.992592573165893555e-01,-7.302035689353942871e-01
1.681076884269714355e+00,1.457594037055969238e+00
1.272830963134765625e+00,-1.701017022132873535e+00
7.565498948097229004e-01,-4.028358161449432373e-01
-1.771343350410461426e-01,8.201926350593566895e-01
-3.045051991939544678e-01,1.799710392951965332e+00
-9.495189785957336426e-01,-1.612885743379592896e-01
-6.326389908790588379e-01,3.025743961334228516e-01
4.798307716846466064e-01,-1.469234943389892578e+00
3.058588206768035889e-01,-9.117063879966735840e-01
1.578152030706405640e-01,-5.903825759887695312e-01
-3.124122321605682373e-01,1.628172844648361206e-01
-1.832689166069030762e+00,-8.937308788299560547e-01
2.471050471067428589e-01,-2.533518970012664795e-01
-1.420162320137023926e+00,-2.003502547740936279e-01
1.237318158149719238e+00,-1.560131549835205078e+00
9.320170879364013672e-01,-4.195800125598907471e-01
-1.035916566848754883e+00,-9.755318611860275269e-02
5.082184672355651855e-01,-4.685971736907958984e-01
6.598496437072753906e-01,-8.129418492317199707e-01
6.569724678993225098e-01,-9.828682541847229004e-01
-2.134102344512939453e+00,-4.691789627075195312e+00
-1.453328490257263184e+00,-6.762743592262268066e-01
-3.206714689731597900e-01,4.835750460624694824e-01
8.075943589210510254e-01,-6.181693077087402344e-01
-3.987718001008033752e-02,6.754060387611389160e-01
-2.238806009292602539e+00,-3.582511544227600098e-01
-8.290395140647888184e-01,-3.149389326572418213e-01
7.401004433631896973e-01,-7.859666943550109863e-01
3.964886665344238281e-01,-2.237767279148101807e-01
1.947202980518341064e-01,1.068403244018554688e+00
-1.089870557188987732e-02,1.973979175090789795e-01
-2.587901115417480469e+00,-4.762506186962127686e-01
-3.965193331241607666e-01,-2.097418010234832764e-01
-9.559488892555236816e-01,-8.850207924842834473e-01
2.942658960819244385e-01,-1.019786238670349121e+00
9.823785424232482910e-01,-6.606690287590026855e-01
6.745975613594055176e-01,1.914092153310775757e-01
1.108889698982238770e+00,2.797412157058715820e+00
1.503665804862976074e+00,-1.370566725730895996e+00
1.153952255845069885e-01,-3.771624863147735596e-01
3.548574686050415039e+00,2.674663066864013672e+00
-9.704796671867370605e-01,-5.398001670837402344e-01
8.985745906829833984e-01,-1.687396883964538574e+00
5.930621027946472168e-01,-2.845017910003662109e-01
6.570023894309997559e-01,-1.485082507133483887e-01
-7.099081277847290039e-01,4.280446171760559082e-01
-5.891637802124023438e-01,3.308903217315673828e+00
-3.367025554180145264e-01,1.484345316886901855e+00
7.292469143867492676e-01,-4.189006388187408447e-01
-4.199666380882263184e-01,6.779149174690246582e-01
2.856033444404602051e-01,-1.605050414800643921e-01
7.463510036468505859e-01,-8.560053706169128418e-01
-2.559544563293457031e+00,2.582054615020751953e+00
9.789276123046875000e-02,-1.682400345802307129e+00
-1.091435194015502930e+00,-4.480102062225341797e-01
-1.452641248703002930e+00,1.440819025039672852e+00
9.721924364566802979e-02,-2.817794978618621826e-01
-2.082522630691528320e+00,1.597533345222473145e+00
1.461972832679748535e+00,-1.884774088859558105e+00
-1.551713585853576660e+00,-5.408235788345336914e-01
-9.109118580818176270e-01,-1.612769603729248047e+00
9.663411378860473633e-01,-8.083015084266662598e-01
1.690199598670005798e-02,-3.586682379245758057e-01
-9.789583086967468262e-01,-3.609078228473663330e-01
3.613100051879882812e-01,3.033289313316345215e-01
-9.629767537117004395e-01,1.419733643531799316e+00
-7.585812807083129883e-01,-1.407337374985218048e-03
3.860099315643310547e-01,-2.075717747211456299e-01
2.162486910820007324e-01,-5.863806009292602539e-01
-1.552950143814086914e+00,1.396831512451171875e+00
1.049900889396667480e+00,-1.553518891334533691e+00
-2.132585287094116211e+00,-3.492317199707031250e-01
8.810040950775146484e-01,-7.173334956169128418e-01
5.541165471076965332e-01,-2.800979092717170715e-02
9.972806572914123535e-01,-7.300122380256652832e-01
5.895946621894836426e-01,-1.907003223896026611e-01
5.930621027946472168e-01,-2.845017910003662109e-01
5.528625845909118652e-01,-1.291219353675842285e+00
8.990980684757232666e-02,1.662937253713607788e-01
8.498383760452270508e-01,-1.430340886116027832e+00
-1.091435194015502930e+00,-4.480102062225341797e-01
5.968042612075805664e-01,3.740776479244232178e-01
1.252452969551086426e+00,-1.762465953826904297e+00
2.653958797454833984e-01,-2.308409512042999268e-01
5.057146549224853516e-01,-8.282994031906127930e-01
-1.013879179954528809e+00,-9.940780401229858398e-01
9.329335093498229980e-01,-6.821841597557067871e-01
4.629270434379577637e-01,1.291017234325408936e-01
-5.179803967475891113e-01,-3.503449857234954834e-01
7.047511339187622070e-01,-8.805960416793823242e-01
8.535944223403930664e-01,3.707239329814910889e-01
6.910960078239440918e-01,-7.447107434272766113e-01
-7.760559320449829102e-01,7.149602472782135010e-02
7.492041587829589844e-01,-7.959077358245849609e-01
8.082607984542846680e-01,-1.735021233558654785e+00
-1.500838756561279297e+00,-4.463551938533782959e-01
5.823028087615966797e-01,-8.481646180152893066e-01
-4.175643622875213623e-01,-1.829026341438293457e+00
-3.643394410610198975e-01,1.001777887344360352e+00
-7.253030538558959961e-01,-1.583530545234680176e+00
-3.770841062068939209e-01,9.929451346397399902e-02
-4.894590079784393311e-01,-8.330951333045959473e-01
2.017955541610717773e+00,-2.238118648529052734e+00
5.975447297096252441e-01,-9.177637100219726562e-01
1.976241916418075562e-01,-9.313203692436218262e-01
1.649257183074951172e+00,9.495328068733215332e-01
-1.507521122694015503e-01,1.298609614372253418e+00
1.002264380455017090e+00,2.909693419933319092e-01
-3.094934463500976562e+00,-1.030480384826660156e+00
5.934046506881713867e-01,-9.920293688774108887e-01
-2.101308479905128479e-02,-8.945736289024353027e-01
6.061579585075378418e-01,-7.640035152435302734e-01
-3.023222386837005615e-01,1.271338582038879395e+00
-3.495063304901123047e+00,2.379649877548217773e+00
1.119237899780273438e+00,-1.617043852806091309e+00
-2.546972036361694336e+00,-1.751641631126403809e+00
-2.357529252767562866e-01,1.149811744689941406e+00
-1.054880619049072266e+00,-1.162469983100891113e-01
1.176230549812316895e+00,-6.303431987762451172e-01
-9.566830992698669434e-01,-7.853636145591735840e-02
6.068000793457031250e-01,2.592458426952362061e-01
-5.059662461280822754e-01,-1.494623184204101562e+00
-4.631376564502716064e-01,-3.085347712039947510e-01
1.201157689094543457e+00,3.044284343719482422e+00
8.430883884429931641e-01,-6.709707379341125488e-01
-9.298906922340393066e-01,-5.430051684379577637e-01
6.216393709182739258e-01,-1.388881653547286987e-01
4.595617055892944336e-01,3.598663806915283203e-01
7.839432358741760254e-01,-8.100978136062622070e-01
-8.183552026748657227e-01,-2.933009862899780273e-01
-1.948627829551696777e+00,1.490416169166564941e+00
-9.197869300842285156e-01,-9.792887419462203979e-02
-9.246707558631896973e-01,-1.065618451684713364e-02
2.005714178085327148e-02,-3.973970711231231689e-01
-4.390091001987457275e-01,4.673908650875091553e-01
8.544187992811203003e-03,2.198506355285644531e+00
-1.390754342079162598e+00,-1.733802556991577148e+00
-9.823084473609924316e-01,2.457001447677612305e+00
6.774516105651855469e-01,-1.141215205192565918e+00
1.596443951129913330e-01,1.108981132507324219e+00
5.374270677566528320e-01,-9.588175453245639801e-03
3.280669152736663818e-01,-5.769342184066772461e-01
1.213060617446899414e+00,-4.782437980175018311e-01
-1.026116728782653809e+00,-4.617745429277420044e-02
-9.206732511520385742e-01,-2.874249219894409180e+00
-2.267146483063697815e-02,-9.720427989959716797e-01
9.217829108238220215e-01,-1.603192806243896484e+00
-1.681909203529357910e+00,-1.215562582015991211e+00
-1.210302948951721191e+00,-1.956705152988433838e-01
-5.308715701103210449e-01,1.684679985046386719e+00
3.454490900039672852e-01,-1.994709074497222900e-01
1.932968497276306152e+00,2.794762611389160156e+00
4.390429705381393433e-03,3.745507448911666870e-02
7.736303210258483887e-01,-5.041681528091430664e-01
5.570310950279235840e-01,-3.247311413288116455e-01
6.754119992256164551e-01,-1.214069128036499023e+00
-3.409835100173950195e-01,5.264915227890014648e-01
-1.167943716049194336e+00,1.081710010766983032e-01
7.937541007995605469e-01,-5.582848191261291504e-01
6.346877813339233398e-01,2.367650568485260010e-01
-9.743452668190002441e-01,6.857736706733703613e-01
-6.835988759994506836e-01,1.777510344982147217e-01
-1.326696157455444336e+00,-3.860363662242889404e-01
-9.891249537467956543e-01,-9.021720886230468750e-01
-1.723979413509368896e-01,1.303628683090209961e-01
5.999689102172851562e-01,-9.122412204742431641e-01
6.540066599845886230e-01,-6.642199158668518066e-01
1.032255649566650391e+00,-1.846485972404479980e+00
-8.620046973228454590e-01,1.116968154907226562e+00
-1.619564294815063477e+00,-2.954020500183105469e-01
1.278739094734191895e+00,1.575665235519409180e+00
-3.727049529552459717e-01,-6.199915409088134766e-01
5.778195858001708984e-01,-3.187690675258636475e-02
2.782726474106311798e-02,-4.366786479949951172e-01
1.697055995464324951e-01,-1.195179939270019531e+00
-2.224476814270019531e+00,6.711218357086181641e-01
-8.979939222335815430e-01,-1.072863116860389709e-01
-1.456854492425918579e-01,-8.964117765426635742e-01
-3.038884639739990234e+00,8.551070690155029297e-01
7.435812950134277344e-01,-7.163691520690917969e-01
-2.051847696304321289e+00,-1.003440916538238525e-01
8.631221652030944824e-01,-6.941354870796203613e-01
-1.226596355438232422e+00,7.688854336738586426e-01
1.005703061819076538e-01,-6.322162747383117676e-01
9.137311577796936035e-02,3.408953547477722168e-01
7.493435144424438477e-01,4.456682503223419189e-01
5.940088629722595215e-01,-6.261541843414306641e-01
-1.241805195808410645e+00,6.702296733856201172e-01
5.530527830123901367e-01,-8.283647298812866211e-01
-4.175643622875213623e-01,-1.829026341438293457e+00
-1.800484061241149902e+00,-7.388020753860473633e-01
7.446656227111816406e-01,-6.192201375961303711e-01
1.826915591955184937e-01,-3.349387347698211670e-01
-3.600723147392272949e-01,-5.782498717308044434e-01
1.023721247911453247e-01,6.700943708419799805e-01
2.547245919704437256e-01,-2.217033803462982178e-01
-8.276242017745971680e-01,-1.563295006752014160e+00
3.608541786670684814e-01,-1.178856417536735535e-01
-4.058196842670440674e-01,-4.145403504371643066e-01
-1.079205870628356934e+00,-9.531493186950683594e-01
4.875233769416809082e-02,-4.187694191932678223e-02
6.632372140884399414e-01,-2.231290787458419800e-01
6.954497694969177246e-01,-9.489327669143676758e-01
2.465129345655441284e-01,-1.913307607173919678e-01
-3.769425749778747559e-01,6.288523674011230469e-01
-1.387098073959350586e+00,-3.862018287181854248e-01
2.407219648361206055e+00,9.555301666259765625e-01
-2.544984340667724609e+00,2.916628837585449219e+00
7.137435674667358398e-01,-7.864045500755310059e-01
-2.880256175994873047e-01,5.902280211448669434e-01
-4.990469515323638916e-01,-3.882314562797546387e-01
1.887001544237136841e-01,-6.093648672103881836e-01
1.460403501987457275e-01,2.189314365386962891e-01
-9.898771643638610840e-01,-6.114565134048461914e-01
2.620815038681030273e-01,4.645703360438346863e-02
5.698987245559692383e-01,-9.117108583450317383e-01
7.463510036468505859e-01,-8.560053706169128418e-01
5.098214745521545410e-01,5.525263547897338867e-01
8.612965941429138184e-01,-6.107814311981201172e-01
2.662327527999877930e+00,-2.436167716979980469e+00
7.368928790092468262e-01,-1.745945811271667480e+00
6.562727093696594238e-01,-7.995411157608032227e-01
-4.126458987593650818e-02,1.219906926155090332e+00
4.701294600963592529e-01,2.026559352874755859e+00
-1.040659308433532715e+00,-3.469081223011016846e-01
8.174561262130737305e-01,-7.406790852546691895e-01
-1.552950143814086914e+00,1.396831512451171875e+00
1.095271110534667969e+00,-4.922729134559631348e-01
-2.956748604774475098e-01,1.137433648109436035e-01
-1.049248933792114258e+00,8.641009032726287842e-02
-1.921527981758117676e+00,1.659741878509521484e+00
5.645272731781005859e-01,-8.031330704689025879e-01
8.162028789520263672e-01,-6.430498957633972168e-01
1.083572626113891602e+00,-1.498978018760681152e+00
-2.129597902297973633e+00,-5.059232115745544434e-01
2.061053067445755005e-01,-1.611591458320617676e+00
-1.190069079399108887e+00,-1.870681345462799072e-01
-3.184423744678497314e-01,-3.341063737869262695e+00
4.452442228794097900e-01,-1.375922203063964844e+00
2.106596976518630981e-01,-2.836019754409790039e+00
5.469706654548645020e-01,-8.275357484817504883e-01
-9.561110138893127441e-01,-6.926730871200561523e-01
-1.108109474182128906e+00,-6.546179652214050293e-01
8.328664302825927734e-02,-1.504694372415542603e-01
2.957400865852832794e-02,-2.901390790939331055e-01
-3.904272317886352539e-01,-1.531282216310501099e-01
-2.400506973266601562e+00,-2.676123753190040588e-02
2.162486910820007324e-01,-5.863806009292602539e-01
8.165119886398315430e-01,-2.201818227767944336e+00
1.181574344635009766e+00,9.129256010055541992e-01
-7.788478136062622070e-01,5.718857049942016602e-01
7.372316718101501465e-01,-1.220992803573608398e+00
-4.299024641513824463e-01,-2.831575274467468262e-01
1.083572626113891602e+00,-1.498978018760681152e+00
-9.559488892555236816e-01,-8.850207924842834473e-01
-3.968143761157989502e-01,-3.631785884499549866e-02
-7.562755346298217773e-01,5.019986629486083984e-01
-1.347862720489501953e+00,-6.395213603973388672e-01
-5.987641215324401855e-01,-5.479159951210021973e-01
-1.666633635759353638e-01,-2.512823581695556641e+00
-7.649661600589752197e-02,6.007885932922363281e-01
-1.562094449996948242e+00,1.026817917823791504e+00
-9.345792531967163086e-01,6.846674084663391113e-01
1.102063179016113281e+00,2.428259849548339844e+00
1.192489147186279297e+00,-3.954098463058471680e+00
4.914677143096923828e-02,-2.468407452106475830e-01
9.046286344528198242e-02,7.463022321462631226e-02
-9.999004006385803223e-01,1.008147954940795898e+00
8.847404122352600098e-01,-6.599352955818176270e-01
-2.883774042129516602e-01,5.520118474960327148e-01
5.905817747116088867e-01,3.328927792608737946e-03
3.316905498504638672e-01,-5.643179416656494141e-01
-5.958334803581237793e-01,5.257478356361389160e-01
1.251538872718811035e+00,2.595155715942382812e+00
-1.576015114784240723e+00,7.523372769355773926e-01
7.646288871765136719e-01,-1.751973390579223633e+00
9.703184962272644043e-01,-7.728477716445922852e-01
7.088079303503036499e-02,7.229919433593750000e-01
-5.925972461700439453e-01,-4.207911491394042969e-01
2.782726474106311798e-02,-4.366786479949951172e-01
-7.017716765403747559e-01,-3.001989126205444336e-01
8.150057792663574219e-01,-6.321771144866943359e-01
-1.605820775032043457e+00,6.523756310343742371e-04
6.353539824485778809e-01,2.514897584915161133e-01
6.444314122200012207e-02,-1.928279042243957520e+00
1.277805864810943604e-01,-3.028515875339508057e-01
-5.555459260940551758e-01,-6.815001368522644043e-01
6.684678196907043457e-01,-1.051015257835388184e+00
-9.378716945648193359e-01,-1.111438751220703125e+00
-7.462837696075439453e-01,-1.329565644264221191e+00
-1.742793083190917969e+00,-4.491610527038574219e-01
5.945385098457336426e-01,-1.053120851516723633e+00
-2.123637646436691284e-01,1.131650328636169434e+00
-9.431692361831665039e-01,-9.127910733222961426e-01
-4.211162030696868896e-01,-4.446880817413330078e-01
1.649257183074951172e+00,9.495328068733215332e-01
8.222182840108871460e-02,-1.940768003463745117e+00
-1.307803988456726074e+00,-1.378177851438522339e-01
-6.076655387878417969e-01,-3.584655821323394775e-01
2.878556251525878906e-01,6.846321374177932739e-02
-2.005663961172103882e-01,-1.714778840541839600e-01
8.813747167587280273e-01,-6.932327747344970703e-01
-7.503137588500976562e-01,-7.533206939697265625e-01
-1.043621659278869629e+00,-2.791371047496795654e-01
1.543284207582473755e-01,1.284577369689941406e+00
-4.250652194023132324e-01,6.276150345802307129e-01
6.376481652259826660e-01,1.526460409164428711e+00
-4.359782636165618896e-01,-1.061393022537231445e+00
7.626136392354965210e-02,1.642627000808715820e+00
6.326465010643005371e-01,-9.080323576927185059e-01
-2.571982383728027344e+00,-1.795237511396408081e-01
-5.478882789611816406e-01,6.047837734222412109e-01
1.138094067573547363e+00,-6.525829434394836426e-01
6.093367189168930054e-02,1.568325012922286987e-01
-1.607761144638061523e+00,2.662870168685913086e+00
-3.876320123672485352e-01,-2.033761739730834961e-01
-9.109118580818176270e-01,-1.612769603729248047e+00
1.111480593681335449e+00,-7.189347743988037109e-01
-6.287916302680969238e-01,-3.864482343196868896e-01
8.307347297668457031e-01,-3.320652544498443604e-01
4.961652755737304688e-01,-4.805361628532409668e-01
8.519222140312194824e-01,-1.669454276561737061e-01
1.457025855779647827e-01,-4.170719683170318604e-01
-6.790160536766052246e-01,9.470310807228088379e-01
2.343028336763381958e-01,1.994982510805130005e-01
-4.050459563732147217e-01,4.293385446071624756e-01
4.195041954517364502e-01,-6.184433698654174805e-01
-2.135633707046508789e+00,-2.425443977117538452e-01
-5.122933983802795410e-01,-8.130568861961364746e-01
5.833586454391479492e-01,-8.598459959030151367e-01
7.777785658836364746e-01,-9.299255013465881348e-01
1.205753564834594727e+00,-1.608993530273437500e+00
-1.139513373374938965e+00,-1.404523849487304688e+00
-4.287358373403549194e-03,-3.526237010955810547e-01
-3.167637065052986145e-02,-8.451408147811889648e-01
4.277644455432891846e-01,-1.593353152275085449e-01
-1.531707048416137695e-01,1.635612607002258301e+00
-7.070543766021728516e-01,-7.793986797332763672e-01
-1.176948308944702148e+00,8.658018708229064941e-01
-4.296343326568603516e-01,5.338841080665588379e-01
-1.560310602188110352e+00,6.176888942718505859e-01
-2.463956832885742188e+00,-6.742671728134155273e-01
6.962879300117492676e-01,-1.269482254981994629e+00
-8.007685542106628418e-01,-2.486934512853622437e-01
-5.058335065841674805e-01,-6.697019338607788086e-01
5.024415254592895508e-01,-1.182249426841735840e+00
-1.064339756965637207e+00,4.733194112777709961e-01
6.775792837142944336e-01,-8.784892559051513672e-01
-7.070543766021728516e-01,-7.793986797332763672e-01
7.804855704307556152e-01,-8.164991736412048340e-01
-1.270248889923095703e+00,-1.079688191413879395e+00
1.005787730216979980e+00,-5.070314407348632812e-01
-1.888987302780151367e+00,-6.834105849266052246e-01
2.084322214126586914e+00,-3.191272497177124023e+00
4.378921091556549072e-01,5.594756007194519043e-01
-1.871409177780151367e+00,1.560452878475189209e-01
6.499656438827514648e-01,-1.030719637870788574e+00
7.371456027030944824e-01,-8.558553457260131836e-01
-1.109693050384521484e+00,-5.816127061843872070e-01
5.827023983001708984e-01,-4.664882272481918335e-02
-1.656946778297424316e+00,2.037587404251098633e+00
-1.677132725715637207e+00,1.097775578498840332e+00
-3.023222386837005615e-01,1.271338582038879395e+00
-1.611609578132629395e+00,-2.346678495407104492e+00
9.217829108238220215e-01,-1.603192806243896484e+00
1.575668692588806152e+00,1.087052941322326660e+00
-6.134245395660400391e-01,-2.749172925949096680e+00
4.466873034834861755e-02,3.064822778105735779e-02
-2.057439833879470825e-01,1.905228346586227417e-01
-8.889405131340026855e-01,-3.549346327781677246e-01
8.078734874725341797e-01,-6.151921749114990234e-01
1.041408777236938477e+00,1.700423717498779297e+00
-1.684119105339050293e-01,-1.287696838378906250e+00
-1.172195911407470703e+00,-8.918768167495727539e-02
5.213263034820556641e-01,-2.513371467590332031e+00
-1.415767431259155273e+00,4.027337133884429932e-01
6.152176111936569214e-02,-5.536705628037452698e-02
-1.044049620628356934e+00,-7.562214881181716919e-02
-1.302799224853515625e+00,-1.317258924245834351e-01
1.715541183948516846e-01,-1.562142968177795410e-01
2.735601663589477539e-01,2.321190536022186279e-01
-9.632148146629333496e-01,9.054080843925476074e-01
1.212085008621215820e+00,-5.718377232551574707e-01
8.214263319969177246e-01,-1.546288967132568359e+00
-1.242937207221984863e+00,7.068639993667602539e-01
-2.959058046340942383e+00,-1.067420482635498047e+00
-2.337939739227294922e+00,1.110482454299926758e+00
-2.599903345108032227e+00,-3.017201662063598633e+00
1.602191686630249023e+00,5.947155356407165527e-01
8.146213293075561523e-01,-7.625132203102111816e-01
-6.648802161216735840e-01,-8.958899378776550293e-01
-1.915808677673339844e+00,-6.139022707939147949e-01
1.489326715469360352e+00,-1.030058979988098145e+00
1.731937527656555176e+00,4.716500043869018555e-01
-2.924381494522094727e+00,-1.797575116157531738e+00
-3.829872369766235352e+00,-4.196270704269409180e-01
-1.694774478673934937e-01,1.969324707984924316e+00
5.516591072082519531e-01,-8.702603578567504883e-01
-1.401841521263122559e+00,-1.263471841812133789e-01
-5.229003727436065674e-03,-1.815378852188587189e-02
7.211061120033264160e-01,-7.000277042388916016e-01
-2.281643152236938477e+00,1.282099604606628418e+00
8.374777436256408691e-01,-6.701973676681518555e-01
1.436312645673751831e-01,2.808325290679931641e-01
-1.915104985237121582e+00,3.485579788684844971e-01
1.323525980114936829e-02,-1.319765210151672363e+00
-3.915244638919830322e-01,-8.618347048759460449e-01
-5.163121595978736877e-02,-1.406881958246231079e-01
3.459440916776657104e-02,-3.848294615745544434e-01
-2.235649585723876953e+00,-2.298009395599365234e+00
2.438311837613582611e-02,9.026701003313064575e-02
3.233794271945953369e-01,-4.313109815120697021e-01
9.706041216850280762e-01,-7.414410114288330078e-01
9.500518441200256348e-01,-6.689059138298034668e-01
3.932542204856872559e-01,-3.913809359073638916e-01
-1.333865165710449219e+00,-6.434555053710937500e-01
1.139633059501647949e+00,-6.729930043220520020e-01
-1.306677579879760742e+00,-5.704452991485595703e-01
6.721101999282836914e-01,-1.062147140502929688e+00
-1.301376700401306152e+00,1.335212230682373047e+00
-2.027521133422851562e+00,9.387743473052978516e-01
-1.475194334983825684e+00,-3.849726915359497070e-01
-5.382334589958190918e-01,4.659972190856933594e-01
1.057039350271224976e-01,-1.224019527435302734e+00
-1.026116728782653809e+00,-4.617745429277420044e-02
-6.368072628974914551e-01,-4.164314568042755127e-01
-1.060406088829040527e+00,8.330867290496826172e-01
-1.007860660552978516e+00,6.272606253623962402e-01
1.141000032424926758e+00,8.264603614807128906e-01
-1.681919932365417480e+00,-1.531118512153625488e+00
1.969226747751235962e-01,-8.914683461189270020e-01
1.005851745605468750e+00,-8.084889650344848633e-01
9.351249933242797852e-01,-6.738064289093017578e-01
2.935802638530731201e-01,-6.003206595778465271e-02
4.941398203372955322e-01,9.163317084312438965e-01
-2.041897296905517578e+00,2.289119005203247070e+00
6.241078972816467285e-01,-9.199073910713195801e-01
-2.571982383728027344e+00,-1.795237511396408081e-01
-9.345792531967163086e-01,6.846674084663391113e-01
-1.297246456146240234e+00,6.108376383781433105e-01
-3.904272317886352539e-01,-1.531282216310501099e-01
-3.020011186599731445e+00,1.708275556564331055e+00
-1.219666004180908203e+00,-4.383778572082519531e-01
-9.588512778282165527e-01,-1.902992844581604004e+00
8.813747167587280273e-01,-6.932327747344970703e-01
-1.198418855667114258e+00,1.910947084426879883e+00
7.251792550086975098e-01,-2.040252834558486938e-01
3.278998434543609619e-01,8.895277380943298340e-01
-5.032399892807006836e-01,1.544206619262695312e+00
1.153952255845069885e-01,-3.771624863147735596e-01
2.005714178085327148e-02,-3.973970711231231689e-01
-6.627992987632751465e-01,-3.151432573795318604e-01
-1.605820775032043457e+00,6.523756310343742371e-04
5.677384734153747559e-01,-9.131809473037719727e-01
1.021097064018249512e+00,-9.878750443458557129e-01
-9.183480739593505859e-01,5.174093842506408691e-01
-3.432750701904296875e+00,-2.819664001464843750e+00
4.486621916294097900e-01,-9.073187708854675293e-01
1.178715825080871582e+00,-1.612376093864440918e+00
1.612781167030334473e+00,-9.019206166267395020e-01
2.271036952733993530e-01,2.100501358509063721e-01
5.393697619438171387e-01,-5.495539307594299316e-01
2.797517478466033936e-01,3.228490054607391357e-01
8.299606442451477051e-01,-7.056663036346435547e-01
-1.976569056510925293e+00,2.596683263778686523e+00
-1.828406810760498047e+00,-1.371472954750061035e+00
-1.153041601181030273e+00,-1.240601539611816406e+00
5.307947993278503418e-01,-8.551394939422607422e-01
4.764649569988250732e-01,-4.979357719421386719e-01
1.466715633869171143e-01,-3.863612115383148193e-01
7.000708580017089844e-01,-7.158765792846679688e-01
7.249155044555664062e-01,-3.290247201919555664e+00
-1.003131747245788574e+00,-2.714451551437377930e-01
-1.472009301185607910e+00,6.704708933830261230e-01
-1.126738190650939941e+00,-8.264498710632324219e-01
9.077883511781692505e-02,-3.748106658458709717e-01
6.548861861228942871e-01,-6.233054995536804199e-01
-4.450698494911193848e-01,6.293520331382751465e-01
4.390429705381393433e-03,3.745507448911666870e-02
7.243818640708923340e-01,-7.550532221794128418e-01
-1.314136505126953125e+00,-3.972635865211486816e-01
-1.752646803855895996e+00,-5.600681304931640625e-01
-4.250652194023132324e-01,6.276150345802307129e-01
1.596879214048385620e-01,-1.817322969436645508e+00
-2.224476814270019531e+00,6.711218357086181641e-01
-4.168111979961395264e-01,4.751213192939758301e-01
9.442245960235595703e-02,-2.159819602966308594e-01
-9.944093823432922363e-01,-8.800927996635437012e-01
8.230201154947280884e-02,-2.087834775447845459e-01
7.641413211822509766e-01,-6.254336237907409668e-01
6.424078345298767090e-01,-1.075027346611022949e+00
-1.942198723554611206e-03,-3.586997389793395996e-01
1.479681432247161865e-01,-2.322199642658233643e-01
-8.034095764160156250e-01,-7.942694425582885742e-01
7.450171113014221191e-01,-7.562650442123413086e-01
5.696953535079956055e-01,-8.784490227699279785e-01
-1.370825320482254028e-01,1.164049267768859863e+00
8.906765282154083252e-02,-9.617130160331726074e-01
-4.789538085460662842e-01,-3.660345077514648438e-01
-1.475194334983825684e+00,-3.849726915359497070e-01
5.185955762863159180e-01,-9.340379238128662109e-01
5.481888651847839355e-01,-9.108957648277282715e-01
7.176334261894226074e-01,-1.320870995521545410e+00
-2.047456651926040649e-01,-9.605652093887329102e-01
-1.020267844200134277e+00,3.190484941005706787e-01
-7.860866785049438477e-01,-2.182298749685287476e-01
-7.462837696075439453e-01,-1.329565644264221191e+00
1.272830963134765625e+00,-1.701017022132873535e+00
-2.691710710525512695e+00,1.112023234367370605e+00
-2.164044141769409180e+00,-1.610394239425659180e+00
7.510248422622680664e-01,-7.475885152816772461e-01
1.504281997680664062e+00,-2.415350377559661865e-01
-9.425204396247863770e-01,2.965424656867980957e-01
5.424883365631103516e-01,9.455601871013641357e-02
-1.200948834419250488e+00,6.939581632614135742e-01
1.828403949737548828e+00,-4.566190242767333984e-01
2.934032380580902100e-01,9.155316948890686035e-01
9.489691853523254395e-01,-1.076655268669128418e+00
-1.577844381332397461e+00,8.660824298858642578e-01
-1.524655938148498535e+00,-4.864160902798175812e-03
-1.219666004180908203e+00,-4.383778572082519531e-01
2.121716439723968506e-01,-1.645349860191345215e-01
8.792809247970581055e-01,-6.239144206047058105e-01
1.863317787647247314e-01,-2.596502006053924561e-01
5.848020315170288086e-01,-1.505502343177795410e+00
-1.286831974983215332e+00,-6.272039413452148438e-01
5.285303592681884766e-01,9.596663527190685272e-03
7.755309343338012695e-05,-9.656137228012084961e-02
-5.229003727436065674e-03,-1.815378852188587189e-02
8.591431975364685059e-01,3.425062596797943115e-01
-7.571205496788024902e-01,-3.767239749431610107e-01
5.712625980377197266e-01,-8.291230201721191406e-01
4.486621916294097900e-01,-9.073187708854675293e-01
-4.894590079784393311e-01,-8.330951333045959473e-01
-1.347716301679611206e-01,-6.776489019393920898e-01
7.127164602279663086e-01,-7.195013165473937988e-01
-4.440698623657226562e-01,-3.844729065895080566e-01
9.128235578536987305e-01,-2.129021406173706055e+00
-1.630607992410659790e-01,5.781278014183044434e-01
1.519705414772033691e+00,5.476475358009338379e-01
-1.130836486816406250e+00,-1.672986447811126709e-01
8.275607824325561523e-01,-6.618752479553222656e-01
7.372701168060302734e-01,1.133109331130981445e-01
7.964543104171752930e-01,1.872548222541809082e+00
1.655109226703643799e-01,-6.775962114334106445e-01
-6.161856651306152344e-01,1.276044845581054688e+00
-2.065584897994995117e+00,-7.597416043281555176e-01
4.798307716846466064e-01,-1.469234943389892578e+00
-5.379240512847900391e-01,-8.583672046661376953e-01
-7.111549377441406250e-03,7.248308658599853516e-01
5.370758175849914551e-01,-8.501021265983581543e-01
-9.977461695671081543e-01,-1.966494172811508179e-01
-3.283257782459259033e-01,1.662972450256347656e+00
-5.558378696441650391e-01,-4.481213092803955078e-01
1.851673871278762817e-01,-7.082692384719848633e-01
9.427003264427185059e-01,-6.462234258651733398e-01
-1.998815894126892090e+00,4.118583351373672485e-02
-1.355235576629638672e+00,-1.093343734741210938e+00
5.494139790534973145e-01,-5.842845439910888672e-01
-1.256790280342102051e+00,-1.065731287002563477e+00
6.754119992256164551e-01,-1.214069128036499023e+00
-3.394047260284423828e+00,-4.322936534881591797e-01
2.856134176254272461e-01,-1.030641555786132812e+00
-1.176948308944702148e+00,8.658018708229064941e-01
1.374173909425735474e-01,-1.573292136192321777e+00
8.245978355407714844e-01,-2.541722297668457031e+00
3.038105666637420654e-01,3.965063393115997314e-01
6.570023894309997559e-01,-1.485082507133483887e-01
-1.306180715560913086e+00,-6.863859891891479492e-01
1.040268778800964355e+00,-9.578366279602050781e-01
1.123338103294372559e+00,-5.391451716423034668e-01
2.668630778789520264e-01,2.638444006443023682e-01
4.919807612895965576e-01,-1.962412595748901367e+00
-3.120517432689666748e-01,-1.028569221496582031e+00
-7.109542191028594971e-02,-3.432608246803283691e-01
-1.785224318504333496e+00,-8.318488001823425293e-01
3.439872264862060547e-01,-1.114128232002258301e+00
1.181266754865646362e-01,-3.693678081035614014e-01
2.391424924135208130e-01,-1.222648501396179199e+00
-9.799006581306457520e-01,7.059401869773864746e-01
-4.079902768135070801e-01,-2.926066219806671143e-01
-9.168379902839660645e-01,-1.196348190307617188e+00
3.928855061531066895e-01,2.075836360454559326e-01
-6.360830068588256836e-01,-1.022925257682800293e+00
-1.672064810991287231e-01,2.054870843887329102e+00
-8.331239819526672363e-01,-1.568387269973754883e+00
-8.166356682777404785e-01,-7.571237087249755859e-01
1.499462276697158813e-01,4.500136151909828186e-02
1.349079251289367676e+00,-2.307294309139251709e-01
5.906834080815315247e-02,1.480803608894348145e+00
4.174476265907287598e-01,-9.584974050521850586e-01
-1.714356660842895508e+00,-1.366345763206481934e+00
6.082242354750633240e-02,1.811950802803039551e+00
3.522368967533111572e-01,-9.998262524604797363e-01
-9.069668054580688477e-01,-7.715099453926086426e-01
-1.385952234268188477e+00,-1.169202700257301331e-01
6.601216793060302734e-01,-9.656119942665100098e-01
-1.181140899658203125e+00,7.678389549255371094e-01
8.701201081275939941e-01,5.243979692459106445e-01
-2.005663961172103882e-01,-1.714778840541839600e-01
-9.287932515144348145e-01,-9.437716007232666016e-01
1.163746118545532227e+00,-2.116929888725280762e-01
-1.414682388305664062e+00,-6.442406773567199707e-01
-4.306546151638031006e-01,1.207103252410888672e+00
-1.119982957839965820e+00,5.973178744316101074e-01
9.049866199493408203e-01,-4.460359215736389160e-01
2.662327527999877930e+00,-2.436167716979980469e+00
-1.783833026885986328e+00,7.548975348472595215e-01
2.019984573125839233e-01,-6.091551184654235840e-01
-4.440124630928039551e-01,-3.173694014549255371e-02
-2.938224792480468750e+00,-1.113085865974426270e+00
-6.823640465736389160e-01,-3.189335763454437256e-01
3.577184975147247314e-01,-1.046826004981994629e+00
1.421319603919982910e+00,-3.497993230819702148e+00
-1.912773251533508301e+00,-1.605067849159240723e-01
-4.207099378108978271e-01,-7.431761622428894043e-01
1.029666423797607422e+00,7.793678641319274902e-01
-4.961394965648651123e-01,1.795461893081665039e+00
-2.741921186447143555e+00,1.364746928215026855e+00
5.163403153419494629e-01,2.893941104412078857e-01
-9.964845776557922363e-01,-9.353234171867370605e-01
-1.076901793479919434e+00,-5.268979668617248535e-01
-8.020960092544555664e-01,-4.781880080699920654e-01
3.116725087165832520e-01,-2.493569612503051758e+00
5.833586454391479492e-01,-8.598459959030151367e-01
-9.891249537467956543e-01,-9.021720886230468750e-01
-3.302543163299560547e-01,-6.947025060653686523e-01
-1.084820628166198730e+00,2.298184633255004883e+00
2.482721954584121704e-01,2.522396743297576904e-01
-1.656946778297424316e+00,2.037587404251098633e+00
-8.401041626930236816e-01,-9.725640416145324707e-01
-1.070711612701416016e+00,7.413988709449768066e-01
1.613044857978820801e+00,5.241634249687194824e-01
-9.937359392642974854e-02,-9.686536192893981934e-01
-4.268486201763153076e-01,-1.124754697084426880e-01
6.577981710433959961e-01,6.956387758255004883e-01
-2.038318961858749390e-01,3.834132432937622070e+00
-1.813161373138427734e+00,-7.398583292961120605e-01
7.492041587829589844e-01,-7.959077358245849609e-01
-1.213261127471923828e+00,-1.125992417335510254e+00
2.564032375812530518e-01,-1.958120107650756836e+00
1.049779891967773438e+00,-6.986898183822631836e-01
9.972806572914123535e-01,-7.300122380256652832e-01
1.087004542350769043e+00,1.114019155502319336e+00
1.340397834777832031e+00,-1.584389686584472656e+00
-7.862141132354736328e-01,-1.530441403388977051e+00
1.125918269157409668e+00,-1.823648095130920410e+00
-7.586787641048431396e-02,9.115155339241027832e-01
8.075187206268310547e-01,-7.366773486137390137e-01
-5.308715701103210449e-01,1.684679985046386719e+00
-1.081325113773345947e-01,-2.803938388824462891e-01
-2.284998744726181030e-01,5.486978292465209961e-01
7.336528897285461426e-01,-4.352708160877227783e-02
2.553681135177612305e-01,-1.081356883049011230e+00
-1.615706443786621094e+00,-6.275733113288879395e-01
-4.888287484645843506e-01,-3.153491914272308350e-01
-2.463956832885742188e+00,-6.742671728134155273e-01
-6.988028287887573242e-01,-2.599185705184936523e-01
-4.187432229518890381e-01,-2.423165440559387207e-01
-8.401041626930236816e-01,-9.725640416145324707e-01
-1.420162320137023926e+00,-2.003502547740936279e-01
-2.284998744726181030e-01,5.486978292465209961e-01
-1.112043142318725586e+00,-4.082760810852050781e-01
1.628886938095092773e+00,-1.760209202766418457e+00
-9.889269471168518066e-01,-1.852080523967742920e-01
8.991917967796325684e-01,-4.097131192684173584e-01
-1.283699512481689453e+00,3.455001115798950195e-01
8.074616193771362305e-01,-6.586537957191467285e-01
-3.585906028747558594e-01,1.432853698730468750e+00
3.957913517951965332e-01,-3.458623290061950684e-01
-2.549228906631469727e+00,1.308762788772583008e+00
8.931807279586791992e-01,-6.488856077194213867e-01
-5.943323969841003418e-01,-5.257917568087577820e-02
8.188600540161132812e-01,-9.062622189521789551e-01
-1.069262623786926270e+00,-5.830445289611816406e-01
-1.559972047805786133e+00,1.600205183029174805e+00
6.575595140457153320e-01,-7.882001996040344238e-01
4.268687218427658081e-03,3.437539190053939819e-02
6.696987748146057129e-01,-1.459893137216567993e-01
-1.307803988456726074e+00,-1.378177851438522339e-01
1.879902780055999756e-01,-7.812162637710571289e-01
7.486328482627868652e-01,7.681523561477661133e-01
5.940057635307312012e-01,-9.652187228202819824e-01
-5.300812125205993652e-01,5.357448458671569824e-01
8.527448177337646484e-01,-7.765428423881530762e-01
8.415389060974121094e-01,-7.148240804672241211e-01
3.392400145530700684e-01,-4.572594165802001953e-01
6.954497694969177246e-01,-9.489327669143676758e-01
1.178715825080871582e+00,-1.612376093864440918e+00
-1.579598665237426758e+00,-1.068990230560302734e+00
-1.062721252441406250e+00,3.717321529984474182e-02
-7.341930270195007324e-01,-2.030807018280029297e+00
1.898815751075744629e+00,1.271852970123291016e+00
-3.876320123672485352e-01,-2.033761739730834961e-01
-1.809429049491882324e+00,-1.177699677646160126e-02
-2.241272777318954468e-01,5.911198854446411133e-01
3.636172413825988770e-01,3.892035186290740967e-01
3.613100051879882812e-01,3.033289313316345215e-01
8.652737736701965332e-02,-1.643904685974121094e+00
-2.444063425064086914e+00,-1.034692645072937012e+00
4.768423736095428467e-01,4.145062446594238281e+00
-4.731138646602630615e-01,-8.000206351280212402e-01
-1.507521122694015503e-01,1.298609614372253418e+00
-5.505558490753173828e+00,4.098329842090606689e-01
-4.262993633747100830e-01,-5.656705498695373535e-01
-1.125218868255615234e+00,9.750877320766448975e-02
4.165135324001312256e-01,-2.323824912309646606e-01
-1.041493177413940430e+00,-4.370173513889312744e-01
-9.495189785957336426e-01,-1.612885743379592896e-01
-1.052045226097106934e+00,5.414365291595458984e+00
-2.161310464143753052e-01,1.155136942863464355e+00
-9.474815726280212402e-01,3.716985583305358887e-01
-2.550842761993408203e+00,-8.445953130722045898e-01
-8.353805541992187500e-01,-8.465285599231719971e-02
1.316134035587310791e-01,-2.573694884777069092e-01
-1.829138636589050293e+00,-2.282841801643371582e-01
5.571076869964599609e-01,-9.349437355995178223e-01
1.196023106575012207e+00,-1.485145568847656250e+00
-1.368866562843322754e+00,-6.241029500961303711e-02
7.008002996444702148e-01,-2.794118642807006836e+00
7.186352610588073730e-01,-1.151983380317687988e+00
7.275941967964172363e-01,-5.746232867240905762e-01
-1.604413539171218872e-01,-1.965191006660461426e+00
4.960367679595947266e-01,-7.815296649932861328e-01
-1.558829188346862793e+00,-1.220143437385559082e+00
1.507655143737792969e+00,-4.743367135524749756e-01
2.556610345840454102e+00,7.125880122184753418e-01
1.064735889434814453e+00,-1.296810388565063477e+00
1.956440806388854980e-01,1.596681833267211914e+00
2.782993614673614502e-01,-7.558656930923461914e-01
-2.691710710525512695e+00,1.112023234367370605e+00
-1.435067892074584961e+00,-1.678144097328186035e+00
1.478486180305480957e+00,1.811381936073303223e+00
1.154061406850814819e-01,1.227518320083618164e-01
7.661613076925277710e-02,-3.230922669172286987e-02
8.987048268318176270e-01,3.675985336303710938e+00
4.861374497413635254e-01,2.906777262687683105e-01
-4.798465669155120850e-01,-4.371467828750610352e-01
-4.323543906211853027e-01,-6.852372288703918457e-01
2.525355517864227295e-01,-1.209299564361572266e+00
2.834798097610473633e-01,2.745012342929840088e-01
2.273207902908325195e-02,-2.114082574844360352e-01
-4.660697653889656067e-02,-1.645153909921646118e-01
1.610090970993041992e+00,2.142509698867797852e+00
-2.599240303039550781e+00,1.435188531875610352e+00
8.958444595336914062e-01,-6.800067424774169922e-01
-2.164044141769409180e+00,-1.610394239425659180e+00
4.158798456192016602e-01,-4.316072762012481689e-01
-1.287836790084838867e+00,-2.810556411743164062e+00
7.677167654037475586e-01,-6.870154738426208496e-01
-1.639179229736328125e+00,-3.808804154396057129e-01
-9.901539683341979980e-01,-9.214102029800415039e-01
5.308100581169128418e-01,-8.764531016349792480e-01
7.000708580017089844e-01,-7.158765792846679688e-01
9.914388060569763184e-01,-1.896487832069396973e+00
7.713524103164672852e-01,1.381276845932006836e-01
-3.379335403442382812e-01,1.999476671218872070e+00
-1.279354095458984375e+00,1.166165471076965332e+00
-1.491187214851379395e+00,2.911102958023548126e-03
-5.204354524612426758e-01,6.115494966506958008e-01
7.785656452178955078e-01,-8.182656168937683105e-01
-5.558378696441650391e-01,-4.481213092803955078e-01
7.754492759704589844e-01,6.987741589546203613e-02
8.049006015062332153e-02,1.072231903672218323e-01
1.944815278053283691e+00,2.062688112258911133e+00
-2.097296714782714844e+00,-3.463906764984130859e+00
1.928325593471527100e-01,-6.519931554794311523e-01
-9.803443551063537598e-01,-6.989111900329589844e-01
1.778833031654357910e+00,-3.499268770217895508e+00
7.072960734367370605e-01,-8.265675306320190430e-01
3.274451494216918945e-01,-8.553310036659240723e-01
7.198041677474975586e-01,-8.538721203804016113e-01
1.292349219322204590e+00,-1.683969020843505859e+00
7.480712532997131348e-01,-7.769896388053894043e-01
-1.001814603805541992e-01,1.354871034622192383e+00
9.206604957580566406e-01,-3.475567579269409180e+00
3.904303610324859619e-01,-9.575398564338684082e-01
-3.288639783859252930e-01,-3.222180902957916260e-01
-1.387098073959350586e+00,-3.862018287181854248e-01
4.859056770801544189e-01,-1.222052216529846191e+00
4.941398203372955322e-01,9.163317084312438965e-01
2.179306000471115112e-01,-3.977664411067962646e-01
5.744252204895019531e-01,-5.986537933349609375e-01
1.555379033088684082e+00,1.195368170738220215e+00
1.372074246406555176e+00,3.312663555145263672e+00
1.308497786521911621e-01,-4.606727957725524902e-01
-1.985362648963928223e+00,-2.301879972219467163e-01
1.479681432247161865e-01,-2.322199642658233643e-01
4.645163118839263916e-01,3.971359133720397949e-02
-9.652575850486755371e-01,2.782832384109497070e+00
1.089725375175476074e+00,2.503011465072631836e+00
6.888114213943481445e-01,1.041496917605400085e-01
-1.888987302780151367e+00,-6.834105849266052246e-01
7.938169836997985840e-01,-1.588684558868408203e+00
2.274807542562484741e-01,-1.291717410087585449e+00
-1.110138535499572754e+00,-5.127726793289184570e-01
-3.783323049545288086e+00,-2.595306336879730225e-01
1.066813588142395020e+00,-1.972840726375579834e-02
2.966497838497161865e-01,-9.997778534889221191e-01
3.928855061531066895e-01,2.075836360454559326e-01
-3.930132091045379639e-01,-2.050476372241973877e-01
6.730491518974304199e-01,-7.285975217819213867e-01
-4.315402507781982422e-01,1.314666587859392166e-02
2.814726591110229492e+00,6.111896634101867676e-01
-1.077881813049316406e+00,-6.529275178909301758e-01
7.754069566726684570e-01,-2.864910662174224854e-01
1.463263630867004395e+00,7.557876110076904297e-01
-3.238686323165893555e+00,3.708074092864990234e-01
4.119388759136199951e-01,-4.400641322135925293e-01
-2.332094192504882812e+00,-2.987361848354339600e-01
4.289566278457641602e-01,-9.256429970264434814e-02
8.307347297668457031e-01,-3.320652544498443604e-01
5.773743391036987305e-01,6.262097358703613281e-01
-9.243065118789672852e-01,1.083015084266662598e+00
6.697713732719421387e-01,-2.253610938787460327e-01
1.740549325942993164e+00,-2.717824697494506836e+00
-5.666052103042602539e-01,-2.583104074001312256e-01
-1.264204621315002441e+00,2.321153730154037476e-01
-2.975081205368041992e-01,5.754243731498718262e-01
-1.303977221250534058e-01,-3.119206726551055908e-01
1.067871600389480591e-01,-1.465407967567443848e+00
1.976241916418075562e-01,-9.313203692436218262e-01
-9.183480739593505859e-01,5.174093842506408691e-01
6.311174482107162476e-03,5.386590026319026947e-03
7.309008240699768066e-01,-7.446255087852478027e-01
1.013223052024841309e+00,-5.866152644157409668e-01
5.997442007064819336e-01,-1.263083577156066895e+00
8.275607824325561523e-01,-6.618752479553222656e-01
-1.518922299146652222e-01,1.003429144620895386e-01
-5.132749676704406738e-01,-6.253305673599243164e-01
-1.087164402008056641e+00,7.213453054428100586e-01
9.985570609569549561e-02,-2.649182081222534180e-01
-1.127917408943176270e+00,-3.715900182723999023e-01
1.832149028778076172e-01,-2.156927585601806641e-01
4.875233769416809082e-02,-4.187694191932678223e-02
-3.279626965522766113e-01,-2.482003569602966309e-01
-3.730405867099761963e-01,-5.995449423789978027e-01
9.904825687408447266e-01,-1.893165826797485352e+00
-3.809903562068939209e-01,5.467274188995361328e-01
2.343028336763381958e-01,1.994982510805130005e-01
5.494139790534973145e-01,-5.842845439910888672e-01
5.834941267967224121e-01,-1.040808677673339844e+00
-1.281560659408569336e+00,-1.149504929780960083e-01
5.163403153419494629e-01,2.893941104412078857e-01
-2.893144190311431885e-01,1.629610776901245117e+00
-1.989391446113586426e+00,2.283907890319824219e+00
-6.243355274200439453e-01,-3.457956314086914062e-01
-2.236241847276687622e-01,1.817023634910583496e+00
6.530739665031433105e-01,-7.434991002082824707e-02
-7.451577186584472656e-01,-9.964127540588378906e-01
1.251538872718811035e+00,2.595155715942382812e+00
-1.187647819519042969e+00,7.561230659484863281e-01
-2.971169054508209229e-01,-1.929266899824142456e-01
9.427003264427185059e-01,-6.462234258651733398e-01
-1.173144221305847168e+00,-7.657244801521301270e-01
5.258966088294982910e-01,-5.595243722200393677e-02
2.471050471067428589e-01,-2.533518970012664795e-01
2.010427713394165039e+00,-2.719575539231300354e-03
8.415389060974121094e-01,-7.148240804672241211e-01
4.914677143096923828e-02,-2.468407452106475830e-01
6.856939196586608887e-01,-7.885558605194091797e-01
7.884246110916137695e-02,-3.236354887485504150e-01
4.985249340534210205e-01,-8.779633641242980957e-01
5.474682450294494629e-01,-8.451524972915649414e-01
7.547748684883117676e-01,-7.509410977363586426e-01
2.460593283176422119e-01,-1.111774206161499023e+00
-2.390611886978149414e+00,2.024908781051635742e+00
1.715541183948516846e-01,-1.562142968177795410e-01
-1.018915772438049316e+00,-1.714661419391632080e-01
9.206604957580566406e-01,-3.475567579269409180e+00
7.179043292999267578e-01,-7.673635482788085938e-01
-1.079136013984680176e+00,-1.346257209777832031e+00
1.447673797607421875e+00,-4.508236646652221680e-01
6.577323079109191895e-01,-6.614977121353149414e-01
-6.972618699073791504e-01,2.419202566146850586e+00
2.658660709857940674e-01,6.588057875633239746e-01
-1.223575353622436523e+00,-2.073242902755737305e+00
-1.915808677673339844e+00,-6.139022707939147949e-01
-8.020960092544555664e-01,-4.781880080699920654e-01
-5.138642191886901855e-01,-5.236655473709106445e-01
-3.104109764099121094e-01,5.604233741760253906e-01
-2.787496522068977356e-02,-1.800743341445922852e+00
-1.624798774719238281e+00,-1.261809617280960083e-01
2.657749056816101074e-01,-8.428209424018859863e-01
-5.185308456420898438e-01,-2.268221378326416016e-01
1.244885325431823730e+00,-1.355315327644348145e+00
-3.261823654174804688e-01,1.820969581604003906e-02
-9.824525713920593262e-01,-3.652605414390563965e-01
-4.856563508510589600e-01,-3.581292927265167236e-01
-1.086537361145019531e+00,-1.608821898698806763e-01
-1.283862352371215820e+00,7.033450603485107422e-01
6.919829845428466797e-01,-7.311580181121826172e-01
8.733311891555786133e-01,2.427466392517089844e+00
7.292469143867492676e-01,-4.189006388187408447e-01
5.323502421379089355e-01,-6.544673442840576172e-02
-3.295099735260009766e+00,-1.169270753860473633e+00
-3.410758972167968750e+00,8.935830593109130859e-01
-9.243065118789672852e-01,1.083015084266662598e+00
-1.606027483940124512e+00,-4.293042235076427460e-03
-1.486313104629516602e+00,1.797457933425903320e+00
1.620958447456359863e-01,-3.197436928749084473e-01
3.924905955791473389e-01,-8.466755151748657227e-01
6.614112257957458496e-01,-9.625236988067626953e-01
-8.617275357246398926e-01,1.913504719734191895e+00
5.454021096229553223e-01,-8.719086050987243652e-01
1.435897231101989746e+00,-1.901280641555786133e+00
1.164915084838867188e+00,-4.921877384185791016e-01
-8.983662128448486328e-01,6.735541224479675293e-01
-2.165383577346801758e+00,-2.543574273586273193e-01
4.861374497413635254e-01,2.906777262687683105e-01
5.999689102172851562e-01,-9.122412204742431641e-01
-1.252150297164916992e+00,-9.244288206100463867e-01
5.793334245681762695e-01,-8.871881365776062012e-01
6.879636645317077637e-01,-2.338373214006423950e-01
-5.744123458862304688e-01,-3.639771342277526855e-01
-4.464492499828338623e-01,9.911381602287292480e-01
1.268479108810424805e+00,1.169100403785705566e+00
-1.376984000205993652e+00,1.447456717491149902e+00
1.463117718696594238e+00,-3.942069053649902344e+00
-1.589080810546875000e+00,-7.586491703987121582e-01
8.299606442451477051e-01,-7.056663036346435547e-01
9.489691853523254395e-01,-1.076655268669128418e+00
-9.217966198921203613e-01,2.982575818896293640e-02
-1.331337928771972656e+00,-6.061181426048278809e-01
-1.091480374336242676e+00,1.569658279418945312e+00
4.452442228794097900e-01,-1.375922203063964844e+00
-3.520549461245536804e-02,-3.627139031887054443e-01
-5.038880705833435059e-01,-1.757290810346603394e-01
-9.431692361831665039e-01,-9.127910733222961426e-01
-4.581159651279449463e-01,-3.773181736469268799e-01
8.350719809532165527e-01,-7.066026926040649414e-01
-1.126738190650939941e+00,-8.264498710632324219e-01
1.318112850189208984e+00,-1.994544029235839844e+00
8.708902597427368164e-01,-1.744999885559082031e+00
5.583342313766479492e-01,-7.416125535964965820e-01
7.511825561523437500e-01,-7.334384918212890625e-01
-1.629817008972167969e+00,-1.189793825149536133e+00
-1.796999201178550720e-02,-9.658152461051940918e-01
-6.270164847373962402e-01,1.520086050033569336e+00
1.183879375457763672e+00,3.488935530185699463e-01
-1.714356660842895508e+00,-1.366345763206481934e+00
-8.405306935310363770e-01,1.999745607376098633e+00
1.064735889434814453e+00,-1.296810388565063477e+00
-9.029664099216461182e-02,1.062042236328125000e+00
1.575668692588806152e+00,1.087052941322326660e+00
1.088609695434570312e+00,-5.222333669662475586e-01
-9.220255613327026367e-01,6.832868456840515137e-01
-9.805769324302673340e-01,-7.900206446647644043e-01
-8.108853697776794434e-01,-9.232005476951599121e-02
-3.045051991939544678e-01,1.799710392951965332e+00
-1.019266247749328613e+00,-8.733733296394348145e-01
-2.991106510162353516e+00,1.123219490051269531e+00
9.802392125129699707e-01,-7.541399598121643066e-01
-2.097342014312744141e+00,-9.201690554618835449e-01
1.954850673675537109e+00,-2.569093704223632812e+00
-1.210302948951721191e+00,-1.956705152988433838e-01
1.183879375457763672e+00,3.488935530185699463e-01
6.577323079109191895e-01,-6.614977121353149414e-01
-1.713491082191467285e+00,-7.221582531929016113e-01
6.131471395492553711e-01,-6.145103573799133301e-01
8.055636286735534668e-01,-7.365835309028625488e-01
9.507921934127807617e-01,-1.846480250358581543e+00
5.439625978469848633e-01,-2.168337106704711914e-01
6.491684913635253906e-01,-9.538663029670715332e-01
7.127008438110351562e-01,-8.465285301208496094e-01
5.991179943084716797e-01,-8.630830645561218262e-01
3.454490900039672852e-01,-1.994709074497222900e-01
-1.809429049491882324e+00,-1.177699677646160126e-02
8.188600540161132812e-01,-9.062622189521789551e-01
-4.394904077053070068e-01,-8.068925142288208008e-01
8.578759431838989258e-01,-1.045750141143798828e+00
-4.799553453922271729e-01,-2.209569364786148071e-01
-1.077033042907714844e+00,7.560104131698608398e-02
2.565785169601440430e+00,3.301726818084716797e+00
5.902567505836486816e-01,-9.470604658126831055e-01
-3.874511122703552246e-01,6.006021499633789062e-01
2.826727628707885742e-01,9.676350355148315430e-01
-5.020995140075683594e-01,2.178471088409423828e+00
-5.038880705833435059e-01,-1.757290810346603394e-01
6.899600028991699219e-01,-1.268797874450683594e+00
-4.844027459621429443e-01,-3.113232254981994629e-01
9.171824455261230469e-01,-5.122041702270507812e-01
4.580791294574737549e-01,-5.654737353324890137e-01
3.932542204856872559e-01,-3.913809359073638916e-01
-6.972618699073791504e-01,2.419202566146850586e+00
-7.081553936004638672e-01,5.356116592884063721e-02
9.930175542831420898e-01,4.468146264553070068e-01
1.444155573844909668e-01,-3.724147081375122070e-01
1.110017538070678711e+00,6.786975264549255371e-01
-1.226805090904235840e+00,5.142781734466552734e-01
-2.826074123382568359e+00,1.509316444396972656e+00
8.515518307685852051e-01,-7.141146659851074219e-01
1.352339506149291992e+00,2.458567619323730469e+00
8.515518307685852051e-01,-7.141146659851074219e-01
5.414541959762573242e-01,-8.498536348342895508e-01
5.598411560058593750e-01,-6.479588150978088379e-01
6.657905578613281250e-01,-6.143396496772766113e-01
-1.084718227386474609e+00,-3.696715831756591797e-01
1.317400634288787842e-01,-2.577152550220489502e-01
-3.728291392326354980e-01,-2.607966065406799316e-01
-2.203988552093505859e+00,4.030200004577636719e+00
-4.150730073451995850e-01,-1.064764633774757385e-01
-9.076754450798034668e-01,-8.073058128356933594e-01
1.578152030706405640e-01,-5.903825759887695312e-01
7.884246110916137695e-02,-3.236354887485504150e-01
5.213263034820556641e-01,-2.513371467590332031e+00
8.230201154947280884e-02,-2.087834775447845459e-01
-1.394907236099243164e+00,7.307246327400207520e-01
1.835529357194900513e-01,-1.437038183212280273e+00
3.569789230823516846e-01,1.173467338085174561e-01
7.749763727188110352e-01,-7.056320905685424805e-01
-4.461570456624031067e-02,7.897544652223587036e-02
7.072960734367370605e-01,-8.265675306320190430e-01
-4.935574829578399658e-01,1.512959361076354980e+00
4.701294600963592529e-01,2.026559352874755859e+00
-1.163011431694030762e+00,-3.998565971851348877e-01
-9.419059753417968750e-01,-8.741161227226257324e-02
5.948754549026489258e-01,-8.621097803115844727e-01
-6.596757769584655762e-01,-3.921206593513488770e-01
-7.414319515228271484e-01,-6.762835979461669922e-01
-1.134456753730773926e+00,4.582754671573638916e-01
1.489326715469360352e+00,-1.030058979988098145e+00
4.957003891468048096e-01,-5.182717442512512207e-01
4.593719542026519775e-01,-9.864610433578491211e-01
8.733311891555786133e-01,2.427466392517089844e+00
-2.444063425064086914e+00,-1.034692645072937012e+00
8.691039681434631348e-02,-2.702724039554595947e-01
-5.992193222045898438e-01,-1.409229338169097900e-01
1.381625056266784668e+00,-2.184840440750122070e+00
-2.193720579147338867e+00,1.146415829658508301e+00
-1.168027877807617188e+00,-2.524951696395874023e-01
-1.539083123207092285e+00,-1.215725183486938477e+00
6.586436182260513306e-02,1.003658622503280640e-01
6.068000793457031250e-01,2.592458426952362061e-01
5.599116683006286621e-01,-3.642851710319519043e-01
1.627279162406921387e+00,-2.131140232086181641e+00
-1.079136013984680176e+00,-1.346257209777832031e+00
-1.001978993415832520e+00,6.456079483032226562e-01
-9.389584064483642578e-01,2.141007661819458008e+00
6.666738390922546387e-01,5.919454693794250488e-01
7.834455370903015137e-01,-8.687505722045898438e-01
4.344103634357452393e-01,-1.553318858146667480e+00
7.872524857521057129e-01,-8.133708834648132324e-01
-1.297806620597839355e+00,8.569889664649963379e-01
-1.872140526771545410e+00,-8.422845602035522461e-01
-4.495378494262695312e+00,-2.627671062946319580e-01
-7.109542191028594971e-02,-3.432608246803283691e-01
2.416168898344039917e-01,-2.519825994968414307e-01
-5.392858386039733887e-01,4.589526951313018799e-01
-1.696714758872985840e+00,-8.142257928848266602e-01
1.305245980620384216e-02,1.127709865570068359e+00
-1.099775075912475586e+00,-1.175848469138145447e-01
2.061053067445755005e-01,-1.611591458320617676e+00
-2.134102344512939453e+00,-4.691789627075195312e+00
1.440088033676147461e+00,2.821466028690338135e-01
5.278366804122924805e-01,-1.166296243667602539e+00
-1.180550932884216309e+00,-5.376878380775451660e-01
6.967121958732604980e-01,-1.411477327346801758e+00
7.785656452178955078e-01,-8.182656168937683105e-01
5.037664771080017090e-01,1.622931510210037231e-01
8.691039681434631348e-02,-2.702724039554595947e-01
-3.177375078201293945e+00,-2.138522624969482422e+00
8.766676783561706543e-01,-3.650103509426116943e-01
-4.176245629787445068e-01,-7.985113263130187988e-01
-1.665147423744201660e+00,-1.232665777206420898e+00
2.481372058391571045e-01,-8.330425620079040527e-01
-3.136434555053710938e+00,-1.155186295509338379e+00
-8.108853697776794434e-01,-9.232005476951599121e-02
6.003109216690063477e-01,4.008302688598632812e-01
-4.482283890247344971e-01,-8.061012029647827148e-01
2.776595950126647949e-01,-1.513625860214233398e+00
-7.375996559858322144e-03,1.486197590827941895e+00
-3.320413529872894287e-01,-5.738319754600524902e-01
-4.207572042942047119e-01,-2.318421453237533569e-01
-7.586787641048431396e-02,9.115155339241027832e-01
-9.964308142662048340e-01,6.776918768882751465e-01
2.849715352058410645e-01,-1.096556425094604492e+00
6.526041626930236816e-01,-6.354923248291015625e-01
-2.227167934179306030e-01,-8.110455870628356934e-01
-2.281643152236938477e+00,1.282099604606628418e+00
-7.111549377441406250e-03,7.248308658599853516e-01
9.021288156509399414e-01,-5.518894791603088379e-01
-1.518922299146652222e-01,1.003429144620895386e-01
5.992592573165893555e-01,-7.302035689353942871e-01
1.197610348463058472e-01,-2.644612789154052734e-01
-1.448892116546630859e+00,-5.121273994445800781e-01
-1.153041601181030273e+00,-1.240601539611816406e+00
1.202892184257507324e+00,2.230334758758544922e+00
-3.065647184848785400e-01,5.283672809600830078e-01
1.247271180152893066e+00,-5.593917369842529297e-01
8.544187992811203003e-03,2.198506355285644531e+00
-1.138077020645141602e+00,-1.035807371139526367e+00
2.649076461791992188e+00,1.319177150726318359e+00
6.376481652259826660e-01,1.526460409164428711e+00
-1.022418618202209473e+00,3.325709141790866852e-03
-2.866632863879203796e-02,-1.542484402656555176e+00
1.381625056266784668e+00,-2.184840440750122070e+00
-3.368500769138336182e-01,-2.136292606592178345e-01
4.121157526969909668e-01,-8.117092251777648926e-01
-1.604413539171218872e-01,-1.965191006660461426e+00
1.252973675727844238e+00,-1.648510336875915527e+00
1.217118859291076660e+00,-1.380796194076538086e+00
2.077308595180511475e-01,-4.096448123455047607e-01
-8.532125949859619141e-01,7.344710230827331543e-01
2.628453075885772705e-01,4.157619774341583252e-01
-2.242219448089599609e+00,-1.711364626884460449e+00
2.643975429236888885e-02,-1.706808686256408691e+00
1.444155573844909668e-01,-3.724147081375122070e-01
4.321484565734863281e-01,2.574022710323333740e-01
-4.202148914337158203e-01,-9.500886499881744385e-02
3.390640616416931152e-01,-2.700556218624114990e-01
-2.403312444686889648e+00,-9.884040951728820801e-01
-1.592878252267837524e-03,-1.789635270833969116e-01
-3.360113874077796936e-02,9.592300057411193848e-01
-4.984020069241523743e-02,1.095181345939636230e+00
-6.583676934242248535e-01,-8.553092181682586670e-02
-1.099775075912475586e+00,-1.175848469138145447e-01
5.598411560058593750e-01,-6.479588150978088379e-01
-2.400506973266601562e+00,-2.676123753190040588e-02
2.653958797454833984e-01,-2.308409512042999268e-01
6.123846173286437988e-01,-5.898670554161071777e-01
2.856134176254272461e-01,-1.030641555786132812e+00
-1.157583594322204590e+00,-6.161828339099884033e-02
1.288389563560485840e-01,9.226552397012710571e-02
-1.762220978736877441e+00,1.222771286964416504e+00
-9.500570893287658691e-01,7.642710208892822266e-01
-1.564548492431640625e+00,8.351403474807739258e-01
1.171694397926330566e+00,-1.830462217330932617e+00
-1.167943716049194336e+00,1.081710010766983032e-01
8.253492116928100586e-01,-4.357401728630065918e-01
-2.522684037685394287e-01,1.747854232788085938e+00
-8.459355831146240234e-01,-1.768991708755493164e+00
-1.274648904800415039e+00,-7.180187702178955078e-01
-5.620267391204833984e-01,1.771573185920715332e+00
-1.002783179283142090e-01,2.058862924575805664e+00
2.553681135177612305e-01,-1.081356883049011230e+00
8.743093013763427734e-01,-9.705428481101989746e-01
-6.911796331405639648e-01,-2.643373608589172363e-01
7.501009702682495117e-01,-8.028700351715087891e-01
2.045237541198730469e+00,-2.479942083358764648e+00
6.598496437072753906e-01,-8.129418492317199707e-01
2.582185566425323486e-01,-1.331233263015747070e+00
5.840616822242736816e-01,-8.977904319763183594e-01
8.145726323127746582e-01,-1.302595853805541992e+00
-4.282966852188110352e-01,-1.264943361282348633e+00
1.265061497688293457e+00,-1.612360596656799316e+00
-5.144919753074645996e-01,3.245966732501983643e-01
8.770946264266967773e-01,-6.519327759742736816e-01
-3.394047260284423828e+00,-4.322936534881591797e-01
1.197610348463058472e-01,-2.644612789154052734e-01
-4.423139393329620361e-01,5.865504741668701172e-01
-1.450117304921150208e-02,1.776061415672302246e+00
-8.183552026748657227e-01,-2.933009862899780273e-01
-8.331239819526672363e-01,-1.568387269973754883e+00
-1.988356262445449829e-01,1.216465353965759277e+00
2.685688734054565430e-01,1.975419223308563232e-01
5.868722796440124512e-01,-6.627908349037170410e-01
-2.332094192504882812e+00,-2.987361848354339600e-01
7.755309343338012695e-05,-9.656137228012084961e-02
-8.793255686759948730e-01,-1.371523141860961914e+00
-7.242869734764099121e-01,1.244430065155029297e+00
7.840446233749389648e-01,-1.429955959320068359e+00
2.078635215759277344e+00,1.295846343040466309e+00
1.495204925537109375e+00,2.531435251235961914e+00
-1.053911685943603516e+00,-1.558548770844936371e-02
5.349265336990356445e-01,-8.407087922096252441e-01
6.008190512657165527e-01,9.441302157938480377e-03
6.172451376914978027e-01,2.348480075597763062e-01
5.354092717170715332e-01,5.977404117584228516e-02
-7.451577186584472656e-01,-9.964127540588378906e-01
2.686533927917480469e-01,-8.639542460441589355e-01
-2.062019556760787964e-01,3.778476119041442871e-01
-1.807330012321472168e+00,-1.871146202087402344e+00
3.089420199394226074e-01,2.723616659641265869e-01
-1.276224374771118164e+00,-9.396967887878417969e-01
-2.421802520751953125e+00,-1.915807485580444336e+00
-2.369590044021606445e+00,1.133348941802978516e-01
6.064725518226623535e-01,-8.310924172401428223e-01
-2.255586147308349609e+00,-1.424180626869201660e+00
-8.577799797058105469e-01,-9.635357558727264404e-02
4.676294699311256409e-02,-1.621163785457611084e-01
-1.048276901245117188e+00,-1.021129965782165527e+00
1.849745213985443115e-01,-1.902716875076293945e+00
-5.122154355049133301e-01,-6.575117707252502441e-01
-6.940461397171020508e-01,-5.164801478385925293e-01
2.797517478466033936e-01,3.228490054607391357e-01
1.067871600389480591e-01,-1.465407967567443848e+00
3.218001425266265869e-01,-4.520554542541503906e-01
-1.438979506492614746e+00,1.441112995147705078e+00
-2.165383577346801758e+00,-2.543574273586273193e-01
1.054204463958740234e+00,-1.943510890007019043e+00
6.499656438827514648e-01,-1.030719637870788574e+00
3.093198239803314209e-01,2.672260403633117676e-01
-9.824525713920593262e-01,-3.652605414390563965e-01
-9.194790124893188477e-01,4.626045525074005127e-01
1.036477684974670410e+00,-6.285361051559448242e-01
2.909599840641021729e-01,-9.254571795463562012e-01
-8.669671416282653809e-01,-1.661030411720275879e+00
-1.603524208068847656e+00,-1.932597458362579346e-01
-1.084337472915649414e+00,7.391707897186279297e-01
2.353650182485580444e-01,7.302789092063903809e-01
-5.945361852645874023e-01,-7.046277634799480438e-03
-3.747276544570922852e+00,-3.219509124755859375e-02
-5.849820971488952637e-01,-1.245656982064247131e-01
-8.390434086322784424e-02,5.442426800727844238e-01
8.044219613075256348e-01,2.240464687347412109e-01
7.671095132827758789e-01,-8.174852132797241211e-01
5.911573767662048340e-01,-5.849272012710571289e-01
7.676866054534912109e-01,-7.252627611160278320e-01
-9.083977937698364258e-01,-8.947520256042480469e-01
1.261537969112396240e-01,-2.908872365951538086e-01
-1.454389214515686035e+00,6.707754731178283691e-01
2.449176460504531860e-01,-1.032776594161987305e+00
2.469079017639160156e+00,7.403562068939208984e-01
5.153208971023559570e-01,-5.478162765502929688e-01
6.507897377014160156e-01,-2.509720087051391602e+00
2.564032375812530518e-01,-1.958120107650756836e+00
2.287188470363616943e-01,-4.782492220401763916e-01
-1.357837915420532227e+00,7.200735211372375488e-01
6.977563500404357910e-01,-3.097506761550903320e-01
6.688980460166931152e-01,-1.618440300226211548e-01
8.478158116340637207e-01,-7.490754723548889160e-01
-9.778204560279846191e-01,-1.308216899633407593e-01
-9.287932515144348145e-01,-9.437716007232666016e-01
8.015757799148559570e-01,-6.077948808670043945e-01
-5.926113203167915344e-02,-2.362470328807830811e-01
-1.742793083190917969e+00,-4.491610527038574219e-01
7.054176926612854004e-01,-7.594958543777465820e-01
9.458987712860107422e-01,-1.758398056030273438e+00
-2.098987579345703125e+00,-6.290376931428909302e-02
2.071849852800369263e-01,-1.345778107643127441e-01
5.671580433845520020e-01,-1.726264119148254395e+00
-1.048449397087097168e+00,-9.022489786148071289e-01
3.042287826538085938e-01,4.825339019298553467e-01
1.014048099517822266e+00,-3.875877261161804199e-01
7.549780607223510742e-01,-1.038426995277404785e+00
-2.357529252767562866e-01,1.149811744689941406e+00
-1.341184139251708984e+00,1.999412059783935547e+00
-3.582092747092247009e-02,-8.146463632583618164e-01
-1.598429203033447266e+00,-1.181153655052185059e+00
6.540066599845886230e-01,-6.642199158668518066e-01
6.811522245407104492e-01,-7.241536974906921387e-01
1.591716170310974121e+00,-2.113828182220458984e+00
-1.054880619049072266e+00,-1.162469983100891113e-01
-3.583790957927703857e-01,5.779330134391784668e-01
-1.001636624336242676e+00,-3.171445131301879883e-01
7.186059951782226562e-01,-6.302056312561035156e-01
1.164245247840881348e+00,-6.243276596069335938e-01
1.123623967170715332e+00,-1.598874568939208984e+00
-2.161310464143753052e-01,1.155136942863464355e+00
2.311317622661590576e-01,-7.087103128433227539e-01
-5.417326092720031738e-01,-4.344161748886108398e-01
5.397626757621765137e-01,-3.528070636093616486e-03
-1.796999201178550720e-02,-9.658152461051940918e-01
2.983275055885314941e-01,-1.275772750377655029e-01
1.291404724121093750e+00,-1.863106966018676758e+00
-4.844027459621429443e-01,-3.113232254981994629e-01
-7.011772394180297852e-01,5.854076743125915527e-01
-1.985730290412902832e+00,1.201129913330078125e+00
6.520227193832397461e-01,7.418628334999084473e-01
-7.318009734153747559e-01,-1.563810408115386963e-01
-2.532502710819244385e-01,1.082664608955383301e+00
1.226134747266769409e-01,7.638311386108398438e-01
-1.144924640655517578e+00,4.511396586894989014e-01
2.997682392597198486e-01,3.749639987945556641e-01
-3.770841062068939209e-01,9.929451346397399902e-02
-1.871409177780151367e+00,1.560452878475189209e-01
-1.833212971687316895e-01,1.385416865348815918e+00
-9.029664099216461182e-02,1.062042236328125000e+00
1.487148880958557129e+00,3.448502063751220703e+00
-9.501383900642395020e-01,-8.079648613929748535e-01
-2.142757624387741089e-01,1.386760473251342773e+00
1.163746118545532227e+00,-2.116929888725280762e-01
6.857476830482482910e-01,-6.499678492546081543e-01
-1.524159312248229980e-01,-2.433315217494964600e-01
1.626194238662719727e+00,-1.781536936759948730e+00
-7.414319515228271484e-01,-6.762835979461669922e-01
-3.727049529552459717e-01,-6.199915409088134766e-01
3.651789426803588867e-01,1.229029059410095215e+00
-3.085242211818695068e-01,-8.563443422317504883e-01
1.055660009384155273e+00,-1.879395365715026855e+00
2.883654087781906128e-02,-1.158171668648719788e-01
7.695879340171813965e-01,-7.665529251098632812e-01
-7.683002948760986328e-02,-1.527118682861328125e+00
6.319618225097656250e-01,-8.675151467323303223e-01
1.190737485885620117e+00,-2.112852096557617188e+00
2.514281868934631348e-01,1.894610077142715454e-01
-1.615895181894302368e-01,2.798656702041625977e+00
-1.665147423744201660e+00,-1.232665777206420898e+00
6.984864473342895508e-01,-1.115538001060485840e+00
7.443101406097412109e-01,6.829240322113037109e-01
-4.973799288272857666e-01,-1.617465913295745850e-01
-1.180550932884216309e+00,-5.376878380775451660e-01
-1.338380098342895508e+00,-1.259070873260498047e+00
2.188342064619064331e-01,3.879904747009277344e-01
-1.404315948486328125e+00,1.022609829902648926e+00
-1.764991164207458496e+00,1.867156744003295898e+00
5.613381862640380859e-01,-9.802024960517883301e-01
2.467384785413742065e-01,-1.001904010772705078e+00
5.609877407550811768e-02,4.340174198150634766e-01
-1.500838756561279297e+00,-4.463551938533782959e-01
1.320627778768539429e-01,1.417750567197799683e-01
-3.360113874077796936e-02,9.592300057411193848e-01
-4.058085978031158447e-01,1.705708026885986328e+00
3.924905955791473389e-01,-8.466755151748657227e-01
-5.478882789611816406e-01,6.047837734222412109e-01
1.027995347976684570e+00,-1.788975477218627930e+00
7.417104840278625488e-01,1.152142643928527832e+00
-2.235649585723876953e+00,-2.298009395599365234e+00
-5.555459260940551758e-01,-6.815001368522644043e-01
-5.466667413711547852e-01,1.634877443313598633e+00
7.141309380531311035e-01,-9.015725255012512207e-01
8.763998150825500488e-01,-1.603196144104003906e+00
7.008883357048034668e-01,-7.873297333717346191e-01
6.903921365737915039e-01,-2.731845676898956299e-01
-1.764991164207458496e+00,1.867156744003295898e+00
-1.414682388305664062e+00,-6.442406773567199707e-01
-4.807646572589874268e-01,-6.081023216247558594e-01
1.521749615669250488e+00,4.199604392051696777e-01
-9.877693057060241699e-01,-6.257701516151428223e-01
-7.585812807083129883e-01,-1.407337374985218048e-03
-2.038318961858749390e-01,3.834132432937622070e+00
-9.805769324302673340e-01,-7.900206446647644043e-01
4.606316983699798584e-01,-2.992176711559295654e-01
-2.113414049148559570e+00,-2.877063155174255371e-01
6.517151594161987305e-01,-8.826577663421630859e-01
5.692356824874877930e-01,-1.668418347835540771e-01
1.525270566344261169e-02,-2.390897274017333984e-01
-1.157583594322204590e+00,-6.161828339099884033e-02
-4.886370599269866943e-01,-3.055680990219116211e-01
6.067107915878295898e-01,5.695854127407073975e-02
-1.493865609169006348e+00,-1.030579090118408203e+00
-5.165239572525024414e-01,-1.635558754205703735e-01
3.233794271945953369e-01,-4.313109815120697021e-01
1.908514738082885742e+00,4.136343479156494141e+00
5.822930932044982910e-01,-9.409245252609252930e-01
8.184757232666015625e-01,-7.007671594619750977e-01
-1.367180705070495605e+00,-1.136739253997802734e-01
-1.154025793075561523e+00,-1.154948830604553223e+00
4.072436094284057617e-01,2.973556756973266602e+00
-1.131145954132080078e+00,-5.216367840766906738e-01
8.170752525329589844e-01,-8.973284959793090820e-01
7.698193788528442383e-01,-4.677184298634529114e-02
6.567643880844116211e-01,-6.621441841125488281e-01
2.565785169601440430e+00,3.301726818084716797e+00
-8.983662128448486328e-01,6.735541224479675293e-01
-5.298106670379638672e-01,-7.000588774681091309e-01
-3.047857284545898438e-01,1.301024913787841797e+00
8.708902597427368164e-01,-1.744999885559082031e+00
-1.180203855037689209e-01,1.217911243438720703e+00
-9.389584064483642578e-01,2.141007661819458008e+00
4.284750521183013916e-01,-1.441417783498764038e-01
6.666738390922546387e-01,5.919454693794250488e-01
7.983003258705139160e-01,-6.276330351829528809e-01
-3.192357718944549561e-01,-1.883973330259323120e-01
-6.076655387878417969e-01,-3.584655821323394775e-01
-2.795559465885162354e-01,-4.463531076908111572e-01
-4.440698623657226562e-01,-3.844729065895080566e-01
1.372074246406555176e+00,3.312663555145263672e+00
1.120246052742004395e+00,-1.606311678886413574e+00
-1.350290775299072266e+00,-3.583833873271942139e-01
-8.904989957809448242e-01,-1.159354686737060547e+00
-1.081325113773345947e-01,-2.803938388824462891e-01
-2.254069223999977112e-02,-8.726250529289245605e-01
8.241424560546875000e-01,-6.212373971939086914e-01
-2.987242043018341064e-01,1.064036846160888672e+00
-1.271071195602416992e+00,-6.320281028747558594e-01
8.078734874725341797e-01,-6.151921749114990234e-01
2.610944509506225586e-01,3.633231520652770996e-01
7.466926574707031250e-01,-7.796158194541931152e-01
-1.993442177772521973e+00,-4.613969624042510986e-01
-4.916066229343414307e-01,8.889532685279846191e-01
2.135865926742553711e+00,1.959437370300292969e+00
-5.747805237770080566e-01,-3.540292084217071533e-01
-6.690433025360107422e-01,6.102705001831054688e-01
5.671678781509399414e-01,-6.862540245056152344e-01
1.795126199722290039e-01,-9.780513644218444824e-01
5.057146549224853516e-01,-8.282994031906127930e-01
-6.864417791366577148e-01,-4.236267805099487305e-01
8.704280853271484375e-02,-3.294353187084197998e-01
-5.442279338836669922e+00,-1.190966367721557617e+00
1.214400172233581543e+00,-1.083312273025512695e+00
-3.462685585021972656e+00,4.154989719390869141e+00
7.881912589073181152e-01,5.907149314880371094e+00
-7.760559320449829102e-01,7.149602472782135010e-02
-5.406022071838378906e-01,1.102294176816940308e-01
1.110898032784461975e-01,-2.201542109251022339e-01
-1.659937947988510132e-01,-7.468434423208236694e-02
-4.961394965648651123e-01,1.795461893081665039e+00
-1.132340908050537109e+00,-5.024964213371276855e-01
3.796286135911941528e-02,-4.577372223138809204e-02
-5.909978225827217102e-02,-1.511264204978942871e+00
-2.930410802364349365e-01,2.218418195843696594e-02
-4.440096914768218994e-01,-9.635825753211975098e-01
-1.615607380867004395e+00,-7.571113705635070801e-01
-5.189068913459777832e-01,-7.714294195175170898e-01
7.777352929115295410e-01,6.628432869911193848e-01
-5.689375996589660645e-01,1.493568181991577148e+00
7.177618145942687988e-01,-8.222429752349853516e-01
1.186771869659423828e+00,-5.396944284439086914e-01
6.836667656898498535e-01,-8.222037553787231445e-01
7.198022603988647461e-01,-7.588027119636535645e-01
1.010403037071228027e-01,2.845168113708496094e+00
-4.685967266559600830e-01,-8.114236593246459961e-01
-7.371279597282409668e-01,-1.661696195602416992e+00
-1.099222302436828613e+00,-1.195999607443809509e-01
2.569168806076049805e-01,-1.712712049484252930e-01
-3.653724789619445801e-01,-1.519794911146163940e-01
-1.799876615405082703e-02,-2.788596630096435547e+00
-1.933264970779418945e+00,-4.292545318603515625e-01
8.478158116340637207e-01,-7.490754723548889160e-01
-2.599903345108032227e+00,-3.017201662063598633e+00
1.065502285957336426e+00,-2.731369018554687500e+00
1.164915084838867188e+00,-4.921877384185791016e-01
-1.015036106109619141e+00,-9.567481279373168945e-01
6.058055162429809570e-01,-1.313166879117488861e-02
4.461767971515655518e-01,-1.577422261238098145e+00
7.504308968782424927e-02,-2.665146291255950928e-01
-1.138495802879333496e+00,3.434027135372161865e-01
7.054176926612854004e-01,-7.594958543777465820e-01
5.037664771080017090e-01,1.622931510210037231e-01
-5.385816693305969238e-01,2.972422242164611816e-01
-3.796654641628265381e-01,-6.389170885086059570e-01
6.086592078208923340e-01,4.999650120735168457e-01
-2.630522727966308594e+00,5.284421443939208984e-01
6.086592078208923340e-01,4.999650120735168457e-01
2.654387712478637695e+00,9.326831102371215820e-01
5.902567505836486816e-01,-9.470604658126831055e-01
-1.333865165710449219e+00,-6.434555053710937500e-01
7.504308968782424927e-02,-2.665146291255950928e-01
1.013123631477355957e+00,-1.712721109390258789e+00
8.752602338790893555e-02,3.877711892127990723e-01
2.702860832214355469e-01,-9.454488754272460938e-01
1.445955514907836914e+00,-1.899899005889892578e+00
9.773509502410888672e-01,-3.660309016704559326e-01
-3.557394742965698242e-01,1.422321319580078125e+00
7.137435674667358398e-01,-7.864045500755310059e-01
-7.361362576484680176e-01,-2.866185605525970459e-01
-2.344314336776733398e+00,5.598201155662536621e-01
-4.782052934169769287e-01,-1.862380355596542358e-01
8.987113833427429199e-01,-6.374742984771728516e-01
-4.768812358379364014e-01,-3.942126631736755371e-01
2.382089197635650635e-01,-1.124942064285278320e+00
-2.132585287094116211e+00,-3.492317199707031250e-01
9.714409112930297852e-01,-1.260156154632568359e+00
1.450794041156768799e-01,-2.287528663873672485e-02
8.519150614738464355e-01,-4.111004173755645752e-01
-2.016165733337402344e+00,-2.966584563255310059e-01
6.216393709182739258e-01,-1.388881653547286987e-01
-1.743627071380615234e+00,4.204858779907226562e+00
7.633768320083618164e-01,-1.039597392082214355e+00
8.847404122352600098e-01,-6.599352955818176270e-01
1.119910955429077148e+00,-4.909931123256683350e-01
-8.645762205123901367e-01,2.356847286224365234e+00
7.971226572990417480e-01,3.053389489650726318e-01
-7.520293593406677246e-01,2.493026256561279297e+00
2.398150682449340820e+00,1.612630486488342285e+00
8.018504977226257324e-01,-8.312135338783264160e-01
-4.287358373403549194e-03,-3.526237010955810547e-01
5.323502421379089355e-01,-6.544673442840576172e-02
6.730157732963562012e-01,-8.165830969810485840e-01
5.842114686965942383e-01,5.591532588005065918e-02
8.764366060495376587e-02,9.038066491484642029e-04
-2.266416400671005249e-01,-6.990512609481811523e-01
-3.462685585021972656e+00,4.154989719390869141e+00
-5.030422806739807129e-01,2.246251583099365234e+00
6.368185281753540039e-01,-1.081575632095336914e+00
-4.428985118865966797e-01,1.542747378349304199e+00
2.873945534229278564e-01,2.904777526855468750e-01
7.402201890945434570e-01,-6.381021738052368164e-01
-5.839922428131103516e-01,2.696352005004882812e+00
-1.049724936485290527e+00,-8.148409724235534668e-01
-2.390611886978149414e+00,2.024908781051635742e+00
7.563843131065368652e-01,-1.218976229429244995e-01
-3.070208132266998291e-01,6.101363897323608398e-01
5.614466667175292969e-01,-6.844876408576965332e-01
7.447569370269775391e-01,-8.560878634452819824e-01
-7.214745283126831055e-01,-3.047113418579101562e-01
7.090427875518798828e-01,2.148568481206893921e-01
7.192322015762329102e-01,4.718188345432281494e-01
1.071909546852111816e+00,-2.490215301513671875e+00
-4.082760214805603027e-01,4.463459253311157227e-01
-2.128443270921707153e-01,6.030504703521728516e-01
8.755443692207336426e-01,-6.310937553644180298e-02
-1.524159312248229980e-01,-2.433315217494964600e-01
-2.609556198120117188e+00,-2.102460384368896484e+00
-8.904501199722290039e-01,-4.963981509208679199e-01
6.008190512657165527e-01,9.441302157938480377e-03
-2.387603282928466797e+00,2.162388086318969727e+00
1.916190624237060547e+00,1.358567476272583008e+00
-6.911796331405639648e-01,-2.643373608589172363e-01
-2.625277265906333923e-02,-2.457241714000701904e-01
-6.299077272415161133e-01,2.168443985283374786e-03
4.513567984104156494e-01,-7.549908757209777832e-01
1.159776806831359863e+00,3.549534797668457031e+00
-2.608401477336883545e-01,1.926298260688781738e+00
-4.058085978031158447e-01,1.705708026885986328e+00
1.914490103721618652e+00,8.140254020690917969e-01
-9.298906922340393066e-01,-5.430051684379577637e-01
-1.824903964996337891e+00,-2.802152037620544434e-01
1.521749615669250488e+00,4.199604392051696777e-01
-4.798465669155120850e-01,-4.371467828750610352e-01
-2.991099357604980469e+00,1.132566213607788086e+00
8.458021283149719238e-01,1.159762591123580933e-01
-6.008478999137878418e-01,1.640286445617675781e+00
6.541108489036560059e-01,-8.385695815086364746e-01
8.938365429639816284e-02,2.794875502586364746e-01
6.725448369979858398e-01,-6.289497613906860352e-01
-1.423238992691040039e+00,-6.547272801399230957e-01
2.473482608795166016e+00,9.055023193359375000e-01
5.687295794486999512e-01,1.367279738187789917e-01
7.690014243125915527e-01,-7.974057793617248535e-01
5.491309762001037598e-01,-3.870334327220916748e-01
-1.383678674697875977e+00,1.563178300857543945e+00
9.789916872978210449e-01,-7.776791453361511230e-01
-4.058196842670440674e-01,-4.145403504371643066e-01
-1.401238203048706055e+00,-7.380065917968750000e-01
1.813410282135009766e+00,1.545232176780700684e+00
-1.603785872459411621e+00,-1.349457949399948120e-01
2.333455085754394531e-01,-9.872311353683471680e-01
-1.349728181958198547e-02,-2.204511612653732300e-01
1.067095026373863220e-01,-1.668117009103298187e-03
7.417104840278625488e-01,1.152142643928527832e+00
4.747002422809600830e-01,-7.903978228569030762e-02
1.983429938554763794e-01,7.818887829780578613e-01
8.764366060495376587e-02,9.038066491484642029e-04
-1.577844381332397461e+00,8.660824298858642578e-01
2.086333781480789185e-01,-5.875727534294128418e-01
8.481384515762329102e-01,-7.866683602333068848e-01
-3.120517432689666748e-01,-1.028569221496582031e+00
-1.425380587577819824e+00,-3.295315802097320557e-01
5.895946621894836426e-01,-1.907003223896026611e-01
-1.132141232490539551e+00,-8.166093826293945312e-01
-3.252245485782623291e-01,5.449837446212768555e-01
1.126058816909790039e+00,-1.650003433227539062e+00
-2.333769083023071289e+00,-8.935942053794860840e-01
-8.969054222106933594e-01,-2.820877134799957275e-01
-1.665069580078125000e+00,-1.559589862823486328e+00
-4.496118724346160889e-01,6.365002989768981934e-01
6.226292252540588379e-01,-8.516577482223510742e-01
2.685897588729858398e+00,4.689881503582000732e-01
1.461972832679748535e+00,-1.884774088859558105e+00
-2.953779399394989014e-01,6.051486134529113770e-01
7.808484137058258057e-02,-6.624025851488113403e-02
8.529748320579528809e-01,-7.347702980041503906e-01
-1.801487088203430176e+00,9.731868505477905273e-01
-9.964308142662048340e-01,6.776918768882751465e-01
-1.331450194120407104e-01,-1.128600597381591797e+00
1.040077686309814453e+00,-1.963120341300964355e+00
7.881912589073181152e-01,5.907149314880371094e+00
-1.070711612701416016e+00,7.413988709449768066e-01
-1.309178471565246582e+00,-6.789962053298950195e-01
5.915540456771850586e-01,-8.916270136833190918e-01
-5.192571878433227539e-01,-3.628196120262145996e-01
1.013223052024841309e+00,-5.866152644157409668e-01
-8.761621117591857910e-01,1.725302338600158691e+00
1.193649530410766602e+00,-1.773300051689147949e+00
-4.082970619201660156e-01,1.828751564025878906e-01
-1.634880900382995605e+00,5.918053984642028809e-01
2.647992372512817383e-01,1.371256828308105469e+00
1.741191148757934570e-01,2.512503266334533691e-01
-7.990714907646179199e-01,2.159116744995117188e+00
3.569789230823516846e-01,1.173467338085174561e-01
5.209816694259643555e-01,-3.497164696455001831e-02
1.519705414772033691e+00,5.476475358009338379e-01
1.579530686140060425e-01,8.333540558815002441e-01
2.983275055885314941e-01,-1.275772750377655029e-01
8.528111577033996582e-01,-1.314171910285949707e+00
-2.959058046340942383e+00,-1.067420482635498047e+00
-9.743452668190002441e-01,6.857736706733703613e-01
1.954850673675537109e+00,-2.569093704223632812e+00
5.643586814403533936e-02,-2.354611873626708984e+00
1.244265198707580566e+00,1.985701918601989746e+00
-1.508636400103569031e-02,-1.657177656888961792e-01
9.847736954689025879e-01,-9.518210887908935547e-01
-1.946641802787780762e+00,8.827996253967285156e-01
2.814726591110229492e+00,6.111896634101867676e-01
-3.084518671035766602e+00,-1.804812550544738770e+00
-1.616168379783630371e+00,-4.133536219596862793e-01
-3.909123837947845459e-01,-2.203563451766967773e-01
-1.370325446128845215e+00,8.129258751869201660e-01
-5.768667533993721008e-02,-5.278465524315834045e-02
-1.912366509437561035e+00,-2.516874313354492188e+00
5.684003233909606934e-01,-2.348951339721679688e+00
-5.132749676704406738e-01,-6.253305673599243164e-01
2.638160884380340576e-01,-1.035509467124938965e+00
5.082184672355651855e-01,-4.685971736907958984e-01
-1.933264970779418945e+00,-4.292545318603515625e-01
-1.357837915420532227e+00,7.200735211372375488e-01
5.200558900833129883e-01,-2.554918527603149414e-01
4.119388759136199951e-01,-4.400641322135925293e-01
-1.404315948486328125e+00,1.022609829902648926e+00
3.608152568340301514e-01,1.528299093246459961e+00
-2.060806989669799805e+00,-4.139499366283416748e-01
4.268687218427658081e-03,3.437539190053939819e-02
3.357257246971130371e-01,-2.801734507083892822e-01
-8.600423336029052734e-01,8.030804991722106934e-01
-1.082415580749511719e-01,1.010575532913208008e+00
-9.168379902839660645e-01,-1.196348190307617188e+00
-3.750993013381958008e+00,3.230189085006713867e+00
2.204847097396850586e+00,-6.594074964523315430e-01
7.480712532997131348e-01,-7.769896388053894043e-01
1.849268674850463867e+00,7.336223721504211426e-01
-1.281560659408569336e+00,-1.149504929780960083e-01
1.499462276697158813e-01,4.500136151909828186e-02
4.146030545234680176e-01,-4.152134358882904053e-01
9.660865366458892822e-02,-2.463106215000152588e-01
3.636172413825988770e-01,3.892035186290740967e-01
-4.418031275272369385e-01,1.439826726913452148e+00
5.563654303550720215e-01,-8.750358819961547852e-01
7.017387151718139648e-01,-8.982125520706176758e-01
8.126463294029235840e-01,-6.996589899063110352e-01
-2.284626007080078125e+00,7.876297235488891602e-01
3.004159331321716309e-01,-1.255344152450561523e-01
2.022772312164306641e+00,-2.195197582244873047e+00
-9.750784039497375488e-01,-7.156614661216735840e-01
-2.883774042129516602e-01,5.520118474960327148e-01
-1.554850935935974121e+00,-4.936082661151885986e-02
-4.287842273712158203e+00,-1.573467969894409180e+00
-1.948279023170471191e+00,6.337231993675231934e-01
7.372701168060302734e-01,1.133109331130981445e-01
9.802392125129699707e-01,-7.541399598121643066e-01
-1.096763014793395996e+00,-1.169345974922180176e+00
-1.579598665237426758e+00,-1.068990230560302734e+00
-6.940461397171020508e-01,-5.164801478385925293e-01
1.178491264581680298e-01,-1.934527009725570679e-01
2.638160884380340576e-01,-1.035509467124938965e+00
-3.282055854797363281e-01,-5.973238945007324219e-01
4.952446520328521729e-01,-8.577993512153625488e-01
9.080376029014587402e-01,-1.854293465614318848e+00
-1.482856512069702148e+00,9.690451025962829590e-01
6.575595140457153320e-01,-7.882001996040344238e-01
-9.250330924987792969e-01,2.711288213729858398e+00
-1.584331035614013672e+00,3.555813133716583252e-01
-9.877693057060241699e-01,-6.257701516151428223e-01
4.237086176872253418e-01,-3.630480766296386719e-01
5.991179943084716797e-01,-8.630830645561218262e-01
2.826727628707885742e-01,9.676350355148315430e-01
1.231012701988220215e+00,-1.826402068138122559e+00
-5.185308456420898438e-01,-2.268221378326416016e-01
-1.624798774719238281e+00,-1.261809617280960083e-01
6.064725518226623535e-01,-8.310924172401428223e-01
-2.681771293282508850e-02,-9.069434553384780884e-02
-1.832043677568435669e-01,-1.037958502769470215e+00
1.628886938095092773e+00,-1.760209202766418457e+00
1.944815278053283691e+00,2.062688112258911133e+00
5.185840725898742676e-01,-1.221176758408546448e-01
1.191247701644897461e+00,-5.634055137634277344e-01
3.290543854236602783e-01,1.493680477142333984e-01
7.804855704307556152e-01,-8.164991736412048340e-01
1.021335959434509277e+00,-1.901262998580932617e+00
-2.930410802364349365e-01,2.218418195843696594e-02
5.024415254592895508e-01,-1.182249426841735840e+00
3.851648867130279541e-01,-1.231419682502746582e+00
5.393697619438171387e-01,-5.495539307594299316e-01
1.436312645673751831e-01,2.808325290679931641e-01
-1.147693753242492676e+00,7.664097547531127930e-01
1.167843461036682129e+00,-1.788740873336791992e+00
-1.681909203529357910e+00,-1.215562582015991211e+00
-1.044049620628356934e+00,-7.562214881181716919e-02
5.153208971023559570e-01,-5.478162765502929688e-01
-5.125647187232971191e-01,-6.598474085330963135e-02
-2.485078096389770508e+00,-4.871743917465209961e-01
-9.704796671867370605e-01,-5.398001670837402344e-01
-8.542920947074890137e-01,-7.607020139694213867e-01
-4.807646572589874268e-01,-6.081023216247558594e-01
-8.228681683540344238e-01,-1.586783528327941895e+00
1.138863191008567810e-01,-2.218649685382843018e-01
1.349079251289367676e+00,-2.307294309139251709e-01
6.633386015892028809e-01,-9.198456406593322754e-01
2.045237541198730469e+00,-2.479942083358764648e+00
8.498383760452270508e-01,-1.430340886116027832e+00
5.322966575622558594e-01,-9.098696522414684296e-03
-9.496071934700012207e-01,-9.864031076431274414e-01
-4.347185492515563965e-01,1.515702009201049805e+00
1.681076884269714355e+00,1.457594037055969238e+00
-1.287757992744445801e+00,5.043546557426452637e-01
-7.318009734153747559e-01,-1.563810408115386963e-01
-1.469393730163574219e+00,1.060106992721557617e+00
-1.465966254472732544e-01,-4.320126473903656006e-01
1.287122726440429688e+00,2.583451747894287109e+00
-1.800484061241149902e+00,-7.388020753860473633e-01
-9.249593615531921387e-01,-5.955492332577705383e-02
1.214400172233581543e+00,-1.083312273025512695e+00
-5.690554976463317871e-01,1.759432911872863770e+00
-1.735342502593994141e+00,-2.243889868259429932e-01
4.789848625659942627e-01,-7.566213607788085938e-02
-9.419059753417968750e-01,-8.741161227226257324e-02
9.660865366458892822e-02,-2.463106215000152588e-01
-1.063481807708740234e+00,7.080246210098266602e-01
1.329362988471984863e-01,2.537532150745391846e-01
-8.577799797058105469e-01,-9.635357558727264404e-02
-1.306677579879760742e+00,-5.704452991485595703e-01
-4.095334112644195557e-01,-1.942924261093139648e-01
-1.108109474182128906e+00,-6.546179652214050293e-01
1.457025855779647827e-01,-4.170719683170318604e-01
2.576331138610839844e+00,1.856011897325515747e-01
1.826011538505554199e-01,-1.056396842002868652e+00
3.386202573776245117e+00,3.285665750503540039e+00
6.684678196907043457e-01,-1.051015257835388184e+00
5.834941267967224121e-01,-1.040808677673339844e+00
-1.980261921882629395e+00,-1.157693192362785339e-02
-3.698667585849761963e-01,3.283171355724334717e-01
-9.812904000282287598e-01,5.242620706558227539e-01
-3.609845340251922607e-01,5.836819410324096680e-01
-2.448786735534667969e+00,9.585216641426086426e-01
5.071542263031005859e-01,-9.270922541618347168e-01
7.871735095977783203e-01,-1.424719810485839844e+00
1.344076156616210938e+00,2.071640640497207642e-02
1.029666423797607422e+00,7.793678641319274902e-01
5.960670709609985352e-01,-1.252366542816162109e+00
-5.681916475296020508e-01,-6.286280155181884766e-01
7.728286385536193848e-01,-3.594602346420288086e+00
5.059614181518554688e-01,-5.566016435623168945e-01
5.414541959762573242e-01,-8.498536348342895508e-01
7.695879340171813965e-01,-7.665529251098632812e-01
4.505574703216552734e-02,-2.883821129798889160e-01
-1.167077302932739258e+00,1.294437646865844727e+00
4.395786225795745850e-01,-3.889464586973190308e-02
-1.332414150238037109e+00,-5.952024459838867188e-01
6.888114213943481445e-01,1.041496917605400085e-01
3.079900741577148438e-01,-2.391181290149688721e-01
2.776595950126647949e-01,-1.513625860214233398e+00
-6.446409225463867188e-01,1.375293016433715820e+00
-1.639179229736328125e+00,-3.808804154396057129e-01
7.291930317878723145e-01,-9.442596435546875000e-01
-1.967581152915954590e+00,-6.480954289436340332e-01
1.305074453353881836e+00,-1.713967800140380859e+00
1.265061497688293457e+00,-1.612360596656799316e+00
-3.903993368148803711e-01,-9.597254544496536255e-02
-1.590858697891235352e+00,-1.745916485786437988e+00
-9.741376042366027832e-01,-3.170747160911560059e-01
1.826011538505554199e-01,-1.056396842002868652e+00
9.440705180168151855e-01,6.674311161041259766e-01
6.509457230567932129e-01,-7.201064825057983398e-01
-3.206714689731597900e-01,4.835750460624694824e-01
-8.974552154541015625e-01,-1.184918522834777832e+00
5.253334045410156250e-01,-6.146386265754699707e-01
-1.045412778854370117e+00,-1.781091094017028809e-01
6.805619597434997559e-01,-1.852790117263793945e-01
-1.982321888208389282e-01,-4.980520009994506836e-01
6.374250054359436035e-01,-6.490713953971862793e-01
9.359191656112670898e-01,-3.388975858688354492e-01
1.395160436630249023e+00,-8.188686519861221313e-02
6.614112257957458496e-01,-9.625236988067626953e-01
-9.530783295631408691e-01,1.869252026081085205e-01
1.021335959434509277e+00,-1.901262998580932617e+00
-9.901539683341979980e-01,-9.214102029800415039e-01
1.087004542350769043e+00,1.114019155502319336e+00
-1.259260535240173340e+00,1.487023115158081055e+00
6.937369108200073242e-01,-7.928124666213989258e-01
1.852875500917434692e-01,-1.301706284284591675e-01
-3.320413529872894287e-01,-5.738319754600524902e-01
-3.586731255054473877e-01,4.955255389213562012e-01
2.194832086563110352e+00,1.631003379821777344e+00
-5.385816693305969238e-01,2.972422242164611816e-01
-1.302799224853515625e+00,-1.317258924245834351e-01
1.959026902914047241e-01,-2.729485034942626953e-01
-2.117120027542114258e+00,-1.591587781906127930e+00
5.445018038153648376e-02,3.665428981184959412e-02
3.722103536128997803e-01,6.223288178443908691e-02
-1.001814603805541992e-01,1.354871034622192383e+00
2.272614389657974243e-01,-8.247113823890686035e-01
2.657749056816101074e-01,-8.428209424018859863e-01
-4.651434719562530518e-01,-2.135904282331466675e-01
-1.154680728912353516e+00,3.535962581634521484e+00
-2.051847696304321289e+00,-1.003440916538238525e-01
1.795126199722290039e-01,-9.780513644218444824e-01
-1.213261127471923828e+00,-1.125992417335510254e+00
-9.675491601228713989e-03,-2.218808889389038086e+00
-1.590858697891235352e+00,-1.745916485786437988e+00
3.646991550922393799e-01,-1.079246520996093750e+00
7.315847873687744141e-01,-7.544530034065246582e-01
1.145149350166320801e+00,-4.811719059944152832e-01
-6.197821497917175293e-01,-9.709727764129638672e-01
1.828403949737548828e+00,-4.566190242767333984e-01
-1.326696157455444336e+00,-3.860363662242889404e-01
-4.287842273712158203e+00,-1.573467969894409180e+00
-1.276445627212524414e+00,2.576815843582153320e+00
6.095940470695495605e-01,-9.144809842109680176e-01
1.820475906133651733e-01,-2.951794862747192383e-01
1.956440806388854980e-01,1.596681833267211914e+00
-1.501186043024063110e-01,1.120564937591552734e+00
1.192489147186279297e+00,-3.954098463058471680e+00
6.760992407798767090e-01,-1.071575164794921875e+00
9.205743670463562012e-01,-1.999491214752197266e+00
-4.731138646602630615e-01,-8.000206351280212402e-01
-1.136613726615905762e+00,-2.356133610010147095e-01
-4.318173527717590332e-01,6.468884348869323730e-01
-1.390754342079162598e+00,-1.733802556991577148e+00
-1.669798374176025391e+00,-6.379231214523315430e-01
-5.643257871270179749e-02,1.767731785774230957e+00
-5.484712719917297363e-01,-7.602067589759826660e-01
2.333994060754776001e-01,-6.009374260902404785e-01
-3.874511122703552246e-01,6.006021499633789062e-01
-1.111773103475570679e-01,-1.397608518600463867e+00
2.602900028228759766e+00,1.048160552978515625e+00
5.835323929786682129e-01,-1.035891175270080566e+00
-4.299024641513824463e-01,-2.831575274467468262e-01
-4.584842622280120850e-01,-2.379114180803298950e-01
-1.995030283927917480e+00,2.477542877197265625e+00
-1.259802222251892090e+00,4.459645450115203857e-01
1.669190526008605957e-01,3.300347179174423218e-02
1.178245663642883301e+00,-5.519622564315795898e-01
1.596443951129913330e-01,1.108981132507324219e+00
1.629115939140319824e+00,-1.813963532447814941e+00
-1.356117010116577148e+00,-2.145694971084594727e+00
4.304879605770111084e-01,2.313034832477569580e-01
1.190737485885620117e+00,-2.112852096557617188e+00
-1.833212971687316895e-01,1.385416865348815918e+00
7.211061120033264160e-01,-7.000277042388916016e-01
-6.770948767662048340e-01,-3.915358185768127441e-01
8.985745906829833984e-01,-1.687396883964538574e+00
-1.554850935935974121e+00,-4.936082661151885986e-02
-1.383678674697875977e+00,1.563178300857543945e+00
2.628453075885772705e-01,4.157619774341583252e-01
5.848020315170288086e-01,-1.505502343177795410e+00
5.948754549026489258e-01,-8.621097803115844727e-01
-2.013624668121337891e+00,-7.655777335166931152e-01
-6.569947004318237305e-01,-4.536501318216323853e-02
-1.762220978736877441e+00,1.222771286964416504e+00
-4.709545671939849854e-01,4.489944130182266235e-02
-8.444944024085998535e-01,3.257499039173126221e-01
8.373939394950866699e-01,-6.158879399299621582e-01
1.947202980518341064e-01,1.068403244018554688e+00
-1.486217498779296875e+00,-2.934191226959228516e-01
-5.801162719726562500e-01,1.786396741867065430e+00
-6.397305727005004883e-01,-7.683504223823547363e-01
1.752907186746597290e-01,-2.868793606758117676e-01
-1.435606956481933594e+00,-1.277470290660858154e-01
1.159776806831359863e+00,3.549534797668457031e+00
6.545877456665039062e-01,-5.993700623512268066e-01
3.851648867130279541e-01,-1.231419682502746582e+00
-1.207616567611694336e+00,1.406670093536376953e+00
-1.948279023170471191e+00,6.337231993675231934e-01
2.265592217445373535e-01,-7.563740760087966919e-02
-9.487567543983459473e-01,5.966822057962417603e-02
5.842114686965942383e-01,5.591532588005065918e-02
-1.192827343940734863e+00,-3.879260122776031494e-01
-1.076901793479919434e+00,-5.268979668617248535e-01
-1.722486734390258789e+00,1.855056732892990112e-02
-2.117120027542114258e+00,-1.591587781906127930e+00
3.278998434543609619e-01,8.895277380943298340e-01
2.115151643753051758e+00,-1.722103714942932129e+00
6.191955804824829102e-01,-8.767072558403015137e-01
1.345000565052032471e-01,-1.837132126092910767e-01
-2.630522727966308594e+00,5.284421443939208984e-01
-1.465109229087829590e+00,6.413583755493164062e-01
5.198084115982055664e-01,-5.037699341773986816e-01
-1.134456753730773926e+00,4.582754671573638916e-01
-5.036333203315734863e-01,-3.622138500213623047e-01
-5.125647187232971191e-01,-6.598474085330963135e-02
-2.369590044021606445e+00,1.133348941802978516e-01
-4.270129203796386719e-01,-1.155198574066162109e+00
3.445064723491668701e-01,-9.778982996940612793e-01
8.529748320579528809e-01,-7.347702980041503906e-01
-3.307403326034545898e-01,-1.605238169431686401e-01
5.586116313934326172e-01,-6.600940600037574768e-03
2.576331138610839844e+00,1.856011897325515747e-01
-5.747805237770080566e-01,-3.540292084217071533e-01
-3.238686323165893555e+00,3.708074092864990234e-01
-1.623701676726341248e-02,-3.100201487541198730e-01
-2.236241847276687622e-01,1.817023634910583496e+00
-1.659938216209411621e+00,1.558089852333068848e-01
-5.801162719726562500e-01,1.786396741867065430e+00
1.020638108253479004e+00,-7.700284123420715332e-01
-2.722227275371551514e-01,4.905218482017517090e-01
-1.276224374771118164e+00,-9.396967887878417969e-01
1.562481522560119629e-01,-4.110351204872131348e-03
-1.964517235755920410e+00,-1.230158925056457520e+00
7.275941967964172363e-01,-5.746232867240905762e-01
5.973892211914062500e-01,2.844322323799133301e-01
-4.584842622280120850e-01,-2.379114180803298950e-01
-2.113414049148559570e+00,-2.877063155174255371e-01
-5.526825189590454102e-01,-1.417656429111957550e-03
6.928371787071228027e-01,-1.048208951950073242e+00
-1.603785872459411621e+00,-1.349457949399948120e-01
3.855048716068267822e-01,-1.857873320579528809e+00
7.419360429048538208e-02,1.860255897045135498e-01
-1.624572753906250000e+00,1.052826881408691406e+00
2.724271416664123535e-01,2.745454013347625732e-01
-3.837115526199340820e+00,1.450465202331542969e+00
-3.670140206813812256e-01,-9.423267096281051636e-02
5.185955762863159180e-01,-9.340379238128662109e-01
3.957913517951965332e-01,-3.458623290061950684e-01
5.975447297096252441e-01,-9.177637100219726562e-01
-8.835889101028442383e-01,5.117605328559875488e-01
-9.518799185752868652e-01,3.360133469104766846e-01
1.291404724121093750e+00,-1.863106966018676758e+00
-9.069668054580688477e-01,-7.715099453926086426e-01
-1.630607992410659790e-01,5.781278014183044434e-01
5.613381862640380859e-01,-9.802024960517883301e-01
-4.117066860198974609e-01,1.761126995086669922e+00
-4.418031275272369385e-01,1.439826726913452148e+00
-7.552717626094818115e-02,2.969402670860290527e-01
1.450794041156768799e-01,-2.287528663873672485e-02
6.892044544219970703e-01,-7.346934676170349121e-01
-2.365093082189559937e-01,5.376187562942504883e-01
2.825108170509338379e-01,-2.162490785121917725e-01
6.952267885208129883e-01,-7.889900207519531250e-01
7.127164602279663086e-01,-7.195013165473937988e-01
5.973892211914062500e-01,2.844322323799133301e-01
1.088609695434570312e+00,-5.222333669662475586e-01
-1.384390830993652344e+00,-7.337960004806518555e-01
6.937369108200073242e-01,-7.928124666213989258e-01
4.284750521183013916e-01,-1.441417783498764038e-01
-5.204354524612426758e-01,6.115494966506958008e-01
1.227600216865539551e+00,-4.744588136672973633e-01
-1.353318929672241211e+00,-1.090679168701171875e+00
-3.049568831920623779e-01,-1.645655184984207153e-01
-3.084518671035766602e+00,-1.804812550544738770e+00
-3.989630460739135742e+00,2.109363794326782227e+00
-5.186783075332641602e-01,-5.112213492393493652e-01
2.280003875494003296e-01,-1.792054295539855957e+00
1.851673871278762817e-01,-7.082692384719848633e-01
6.544717550277709961e-01,-1.133643746376037598e+00
-7.784408330917358398e-01,1.007139086723327637e+00
-3.252245485782623291e-01,5.449837446212768555e-01
3.357257246971130371e-01,-2.801734507083892822e-01
5.906834080815315247e-02,1.480803608894348145e+00
2.010427713394165039e+00,-2.719575539231300354e-03
7.141309380531311035e-01,-9.015725255012512207e-01
6.234007477760314941e-01,2.436180591583251953e+00
-6.069471836090087891e-01,1.843341708183288574e+00
7.143673300743103027e-01,-8.153615593910217285e-01
1.231012701988220215e+00,-1.826402068138122559e+00
-8.623647093772888184e-01,-4.392519891262054443e-01
1.167843461036682129e+00,-1.788740873336791992e+00
-9.621390700340270996e-01,-5.201997160911560059e-01
-1.368866562843322754e+00,-6.241029500961303711e-02
-1.752646803855895996e+00,-5.600681304931640625e-01
7.226166725158691406e-01,6.076171994209289551e-01
2.460593283176422119e-01,-1.111774206161499023e+00
3.116725087165832520e-01,-2.493569612503051758e+00
3.261523842811584473e-01,-4.312774837017059326e-01
-8.761621117591857910e-01,1.725302338600158691e+00
1.269455313682556152e+00,-1.759221553802490234e+00
5.822930932044982910e-01,-9.409245252609252930e-01
-5.417326092720031738e-01,-4.344161748886108398e-01
-9.474815726280212402e-01,3.716985583305358887e-01
7.345610857009887695e-01,-7.317970991134643555e-01
1.178491264581680298e-01,-1.934527009725570679e-01
-1.252596259117126465e+00,9.307414889335632324e-01
-8.444944024085998535e-01,3.257499039173126221e-01
8.373939394950866699e-01,-6.158879399299621582e-01
1.579530686140060425e-01,8.333540558815002441e-01
-4.267348647117614746e-01,-3.422627225518226624e-02
-1.489516377449035645e+00,1.413911938667297363e+00
9.359191656112670898e-01,-3.388975858688354492e-01
-4.270129203796386719e-01,-1.155198574066162109e+00
8.097010850906372070e-01,-8.800774216651916504e-01
7.595713734626770020e-01,-7.250337600708007812e-01
-1.129014045000076294e-01,1.596876144409179688e+00
-1.907013356685638428e-03,-5.297285318374633789e-01
-3.600723147392272949e-01,-5.782498717308044434e-01
1.164797544479370117e+00,2.548542261123657227e+00
-1.335106611251831055e+00,8.491757512092590332e-01
-3.625735938549041748e-01,-2.934857308864593506e-01
1.288389563560485840e-01,9.226552397012710571e-02
6.517474055290222168e-01,-5.011869668960571289e-01
-6.096314191818237305e-01,-1.185089826583862305e+00
-4.110628068447113037e-01,-6.593217700719833374e-02
1.434005349874496460e-01,-1.757778227329254150e-01
2.021356672048568726e-01,-1.306768059730529785e-01
4.817517474293708801e-02,4.917786121368408203e-01
6.633386015892028809e-01,-9.198456406593322754e-01
2.857980728149414062e-01,-9.201896190643310547e-01
-1.045412778854370117e+00,-1.781091094017028809e-01
-7.171674370765686035e-01,-4.596437215805053711e-01
-5.442279338836669922e+00,-1.190966367721557617e+00
-1.557057499885559082e+00,1.470868229866027832e+00
9.963129162788391113e-01,2.149768829345703125e+00
-5.300812125205993652e-01,5.357448458671569824e-01
-3.236454963684082031e+00,-1.276660203933715820e+00
4.919807612895965576e-01,-1.962412595748901367e+00
-7.862141132354736328e-01,-1.530441403388977051e+00
3.608152568340301514e-01,1.528299093246459961e+00
-3.215257450938224792e-02,5.005617141723632812e+00
-6.848861575126647949e-01,1.661626249551773071e-01
2.919782698154449463e-01,-1.022261381149291992e+00
5.614454150199890137e-01,-8.883110880851745605e-01
1.010722160339355469e+00,-9.923399090766906738e-01
5.308100581169128418e-01,-8.764531016349792480e-01
9.500518441200256348e-01,-6.689059138298034668e-01
8.146213293075561523e-01,-7.625132203102111816e-01
-8.796340823173522949e-01,-1.645281314849853516e+00
2.785240113735198975e-01,2.839577496051788330e-01
-1.702210545539855957e+00,-1.171962916851043701e-01
-2.467383071780204773e-02,-1.374531507492065430e+00
6.658342480659484863e-01,-8.365613222122192383e-01
4.429097771644592285e-01,-3.274444043636322021e-01
-9.929676651954650879e-01,-2.097807377576828003e-01
-2.227167934179306030e-01,-8.110455870628356934e-01
-3.526285886764526367e-01,-8.142269849777221680e-01
1.057039350271224976e-01,-1.224019527435302734e+00
-1.084718227386474609e+00,-3.696715831756591797e-01
-2.716184258460998535e-01,-5.250281691551208496e-01
1.229418277740478516e+00,-9.838085174560546875e-01
-7.952541708946228027e-01,-1.538811445236206055e+00
-9.147725105285644531e-01,3.094004154205322266e+00
3.032889962196350098e-01,2.955701351165771484e-01
-5.982067584991455078e-01,-3.370623290538787842e-01
8.354660868644714355e-02,-6.416997313499450684e-02
-2.188371419906616211e+00,-2.387871980667114258e+00
1.244885325431823730e+00,-1.355315327644348145e+00
1.026129841804504395e+00,-5.906447768211364746e-01
-1.084820628166198730e+00,2.298184633255004883e+00
-1.529070973396301270e+00,-6.804068088531494141e-01
2.439297735691070557e-01,-9.454083442687988281e-02
-1.551713585853576660e+00,-5.408235788345336914e-01
1.371022701263427734e+00,7.951455116271972656e-01
-2.787496522068977356e-02,-1.800743341445922852e+00
1.450229763984680176e+00,-1.913635849952697754e+00
1.361459016799926758e+00,-5.086075067520141602e-01
-5.189068913459777832e-01,-7.714294195175170898e-01
-6.903710961341857910e-01,-1.741111576557159424e-01
-3.518047630786895752e-01,5.418555140495300293e-01
9.440705180168151855e-01,6.674311161041259766e-01
-3.253846883773803711e+00,-2.302115201950073242e+00
-5.192571878433227539e-01,-3.628196120262145996e-01
-1.023363173007965088e-01,1.054731607437133789e+00
2.362854033708572388e-01,-8.268506526947021484e-01
2.003741264343261719e+00,-2.415532588958740234e+00
-2.047456651926040649e-01,-9.605652093887329102e-01
-3.518047630786895752e-01,5.418555140495300293e-01
1.123399734497070312e+00,-1.195936799049377441e+00
-8.933434486389160156e-01,-1.794505417346954346e-01
-2.910191714763641357e-01,4.914591312408447266e-01
6.759641766548156738e-01,-1.241028428077697754e+00
-1.611609578132629395e+00,-2.346678495407104492e+00
-3.866145610809326172e-01,9.919551014900207520e-01
-3.065647184848785400e-01,5.283672809600830078e-01
2.877509593963623047e-01,2.888197004795074463e-01
5.850410461425781250e-01,-8.766537904739379883e-01
-1.370325446128845215e+00,8.129258751869201660e-01
1.280652523040771484e+00,2.739930868148803711e+00
-1.508773922920227051e+00,2.878284931182861328e+00
-8.265239000320434570e-02,-1.271219849586486816e+00
1.406284421682357788e-01,-7.761773467063903809e-01
-1.256790280342102051e+00,-1.065731287002563477e+00
3.820543736219406128e-02,-6.974098682403564453e-01
-1.226596355438232422e+00,7.688854336738586426e-01
-1.490417003631591797e+00,-1.923138648271560669e-01
-4.864730313420295715e-02,-3.510844409465789795e-01
8.675627708435058594e-01,-7.295247316360473633e-01
8.701201081275939941e-01,5.243979692459106445e-01
-1.666633635759353638e-01,-2.512823581695556641e+00
-2.284626007080078125e+00,7.876297235488891602e-01
-6.569947004318237305e-01,-4.536501318216323853e-02
1.030795931816101074e+00,-2.466483354568481445e+00
1.496405243873596191e+00,-2.815013647079467773e+00
-9.079341888427734375e-01,2.033272266387939453e+00
4.709927737712860107e-01,-1.665608406066894531e+00
2.017955541610717773e+00,-2.238118648529052734e+00
-2.991106510162353516e+00,1.123219490051269531e+00
9.507921934127807617e-01,-1.846480250358581543e+00
9.714409112930297852e-01,-1.260156154632568359e+00
7.486328482627868652e-01,7.681523561477661133e-01
6.368185281753540039e-01,-1.081575632095336914e+00
6.586436182260513306e-02,1.003658622503280640e-01
3.058588206768035889e-01,-9.117063879966735840e-01
-1.828406810760498047e+00,-1.371472954750061035e+00
1.875000953674316406e+00,-2.656717300415039062e+00
-1.829138636589050293e+00,-2.282841801643371582e-01
-9.997571110725402832e-01,-7.710528373718261719e-01
-9.126698374748229980e-01,-1.012102365493774414e+00
7.938169836997985840e-01,-1.588684558868408203e+00
2.265592217445373535e-01,-7.563740760087966919e-02
2.443451166152954102e+00,2.680742740631103516e+00
-9.246707558631896973e-01,-1.065618451684713364e-02
6.950600147247314453e-01,-9.338449686765670776e-02
6.654795408248901367e-01,-6.162282824516296387e-01
7.450171113014221191e-01,-7.562650442123413086e-01
7.680341005325317383e-01,-7.129077911376953125e-01
1.496405243873596191e+00,-2.815013647079467773e+00
-8.933434486389160156e-01,-1.794505417346954346e-01
7.384719848632812500e-01,-9.290233850479125977e-01
-1.092201113700866699e+00,-9.425123333930969238e-01
4.195041954517364502e-01,-6.184433698654174805e-01
-1.133045673370361328e+00,7.976323962211608887e-01
1.610090970993041992e+00,2.142509698867797852e+00
1.260720133781433105e+00,-1.923045039176940918e+00
-1.269254922866821289e+00,-8.711050748825073242e-01
-5.681916475296020508e-01,-6.286280155181884766e-01
-5.718500018119812012e-01,1.195577263832092285e+00
-1.801487088203430176e+00,9.731868505477905273e-01
7.983003258705139160e-01,-6.276330351829528809e-01
2.469079017639160156e+00,7.403562068939208984e-01
-1.496825575828552246e+00,1.048888206481933594e+00
7.076174020767211914e-01,-7.376563549041748047e-01
-1.681919932365417480e+00,-1.531118512153625488e+00
-3.236454963684082031e+00,-1.276660203933715820e+00
1.555974960327148438e+00,-2.194226026535034180e+00
6.600676774978637695e-01,-2.511802613735198975e-01
-3.488116562366485596e-01,-1.197200939059257507e-01
1.980349302291870117e+00,3.184095323085784912e-01
-1.524655938148498535e+00,-4.864160902798175812e-03
1.944521665573120117e-01,-4.073615372180938721e-01
8.519222140312194824e-01,-1.669454276561737061e-01
6.178486347198486328e-01,2.939934134483337402e-01
-8.675897121429443359e-01,1.070221185684204102e+00
1.268479108810424805e+00,1.169100403785705566e+00
-2.057439833879470825e-01,1.905228346586227417e-01
1.446150243282318115e-01,-3.598067760467529297e-01
9.362590909004211426e-01,8.068376034498214722e-02
-6.988028287887573242e-01,-2.599185705184936523e-01
1.099797129631042480e+00,-1.686624288558959961e+00
-6.261411309242248535e-01,-2.164751291275024414e-01
1.002264380455017090e+00,2.909693419933319092e-01
-3.909123837947845459e-01,-2.203563451766967773e-01
3.398070037364959717e-01,2.878862321376800537e-01
-4.712856113910675049e-01,5.201626420021057129e-01
-1.099222302436828613e+00,-1.195999607443809509e-01
9.384679049253463745e-02,-1.872423887252807617e-01
-1.907013356685638428e-03,-5.297285318374633789e-01
7.226166725158691406e-01,6.076171994209289551e-01
-2.609556198120117188e+00,-2.102460384368896484e+00
2.465129345655441284e-01,-1.913307607173919678e-01
-9.761264920234680176e-01,6.685101985931396484e-01
-6.016494706273078918e-02,1.384003639221191406e+00
-3.021250665187835693e-01,-1.110921621322631836e+00
3.957834541797637939e-01,5.022361874580383301e-02
-3.812136873602867126e-02,1.140137434005737305e+00
4.127339124679565430e-01,4.613865911960601807e-01
2.443451166152954102e+00,2.680742740631103516e+00
6.143296957015991211e-01,4.321403056383132935e-02
-2.414746999740600586e+00,-3.047256469726562500e-01
1.021097064018249512e+00,-9.878750443458557129e-01
2.514281868934631348e-01,1.894610077142715454e-01
1.999335587024688721e-01,-1.495189368724822998e-01
3.195154070854187012e-01,-1.400673747062683105e+00
1.478486180305480957e+00,1.811381936073303223e+00
-7.622445225715637207e-01,-3.610916733741760254e-01
-2.337939739227294922e+00,1.110482454299926758e+00
-9.637065529823303223e-01,-1.035510420799255371e+00
-1.181140899658203125e+00,7.678389549255371094e-01
-2.826074123382568359e+00,1.509316444396972656e+00
-1.167077302932739258e+00,1.294437646865844727e+00
6.644822359085083008e-01,-7.490217089653015137e-01
-3.432750701904296875e+00,-2.819664001464843750e+00
1.054204463958740234e+00,-1.943510890007019043e+00
2.781109094619750977e+00,1.296148657798767090e+00
1.803354144096374512e+00,-2.317935228347778320e+00
5.560491681098937988e-01,-8.991150259971618652e-01
2.825108170509338379e-01,-2.162490785121917725e-01
5.649831891059875488e-01,-9.394276142120361328e-01
-9.937359392642974854e-02,-9.686536192893981934e-01
3.651095628738403320e-01,-3.884265571832656860e-02
7.736303210258483887e-01,-5.041681528091430664e-01
1.229418277740478516e+00,-9.838085174560546875e-01
6.234007477760314941e-01,2.436180591583251953e+00
-8.669671416282653809e-01,-1.661030411720275879e+00
2.716761231422424316e-01,3.761799335479736328e-01
7.777785658836364746e-01,-9.299255013465881348e-01
1.071909546852111816e+00,-2.490215301513671875e+00
-2.587901115417480469e+00,-4.762506186962127686e-01
5.698987245559692383e-01,-9.117108583450317383e-01
-1.353206038475036621e+00,1.321698069572448730e+00
1.543284207582473755e-01,1.284577369689941406e+00
7.198022603988647461e-01,-7.588027119636535645e-01
1.163658499717712402e-01,-8.248223662376403809e-01
1.005851745605468750e+00,-8.084889650344848633e-01
2.204847097396850586e+00,-6.594074964523315430e-01
-9.620711207389831543e-02,1.009287595748901367e+00
-6.708036363124847412e-02,-1.320847272872924805e+00
9.362590909004211426e-01,8.068376034498214722e-02
5.945385098457336426e-01,-1.053120851516723633e+00
2.301233857870101929e-01,-4.578562676906585693e-01
-8.698272705078125000e-01,-8.526195585727691650e-02
8.109906911849975586e-01,-9.816322922706604004e-01
2.781109094619750977e+00,1.296148657798767090e+00
2.935802638530731201e-01,-6.003206595778465271e-02
4.595617055892944336e-01,3.598663806915283203e-01
4.266501218080520630e-02,-1.474690556526184082e+00
2.759218215942382812e-01,2.184460014104843140e-01
-9.997571110725402832e-01,-7.710528373718261719e-01
1.185983300209045410e+00,-1.851764440536499023e+00
-1.153997182846069336e+00,7.626287937164306641e-01
-1.584237456321716309e+00,-7.520097494125366211e-01
5.025638639926910400e-02,-1.562226414680480957e-01
4.165135324001312256e-01,-2.323824912309646606e-01
6.178486347198486328e-01,2.939934134483337402e-01
7.020753026008605957e-01,-6.709731221199035645e-01
-4.990469515323638916e-01,-3.882314562797546387e-01
-3.672787249088287354e-01,5.235691070556640625e-01
-6.028058528900146484e-01,-1.347158312797546387e+00
-7.921110987663269043e-01,6.522251367568969727e-01
-3.550398945808410645e-01,8.972404003143310547e-01
6.836667656898498535e-01,-8.222037553787231445e-01
2.590362131595611572e-01,1.486916840076446533e-01
-3.964354395866394043e-01,-7.795773148536682129e-01
2.883654087781906128e-02,-1.158171668648719788e-01
-9.342119097709655762e-01,-5.639272928237915039e-01
2.588208675384521484e+00,2.062522172927856445e+00
7.231518626213073730e-01,-6.067184805870056152e-01
1.251664161682128906e+00,8.226363062858581543e-01
5.973684415221214294e-02,-2.893558740615844727e-01
-9.414753317832946777e-01,-1.293261498212814331e-01
1.016433358192443848e+00,-6.911405324935913086e-01
8.527448177337646484e-01,-7.765428423881530762e-01
-1.103823304176330566e+00,-4.128663539886474609e-01
3.957834541797637939e-01,5.022361874580383301e-02
4.321484565734863281e-01,2.574022710323333740e-01
7.777352929115295410e-01,6.628432869911193848e-01
-2.732359468936920166e-01,-6.117426156997680664e-01
3.738663196563720703e-01,5.705351829528808594e-01
-1.677519917488098145e+00,-1.020119905471801758e+00
3.608541786670684814e-01,-1.178856417536735535e-01
-1.985536217689514160e+00,-3.438893854618072510e-01
6.598058342933654785e-02,-3.573114871978759766e-01
-2.203988552093505859e+00,4.030200004577636719e+00
1.611900180578231812e-01,-8.062853813171386719e-01
9.205743670463562012e-01,-1.999491214752197266e+00
7.842584252357482910e-01,-8.660008907318115234e-01
6.600676774978637695e-01,-2.511802613735198975e-01
9.634890407323837280e-02,-1.061018928885459900e-01
-4.908228814601898193e-01,-2.731174230575561523e-01
-7.459803223609924316e-01,-4.068977236747741699e-01
1.154211878776550293e+00,-1.946884632110595703e+00
-9.761264920234680176e-01,6.685101985931396484e-01
-4.211162030696868896e-01,-4.446880817413330078e-01
1.513716578483581543e+00,1.663498997688293457e+00
-1.902946352958679199e+00,-9.405138492584228516e-01
8.248749375343322754e-01,-7.846973538398742676e-01
7.754069566726684570e-01,-2.864910662174224854e-01
4.174476265907287598e-01,-9.584974050521850586e-01
5.322966575622558594e-01,-9.098696522414684296e-03
7.758743762969970703e-01,-7.338792681694030762e-01
1.067095026373863220e-01,-1.668117009103298187e-03
5.487254261970520020e-01,-4.020959436893463135e-01
-1.418431878089904785e+00,-1.194375753402709961e+00
3.651789426803588867e-01,1.229029059410095215e+00
2.259484678506851196e-01,-2.327891588211059570e-01
8.018504977226257324e-01,-8.312135338783264160e-01
-6.835988759994506836e-01,1.777510344982147217e-01
-8.276242017745971680e-01,-1.563295006752014160e+00
2.738147675991058350e-01,-2.137552648782730103e-01
8.409514427185058594e-01,-7.041422128677368164e-01
8.349709510803222656e-01,-6.934811472892761230e-01
3.855048716068267822e-01,-1.857873320579528809e+00
6.095940470695495605e-01,-9.144809842109680176e-01
1.621820032596588135e-01,-5.535728931427001953e-01
5.571076869964599609e-01,-9.349437355995178223e-01
-1.592474102973937988e+00,-1.750073194503784180e+00
-1.192753672599792480e+00,6.980380415916442871e-02
1.463263630867004395e+00,7.557876110076904297e-01
-7.459803223609924316e-01,-4.068977236747741699e-01
5.701234936714172363e-01,-8.254067897796630859e-01
6.111425161361694336e-02,-3.179667592048645020e-01
5.366526916623115540e-02,-5.265705585479736328e-01
5.692423582077026367e-01,-9.385064840316772461e-01
-1.593295812606811523e+00,-1.133160114288330078e+00
1.160138487815856934e+00,-1.138236880302429199e+00
1.654205471277236938e-01,5.211219191551208496e-01
4.709927737712860107e-01,-1.665608406066894531e+00
6.774643063545227051e-01,-8.803508281707763672e-01
-2.254069223999977112e-02,-8.726250529289245605e-01
5.989983677864074707e-01,-9.278647899627685547e-01
-6.575933694839477539e-01,1.098746582865715027e-01
1.463117718696594238e+00,-3.942069053649902344e+00
7.680341005325317383e-01,-7.129077911376953125e-01
-7.952670454978942871e-01,-1.015701055526733398e+00
6.423906683921813965e-01,-5.888958573341369629e-01
2.270657420158386230e-01,2.251451015472412109e-01
-6.919158101081848145e-01,7.286133766174316406e-01
5.614454150199890137e-01,-8.883110880851745605e-01
7.925239205360412598e-02,7.415169477462768555e-02
-5.093004107475280762e-01,5.953539013862609863e-01
-2.333769083023071289e+00,-8.935942053794860840e-01
-4.423139393329620361e-01,5.865504741668701172e-01
-4.082970619201660156e-01,1.828751564025878906e-01
1.879902780055999756e-01,-7.812162637710571289e-01
-1.034439206123352051e+00,-1.438793987035751343e-01
-1.138194680213928223e+00,-2.936673164367675781e-01
1.693434715270996094e-01,-5.894850492477416992e-01
-1.616655439138412476e-01,6.986373662948608398e-01
8.354660868644714355e-02,-6.416997313499450684e-02
-1.460256099700927734e+00,-4.980130195617675781e-01
-3.653724789619445801e-01,-1.519794911146163940e-01
-2.304158926010131836e+00,1.191322565078735352e+00
3.687846660614013672e-01,-8.711913824081420898e-01
2.077308595180511475e-01,-4.096448123455047607e-01
-4.464492499828338623e-01,9.911381602287292480e-01
-2.094266936182975769e-02,1.450510621070861816e+00
9.168282151222229004e-02,-2.503016293048858643e-01
1.743167996406555176e+00,-2.686688184738159180e+00
-1.988356262445449829e-01,1.216465353965759277e+00
6.544717550277709961e-01,-1.133643746376037598e+00
1.261537969112396240e-01,-2.908872365951538086e-01
8.145726323127746582e-01,-1.302595853805541992e+00
8.184757232666015625e-01,-7.007671594619750977e-01
6.082242354750633240e-02,1.811950802803039551e+00
-2.097296714782714844e+00,-3.463906764984130859e+00
-6.028058528900146484e-01,-1.347158312797546387e+00
1.140763014554977417e-01,-2.013550549745559692e-01
-3.295099735260009766e+00,-1.169270753860473633e+00
-7.858181595802307129e-01,-6.707543730735778809e-01
1.482351571321487427e-01,-2.029024213552474976e-01
-2.379282951354980469e+00,2.263557016849517822e-01
-7.256228923797607422e-01,-4.168015718460083008e-01
1.237196445465087891e+00,-2.036783695220947266e+00
-8.136510848999023438e-01,-3.721613287925720215e-01
-9.741376042366027832e-01,-3.170747160911560059e-01
-1.205696940422058105e+00,2.352020978927612305e+00
-9.530783295631408691e-01,1.869252026081085205e-01
6.554438471794128418e-01,-9.197297692298889160e-01
1.380352735519409180e+00,-7.645334601402282715e-01
-2.741921186447143555e+00,1.364746928215026855e+00
1.023721247911453247e-01,6.700943708419799805e-01
2.668392956256866455e-01,4.301235377788543701e-01
-1.826532721519470215e+00,-3.209387362003326416e-01
-1.164047122001647949e+00,2.702226117253303528e-02
-5.129078030586242676e-01,-4.167877733707427979e-01
1.049779891967773438e+00,-6.986898183822631836e-01
-1.593295812606811523e+00,-1.133160114288330078e+00
2.647992372512817383e-01,1.371256828308105469e+00
-4.117066860198974609e-01,1.761126995086669922e+00
-8.348323702812194824e-01,-7.125725150108337402e-01
7.964543104171752930e-01,1.872548222541809082e+00
6.047083139419555664e-01,2.628408372402191162e-01
-8.884646892547607422e-01,-1.950688958168029785e-01
8.906765282154083252e-02,-9.617130160331726074e-01
-1.150574535131454468e-03,8.051001429557800293e-01
-4.307670295238494873e-01,-7.438696920871734619e-02
6.162483692169189453e-01,-8.103943467140197754e-01
7.140578627586364746e-01,-7.508841156959533691e-01
-1.699676066637039185e-01,-1.501967668533325195e+00
7.901191711425781250e-01,-7.091100811958312988e-01
1.823461949825286865e-01,4.623457491397857666e-01
-1.035916566848754883e+00,-9.755318611860275269e-02
9.080376029014587402e-01,-1.854293465614318848e+00
-9.555647969245910645e-01,1.268466860055923462e-01
-1.790678739547729492e+00,1.513210177421569824e+00
-2.608401477336883545e-01,1.926298260688781738e+00
5.366526916623115540e-02,-5.265705585479736328e-01
-1.341184139251708984e+00,1.999412059783935547e+00
-1.060406088829040527e+00,8.330867290496826172e-01
-3.407558679580688477e+00,-5.996242165565490723e-01
1.065502285957336426e+00,-2.731369018554687500e+00
1.849745213985443115e-01,-1.902716875076293945e+00
1.826915591955184937e-01,-3.349387347698211670e-01
-2.231798410415649414e+00,-1.449422955513000488e+00
3.490011394023895264e-01,3.940262794494628906e-01
-6.824663281440734863e-01,-2.870800793170928955e-01
-1.955887198448181152e+00,2.546908557415008545e-01
2.106596976518630981e-01,-2.836019754409790039e+00
7.372316718101501465e-01,-1.220992803573608398e+00
-1.103823304176330566e+00,-4.128663539886474609e-01
-1.363285064697265625e+00,-6.336733698844909668e-01
6.977563500404357910e-01,-3.097506761550903320e-01
-6.343356966972351074e-01,6.738427281379699707e-01
-1.508636400103569031e-02,-1.657177656888961792e-01
1.916190624237060547e+00,1.358567476272583008e+00
8.241424560546875000e-01,-6.212373971939086914e-01
1.587231755256652832e+00,-2.106634616851806641e+00
-1.269254922866821289e+00,-8.711050748825073242e-01
1.185983300209045410e+00,-1.851764440536499023e+00
2.439297735691070557e-01,-9.454083442687988281e-02
-7.562755346298217773e-01,5.019986629486083984e-01
1.023921966552734375e+00,-1.303522109985351562e+00
9.722979068756103516e-01,-1.890205144882202148e+00
1.627279162406921387e+00,-2.131140232086181641e+00
7.401004433631896973e-01,-7.859666943550109863e-01
2.873895764350891113e-01,-9.403922557830810547e-01
-5.186783075332641602e-01,-5.112213492393493652e-01
-2.560611367225646973e-01,-9.318366050720214844e-01
-1.355235576629638672e+00,-1.093343734741210938e+00
-9.999592900276184082e-01,-1.870787501335144043e+00
1.191247701644897461e+00,-5.634055137634277344e-01
1.474295377731323242e+00,7.932955771684646606e-02
8.196956515312194824e-01,-3.590444922447204590e-01
-1.696714758872985840e+00,-8.142257928848266602e-01
2.482721954584121704e-01,2.522396743297576904e-01
3.280669152736663818e-01,-5.769342184066772461e-01
3.353948891162872314e-01,-9.229896217584609985e-02
6.685738563537597656e-01,-6.791106462478637695e-01
-7.933438420295715332e-01,-1.552724719047546387e+00
6.313018202781677246e-01,-8.931809067726135254e-01
1.169727593660354614e-01,3.700555264949798584e-01
-1.493544340133666992e+00,-8.969404697418212891e-01
-1.069262623786926270e+00,-5.830445289611816406e-01
5.071542263031005859e-01,-9.270922541618347168e-01
3.504688441753387451e-01,-5.086873769760131836e-01
-1.516398072242736816e+00,-2.499408483505249023e+00
6.545877456665039062e-01,-5.993700623512268066e-01
6.730157732963562012e-01,-8.165830969810485840e-01
7.129502296447753906e-01,-2.279756665229797363e-01
-5.839922428131103516e-01,2.696352005004882812e+00
-6.181489229202270508e-01,1.981130838394165039e+00
-1.132947206497192383e+00,-9.400974512100219727e-01
-5.819335207343101501e-02,-3.475818037986755371e-01
-9.399656057357788086e-01,-1.737971305847167969e+00
9.646537303924560547e-01,-6.664928793907165527e-01
1.507655143737792969e+00,-4.743367135524749756e-01
6.093367189168930054e-02,1.568325012922286987e-01
-3.049568831920623779e-01,-1.645655184984207153e-01
-3.903993368148803711e-01,-9.597254544496536255e-02
1.741191148757934570e-01,2.512503266334533691e-01
-5.992193222045898438e-01,-1.409229338169097900e-01
1.503665804862976074e+00,-1.370566725730895996e+00
-1.488923549652099609e+00,8.005844950675964355e-01
-3.104787349700927734e+00,-1.516411781311035156e+00
-1.073334932327270508e+00,6.066915392875671387e-01
1.110388875007629395e+00,-4.669193923473358154e-01
2.620815038681030273e-01,4.645703360438346863e-02
-9.698441624641418457e-01,-5.222188830375671387e-01
-1.355226039886474609e+00,1.035523414611816406e+00
-2.782680690288543701e-01,4.799811542034149170e-01
2.229396551847457886e-01,6.976091265678405762e-01
-1.423238992691040039e+00,-6.547272801399230957e-01
-1.893623828887939453e+00,-1.257869243621826172e+00
1.545276284217834473e+00,5.811636447906494141e-01
-3.177375078201293945e+00,-2.138522624969482422e+00
9.910868406295776367e-01,-1.679252147674560547e+00
3.548574686050415039e+00,2.674663066864013672e+00
-7.658554315567016602e-01,1.523522734642028809e+00
2.275933921337127686e-01,-3.976885378360748291e-01
3.646991550922393799e-01,-1.079246520996093750e+00
-4.315402507781982422e-01,1.314666587859392166e-02
1.320627778768539429e-01,1.417750567197799683e-01
-1.778113007545471191e+00,9.822061061859130859e-01
7.186059951782226562e-01,-6.302056312561035156e-01
7.090427875518798828e-01,2.148568481206893921e-01
-2.490869522094726562e+00,1.458797324448823929e-02
-1.117632627487182617e+00,8.682121038436889648e-01
-4.701265990734100342e-01,6.135354638099670410e-01
-9.628380835056304932e-02,-1.562326431274414062e+00
-2.716184258460998535e-01,-5.250281691551208496e-01
-5.849820971488952637e-01,-1.245656982064247131e-01
6.567643880844116211e-01,-6.621441841125488281e-01
5.679517984390258789e-01,-1.025493860244750977e+00
1.164245247840881348e+00,-6.243276596069335938e-01
-1.068704128265380859e+00,2.098259210586547852e+00
8.613735437393188477e-01,-1.674525499343872070e+00
-4.138972163200378418e-01,-1.439360380172729492e+00
6.598058342933654785e-02,-3.573114871978759766e-01
5.692356824874877930e-01,-1.668418347835540771e-01
9.634890407323837280e-02,-1.061018928885459900e-01
5.200558900833129883e-01,-2.554918527603149414e-01
7.127008438110351562e-01,-8.465285301208496094e-01
-9.675491601228713989e-03,-2.218808889389038086e+00
-1.395760655403137207e+00,5.176030993461608887e-01
-2.353059768676757812e+00,-3.341675758361816406e+00
-3.488116562366485596e-01,-1.197200939059257507e-01
-4.207572042942047119e-01,-2.318421453237533569e-01
-1.279354095458984375e+00,1.166165471076965332e+00
-2.938224792480468750e+00,-1.113085865974426270e+00
4.513567984104156494e-01,-7.549908757209777832e-01
8.514748215675354004e-01,-8.252816200256347656e-01
1.635960817337036133e+00,-1.787034511566162109e+00
-9.608034491539001465e-01,-8.553653210401535034e-02
-1.598429203033447266e+00,-1.181153655052185059e+00
9.914388060569763184e-01,-1.896487832069396973e+00
5.530527830123901367e-01,-8.283647298812866211e-01
-2.550842761993408203e+00,-8.445953130722045898e-01
4.277644455432891846e-01,-1.593353152275085449e-01
5.378625392913818359e-01,-5.443909168243408203e-01
-3.460820615291595459e-01,4.357747137546539307e-01
1.014048099517822266e+00,-3.875877261161804199e-01
-1.644509553909301758e+00,-1.195967674255371094e+00
-1.079205870628356934e+00,-9.531493186950683594e-01
-1.205696940422058105e+00,2.352020978927612305e+00
-2.383468151092529297e+00,1.818199396133422852e+00
-2.987242043018341064e-01,1.064036846160888672e+00
7.254922986030578613e-01,-8.253334164619445801e-01
-2.513211727142333984e+00,-1.754808664321899414e+00
8.521677255630493164e-01,-7.021015286445617676e-01
8.105437159538269043e-01,-2.986589074134826660e-01
-9.563987851142883301e-01,6.043308973312377930e-01
1.281987428665161133e-01,6.957620382308959961e-02
2.643975429236888885e-02,-1.706808686256408691e+00
9.985570609569549561e-02,-2.649182081222534180e-01
-6.326389908790588379e-01,3.025743961334228516e-01
2.785240113735198975e-01,2.839577496051788330e-01
1.452722549438476562e-01,6.917661428451538086e-01
2.590362131595611572e-01,1.486916840076446533e-01
-9.342119097709655762e-01,-5.639272928237915039e-01
8.406346291303634644e-02,-2.494753152132034302e-01
1.742248773574829102e+00,-2.477082014083862305e-01
-1.486217498779296875e+00,-2.934191226959228516e-01
-4.725639522075653076e-01,1.560412168502807617e+00
7.995302677154541016e-01,-6.798858642578125000e-01
6.910960078239440918e-01,-7.447107434272766113e-01
-1.274648904800415039e+00,-7.180187702178955078e-01
1.119910955429077148e+00,-4.909931123256683350e-01
1.980349302291870117e+00,3.184095323085784912e-01
-1.147656083106994629e+00,-1.031170964241027832e+00
6.826568245887756348e-01,-9.166803359985351562e-01
-5.569306015968322754e-01,-3.609926402568817139e-01
-5.718500018119812012e-01,1.195577263832092285e+00
1.810094475746154785e+00,9.144173860549926758e-01
7.462551593780517578e-01,-7.613511681556701660e-01
4.614609181880950928e-01,1.793648600578308105e-01
-3.582092747092247009e-02,-8.146463632583618164e-01
6.526041626930236816e-01,-6.354923248291015625e-01
6.191955804824829102e-01,-8.767072558403015137e-01
6.694419980049133301e-01,-6.402190327644348145e-01
1.920002102851867676e+00,-2.227363109588623047e+00
-4.207099378108978271e-01,-7.431761622428894043e-01
-3.410664200782775879e-01,-2.453030347824096680e+00
4.461767971515655518e-01,-1.577422261238098145e+00
-3.498444855213165283e-01,-2.092815637588500977e+00
-4.581159651279449463e-01,-3.773181736469268799e-01
-8.904501199722290039e-01,-4.963981509208679199e-01
-1.370825320482254028e-01,1.164049267768859863e+00
2.790549099445343018e-01,2.976941168308258057e-01
2.407219648361206055e+00,9.555301666259765625e-01
2.873895764350891113e-01,-9.403922557830810547e-01
-5.526825189590454102e-01,-1.417656429111957550e-03
1.385007977485656738e+00,-2.101725578308105469e+00
1.102063179016113281e+00,2.428259849548339844e+00
-5.929521918296813965e-01,-3.061159849166870117e-01
-2.027521133422851562e+00,9.387743473052978516e-01
8.129662871360778809e-01,-8.120952844619750977e-01
-2.544984340667724609e+00,2.916628837585449219e+00
-5.513405799865722656e-01,-3.350416719913482666e-01
2.599005103111267090e-01,3.134354948997497559e-01
-1.261729001998901367e+00,3.035581350326538086e+00
-1.002313971519470215e+00,8.063024282455444336e-01
-4.864730313420295715e-02,-3.510844409465789795e-01
9.072563052177429199e-01,-7.165067791938781738e-01
1.634799718856811523e+00,6.053474545478820801e-01
8.755443692207336426e-01,-6.310937553644180298e-02
-4.709545671939849854e-01,4.489944130182266235e-02
-2.365093082189559937e-01,5.376187562942504883e-01
-3.973325490951538086e-01,-7.880395650863647461e-02
-3.402008056640625000e+00,-1.186507582664489746e+00
7.139027118682861328e-01,-1.088447451591491699e+00
-5.238265991210937500e-01,-8.506153821945190430e-01
-1.486901044845581055e+00,-5.104108899831771851e-02
1.079112768173217773e+00,-5.118409991264343262e-01
-9.943998456001281738e-01,-2.905683815479278564e-01
1.380540728569030762e+00,-2.003006935119628906e+00
-1.537440180778503418e+00,-7.134499549865722656e-01
-8.007685542106628418e-01,-2.486934512853622437e-01
-1.138077020645141602e+00,-1.035807371139526367e+00
5.712625980377197266e-01,-8.291230201721191406e-01
-8.793255686759948730e-01,-1.371523141860961914e+00
2.609636485576629639e-01,2.030397802591323853e-01
3.524121269583702087e-02,-3.304019272327423096e-01
-6.219636201858520508e-01,5.459182262420654297e-01
1.634799718856811523e+00,6.053474545478820801e-01
4.395786225795745850e-01,-3.889464586973190308e-02
-1.641104221343994141e+00,5.128290653228759766e-01
-2.013624668121337891e+00,-7.655777335166931152e-01
7.408032417297363281e-01,-6.056567430496215820e-01
-1.271478772163391113e+00,5.236499309539794922e-01
-1.619564294815063477e+00,-2.954020500183105469e-01
-1.241805195808410645e+00,6.702296733856201172e-01
1.752344608306884766e+00,2.918699756264686584e-02
-1.465966254472732544e-01,-4.320126473903656006e-01
7.749763727188110352e-01,-7.056320905685424805e-01
9.458987712860107422e-01,-1.758398056030273438e+00
3.312755525112152100e-01,-1.948145925998687744e-01
-6.641971468925476074e-01,-4.864632785320281982e-01
-2.128443270921707153e-01,6.030504703521728516e-01
-3.342645168304443359e-01,4.791122376918792725e-01
7.186352610588073730e-01,-1.151983380317687988e+00
6.346877813339233398e-01,2.367650568485260010e-01
-1.401238203048706055e+00,-7.380065917968750000e-01
-3.730405867099761963e-01,-5.995449423789978027e-01
-1.684119105339050293e-01,-1.287696838378906250e+00
1.227600216865539551e+00,-4.744588136672973633e-01
1.073585629463195801e+00,1.235791444778442383e-01
-2.277995347976684570e+00,-1.716805815696716309e+00
-4.306546151638031006e-01,1.207103252410888672e+00
2.756326794624328613e-01,-1.001130416989326477e-01
-3.228894472122192383e-01,5.879015326499938965e-01
-1.274517774581909180e+00,3.830679357051849365e-01
9.320170879364013672e-01,-4.195800125598907471e-01
1.497595459222793579e-01,4.771077632904052734e-01
2.759218215942382812e-01,2.184460014104843140e-01
1.023921966552734375e+00,-1.303522109985351562e+00
-4.126458987593650818e-02,1.219906926155090332e+00
2.314823865890502930e-01,-8.230221271514892578e-01
-2.098987579345703125e+00,-6.290376931428909302e-02
1.611900180578231812e-01,-8.062853813171386719e-01
-1.385723829269409180e+00,-8.029291033744812012e-01
1.364375501871109009e-01,1.860860437154769897e-01
-7.197799682617187500e-01,-3.194153308868408203e-01
5.537889599800109863e-01,-1.209271073341369629e+00
5.258966088294982910e-01,-5.595243722200393677e-02
1.299049139022827148e+00,-8.329354524612426758e-01
1.181574344635009766e+00,9.129256010055541992e-01
-5.179803967475891113e-01,-3.503449857234954834e-01
5.671580433845520020e-01,-1.726264119148254395e+00
9.704803675413131714e-02,-2.455896884202957153e-01
5.474682450294494629e-01,-8.451524972915649414e-01
2.849715352058410645e-01,-1.096556425094604492e+00
7.633768320083618164e-01,-1.039597392082214355e+00
-8.600423336029052734e-01,8.030804991722106934e-01
7.079568505287170410e-01,-8.511400222778320312e-01
9.546794295310974121e-01,-2.373050212860107422e+00
6.775792837142944336e-01,-8.784892559051513672e-01
-7.348499894142150879e-01,-1.409123063087463379e+00
2.287188470363616943e-01,-4.782492220401763916e-01
-5.379240512847900391e-01,-8.583672046661376953e-01
-8.904989957809448242e-01,-1.159354686737060547e+00
-9.507839083671569824e-01,-1.133685261011123657e-01
-1.728797674179077148e+00,-6.981684565544128418e-01
9.046286344528198242e-02,7.463022321462631226e-02
3.545735478401184082e-01,-1.202523827552795410e+00
2.189939022064208984e-01,-5.238727927207946777e-01
-1.261729001998901367e+00,3.035581350326538086e+00
-5.581390857696533203e-01,1.737756967544555664e+00
1.040268778800964355e+00,-9.578366279602050781e-01
4.820160865783691406e-01,2.889988720417022705e-01
-1.331337928771972656e+00,-6.061181426048278809e-01
6.826568245887756348e-01,-9.166803359985351562e-01
1.863317787647247314e-01,-2.596502006053924561e-01
6.475248187780380249e-02,5.827279686927795410e-01
-6.008478999137878418e-01,1.640286445617675781e+00
-2.053083896636962891e+00,-2.647784352302551270e-01
-9.079341888427734375e-01,2.033272266387939453e+00
4.344103634357452393e-01,-1.553318858146667480e+00
2.960354387760162354e-01,-5.701533332467079163e-02
-1.125661492347717285e+00,-4.224054813385009766e-01
2.668630778789520264e-01,2.638444006443023682e-01
1.318112850189208984e+00,-1.994544029235839844e+00
-1.504667520523071289e+00,5.523728132247924805e-01
-2.560611367225646973e-01,-9.318366050720214844e-01
7.139027118682861328e-01,-1.088447451591491699e+00
7.211565375328063965e-01,-7.700560688972473145e-01
6.967121958732604980e-01,-1.411477327346801758e+00
3.079900741577148438e-01,-2.391181290149688721e-01
2.396917641162872314e-01,-4.400553107261657715e-01
1.380352735519409180e+00,-7.645334601402282715e-01
-2.188816308975219727e+00,-9.371699094772338867e-01
-8.390434086322784424e-02,5.442426800727844238e-01
-2.387603282928466797e+00,2.162388086318969727e+00
2.111756354570388794e-01,9.744054079055786133e-01
1.244265198707580566e+00,1.985701918601989746e+00
2.333994060754776001e-01,-6.009374260902404785e-01
7.408032417297363281e-01,-6.056567430496215820e-01
-3.495063304901123047e+00,2.379649877548217773e+00
8.109906911849975586e-01,-9.816322922706604004e-01
-9.487567543983459473e-01,5.966822057962417603e-02
1.139633059501647949e+00,-6.729930043220520020e-01
-7.171674370765686035e-01,-4.596437215805053711e-01
1.039155244827270508e+00,-4.002096652984619141e-01
-1.964517235755920410e+00,-1.230158925056457520e+00
-5.744123458862304688e-01,-3.639771342277526855e-01
-5.380250886082649231e-02,-1.161614418029785156e+00
-4.631376564502716064e-01,-3.085347712039947510e-01
-5.163121595978736877e-02,-1.406881958246231079e-01
-6.202422454953193665e-02,8.097354173660278320e-01
-1.129014045000076294e-01,1.596876144409179688e+00
-3.038884639739990234e+00,8.551070690155029297e-01
-4.296343326568603516e-01,5.338841080665588379e-01
2.280003875494003296e-01,-1.792054295539855957e+00
-2.546686410903930664e+00,2.652591466903686523e+00
9.704803675413131714e-02,-2.455896884202957153e-01
-1.219226956367492676e+00,-2.470367103815078735e-01
-7.196472287178039551e-01,-8.103051185607910156e-01
8.126463294029235840e-01,-6.996589899063110352e-01
-5.058937072753906250e-01,-6.572003364562988281e-01
-5.982067584991455078e-01,-3.370623290538787842e-01
6.899600028991699219e-01,-1.268797874450683594e+00
-3.951181769371032715e-01,-7.674697041511535645e-01
1.395160436630249023e+00,-8.188686519861221313e-02
-1.659937947988510132e-01,-7.468434423208236694e-02
2.270657420158386230e-01,2.251451015472412109e-01
-6.551041007041931152e-01,1.774588584899902344e+00
2.957641482353210449e-01,3.122084736824035645e-01
-5.380250886082649231e-02,-1.161614418029785156e+00
6.062157750129699707e-01,-3.545833230018615723e-01
2.686533927917480469e-01,-8.639542460441589355e-01
-3.792612314224243164e+00,-1.471563100814819336e+00
-7.371279597282409668e-01,-1.661696195602416992e+00
-1.142194628715515137e+00,-2.770899236202239990e-01
-3.773722648620605469e-01,-9.679258465766906738e-01
7.231518626213073730e-01,-6.067184805870056152e-01
-7.175673842430114746e-01,-7.037444710731506348e-01
8.373817801475524902e-01,-6.515101790428161621e-01
7.179043292999267578e-01,-7.673635482788085938e-01
5.778195858001708984e-01,-3.187690675258636475e-02
-2.513211727142333984e+00,-1.754808664321899414e+00
7.516041398048400879e-01,7.218340635299682617e-01
7.493435144424438477e-01,4.456682503223419189e-01
1.281987428665161133e-01,6.957620382308959961e-02
-9.217967391014099121e-01,2.982569113373756409e-02
1.270898282527923584e-01,-3.832753300666809082e-01
-5.542891025543212891e-01,5.437532663345336914e-01
-1.321716234087944031e-02,-1.890513181686401367e+00
