-1.076588153839111328e+00,9.080098867416381836e-01
-1.106832742691040039e+00,1.286417841911315918e+00
-1.422020494937896729e-01,-1.076169729232788086e+00
-2.426548749208450317e-01,-1.246248126029968262e+00
-8.261463642120361328e-01,-3.161824047565460205e-01
3.310672938823699951e-02,-1.218300104141235352e+00
2.649171352386474609e-01,7.676421999931335449e-01
8.794795274734497070e-01,2.102478444576263428e-01
-1.288021087646484375e+00,-8.922957181930541992e-01
-1.744086265563964844e+00,-5.605259537696838379e-01
6.576158851385116577e-02,-1.159751415252685547e+00
-1.857459545135498047e+00,1.961164236068725586e+00
-3.983016312122344971e-02,-1.662748157978057861e-01
-7.583871483802795410e-01,5.945141911506652832e-01
-9.861575812101364136e-02,-1.092328310012817383e+00
5.736314058303833008e-01,-2.276382744312286377e-01
-9.711051732301712036e-02,-1.242049932479858398e+00
3.516132235527038574e-01,-3.092659115791320801e-01
-8.316327333450317383e-01,2.786951065063476562e-01
3.300307989120483398e-01,2.193655252456665039e+00
-1.398256719112396240e-01,-2.445153892040252686e-03
-1.304147362709045410e+00,1.186570763587951660e+00
3.868255317211151123e-01,3.155973851680755615e-01
-1.429111957550048828e+00,-9.606060385704040527e-01
-3.610957860946655273e-01,2.301607608795166016e+00
4.998581886291503906e+00,2.008072614669799805e+00
-1.501193523406982422e+00,1.412585258483886719e+00
5.941317975521087646e-02,-1.132787942886352539e+00
2.816102504730224609e-01,-1.095839887857437134e-01
-6.327874660491943359e-01,2.245824933052062988e-01
1.996428892016410828e-02,7.979285717010498047e-01
-6.209876388311386108e-02,-2.886528253555297852e+00
7.213990688323974609e-01,4.745091497898101807e-01
1.433699429035186768e-01,-1.331058144569396973e+00
-2.928190231323242188e-01,2.278489589691162109e+00
-1.528914868831634521e-01,-1.980350852012634277e+00
-5.821073651313781738e-01,3.757775425910949707e-01
7.923870682716369629e-01,-2.621059417724609375e-01
-2.125424385070800781e+00,5.692695975303649902e-01
-6.575873494148254395e-01,1.879970133304595947e-01
-1.670000553131103516e+00,5.675169825553894043e-01
-2.383630126714706421e-01,-1.120174884796142578e+00
5.576221346855163574e-01,7.851383090019226074e-01
-2.543048381805419922e+00,6.965730190277099609e-01
-1.116822212934494019e-01,1.891945451498031616e-01
-1.111566781997680664e+00,4.905266284942626953e+00
-3.591682016849517822e-01,3.741315901279449463e-01
4.432286918163299561e-01,1.222477912902832031e+00
-1.948601841926574707e+00,-6.904362440109252930e-01
5.273433327674865723e-01,1.393129944801330566e+00
-8.962776660919189453e-01,4.500266611576080322e-01
3.664511144161224365e-01,5.885364413261413574e-01
-1.352837443351745605e+00,1.085949063301086426e+00
-1.043593138456344604e-01,-2.508327722549438477e+00
-5.283536911010742188e-01,1.378002882003784180e+00
-1.706997632980346680e+00,2.127756178379058838e-01
-9.788055419921875000e-01,6.363592147827148438e-01
-1.005110502243041992e+00,8.069680929183959961e-01
-2.203064709901809692e-01,-4.017280042171478271e-01
-1.112514495849609375e+00,1.000746369361877441e+00
5.580084323883056641e-01,-2.199395596981048584e-01
-2.867134846746921539e-02,1.029075145721435547e+00
-1.409850269556045532e-01,-9.872747659683227539e-01
2.792299389839172363e-01,-1.207101702690124512e+00
-4.940299987792968750e-01,-1.128262996673583984e+00
2.117976903915405273e+00,2.347891092300415039e+00
1.376121789216995239e-01,-1.032577395439147949e+00
4.910413324832916260e-01,2.015784978866577148e+00
-1.465191125869750977e+00,3.623229980468750000e+00
1.269599050283432007e-01,6.376785039901733398e-01
-1.193318724632263184e+00,1.345591664314270020e+00
-7.961190938949584961e-01,5.895702242851257324e-01
-9.828211069107055664e-01,7.027192711830139160e-01
-4.540061652660369873e-01,-5.370815992355346680e-01
-1.670000553131103516e+00,5.675169825553894043e-01
-3.246578693389892578e+00,7.582822442054748535e-01
-2.712720334529876709e-01,1.055372834205627441e+00
-1.320650801062583923e-03,-1.198610782623291016e+00
4.888687431812286377e-01,-4.603866934776306152e-01
-5.139421224594116211e-01,6.049279570579528809e-01
-8.648126572370529175e-02,-1.024550944566726685e-01
-3.400957584381103516e+00,1.908524394035339355e+00
-2.961776852607727051e-01,-2.004042148590087891e+00
-1.985604882240295410e+00,8.355404138565063477e-01
3.555282652378082275e-01,1.104929566383361816e+00
2.013614773750305176e-01,-1.091772437095642090e+00
5.749050974845886230e-01,-1.615022867918014526e-01
-3.831688761711120605e-01,-3.403123319149017334e-01
5.786157846450805664e-01,-1.202502489089965820e+00
1.690707206726074219e-01,-1.167038440704345703e+00
-1.101869940757751465e+00,1.844654440879821777e+00
-6.624641269445419312e-02,6.063730120658874512e-01
5.924306064844131470e-02,7.455611228942871094e-01
-3.231555223464965820e-01,6.662169098854064941e-01
2.536964416503906250e-01,2.569622993469238281e-01
3.975245714187622070e+00,4.015146732330322266e+00
3.227693438529968262e-01,1.024352788925170898e+00
-1.374707937240600586e+00,1.083898663520812988e+00
-2.366976976394653320e+00,7.321438193321228027e-01
8.229582309722900391e-01,1.438175439834594727e+00
-2.269287258386611938e-01,-5.730988383293151855e-01
-1.490369915962219238e+00,1.235083580017089844e+00
2.441825389862060547e+00,3.392164945602416992e+00
-1.983184933662414551e+00,1.107331991195678711e+00
-8.203727006912231445e-01,-1.109605282545089722e-01
-6.231945753097534180e-02,-1.005034327507019043e+00
-8.062824606895446777e-01,7.290436029434204102e-01
-1.353432536125183105e+00,-2.315708622336387634e-02
-7.863286733627319336e-01,3.487792313098907471e-01
6.269516348838806152e-01,-2.403261661529541016e-01
2.687355995178222656e+00,2.726996183395385742e+00
3.428218960762023926e-01,-5.610218644142150879e-02
-1.294686459004878998e-02,9.565472006797790527e-01
-2.823581218719482422e+00,3.964266479015350342e-01
5.165888071060180664e-01,4.592914283275604248e-01
-4.188652634620666504e-01,1.681143522262573242e+00
-2.164114117622375488e-01,-1.465943157672882080e-01
-1.329507231712341309e+00,2.010968208312988281e+00
-2.694042921066284180e-01,-1.458150297403335571e-01
3.267419934272766113e-01,2.637759208679199219e+00
-8.890817761421203613e-01,-7.862038910388946533e-02
2.999997377395629883e+00,-9.308998584747314453e-01
1.802113652229309082e-01,-1.245707035064697266e+00
-2.549330234527587891e+00,9.278717637062072754e-01
8.062651753425598145e-02,-1.695535629987716675e-01
-1.457542657852172852e+00,1.558265924453735352e+00
3.598345816135406494e-01,-2.267064601182937622e-01
-6.276619911193847656e+00,-1.011199474334716797e+00
1.005499243736267090e+00,1.599997580051422119e-01
-9.972302243113517761e-03,-2.459552437067031860e-01
-2.238440990447998047e+00,1.012483596801757812e+00
3.707548677921295166e-01,-1.318384528160095215e+00
7.152359187602996826e-02,2.188426733016967773e+00
-6.044201850891113281e-01,-1.887193799018859863e+00
3.748171329498291016e-01,3.644574880599975586e-01
1.653305172920227051e+00,3.163702011108398438e+00
-8.228152394294738770e-01,-9.512395858764648438e-01
1.918250322341918945e-01,-3.399673998355865479e-01
-2.948253870010375977e+00,1.272291183471679688e+00
-1.996614187955856323e-01,-2.776695251464843750e+00
-1.113428473472595215e-01,-1.155914545059204102e+00
3.555282652378082275e-01,1.104929566383361816e+00
1.519413113594055176e+00,-4.215123057365417480e-01
-3.312627971172332764e-02,-5.920222401618957520e-01
3.129120588302612305e+00,2.347751140594482422e+00
-2.383630126714706421e-01,-1.120174884796142578e+00
-5.420060753822326660e-01,-1.129295229911804199e+00
6.576158851385116577e-02,-1.159751415252685547e+00
-1.681870520114898682e-01,-1.077995896339416504e+00
-5.004586577415466309e-01,1.760846734046936035e+00
-1.553194046020507812e+00,1.383089780807495117e+00
5.790182203054428101e-02,-8.045517206192016602e-01
5.038913488388061523e-01,2.339104115962982178e-01
-5.320750474929809570e-01,1.380836665630340576e-01
3.098246455192565918e-02,-1.096574664115905762e+00
-2.088811546564102173e-01,-1.060696363449096680e+00
-8.313027620315551758e-01,1.542916059494018555e+00
-2.607840001583099365e-01,-2.040599584579467773e+00
1.076862454414367676e+00,1.882549881935119629e+00
-2.041531085968017578e+00,2.495463132858276367e+00
1.586219429969787598e+00,2.440143823623657227e+00
4.401538968086242676e-01,8.460624516010284424e-02
-1.823851585388183594e+00,9.122030735015869141e-01
2.374294400215148926e-02,-5.394508242607116699e-01
-1.028930902481079102e+00,-9.179296493530273438e-01
4.353434741497039795e-01,2.644707858562469482e-01
-8.061006665229797363e-01,3.625126183032989502e-01
2.538410723209381104e-01,-1.085581421852111816e+00
-8.831326365470886230e-01,1.929476141929626465e+00
3.505204916000366211e+00,8.627420067787170410e-01
-2.141979783773422241e-01,-9.472624063491821289e-01
-9.619821310043334961e-01,1.180077433586120605e+00
-3.050776720046997070e+00,4.302232742309570312e+00
5.144249647855758667e-02,1.636454939842224121e+00
-2.743200957775115967e-01,-8.720742464065551758e-01
-3.577406644821166992e+00,1.208731174468994141e+00
2.132566213607788086e+00,-6.639266014099121094e-01
-2.182175397872924805e+00,1.483653783798217773e+00
-4.540061652660369873e-01,-5.370815992355346680e-01
1.987854957580566406e+00,4.950059354305267334e-01
6.249658763408660889e-03,-3.863927423954010010e-01
2.610668241977691650e-01,-1.159278392791748047e+00
-9.136395454406738281e-01,9.308804571628570557e-02
-9.482653141021728516e-01,8.756657838821411133e-01
5.751477479934692383e-01,-1.188519716262817383e+00
-1.230682849884033203e+00,-2.282816648483276367e+00
-1.268131494522094727e+00,-3.141643851995468140e-02
-7.521038055419921875e-01,-1.882243275642395020e+00
2.057148814201354980e-01,-8.586971759796142578e-01
6.234863400459289551e-01,-1.235200643539428711e+00
-1.000357985496520996e+00,-6.374512314796447754e-01
-1.124489903450012207e+00,-1.222477853298187256e-02
1.742988228797912598e-01,8.512752652168273926e-01
8.863141760230064392e-03,1.402296662330627441e+00
8.863141760230064392e-03,1.402296662330627441e+00
-1.321812123060226440e-01,-2.083521127700805664e+00
-1.446949601173400879e+00,5.970141887664794922e-01
-1.346893072128295898e+00,1.338980674743652344e+00
-1.530688047409057617e+00,-5.638000369071960449e-01
-1.475640892982482910e+00,1.291083544492721558e-01
2.918466627597808838e-01,1.377963423728942871e+00
7.695491313934326172e-01,2.882424890995025635e-01
7.554116100072860718e-02,-1.188348770141601562e+00
2.031026124954223633e+00,3.018836498260498047e+00
5.193187594413757324e-01,-3.041019849479198456e-02
-9.909548759460449219e-01,1.557739257812500000e+00
8.532528579235076904e-02,-1.054067492485046387e+00
-1.943545699119567871e+00,-6.735675036907196045e-03
-3.094420135021209717e-01,-3.045073747634887695e+00
1.400237202644348145e+00,-9.919612407684326172e-01
2.833571434020996094e-01,-7.411045432090759277e-01
2.018840163946151733e-01,-5.109254121780395508e-01
7.134409993886947632e-02,7.972620129585266113e-01
-1.197607219219207764e-01,3.909634649753570557e-01
-6.022769212722778320e-01,-7.187519669532775879e-01
-2.515096366405487061e-01,1.621070265769958496e+00
-3.156382739543914795e-01,-3.977429568767547607e-01
-1.305975168943405151e-01,1.478321313858032227e+00
-1.388761550188064575e-01,1.084897398948669434e+00
-1.708278656005859375e+00,8.437533974647521973e-01
-2.013588905334472656e+00,1.905629336833953857e-01
2.772874832153320312e-01,7.889233529567718506e-04
-3.029499351978302002e-01,-5.530738234519958496e-01
6.956473588943481445e-01,2.311203002929687500e+00
1.346564531326293945e+00,1.196640849113464355e+00
-9.680148959159851074e-01,4.365205168724060059e-01
-2.476244717836380005e-01,-8.201215863227844238e-01
3.581418752670288086e+00,4.792053997516632080e-01
-1.408105716109275818e-03,-4.408785104751586914e-01
-2.086663059890270233e-02,-1.287382990121841431e-01
9.820892661809921265e-02,-7.137971520423889160e-01
-1.375503301620483398e+00,1.118189811706542969e+00
1.296701729297637939e-01,-2.302016764879226685e-01
-6.264630556106567383e-01,-9.198254942893981934e-01
5.817825198173522949e-01,-1.691316515207290649e-01
-2.326279729604721069e-01,-5.723513662815093994e-02
-9.551327675580978394e-02,1.612552627921104431e-02
-1.191735506057739258e+00,8.635703921318054199e-01
4.972770214080810547e-01,-1.071132063865661621e+00
2.205451279878616333e-01,-3.858388364315032959e-01
6.050263643264770508e-01,-4.490502774715423584e-01
2.653258740901947021e-01,-1.179793477058410645e+00
3.259964883327484131e-01,-1.025464534759521484e+00
-1.389409661293029785e+00,4.197868406772613525e-01
-9.267606139183044434e-01,-1.243326425552368164e+00
2.028634071350097656e+00,-1.956845372915267944e-01
1.534613817930221558e-01,-1.139231085777282715e+00
-6.132874488830566406e-01,1.403009891510009766e-01
-2.936070859432220459e-01,-2.141651391983032227e+00
-2.128249168395996094e+00,1.972288042306900024e-01
2.339688986539840698e-01,-8.309887051582336426e-01
3.020734786987304688e-01,-1.191941142082214355e+00
2.057148814201354980e-01,-8.586971759796142578e-01
-1.899109363555908203e+00,-4.715120494365692139e-01
-2.102031946182250977e+00,1.882465779781341553e-01
2.935666963458061218e-02,-1.116724014282226562e+00
-1.179792881011962891e+00,-2.520405769348144531e+00
3.440230786800384521e-01,-3.744423687458038330e-01
1.869062930345535278e-01,-1.241514444351196289e+00
-5.092514753341674805e-01,1.762270569801330566e+00
3.386239111423492432e-01,4.035144150257110596e-01
-1.680850237607955933e-01,-1.070354819297790527e+00
-6.664527654647827148e-01,6.948948502540588379e-01
2.336598932743072510e-02,-1.214136838912963867e+00
1.078083038330078125e+00,3.804450273513793945e+00
-2.169929742813110352e-01,-5.586744546890258789e-01
-1.997753739356994629e+00,-2.027811855077743530e-01
1.309512257575988770e-01,-1.135174989700317383e+00
2.672678977251052856e-02,2.372894883155822754e-01
-7.701246142387390137e-01,5.061848163604736328e-01
-1.600645422935485840e+00,1.840077280998229980e+00
-2.441779851913452148e+00,-3.169132471084594727e-01
-3.613226413726806641e+00,1.191859483718872070e+00
7.868684828281402588e-02,-1.055100917816162109e+00
1.578868627548217773e-01,7.712877392768859863e-01
-7.300484776496887207e-01,2.562305927276611328e-01
-3.811247825622558594e+00,3.643634319305419922e+00
2.259173095226287842e-01,6.254848837852478027e-01
5.103972554206848145e-01,-1.260640144348144531e+00
-2.311230637133121490e-02,-5.388422012329101562e-01
-1.482572436332702637e+00,-2.197907418012619019e-01
2.929823100566864014e-01,-1.246535897254943848e+00
-1.544257283210754395e+00,-4.524540305137634277e-01
-1.561723589897155762e+00,2.852160036563873291e-01
-1.383112072944641113e+00,7.744553089141845703e-01
1.381778270006179810e-01,1.049816489219665527e+00
-9.261614829301834106e-02,-1.149382293224334717e-01
-2.148314863443374634e-01,1.058196067810058594e+00
-2.330796234309673309e-02,-2.295058012008666992e+00
1.959930807352066040e-01,-1.009887695312500000e+00
-1.439887404441833496e+00,1.569705963134765625e+00
2.479478158056735992e-02,1.142737030982971191e+00
6.446206569671630859e-01,1.570761680603027344e+00
1.412960141897201538e-01,3.104784250259399414e+00
-8.685034513473510742e-02,-1.170009016990661621e+00
-6.364125013351440430e-01,-8.593944907188415527e-01
-1.170907139778137207e+00,9.664718508720397949e-01
2.738805711269378662e-01,4.765209853649139404e-01
-1.738121032714843750e+00,1.689978003501892090e+00
-1.083946228027343750e+00,-9.785861372947692871e-01
-2.114945411682128906e+00,8.649053573608398438e-01
4.398324787616729736e-01,1.182863712310791016e-01
-2.154526710510253906e+00,1.106318354606628418e+00
1.274330615997314453e-01,-9.477980136871337891e-01
-1.341513514518737793e+00,4.865985214710235596e-01
2.479698508977890015e-01,-1.147954463958740234e+00
-7.320401072502136230e-01,1.526748299598693848e+00
-2.234234958887100220e-01,-7.656398415565490723e-02
-1.770211011171340942e-01,-1.009180784225463867e+00
-1.285365670919418335e-01,-5.142019391059875488e-01
-1.054587006568908691e+00,1.488882899284362793e-01
-2.383360713720321655e-01,-1.048203825950622559e+00
-2.063873410224914551e-01,-1.129546284675598145e+00
-1.474526338279247284e-02,4.123724460601806641e+00
-1.341502815485000610e-01,-1.131390333175659180e+00
1.808586001396179199e+00,1.364137530326843262e+00
-1.685444593429565430e+00,2.593575417995452881e-01
-6.474490761756896973e-01,-1.014680415391921997e-01
-7.217371463775634766e-01,5.605391263961791992e-01
8.113519549369812012e-01,1.637449026107788086e+00
-7.325116395950317383e-01,3.983169198036193848e-01
2.973404526710510254e-01,2.323302268981933594e+00
2.933154106140136719e-01,-7.192595005035400391e-01
-2.682094812393188477e+00,-8.136755228042602539e-01
-1.645894527435302734e+00,-1.307474076747894287e-01
-7.511332631111145020e-01,5.442166328430175781e-01
-7.383855581283569336e-01,-1.202629685401916504e+00
9.727532267570495605e-01,1.648238539695739746e+00
1.848751679062843323e-02,1.043769121170043945e-01
3.883588910102844238e-01,6.411043405532836914e-01
6.589300632476806641e-01,6.973085999488830566e-01
8.327226638793945312e-01,-3.362347483634948730e-01
3.437411412596702576e-02,-2.424244880676269531e+00
7.213990688323974609e-01,4.745091497898101807e-01
7.260082364082336426e-01,1.779564619064331055e-01
-9.648099541664123535e-01,1.113605618476867676e+00
1.046041011810302734e+00,1.648742079734802246e+00
1.595458835363388062e-01,-1.117675304412841797e+00
-1.483079314231872559e+00,-7.598415017127990723e-01
-5.047217011451721191e-01,-7.144052982330322266e-01
4.671416759490966797e+00,3.604264259338378906e+00
5.102276206016540527e-01,-1.235016584396362305e+00
4.827330261468887329e-02,-9.656414389610290527e-02
6.602338701486587524e-02,-1.085186123847961426e+00
-1.697616428136825562e-01,-9.747627377510070801e-01
-2.992247819900512695e+00,-1.853601932525634766e-01
-2.328945547342300415e-01,-1.051196575164794922e+00
2.903150796890258789e+00,-1.719678282737731934e+00
-1.321407556533813477e+00,4.521882832050323486e-01
-9.730877280235290527e-01,-2.209295034408569336e+00
-2.217841595411300659e-01,1.706347703933715820e+00
3.698859363794326782e-02,-4.624766707420349121e-01
-6.184166669845581055e-01,-1.248902320861816406e+00
-2.127808332443237305e-01,6.944310069084167480e-01
1.217284321784973145e+00,-7.650701403617858887e-01
2.085508108139038086e+00,3.297626018524169922e+00
-8.881531953811645508e-01,2.221153497695922852e+00
-1.003501862287521362e-01,-6.997109204530715942e-02
-1.048288822174072266e+00,7.694248855113983154e-02
-2.943655967712402344e+00,-6.482504606246948242e-01
-2.276078701019287109e+00,6.702844500541687012e-01
-3.811247825622558594e+00,3.643634319305419922e+00
-8.615189790725708008e-01,-1.705422252416610718e-01
-2.898551225662231445e-01,4.481426253914833069e-02
-1.385111451148986816e+00,9.575386643409729004e-01
-6.602146625518798828e-01,1.894498825073242188e+00
7.692976295948028564e-02,-1.206018567085266113e+00
-1.285658478736877441e+00,4.643329083919525146e-01
-1.900402754545211792e-01,-5.436819195747375488e-01
3.472600281238555908e-01,-4.915264844894409180e-01
2.306370258331298828e+00,-7.520904392004013062e-02
-5.076903700828552246e-01,7.487007975578308105e-01
4.827330261468887329e-02,-9.656414389610290527e-02
-1.119357943534851074e+00,8.894366025924682617e-01
9.588184952735900879e-01,1.320641160011291504e+00
3.079023122787475586e+00,1.249178498983383179e-01
2.571755945682525635e-01,-1.091598153114318848e+00
-1.060400724411010742e+00,1.212272763252258301e+00
-4.011943936347961426e-01,-1.990779191255569458e-01
2.248366326093673706e-01,-3.657185137271881104e-01
7.132887244224548340e-01,1.280919432640075684e+00
2.104266434907913208e-01,-1.065209627151489258e+00
-1.065255641937255859e+00,-3.331729173660278320e+00
5.432106554508209229e-02,-1.104838967323303223e+00
-4.940299987792968750e-01,-1.128262996673583984e+00
7.911089807748794556e-02,-2.065560519695281982e-01
5.679726600646972656e-01,-1.172236680984497070e+00
-3.686379194259643555e-01,-1.175238490104675293e+00
7.321584224700927734e-02,1.936982870101928711e+00
-2.845486164093017578e+00,7.102604508399963379e-01
-1.298346281051635742e+00,1.901907801628112793e+00
-2.992694616317749023e+00,3.371873617172241211e+00
-2.314227968454360962e-01,1.813839793205261230e+00
-1.172127246856689453e+00,-8.684616684913635254e-01
-5.731226801872253418e-01,-1.288617968559265137e+00
-1.243490129709243774e-01,9.315857291221618652e-01
-1.533095240592956543e-01,-1.400898098945617676e-01
6.115331649780273438e-01,1.019209384918212891e+00
-1.023253798484802246e-01,-9.688000380992889404e-02
-6.074476838111877441e-01,5.119792222976684570e-01
-1.986461132764816284e-01,-1.106074333190917969e+00
1.311451047658920288e-01,-2.353251576423645020e-01
9.441416710615158081e-02,-1.104932308197021484e+00
2.530550956726074219e+00,-8.942676782608032227e-01
-7.706068754196166992e-01,1.983332872390747070e+00
3.098246455192565918e-02,-1.096574664115905762e+00
-2.275246828794479370e-01,-8.386281728744506836e-01
6.267923116683959961e-01,3.390029966831207275e-01
-3.803438246250152588e-01,1.634045481681823730e+00
-3.031760752201080322e-01,-1.500280976295471191e+00
-8.088125586509704590e-01,7.942671775817871094e-01
-8.685034513473510742e-02,-1.170009016990661621e+00
3.975245714187622070e+00,4.015146732330322266e+00
-2.868502438068389893e-01,-8.953112363815307617e-01
-4.434597015380859375e+00,1.285502433776855469e+00
9.540365934371948242e-01,1.098813712596893311e-01
-8.689215779304504395e-01,5.380169153213500977e-01
7.625600695610046387e-01,9.661371111869812012e-01
-2.744421921670436859e-02,-1.158792138099670410e+00
4.546991884708404541e-01,-7.693649530410766602e-01
9.757831692695617676e-02,-1.117729306221008301e+00
-2.569459438323974609e+00,3.199437141418457031e+00
3.371131420135498047e-02,9.765999019145965576e-02
1.862142205238342285e+00,-4.766136407852172852e-05
-2.682446002960205078e+00,7.522599101066589355e-01
-3.669376075267791748e-01,-1.776207685470581055e+00
-9.211143851280212402e-01,-3.087149262428283691e-01
-2.836795806884765625e+00,-1.822154760360717773e+00
2.109536528587341309e-01,-3.402171730995178223e-01
-3.332353353500366211e+00,-1.465567231178283691e+00
-1.127490699291229248e-01,-2.089914560317993164e+00
-3.013195991516113281e-01,1.565162658691406250e+00
-1.139669537544250488e+00,1.176520705223083496e+00
-9.663276374340057373e-02,-1.177604794502258301e+00
-1.699780464172363281e+00,-2.047348618507385254e-01
-1.617810964584350586e+00,5.184254050254821777e-01
-1.325503230094909668e+00,2.318378686904907227e+00
-1.202147006988525391e+00,3.036114871501922607e-01
2.016605585813522339e-01,-1.128960132598876953e+00
2.735213190317153931e-02,-1.604473471641540527e+00
-3.133948743343353271e-01,-3.089274168014526367e+00
3.710090517997741699e-01,3.838778734207153320e+00
-3.372955024242401123e-01,-1.243800878524780273e+00
5.636642575263977051e-01,7.875881791114807129e-01
-6.611604094505310059e-01,1.640864491462707520e+00
-1.789602994918823242e+00,1.448468685150146484e+00
1.550079882144927979e-01,-1.117774128913879395e+00
-2.396041899919509888e-01,-9.045055508613586426e-01
2.906184457242488861e-02,-2.464067459106445312e+00
2.380569279193878174e-02,-5.716574788093566895e-01
-7.118830680847167969e-01,-3.191214799880981445e-01
-6.932192444801330566e-01,6.557351350784301758e-01
-1.009324908256530762e+00,-1.175582408905029297e+00
-1.900402754545211792e-01,-5.436819195747375488e-01
1.664927899837493896e-01,-1.160783648490905762e+00
4.308096468448638916e-01,-1.184593081474304199e+00
9.023822098970413208e-02,9.492934346199035645e-01
-4.239606857299804688e-02,-1.252681493759155273e+00
2.500214576721191406e-01,2.575961589813232422e+00
-5.137721076607704163e-03,-7.263762950897216797e-01
-1.577996492385864258e+00,1.030971765518188477e+00
-7.350791990756988525e-02,-1.149648666381835938e+00
-1.844182610511779785e+00,1.642320752143859863e+00
-9.738304466009140015e-02,-2.334268391132354736e-01
2.747839391231536865e-01,-3.396338522434234619e-01
-5.232339501380920410e-01,-1.943740844726562500e+00
2.913684211671352386e-02,-1.232517600059509277e+00
-9.363763332366943359e-01,-1.218158245086669922e+00
-1.599335789680480957e+00,6.131309866905212402e-01
-1.483685016632080078e+00,-4.585439205169677734e+00
-3.734758794307708740e-01,2.107692241668701172e+00
-3.225820139050483704e-03,-2.271228075027465820e+00
4.392334520816802979e-01,-9.756220579147338867e-01
-1.634574174880981445e+00,1.101238965988159180e+00
-2.798053026199340820e-01,-1.209122061729431152e+00
1.274169206619262695e+00,1.455011963844299316e+00
4.417148828506469727e-01,1.021693944931030273e+00
2.835530340671539307e-01,-1.162515163421630859e+00
7.854754924774169922e-01,8.573769927024841309e-01
-5.358055233955383301e-02,-2.633720040321350098e-01
3.731925189495086670e-01,-6.594671010971069336e-01
-1.529002785682678223e+00,2.401517868041992188e+00
-1.008805185556411743e-01,-1.068592786788940430e+00
-2.988897822797298431e-02,9.094691276550292969e-02
-2.366976976394653320e+00,7.321438193321228027e-01
-7.863183319568634033e-02,-1.148787289857864380e-01
-5.494676232337951660e-01,2.829597890377044678e-01
2.062072277069091797e+00,-4.528614282608032227e-01
5.190039873123168945e-01,8.046917915344238281e-01
-2.010390907526016235e-01,-1.097037911415100098e+00
-1.420009136199951172e+00,1.112473130226135254e+00
-1.814331859350204468e-01,-2.242208480834960938e+00
-1.380675554275512695e+00,-8.339130282402038574e-01
1.362118959426879883e+00,3.094763755798339844e+00
-5.889162421226501465e-01,-4.344056546688079834e-01
4.811690747737884521e-01,-1.305212140083312988e+00
-8.731176257133483887e-01,2.775430381298065186e-01
-3.829357326030731201e-01,1.870665788650512695e+00
-7.863183319568634033e-02,-1.148787289857864380e-01
-5.030630230903625488e-01,-2.160738706588745117e+00
-1.163424968719482422e+00,-5.504546165466308594e-01
-2.047864675521850586e+00,6.726542115211486816e-01
-8.045627176761627197e-02,3.232820510864257812e+00
-2.850568294525146484e+00,4.082995653152465820e-01
-5.474810004234313965e-01,-1.950777411460876465e+00
-6.607517600059509277e-01,-3.515385389328002930e+00
-8.705043047666549683e-02,-2.907247304916381836e+00
2.453005760908126831e-01,-3.450779318809509277e-01
-8.261244297027587891e-01,8.185727000236511230e-01
-9.389684796333312988e-01,-3.957112133502960205e-02
3.664511144161224365e-01,5.885364413261413574e-01
2.088854312896728516e-01,-6.003713607788085938e-01
4.350868165493011475e-01,1.320505887269973755e-01
2.545461416244506836e+00,-9.916105270385742188e-01
-3.574209809303283691e-01,-1.317235231399536133e+00
1.492492761462926865e-02,-1.155399560928344727e+00
5.840470790863037109e-01,1.274210214614868164e-01
-6.394042819738388062e-02,-1.146774530410766602e+00
-7.001586556434631348e-01,5.553675293922424316e-01
-1.527957916259765625e-01,-9.607256054878234863e-01
2.648622989654541016e+00,-5.952734947204589844e-01
-2.124978005886077881e-01,-2.151347637176513672e+00
3.014490604400634766e-01,-9.301754832267761230e-01
6.269516348838806152e-01,-2.403261661529541016e-01
1.442305445671081543e+00,1.720427393913269043e+00
-9.519321918487548828e-01,7.817171812057495117e-01
-2.180323898792266846e-01,7.605254650115966797e-01
-8.757295608520507812e-01,-1.414683461189270020e+00
6.197247654199600220e-02,-9.711385965347290039e-01
4.244776070117950439e-02,-5.095471739768981934e-01
-1.522347033023834229e-01,4.712534844875335693e-01
-1.095267772674560547e+00,1.296756625175476074e+00
-1.108773052692413330e-01,-3.439019322395324707e-01
-1.175711870193481445e+00,1.379010319709777832e+00
-1.127490699291229248e-01,-2.089914560317993164e+00
2.383651733398437500e-01,-1.054023265838623047e+00
-9.301471114158630371e-01,9.682924151420593262e-01
-2.900015562772750854e-03,-6.543426513671875000e-01
-1.058230400085449219e-01,-1.071752309799194336e+00
-2.138875573873519897e-01,-1.165054202079772949e+00
-6.672843933105468750e+00,-2.407156229019165039e+00
-1.846207022666931152e+00,7.350157499313354492e-01
1.023073717951774597e-01,7.125665545463562012e-01
6.350181996822357178e-02,-6.769844889640808105e-01
4.584177732467651367e-01,5.691339969635009766e-01
-2.169526576995849609e+00,2.338590621948242188e+00
-1.383112072944641113e+00,7.744553089141845703e-01
5.707681924104690552e-02,-1.088505387306213379e+00
3.139312192797660828e-02,-4.464376270771026611e-01
1.127904176712036133e+00,8.575798273086547852e-01
-4.684996306896209717e-01,-4.482265561819076538e-03
-2.245925903320312500e+00,1.801032304763793945e+00
-7.300484776496887207e-01,2.562305927276611328e-01
-1.538303256034851074e+00,2.638333141803741455e-01
-1.146756529808044434e+00,-5.766137838363647461e-01
2.835530340671539307e-01,-1.162515163421630859e+00
6.435639858245849609e-01,-2.613413631916046143e-01
3.603283643722534180e+00,2.282017171382904053e-01
-1.919068396091461182e-03,-2.102323532104492188e+00
-2.476693838834762573e-01,-2.655803859233856201e-01
4.860954761505126953e+00,-1.953024268150329590e+00
-1.476337075233459473e+00,6.272574067115783691e-01
-4.727603495121002197e-01,-1.937929391860961914e+00
3.305965662002563477e-01,-6.820082664489746094e-01
3.710395693778991699e-01,-4.871099889278411865e-01
-2.097567766904830933e-01,8.154745101928710938e-01
2.687355995178222656e+00,2.726996183395385742e+00
6.468788981437683105e-01,1.250932931900024414e+00
3.074904680252075195e-01,-9.101958274841308594e-01
3.227693438529968262e-01,1.024352788925170898e+00
-7.468560710549354553e-03,-2.541284263134002686e-01
-7.626719027757644653e-02,-1.132501125335693359e+00
3.710090517997741699e-01,3.838778734207153320e+00
-1.693571209907531738e+00,-1.439686536788940430e+00
-1.639728307723999023e+00,7.441924810409545898e-01
3.313170075416564941e-01,2.711319923400878906e+00
-1.360132843255996704e-01,-1.347827762365341187e-01
-1.826027929782867432e-01,2.879732131958007812e+00
-8.962501585483551025e-02,-2.457835197448730469e+00
-1.753155708312988281e+00,1.113078594207763672e+00
-2.330354452133178711e+00,-9.217871725559234619e-02
1.802113652229309082e-01,-1.245707035064697266e+00
-3.133509755134582520e-01,-1.171655505895614624e-01
-9.548768997192382812e-01,2.102296054363250732e-01
4.846509695053100586e-01,8.076049387454986572e-02
4.920200109481811523e-01,2.116615772247314453e+00
-6.935381293296813965e-01,6.200257539749145508e-01
2.192917652428150177e-02,-3.979258537292480469e-01
-3.324175775051116943e-01,-1.567301750183105469e-01
1.808184236288070679e-01,2.574050903320312500e+00
-3.724225461483001709e-01,-1.984528422355651855e+00
-1.818927764892578125e+00,1.657632946968078613e+00
1.688317209482192993e-01,-1.146616816520690918e+00
3.458561897277832031e-01,-3.117879629135131836e-01
2.713727653026580811e-01,-1.267287373542785645e+00
2.592345178127288818e-01,-4.988814592361450195e-01
3.305965662002563477e-01,-6.820082664489746094e-01
-6.184166669845581055e-01,-1.248902320861816406e+00
4.546134471893310547e-01,-2.476342469453811646e-01
-3.533842265605926514e-01,-1.395407676696777344e+00
-1.639728307723999023e+00,7.441924810409545898e-01
6.594027280807495117e-01,-4.569831117987632751e-02
-2.970556318759918213e-01,-2.239135265350341797e+00
-5.995038896799087524e-02,-3.771781921386718750e-01
-2.302086502313613892e-01,-8.724793195724487305e-01
-1.676020026206970215e+00,2.654764950275421143e-01
2.653258740901947021e-01,-1.179793477058410645e+00
2.636218369007110596e-01,-1.832657307386398315e-01
-7.147491574287414551e-01,4.201593101024627686e-01
-9.872281551361083984e-02,-1.125649213790893555e+00
6.141306161880493164e-01,-3.985020220279693604e-01
-2.286637201905250549e-03,-1.074378609657287598e+00
-4.837893843650817871e-01,7.079254388809204102e-01
2.961991727352142334e-02,-1.130395054817199707e+00
-7.521038055419921875e-01,-1.882243275642395020e+00
-1.456011533737182617e+00,8.546347022056579590e-01
-2.276350408792495728e-01,-9.308249950408935547e-01
-2.358985185623168945e+00,-1.026699185371398926e+00
1.415907025337219238e+00,-5.103282928466796875e-01
-1.742801070213317871e+00,-5.026414394378662109e-01
-1.999941170215606689e-01,5.114268660545349121e-01
-1.168954014778137207e+00,-5.770474672317504883e-04
-5.926724523305892944e-02,-2.912937641143798828e+00
-2.636698484420776367e-01,-1.027697920799255371e+00
-7.492834925651550293e-01,-4.570301175117492676e-01
1.823639869689941406e+00,-5.389490127563476562e-01
5.366821289062500000e-01,8.817428350448608398e-01
1.267102837562561035e+00,-1.436689645051956177e-01
-3.305420160293579102e+00,1.973048925399780273e+00
-4.048119485378265381e-01,-1.163112521171569824e+00
-6.554303169250488281e-01,-2.435972243547439575e-01
-6.231945753097534180e-02,-1.005034327507019043e+00
2.344856262207031250e+00,-2.312224358320236206e-01
-4.788457155227661133e-01,3.729366302490234375e+00
-2.961776852607727051e-01,-2.004042148590087891e+00
-3.657765150070190430e+00,6.611809134483337402e-01
1.678370982408523560e-01,6.639092564582824707e-01
-9.422983527183532715e-01,8.853288888931274414e-01
4.739093184471130371e-01,-1.230709075927734375e+00
-9.648099541664123535e-01,1.113605618476867676e+00
6.401339173316955566e-01,-1.870967596769332886e-01
-1.639965176582336426e+00,-4.619672894477844238e-01
-7.058886289596557617e-01,3.711977601051330566e-01
3.495062112808227539e+00,-2.369152195751667023e-02
2.604654729366302490e-01,-1.088248968124389648e+00
-1.442741155624389648e+00,6.528346538543701172e-01
6.200180649757385254e-01,-3.933148682117462158e-01
5.714109539985656738e-01,-7.556408643722534180e-02
3.416239097714424133e-02,-1.160162806510925293e+00
-9.939894676208496094e-01,6.516271233558654785e-01
1.385738253593444824e-01,2.005982398986816406e+00
-8.775154352188110352e-01,8.067262768745422363e-01
-7.993358373641967773e-01,8.729311227798461914e-01
-3.232604861259460449e-01,-1.546934694051742554e-01
7.126347720623016357e-02,4.933824837207794189e-01
1.763146281242370605e+00,1.614072918891906738e+00
-2.528090238571166992e+00,1.390524506568908691e-01
1.517202377319335938e+00,2.387352466583251953e+00
-3.179760277271270752e-01,-1.250687718391418457e+00
1.006673932075500488e+00,7.975760102272033691e-01
3.703649342060089111e-01,-2.674861252307891846e-01
-4.242370724678039551e-01,-4.837303161621093750e-01
7.086530923843383789e-01,-1.297398686408996582e+00
-8.760260939598083496e-01,1.011174440383911133e+00
-3.332353353500366211e+00,-1.465567231178283691e+00
-5.835477113723754883e-01,-5.800523757934570312e-01
-6.271953582763671875e-01,-1.910534858703613281e+00
-2.426067590713500977e+00,1.089064955711364746e+00
-1.177876472473144531e+00,1.037875771522521973e+00
1.387830734252929688e+00,1.930133581161499023e+00
-1.078022457659244537e-02,-3.470611572265625000e-01
3.581418752670288086e+00,4.792053997516632080e-01
4.416484758257865906e-02,1.982133537530899048e-01
9.586469084024429321e-02,-5.922170281410217285e-01
2.093993686139583588e-02,-5.796441435813903809e-01
-2.822891175746917725e-01,-1.289038896560668945e+00
1.217648759484291077e-01,5.872831344604492188e-01
-5.413553714752197266e-01,6.612272858619689941e-01
4.392334520816802979e-01,-9.756220579147338867e-01
6.138677597045898438e-01,-2.072601765394210815e-01
-1.757501363754272461e-01,1.461400747299194336e+00
-4.271301031112670898e-01,8.892847299575805664e-01
-1.230856060981750488e+00,9.248943924903869629e-01
-1.247048258781433105e+00,1.440898180007934570e-01
-3.438115864992141724e-02,2.794895470142364502e-01
-1.454208195209503174e-01,-1.127303123474121094e+00
1.628575921058654785e-01,-1.034069061279296875e+00
-4.298934042453765869e-01,-2.095181703567504883e+00
4.022555351257324219e-01,1.230285644531250000e+00
-1.157223701477050781e+00,1.355878114700317383e+00
2.057780027389526367e+00,2.540201842784881592e-01
-8.284109234809875488e-01,-1.807962730526924133e-02
3.625388443470001221e-01,-3.577554225921630859e-01
-1.121840953826904297e+00,-9.893378615379333496e-02
-1.081120729446411133e+00,-1.089912652969360352e+00
-5.045241117477416992e-01,2.526611804962158203e+00
7.134409993886947632e-02,7.972620129585266113e-01
-9.810034036636352539e-01,-1.871928870677947998e-01
-1.289022207260131836e+00,3.109680414199829102e+00
-3.146883845329284668e-02,-1.131373047828674316e+00
-1.782917618751525879e+00,1.501527309417724609e+00
1.910854876041412354e-01,-1.157908797264099121e+00
-2.949542701244354248e-01,1.701221227645874023e+00
-8.832908272743225098e-01,-1.000825047492980957e+00
1.392384469509124756e-01,6.343636512756347656e-01
1.061120629310607910e+00,-1.843135803937911987e-03
-2.705929279327392578e-01,-8.607478141784667969e-01
1.103373914957046509e-01,7.602009773254394531e-01
-2.499295324087142944e-01,-8.821036219596862793e-01
-2.358985185623168945e+00,-1.026699185371398926e+00
-1.825533986091613770e+00,9.008893370628356934e-01
1.606082618236541748e-01,-1.042664885520935059e+00
-2.206019163131713867e-01,-2.472341656684875488e-01
-6.154102683067321777e-01,1.456025689840316772e-01
6.391043663024902344e-01,6.267831921577453613e-01
-4.853788763284683228e-02,-3.727869987487792969e-01
-1.487079143524169922e+00,-5.309832692146301270e-01
7.873443514108657837e-02,-3.076840639114379883e-01
-4.845462441444396973e-01,2.071815133094787598e-01
-1.633963584899902344e+00,3.111389279365539551e-01
-3.410955518484115601e-02,3.401897475123405457e-02
3.714458942413330078e-01,-6.916273832321166992e-01
-1.796760410070419312e-01,-1.196355938911437988e+00
-6.010971963405609131e-02,-2.665516138076782227e-01
1.943046897649765015e-01,9.012021422386169434e-01
-1.153486847877502441e+00,7.296303510665893555e-01
2.595717668533325195e+00,-1.557657003402709961e+00
6.599693298339843750e-01,3.939808845520019531e+00
4.252514243125915527e-02,-1.145486235618591309e+00
2.162963747978210449e-01,6.706392168998718262e-01
-6.621887683868408203e-01,4.244496524333953857e-01
-9.280418157577514648e-01,-5.723392963409423828e-01
4.543018639087677002e-01,-1.947778016328811646e-01
-1.446949601173400879e+00,5.970141887664794922e-01
2.293193340301513672e-01,-6.741244345903396606e-02
-2.553258538246154785e-01,-1.044078350067138672e+00
-7.626719027757644653e-02,-1.132501125335693359e+00
6.465492844581604004e-01,1.469554603099822998e-01
2.967883050441741943e-01,-1.167699217796325684e+00
4.140557050704956055e-01,-3.107668638229370117e+00
-8.240889310836791992e-01,-1.876770973205566406e+00
-6.331904232501983643e-02,-1.079757928848266602e+00
6.372827887535095215e-01,8.082988858222961426e-01
1.683250308036804199e+00,1.071796894073486328e+00
-1.289522051811218262e+00,1.028851151466369629e+00
9.757831692695617676e-02,-1.117729306221008301e+00
1.808184236288070679e-01,2.574050903320312500e+00
5.965166091918945312e-01,-1.256503343582153320e+00
-2.580277621746063232e-01,4.407258331775665283e-01
-5.170332193374633789e-01,6.077089905738830566e-01
-4.978495091199874878e-02,2.255495786666870117e+00
-1.008805185556411743e-01,-1.068592786788940430e+00
2.048899233341217041e-01,-1.095814704895019531e+00
-3.370072841644287109e-01,-1.977124810218811035e+00
-2.090245962142944336e+00,1.198052406311035156e+00
-1.120774269104003906e+00,-1.047661662101745605e+00
-1.103890895843505859e+00,1.160934805870056152e+00
-2.836795806884765625e+00,-1.822154760360717773e+00
-6.768811941146850586e-01,-1.315132379531860352e+00
-2.696840047836303711e+00,-2.516815900802612305e+00
-2.594950795173645020e-01,-9.022141098976135254e-01
-1.145850300788879395e+00,2.993624210357666016e-01
-1.337041497230529785e+00,1.240369200706481934e+00
-6.701175868511199951e-02,-5.277756229043006897e-02
-2.881756722927093506e-01,-1.125567853450775146e-01
-8.017129302024841309e-01,2.428861260414123535e-01
-1.685421109199523926e+00,1.448887586593627930e+00
-3.324175775051116943e-01,-1.567301750183105469e-01
-9.177008271217346191e-01,-2.168231964111328125e+00
1.804918766021728516e+00,-9.899878501892089844e-01
-2.079366296529769897e-01,1.167131185531616211e+00
-4.765730500221252441e-01,-1.399400115013122559e+00
-6.716083288192749023e-01,3.430185914039611816e-01
-3.370072841644287109e-01,-1.977124810218811035e+00
-1.538303256034851074e+00,2.638333141803741455e-01
-5.088493227958679199e-01,-1.937400698661804199e-01
-2.194068282842636108e-01,1.166837096214294434e+00
-1.375503301620483398e+00,1.118189811706542969e+00
2.710945308208465576e-01,1.145345926284790039e+00
-3.759321928024291992e+00,-2.022602081298828125e+00
2.738805711269378662e-01,4.765209853649139404e-01
-2.928190231323242188e-01,2.278489589691162109e+00
-1.519119739532470703e-01,1.296129822731018066e+00
2.858160495758056641e+00,1.631225645542144775e-01
-2.539945125579833984e+00,-4.085017204284667969e+00
-1.285409569740295410e+00,1.938471943140029907e-01
-6.953813880681991577e-02,1.154504567384719849e-01
7.321351766586303711e-02,1.762194514274597168e+00
2.894030809402465820e-01,-1.150253295898437500e+00
1.798022985458374023e-01,7.279964089393615723e-01
3.727921247482299805e-01,-3.219087421894073486e-01
-4.119046032428741455e-01,-4.772537946701049805e-01
-7.446946948766708374e-02,1.034363269805908203e+00
2.874445438385009766e+00,-3.690892159938812256e-01
-1.257760167121887207e+00,8.713821768760681152e-01
-1.121944308280944824e+00,-1.897806763648986816e+00
2.507860660552978516e-01,-1.277753233909606934e+00
6.589300632476806641e-01,6.973085999488830566e-01
-1.210024118423461914e+00,2.177397906780242920e-01
-1.121840953826904297e+00,-9.893378615379333496e-02
-8.826810121536254883e-01,5.654902458190917969e-01
2.056155949831008911e-01,-1.066053509712219238e+00
-1.205598473548889160e+00,1.577814936637878418e+00
6.098223924636840820e-01,-1.615842729806900024e-01
-1.423431634902954102e+00,-1.251260280609130859e+00
-1.877749711275100708e-01,-2.260743081569671631e-01
-1.203940749168395996e+00,1.760680228471755981e-01
1.127118691802024841e-01,-1.916247248649597168e+00
-1.700503945350646973e+00,1.789128929376602173e-01
-1.743534207344055176e+00,-1.123895943164825439e-01
-1.651838779449462891e+00,9.281052350997924805e-01
-3.091073632240295410e-01,-1.102901101112365723e+00
2.725828886032104492e-01,7.773981690406799316e-01
-1.620764017105102539e+00,1.798961907625198364e-01
-5.101861357688903809e-01,4.650399982929229736e-01
1.823639869689941406e+00,-5.389490127563476562e-01
-1.363063693046569824e+00,-1.174412727355957031e+00
-1.253607034683227539e+00,1.307750463485717773e+00
-1.537920832633972168e+00,2.570414841175079346e-01
2.447754442691802979e-01,-7.106447964906692505e-02
-2.783551514148712158e-01,2.569537162780761719e-01
3.371517956256866455e-01,-1.210111618041992188e+00
-1.319859385490417480e+00,4.108755588531494141e-01
-1.170907139778137207e+00,9.664718508720397949e-01
5.808807015419006348e-01,5.324633717536926270e-01
4.790842533111572266e-01,1.119401097297668457e+00
1.630515336990356445e+00,5.042172074317932129e-01
-1.188414216041564941e+00,-4.035992920398712158e-01
2.101531744003295898e+00,6.233288720250129700e-02
-1.702399849891662598e-01,-1.117058753967285156e+00
-2.153214454650878906e+00,2.992130279541015625e+00
1.147023737430572510e-01,2.520436942577362061e-01
4.304225742816925049e-01,-1.272509694099426270e+00
8.482313156127929688e-02,1.719208210706710815e-01
1.362118959426879883e+00,3.094763755798339844e+00
-7.491031289100646973e-01,2.258903980255126953e-01
-2.330354452133178711e+00,-9.217871725559234619e-02
3.909538388252258301e-01,-1.256186842918395996e+00
-1.006755113601684570e+00,1.758886873722076416e-01
4.647417664527893066e-01,-9.182542562484741211e-01
1.464664638042449951e-01,-6.329714059829711914e-01
6.698033809661865234e-01,-7.550668716430664062e-01
-2.490468174219131470e-01,-3.176833391189575195e-01
1.954774558544158936e-01,1.332981348037719727e+00
4.239221811294555664e-01,8.336752653121948242e-02
3.439713642001152039e-02,6.207283735275268555e-01
-3.998389095067977905e-02,-8.533577919006347656e-01
-1.738121032714843750e+00,1.689978003501892090e+00
-1.189535617828369141e+00,6.258389353752136230e-02
-6.387519836425781250e-02,-1.096201896667480469e+00
-2.342350222170352936e-02,-1.260131359100341797e+00
-5.082752555608749390e-02,-1.997586727142333984e+00
-2.128249168395996094e+00,1.972288042306900024e-01
-8.882951736450195312e-01,-1.493625715374946594e-02
-4.199252128601074219e-01,-7.500232756137847900e-02
8.262928575277328491e-02,-3.863692581653594971e-01
1.274169206619262695e+00,1.455011963844299316e+00
-1.139088034629821777e+00,5.469098687171936035e-01
-2.221207469701766968e-01,1.869604706764221191e+00
3.429099544882774353e-02,1.025548577308654785e+00
-4.626853764057159424e-01,2.042003393173217773e+00
-2.824357271194458008e+00,1.998095989227294922e+00
-2.945706844329833984e-01,-1.285374760627746582e+00
-1.030696988105773926e+00,7.261312603950500488e-01
-1.054587006568908691e+00,1.488882899284362793e-01
-6.331042647361755371e-01,-1.184177875518798828e+00
-3.732677400112152100e-01,1.461802959442138672e+00
-1.405404508113861084e-01,-1.128046393394470215e+00
-1.139088034629821777e+00,5.469098687171936035e-01
6.960952281951904297e-02,-1.198234438896179199e+00
-1.871846199035644531e+00,3.324228823184967041e-01
5.679726600646972656e-01,-1.172236680984497070e+00
-2.034830331802368164e+00,1.661666512489318848e+00
-9.186359643936157227e-01,-4.366913795471191406e+00
7.260082364082336426e-01,1.779564619064331055e-01
-9.006304144859313965e-01,1.318710327148437500e+00
-2.205028533935546875e-01,-1.223460078239440918e+00
-7.350791990756988525e-02,-1.149648666381835938e+00
-1.289967298507690430e+00,1.147670269012451172e+00
3.460336327552795410e-01,-3.517688810825347900e-01
6.913833618164062500e-01,2.754275321960449219e+00
-1.656053960323333740e-01,1.933548212051391602e+00
2.344856262207031250e+00,-2.312224358320236206e-01
-3.738051652908325195e+00,1.190193369984626770e-02
-6.271953582763671875e-01,-1.910534858703613281e+00
1.989520072937011719e+00,-7.236201167106628418e-01
-3.350171327590942383e+00,-1.132510423660278320e+00
2.907598912715911865e-01,1.810140460729598999e-01
3.098686039447784424e-02,3.772138059139251709e-01
-1.030880331993103027e+00,6.582620739936828613e-01
1.451610028743743896e-01,-6.682622432708740234e-01
8.741902112960815430e-01,1.957305192947387695e+00
-1.568239212036132812e+00,-6.822268366813659668e-01
-1.382163763046264648e-01,1.636598706245422363e+00
-1.725908398628234863e+00,-2.247148275375366211e+00
-7.320401072502136230e-01,1.526748299598693848e+00
-3.530195355415344238e-02,3.683875873684883118e-02
-9.465501308441162109e-01,1.039191842079162598e+00
-1.128402352333068848e+00,1.200822830200195312e+00
5.728962272405624390e-02,-1.557929962873458862e-01
3.484997451305389404e-01,1.121568381786346436e-01
5.144249647855758667e-02,1.636454939842224121e+00
4.308096468448638916e-01,-1.184593081474304199e+00
-9.693012833595275879e-01,-1.286012411117553711e+00
-8.831326365470886230e-01,1.929476141929626465e+00
-3.349092483520507812e+00,1.846494913101196289e+00
-1.126785159111022949e+00,2.850640296936035156e+00
-4.636351585388183594e+00,4.493133425712585449e-01
1.457313537597656250e+00,-8.652536273002624512e-01
1.677454113960266113e-01,-1.179602026939392090e+00
-1.394556999206542969e+00,-8.109470456838607788e-02
-2.067141771316528320e+00,1.406972527503967285e+00
6.001347899436950684e-01,-1.944778084754943848e+00
1.400237202644348145e+00,-9.919612407684326172e-01
-3.292717456817626953e+00,1.299301028251647949e+00
-3.229935407638549805e+00,3.347395896911621094e+00
1.550223231315612793e+00,1.491531372070312500e+00
-2.782188653945922852e-01,-8.903161883354187012e-01
-1.010697603225708008e+00,1.185641169548034668e+00
-9.429436177015304565e-02,3.861699625849723816e-02
1.230610311031341553e-01,-1.101026535034179688e+00
-1.720625519752502441e+00,2.404840469360351562e+00
2.462601959705352783e-01,-1.102826952934265137e+00
3.289034366607666016e-01,2.731510400772094727e-01
-6.635798215866088867e-01,1.326108813285827637e+00
-1.189995050430297852e+00,-9.336133599281311035e-01
-8.261463642120361328e-01,-3.161824047565460205e-01
-2.031740695238113403e-01,1.774085685610771179e-02
-3.401030004024505615e-01,-1.628347337245941162e-01
-3.632427692413330078e+00,4.539054334163665771e-01
2.536964416503906250e-01,2.569622993469238281e-01
-3.746692836284637451e-01,-5.779541134834289551e-01
3.138127326965332031e-01,-1.286301016807556152e+00
2.424690574407577515e-01,-1.163437724113464355e+00
-3.621747493743896484e-01,-6.524552702903747559e-01
-1.421995162963867188e+00,1.164181470870971680e+00
3.999646008014678955e-01,-1.291013836860656738e+00
-1.443417668342590332e+00,1.080742835998535156e+00
-2.426548749208450317e-01,-1.246248126029968262e+00
2.973404526710510254e-01,2.323302268981933594e+00
-9.893153905868530273e-01,2.867175340652465820e+00
-1.228130459785461426e+00,9.473363757133483887e-01
-1.388761550188064575e-01,1.084897398948669434e+00
-9.800349473953247070e-01,-1.049825787544250488e+00
-8.760260939598083496e-01,1.011174440383911133e+00
-9.023751616477966309e-01,3.533930480480194092e-01
4.388860166072845459e-01,1.151392817497253418e+00
-3.013195991516113281e-01,1.565162658691406250e+00
2.081733942031860352e+00,-1.109118342399597168e+00
-2.703056335449218750e+00,5.576712489128112793e-01
3.490553796291351318e-01,-7.612770199775695801e-01
3.218123018741607666e-01,-1.376431465148925781e+00
2.845102846622467041e-01,-1.201036095619201660e+00
1.534340679645538330e-01,-1.551582068204879761e-01
1.267654418945312500e+00,5.573964715003967285e-01
6.249458193778991699e-01,3.648523092269897461e+00
-1.986461132764816284e-01,-1.106074333190917969e+00
-2.153214454650878906e+00,2.992130279541015625e+00
-1.519119739532470703e-01,1.296129822731018066e+00
-5.892359614372253418e-01,1.832158803939819336e+00
-8.017129302024841309e-01,2.428861260414123535e-01
-8.293355107307434082e-01,4.274733543395996094e+00
-1.287922382354736328e+00,8.963161110877990723e-01
-2.441779851913452148e+00,-3.169132471084594727e-01
3.371517956256866455e-01,-1.210111618041992188e+00
9.664807915687561035e-01,2.545868635177612305e+00
4.020561277866363525e-01,-5.309919118881225586e-01
9.837726950645446777e-01,5.429416298866271973e-01
6.754333376884460449e-01,1.326976299285888672e+00
-2.476693838834762573e-01,-2.655803859233856201e-01
-3.232604861259460449e-01,-1.546934694051742554e-01
-1.102152347564697266e+00,1.227415561676025391e+00
-1.205598473548889160e+00,1.577814936637878418e+00
-2.233532667160034180e-01,-1.055542349815368652e+00
2.005186975002288818e-01,-1.457812428474426270e+00
-1.334581226110458374e-01,1.067151188850402832e+00
-6.033245086669921875e+00,1.325956106185913086e+00
-4.004847109317779541e-01,-1.154020786285400391e+00
-3.215475380420684814e-02,-2.015692234039306641e+00
6.675106883049011230e-01,-1.587702393531799316e+00
3.423899412155151367e-01,3.871837630867958069e-02
2.556593716144561768e-01,-6.776088476181030273e-01
4.076932072639465332e-01,1.626908928155899048e-01
1.927437335252761841e-01,-1.145251274108886719e+00
1.078083038330078125e+00,3.804450273513793945e+00
-2.559784889221191406e+00,1.095932245254516602e+00
-2.117404460906982422e+00,3.882167935371398926e-01
-2.743200957775115967e-01,-8.720742464065551758e-01
-3.312627971172332764e-02,-5.920222401618957520e-01
-3.194406628608703613e-01,-2.796537280082702637e-01
1.018442213535308838e-01,-1.089224696159362793e+00
-2.132308006286621094e+00,-3.110850095748901367e+00
-3.968829512596130371e-01,1.771032333374023438e+00
-6.051099896430969238e-01,2.024502754211425781e+00
-1.236881017684936523e+00,1.357312560081481934e+00
-2.674085795879364014e-01,1.841942667961120605e-01
1.007595509290695190e-01,-1.052951574325561523e+00
1.242507621645927429e-01,9.591794610023498535e-01
4.416484758257865906e-02,1.982133537530899048e-01
7.387120276689529419e-02,-1.121868371963500977e+00
-1.193442940711975098e+00,8.192406296730041504e-01
-1.604025721549987793e+00,1.080254673957824707e+00
4.790842533111572266e-01,1.119401097297668457e+00
-1.238229632377624512e+00,-1.105978608131408691e+00
-5.045241117477416992e-01,2.526611804962158203e+00
5.551507472991943359e-01,3.367470204830169678e-01
-8.456485718488693237e-02,-7.571423053741455078e-02
-1.512947559356689453e+00,3.071179687976837158e-01
-1.282944343984127045e-02,2.677560225129127502e-02
2.541971504688262939e-01,-1.041302442550659180e+00
-2.756137847900390625e-01,-1.218783259391784668e+00
-3.275516033172607422e-01,-1.409291326999664307e-01
-1.022274345159530640e-01,-2.037893980741500854e-01
-1.359552741050720215e+00,4.370163381099700928e-01
6.598486751317977905e-02,-1.086942195892333984e+00
-1.603858768939971924e-01,-1.075070381164550781e+00
5.461347103118896484e-01,8.204512596130371094e-01
-7.511032819747924805e-01,-6.064220666885375977e-01
-6.718043088912963867e-01,4.297507703304290771e-01
-1.228130459785461426e+00,9.473363757133483887e-01
-3.429831564426422119e-01,-9.291573166847229004e-01
-2.328070253133773804e-01,-1.050617694854736328e+00
-6.162980198860168457e-01,-1.485600590705871582e+00
-1.200634956359863281e+00,-2.653198540210723877e-01
-2.898420691490173340e-01,1.174220919609069824e+00
-1.133938431739807129e+00,7.914963960647583008e-01
-1.743534207344055176e+00,-1.123895943164825439e-01
-2.124978005886077881e-01,-2.151347637176513672e+00
-9.909349679946899414e-01,3.955011367797851562e+00
-3.122789144515991211e+00,8.236293792724609375e-01
1.035129576921463013e-01,-1.118088364601135254e+00
1.222368597984313965e+00,-1.339665770530700684e+00
-1.295563280582427979e-01,6.900864243507385254e-01
3.302476704120635986e-01,-2.489486485719680786e-01
-1.070238113403320312e+00,9.469935894012451172e-01
1.375999093055725098e+00,-2.162207603454589844e+00
1.088154077529907227e+00,6.344467997550964355e-01
-7.631433010101318359e-02,-1.502289772033691406e+00
-3.776049315929412842e-01,2.097750902175903320e+00
-9.088958501815795898e-01,1.163377523422241211e+00
-1.287922382354736328e+00,8.963161110877990723e-01
7.911089807748794556e-02,-2.065560519695281982e-01
2.914151847362518311e-01,-1.138203382492065430e+00
4.191029071807861328e-02,-3.891901969909667969e-01
-7.965201139450073242e-01,-1.652103900909423828e+00
-1.352837443351745605e+00,1.085949063301086426e+00
3.732760548591613770e-01,-2.645262777805328369e-01
-1.513886451721191406e-01,2.386370673775672913e-02
-9.429436177015304565e-02,3.861699625849723816e-02
6.050263643264770508e-01,-4.490502774715423584e-01
-1.341513514518737793e+00,4.865985214710235596e-01
-1.283576637506484985e-01,-1.045040011405944824e+00
-4.004847109317779541e-01,-1.154020786285400391e+00
-1.168954014778137207e+00,-5.770474672317504883e-04
-6.474490761756896973e-01,-1.014680415391921997e-01
1.986315399408340454e-01,-1.091526627540588379e+00
-4.442794322967529297e-01,4.548955857753753662e-01
-9.323751330375671387e-01,-2.441680431365966797e+00
2.690209746360778809e-01,6.313898563385009766e-01
1.489989399909973145e+00,-8.383116126060485840e-01
-1.137369155883789062e+00,1.051834940910339355e+00
2.107405513525009155e-01,-1.108500123023986816e+00
6.074736118316650391e-01,-3.172848224639892578e-01
2.330084323883056641e+00,7.161915302276611328e-02
-8.693795204162597656e-01,-5.860851407051086426e-01
5.911661982536315918e-01,1.544768929481506348e+00
-2.496007204055786133e+00,1.470575451850891113e+00
-8.757295608520507812e-01,-1.414683461189270020e+00
-1.328439831733703613e+00,6.752425432205200195e-02
1.033395528793334961e+00,9.709053635597229004e-01
-2.030196636915206909e-01,-8.681894540786743164e-01
-1.028459668159484863e+00,8.736547231674194336e-01
1.406789660453796387e+00,1.823300004005432129e+00
-6.417896747589111328e-01,4.768531620502471924e-01
-1.137033700942993164e-01,-9.174907803535461426e-01
2.879767417907714844e-01,-1.184198975563049316e+00
-1.329507231712341309e+00,2.010968208312988281e+00
-2.025846242904663086e+00,7.027233839035034180e-01
-1.882870681583881378e-02,-7.174391746520996094e-01
-1.873659968376159668e+00,4.805938303470611572e-01
-2.822891175746917725e-01,-1.289038896560668945e+00
-2.886198282241821289e+00,2.912738561630249023e+00
-4.074186086654663086e-01,-9.172899127006530762e-01
-2.221207469701766968e-01,1.869604706764221191e+00
-1.009324908256530762e+00,-1.175582408905029297e+00
-1.230682849884033203e+00,-2.282816648483276367e+00
5.817825198173522949e-01,-1.691316515207290649e-01
3.710395693778991699e-01,-4.871099889278411865e-01
-1.411301732063293457e+00,1.211861014366149902e+00
2.424627840518951416e-01,-1.611229181289672852e+00
5.102276206016540527e-01,-1.235016584396362305e+00
4.591957926750183105e-01,1.377862542867660522e-01
-1.382421255111694336e+00,-1.870561718940734863e+00
-1.097474217414855957e+00,-3.936589360237121582e-01
-3.737504482269287109e-01,-4.639601707458496094e-02
-1.982406735420227051e+00,9.820947051048278809e-01
-4.423741102218627930e-01,-9.347131848335266113e-01
-2.431331127882003784e-01,-2.833113670349121094e-01
-9.360756278038024902e-01,-9.011398553848266602e-01
1.118767023086547852e+00,1.136415243148803711e+00
-6.442549824714660645e-01,2.162156105041503906e-01
-1.745383024215698242e+00,1.183040589094161987e-01
4.410683214664459229e-01,-6.583633273839950562e-02
-1.353432536125183105e+00,-2.315708622336387634e-02
1.538023352622985840e+00,1.538003802299499512e+00
-2.196685075759887695e+00,-1.182827353477478027e-01
-1.341690778732299805e+00,3.923897743225097656e-01
1.760547906160354614e-01,9.274755418300628662e-02
1.067178606986999512e+00,-1.288554549217224121e+00
8.588055372238159180e-01,9.966877102851867676e-01
-2.860866189002990723e-01,-8.150808811187744141e-01
-1.325795769691467285e+00,5.726141929626464844e-01
9.971532821655273438e-01,1.398103117942810059e+00
-6.125524640083312988e-01,-8.512720465660095215e-01
-1.440097689628601074e+00,3.712992072105407715e-01
-1.205648422241210938e+00,1.299844384193420410e+00
-1.986392587423324585e-01,-1.173440575599670410e+00
3.658365011215209961e-01,8.670014739036560059e-01
9.828546047210693359e-01,-1.804206967353820801e-01
-2.783551514148712158e-01,2.569537162780761719e-01
-1.600482583045959473e+00,1.964947283267974854e-01
1.385291457176208496e+00,-8.265160322189331055e-01
-1.857832431793212891e+00,7.128471732139587402e-01
5.703818798065185547e-01,1.692286968231201172e+00
-3.803438246250152588e-01,1.634045481681823730e+00
4.972770214080810547e-01,-1.071132063865661621e+00
4.140557050704956055e-01,-3.107668638229370117e+00
-4.642165303230285645e-01,1.763451099395751953e+00
4.523156583309173584e-02,-6.639830470085144043e-01
-8.652584552764892578e-01,3.159290552139282227e-01
-3.296159267425537109e+00,1.722768664360046387e+00
-7.160371541976928711e-01,5.120506882667541504e-01
-1.163424968719482422e+00,-5.504546165466308594e-01
-1.937139630317687988e+00,-4.468863964080810547e+00
-1.719550967216491699e+00,1.914540886878967285e+00
-1.015801548957824707e+00,-1.442052796483039856e-02
1.749418139457702637e+00,-1.401964575052261353e-01
9.972584247589111328e-01,1.376905322074890137e+00
-1.665136814117431641e+00,3.431632518768310547e+00
5.494663119316101074e-01,-2.623590454459190369e-02
-1.541479468345642090e+00,2.730903327465057373e-01
-1.610356330871582031e+00,6.764788627624511719e-01
-1.181998968124389648e+00,4.374979734420776367e-01
-2.208993673324584961e+00,-2.362184762954711914e+00
-6.387519836425781250e-02,-1.096201896667480469e+00
-1.247048258781433105e+00,1.440898180007934570e-01
-8.020012974739074707e-01,-6.504616141319274902e-02
5.524565577507019043e-01,3.331122159957885742e+00
3.203502297401428223e-01,1.306769251823425293e-01
6.913833618164062500e-01,2.754275321960449219e+00
-1.008764982223510742e+00,4.620596468448638916e-01
-2.202545255422592163e-01,1.634095668792724609e+00
1.451692581176757812e+00,-9.368750452995300293e-01
-6.204966902732849121e-01,-2.878105938434600830e-01
-8.438359498977661133e-01,1.992691457271575928e-01
8.794795274734497070e-01,2.102478444576263428e-01
3.134198665618896484e+00,1.358503699302673340e+00
-1.738273382186889648e+00,8.228366971015930176e-01
2.961991727352142334e-02,-1.130395054817199707e+00
-2.022749423980712891e+00,4.760973155498504639e-01
-1.257407784461975098e+00,-1.401241898536682129e+00
3.427400588989257812e-01,-1.287540912628173828e+00
2.713727653026580811e-01,-1.267287373542785645e+00
1.773528456687927246e+00,1.212102472782135010e-01
-2.153270132839679718e-02,-2.065460443496704102e+00
-1.497497677803039551e+00,2.935524657368659973e-02
-2.970521748065948486e-01,-2.010125637054443359e+00
9.347805380821228027e-01,9.823889136314392090e-01
8.583895862102508545e-02,-1.124893546104431152e+00
1.387830734252929688e+00,1.930133581161499023e+00
-3.004389405250549316e-01,-1.297984272241592407e-03
2.320630699396133423e-01,8.034167289733886719e-01
4.259112775325775146e-01,-4.817291796207427979e-01
-6.282429695129394531e-01,-9.134422540664672852e-01
-2.095758914947509766e+00,1.123506069183349609e+00
-7.325116395950317383e-01,3.983169198036193848e-01
-2.824357271194458008e+00,1.998095989227294922e+00
-9.192254543304443359e-01,6.002336740493774414e-01
-7.001698017120361328e-01,2.561098039150238037e-01
-1.008764982223510742e+00,4.620596468448638916e-01
-1.175711870193481445e+00,1.379010319709777832e+00
2.320630699396133423e-01,8.034167289733886719e-01
-1.453458547592163086e+00,1.018204689025878906e+00
2.591254189610481262e-02,-2.334782600402832031e+00
-9.606547355651855469e-01,7.711244225502014160e-01
2.933154106140136719e-01,-7.192595005035400391e-01
-8.300946950912475586e-01,1.254897594451904297e+00
2.538410723209381104e-01,-1.085581421852111816e+00
-2.164396941661834717e-01,1.728237271308898926e+00
-2.208905071020126343e-01,-5.703703165054321289e-01
-1.131468653678894043e+00,2.379780054092407227e+00
3.122256994247436523e-01,-1.202417492866516113e+00
-7.479735016822814941e-01,5.788879990577697754e-01
-3.559698164463043213e-02,-1.225211143493652344e+00
-1.577958464622497559e+00,7.480413317680358887e-01
1.076862454414367676e+00,1.882549881935119629e+00
-2.862529642879962921e-02,-1.083283066749572754e+00
1.767013370990753174e-01,5.695337057113647461e-01
6.051730513572692871e-01,-4.232479333877563477e-01
-1.253607034683227539e+00,1.307750463485717773e+00
-7.767575979232788086e-01,-1.761758029460906982e-01
9.582058191299438477e-01,2.846329212188720703e-01
-2.233495265245437622e-01,-1.130422711372375488e+00
5.129075050354003906e-01,1.057367920875549316e+00
1.699140518903732300e-01,-1.182224273681640625e+00
1.652423888444900513e-01,-1.166012525558471680e+00
-3.029499351978302002e-01,-5.530738234519958496e-01
-1.796760410070419312e-01,-1.196355938911437988e+00
-3.215475380420684814e-02,-2.015692234039306641e+00
-2.322649240493774414e+00,6.383240818977355957e-01
-6.685982346534729004e-01,7.580122351646423340e-01
-2.682094812393188477e+00,-8.136755228042602539e-01
2.435324907302856445e+00,-8.966437578201293945e-01
-7.491031289100646973e-01,2.258903980255126953e-01
-1.069162368774414062e+00,1.384508967399597168e+00
2.649171352386474609e-01,7.676421999931335449e-01
5.355248451232910156e-01,1.536141782999038696e-01
4.846509695053100586e-01,8.076049387454986572e-02
-1.106109142303466797e+00,-1.365898013114929199e+00
-2.836404561996459961e+00,1.615196824073791504e+00
3.129120588302612305e+00,2.347751140594482422e+00
-1.061290979385375977e+00,-1.666831225156784058e-02
5.366821289062500000e-01,8.817428350448608398e-01
-6.322132587432861328e+00,3.361871004104614258e+00
-5.821073651313781738e-01,3.757775425910949707e-01
-6.676025986671447754e-01,8.200195431709289551e-01
4.472671449184417725e-02,-4.473715722560882568e-01
-1.260682821273803711e+00,7.075783014297485352e-01
-9.519321918487548828e-01,7.817171812057495117e-01
3.649228811264038086e+00,4.504827022552490234e+00
4.723789691925048828e-01,8.131277561187744141e-01
-1.988620162010192871e-01,9.697431921958923340e-01
-2.642785310745239258e+00,1.640758633613586426e+00
1.996428892016410828e-02,7.979285717010498047e-01
-1.416978836059570312e-01,-2.158910483121871948e-01
-1.800843358039855957e+00,1.897939682006835938e+00
-2.612512707710266113e-01,-1.052311182022094727e+00
-1.528914868831634521e-01,-1.980350852012634277e+00
-1.043852210044860840e+00,1.258293509483337402e+00
-1.585172176361083984e+00,-2.817471265792846680e+00
-3.587244451045989990e-01,-1.300851941108703613e+00
5.738554149866104126e-02,-1.037153601646423340e+00
-1.908224940299987793e+00,-1.214364886283874512e+00
-8.576629310846328735e-02,-1.066336154937744141e+00
-2.268540620803833008e+00,8.966993689537048340e-01
7.781777977943420410e-01,-1.473513484001159668e+00
2.415866613388061523e+00,-1.783452868461608887e+00
-3.950748592615127563e-02,-1.857038140296936035e+00
1.241337299346923828e+00,1.009418725967407227e+00
-8.615189790725708008e-01,-1.705422252416610718e-01
-9.909349679946899414e-01,3.955011367797851562e+00
-2.590988397598266602e+00,1.621260941028594971e-01
2.812168359756469727e+00,3.507558703422546387e-01
-2.988897822797298431e-02,9.094691276550292969e-02
-1.276309229433536530e-02,1.365648582577705383e-02
4.998581886291503906e+00,2.008072614669799805e+00
5.347937345504760742e-01,-1.665555499494075775e-02
2.803736925125122070e-01,9.593610167503356934e-01
-7.698186635971069336e-01,-6.465139985084533691e-02
-3.788097798824310303e-01,-1.016025424003601074e+00
4.398324787616729736e-01,1.182863712310791016e-01
3.516132235527038574e-01,-3.092659115791320801e-01
-1.971397995948791504e-01,7.883697748184204102e-02
3.100949525833129883e+00,4.482369720935821533e-01
-1.731958508491516113e+00,2.800235986709594727e+00
2.479698508977890015e-01,-1.147954463958740234e+00
-3.122789144515991211e+00,8.236293792724609375e-01
-7.161694765090942383e-01,-8.079114556312561035e-01
-1.948601841926574707e+00,-6.904362440109252930e-01
1.134538948535919189e-01,-1.097220420837402344e+00
-1.899335622787475586e+00,1.289955019950866699e+00
-1.623280405998229980e+00,2.981216013431549072e-01
-3.199560940265655518e-01,-7.530415058135986328e-01
1.018442213535308838e-01,-1.089224696159362793e+00
-5.218043327331542969e-01,-2.141807079315185547e+00
6.349546909332275391e-01,-3.746223747730255127e-01
1.645554900169372559e+00,1.902848839759826660e+00
1.786385178565979004e-01,2.207849264144897461e+00
-9.159778952598571777e-01,1.189143419265747070e+00
5.376511216163635254e-01,1.107591867446899414e+00
1.216098293662071228e-02,-1.197101831436157227e+00
-6.417896747589111328e-01,4.768531620502471924e-01
1.506147027015686035e+00,-7.229942083358764648e-01
2.884127199649810791e-01,1.218153163790702820e-02
3.552658319473266602e+00,-7.510411739349365234e-01
-4.385115146636962891e+00,-4.445922672748565674e-01
-8.203727006912231445e-01,-1.109605282545089722e-01
-1.476682424545288086e+00,5.040842294692993164e-01
-1.483685016632080078e+00,-4.585439205169677734e+00
4.187960177659988403e-03,-1.123357057571411133e+00
-6.788472533226013184e-01,-3.609467744827270508e-01
-7.944004982709884644e-02,-1.149745106697082520e+00
-1.920769065618515015e-01,-2.199799060821533203e+00
2.366020902991294861e-02,-1.127457857131958008e+00
7.346322536468505859e-01,1.080220818519592285e+00
-2.695019006729125977e+00,-3.743439674377441406e+00
-1.559114217758178711e+00,-9.239764809608459473e-01
-5.494676232337951660e-01,2.829597890377044678e-01
-1.153486847877502441e+00,7.296303510665893555e-01
-7.383855581283569336e-01,-1.202629685401916504e+00
1.267654418945312500e+00,5.573964715003967285e-01
-3.156382739543914795e-01,-3.977429568767547607e-01
8.271784335374832153e-02,-9.245372414588928223e-01
2.132566213607788086e+00,-6.639266014099121094e-01
4.009470462799072266e+00,8.914539217948913574e-01
-2.203064709901809692e-01,-4.017280042171478271e-01
-1.778125047683715820e+00,1.889092326164245605e+00
-1.022274345159530640e-01,-2.037893980741500854e-01
3.900814652442932129e-01,-1.537336558103561401e-01
2.022273778915405273e+00,3.018116950988769531e+00
2.875411033630371094e+00,1.774856150150299072e-01
5.802561044692993164e-01,-3.306014835834503174e-01
-2.034830331802368164e+00,1.661666512489318848e+00
-5.707651376724243164e-01,-1.913801550865173340e+00
-8.228152394294738770e-01,-9.512395858764648438e-01
-1.599335789680480957e+00,6.131309866905212402e-01
-2.992694616317749023e+00,3.371873617172241211e+00
7.671334743499755859e-01,-5.988861918449401855e-01
-1.050842642784118652e+00,-6.184672117233276367e-01
4.410683214664459229e-01,-6.583633273839950562e-02
-7.189393043518066406e-01,2.409335374832153320e-01
-1.420055031776428223e-01,-1.039164900779724121e+00
-6.676658987998962402e-01,6.129112243652343750e-01
2.146573066711425781e+00,-1.928099393844604492e+00
-1.346893072128295898e+00,1.338980674743652344e+00
4.780624806880950928e-01,-8.217299580574035645e-01
1.869607090950012207e+00,-3.137091696262359619e-01
-6.834092736244201660e-01,1.351649641990661621e+00
-3.920151591300964355e-01,-6.803389787673950195e-01
-1.980589270591735840e+00,1.967880010604858398e+00
1.457883864641189575e-01,-3.178569376468658447e-01
4.647417664527893066e-01,-9.182542562484741211e-01
6.979328989982604980e-01,2.064807415008544922e-01
2.349700033664703369e-01,1.890073060989379883e+00
3.731925189495086670e-01,-6.594671010971069336e-01
-7.297903895378112793e-01,-3.576807022094726562e+00
-8.132387995719909668e-01,4.414388835430145264e-01
7.321584224700927734e-02,1.936982870101928711e+00
2.028572261333465576e-01,6.738939285278320312e-01
-2.734029591083526611e-01,2.329455316066741943e-01
-1.029516935348510742e+00,-9.325966835021972656e-01
-7.492834925651550293e-01,-4.570301175117492676e-01
-1.334581226110458374e-01,1.067151188850402832e+00
1.742988228797912598e-01,8.512752652168273926e-01
6.199149042367935181e-02,-1.101849913597106934e+00
3.464498221874237061e-01,-1.186552882194519043e+00
-5.530218482017517090e-01,-1.285361647605895996e+00
2.107405513525009155e-01,-1.108500123023986816e+00
-1.014046221971511841e-01,2.684760093688964844e-01
-1.204801917076110840e+00,2.179028391838073730e-01
-2.236601263284683228e-01,1.613512992858886719e+00
-1.448270231485366821e-01,-1.551908850669860840e-01
-1.385111451148986816e+00,9.575386643409729004e-01
-9.738304466009140015e-02,-2.334268391132354736e-01
-3.410955518484115601e-02,3.401897475123405457e-02
-3.591682016849517822e-01,3.741315901279449463e-01
-9.436426162719726562e-01,-2.452347241342067719e-02
-4.896225929260253906e-01,-2.246354579925537109e+00
-6.660355925559997559e-01,6.950609385967254639e-04
4.239221811294555664e-01,8.336752653121948242e-02
-1.882870681583881378e-02,-7.174391746520996094e-01
-4.094237685203552246e-01,-1.013981938362121582e+00
-1.194014072418212891e+00,1.182922959327697754e+00
5.494663119316101074e-01,-2.623590454459190369e-02
9.495146274566650391e-01,1.234177589416503906e+00
6.906880736351013184e-01,3.263615131378173828e+00
-7.001586556434631348e-01,5.553675293922424316e-01
1.312219738960266113e+00,1.286388278007507324e+00
-2.809057831764221191e-01,-8.201909065246582031e-02
-1.454365134239196777e+00,6.962899863719940186e-02
2.874445438385009766e+00,-3.690892159938812256e-01
-2.515096366405487061e-01,1.621070265769958496e+00
2.585579752922058105e-01,5.896936655044555664e-01
2.879767417907714844e-01,-1.184198975563049316e+00
-1.501193523406982422e+00,1.412585258483886719e+00
2.696993649005889893e-01,-3.474419116973876953e-01
-1.108773052692413330e-01,-3.439019322395324707e-01
1.754505157470703125e+00,-1.472853302955627441e+00
1.652423888444900513e-01,-1.166012525558471680e+00
-1.285409569740295410e+00,1.938471943140029907e-01
-1.519779674708843231e-02,-1.082846760749816895e+00
-2.275338023900985718e-01,-1.708796471357345581e-01
-3.453621268272399902e-02,-6.981770396232604980e-01
-2.416057437658309937e-01,-9.389628767967224121e-01
7.749888300895690918e-02,-1.127959370613098145e+00
-1.009206533432006836e+00,-8.049192428588867188e-01
1.110355705022811890e-01,3.352049589157104492e+00
5.728962272405624390e-02,-1.557929962873458862e-01
9.179800003767013550e-02,9.152997732162475586e-01
-2.695019006729125977e+00,-3.743439674377441406e+00
-5.770549178123474121e-02,-1.121675968170166016e+00
-1.992912173271179199e+00,1.923436969518661499e-01
8.381891846656799316e-01,-1.450710177421569824e+00
5.489141866564750671e-02,-1.020530700683593750e+00
1.802497625350952148e+00,2.644368886947631836e+00
7.708678245544433594e-01,4.630047976970672607e-01
-2.992247819900512695e+00,-1.853601932525634766e-01
-2.067141771316528320e+00,1.406972527503967285e+00
-1.181998968124389648e+00,4.374979734420776367e-01
-5.674981474876403809e-01,4.574886262416839600e-01
1.952549368143081665e-01,6.530407071113586426e-01
-1.733318924903869629e+00,-1.307995915412902832e+00
-1.021374821662902832e+00,1.191424965858459473e+00
-8.875162601470947266e-01,-1.655846089124679565e-01
-8.161599040031433105e-01,3.791202008724212646e-01
-2.076232582330703735e-01,-1.879203319549560547e+00
-3.961481153964996338e-02,2.472156584262847900e-01
-9.119892120361328125e-01,4.218037426471710205e-01
-6.769009232521057129e-01,4.210617244243621826e-01
-8.877701163291931152e-01,6.574950218200683594e-01
-3.829357326030731201e-01,1.870665788650512695e+00
1.559679210186004639e-02,-1.073894977569580078e+00
2.421954631805419922e+00,3.305393159389495850e-01
3.074904680252075195e-01,-9.101958274841308594e-01
2.902800440788269043e-01,-3.463720381259918213e-01
-3.634028434753417969e+00,2.045843124389648438e+00
-1.345335364341735840e+00,3.070769786834716797e+00
2.349700033664703369e-01,1.890073060989379883e+00
-1.022360205650329590e+00,1.338352560997009277e+00
6.956473588943481445e-01,2.311203002929687500e+00
-2.024396806955337524e-01,-2.027504742145538330e-01
-5.505378246307373047e-01,-3.809815049171447754e-01
-2.698710262775421143e-01,-1.175261139869689941e+00
1.278276205062866211e+00,2.287737369537353516e+00
-2.868502438068389893e-01,-8.953112363815307617e-01
-8.887317776679992676e-02,-2.438757896423339844e+00
6.388369202613830566e-01,-1.236646413803100586e+00
-6.959873437881469727e-01,1.741057157516479492e+00
-1.676441073417663574e+00,2.013262748718261719e+00
5.347937345504760742e-01,-1.665555499494075775e-02
-1.454208195209503174e-01,-1.127303123474121094e+00
-1.617810964584350586e+00,5.184254050254821777e-01
-2.088811546564102173e-01,-1.060696363449096680e+00
3.276806771755218506e-01,-7.338013052940368652e-01
-7.437697649002075195e-01,5.034396052360534668e-01
1.345316648483276367e+00,-3.254498541355133057e-01
2.005632638931274414e+00,1.403084099292755127e-01
4.637633562088012695e-01,2.863166093826293945e+00
-1.996998906135559082e+00,-3.950957059860229492e+00
-1.749073386192321777e+00,8.147870898246765137e-01
1.927437335252761841e-01,-1.145251274108886719e+00
-7.631433010101318359e-02,-1.502289772033691406e+00
-7.109698057174682617e-01,8.224000334739685059e-01
-1.816183447837829590e+00,6.797693371772766113e-01
4.910413324832916260e-01,2.015784978866577148e+00
-6.768811941146850586e-01,-1.315132379531860352e+00
-4.123091995716094971e-01,-5.390996485948562622e-02
-8.247760534286499023e-01,3.814883530139923096e-01
-1.620764017105102539e+00,1.798961907625198364e-01
-6.139905452728271484e-01,5.059465765953063965e-01
1.534613817930221558e-01,-1.139231085777282715e+00
-1.236881017684936523e+00,1.357312560081481934e+00
-3.139642775058746338e-01,-2.486889839172363281e+00
-6.556440591812133789e-01,-1.935929894447326660e+00
-7.725575566291809082e-02,-9.684692025184631348e-01
9.441416710615158081e-02,-1.104932308197021484e+00
-2.314855575561523438e+00,1.075672268867492676e+00
-7.099190950393676758e-01,-2.974140942096710205e-01
5.379796028137207031e-01,2.738806009292602539e+00
1.057210803031921387e+00,-6.288223266601562500e-01
-1.325795769691467285e+00,5.726141929626464844e-01
1.262069463729858398e+00,2.249999523162841797e+00
-3.950748592615127563e-02,-1.857038140296936035e+00
5.136896371841430664e-01,7.163093686103820801e-01
1.989520072937011719e+00,-7.236201167106628418e-01
6.063123345375061035e-01,-1.282314181327819824e+00
-1.763955354690551758e-01,1.366288542747497559e+00
-1.284048199653625488e+00,1.146968364715576172e+00
-8.320637941360473633e-01,7.006376385688781738e-01
1.442305445671081543e+00,1.720427393913269043e+00
-1.576567292213439941e+00,3.913302719593048096e-01
-1.090784192085266113e+00,3.440001010894775391e+00
2.462290525436401367e-01,-1.237418770790100098e+00
-2.642543077468872070e+00,1.345475196838378906e+00
-4.190327525138854980e-01,-3.359889984130859375e+00
-1.177876472473144531e+00,1.037875771522521973e+00
1.057210803031921387e+00,-6.288223266601562500e-01
5.489141866564750671e-02,-1.020530700683593750e+00
-1.852357268333435059e+00,8.453012108802795410e-01
3.143405541777610779e-02,-6.899935603141784668e-01
5.095924437046051025e-02,-1.074488162994384766e+00
-6.233359575271606445e-01,-2.044050693511962891e+00
2.088854312896728516e-01,-6.003713607788085938e-01
-1.626223623752593994e-01,-1.113332271575927734e+00
-4.288319498300552368e-02,-1.126140117645263672e+00
-1.568827629089355469e-01,-1.087558269500732422e+00
-1.078022457659244537e-02,-3.470611572265625000e-01
-1.069162368774414062e+00,1.384508967399597168e+00
-3.559698164463043213e-02,-1.225211143493652344e+00
-1.006291747093200684e+00,-2.973742783069610596e-03
-3.671044111251831055e-01,-1.694461941719055176e+00
-7.863286733627319336e-01,3.487792313098907471e-01
-6.964481472969055176e-01,9.767654538154602051e-01
4.354132175445556641e+00,-2.127641141414642334e-01
-2.494691461324691772e-01,-1.086393117904663086e+00
2.083657085895538330e-01,9.279736876487731934e-01
1.069449543952941895e+00,6.743981838226318359e-01
-4.678704142570495605e-01,2.134688377380371094e+00
-8.247760534286499023e-01,3.814883530139923096e-01
-4.268278777599334717e-01,-1.293974876403808594e+00
-7.295120954513549805e-01,3.982692062854766846e-01
4.784181714057922363e-01,-1.028374075889587402e+00
5.790182203054428101e-02,-8.045517206192016602e-01
-3.621747493743896484e-01,-6.524552702903747559e-01
1.802497625350952148e+00,2.644368886947631836e+00
-4.465166926383972168e-01,6.886750459671020508e-01
1.100636959075927734e+00,-2.238392978906631470e-01
-3.009937107563018799e-01,-2.907060384750366211e-01
1.217284321784973145e+00,-7.650701403617858887e-01
-5.476886034011840820e-01,1.517963051795959473e+00
-1.697863101959228516e+00,3.042854547500610352e+00
1.746452450752258301e-01,-1.150142550468444824e+00
3.142792224884033203e+00,7.870555520057678223e-01
1.746452450752258301e-01,-1.150142550468444824e+00
-2.471439093351364136e-01,-9.151971340179443359e-01
-1.867367476224899292e-01,-8.914988040924072266e-01
8.532528579235076904e-02,-1.054067492485046387e+00
-1.361458539962768555e+00,9.368518590927124023e-01
-1.392516344785690308e-01,-1.627977788448333740e-01
-6.925827264785766602e-01,2.575689852237701416e-01
1.857367873191833496e+00,4.493144989013671875e+00
-8.316327333450317383e-01,2.786951065063476562e-01
-1.193619847297668457e+00,2.318647503852844238e-01
4.244776070117950439e-02,-5.095471739768981934e-01
-2.275338023900985718e-01,-1.708796471357345581e-01
-1.725908398628234863e+00,-2.247148275375366211e+00
-1.282944343984127045e-02,2.677560225129127502e-02
-1.096583485603332520e+00,9.097436070442199707e-01
-9.307591915130615234e-01,-9.645743370056152344e-01
3.291077613830566406e-01,-1.297520399093627930e-01
1.378748267889022827e-01,-1.094668865203857422e+00
1.492861956357955933e-01,3.286826908588409424e-01
4.187960177659988403e-03,-1.123357057571411133e+00
8.113519549369812012e-01,1.637449026107788086e+00
1.683250308036804199e+00,1.071796894073486328e+00
-1.496220588684082031e+00,1.034026265144348145e+00
-9.385621547698974609e-01,9.448367953300476074e-01
-2.227995097637176514e-01,-1.008775472640991211e+00
-1.028968214988708496e+00,1.982300430536270142e-01
-1.316808581352233887e+00,3.501911461353302002e-01
-4.075949192047119141e-01,1.286705255508422852e+00
6.001347899436950684e-01,-1.944778084754943848e+00
-8.425897359848022461e-01,-9.116458892822265625e-02
-5.742191076278686523e-01,-9.072318077087402344e-01
2.421954631805419922e+00,3.305393159389495850e-01
-2.836404561996459961e+00,1.615196824073791504e+00
-1.642352342605590820e-01,-1.077742725610733032e-01
-8.869118094444274902e-01,6.216321587562561035e-01
-5.426890850067138672e-01,-2.743941068649291992e+00
-2.041531085968017578e+00,2.495463132858276367e+00
-9.964503049850463867e-01,7.930672764778137207e-01
-2.209918022155761719e+00,9.825680851936340332e-01
1.685347408056259155e-01,2.019738107919692993e-01
6.401339173316955566e-01,-1.870967596769332886e-01
-2.311230637133121490e-02,-5.388422012329101562e-01
-2.526586949825286865e-01,-2.747454166412353516e+00
-1.992912173271179199e+00,1.923436969518661499e-01
-2.669395804405212402e-01,1.312432885169982910e+00
1.365284442901611328e+00,2.434518337249755859e+00
7.595340609550476074e-01,-1.027830317616462708e-02
-3.686379194259643555e-01,-1.175238490104675293e+00
-1.217781543731689453e+00,-1.055998206138610840e+00
-3.404219448566436768e-02,-1.163687467575073242e+00
-2.425274997949600220e-01,1.910228490829467773e+00
-2.154526710510253906e+00,1.106318354606628418e+00
-4.224868774414062500e+00,2.486187458038330078e+00
-3.737504482269287109e-01,-4.639601707458496094e-02
-9.950837492942810059e-02,-3.467099368572235107e-01
-1.294686459004878998e-02,9.565472006797790527e-01
-1.910209417343139648e+00,9.631853699684143066e-01
6.334593892097473145e-01,1.148431301116943359e+00
-6.567628979682922363e-01,4.761164486408233643e-01
-1.120774269104003906e+00,-1.047661662101745605e+00
-6.672843933105468750e+00,-2.407156229019165039e+00
1.400476098060607910e+00,-7.972621321678161621e-01
-7.432817220687866211e-01,-1.109570622444152832e+00
-1.611878752708435059e+00,6.142532825469970703e-01
-5.766901969909667969e-01,-1.667095303535461426e+00
1.216098293662071228e-02,-1.197101831436157227e+00
2.669656276702880859e-01,-2.383671253919601440e-01
-1.642352342605590820e-01,-1.077742725610733032e-01
-4.343590736389160156e+00,1.265313863754272461e+00
4.901310205459594727e-01,-9.491405487060546875e-01
-1.008726358413696289e+00,-4.502157121896743774e-02
-2.279656648635864258e+00,1.116891503334045410e+00
-8.675694465637207031e-01,-1.221515089273452759e-01
-3.168409585952758789e+00,1.743020296096801758e+00
-8.320637941360473633e-01,7.006376385688781738e-01
7.083798050880432129e-01,-4.572019726037979126e-02
-8.890817761421203613e-01,-7.862038910388946533e-02
-9.072991609573364258e-01,-1.147734999656677246e+00
7.854754924774169922e-01,8.573769927024841309e-01
-6.144477128982543945e-01,1.168939322233200073e-01
-7.100523710250854492e-01,2.803141176700592041e-01
9.347805380821228027e-01,9.823889136314392090e-01
1.041161656379699707e+00,1.149534225463867188e+00
-6.933783292770385742e-01,-9.315506815910339355e-01
-2.234365195035934448e-01,-9.501142501831054688e-01
-1.026693582534790039e+00,-1.259550154209136963e-01
-1.720625519752502441e+00,2.404840469360351562e+00
1.033395528793334961e+00,9.709053635597229004e-01
2.072501182556152344e-01,-1.099541544914245605e+00
-1.014046221971511841e-01,2.684760093688964844e-01
-1.527957916259765625e-01,-9.607256054878234863e-01
-1.642039716243743896e-01,-1.889828592538833618e-01
-1.543610095977783203e+00,8.168748021125793457e-01
-2.117404460906982422e+00,3.882167935371398926e-01
2.201800584793090820e+00,4.704073965549468994e-01
1.795116811990737915e-01,6.240865588188171387e-01
4.811690747737884521e-01,-1.305212140083312988e+00
1.763146281242370605e+00,1.614072918891906738e+00
-1.780594587326049805e+00,3.219333589076995850e-01
2.665440559387207031e+00,-1.328570008277893066e+00
1.630515336990356445e+00,5.042172074317932129e-01
-8.007729649543762207e-01,9.905391335487365723e-01
-1.570496678352355957e+00,-1.094472050666809082e+00
-5.426890850067138672e-01,-2.743941068649291992e+00
-6.575873494148254395e-01,1.879970133304595947e-01
-5.889162421226501465e-01,-4.344056546688079834e-01
-1.908224940299987793e+00,-1.214364886283874512e+00
-6.095910072326660156e-02,-2.129837989807128906e+00
1.313729770481586456e-02,-1.961120963096618652e+00
-3.061904907226562500e-01,-3.891996443271636963e-01
-9.450010210275650024e-02,1.452557682991027832e+00
4.767228960990905762e-01,2.191420197486877441e-01
-3.246578693389892578e+00,7.582822442054748535e-01
-1.586370825767517090e+00,-1.266714334487915039e+00
-3.009937107563018799e-01,-2.907060384750366211e-01
4.643565416336059570e-01,-3.201535344123840332e-02
-8.063175082206726074e-01,1.028370410203933716e-01
-8.360436558723449707e-02,-4.503307044506072998e-01
-2.751694202423095703e+00,1.586926102638244629e+00
-1.961282342672348022e-01,4.280728474259376526e-02
5.048179626464843750e-01,6.707409024238586426e-01
5.777397155761718750e-01,8.126312494277954102e-01
-8.125990033149719238e-01,6.510984301567077637e-01
-6.567628979682922363e-01,4.761164486408233643e-01
-1.867367476224899292e-01,-8.914988040924072266e-01
-1.685421109199523926e+00,1.448887586593627930e+00
-5.995038896799087524e-02,-3.771781921386718750e-01
5.942176282405853271e-02,-7.091633677482604980e-01
-4.074186086654663086e-01,-9.172899127006530762e-01
-9.580610990524291992e-01,1.080262422561645508e+00
2.136235833168029785e-01,1.468362659215927124e-01
-1.391727477312088013e-01,1.905378818511962891e+00
-1.305975168943405151e-01,1.478321313858032227e+00
-1.124838709831237793e+00,9.472718834877014160e-01
-3.157445192337036133e-01,-2.234144926071166992e+00
-5.413553714752197266e-01,6.612272858619689941e-01
4.250194132328033447e-01,-1.058134198188781738e+00
1.231937289237976074e+00,1.445958256721496582e+00
-2.058619499206542969e+00,-3.111318945884704590e-01
-1.548993945121765137e+00,1.246023535728454590e+00
8.949354290962219238e-01,1.354364156723022461e+00
1.672587156295776367e+00,1.839722514152526855e+00
-6.282429695129394531e-01,-9.134422540664672852e-01
-9.809357672929763794e-02,-1.270091056823730469e+00
-9.435161948204040527e-01,6.390644907951354980e-01
5.124552547931671143e-02,-1.159344434738159180e+00
-8.531724661588668823e-02,-3.174019575119018555e+00
-1.058230400085449219e-01,-1.071752309799194336e+00
-8.601579666137695312e-01,-9.878215789794921875e-01
-1.863809227943420410e-01,-1.077080488204956055e+00
-5.615388154983520508e-01,-1.442817687988281250e+00
-8.286271095275878906e-01,-4.856150448322296143e-01
-6.893808394670486450e-02,-2.142252683639526367e+00
-2.148314863443374634e-01,1.058196067810058594e+00
2.732488214969635010e-01,-1.212341308593750000e+00
-2.886198282241821289e+00,2.912738561630249023e+00
-1.642039716243743896e-01,-1.889828592538833618e-01
1.586451232433319092e-01,9.611236453056335449e-01
9.588184952735900879e-01,1.320641160011291504e+00
-9.939894676208496094e-01,6.516271233558654785e-01
-2.196685075759887695e+00,-1.182827353477478027e-01
7.245361804962158203e-01,9.561516642570495605e-01
3.871630132198333740e-01,6.332811713218688965e-02
-2.041479945182800293e-01,-9.050185084342956543e-01
-1.980589270591735840e+00,1.967880010604858398e+00
-1.513886451721191406e-01,2.386370673775672913e-02
-1.912922263145446777e+00,-2.294095605611801147e-02
5.273433327674865723e-01,1.393129944801330566e+00
-5.173608064651489258e-01,-1.863927125930786133e+00
2.545461416244506836e+00,-9.916105270385742188e-01
2.734700441360473633e+00,-4.966122657060623169e-02
-9.619821310043334961e-01,1.180077433586120605e+00
-1.943853050470352173e-01,-8.832622766494750977e-01
3.939018547534942627e-01,-3.295824527740478516e-01
6.317099928855895996e-01,-1.873239278793334961e-01
3.598345816135406494e-01,-2.267064601182937622e-01
-1.454365134239196777e+00,6.962899863719940186e-02
-7.075583934783935547e-01,-3.553679287433624268e-01
1.381778270006179810e-01,1.049816489219665527e+00
-2.850568294525146484e+00,4.082995653152465820e-01
4.401538968086242676e-01,8.460624516010284424e-02
-1.722199082374572754e+00,5.136995911598205566e-01
-4.029294967651367188e+00,9.423630237579345703e-01
-1.061412930488586426e+00,1.913477182388305664e+00
-9.824952483177185059e-02,-1.084213018417358398e+00
-2.948253870010375977e+00,1.272291183471679688e+00
-8.267412781715393066e-01,7.657926082611083984e-01
-7.112105190753936768e-02,-3.513628989458084106e-02
-1.685444593429565430e+00,2.593575417995452881e-01
-1.251664042472839355e+00,-1.219127416610717773e+00
-1.059800028800964355e+00,9.108793735504150391e-02
-1.055507779121398926e+00,3.130706250667572021e-01
4.076932072639465332e-01,1.626908928155899048e-01
-1.029516935348510742e+00,-9.325966835021972656e-01
-2.589770257472991943e-01,-4.936248958110809326e-01
3.390571177005767822e-01,2.725285291671752930e+00
-1.676441073417663574e+00,2.013262748718261719e+00
-5.819413065910339355e-01,-2.202808856964111328e+00
-2.205028533935546875e-01,-1.223460078239440918e+00
4.512110948562622070e-01,8.635486662387847900e-02
-9.119892120361328125e-01,4.218037426471710205e-01
-1.686759293079376221e-01,1.005366802215576172e+00
3.707548677921295166e-01,-1.318384528160095215e+00
-2.514643073081970215e-01,-8.977427482604980469e-01
-2.151905059814453125e+00,-1.598911881446838379e-01
-1.457542657852172852e+00,1.558265924453735352e+00
-1.076588153839111328e+00,9.080098867416381836e-01
7.563720941543579102e-01,6.797335147857666016e-01
-7.766405940055847168e-01,6.929753422737121582e-01
-3.050776720046997070e+00,4.302232742309570312e+00
-9.875729084014892578e-01,5.228960514068603516e-01
2.571400105953216553e-01,4.997744262218475342e-01
7.923870682716369629e-01,-2.621059417724609375e-01
-5.733277648687362671e-02,-1.140881896018981934e+00
1.274330615997314453e-01,-9.477980136871337891e-01
1.305483877658843994e-01,-1.143259048461914062e+00
-1.615292549133300781e+00,1.841875612735748291e-01
-1.816807389259338379e-01,-2.200122475624084473e-01
-6.602146625518798828e-01,1.894498825073242188e+00
-1.084362149238586426e+00,-9.211624860763549805e-01
2.413944005966186523e+00,-1.752326607704162598e+00
-6.977025270462036133e-01,-3.697221875190734863e-01
-1.659509658813476562e+00,-2.508395195007324219e+00
-1.257407784461975098e+00,-1.401241898536682129e+00
-3.394771814346313477e-01,-4.073935449123382568e-01
-8.723619580268859863e-01,1.986900568008422852e+00
-3.259176313877105713e-01,-4.909688606858253479e-02
-3.864651322364807129e-01,-1.348612308502197266e-01
1.195307299494743347e-01,-1.160956025123596191e+00
-9.727704524993896484e-01,9.518064260482788086e-01
-1.600482583045959473e+00,1.964947283267974854e-01
2.013614773750305176e-01,-1.091772437095642090e+00
-2.326279729604721069e-01,-5.723513662815093994e-02
-1.651838779449462891e+00,9.281052350997924805e-01
1.504293270409107208e-02,-1.087562918663024902e+00
-3.509587645530700684e-01,-2.026971578598022461e+00
-1.614417910575866699e+00,1.398339390754699707e+00
7.334498316049575806e-02,-1.527236253023147583e-01
-1.075855851173400879e+00,-1.617601394653320312e+00
-1.577537298202514648e+00,3.640809953212738037e-01
6.659275889396667480e-01,2.586355507373809814e-01
6.808122396469116211e-01,-1.129792451858520508e+00
-1.871392726898193359e-01,-1.337447285652160645e+00
1.678370982408523560e-01,6.639092564582824707e-01
1.019666910171508789e+00,2.964481830596923828e+00
-4.304179549217224121e-01,-8.724029362201690674e-02
-2.253131628036499023e+00,8.527289032936096191e-01
1.628575921058654785e-01,-1.034069061279296875e+00
1.887895911931991577e-01,-1.075873613357543945e+00
-1.996614187955856323e-01,-2.776695251464843750e+00
-9.422983527183532715e-01,8.853288888931274414e-01
1.493619382381439209e-01,6.310229301452636719e-01
-1.119357943534851074e+00,8.894366025924682617e-01
1.037225127220153809e-01,-1.005702137947082520e+00
4.345381855964660645e-01,-1.175302624702453613e+00
-7.825615257024765015e-02,-2.021289587020874023e+00
4.723789691925048828e-01,8.131277561187744141e-01
-7.384632825851440430e-01,-2.969098389148712158e-01
-6.327273845672607422e-01,4.160746932029724121e-01
2.747839391231536865e-01,-3.396338522434234619e-01
-7.099190950393676758e-01,-2.974140942096710205e-01
4.668031260371208191e-02,-2.261260896921157837e-01
-2.326124757528305054e-01,-2.315010547637939453e+00
-7.295120954513549805e-01,3.982692062854766846e-01
-8.283674716949462891e-02,1.116286277770996094e+00
-1.325503230094909668e+00,2.318378686904907227e+00
7.694520950317382812e-01,1.628232598304748535e-01
-2.925155162811279297e-01,1.304052948951721191e+00
3.208783864974975586e-01,1.660925894975662231e-01
7.778984904289245605e-01,6.775553822517395020e-01
-3.618912994861602783e-01,1.359379291534423828e+00
5.887722373008728027e-01,-1.797881424427032471e-01
-1.999941170215606689e-01,5.114268660545349121e-01
-9.006304144859313965e-01,1.318710327148437500e+00
6.045097708702087402e-01,9.585890173912048340e-01
5.136896371841430664e-01,7.163093686103820801e-01
3.776958703994750977e+00,8.293581008911132812e-01
-1.409480333328247070e+00,3.058152794837951660e-01
6.420513391494750977e-01,1.011529207229614258e+00
1.385291457176208496e+00,-8.265160322189331055e-01
-2.880728840827941895e-01,-8.706240057945251465e-01
-3.435301482677459717e-01,1.999773532152175903e-01
1.337840501219034195e-02,-2.331202030181884766e+00
-1.316808581352233887e+00,3.501911461353302002e-01
-8.284109234809875488e-01,-1.807962730526924133e-02
1.242697358131408691e+00,7.895848751068115234e-01
-9.493572711944580078e-01,-1.605716049671173096e-01
-5.030630230903625488e-01,-2.160738706588745117e+00
-7.362465262413024902e-01,4.822074472904205322e-01
7.155799865722656250e-02,-1.122722506523132324e+00
-1.290323734283447266e+00,-1.002571821212768555e+00
-1.394531279802322388e-01,-1.113140106201171875e+00
-5.226268768310546875e-01,-2.512733221054077148e+00
3.473791480064392090e-01,6.197478249669075012e-02
2.183133363723754883e+00,2.042388200759887695e+00
-2.279656648635864258e+00,1.116891503334045410e+00
-3.985669612884521484e-01,-1.310918092727661133e+00
5.655030608177185059e-01,-1.174407899379730225e-01
-8.298865556716918945e-01,3.935335278511047363e-01
-1.611878752708435059e+00,6.142532825469970703e-01
-1.914666295051574707e+00,3.069368302822113037e-01
4.353434741497039795e-01,2.644707858562469482e-01
-1.726867705583572388e-01,2.183441162109375000e+00
4.088500440120697021e-01,3.054851055145263672e+00
-2.626954019069671631e-01,-1.067155599594116211e+00
-9.211143851280212402e-01,-3.087149262428283691e-01
-1.116822212934494019e-01,1.891945451498031616e-01
-1.456011533737182617e+00,8.546347022056579590e-01
3.024723529815673828e-01,2.422631904482841492e-02
5.048179626464843750e-01,6.707409024238586426e-01
1.297981262207031250e+00,1.797355771064758301e+00
-5.505378246307373047e-01,-3.809815049171447754e-01
1.147023737430572510e-01,2.520436942577362061e-01
-4.195140600204467773e-01,-2.038064956665039062e+00
2.289466619491577148e+00,1.010398626327514648e+00
-3.632427692413330078e+00,4.539054334163665771e-01
-1.203940749168395996e+00,1.760680228471755981e-01
6.487426757812500000e-01,1.174804568290710449e+00
-1.289625465869903564e-01,-1.186723232269287109e+00
-6.168512105941772461e-01,-1.853258252143859863e+00
-5.566167831420898438e-02,-1.114477157592773438e+00
3.359825015068054199e-01,-7.145865559577941895e-01
4.088500440120697021e-01,3.054851055145263672e+00
-1.857832431793212891e+00,7.128471732139587402e-01
-1.125413537025451660e+00,1.038130521774291992e-01
4.190782308578491211e-01,-9.004047513008117676e-01
-1.285549402236938477e+00,1.330548167228698730e+00
-6.935381293296813965e-01,6.200257539749145508e-01
3.134198665618896484e+00,1.358503699302673340e+00
-1.284048199653625488e+00,1.146968364715576172e+00
-1.285365670919418335e-01,-5.142019391059875488e-01
-1.935487985610961914e+00,1.839235544204711914e+00
-1.702270507812500000e-01,-1.115887761116027832e+00
1.213397085666656494e-01,-5.296998023986816406e-01
-9.767035245895385742e-01,6.176459416747093201e-02
-9.580610990524291992e-01,1.080262422561645508e+00
-7.046064734458923340e-01,3.712071478366851807e-01
5.471619367599487305e-01,-2.279696166515350342e-01
-2.125424385070800781e+00,5.692695975303649902e-01
-8.251622319221496582e-01,3.398465812206268311e-01
-3.746692836284637451e-01,-5.779541134834289551e-01
5.060389518737792969e+00,1.070281028747558594e+00
-2.326971739530563354e-01,-1.055032014846801758e+00
1.756906956434249878e-01,-1.190506935119628906e+00
-1.151164293289184570e+00,1.252558588981628418e+00
-1.951568603515625000e+00,3.350162804126739502e-01
2.460282802581787109e+00,1.557867169380187988e+00
-1.671712398529052734e+00,8.195093274116516113e-01
-5.948214977979660034e-02,-1.246115207672119141e+00
4.664692282676696777e-01,-2.909416854381561279e-01
-2.860957384109497070e-01,-9.307821989059448242e-01
4.354132175445556641e+00,-2.127641141414642334e-01
-6.959873437881469727e-01,1.741057157516479492e+00
-1.220684170722961426e+00,1.510420739650726318e-01
5.439198017120361328e-01,1.043091058731079102e+00
-6.556440591812133789e-01,-1.935929894447326660e+00
7.287318110466003418e-01,9.746649861335754395e-01
1.365284442901611328e+00,2.434518337249755859e+00
1.231210976839065552e-01,-3.792028129100799561e-01
7.595340609550476074e-01,-1.027830317616462708e-02
2.388217002153396606e-01,-1.084662318229675293e+00
-6.409603357315063477e-01,1.658516079187393188e-01
-1.537920832633972168e+00,2.570414841175079346e-01
-5.320750474929809570e-01,1.380836665630340576e-01
-4.442794322967529297e-01,4.548955857753753662e-01
4.009470462799072266e+00,8.914539217948913574e-01
-2.223576009273529053e-01,-2.037545442581176758e+00
-1.191735506057739258e+00,8.635703921318054199e-01
-1.695520401000976562e+00,1.342007666826248169e-01
-3.004389405250549316e-01,-1.297984272241592407e-03
-6.721351742744445801e-01,-2.446955591440200806e-01
2.279935926198959351e-01,-1.141426920890808105e+00
7.463809847831726074e-01,1.480933427810668945e+00
-1.128900408744812012e+00,1.305280208587646484e+00
1.451610028743743896e-01,-6.682622432708740234e-01
4.289748966693878174e-01,2.069004178047180176e-01
5.710893496870994568e-02,-1.144369125366210938e+00
-2.245767593383789062e+00,1.602730154991149902e+00
2.763948440551757812e-01,1.251329898834228516e+00
3.487438201904296875e+00,-1.038466215133666992e+00
-9.149698615074157715e-01,9.633290767669677734e-02
-5.718013644218444824e-02,1.142143368721008301e+00
1.959930807352066040e-01,-1.009887695312500000e+00
-6.434618234634399414e-01,-6.229752302169799805e-01
-2.302086502313613892e-01,-8.724793195724487305e-01
-9.451096653938293457e-01,3.349019885063171387e-01
-2.551288902759552002e-01,-1.838786602020263672e-01
-4.847661495208740234e+00,3.795983791351318359e+00
2.078186124563217163e-01,-1.795559644699096680e+00
9.789217114448547363e-01,5.543950557708740234e+00
5.185931205749511719e+00,3.218509912490844727e+00
-4.837893843650817871e-01,7.079254388809204102e-01
-3.231555223464965820e-01,6.662169098854064941e-01
-8.648126572370529175e-02,-1.024550944566726685e-01
-2.836315333843231201e-01,3.380255997180938721e-01
9.972584247589111328e-01,1.376905322074890137e+00
-1.561723589897155762e+00,2.852160036563873291e-01
1.277932822704315186e-01,9.225443005561828613e-02
-1.490223407745361328e+00,-1.042291879653930664e+00
-7.229259610176086426e-02,2.339550852775573730e-01
-8.292848467826843262e-01,-4.064032137393951416e-01
-1.985604882240295410e+00,8.355404138565063477e-01
-1.188145756721496582e+00,4.772829636931419373e-02
6.104962229728698730e-01,-1.518275588750839233e-01
7.190963029861450195e-01,1.407069325447082520e+00
-9.520678967237472534e-02,-1.125631570816040039e+00
5.328879356384277344e-01,-1.279945850372314453e+00
-5.497384071350097656e-02,-1.086879372596740723e+00
1.741486787796020508e-01,-1.111638307571411133e+00
1.975640892982482910e+00,7.896714210510253906e-01
-1.073217749595642090e+00,-2.371101453900337219e-02
-1.951363921165466309e+00,-4.009355008602142334e-01
-1.029091119766235352e+00,1.046759843826293945e+00
-9.972302243113517761e-03,-2.459552437067031860e-01
-7.062598466873168945e-01,1.674339771270751953e-01
-3.164514064788818359e+00,-2.302898883819580078e+00
-2.027323484420776367e+00,1.751677989959716797e+00
1.195307299494743347e-01,-1.160956025123596191e+00
-4.636351585388183594e+00,4.493133425712585449e-01
-1.286290764808654785e+00,-2.794548273086547852e+00
6.388369202613830566e-01,-1.236646413803100586e+00
-1.602923512458801270e+00,2.927842438220977783e-01
3.932312130928039551e-01,-3.573280572891235352e-01
-1.220065832138061523e+00,-1.023681998252868652e+00
-1.248993128538131714e-01,-9.212455153465270996e-02
6.036772131919860840e-01,4.140815734863281250e-01
1.504293270409107208e-02,-1.087562918663024902e+00
2.669656276702880859e-01,-2.383671253919601440e-01
-2.345150262117385864e-01,6.660979390144348145e-01
-8.066565990447998047e-01,-1.848831959068775177e-02
8.656221032142639160e-01,7.446560263633728027e-02
-5.549060106277465820e-01,1.039981961250305176e+00
8.656221032142639160e-01,7.446560263633728027e-02
2.670133113861083984e+00,-1.688995003700256348e+00
-2.494691461324691772e-01,-1.086393117904663086e+00
-1.421995162963867188e+00,1.164181470870971680e+00
-1.248993128538131714e-01,-9.212455153465270996e-02
-4.553744792938232422e-01,-1.897441387176513672e+00
3.748171329498291016e-01,3.644574880599975586e-01
-5.046617984771728516e-01,-8.481067419052124023e-01
-1.043593138456344604e-01,-2.508327722549438477e+00
5.181486606597900391e-01,-9.213023781776428223e-01
4.417148828506469727e-01,1.021693944931030273e+00
4.252514243125915527e-02,-1.145486235618591309e+00
-9.438188076019287109e-01,5.629521608352661133e-01
-5.070372819900512695e-01,1.180709004402160645e+00
-8.051433563232421875e-01,3.283802866935729980e-01
2.610668241977691650e-01,-1.159278392791748047e+00
-6.074476838111877441e-01,5.119792222976684570e-01
-6.364125013351440430e-01,-8.593944907188415527e-01
-1.818927764892578125e+00,1.657632946968078613e+00
-1.823792308568954468e-01,-1.625566601753234863e+00
1.322649717330932617e-01,3.241209313273429871e-02
3.432767987251281738e-01,-1.062089800834655762e+00
-1.921483397483825684e+00,1.932875990867614746e+00
6.200180649757385254e-01,-3.933148682117462158e-01
2.868914842605590820e+00,3.920723438262939453e+00
-1.524645835161209106e-01,-1.377791881561279297e+00
2.894030809402465820e-01,-1.150253295898437500e+00
6.441465616226196289e-01,-1.228608012199401855e+00
1.586219429969787598e+00,2.440143823623657227e+00
7.026057839393615723e-01,-2.942973375320434570e-01
1.804410934448242188e+00,2.588622808456420898e+00
2.999997377395629883e+00,-9.308998584747314453e-01
4.583690688014030457e-02,-1.234093666076660156e+00
-8.882951736450195312e-01,-1.493625715374946594e-02
2.902800440788269043e-01,-3.463720381259918213e-01
-8.216392248868942261e-02,-1.086826324462890625e+00
5.448833703994750977e-01,-2.307085841894149780e-01
-1.119168475270271301e-03,1.654062047600746155e-02
-7.016121149063110352e-01,-4.220688343048095703e-02
9.789217114448547363e-01,5.543950557708740234e+00
-3.734758794307708740e-01,2.107692241668701172e+00
-3.481758236885070801e-01,-1.230519175529479980e+00
7.287608981132507324e-01,1.283646225929260254e+00
4.358853697776794434e-01,1.220565438270568848e-01
1.376121789216995239e-01,-1.032577395439147949e+00
2.020978927612304688e+00,2.497956275939941406e+00
-1.568020939826965332e+00,5.540755987167358398e-01
1.110355705022811890e-01,3.352049589157104492e+00
5.429072976112365723e-01,-5.583854317665100098e-01
3.344627022743225098e-01,8.862981796264648438e-01
-2.147709280252456665e-01,-8.197368979454040527e-01
-2.744421921670436859e-02,-1.158792138099670410e+00
-7.961190938949584961e-01,5.895702242851257324e-01
6.726567745208740234e-01,-2.745122611522674561e-01
9.904564619064331055e-01,-2.698551118373870850e-02
-1.433249592781066895e+00,-2.527725458145141602e+00
9.023822098970413208e-02,9.492934346199035645e-01
3.123557269573211670e-01,6.207422614097595215e-01
5.308034420013427734e-01,-7.087457180023193359e-01
-3.435301482677459717e-01,1.999773532152175903e-01
-4.163400650024414062e+00,9.675025343894958496e-01
-1.136509776115417480e+00,4.409765899181365967e-01
3.939018547534942627e-01,-3.295824527740478516e-01
1.092720031738281250e-01,3.763105392456054688e+00
2.555630207061767578e+00,-8.401156663894653320e-01
-9.435161948204040527e-01,6.390644907951354980e-01
-2.234234958887100220e-01,-7.656398415565490723e-02
-6.932192444801330566e-01,6.557351350784301758e-01
-1.828033477067947388e-01,-7.252749204635620117e-01
4.118923664093017578e+00,1.341624259948730469e+00
8.139379024505615234e-01,1.133689999580383301e+00
1.297981262207031250e+00,1.797355771064758301e+00
2.105426549911499023e+00,-8.609178066253662109e-01
-1.442741155624389648e+00,6.528346538543701172e-01
-1.857459545135498047e+00,1.961164236068725586e+00
4.190782308578491211e-01,-9.004047513008117676e-01
2.803736925125122070e-01,9.593610167503356934e-01
-2.236984968185424805e+00,2.209103822708129883e+00
8.327226638793945312e-01,-3.362347483634948730e-01
7.334386706352233887e-01,1.370138168334960938e+00
-1.285061836242675781e-01,-1.072004437446594238e+00
3.105725347995758057e-01,2.987976372241973877e-01
7.868684828281402588e-02,-1.055100917816162109e+00
-1.361641049385070801e+00,1.077830791473388672e+00
2.574086189270019531e+00,-1.590362429618835449e+00
3.153174817562103271e-01,5.163428559899330139e-02
1.492492761462926865e-02,-1.155399560928344727e+00
-3.340046107769012451e-02,-5.516551136970520020e-01
4.369374513626098633e-01,2.674101352691650391e+00
1.433699429035186768e-01,-1.331058144569396973e+00
-4.845462441444396973e-01,2.071815133094787598e-01
-1.528549671173095703e+00,1.282014012336730957e+00
2.686158418655395508e+00,-6.489280462265014648e-01
-1.526324868202209473e+00,1.583749890327453613e+00
-7.462592124938964844e-01,-9.248428940773010254e-01
-6.200436353683471680e-01,5.136820673942565918e-01
6.976841390132904053e-02,4.686086997389793396e-02
2.289466619491577148e+00,1.010398626327514648e+00
2.137153595685958862e-01,-3.391999006271362305e-01
8.429449200630187988e-01,6.975609064102172852e-01
-1.119168475270271301e-03,1.654062047600746155e-02
-3.776049315929412842e-01,2.097750902175903320e+00
-2.463050335645675659e-01,1.451662629842758179e-01
1.226528361439704895e-01,-1.173522353172302246e+00
-1.097474217414855957e+00,-3.936589360237121582e-01
-8.655151724815368652e-01,7.694456577301025391e-01
2.592345178127288818e-01,-4.988814592361450195e-01
-1.592976808547973633e+00,5.292817950248718262e-01
1.791358143091201782e-01,6.629047989845275879e-01
-2.607840001583099365e-01,-2.040599584579467773e+00
-2.738333225250244141e+00,1.363291621208190918e+00
-1.108431816101074219e+00,7.542201280593872070e-01
-2.657677173614501953e+00,5.544295310974121094e-01
5.883167982101440430e-01,1.260763049125671387e+00
-1.625563502311706543e-01,-1.015944004058837891e+00
2.104397296905517578e+00,-1.776908159255981445e+00
-8.962501585483551025e-02,-2.457835197448730469e+00
2.259173095226287842e-01,6.254848837852478027e-01
1.181381568312644958e-01,5.510105565190315247e-02
1.896208971738815308e-01,-1.207568645477294922e+00
-3.147268891334533691e-01,1.759669899940490723e+00
1.041161656379699707e+00,1.149534225463867188e+00
-1.483079314231872559e+00,-7.598415017127990723e-01
-6.474820971488952637e-01,-2.209792613983154297e+00
5.185931205749511719e+00,3.218509912490844727e+00
-2.202545255422592163e-01,1.634095668792724609e+00
-1.490369915962219238e+00,1.235083580017089844e+00
-1.680850237607955933e-01,-1.070354819297790527e+00
-6.492139697074890137e-01,5.325211286544799805e-01
3.464498221874237061e-01,-1.186552882194519043e+00
3.747939169406890869e-01,1.703605055809020996e+00
-2.596198916435241699e-01,-2.006401538848876953e+00
7.111128568649291992e-01,5.904077887535095215e-01
-9.030709862709045410e-01,2.120014667510986328e+00
9.054318070411682129e-01,7.008989453315734863e-01
4.327553808689117432e-01,-2.606614232063293457e-01
1.611074209213256836e+00,2.746438264846801758e+00
3.291077613830566406e-01,-1.297520399093627930e-01
2.453005760908126831e-01,-3.450779318809509277e-01
1.489989399909973145e+00,-8.383116126060485840e-01
1.576184749603271484e+00,-6.024948507547378540e-02
4.668031260371208191e-02,-2.261260896921157837e-01
-4.037780761718750000e-01,-1.527559280395507812e+00
-3.349092483520507812e+00,1.846494913101196289e+00
-1.757501363754272461e-01,1.461400747299194336e+00
-4.190327525138854980e-01,-3.359889984130859375e+00
-2.410985469818115234e+00,-1.981572747230529785e+00
2.623972415924072266e+00,7.010450363159179688e-01
-1.846482753753662109e-01,-3.788046538829803467e-02
5.496577173471450806e-02,-1.398096799850463867e+00
-8.710213303565979004e-01,2.661254644393920898e+00
2.146573066711425781e+00,-1.928099393844604492e+00
-3.417058706283569336e+00,1.350338459014892578e+00
-1.983184933662414551e+00,1.107331991195678711e+00
-6.879950165748596191e-01,2.769219577312469482e-01
-1.087562799453735352e+00,9.682374596595764160e-01
-8.511835336685180664e-02,1.001764833927154541e-01
-3.769726276397705078e+00,1.780593395233154297e-01
-1.491709589958190918e+00,-2.292248725891113281e+00
-1.204801917076110840e+00,2.179028391838073730e-01
-9.804811477661132812e-01,-6.655578613281250000e-01
-2.900015562772750854e-03,-6.543426513671875000e-01
-2.027323484420776367e+00,1.751677989959716797e+00
-8.723619580268859863e-01,1.986900568008422852e+00
3.261149525642395020e-01,-5.896457433700561523e-01
-3.920151591300964355e-01,-6.803389787673950195e-01
-1.726867705583572388e-01,2.183441162109375000e+00
1.419720292091369629e+00,1.109065890312194824e+00
-2.068848133087158203e+00,2.285737514495849609e+00
1.767013370990753174e-01,5.695337057113647461e-01
-9.403750300407409668e-02,-4.510731995105743408e-01
-1.109352521598339081e-02,1.486264824867248535e+00
1.994497299194335938e+00,-4.337572157382965088e-01
-1.745383024215698242e+00,1.183040589094161987e-01
-1.091322749853134155e-01,5.142613410949707031e+00
7.046116590499877930e-01,-9.711730480194091797e-01
2.366020902991294861e-02,-1.127457857131958008e+00
2.149915933609008789e+00,-8.344063162803649902e-01
-1.194014072418212891e+00,1.182922959327697754e+00
1.760547906160354614e-01,9.274755418300628662e-02
-6.528218984603881836e-01,-7.798972725868225098e-01
-1.500076502561569214e-01,-6.338478624820709229e-02
5.355248451232910156e-01,1.536141782999038696e-01
1.397225499153137207e+00,1.484735727310180664e+00
-1.817223280668258667e-01,-1.043136477470397949e+00
-9.663276374340057373e-02,-1.177604794502258301e+00
1.362213194370269775e-01,-1.112451553344726562e+00
-7.446548938751220703e-01,3.082352876663208008e+00
4.189325869083404541e-02,-2.284955084323883057e-01
-4.386889189481735229e-02,-2.865973711013793945e+00
-1.457743644714355469e+00,4.837187230587005615e-01
1.798022985458374023e-01,7.279964089393615723e-01
-1.014468312263488770e+00,1.188215255737304688e+00
-4.525296688079833984e+00,1.614884853363037109e+00
-5.310215950012207031e-01,2.601639032363891602e+00
6.074736118316650391e-01,-3.172848224639892578e-01
2.462290525436401367e-01,-1.237418770790100098e+00
-2.059597730636596680e+00,4.429069757461547852e-01
-2.322649240493774414e+00,6.383240818977355957e-01
-1.055507779121398926e+00,3.130706250667572021e-01
-4.545754194259643555e-02,-1.111014783382415771e-01
-9.804811477661132812e-01,-6.655578613281250000e-01
-6.132874488830566406e-01,1.403009891510009766e-01
-2.476244717836380005e-01,-8.201215863227844238e-01
-2.735868096351623535e-01,-2.129880666732788086e+00
-3.610957860946655273e-01,2.301607608795166016e+00
-2.862529642879962921e-02,-1.083283066749572754e+00
2.031026124954223633e+00,3.018836498260498047e+00
-8.313027620315551758e-01,1.542916059494018555e+00
-1.285549402236938477e+00,1.330548167228698730e+00
-1.821012794971466064e-01,-5.444009304046630859e-01
-1.568827629089355469e-01,-1.087558269500732422e+00
1.069449543952941895e+00,6.743981838226318359e-01
-3.362144827842712402e-01,-2.275526523590087891e+00
-8.161599040031433105e-01,3.791202008724212646e-01
-1.021374821662902832e+00,1.191424965858459473e+00
-9.824952483177185059e-02,-1.084213018417358398e+00
-7.213534712791442871e-01,2.159645855426788330e-01
-6.038097739219665527e-01,-5.133884549140930176e-01
2.591254189610481262e-02,-2.334782600402832031e+00
3.552658319473266602e+00,-7.510411739349365234e-01
1.946846395730972290e-01,-3.973638415336608887e-01
5.090619325637817383e-01,-1.264979958534240723e+00
3.428218960762023926e-01,-5.610218644142150879e-02
6.960952281951904297e-02,-1.198234438896179199e+00
-5.918148756027221680e-01,-2.120467901229858398e+00
-7.229259610176086426e-02,2.339550852775573730e-01
-6.331042647361755371e-01,-1.184177875518798828e+00
-6.360234022140502930e-01,-1.033169150352478027e+00
2.556593716144561768e-01,-6.776088476181030273e-01
3.289034366607666016e-01,2.731510400772094727e-01
1.578868627548217773e-01,7.712877392768859863e-01
-2.944222092628479004e-01,-2.187050342559814453e+00
-2.426067590713500977e+00,1.089064955711364746e+00
-9.465501308441162109e-01,1.039191842079162598e+00
-6.977025270462036133e-01,-3.697221875190734863e-01
-8.319362401962280273e-01,4.927145540714263916e-01
-2.437997102737426758e+00,1.904039144515991211e+00
-1.476337075233459473e+00,6.272574067115783691e-01
-1.356160163879394531e+00,2.990222275257110596e-01
-1.125413537025451660e+00,1.038130521774291992e-01
-2.107902288436889648e+00,-1.137088537216186523e-01
-1.037282347679138184e-01,-9.369809925556182861e-02
1.067178606986999512e+00,-1.288554549217224121e+00
-1.649588495492935181e-01,-1.152350783348083496e+00
-8.531724661588668823e-02,-3.174019575119018555e+00
-3.533842265605926514e-01,-1.395407676696777344e+00
2.807361185550689697e-01,-3.159455358982086182e-01
-1.706997632980346680e+00,2.127756178379058838e-01
7.082563042640686035e-01,1.239532589912414551e+00
2.648622989654541016e+00,-5.952734947204589844e-01
-5.841411948204040527e-01,1.435520887374877930e+00
-2.925155162811279297e-01,1.304052948951721191e+00
-1.221392989158630371e+00,1.713921427726745605e+00
-4.163443744182586670e-01,5.539835616946220398e-02
2.683431625366210938e+00,-3.799766004085540771e-01
-1.825533986091613770e+00,9.008893370628356934e-01
-8.261244297027587891e-01,8.185727000236511230e-01
2.078186124563217163e-01,-1.795559644699096680e+00
9.085733294486999512e-01,1.507258057594299316e+00
-1.715077280998229980e+00,1.808954834938049316e+00
1.918250322341918945e-01,-3.399673998355865479e-01
-9.385621547698974609e-01,9.448367953300476074e-01
-1.500076502561569214e-01,-6.338478624820709229e-02
-2.243463844060897827e-01,1.649325013160705566e+00
9.176115989685058594e-01,-2.137220054864883423e-01
-8.267412781715393066e-01,7.657926082611083984e-01
-1.443417668342590332e+00,1.080742835998535156e+00
-7.405170798301696777e-01,2.711626887321472168e-01
-1.337041497230529785e+00,1.240369200706481934e+00
-2.490468174219131470e-01,-3.176833391189575195e-01
1.493360400199890137e+00,-1.675620317459106445e+00
-9.378334283828735352e-01,-8.264078497886657715e-01
5.235100269317626953e+00,-1.357395529747009277e+00
1.127118691802024841e-01,-1.916247248649597168e+00
-4.094237685203552246e-01,-1.013981938362121582e+00
-1.008364915847778320e+00,1.272516727447509766e+00
-6.624641269445419312e-02,6.063730120658874512e-01
-3.117176294326782227e-01,1.374315142631530762e+00
1.569260805845260620e-01,6.584456562995910645e-01
-8.887017369270324707e-01,3.029748439788818359e+00
-3.605901002883911133e-01,-8.183411955833435059e-01
-5.426967740058898926e-01,-1.796459436416625977e+00
8.901209831237792969e-01,-1.051248192787170410e+00
1.749418139457702637e+00,-1.401964575052261353e-01
-5.731226801872253418e-01,-1.288617968559265137e+00
-1.132899641990661621e+00,1.785560250282287598e-01
-2.490837574005126953e+00,-3.381333589553833008e+00
-6.868048906326293945e-01,-3.281583487987518311e-01
-2.471439093351364136e-01,-9.151971340179443359e-01
7.155799865722656250e-02,-1.122722506523132324e+00
-9.136395454406738281e-01,9.308804571628570557e-02
4.017262160778045654e-01,2.315159082412719727e+00
1.995101273059844971e-01,-3.205553889274597168e-01
-1.386071681976318359e+00,1.085344791412353516e+00
5.802561044692993164e-01,-3.306014835834503174e-01
-6.940569728612899780e-04,-4.024141728878021240e-01
-9.072991609573364258e-01,-1.147734999656677246e+00
6.446206569671630859e-01,1.570761680603027344e+00
-1.899335622787475586e+00,1.289955019950866699e+00
-1.134644746780395508e-01,-1.237066149711608887e+00
-1.178983926773071289e+00,6.094927787780761719e-01
-1.814331859350204468e-01,-2.242208480834960938e+00
-6.893808394670486450e-02,-2.142252683639526367e+00
-8.167037963867187500e-01,1.965129226446151733e-01
-2.754911422729492188e+00,2.331248819828033447e-01
-9.198544025421142578e-01,6.955799460411071777e-01
-9.378334283828735352e-01,-8.264078497886657715e-01
5.547480583190917969e-01,-4.160374402999877930e-01
-1.458005458116531372e-01,-1.030034422874450684e+00
1.023073717951774597e-01,7.125665545463562012e-01
-1.731370449066162109e+00,9.989710152149200439e-02
-1.047472096979618073e-02,-9.074768424034118652e-01
-9.973816871643066406e-01,8.711438775062561035e-01
9.443595409393310547e-01,-2.724767029285430908e-01
-1.310676813125610352e+00,-7.000722289085388184e-01
4.852159321308135986e-02,-1.022604942321777344e+00
5.723831057548522949e-01,-9.533047080039978027e-01
1.049166560173034668e+00,-1.113929510116577148e+00
-2.698710262775421143e-01,-1.175261139869689941e+00
-5.939754247665405273e-01,8.797861933708190918e-01
-5.918148756027221680e-01,-2.120467901229858398e+00
-1.623280405998229980e+00,2.981216013431549072e-01
1.773528456687927246e+00,1.212102472782135010e-01
4.881175756454467773e-01,2.498065233230590820e+00
-6.787806004285812378e-02,-1.103740215301513672e+00
1.393995881080627441e-01,-6.662970036268234253e-02
-6.144477128982543945e-01,1.168939322233200073e-01
1.172647178173065186e-01,7.161243557929992676e-01
3.124622821807861328e+00,-1.112172722816467285e+00
-2.345150262117385864e-01,6.660979390144348145e-01
-1.128402352333068848e+00,1.200822830200195312e+00
-1.408105716109275818e-03,-4.408785104751586914e-01
-2.644280195236206055e+00,7.244657278060913086e-01
-9.776273742318153381e-03,7.218068838119506836e-02
2.033160030841827393e-01,-1.644708812236785889e-01
7.346322536468505859e-01,1.080220818519592285e+00
-2.396041899919509888e-01,-9.045055508613586426e-01
-8.875162601470947266e-01,-1.655846089124679565e-01
-7.429924607276916504e-01,3.381252586841583252e-01
2.441825389862060547e+00,3.392164945602416992e+00
-1.782917618751525879e+00,1.501527309417724609e+00
-6.434618234634399414e-01,-6.229752302169799805e-01
-2.022749423980712891e+00,4.760973155498504639e-01
-2.321462392807006836e+00,-1.814172983169555664e+00
-2.754911422729492188e+00,2.331248819828033447e-01
-5.472509860992431641e-01,-9.306003451347351074e-01
3.277567028999328613e-02,-1.105781078338623047e+00
6.400557160377502441e-01,-1.223685026168823242e+00
-1.268131494522094727e+00,-3.141643851995468140e-02
1.375999093055725098e+00,-2.162207603454589844e+00
-1.230856060981750488e+00,9.248943924903869629e-01
-4.525296688079833984e+00,1.614884853363037109e+00
1.707351207733154297e+00,3.042846679687500000e+00
-1.814961731433868408e-01,-1.105882883071899414e+00
1.403317600488662720e-02,-4.652596116065979004e-01
1.241337299346923828e+00,1.009418725967407227e+00
4.079000353813171387e-01,7.924321889877319336e-01
-2.539945125579833984e+00,-4.085017204284667969e+00
-2.724545001983642578e-01,-1.229382634162902832e+00
-7.702762484550476074e-01,-2.081573009490966797e+00
-1.061290979385375977e+00,-1.666831225156784058e-02
-1.248796701431274414e+00,9.908452630043029785e-01
4.604242742061614990e-01,1.101280808448791504e+00
-2.528090238571166992e+00,1.390524506568908691e-01
-1.745083808898925781e+00,7.934962511062622070e-01
7.598791122436523438e-01,1.231693744659423828e+00
-1.454295039176940918e+00,1.262212917208671570e-02
1.474822312593460083e-01,-6.479262113571166992e-01
2.083657085895538330e-01,9.279736876487731934e-01
-1.429111957550048828e+00,-9.606060385704040527e-01
2.903150796890258789e+00,-1.719678282737731934e+00
-3.665706217288970947e-01,-9.892610907554626465e-01
-6.716083288192749023e-01,3.430185914039611816e-01
-7.149601578712463379e-01,3.388692140579223633e-01
7.815645337104797363e-01,3.533306598663330078e+00
-6.611604094505310059e-01,1.640864491462707520e+00
1.960312426090240479e-01,6.912757456302642822e-02
4.298932850360870361e-01,-1.186089754104614258e+00
1.006673932075500488e+00,7.975760102272033691e-01
2.906184457242488861e-02,-2.464067459106445312e+00
-3.110732793807983398e+00,-9.911675751209259033e-02
4.823814034461975098e-01,6.104458123445510864e-03
-5.226268768310546875e-01,-2.512733221054077148e+00
6.045097708702087402e-01,9.585890173912048340e-01
1.230610311031341553e-01,-1.101026535034179688e+00
-9.323526620864868164e-01,3.990247249603271484e-01
-4.727603495121002197e-01,-1.937929391860961914e+00
-1.014468312263488770e+00,1.188215255737304688e+00
4.369374513626098633e-01,2.674101352691650391e+00
4.767228960990905762e-01,2.191420197486877441e-01
-7.965201139450073242e-01,-1.652103900909423828e+00
-2.227995097637176514e-01,-1.008775472640991211e+00
-2.417716026306152344e+00,1.336527347564697266e+00
-7.435749173164367676e-01,6.672722697257995605e-01
-1.391727477312088013e-01,1.905378818511962891e+00
-3.877672851085662842e-01,5.087161064147949219e-01
-3.421562910079956055e-01,1.003171324729919434e+00
2.193221449851989746e-01,-1.153299689292907715e+00
1.127904176712036133e+00,8.575798273086547852e-01
-1.055918812751770020e+00,1.037818193435668945e+00
8.712070584297180176e-01,1.328522443771362305e+00
-1.196623802185058594e+00,5.859788060188293457e-01
3.698859363794326782e-02,-4.624766707420349121e-01
-1.192264080047607422e+00,1.254484653472900391e+00
4.118923664093017578e+00,1.341624259948730469e+00
-2.552403807640075684e-01,-9.411770701408386230e-01
-6.360234022140502930e-01,-1.033169150352478027e+00
9.727532267570495605e-01,1.648238539695739746e+00
-5.310215950012207031e-01,2.601639032363891602e+00
9.587108343839645386e-02,-1.183085590600967407e-01
-6.409626603126525879e-01,7.350888252258300781e-01
5.448833703994750977e-01,-2.307085841894149780e-01
-1.487972140312194824e+00,9.375863075256347656e-01
-1.610356330871582031e+00,6.764788627624511719e-01
-1.298346281051635742e+00,1.901907801628112793e+00
-2.644280195236206055e+00,7.244657278060913086e-01
9.837726950645446777e-01,5.429416298866271973e-01
-1.838044524192810059e-01,-2.555663585662841797e+00
-1.637733280658721924e-01,-1.089652419090270996e+00
-4.938011616468429565e-02,-8.449671417474746704e-02
-5.549060106277465820e-01,1.039981961250305176e+00
-7.114914655685424805e-01,1.739985227584838867e+00
9.820892661809921265e-02,-7.137971520423889160e-01
-4.075949192047119141e-01,1.286705255508422852e+00
-6.314730644226074219e-01,6.068490147590637207e-01
-8.319362401962280273e-01,4.927145540714263916e-01
-1.061412930488586426e+00,1.913477182388305664e+00
-9.933471679687500000e-01,-4.635469019412994385e-01
-1.014573216438293457e+00,-7.241448163986206055e-01
1.896208971738815308e-01,-1.207568645477294922e+00
-6.579953432083129883e-01,1.579921990633010864e-01
3.440230786800384521e-01,-3.744423687458038330e-01
1.493360400199890137e+00,-1.675620317459106445e+00
-9.149698615074157715e-01,9.633290767669677734e-02
-6.834092736244201660e-01,1.351649641990661621e+00
-4.124498069286346436e-01,-1.320835053920745850e-01
1.312219738960266113e+00,1.286388278007507324e+00
-9.909548759460449219e-01,1.557739257812500000e+00
8.712070584297180176e-01,1.328522443771362305e+00
2.283884137868881226e-01,-1.222157835960388184e+00
1.276563704013824463e-01,7.433871030807495117e-01
-1.722199082374572754e+00,5.136995911598205566e-01
1.199761480093002319e-01,2.663568779826164246e-02
-2.540142059326171875e+00,8.200305104255676270e-01
5.738554149866104126e-02,-1.037153601646423340e+00
6.341033577919006348e-01,-1.834092289209365845e-01
-7.149601578712463379e-01,3.388692140579223633e-01
-1.935487985610961914e+00,1.839235544204711914e+00
-7.315138578414916992e-01,6.470341682434082031e-01
1.492796391248703003e-01,-1.860944986343383789e+00
-1.526324868202209473e+00,1.583749890327453613e+00
-1.579100489616394043e+00,-1.778016805648803711e+00
3.264810144901275635e-02,1.600087285041809082e-01
-1.384855955839157104e-01,1.689759612083435059e+00
3.895350992679595947e-01,1.328775882720947266e-01
-1.359391450881958008e+00,4.331504344940185547e+00
-7.438541054725646973e-01,8.730882406234741211e-02
-3.429831564426422119e-01,-9.291573166847229004e-01
-2.208905071020126343e-01,-5.703703165054321289e-01
-2.636698484420776367e-01,-1.027697920799255371e+00
-5.092514753341674805e-01,1.762270569801330566e+00
-2.712720334529876709e-01,1.055372834205627441e+00
-2.326124757528305054e-01,-2.315010547637939453e+00
-1.440097689628601074e+00,3.712992072105407715e-01
2.690209746360778809e-01,6.313898563385009766e-01
-2.626954019069671631e-01,-1.067155599594116211e+00
1.232832670211791992e+00,1.686928153038024902e+00
1.397225499153137207e+00,1.484735727310180664e+00
-2.898551225662231445e-01,4.481426253914833069e-02
1.322649717330932617e-01,3.241209313273429871e-02
3.089852631092071533e-02,-1.094999074935913086e+00
1.946067214012145996e-01,7.704557776451110840e-01
-7.667809724807739258e-02,-3.289186060428619385e-01
-5.982651561498641968e-02,-1.114586234092712402e+00
1.986315399408340454e-01,-1.091526627540588379e+00
6.341033577919006348e-01,-1.834092289209365845e-01
6.063123345375061035e-01,-1.282314181327819824e+00
-1.345169544219970703e+00,1.187007069587707520e+00
-6.787806004285812378e-02,-1.103740215301513672e+00
1.231210976839065552e-01,-3.792028129100799561e-01
5.376511216163635254e-01,1.107591867446899414e+00
7.174281477928161621e-01,-1.295755386352539062e+00
-1.809998750686645508e+00,4.044698178768157959e-01
-6.412485837936401367e-01,1.532918810844421387e-01
-3.417058706283569336e+00,1.350338459014892578e+00
-1.111566781997680664e+00,4.905266284942626953e+00
-5.412937402725219727e-01,4.200969040393829346e-01
-1.109296202659606934e+00,-1.195803761482238770e+00
-1.137033700942993164e-01,-9.174907803535461426e-01
-3.399553000926971436e-01,-1.243846297264099121e+00
2.918466627597808838e-01,1.377963423728942871e+00
1.791358143091201782e-01,6.629047989845275879e-01
-9.403750300407409668e-02,-4.510731995105743408e-01
8.588055372238159180e-01,9.966877102851867676e-01
1.754505157470703125e+00,-1.472853302955627441e+00
-1.289625465869903564e-01,-1.186723232269287109e+00
4.520711421966552734e+00,4.067979753017425537e-01
1.239035367965698242e+00,1.936811804771423340e+00
-3.784219920635223389e-02,-1.110686421394348145e+00
-3.362144827842712402e-01,-2.275526523590087891e+00
-1.254664778709411621e+00,4.209090769290924072e-01
-2.944222092628479004e-01,-2.187050342559814453e+00
-1.384891033172607422e+00,7.447324395179748535e-01
-1.043852210044860840e+00,1.258293509483337402e+00
-1.604025721549987793e+00,1.080254673957824707e+00
1.093425393104553223e+00,1.555346250534057617e-01
-1.009206533432006836e+00,-8.049192428588867188e-01
-2.208993673324584961e+00,-2.362184762954711914e+00
-2.844167053699493408e-01,-5.230146646499633789e-01
3.747939169406890869e-01,1.703605055809020996e+00
-2.028175145387649536e-01,-2.185332536697387695e+00
-2.326971739530563354e-01,-1.055032014846801758e+00
-6.327273845672607422e-01,4.160746932029724121e-01
-1.988620162010192871e-01,9.697431921958923340e-01
1.309512257575988770e-01,-1.135174989700317383e+00
-4.545754194259643555e-02,-1.111014783382415771e-01
-1.667399704456329346e-01,1.776336789131164551e+00
-3.421562910079956055e-01,1.003171324729919434e+00
2.193221449851989746e-01,-1.153299689292907715e+00
1.576184749603271484e+00,-6.024948507547378540e-02
-7.032161355018615723e-01,5.968146920204162598e-01
3.267419934272766113e-01,2.637759208679199219e+00
5.723831057548522949e-01,-9.533047080039978027e-01
-9.933471679687500000e-01,-4.635469019412994385e-01
4.840778186917304993e-03,-1.231055140495300293e+00
1.292452365159988403e-01,-1.105264306068420410e+00
1.014797329902648926e+00,1.218770384788513184e+00
-4.874539375305175781e-01,-1.636763066053390503e-01
-6.154102683067321777e-01,1.456025689840316772e-01
2.996921777725219727e+00,2.471056580543518066e-01
-4.096058905124664307e-01,2.233925342559814453e+00
-3.982333540916442871e-01,3.996038734912872314e-01
2.136235833168029785e-01,1.468362659215927124e-01
2.339688986539840698e-01,-8.309887051582336426e-01
-1.482572436332702637e+00,-2.197907418012619019e-01
-7.525173425674438477e-01,1.564079821109771729e-01
-2.086663059890270233e-02,-1.287382990121841431e-01
7.823390513658523560e-02,-1.332509070634841919e-01
4.546623826026916504e-01,3.893076479434967041e-01
-1.649588495492935181e-01,-1.152350783348083496e+00
-2.141979783773422241e-01,-9.472624063491821289e-01
-9.973816871643066406e-01,8.711438775062561035e-01
-1.008683919906616211e+00,3.545699715614318848e-01
-4.847661495208740234e+00,3.795983791351318359e+00
2.814709246158599854e-01,2.776595115661621094e+00
2.868632793426513672e+00,5.958526134490966797e-01
5.129075050354003906e-01,1.057367920875549316e+00
-3.350693941116333008e+00,1.885538578033447266e+00
-1.382421255111694336e+00,-1.870561718940734863e+00
-1.497497677803039551e+00,2.935524657368659973e-02
1.419720292091369629e+00,1.109065890312194824e+00
3.614246368408203125e+00,1.968553304672241211e+00
-3.868414759635925293e-01,8.214064240455627441e-01
-1.000357985496520996e+00,-6.374512314796447754e-01
-2.470967918634414673e-01,-9.579077363014221191e-01
1.363364309072494507e-01,-1.465930581092834473e+00
-3.199560940265655518e-01,-7.530415058135986328e-01
2.424690574407577515e-01,-1.163437724113464355e+00
1.677454113960266113e-01,-1.179602026939392090e+00
-2.115235567092895508e+00,-1.572944521903991699e-01
3.868876099586486816e-01,1.186263561248779297e-01
-1.239177584648132324e+00,1.563783288002014160e+00
-1.172127246856689453e+00,-8.684616684913635254e-01
-9.861575812101364136e-02,-1.092328310012817383e+00
-1.276965886354446411e-01,-5.172713994979858398e-01
-1.005110502243041992e+00,8.069680929183959961e-01
-1.026693582534790039e+00,-1.259550154209136963e-01
-8.169077038764953613e-01,-3.351172506809234619e-01
-9.800349473953247070e-01,-1.049825787544250488e+00
-1.361458539962768555e+00,9.368518590927124023e-01
-5.521156787872314453e-01,1.387256085872650146e-01
-1.266830228269100189e-02,-1.213164329528808594e+00
-1.503394842147827148e+00,2.230605110526084900e-02
2.243129968643188477e+00,2.971768617630004883e+00
4.350868165493011475e-01,1.320505887269973755e-01
-7.937216758728027344e-01,4.430553615093231201e-01
-4.543785005807876587e-02,7.275655865669250488e-03
-3.520965576171875000e+00,4.132990539073944092e-01
-2.076232582330703735e-01,-1.879203319549560547e+00
3.720229566097259521e-01,-1.198500037193298340e+00
5.524565577507019043e-01,3.331122159957885742e+00
-1.709784865379333496e+00,1.447030425071716309e+00
7.785981148481369019e-02,-1.675962656736373901e-01
-1.753155708312988281e+00,1.113078594207763672e+00
1.546702504158020020e+00,-6.832289099693298340e-01
-1.733318924903869629e+00,-1.307995915412902832e+00
-9.521766006946563721e-02,-2.531503438949584961e+00
1.075432419776916504e+00,-1.712773442268371582e+00
-1.188145756721496582e+00,4.772829636931419373e-02
-9.049568772315979004e-01,6.552702188491821289e-01
1.538463681936264038e-01,5.804696679115295410e-01
5.547480583190917969e-01,-4.160374402999877930e-01
-4.846847057342529297e+00,1.380113005638122559e+00
-6.492139697074890137e-01,5.325211286544799805e-01
5.576221346855163574e-01,7.851383090019226074e-01
-8.363035321235656738e-01,-1.997301429510116577e-01
-1.209097206592559814e-01,-3.174423933029174805e+00
-1.200634956359863281e+00,-2.653198540210723877e-01
1.538463681936264038e-01,5.804696679115295410e-01
-3.117587864398956299e-01,-1.736884951591491699e+00
-9.687163233757019043e-01,7.792913317680358887e-01
5.623870491981506348e-01,6.910427212715148926e-01
-2.246507257223129272e-01,-1.244435667991638184e+00
-3.738051652908325195e+00,1.190193369984626770e-02
1.308282613754272461e+00,-4.554825127124786377e-01
1.795116811990737915e-01,6.240865588188171387e-01
4.105415344238281250e-01,1.181489229202270508e-01
-1.766109466552734375e-01,-1.043077111244201660e+00
-1.087562799453735352e+00,9.682374596595764160e-01
3.079023122787475586e+00,1.249178498983383179e-01
1.653305172920227051e+00,3.163702011108398438e+00
-1.380675554275512695e+00,-8.339130282402038574e-01
-8.168550729751586914e-01,-7.291905879974365234e-01
-1.873659968376159668e+00,4.805938303470611572e-01
-4.618396162986755371e-01,-5.706490203738212585e-02
-2.949542701244354248e-01,1.701221227645874023e+00
-1.439887404441833496e+00,1.569705963134765625e+00
-3.469393849372863770e-01,-7.178446650505065918e-02
2.063275724649429321e-01,-1.201720952987670898e+00
9.828546047210693359e-01,-1.804206967353820801e-01
-3.759321928024291992e+00,-2.022602081298828125e+00
-7.446548938751220703e-01,3.082352876663208008e+00
-7.435749173164367676e-01,6.672722697257995605e-01
-1.350828766822814941e+00,-2.462790489196777344e+00
-1.415933012962341309e+00,-3.537399530410766602e+00
1.307402610778808594e+00,2.280178308486938477e+00
-1.095208883285522461e+00,-1.476738333702087402e+00
-5.926724523305892944e-02,-2.912937641143798828e+00
-1.090784192085266113e+00,3.440001010894775391e+00
-6.233359575271606445e-01,-2.044050693511962891e+00
-1.823792308568954468e-01,-1.625566601753234863e+00
9.582058191299438477e-01,2.846329212188720703e-01
-3.481758236885070801e-01,-1.230519175529479980e+00
1.685347408056259155e-01,2.019738107919692993e-01
6.197247654199600220e-02,-9.711385965347290039e-01
-2.559784889221191406e+00,1.095932245254516602e+00
-4.267951250076293945e-01,-3.362583875656127930e+00
-1.800843358039855957e+00,1.897939682006835938e+00
-1.409250736236572266e+00,4.215655028820037842e-01
-1.641826510429382324e+00,1.362965255975723267e-01
-5.707651376724243164e-01,-1.913801550865173340e+00
9.587108343839645386e-02,-1.183085590600967407e-01
4.251945495605468750e+00,-5.681123137474060059e-01
-7.993358373641967773e-01,8.729311227798461914e-01
4.888687431812286377e-01,-4.603866934776306152e-01
9.825853258371353149e-02,-1.064504504203796387e+00
6.598486751317977905e-02,-1.086942195892333984e+00
1.667016446590423584e-01,-1.131333708763122559e+00
-1.415933012962341309e+00,-3.537399530410766602e+00
-9.687163233757019043e-01,7.792913317680358887e-01
-9.711051732301712036e-02,-1.242049932479858398e+00
-1.622792840003967285e+00,3.324643969535827637e-01
-3.998389095067977905e-02,-8.533577919006347656e-01
-2.710319757461547852e-01,1.801723957061767578e+00
3.100949525833129883e+00,4.482369720935821533e-01
-2.581498324871063232e-01,-2.295301437377929688e+00
-1.643636107444763184e+00,4.952546656131744385e-01
-1.132899641990661621e+00,1.785560250282287598e-01
5.774202346801757812e-01,1.572836518287658691e+00
-3.147268891334533691e-01,1.759669899940490723e+00
2.388217002153396606e-01,-1.084662318229675293e+00
2.413944005966186523e+00,-1.752326607704162598e+00
-8.419255614280700684e-01,1.100082635879516602e+00
5.941317975521087646e-02,-1.132787942886352539e+00
-2.703056335449218750e+00,5.576712489128112793e-01
-3.350693941116333008e+00,1.885538578033447266e+00
-2.974867522716522217e-01,-2.810839176177978516e+00
3.569564223289489746e-01,-7.187065482139587402e-01
-7.356491088867187500e-01,1.410557776689529419e-01
1.594665646553039551e+00,-1.173004388809204102e+00
-9.088958501815795898e-01,1.163377523422241211e+00
-2.778181433677673340e-01,-3.957801461219787598e-01
6.698033809661865234e-01,-7.550668716430664062e-01
6.908869743347167969e-01,-1.090306192636489868e-01
2.572677731513977051e-01,1.249300599098205566e+00
2.005632638931274414e+00,1.403084099292755127e-01
3.098686039447784424e-02,3.772138059139251709e-01
-2.919039428234100342e-01,-3.071584701538085938e-01
7.086789011955261230e-01,-4.753560423851013184e-01
-9.192254543304443359e-01,6.002336740493774414e-01
-3.092517554759979248e-01,-2.009470701217651367e+00
9.452926367521286011e-02,6.908144950866699219e-01
1.267102837562561035e+00,-1.436689645051956177e-01
-6.879950165748596191e-01,2.769219577312469482e-01
4.125894010066986084e-01,7.869122922420501709e-02
5.608047246932983398e-01,6.646943688392639160e-01
-1.029091119766235352e+00,1.046759843826293945e+00
-1.003501862287521362e-01,-6.997109204530715942e-02
-4.874539375305175781e-01,-1.636763066053390503e-01
1.093425393104553223e+00,1.555346250534057617e-01
-4.163400650024414062e+00,9.675025343894958496e-01
-6.010971963405609131e-02,-2.665516138076782227e-01
-1.935659795999526978e-01,1.346141815185546875e+00
6.525030732154846191e-01,1.074173092842102051e+00
-1.257722258567810059e+00,-4.590446352958679199e-01
2.082347124814987183e-01,-1.773375421762466431e-01
6.107555031776428223e-01,8.242258429527282715e-01
5.840470790863037109e-01,1.274210214614868164e-01
4.251945495605468750e+00,-5.681123137474060059e-01
5.580084323883056641e-01,-2.199395596981048584e-01
-2.012694835662841797e+00,2.094071626663208008e+00
2.005186975002288818e-01,-1.457812428474426270e+00
3.473791480064392090e-01,6.197478249669075012e-02
1.152641139924526215e-02,-1.701263934373855591e-01
-1.501609325408935547e+00,-1.532803654670715332e+00
2.812168359756469727e+00,3.507558703422546387e-01
-1.321407556533813477e+00,4.521882832050323486e-01
-1.126785159111022949e+00,2.850640296936035156e+00
-1.638236045837402344e+00,1.675522178411483765e-01
3.658365011215209961e-01,8.670014739036560059e-01
-1.697863101959228516e+00,3.042854547500610352e+00
4.017262160778045654e-01,2.315159082412719727e+00
-1.992609165608882904e-02,-1.045896172523498535e+00
-6.033245086669921875e+00,1.325956106185913086e+00
-5.819413065910339355e-01,-2.202808856964111328e+00
3.048684835433959961e+00,-1.440776705741882324e+00
-3.133948743343353271e-01,-3.089274168014526367e+00
-2.893151938915252686e-01,-9.373992085456848145e-01
-7.667809724807739258e-02,-3.289186060428619385e-01
-2.581904530525207520e-01,-1.048668146133422852e+00
-6.204966902732849121e-01,-2.878105938434600830e-01
1.296701729297637939e-01,-2.302016764879226685e-01
9.586469084024429321e-02,-5.922170281410217285e-01
-1.266830228269100189e-02,-1.213164329528808594e+00
4.520711421966552734e+00,4.067979753017425537e-01
-2.151905059814453125e+00,-1.598911881446838379e-01
5.038913488388061523e-01,2.339104115962982178e-01
-2.342350222170352936e-02,-1.260131359100341797e+00
-1.433249592781066895e+00,-2.527725458145141602e+00
-2.245925903320312500e+00,1.801032304763793945e+00
-2.553258538246154785e-01,-1.044078350067138672e+00
2.500214576721191406e-01,2.575961589813232422e+00
5.808807015419006348e-01,5.324633717536926270e-01
1.741486787796020508e-01,-1.111638307571411133e+00
-8.100008368492126465e-01,-6.838814020156860352e-01
3.218123018741607666e-01,-1.376431465148925781e+00
7.046116590499877930e-01,-9.711730480194091797e-01
2.062072277069091797e+00,-4.528614282608032227e-01
-1.236722826957702637e+00,-6.066119074821472168e-01
7.086789011955261230e-01,-4.753560423851013184e-01
-3.091073632240295410e-01,-1.102901101112365723e+00
-3.356415331363677979e-01,-4.133245944976806641e-01
-8.086537718772888184e-01,6.872587203979492188e-01
-9.329669177532196045e-02,-1.280070662498474121e+00
3.048684835433959961e+00,-1.440776705741882324e+00
1.534340679645538330e-01,-1.551582068204879761e-01
5.714109539985656738e-01,-7.556408643722534180e-02
-4.920166730880737305e-01,-9.517537355422973633e-01
3.210589885711669922e-01,6.101768091320991516e-02
-1.409250736236572266e+00,4.215655028820037842e-01
-3.803768455982208252e-01,-2.245187282562255859e+00
1.416379064321517944e-01,7.672480344772338867e-01
-1.980410695075988770e+00,7.834846973419189453e-01
-6.224331259727478027e-02,-3.296553343534469604e-02
4.472671449184417725e-02,-4.473715722560882568e-01
6.908869743347167969e-01,-1.090306192636489868e-01
2.609766423702239990e-01,-1.039222478866577148e+00
-6.621887683868408203e-01,4.244496524333953857e-01
1.063347235321998596e-01,6.745800375938415527e-01
-1.674939751625061035e+00,-3.606411218643188477e-01
5.104242563247680664e-01,2.740983724594116211e+00
1.519413113594055176e+00,-4.215123057365417480e-01
-5.497384071350097656e-02,-1.086879372596740723e+00
4.021529555320739746e-01,-2.245824635028839111e-01
-6.371228694915771484e-01,1.519052088260650635e-01
-7.362465262413024902e-01,4.822074472904205322e-01
-1.438028216361999512e+00,6.328486800193786621e-01
4.120506286621093750e+00,-1.143981933593750000e+00
3.321754559874534607e-02,-1.004896640777587891e+00
1.956129074096679688e+00,1.444070786237716675e-02
-1.390700489282608032e-01,-1.107225716114044189e-01
-9.482653141021728516e-01,8.756657838821411133e-01
3.518751263618469238e-01,-1.283102750778198242e+00
1.699140518903732300e-01,-1.182224273681640625e+00
-1.235234737396240234e+00,7.575422525405883789e-01
2.082347124814987183e-01,-1.773375421762466431e-01
4.643565416336059570e-01,-3.201535344123840332e-02
6.104962229728698730e-01,-1.518275588750839233e-01
1.126520514488220215e+00,-8.325368762016296387e-01
7.695491313934326172e-01,2.882424890995025635e-01
-2.276078701019287109e+00,6.702844500541687012e-01
7.873443514108657837e-02,-3.076840639114379883e-01
-1.849556684494018555e+00,1.629185557365417480e+00
-2.808564901351928711e-01,-1.919807791709899902e-01
1.857367873191833496e+00,4.493144989013671875e+00
-8.856986165046691895e-01,-7.299472093582153320e-01
-7.702762484550476074e-01,-2.081573009490966797e+00
5.186270922422409058e-02,-1.189501404762268066e+00
3.569564223289489746e-01,-7.187065482139587402e-01
1.680492013692855835e-01,9.799920022487640381e-03
-7.411718368530273438e-01,3.757182955741882324e-01
-1.243976116180419922e+00,4.251851439476013184e-01
-2.277189940214157104e-01,-1.865422725677490234e+00
-1.935659795999526978e-01,1.346141815185546875e+00
-5.101861357688903809e-01,4.650399982929229736e-01
2.778873443603515625e+00,3.052393198013305664e-01
-2.546587944030761719e+00,9.765942692756652832e-01
1.827394515275955200e-01,-1.183941721916198730e+00
4.780624806880950928e-01,-8.217299580574035645e-01
-2.860866189002990723e-01,-8.150808811187744141e-01
2.807361185550689697e-01,-3.159455358982086182e-01
1.550079882144927979e-01,-1.117774128913879395e+00
6.976841390132904053e-02,4.686086997389793396e-02
2.380569279193878174e-02,-5.716574788093566895e-01
-2.114945411682128906e+00,8.649053573608398438e-01
1.242697358131408691e+00,7.895848751068115234e-01
-8.290888369083404541e-02,-2.708896398544311523e-01
4.583690688014030457e-02,-1.234093666076660156e+00
-4.271301031112670898e-01,8.892847299575805664e-01
-1.487079143524169922e+00,-5.309832692146301270e-01
-8.968064188957214355e-02,-3.229069411754608154e-01
1.958344429731369019e-01,-1.176712751388549805e+00
2.016605585813522339e-01,-1.128960132598876953e+00
-1.579100489616394043e+00,-1.778016805648803711e+00
-1.814961731433868408e-01,-1.105882883071899414e+00
-3.456988334655761719e-01,-2.635876834392547607e-01
-2.612512707710266113e-01,-1.052311182022094727e+00
-2.756410121917724609e+00,2.198850214481353760e-01
-5.139421224594116211e-01,6.049279570579528809e-01
1.869607090950012207e+00,-3.137091696262359619e-01
-1.243976116180419922e+00,4.251851439476013184e-01
-2.174958735704421997e-01,-9.344903826713562012e-01
-2.530347108840942383e-01,-1.365227252244949341e-01
-4.511339664459228516e-01,-2.202194035053253174e-01
-2.461604923009872437e-01,-1.078243017196655273e+00
-2.317993402481079102e+00,8.011451959609985352e-01
1.788824796676635742e-02,-1.774272918701171875e+00
6.631946563720703125e-01,4.625479280948638916e-01
-1.095208883285522461e+00,-1.476738333702087402e+00
-1.287488341331481934e-01,-1.144333839416503906e+00
-6.721351742744445801e-01,-2.446955591440200806e-01
-1.985103636980056763e-01,-1.092256069183349609e+00
-6.831287145614624023e-01,1.186053991317749023e+00
-1.996998906135559082e+00,-3.950957059860229492e+00
1.667016446590423584e-01,-1.131333708763122559e+00
-1.467104434967041016e+00,5.822815373539924622e-02
3.048685193061828613e-01,-9.835699796676635742e-01
3.227673172950744629e-01,5.544335767626762390e-02
9.906677156686782837e-02,1.245612859725952148e+00
-2.470967918634414673e-01,-9.579077363014221191e-01
-7.445513457059860229e-02,8.167473971843719482e-02
1.251076906919479370e-01,8.822275400161743164e-01
-2.738333225250244141e+00,1.363291621208190918e+00
1.586451232433319092e-01,9.611236453056335449e-01
7.111128568649291992e-01,5.904077887535095215e-01
-7.767575979232788086e-01,-1.761758029460906982e-01
-9.857715368270874023e-01,9.238517880439758301e-01
-1.181144595146179199e+00,9.657046198844909668e-01
-4.011943936347961426e-01,-1.990779191255569458e-01
3.775234818458557129e-01,1.015273571014404297e+00
-4.543785005807876587e-02,7.275655865669250488e-03
-1.587801098823547363e+00,8.081350326538085938e-01
-7.062598466873168945e-01,1.674339771270751953e-01
-1.202273368835449219e+00,2.708787918090820312e+00
-6.442677378654479980e-01,-3.639305233955383301e-01
-3.061904907226562500e-01,-3.891996443271636963e-01
1.345316648483276367e+00,-3.254498541355133057e-01
8.003599047660827637e-01,8.787682056427001953e-01
-1.382496505975723267e-01,-1.047696620225906372e-01
-6.607517600059509277e-01,-3.515385389328002930e+00
7.245361804962158203e-01,9.561516642570495605e-01
-3.399553000926971436e-01,-1.243846297264099121e+00
-1.816807389259338379e-01,-2.200122475624084473e-01
-5.615388154983520508e-01,-1.442817687988281250e+00
1.756906956434249878e-01,-1.190506935119628906e+00
9.971532821655273438e-01,1.398103117942810059e+00
-4.385115146636962891e+00,-4.445922672748565674e-01
-1.674939751625061035e+00,-3.606411218643188477e-01
-1.023253798484802246e-01,-9.688000380992889404e-02
-3.634028434753417969e+00,2.045843124389648438e+00
-1.202147006988525391e+00,3.036114871501922607e-01
-8.450197428464889526e-02,-1.670480072498321533e-01
-8.820219635963439941e-01,1.807728767395019531e+00
-9.680148959159851074e-01,4.365205168724060059e-01
-4.320693016052246094e-01,-2.518284559249877930e+00
-1.314761042594909668e+00,4.575500786304473877e-01
-9.198544025421142578e-01,6.955799460411071777e-01
1.205241799354553223e+00,2.405384540557861328e+00
-5.939754247665405273e-01,8.797861933708190918e-01
-2.117900997400283813e-01,-1.122637867927551270e+00
5.299426317214965820e-01,-1.661585927009582520e+00
-1.665136814117431641e+00,3.431632518768310547e+00
6.391043663024902344e-01,6.267831921577453613e-01
4.956959486007690430e-01,2.438903152942657471e-01
-1.789602994918823242e+00,1.448468685150146484e+00
-8.354781866073608398e-01,1.041785001754760742e+00
-5.998641848564147949e-01,5.231302380561828613e-01
3.427400588989257812e-01,-1.287540912628173828e+00
-2.317993402481079102e+00,8.011451959609985352e-01
9.054318070411682129e-01,7.008989453315734863e-01
1.232832670211791992e+00,1.686928153038024902e+00
-1.418996214866638184e+00,4.054495990276336670e-01
2.330084323883056641e+00,7.161915302276611328e-02
6.379455327987670898e-01,-1.833451986312866211e-01
-1.079043030738830566e+00,8.244775533676147461e-01
-7.511032819747924805e-01,-6.064220666885375977e-01
2.210186421871185303e-01,5.619300007820129395e-01
-8.569427728652954102e-01,2.924622893333435059e-01
-1.282724440097808838e-01,-1.046887516975402832e+00
2.935666963458061218e-02,-1.116724014282226562e+00
-1.288021087646484375e+00,-8.922957181930541992e-01
1.780195385217666626e-01,-1.143453240394592285e+00
4.945946335792541504e-01,2.929117083549499512e-01
-9.301471114158630371e-01,9.682924151420593262e-01
-2.735868096351623535e-01,-2.129880666732788086e+00
-7.100636959075927734e-01,1.080301165580749512e+00
1.336988527327775955e-02,2.693000316619873047e+00
8.139379024505615234e-01,1.133689999580383301e+00
-4.511339664459228516e-01,-2.202194035053253174e-01
1.019666910171508789e+00,2.964481830596923828e+00
4.388860166072845459e-01,1.151392817497253418e+00
-3.105823278427124023e+00,2.856290578842163086e+00
-1.286290764808654785e+00,-2.794548273086547852e+00
-1.251664042472839355e+00,-1.219127416610717773e+00
-2.206019163131713867e-01,-2.472341656684875488e-01
-2.950358152389526367e+00,1.304417014122009277e+00
5.081740617752075195e-01,1.561662256717681885e-01
-8.889394998550415039e-01,4.669277369976043701e-01
-7.997340559959411621e-01,1.355224490165710449e+00
-2.696840047836303711e+00,-2.516815900802612305e+00
-4.765730500221252441e-01,-1.399400115013122559e+00
-1.235234737396240234e+00,7.575422525405883789e-01
-1.428007006645202637e+00,1.108059048652648926e+00
-3.259176313877105713e-01,-4.909688606858253479e-02
2.479478158056735992e-02,1.142737030982971191e+00
-1.846482753753662109e-01,-3.788046538829803467e-02
2.555630207061767578e+00,-8.401156663894653320e-01
2.279935926198959351e-01,-1.141426920890808105e+00
-2.237607836723327637e-01,-2.833621263504028320e+00
-1.643636107444763184e+00,4.952546656131744385e-01
-3.803768455982208252e-01,-2.245187282562255859e+00
7.785981148481369019e-02,-1.675962656736373901e-01
-2.194068282842636108e-01,1.166837096214294434e+00
-7.552166283130645752e-02,-1.740243077278137207e+00
-5.970314741134643555e-01,-2.068236351013183594e+00
-2.526586949825286865e-01,-2.747454166412353516e+00
5.707681924104690552e-02,-1.088505387306213379e+00
-4.418375194072723389e-01,-8.511206507682800293e-01
-5.412937402725219727e-01,4.200969040393829346e-01
-1.083403587341308594e+00,-2.414139211177825928e-01
-2.025846242904663086e+00,7.027233839035034180e-01
-2.508146762847900391e+00,-2.816355228424072266e-01
5.090619325637817383e-01,-1.264979958534240723e+00
1.036761760711669922e+00,-9.720954298973083496e-01
4.326484203338623047e-01,-9.088755249977111816e-01
-1.910209417343139648e+00,9.631853699684143066e-01
3.203502297401428223e-01,1.306769251823425293e-01
-4.242370724678039551e-01,-4.837303161621093750e-01
6.566795706748962402e-02,-2.534145712852478027e-01
3.408379107713699341e-02,-1.035855293273925781e+00
-1.452558398246765137e+00,-5.429689884185791016e-01
-2.141392081975936890e-01,-1.097987651824951172e+00
3.697608113288879395e-01,5.450617671012878418e-01
-1.558442354202270508e+00,1.535436272621154785e+00
-1.577958464622497559e+00,7.480413317680358887e-01
-3.605901002883911133e-01,-8.183411955833435059e-01
-5.047217011451721191e-01,-7.144052982330322266e-01
-3.414574146270751953e+00,-1.639903187751770020e-01
-2.552403807640075684e-01,-9.411770701408386230e-01
-8.216392248868942261e-02,-1.086826324462890625e+00
1.007596611976623535e+00,-7.864907383918762207e-01
2.020978927612304688e+00,2.497956275939941406e+00
1.046041011810302734e+00,1.648742079734802246e+00
-1.878871440887451172e+00,7.390558123588562012e-01
-3.579836785793304443e-01,-7.546297460794448853e-02
-1.997753739356994629e+00,-2.027811855077743530e-01
3.135901987552642822e-01,-1.269646525382995605e+00
7.781777977943420410e-01,-1.473513484001159668e+00
8.482313156127929688e-02,1.719208210706710815e-01
-6.412485837936401367e-01,1.532918810844421387e-01
-8.167037963867187500e-01,1.965129226446151733e-01
4.327553808689117432e-01,-2.606614232063293457e-01
-8.869118094444274902e-01,6.216321587562561035e-01
-1.919068396091461182e-03,-2.102323532104492188e+00
-1.087848424911499023e+00,9.025430083274841309e-01
-3.577406644821166992e+00,1.208731174468994141e+00
-3.012160956859588623e-01,1.456809639930725098e+00
6.234863400459289551e-01,-1.235200643539428711e+00
2.293193340301513672e-01,-6.741244345903396606e-02
-1.406264185905456543e+00,7.007454633712768555e-01
-1.802501827478408813e-01,2.231557607650756836e+00
1.242594495415687561e-01,8.109429478645324707e-01
7.872962951660156250e-01,5.390202999114990234e-01
-1.361641049385070801e+00,1.077830791473388672e+00
-2.512839555740356445e+00,9.314575195312500000e-01
1.381534457206726074e+00,-8.590578436851501465e-01
-4.343590736389160156e+00,1.265313863754272461e+00
-5.320263504981994629e-01,-1.944488048553466797e+00
4.860954761505126953e+00,-1.953024268150329590e+00
7.360850572586059570e-01,2.090542793273925781e+00
-3.209061622619628906e-01,-4.048497974872589111e-01
-5.472509860992431641e-01,-9.306003451347351074e-01
-6.676658987998962402e-01,6.129112243652343750e-01
3.024723529815673828e-01,2.422631904482841492e-02
-2.917050123214721680e-01,1.793509840965270996e+00
1.037225127220153809e-01,-1.005702137947082520e+00
6.726567745208740234e-01,-2.745122611522674561e-01
-1.321732282638549805e+00,1.686210274696350098e+00
-1.544843763113021851e-01,1.714373230934143066e+00
5.126705765724182129e-01,1.175598621368408203e+00
-1.382397770881652832e+00,-1.090629339218139648e+00
-5.521156787872314453e-01,1.387256085872650146e-01
-9.875729084014892578e-01,5.228960514068603516e-01
-2.860957384109497070e-01,-9.307821989059448242e-01
-3.062852323055267334e-01,-1.113929986953735352e+00
4.345381855964660645e-01,-1.175302624702453613e+00
1.231279253959655762e+00,2.096762180328369141e+00
-5.474810004234313965e-01,-1.950777411460876465e+00
-1.544257283210754395e+00,-4.524540305137634277e-01
-2.808564901351928711e-01,-1.919807791709899902e-01
1.213397085666656494e-01,-5.296998023986816406e-01
1.680492013692855835e-01,9.799920022487640381e-03
3.261149525642395020e-01,-5.896457433700561523e-01
-4.288319498300552368e-02,-1.126140117645263672e+00
-2.321462392807006836e+00,-1.814172983169555664e+00
-5.283536911010742188e-01,1.378002882003784180e+00
-4.427138805389404297e+00,-2.154580056667327881e-01
-7.356491088867187500e-01,1.410557776689529419e-01
-7.100523710250854492e-01,2.803141176700592041e-01
1.786385178565979004e-01,2.207849264144897461e+00
-3.296159267425537109e+00,1.722768664360046387e+00
-1.828033477067947388e-01,-7.252749204635620117e-01
3.310672938823699951e-02,-1.218300104141235352e+00
-2.330796234309673309e-02,-2.295058012008666992e+00
-1.265763640403747559e+00,1.031098961830139160e+00
-2.253131628036499023e+00,8.527289032936096191e-01
-5.218043327331542969e-01,-2.141807079315185547e+00
-2.499295324087142944e-01,-8.821036219596862793e-01
-2.642785310745239258e+00,1.640758633613586426e+00
8.262928575277328491e-02,-3.863692581653594971e-01
5.640663206577301025e-02,-7.573162913322448730e-01
7.833313941955566406e-02,5.238969922065734863e-01
6.808122396469116211e-01,-1.129792451858520508e+00
-2.273667812347412109e+00,8.643885850906372070e-01
-1.633963584899902344e+00,3.111389279365539551e-01
1.205241799354553223e+00,2.405384540557861328e+00
-8.045627176761627197e-02,3.232820510864257812e+00
7.463809847831726074e-01,1.480933427810668945e+00
-3.897028416395187378e-02,-1.170142769813537598e+00
-3.516617774963378906e+00,8.705680370330810547e-01
1.682431697845458984e-01,-1.137534856796264648e+00
4.576149582862854004e-01,-8.443773388862609863e-01
-4.188652634620666504e-01,1.681143522262573242e+00
2.539898753166198730e-01,7.062010467052459717e-03
-1.586370825767517090e+00,-1.266714334487915039e+00
-1.448270231485366821e-01,-1.551908850669860840e-01
-2.180323898792266846e-01,7.605254650115966797e-01
3.868876099586486816e-01,1.186263561248779297e-01
7.174896001815795898e-01,6.680938601493835449e-01
4.021529555320739746e-01,-2.245824635028839111e-01
-1.438028216361999512e+00,6.328486800193786621e-01
-1.268928647041320801e-01,-5.670066922903060913e-02
1.771758317947387695e+00,-2.007077455520629883e+00
-1.055918812751770020e+00,1.037818193435668945e+00
7.132887244224548340e-01,1.280919432640075684e+00
1.498268544673919678e-01,-1.094292283058166504e+00
-2.286637201905250549e-03,-1.074378609657287598e+00
-1.548993945121765137e+00,1.246023535728454590e+00
6.441465616226196289e-01,-1.228608012199401855e+00
1.594665646553039551e+00,-1.173004388809204102e+00
-1.793616294860839844e+00,3.357023000717163086e-01
-1.983819901943206787e-01,-1.138858437538146973e+00
-6.555606722831726074e-01,5.122636556625366211e-01
5.774202346801757812e-01,1.572836518287658691e+00
1.737903952598571777e+00,-6.027804613113403320e-01
4.663553088903427124e-02,-1.127430796623229980e+00
2.922248244285583496e-01,-2.272657491266727448e-02
-4.304179549217224121e-01,-8.724029362201690674e-02
-2.234365195035934448e-01,-9.501142501831054688e-01
-1.637733280658721924e-01,-1.089652419090270996e+00
1.716398894786834717e-01,-1.022092700004577637e+00
-8.705043047666549683e-02,-2.907247304916381836e+00
-1.015801548957824707e+00,-1.442052796483039856e-02
-2.152161836624145508e+00,-1.587637424468994141e+00
-1.220065832138061523e+00,-1.023681998252868652e+00
-1.801991939544677734e+00,-1.621461629867553711e+00
-6.139905452728271484e-01,5.059465765953063965e-01
-1.136509776115417480e+00,4.409765899181365967e-01
5.461347103118896484e-01,8.204512596130371094e-01
4.458113014698028564e-01,7.581925392150878906e-02
2.595717668533325195e+00,-1.557657003402709961e+00
-4.418375194072723389e-01,-8.511206507682800293e-01
-7.315138578414916992e-01,6.470341682434082031e-01
-4.199039638042449951e-01,-2.710936784744262695e+00
2.858160495758056641e+00,1.631225645542144775e-01
-8.270636796951293945e-01,4.476257860660552979e-01
-9.893153905868530273e-01,2.867175340652465820e+00
-1.320650801062583923e-03,-1.198610782623291016e+00
6.599693298339843750e-01,3.939808845520019531e+00
-7.231128811836242676e-01,4.697729051113128662e-01
4.204576909542083740e-01,1.699621379375457764e-01
2.183846950531005859e+00,3.839197158813476562e+00
8.706029653549194336e-01,1.421803236007690430e+00
-3.469393849372863770e-01,-7.178446650505065918e-02
2.295607477426528931e-01,-1.209770202636718750e+00
1.372488379478454590e+00,-8.639137744903564453e-01
5.308034420013427734e-01,-7.087457180023193359e-01
-3.877672851085662842e-01,5.087161064147949219e-01
1.946067214012145996e-01,7.704557776451110840e-01
-8.882985115051269531e-01,3.105199337005615234e-01
-3.614504098892211914e+00,2.140751123428344727e+00
-3.198486268520355225e-01,-1.209768414497375488e+00
-1.181053996086120605e+00,-3.441240638494491577e-03
-1.037204265594482422e+00,1.272878766059875488e+00
6.113210916519165039e-01,-1.217229604721069336e+00
3.109216503798961639e-02,8.675501942634582520e-01
-3.353320360183715820e-01,-2.533680438995361328e+00
-1.976620078086853027e+00,9.004762172698974609e-01
-1.030696988105773926e+00,7.261312603950500488e-01
-1.780594587326049805e+00,3.219333589076995850e-01
-1.283576637506484985e-01,-1.045040011405944824e+00
-1.912922263145446777e+00,-2.294095605611801147e-02
3.581805825233459473e-01,6.413336098194122314e-02
-2.694042921066284180e-01,-1.458150297403335571e-01
-4.453195631504058838e-02,1.043089747428894043e+00
1.372488379478454590e+00,-8.639137744903564453e-01
1.995101273059844971e-01,-3.205553889274597168e-01
-7.706068754196166992e-01,1.983332872390747070e+00
-2.417716026306152344e+00,1.336527347564697266e+00
7.162166386842727661e-02,-1.039852857589721680e+00
-4.922702312469482422e-01,1.528895974159240723e+00
-1.157223701477050781e+00,1.355878114700317383e+00
1.103373914957046509e-01,7.602009773254394531e-01
1.390512585639953613e+00,-1.290084362030029297e+00
-4.163443744182586670e-01,5.539835616946220398e-02
1.378748267889022827e-01,-1.094668865203857422e+00
-3.509587645530700684e-01,-2.026971578598022461e+00
-1.616489328444004059e-02,-3.632389903068542480e-01
-9.785727262496948242e-01,2.786211669445037842e-01
3.123557269573211670e-01,6.207422614097595215e-01
5.924306064844131470e-02,7.455611228942871094e-01
-3.587244451045989990e-01,-1.300851941108703613e+00
6.138677597045898438e-01,-2.072601765394210815e-01
-1.528549671173095703e+00,1.282014012336730957e+00
-9.436426162719726562e-01,-2.452347241342067719e-02
-1.568239212036132812e+00,-6.822268366813659668e-01
7.174281477928161621e-01,-1.295755386352539062e+00
8.541505336761474609e-01,-4.979092180728912354e-01
-3.249329090118408203e+00,7.658907771110534668e-01
5.703818798065185547e-01,1.692286968231201172e+00
4.980854690074920654e-02,-2.063896805047988892e-01
4.402269423007965088e-01,9.308363795280456543e-01
-7.330818772315979004e-01,1.611624002456665039e+00
2.383651733398437500e-01,-1.054023265838623047e+00
6.263508200645446777e-01,4.166128039360046387e-01
3.210589885711669922e-01,6.101768091320991516e-02
-7.552166283130645752e-02,-1.740243077278137207e+00
6.372827887535095215e-01,8.082988858222961426e-01
-2.289810329675674438e-01,-9.016671776771545410e-01
-1.614417910575866699e+00,1.398339390754699707e+00
-8.856986165046691895e-01,-7.299472093582153320e-01
-1.553194046020507812e+00,1.383089780807495117e+00
1.848751679062843323e-02,1.043769121170043945e-01
-7.701246142387390137e-01,5.061848163604736328e-01
-7.800825238227844238e-01,-1.171858549118041992e+00
2.696993649005889893e-01,-3.474419116973876953e-01
4.539128243923187256e-01,-1.751393318176269531e+00
1.804918766021728516e+00,-9.899878501892089844e-01
-7.147491574287414551e-01,4.201593101024627686e-01
-1.075855851173400879e+00,-1.617601394653320312e+00
-1.065222173929214478e-01,-1.327200531959533691e-01
-2.416057437658309937e-01,-9.389628767967224121e-01
-6.933783292770385742e-01,-9.315506815910339355e-01
-1.524645835161209106e-01,-1.377791881561279297e+00
-1.109352521598339081e-02,1.486264824867248535e+00
-1.113428473472595215e-01,-1.155914545059204102e+00
-1.179792881011962891e+00,-2.520405769348144531e+00
-1.405404508113861084e-01,-1.128046393394470215e+00
-1.622916340827941895e+00,-4.982902109622955322e-02
-3.394771814346313477e-01,-4.073935449123382568e-01
-1.328439831733703613e+00,6.752425432205200195e-02
-1.695520401000976562e+00,1.342007666826248169e-01
-9.129667282104492188e-01,7.845714092254638672e-01
-1.694797277450561523e+00,7.258236408233642578e-01
-6.953813880681991577e-02,1.154504567384719849e-01
-8.100534081459045410e-01,-1.149990320205688477e+00
-3.831688761711120605e-01,-3.403123319149017334e-01
2.183846950531005859e+00,3.839197158813476562e+00
8.180527687072753906e-01,1.330779790878295898e+00
2.424627840518951416e-01,-1.611229181289672852e+00
5.229169130325317383e-01,-2.060729265213012695e-02
-1.816183447837829590e+00,6.797693371772766113e-01
-1.983819901943206787e-01,-1.138858437538146973e+00
4.191029071807861328e-02,-3.891901969909667969e-01
5.165888071060180664e-01,4.592914283275604248e-01
7.334386706352233887e-01,1.370138168334960938e+00
-1.824530124664306641e+00,1.882722854614257812e+00
1.307402610778808594e+00,2.280178308486938477e+00
-1.217781543731689453e+00,-1.055998206138610840e+00
1.463602781295776367e-01,-1.682263314723968506e-01
-1.248648166656494141e+00,7.413184642791748047e-01
4.591957926750183105e-01,1.377862542867660522e-01
-3.139642775058746338e-01,-2.486889839172363281e+00
-5.070764422416687012e-01,1.640908002853393555e+00
-1.083403587341308594e+00,-2.414139211177825928e-01
-3.198486268520355225e-01,-1.209768414497375488e+00
1.916734501719474792e-03,-1.117166399955749512e+00
-5.766901969909667969e-01,-1.667095303535461426e+00
-6.940569728612899780e-04,-4.024141728878021240e-01
-3.514021039009094238e-01,-3.808719217777252197e-01
5.299426317214965820e-01,-1.661585927009582520e+00
-2.632573843002319336e+00,1.430628299713134766e+00
2.571400105953216553e-01,4.997744262218475342e-01
1.092720031738281250e-01,3.763105392456054688e+00
1.099210381507873535e+00,7.335095405578613281e-01
2.623972415924072266e+00,7.010450363159179688e-01
1.474822312593460083e-01,-6.479262113571166992e-01
7.162166386842727661e-02,-1.039852857589721680e+00
-4.788457155227661133e-01,3.729366302490234375e+00
-9.329669177532196045e-02,-1.280070662498474121e+00
-6.409626603126525879e-01,7.350888252258300781e-01
3.999646008014678955e-01,-1.291013836860656738e+00
-1.008683919906616211e+00,3.545699715614318848e-01
5.958155393600463867e-01,-1.068164348602294922e+00
-2.540142059326171875e+00,8.200305104255676270e-01
-7.437697649002075195e-01,5.034396052360534668e-01
-1.118292093276977539e+00,-7.348198294639587402e-01
-7.058886289596557617e-01,3.711977601051330566e-01
-2.031740695238113403e-01,1.774085685610771179e-02
3.883588910102844238e-01,6.411043405532836914e-01
1.014797329902648926e+00,1.218770384788513184e+00
-1.289022207260131836e+00,3.109680414199829102e+00
3.429099544882774353e-02,1.025548577308654785e+00
-1.109296202659606934e+00,-1.195803761482238770e+00
3.796355128288269043e-01,3.668669462203979492e+00
-1.065222173929214478e-01,-1.327200531959533691e-01
-1.070524573326110840e+00,9.025839567184448242e-01
-1.285658478736877441e+00,4.643329083919525146e-01
1.362213194370269775e-01,-1.112451553344726562e+00
-1.207661986351013184e+00,1.581362336874008179e-01
-7.937216758728027344e-01,4.430553615093231201e-01
-4.268278777599334717e-01,-1.293974876403808594e+00
-8.627355098724365234e-01,-7.024625688791275024e-02
1.049166560173034668e+00,-1.113929510116577148e+00
-2.836315333843231201e-01,3.380255997180938721e-01
3.227673172950744629e-01,5.544335767626762390e-02
1.346564531326293945e+00,1.196640849113464355e+00
4.239509105682373047e-01,1.320472806692123413e-01
-1.118292093276977539e+00,-7.348198294639587402e-01
6.033200770616531372e-04,-6.164026260375976562e-01
-7.075583934783935547e-01,-3.553679287433624268e-01
-4.447946548461914062e+00,1.947778224945068359e+00
-1.951363921165466309e+00,-4.009355008602142334e-01
-1.092643022537231445e+00,8.298990726470947266e-01
-9.833600521087646484e-01,-3.858383595943450928e-01
3.321754559874534607e-02,-1.004896640777587891e+00
-1.546313881874084473e+00,5.444108843803405762e-01
2.477756142616271973e-02,-1.085952639579772949e+00
-5.770549178123474121e-02,-1.121675968170166016e+00
3.625388443470001221e-01,-3.577554225921630859e-01
-3.516617774963378906e+00,8.705680370330810547e-01
8.706641197204589844e-01,2.747233211994171143e-01
1.061120629310607910e+00,-1.843135803937911987e-03
2.539898753166198730e-01,7.062010467052459717e-03
-7.109701633453369141e-01,8.223990201950073242e-01
-1.687432229518890381e-01,-3.956674933433532715e-01
1.022043079137802124e-01,8.305670022964477539e-01
-1.636822700500488281e+00,-1.185924053192138672e+00
