3.237040281295776367e+00,1.725195884704589844e+00
3.069947481155395508e+00,1.828825235366821289e+00
2.615376234054565430e+00,3.556280136108398438e-01
4.014027595520019531e+00,2.694881558418273926e-01
3.519043922424316406e+00,1.008375167846679688e+00
6.724473237991333008e-01,-6.431462168693542480e-01
2.772834539413452148e+00,1.543607115745544434e+00
-2.649024128913879395e-01,1.273190259933471680e+00
4.742912292480468750e+00,4.837366938591003418e-01
4.818589210510253906e+00,8.009517192840576172e-01
2.760673999786376953e+00,3.448810875415802002e-01
3.569684028625488281e+00,1.835900545120239258e+00
4.240908145904541016e+00,1.175465703010559082e+00
2.132448434829711914e+00,1.073345065116882324e+00
3.268647193908691406e+00,4.244787991046905518e-01
2.110978960990905762e-01,1.091526672244071960e-01
2.873337268829345703e+00,7.629410922527313232e-02
2.007174491882324219e+00,6.459874510765075684e-01
2.536532402038574219e+00,1.011841058731079102e+00
1.073030829429626465e+00,2.461050033569335938e+00
1.794360637664794922e+00,9.901524186134338379e-01
3.716056108474731445e+00,1.505625128746032715e+00
1.681308269500732422e+00,1.258468270301818848e+00
4.621666908264160156e+00,4.432500600814819336e-01
2.297619819641113281e+00,3.012463569641113281e+00
-9.412467479705810547e-02,6.827056884765625000e+00
3.693151712417602539e+00,1.404717564582824707e+00
2.733135700225830078e+00,3.418484628200531006e-01
7.919611930847167969e-01,5.588875412940979004e-01
2.609832048416137695e+00,1.375116109848022461e+00
1.824713945388793945e+00,1.337244510650634766e+00
5.708236694335937500e+00,-1.792978048324584961e+00
1.757631540298461914e+00,1.587938308715820312e+00
7.187583446502685547e-01,-3.713443279266357422e-01
2.151602268218994141e+00,2.810406208038330078e+00
3.695239305496215820e+00,-4.704883694648742676e-01
3.445384025573730469e+00,1.083344817161560059e+00
5.839874744415283203e-01,2.284469157457351685e-01
4.641088962554931641e+00,1.248398900032043457e+00
2.616602897644042969e+00,1.261685013771057129e+00
3.848229885101318359e+00,1.213471531867980957e+00
2.916424989700317383e+00,1.883137822151184082e-01
1.642204761505126953e+00,2.292881488800048828e+00
4.564069271087646484e+00,1.003328323364257812e+00
2.044620990753173828e+00,1.303016781806945801e+00
2.580295324325561523e+00,4.075357913970947266e+00
2.544470548629760742e+00,1.424789071083068848e+00
1.253081560134887695e+00,2.595057487487792969e+00
5.504036426544189453e+00,7.452771067619323730e-01
9.836153984069824219e-01,2.463589191436767578e+00
2.034962892532348633e+00,1.214277386665344238e+00
1.762239694595336914e+00,2.296738624572753906e+00
3.362293243408203125e+00,1.391696214675903320e+00
5.446010112762451172e+00,-1.428492546081542969e+00
2.992923259735107422e+00,2.719962596893310547e+00
4.204378604888916016e+00,1.061056733131408691e+00
3.452850818634033203e+00,1.354927420616149902e+00
3.312420845031738281e+00,1.628110527992248535e+00
4.973445415496826172e+00,5.800980925559997559e-01
2.838876247406005859e+00,1.782539486885070801e+00
5.570397377014160156e-01,2.131280452013015747e-01
1.711372137069702148e+00,1.697202920913696289e+00
3.133996486663818359e+00,5.616244077682495117e-01
8.934048414230346680e-01,-8.829216659069061279e-02
3.979557514190673828e+00,5.851619839668273926e-01
1.091695725917816162e-01,6.442556381225585938e+00
7.503392696380615234e-01,-9.115403890609741211e-02
1.145178914070129395e+00,2.421704292297363281e+00
2.510851144790649414e+00,3.123407840728759766e+00
2.501543521881103516e+00,1.462867856025695801e+00
3.620826959609985352e+00,1.108593940734863281e+00
3.351241827011108398e+00,1.155330061912536621e+00
2.826158285140991211e+00,1.621171355247497559e+00
2.795920610427856445e+00,-3.551456928253173828e-01
3.848229885101318359e+00,1.213471531867980957e+00
4.969406604766845703e+00,1.155237197875976562e+00
2.437146425247192383e+00,2.374586582183837891e+00
2.865328073501586914e+00,1.217940598726272583e-01
6.772676706314086914e-01,-1.830101609230041504e-01
1.928982019424438477e+00,1.100175261497497559e+00
2.207383155822753906e+00,4.299171566963195801e-01
4.759750366210937500e+00,1.368697166442871094e+00
3.947758436203002930e+00,-6.221132874488830566e-01
4.546448230743408203e+00,1.507742762565612793e+00
1.642714262008666992e+00,3.135699272155761719e+00
3.196884989738464355e-01,-4.014233350753784180e-01
7.274601459503173828e-01,7.213135957717895508e-01
2.383236646652221680e+00,8.308593928813934326e-02
6.110349297523498535e-01,4.272959530353546143e-01
1.129378795623779297e+00,-3.228844106197357178e-01
2.182865142822265625e+00,3.124848842620849609e+00
2.083222866058349609e+00,1.320846557617187500e+00
1.913117885589599609e+00,2.543779373168945312e+00
2.311326742172241211e+00,2.047198295593261719e+00
1.973570585250854492e+00,9.705978035926818848e-01
-1.256594657897949219e+00,1.124673080444335938e+01
1.301491498947143555e+00,2.285353660583496094e+00
3.891960144042968750e+00,1.636278748512268066e+00
5.099011898040771484e+00,1.372824430465698242e+00
1.695599317550659180e+00,3.593342304229736328e+00
1.508368968963623047e+00,-1.348377466201782227e-01
3.995371103286743164e+00,1.605460286140441895e+00
4.253322184085845947e-01,6.982771396636962891e+00
3.857162714004516602e+00,1.720393300056457520e+00
2.811932086944580078e+00,6.137204170227050781e-01
1.767073392868041992e+00,-2.718187868595123291e-03
2.120253324508666992e+00,1.342113494873046875e+00
4.338832855224609375e+00,8.917739987373352051e-01
3.126810550689697266e+00,1.580788373947143555e+00
3.542137742042541504e-01,5.953414738178253174e-02
-3.059858083724975586e-02,7.420738220214843750e+00
1.538338184356689453e+00,8.309611678123474121e-01
2.334300279617309570e+00,2.957405567169189453e+00
5.629731178283691406e+00,1.103816747665405273e+00
1.902578353881835938e+00,1.754332780838012695e+00
2.020470619201660156e+00,2.673045158386230469e+00
2.251836061477661133e+00,4.257931411266326904e-01
3.202743291854858398e+00,2.131946086883544922e+00
2.342645168304443359e+00,4.444843232631683350e-01
1.800480365753173828e+00,3.851613521575927734e+00
3.689572095870971680e+00,9.974026083946228027e-01
-1.596458435058593750e+00,7.345972537994384766e+00
1.756372213363647461e+00,-1.006474941968917847e-01
4.760233402252197266e+00,1.324509024620056152e+00
1.828252553939819336e+00,7.747541069984436035e-01
3.740870475769042969e+00,1.867529630661010742e+00
9.799326062202453613e-01,3.877189159393310547e-01
9.502483367919921875e+00,1.817964017391204834e-03
-3.177344799041748047e-01,9.115210175514221191e-01
1.549238443374633789e+00,1.962248980998992920e-01
4.535248756408691406e+00,1.297905564308166504e+00
6.688452363014221191e-01,-3.881978094577789307e-01
2.907778024673461914e+00,1.930726051330566406e+00
4.747963428497314453e+00,-7.864069193601608276e-02
2.191372394561767578e+00,1.137765288352966309e+00
1.313140153884887695e+00,4.867983341217041016e+00
4.198304653167724609e+00,6.126136779785156250e-01
1.026060223579406738e+00,1.420240104198455811e-02
5.371218681335449219e+00,1.285113811492919922e+00
5.949870109558105469e+00,-1.474458694458007812e+00
2.907411098480224609e+00,2.891981601715087891e-01
1.642714262008666992e+00,3.135699272155761719e+00
1.202359318733215332e+00,2.688641548156738281e+00
2.667191028594970703e+00,3.768854141235351562e-01
-8.435887694358825684e-01,8.575091361999511719e+00
2.916424989700317383e+00,1.883137822151184082e-01
4.406208992004394531e+00,6.129855513572692871e-01
2.760673999786376953e+00,3.448810875415802002e-01
3.136966466903686523e+00,6.305933594703674316e-01
2.403461694717407227e+00,2.736928462982177734e+00
3.768192768096923828e+00,1.567204475402832031e+00
2.607596397399902344e+00,6.428824067115783691e-01
1.821010351181030273e+00,1.171818137168884277e+00
3.217595815658569336e+00,1.126891732215881348e+00
3.057402372360229492e-01,-4.689393639564514160e-01
2.826841115951538086e+00,3.129130899906158447e-01
2.866099357604980469e+00,2.300748348236083984e+00
4.343847751617431641e+00,-1.544731557369232178e-01
1.549731492996215820e+00,3.949369907379150391e+00
3.694436788558959961e+00,2.166842937469482422e+00
2.110551834106445312e+00,3.541063308715820312e+00
1.723261117935180664e+00,1.044888734817504883e+00
4.206378936767578125e+00,1.402317404747009277e+00
2.655625581741333008e+00,3.063378930091857910e-01
4.740510940551757812e+00,6.033778190612792969e-01
1.783235788345336914e+00,1.023675680160522461e+00
3.249363183975219727e+00,1.305318474769592285e+00
2.877347707748413086e+00,5.536396503448486328e-01
2.371850013732910156e+00,2.664668083190917969e+00
3.676104247570037842e-01,6.009222984313964844e+00
3.253993511199951172e+00,7.369044423103332520e-01
2.983099937438964844e+00,1.826415777206420898e+00
4.323183536529541016e+00,2.409374713897705078e+00
2.039772272109985352e+00,2.760002136230468750e+00
3.779992103576660156e+00,7.167892456054687500e-01
5.118587017059326172e+00,1.198732733726501465e+00
1.848685026168823242e+00,2.554399013519287109e+00
3.941737651824951172e+00,1.621351480484008789e+00
2.795920610427856445e+00,-3.551456928253173828e-01
-4.023048281669616699e-02,3.797016620635986328e+00
1.859488725662231445e+00,5.174296721816062927e-02
5.192784070968627930e-01,-5.334599018096923828e-01
2.277630329132080078e+00,6.275743246078491211e-01
2.985241889953613281e+00,1.729348063468933105e+00
3.897052705287933350e-01,-2.059443593025207520e-01
6.547849655151367188e+00,-7.923268675804138184e-01
4.618384838104248047e+00,9.637880921363830566e-01
5.152544021606445312e+00,-2.149617373943328857e-01
2.772758960723876953e+00,6.714372038841247559e-01
4.581771790981292725e-01,-1.098123937845230103e-01
4.087193965911865234e+00,6.909791231155395508e-01
4.266084194183349609e+00,9.137605428695678711e-01
1.976158857345581055e+00,8.955932259559631348e-01
2.107968568801879883e+00,2.369124412536621094e+00
2.107968568801879883e+00,2.369124412536621094e+00
4.535567283630371094e+00,-5.198397636413574219e-01
3.926590919494628906e+00,1.261219024658203125e+00
3.702045202255249023e+00,1.426813960075378418e+00
4.731793403625488281e+00,5.685729980468750000e-01
4.301190853118896484e+00,9.749128222465515137e-01
3.742118358612060547e+00,9.733572602272033691e-01
2.138518989086151123e-01,4.900487959384918213e-01
2.816866874694824219e+00,2.605364322662353516e-01
1.532496452331542969e+00,4.545745372772216797e+00
6.728895902633666992e-01,5.686941146850585938e-01
3.090063571929931641e+00,2.110923767089843750e+00
2.402698993682861328e+00,3.084855675697326660e-01
4.659174919128417969e+00,8.732939958572387695e-01
9.643990516662597656e+00,-4.135389804840087891e+00
5.738234519958496094e-02,1.901856511831283569e-01
8.312650918960571289e-01,-5.709820240736007690e-02
8.513151407241821289e-01,2.529275603592395782e-02
2.893028020858764648e+00,1.691634178161621094e+00
3.130422592163085938e+00,1.073330283164978027e+00
2.334324359893798828e+00,1.211049780249595642e-01
2.216685056686401367e+00,2.414284706115722656e+00
2.223805904388427734e+00,-2.611085176467895508e-01
1.122887611389160156e+00,2.127828121185302734e+00
2.319290161132812500e+00,2.277592182159423828e+00
4.338063240051269531e+00,1.538334727287292480e+00
4.864112854003906250e+00,9.785167574882507324e-01
1.628854513168334961e+00,9.084811210632324219e-01
1.697052001953125000e+00,-5.451896786689758301e-01
1.773477554321289062e+00,3.774172782897949219e+00
9.892474412918090820e-01,1.883468270301818848e+00
3.423610210418701172e+00,1.026296138763427734e+00
3.571211814880371094e+00,7.830068469047546387e-01
2.761608958244323730e-01,4.993114471435546875e+00
2.045721530914306641e+00,7.626002281904220581e-02
3.593330621719360352e+00,1.083782076835632324e+00
2.367734909057617188e+00,4.152190089225769043e-01
3.618362665176391602e+00,1.347828984260559082e+00
1.171419143676757812e+00,8.391038328409194946e-02
3.486210107803344727e+00,4.557487964630126953e-01
3.551831841468811035e-01,2.503218054771423340e-01
2.483861684799194336e+00,6.172603964805603027e-01
1.763347864151000977e+00,6.707282662391662598e-01
3.245088100433349609e+00,1.545156598091125488e+00
1.588394880294799805e+00,4.702442139387130737e-02
1.848806858062744141e+00,1.944018304347991943e-01
1.663890480995178223e-02,-2.440603375434875488e-01
6.222461462020874023e-01,-5.709168314933776855e-01
2.078845739364624023e+00,5.869909524917602539e-01
3.699207782745361328e+00,1.159119725227355957e+00
4.387618064880371094e+00,2.197409421205520630e-01
6.117656826972961426e-02,1.890071630477905273e-01
1.698715686798095703e+00,-3.428137302398681641e-02
3.034750223159790039e+00,1.108314037322998047e+00
4.310188770294189453e+00,-4.302064776420593262e-01
4.678324222564697266e+00,8.869318962097167969e-01
1.579564094543457031e+00,2.582964897155761719e-01
1.973421573638916016e+00,-3.994740545749664307e-03
2.772758960723876953e+00,6.714372038841247559e-01
5.012656688690185547e+00,6.328150629997253418e-01
4.624439239501953125e+00,9.475757479667663574e-01
2.444222450256347656e+00,2.051585316658020020e-01
6.405653476715087891e+00,-4.578868150711059570e-01
7.792762517929077148e-01,9.793059527873992920e-02
1.065824031829833984e+00,-3.554856777191162109e-01
2.304070234298706055e+00,2.989620208740234375e+00
1.455718517303466797e+00,1.836876511573791504e+00
3.100899934768676758e+00,3.958224356174468994e-01
1.715614795684814453e+00,1.190685629844665527e+00
2.862800359725952148e+00,1.791842877864837646e-01
1.431180953979492188e+00,4.271042346954345703e+00
1.837712526321411133e+00,-3.035222291946411133e-01
5.115444183349609375e+00,8.429910540580749512e-01
7.608081698417663574e-01,-5.145363211631774902e-01
2.310256481170654297e+00,1.188658118247985840e+00
3.294040918350219727e+00,1.323389291763305664e+00
3.362910032272338867e+00,1.543070316314697266e+00
5.482758522033691406e+00,8.446658253669738770e-01
4.571978092193603516e+00,1.070918798446655273e+00
2.389136314392089844e+00,2.904450297355651855e-01
2.080192804336547852e+00,2.229783058166503906e+00
2.841783761978149414e+00,1.343106150627136230e+00
4.959986209869384766e+00,1.749706864356994629e+00
2.524581909179687500e+00,1.106565713882446289e+00
6.788936853408813477e-01,-2.154347300529479980e-01
2.559840917587280273e+00,2.644105553627014160e-01
4.173021793365478516e+00,8.618347048759460449e-01
9.378562569618225098e-01,-1.414740830659866333e-01
5.400323867797851562e+00,7.012947201728820801e-01
3.541492700576782227e+00,1.055764794349670410e+00
3.796441793441772461e+00,1.310568690299987793e+00
2.390932798385620117e+00,1.534662485122680664e+00
2.051344394683837891e+00,5.318170189857482910e-01
2.415953159332275391e+00,2.025985002517700195e+00
5.813535690307617188e+00,-1.775394082069396973e+00
8.447222709655761719e-01,-3.480354696512222290e-02
3.605470418930053711e+00,1.854197382926940918e+00
2.260087013244628906e+00,2.903348445892333984e+00
4.126057624816894531e+00,9.530028700828552246e-01
2.110669374465942383e+00,3.528879642486572266e+00
2.863902568817138672e+00,3.602909445762634277e-01
4.320875167846679688e+00,5.435513257980346680e-01
3.104450225830078125e+00,1.815489530563354492e+00
1.734345436096191406e+00,2.060085296630859375e+00
3.633183956146240234e+00,1.652761578559875488e+00
4.745202064514160156e+00,3.539304137229919434e-01
4.543195724487304688e+00,1.203309059143066406e+00
6.533386707305908203e-01,4.263078868389129639e-01
4.162307739257812500e+00,1.412662267684936523e+00
2.850270509719848633e+00,6.030346751213073730e-01
3.923989534378051758e+00,1.181331872940063477e+00
1.011822938919067383e+00,-2.476294636726379395e-01
2.699045896530151367e+00,2.282052040100097656e+00
2.341154575347900391e+00,6.198853850364685059e-01
2.906690359115600586e+00,3.367225229740142822e-01
2.161402702331542969e+00,-3.194219470024108887e-01
3.856727361679077148e+00,9.678158760070800781e-01
2.912029027938842773e+00,2.102975547313690186e-01
2.821955204010009766e+00,2.758216261863708496e-01
1.971961021423339844e+00,3.498108863830566406e+00
2.827458143234252930e+00,1.897846460342407227e-01
2.646102607250213623e-01,5.431342601776123047e+00
4.307650566101074219e+00,1.216929435729980469e+00
4.423939704895019531e+00,7.109007835388183594e-01
2.892823457717895508e+00,1.637788772583007812e+00
1.404127120971679688e+00,3.585423946380615234e+00
2.954296827316284180e+00,1.309654831886291504e+00
1.567921638488769531e+00,3.392199993133544922e+00
4.802847802639007568e-01,-1.935613453388214111e-01
6.295677185058593750e+00,4.306543469429016113e-01
4.400039672851562500e+00,9.199865460395812988e-01
3.765788555145263672e+00,1.178110480308532715e+00
4.345784664154052734e+00,4.440645575523376465e-01
1.602761507034301758e+00,3.409127712249755859e+00
1.978848457336425781e+00,8.438768386840820312e-01
1.769786357879638672e+00,2.320191860198974609e+00
1.760798454284667969e+00,1.545222997665405273e+00
5.897942185401916504e-01,-9.285640716552734375e-02
5.390376091003417969e+00,-2.135470390319824219e+00
1.757631540298461914e+00,1.587938308715820312e+00
1.763682067394256592e-01,7.602083683013916016e-01
3.016310453414916992e+00,1.789602041244506836e+00
1.685889720916748047e+00,3.447359085083007812e+00
2.584255695343017578e+00,2.314232885837554932e-01
4.365669250488281250e+00,5.949909090995788574e-01
2.497601509094238281e+00,7.163424789905548096e-02
-3.755196928977966309e-01,8.785352706909179688e+00
5.830647945404052734e-01,-2.813348472118377686e-01
3.684667587280273438e+00,1.332033872604370117e+00
2.617166996002197266e+00,3.352105915546417236e-01
2.914702177047729492e+00,4.285959601402282715e-01
5.664763450622558594e+00,7.157942056655883789e-01
3.438350677490234375e+00,4.846364855766296387e-01
-3.251732587814331055e-01,1.473308056592941284e-01
4.072990417480468750e+00,1.227421879768371582e+00
6.026662826538085938e+00,-3.687604963779449463e-01
3.253768682479858398e+00,1.591469526290893555e+00
2.270972967147827148e+00,1.135353222489356995e-01
4.058607101440429688e+00,2.832693159580230713e-01
3.919800281524658203e+00,1.145487904548645020e+00
9.708184003829956055e-02,1.012134030461311340e-01
5.854482054710388184e-01,6.332930564880371094e+00
2.460066556930541992e+00,3.021596908569335938e+00
2.008913993835449219e+00,5.413972139358520508e-01
3.341755151748657227e+00,8.980625867843627930e-01
6.058057785034179688e+00,3.926411867141723633e-01
4.593869209289550781e+00,1.122444987297058105e+00
4.959986209869384766e+00,1.749706864356994629e+00
2.384449720382690430e+00,6.512799263000488281e-01
2.188039541244506836e+00,6.475028395652770996e-01
3.234684467315673828e+00,1.481430530548095703e+00
2.042663574218750000e+00,3.020954608917236328e+00
2.760221004486083984e+00,2.171397209167480469e-01
4.195433139801025391e+00,1.038842678070068359e+00
2.151757001876831055e+00,-3.635735809803009033e-01
7.474038600921630859e-01,5.148774385452270508e-02
4.215694069862365723e-01,3.276340961456298828e+00
2.024356603622436523e+00,1.593438982963562012e+00
3.684667587280273438e+00,1.332033872604370117e+00
2.996211051940917969e+00,1.372100830078125000e+00
4.069327414035797119e-01,4.667657852172851562e+00
2.012235224246978760e-01,5.257681846618652344e+00
1.318617701530456543e+00,-6.407834589481353760e-02
3.153005123138427734e+00,1.422147631645202637e+00
2.519273519515991211e+00,5.052303075790405273e-01
8.735108971595764160e-01,2.088042348623275757e-01
1.247346162796020508e+00,3.497914314270019531e+00
2.350088119506835938e+00,4.867470562458038330e-01
7.426855087280273438e+00,-1.686482548713684082e+00
2.514636516571044922e+00,3.309812843799591064e-01
3.979557514190673828e+00,5.851619839668273926e-01
1.572273015975952148e+00,2.255709767341613770e-01
4.160128533840179443e-01,-1.601239144802093506e-01
7.456252574920654297e-01,-4.826512932777404785e-01
2.687980413436889648e+00,2.239406585693359375e+00
4.978610992431640625e+00,1.113426327705383301e+00
3.029416799545288086e+00,2.262170314788818359e+00
4.174490451812744141e+00,2.514024257659912109e+00
2.086620092391967773e+00,2.709523200988769531e+00
4.602247714996337891e+00,4.934006035327911377e-01
4.362260818481445312e+00,3.472002148628234863e-01
1.562972784042358398e+00,1.758451938629150391e+00
1.835629940032958984e+00,3.651558458805084229e-01
1.957345008850097656e+00,2.715032100677490234e+00
2.066606521606445312e+00,5.443103313446044922e-01
3.583230018615722656e+00,1.072368144989013672e+00
2.703376770019531250e+00,1.459942162036895752e-01
1.188204526901245117e+00,2.456399649381637573e-01
2.708267927169799805e+00,4.341432452201843262e-01
-1.364593267440795898e+00,6.268929481506347656e+00
2.617368459701538086e+00,2.709688663482666016e+00
3.057402372360229492e-01,-4.689393639564514160e-01
2.689340829849243164e+00,7.226135730743408203e-01
1.658665418624877930e+00,1.410669207572937012e+00
2.230683803558349609e+00,2.882842540740966797e+00
2.371272563934326172e+00,-8.088302016258239746e-01
2.906114101409912109e+00,1.842688918113708496e+00
2.863902568817138672e+00,3.602909445762634277e-01
-1.256594657897949219e+00,1.124673080444335938e+01
2.589939355850219727e+00,4.655829370021820068e-01
6.027866363525390625e+00,1.255552053451538086e+00
1.138319671154022217e-01,1.076570272445678711e+00
3.494586229324340820e+00,1.380405545234680176e+00
2.010302066802978516e+00,2.491564273834228516e+00
3.152727603912353516e+00,4.571573734283447266e-01
1.766217648983001709e-01,1.741145253181457520e-01
3.328434228897094727e+00,2.526834607124328613e-01
4.424733638763427734e+00,2.204057693481445312e+00
1.979187726974487305e+00,8.444324135780334473e-01
-1.561893224716186523e+00,2.897456169128417969e+00
4.852620601654052734e+00,1.139846801757812500e+00
3.664616584777832031e+00,-6.663834452629089355e-01
2.645771980285644531e+00,3.364229500293731689e-01
6.756412029266357422e+00,-1.358280628919601440e-01
2.184514284133911133e+00,1.598930209875106812e-01
6.468897342681884766e+00,4.787102937698364258e-01
4.191706657409667969e+00,-2.646536529064178467e-01
2.190048694610595703e+00,2.723511219024658203e+00
3.261888504028320312e+00,1.536260008811950684e+00
3.199095726013183594e+00,2.364366501569747925e-01
5.364284992218017578e+00,6.338444948196411133e-01
4.351098537445068359e+00,1.285597324371337891e+00
2.362748146057128906e+00,3.245638847351074219e+00
3.185483694076538086e+00,1.502796530723571777e+00
4.926027953624725342e-01,-7.316301465034484863e-01
1.793226718902587891e+00,-6.188889741897583008e-01
7.542254924774169922e+00,-2.100903511047363281e+00
2.073268413543701172e+00,4.082545757293701172e+00
3.334977149963378906e+00,-2.367351055145263672e-01
1.892263889312744141e+00,2.582065582275390625e+00
2.720767974853515625e+00,2.578419685363769531e+00
3.738638401031494141e+00,1.684047222137451172e+00
3.130350112915039062e+00,3.675513863563537598e-01
3.434036254882812500e+00,6.778913736343383789e-01
4.409164905548095703e+00,-8.767361640930175781e-01
2.477616786956787109e+00,1.908324807882308960e-01
4.645954608917236328e+00,6.802600026130676270e-01
2.038689851760864258e+00,1.163021326065063477e+00
4.798923969268798828e+00,4.058286845684051514e-01
2.151757001876831055e+00,-3.635735809803009033e-01
3.061965942382812500e+00,2.128802388906478882e-01
4.288914501667022705e-01,-3.495820760726928711e-01
1.939792633056640625e+00,1.755071878433227539e+00
3.230247735977172852e+00,5.056151375174522400e-02
1.989093065261840820e+00,3.531190872192382812e+00
3.110661983489990234e+00,7.740175724029541016e-01
4.221330642700195312e+00,1.202456712722778320e+00
1.962999820709228516e+00,-1.936352103948593140e-01
3.986572980880737305e+00,1.545269131660461426e+00
1.718770265579223633e+00,2.560995221138000488e-01
6.223105192184448242e-01,-4.773505032062530518e-03
4.859771728515625000e+00,1.869608461856842041e-01
3.368495464324951172e+00,1.290829181671142578e-01
4.753928184509277344e+00,4.479509592056274414e-01
3.685544013977050781e+00,1.195789456367492676e+00
7.775974273681640625e+00,-2.061314582824707031e+00
2.195831537246704102e+00,2.807881355285644531e+00
4.941311836242675781e+00,-8.258900642395019531e-01
3.733704090118408203e-01,-3.423638641834259033e-01
3.901206493377685547e+00,1.411717057228088379e+00
4.704379081726074219e+00,3.779790401458740234e-01
1.785223960876464844e+00,2.411784172058105469e+00
1.636228561401367188e+00,2.773082256317138672e+00
3.926288485527038574e-01,-5.764744281768798828e-01
1.779878377914428711e+00,2.297776699066162109e+00
1.998198270797729492e+00,-8.499510586261749268e-04
5.895446538925170898e-01,-2.864094972610473633e-01
2.420601129531860352e+00,3.625772953033447266e+00
3.584829807281494141e+00,7.215782999992370605e-01
2.126984596252441406e+00,7.928711175918579102e-01
5.099011898040771484e+00,1.372824430465698242e+00
4.820700645446777344e+00,1.182762622833251953e+00
2.813343048095703125e+00,1.328006625175476074e+00
2.022049427032470703e+00,2.576909542083740234e+00
1.883327722549438477e+00,2.949090003967285156e+00
4.225413799285888672e+00,8.629426360130310059e-01
4.117343425750732422e+00,1.659814357757568359e+00
4.485645771026611328e+00,-3.927956223487854004e-01
5.209680557250976562e+00,4.724456071853637695e-01
1.286361694335937500e+00,4.950777530670166016e+00
3.540399551391601562e+00,9.377607107162475586e-01
4.930375218391418457e-01,-3.991155326366424561e-01
3.528524160385131836e+00,1.756851673126220703e+00
2.356942892074584961e+00,2.794449806213378906e+00
4.820700645446777344e+00,1.182762622833251953e+00
5.285531044006347656e+00,-6.386924982070922852e-01
4.763015747070312500e+00,6.606571078300476074e-01
4.410920143127441406e+00,1.242067575454711914e+00
2.206674575805664062e+00,3.627869129180908203e+00
5.221102714538574219e+00,1.136253118515014648e+00
4.908044338226318359e+00,7.989403605461120605e-02
7.816706180572509766e+00,-2.313107967376708984e+00
5.077941417694091797e+00,-1.352702021598815918e+00
8.296233415603637695e-01,4.465389996767044067e-02
2.933062553405761719e+00,2.163142681121826172e+00
2.922709703445434570e+00,8.263934254646301270e-01
1.762239694595336914e+00,2.296738624572753906e+00
3.011424064636230469e+00,5.723650455474853516e-01
4.176668822765350342e-01,1.933114826679229736e-01
-1.408595323562622070e+00,6.376519680023193359e+00
3.340566873550415039e+00,-3.124170899391174316e-01
2.972842454910278320e+00,4.196064174175262451e-01
-1.436004042625427246e-02,6.032415032386779785e-01
3.713185548782348633e+00,1.126403585076332092e-01
4.010186672210693359e+00,1.103127717971801758e+00
2.945820569992065430e+00,5.297515392303466797e-01
-1.186749696731567383e+00,6.879186153411865234e+00
4.610937118530273438e+00,-3.471913635730743408e-01
3.531681060791015625e+00,7.202431559562683105e-01
3.542137742042541504e-01,5.953414738178253174e-02
2.388176679611206055e+00,2.577242851257324219e+00
3.011311769485473633e+00,1.704233884811401367e+00
1.679191350936889648e+00,1.525208711624145508e+00
4.791704654693603516e+00,2.526102066040039062e-01
4.245486736297607422e+00,7.561972737312316895e-01
2.391706705093383789e+00,4.059987664222717285e-01
2.143951892852783203e+00,1.319735407829284668e+00
4.084649085998535156e+00,1.229984402656555176e+00
1.972937583923339844e+00,-4.630488157272338867e-02
3.203868150711059570e+00,1.749475121498107910e+00
4.191706657409667969e+00,-2.646536529064178467e-01
2.678204774856567383e+00,4.462229907512664795e-01
3.024930953979492188e+00,1.810259938240051270e+00
2.862712621688842773e+00,3.804078400135040283e-01
3.004989385604858398e+00,2.925559878349304199e-01
4.259604930877685547e+00,6.167431175708770752e-02
9.722998619079589844e+00,8.894752711057662964e-03
3.814568519592285156e+00,1.183606028556823730e+00
2.662090539932250977e+00,1.475584268569946289e+00
2.830936670303344727e+00,3.611511886119842529e-01
2.460027694702148438e+00,1.760364055633544922e+00
3.943191766738891602e+00,1.773921608924865723e+00
3.796441793441772461e+00,1.310568690299987793e+00
3.095842123031616211e+00,3.141238093376159668e-01
1.175012588500976562e+00,-1.580177843570709229e-01
1.566724061965942383e+00,1.821786403656005859e+00
2.173957824707031250e+00,6.964384317398071289e-01
4.059360980987548828e+00,1.571060061454772949e+00
2.841783761978149414e+00,1.343106150627136230e+00
3.519340753555297852e+00,1.046132922172546387e+00
3.742738962173461914e+00,4.893133640289306641e-01
3.926288485527038574e-01,-5.764744281768798828e-01
5.635584592819213867e-01,2.650343775749206543e-01
-3.013801574707031250e-02,5.728448390960693359e+00
6.300524711608886719e+00,-2.513072490692138672e+00
4.879043579101562500e+00,7.782810926437377930e-01
-4.341682791709899902e-01,6.064557075500488281e+00
4.024236679077148438e+00,1.244170904159545898e+00
4.135767459869384766e+00,-6.666988134384155273e-02
2.338596105575561523e+00,3.104566335678100586e-01
7.322798967361450195e-01,-1.217985153198242188e-01
2.375170707702636719e+00,2.492188453674316406e+00
-3.059858083724975586e-02,7.420738220214843750e+00
1.975308895111083984e+00,2.807169437408447266e+00
2.592541217803955078e+00,8.899473547935485840e-01
1.301491498947143555e+00,2.285353660583496094e+00
1.701323032379150391e+00,2.363068312406539917e-01
3.098481655120849609e+00,1.402612328529357910e-01
2.073268413543701172e+00,4.082545757293701172e+00
5.353911876678466797e+00,1.249981299042701721e-01
3.629208087921142578e+00,1.229330301284790039e+00
1.641190052032470703e+00,3.521967887878417969e+00
1.723780870437622070e+00,2.565118968486785889e-01
1.871404886245727539e+00,3.172843456268310547e+00
4.639684677124023438e+00,-1.398793578147888184e+00
4.017158985137939453e+00,1.334873318672180176e+00
4.598178863525390625e+00,8.026525974273681641e-01
1.756372213363647461e+00,-1.006474941968917847e-01
2.129454374313354492e+00,3.595672547817230225e-01
3.178596496582031250e+00,1.266664147377014160e+00
4.531077742576599121e-01,2.940645813941955566e-01
1.094866275787353516e+00,2.358815193176269531e+00
4.260996341705322266e+00,9.650899171829223633e-01
1.382277965545654297e+00,-1.330605596303939819e-01
2.363038539886474609e+00,3.289141058921813965e-01
4.026415348052978516e+00,1.470684289932250977e+00
4.352230548858642578e+00,-1.403929293155670166e-02
3.930713891983032227e+00,1.529172301292419434e+00
2.099578619003295898e+00,1.055146157741546631e-01
1.899122476577758789e+00,5.902233719825744629e-01
6.943194866180419922e-01,-5.360409021377563477e-01
1.630915403366088867e+00,1.335409879684448242e-01
2.338596105575561523e+00,3.104566335678100586e-01
4.058607101440429688e+00,2.832693159580230713e-01
1.751198530197143555e+00,7.774224281311035156e-01
2.799473285675048828e+00,-1.934700131416320801e+00
3.629208087921142578e+00,1.229330301284790039e+00
-4.716146588325500488e-01,2.065685749053955078e+00
5.150923252105712891e+00,-1.011816143989562988e+00
1.764835834503173828e+00,-3.674694895744323730e-02
2.544690847396850586e+00,6.298381090164184570e-01
4.095663070678710938e+00,9.909530282020568848e-01
6.222461462020874023e-01,-5.709168314933776855e-01
1.331468224525451660e+00,6.841411441564559937e-02
3.203504085540771484e+00,1.435299038887023926e+00
3.211194515228271484e+00,2.037071138620376587e-01
7.232102155685424805e-01,1.800575554370880127e-01
2.550966262817382812e+00,4.812276661396026611e-01
3.948490381240844727e+00,9.609078168869018555e-01
2.851487159729003906e+00,2.606952786445617676e-01
5.152544021606445312e+00,-2.149617373943328857e-01
3.689465522766113281e+00,1.304597258567810059e+00
3.333739995956420898e+00,6.023226976394653320e-01
5.761231899261474609e+00,3.055892884731292725e-01
1.362370848655700684e+00,2.986264705657958984e+00
4.835491657257080078e+00,5.673481225967407227e-01
1.831585168838500977e+00,1.435109972953796387e+00
4.580831050872802734e+00,8.116515278816223145e-01
5.646556377410888672e+00,-1.481979727745056152e+00
2.594665765762329102e+00,2.824224829673767090e-01
3.546679019927978516e+00,7.256507873535156250e-01
1.500170707702636719e+00,2.391758441925048828e+00
1.530241966247558594e+00,2.502326965332031250e+00
4.629679024219512939e-01,3.057559013366699219e+00
4.654872417449951172e+00,1.360238671302795410e+00
4.156145095825195312e+00,5.591674447059631348e-01
4.166015625000000000e+00,2.241384088993072510e-01
1.767073392868041992e+00,-2.718187868595123291e-03
8.129359483718872070e-01,4.110311031341552734e+00
2.047991275787353516e+00,3.905713081359863281e+00
3.947758436203002930e+00,-6.221132874488830566e-01
4.901749610900878906e+00,1.069479227066040039e+00
1.847594976425170898e+00,2.717401504516601562e+00
2.857599973678588867e+00,1.448336958885192871e+00
9.007133245468139648e-01,-6.768572330474853516e-02
3.016310453414916992e+00,1.789602041244506836e+00
5.115092992782592773e-01,2.366375327110290527e-01
4.482932567596435547e+00,6.550996303558349609e-01
2.976194620132446289e+00,1.208516001701354980e+00
-1.918885111808776855e-01,6.174251556396484375e+00
7.982046604156494141e-01,-9.686468541622161865e-02
4.148722648620605469e+00,1.330344200134277344e+00
3.075114786624908447e-01,-1.973625421524047852e-01
1.529956758022308350e-01,1.278208017349243164e+00
9.637954235076904297e-01,-2.202176153659820557e-01
3.072127342224121094e+00,1.459633231163024902e+00
2.073986053466796875e+00,3.286152839660644531e+00
2.634624004364013672e+00,1.643769025802612305e+00
2.941858768463134766e+00,2.121346950531005859e+00
2.572009325027465820e+00,4.094522893428802490e-01
1.515230655670166016e+00,2.081974506378173828e+00
3.472921252250671387e-02,5.780896663665771484e+00
5.300184249877929688e+00,9.417112469673156738e-01
1.583468437194824219e+00,4.165265083312988281e+00
3.302550077438354492e+00,-2.680581063032150269e-02
1.611369848251342773e+00,1.723450541496276855e+00
8.135150671005249023e-01,1.699562966823577881e-01
2.651295185089111328e+00,3.294329643249511719e-01
5.487106442451477051e-01,-1.375358551740646362e-03
2.676053524017333984e+00,1.985503077507019043e+00
6.468897342681884766e+00,4.787102937698364258e-01
3.582279920578002930e+00,7.574498653411865234e-01
4.371407508850097656e+00,4.947780072689056396e-02
4.503452777862548828e+00,1.144739270210266113e+00
3.161301136016845703e+00,1.595071911811828613e+00
1.982621431350708008e+00,2.783774852752685547e+00
1.528686761856079102e+00,-2.035296708345413208e-02
2.761608958244323730e-01,4.993114471435546875e+00
2.270861148834228516e+00,1.006327629089355469e+00
2.713728904724121094e+00,1.857601255178451538e-01
2.532121896743774414e+00,2.154609262943267822e-01
4.486620903015136719e+00,1.783730238676071167e-01
2.755869150161743164e+00,1.299390196800231934e+00
1.832527875900268555e+00,1.431178092956542969e+00
3.733704090118408203e-01,-3.423638641834259033e-01
1.213686764240264893e-01,1.848019361495971680e-01
2.232090473175048828e+00,2.584602832794189453e+00
1.714560031890869141e+00,1.349738597869873047e+00
3.513628482818603516e+00,1.497145175933837891e+00
3.804690837860107422e+00,9.927946329116821289e-01
1.751258850097656250e+00,1.368700265884399414e+00
3.503722429275512695e+00,4.905490875244140625e-01
2.564682245254516602e+00,5.316460132598876953e-01
5.489107608795166016e+00,-7.523390650749206543e-01
1.294419765472412109e+00,2.349219799041748047e+00
3.272499084472656250e+00,1.993202090263366699e+00
2.362068593502044678e-01,4.848115444183349609e+00
2.936289072036743164e+00,9.890708923339843750e-01
2.074283838272094727e+00,5.931136608123779297e-01
3.927258253097534180e+00,7.570814490318298340e-01
4.543666839599609375e+00,3.805032372474670410e-01
2.442978858947753906e+00,2.662510395050048828e+00
2.893028020858764648e+00,1.691634178161621094e+00
3.632934331893920898e+00,7.983466386795043945e-01
3.658127784729003906e+00,2.379363536834716797e+00
2.624024629592895508e+00,3.526808321475982666e-01
3.787329912185668945e+00,1.762209057807922363e+00
7.737935781478881836e-01,-3.209417164325714111e-01
3.592869281768798828e+00,1.573600530624389648e+00
4.582957744598388672e+00,4.852704107761383057e-01
1.830180644989013672e+00,7.987024784088134766e-01
2.165179252624511719e-01,1.893045306205749512e-01
2.412304401397705078e+00,3.521143496036529541e-01
2.968648672103881836e+00,1.521153688430786133e+00
3.167088747024536133e+00,6.591344475746154785e-01
5.761231899261474609e+00,3.055892884731292725e-01
4.298736095428466797e+00,1.335442423820495605e+00
2.284267425537109375e+00,3.776041269302368164e-01
2.073330402374267578e+00,-7.535815238952636719e-03
2.869418621063232422e+00,8.442865610122680664e-01
1.726216316223144531e+00,1.591095924377441406e+00
1.677760124206542969e+00,2.805769257247447968e-02
4.470118522644042969e+00,6.561039090156555176e-01
1.352319717407226562e+00,1.760201454162597656e-01
2.647256135940551758e+00,1.024720191955566406e+00
3.909273862838745117e+00,9.773756265640258789e-01
1.847547531127929688e+00,5.856792926788330078e-01
5.481333136558532715e-01,-3.846729993820190430e-01
2.967814922332763672e+00,2.126937806606292725e-01
1.468878984451293945e+00,2.530857920646667480e-01
1.915907621383666992e+00,8.112838268280029297e-01
3.384505033493041992e+00,1.630132675170898438e+00
-2.947734594345092773e-01,-3.008497357368469238e-01
2.153506040573120117e+00,3.438762187957763672e+00
2.566490411758422852e+00,1.531528085470199585e-01
2.182702302932739258e+00,1.243368506431579590e+00
2.924756765365600586e+00,1.066329956054687500e+00
3.523957967758178711e+00,5.544962882995605469e-01
1.363499164581298828e+00,1.522014975547790527e+00
3.926590919494628906e+00,1.261219024658203125e+00
1.324965715408325195e+00,7.028034329414367676e-01
3.479189157485961914e+00,3.052675426006317139e-01
3.098481655120849609e+00,1.402612328529357910e-01
1.282638013362884521e-01,5.953053236007690430e-01
5.610888004302978516e-01,-5.561951994895935059e-01
1.782349348068237305e+00,-1.623942852020263672e+00
5.548175334930419922e+00,5.760174989700317383e-02
3.335348844528198242e+00,2.036439627408981323e-01
1.747453927993774414e+00,2.320138454437255859e+00
3.954706788063049316e-01,4.547203540802001953e+00
3.381300449371337891e+00,1.261847496032714844e+00
3.328434228897094727e+00,2.526834607124328613e-01
4.026415348052978516e+00,1.470684289932250977e+00
3.533452749252319336e-02,-4.738568067550659180e-01
2.683413743972778320e+00,5.257493853569030762e-01
2.419064760208129883e+00,1.459057331085205078e+00
2.195879936218261719e+00,3.453086853027343750e+00
3.584829807281494141e+00,7.215782999992370605e-01
4.727006554603576660e-01,-7.363442182540893555e-01
5.272863864898681641e+00,-6.084123253822326660e-01
3.829057455062866211e+00,1.592399477958679199e+00
5.450754165649414062e+00,4.230597615242004395e-01
3.564542293548583984e+00,1.703676104545593262e+00
6.756412029266357422e+00,-1.358280628919601440e-01
4.755832672119140625e+00,4.901978671550750732e-01
6.813619613647460938e+00,-5.981968045234680176e-01
3.241858243942260742e+00,6.603212356567382812e-01
3.371016979217529297e+00,1.356150388717651367e+00
3.584495306015014648e+00,1.341702461242675781e+00
2.132551193237304688e+00,5.418120622634887695e-01
2.549275398254394531e+00,6.874961853027343750e-01
2.851705789566040039e+00,1.178213834762573242e+00
3.697673559188842773e+00,1.659007310867309570e+00
2.363038539886474609e+00,3.289141058921813965e-01
6.155524730682373047e+00,-6.893707513809204102e-01
-4.376709461212158203e-02,-3.896620869636535645e-02
3.330209255218505859e+00,1.462078213691711426e+00
3.398339748382568359e+00,-1.781973391771316528e-01
2.342872142791748047e+00,9.770543575286865234e-01
5.272863864898681641e+00,-6.084123253822326660e-01
3.519340753555297852e+00,1.046132922172546387e+00
2.779505729675292969e+00,1.200947642326354980e+00
2.343094825744628906e+00,2.776890277862548828e+00
3.618362665176391602e+00,1.347828984260559082e+00
3.640559196472167969e+00,8.883661031723022461e-01
7.547669410705566406e+00,-1.004202514886856079e-01
1.734345436096191406e+00,2.060085296630859375e+00
2.151602268218994141e+00,2.810406208038330078e+00
3.346813917160034180e+00,1.471595883369445801e+00
1.538582295179367065e-01,5.184852600097656250e+00
7.455859661102294922e+00,-1.189373970031738281e+00
2.312364578247070312e+00,6.313061118125915527e-01
1.815515756607055664e+00,1.238500952720642090e+00
2.015881538391113281e+00,2.887483119964599609e+00
1.985586434602737427e-01,-6.457496285438537598e-01
1.826724529266357422e+00,2.123893260955810547e+00
8.800186514854431152e-01,8.255635201930999756e-02
2.751261949539184570e+00,2.115831226110458374e-01
2.590770244598388672e+00,2.099850654602050781e+00
-1.239473581314086914e+00,7.299562931060791016e+00
3.532194375991821289e+00,1.708420753479003906e+00
5.311574459075927734e+00,-5.443496257066726685e-02
1.204422473907470703e+00,-4.366112649440765381e-01
1.760798454284667969e+00,1.545222997665405273e+00
3.412666559219360352e+00,7.912933826446533203e-01
3.927258253097534180e+00,7.570814490318298340e-01
3.369124650955200195e+00,1.246292233467102051e+00
8.691980838775634766e-01,3.965966403484344482e-03
3.203800916671752930e+00,1.880663394927978516e+00
3.907776176929473877e-01,6.443158388137817383e-01
5.393889904022216797e+00,-6.430266797542572021e-02
2.132791519165039062e+00,1.909973472356796265e-01
3.553265094757080078e+00,1.184319376945495605e+00
3.320977449417114258e+00,6.629917025566101074e-02
4.300397396087646484e+00,9.871633648872375488e-01
4.394196033477783203e+00,8.968818783760070801e-01
3.759309291839599609e+00,1.453383922576904297e+00
4.482091903686523438e+00,5.368900299072265625e-01
1.716928243637084961e+00,2.338284492492675781e+00
4.087482929229736328e+00,9.894267320632934570e-01
2.910023927688598633e+00,1.453072786331176758e+00
1.500170707702636719e+00,2.391758441925048828e+00
5.363993167877197266e+00,6.625665724277496338e-02
3.383454084396362305e+00,1.492840051651000977e+00
3.673374414443969727e+00,1.084514617919921875e+00
1.658859014511108398e+00,8.879700303077697754e-01
2.543762207031250000e+00,1.241125345230102539e+00
8.118360042572021484e-01,-4.258784055709838867e-01
4.482402324676513672e+00,9.743834137916564941e-01
3.104450225830078125e+00,1.815489530563354492e+00
2.653817176818847656e+00,2.016654729843139648e+00
1.607762813568115234e+00,2.451947212219238281e+00
-1.338538527488708496e-01,3.563464164733886719e+00
3.634794235229492188e+00,8.069158792495727539e-01
3.192718029022216797e-01,4.507373809814453125e+00
2.812504529953002930e+00,2.910941839218139648e-01
3.994186639785766602e+00,1.762225270271301270e+00
1.564410448074340820e+00,1.977702260017395020e+00
7.446616291999816895e-01,-2.302708923816680908e-01
2.072886466979980469e+00,7.655124068260192871e-01
1.286361694335937500e+00,4.950777530670166016e+00
2.718190908432006836e+00,1.216795325279235840e+00
4.598178863525390625e+00,8.026525974273681641e-01
7.012221813201904297e-01,-2.546439170837402344e-01
3.126104354858398438e+00,1.106734395027160645e+00
3.992708027362823486e-01,-3.577786982059478760e-01
2.466637134552001953e+00,4.377842545509338379e-01
2.311633110046386719e+00,5.554659366607666016e-01
4.939220905303955078e+00,8.335059285163879395e-01
6.662547588348388672e-01,2.937484741210937500e+00
1.642614603042602539e+00,8.608091473579406738e-01
2.505972385406494141e+00,1.404942631721496582e+00
2.528000116348266602e+00,8.810362219810485840e-01
3.633183956146240234e+00,1.652761578559875488e+00
3.787498712539672852e+00,8.558673262596130371e-01
2.579651832580566406e+00,3.549345135688781738e-01
2.917818784713745117e+00,1.084897890686988831e-01
5.747569561004638672e+00,-2.161552906036376953e+00
4.678324222564697266e+00,8.869318962097167969e-01
2.435485839843750000e+00,5.804837346076965332e-01
3.711866378784179688e+00,7.253934741020202637e-01
1.811291933059692383e+00,6.442577391862869263e-02
1.785223960876464844e+00,2.411784172058105469e+00
3.927351236343383789e+00,1.056196928024291992e+00
2.821616649627685547e+00,1.509618043899536133e+00
3.012493371963500977e+00,1.278773188591003418e+00
2.195371866226196289e+00,2.794466972351074219e+00
3.889921665191650391e+00,1.495839595794677734e+00
4.163848876953125000e+00,9.853200614452362061e-02
3.308887720108032227e+00,1.393154144287109375e+00
3.856727361679077148e+00,9.678158760070800781e-01
3.942090988159179688e+00,4.911041855812072754e-01
2.659694910049438477e+00,2.483535766601562500e+00
2.986011981964111328e+00,2.630156278610229492e-01
3.927351236343383789e+00,1.056196928024291992e+00
2.105611324310302734e+00,-1.204205751419067383e-01
4.493468761444091797e+00,1.185148358345031738e+00
4.160128533840179443e-01,-1.601239144802093506e-01
4.277276515960693359e+00,1.532364487648010254e+00
8.428975105285644531e+00,-3.038724422454833984e+00
1.763682067394256592e-01,7.602083683013916016e-01
2.840159416198730469e+00,1.916005611419677734e+00
4.058554172515869141e+00,3.528124988079071045e-01
1.962999820709228516e+00,-1.936352103948593140e-01
3.506833553314208984e+00,1.511359930038452148e+00
6.607827544212341309e-01,6.934888660907745361e-02
1.999456644058227539e+00,3.300169467926025391e+00
2.399189472198486328e+00,2.911631584167480469e+00
8.129359483718872070e-01,4.110311031341552734e+00
6.029139041900634766e+00,6.439616084098815918e-01
4.371407508850097656e+00,4.947780072689056396e-02
1.815003395080566406e+00,2.286918163299560547e+00
6.288675785064697266e+00,2.944125533103942871e-01
2.156206607818603516e+00,8.349547386169433594e-01
1.575936794281005859e+00,1.688775897026062012e+00
3.653040647506713867e+00,1.276479005813598633e+00
1.069687485694885254e+00,-1.491475105285644531e-01
9.514142870903015137e-01,4.466229438781738281e+00
5.250259876251220703e+00,6.237972974777221680e-01
2.207870006561279297e+00,1.166072249412536621e+00
6.016022205352783203e+00,-7.070055603981018066e-01
2.699045896530151367e+00,2.282052040100097656e+00
2.108313798904418945e+00,6.875142455101013184e-01
2.595198869705200195e+00,1.868573784828186035e+00
3.214481830596923828e+00,1.727706551551818848e+00
1.701949119567871094e+00,4.668672978878021240e-01
1.925797224044799805e+00,8.375377058982849121e-01
2.039772272109985352e+00,2.760002136230468750e+00
4.288914501667022705e-01,-3.495820760726928711e-01
5.112708091735839844e+00,5.529366433620452881e-03
2.371850013732910156e+00,2.664668083190917969e+00
5.280778884887695312e+00,1.716037631034851074e+00
2.726279497146606445e+00,3.430939197540283203e+00
5.904275894165039062e+00,1.005381345748901367e+00
1.522993445396423340e-01,2.478758692741394043e-01
7.015615105628967285e-01,-5.226035118103027344e-01
4.265710353851318359e+00,1.197876214981079102e+00
4.717223644256591797e+00,1.327439785003662109e+00
8.149798512458801270e-01,-5.846251845359802246e-01
5.738234519958496094e-02,1.901856511831283569e-01
5.348960399627685547e+00,1.349540352821350098e+00
4.328794002532958984e+00,2.669064044952392578e+00
4.589450061321258545e-01,5.650413036346435547e+00
3.366828203201293945e+00,4.643938839435577393e-01
3.155976772308349609e+00,1.904704689979553223e+00
1.940121173858642578e+00,4.223670065402984619e-01
8.389583826065063477e-01,-1.689304113388061523e-01
2.701075553894042969e+00,3.757613658905029297e+00
1.102075815200805664e+00,-1.727582663297653198e-01
2.087729454040527344e+00,9.399895668029785156e-01
3.162888288497924805e+00,2.980743408203125000e+00
4.461986541748046875e+00,4.965576827526092529e-01
3.519043922424316406e+00,1.008375167846679688e+00
2.265452623367309570e+00,6.641918420791625977e-01
2.406811952590942383e+00,4.596187770366668701e-01
6.448408603668212891e+00,1.140011310577392578e+00
1.973570585250854492e+00,9.705978035926818848e-01
1.766624450683593750e+00,-4.853653311729431152e-01
5.616006851196289062e-01,-4.644888043403625488e-01
3.657754063606262207e-01,-4.512985348701477051e-01
1.668550014495849609e+00,-7.346028089523315430e-01
3.620748519897460938e+00,1.370556712150573730e+00
5.935143232345581055e-01,-3.798335790634155273e-01
3.577205181121826172e+00,1.363819718360900879e+00
4.014027595520019531e+00,2.694881558418273926e-01
1.567921638488769531e+00,3.392199993133544922e+00
2.373985290527343750e+00,3.169188499450683594e+00
3.359379291534423828e+00,1.713427305221557617e+00
2.319290161132812500e+00,2.277592182159423828e+00
5.140281200408935547e+00,4.890868961811065674e-01
2.676053524017333984e+00,1.985503077507019043e+00
3.568394422531127930e+00,1.059577345848083496e+00
1.590266466140747070e+00,3.132387638092041016e+00
2.190048694610595703e+00,2.723511219024658203e+00
-7.293644547462463379e-02,9.759484976530075073e-02
4.571737766265869141e+00,1.104815959930419922e+00
3.817315578460693359e+00,6.132679581642150879e-01
2.749389410018920898e+00,6.500699371099472046e-02
6.880024671554565430e-01,-3.022422194480895996e-01
1.403215169906616211e+00,4.642536044120788574e-01
1.424100160598754883e+00,1.861573457717895508e+00
2.124304294586181641e+00,4.302270889282226562e+00
2.703376770019531250e+00,1.459942162036895752e-01
3.994186639785766602e+00,1.762225270271301270e+00
3.346813917160034180e+00,1.471595883369445801e+00
2.191729068756103516e+00,3.010483741760253906e+00
2.851705789566040039e+00,1.178213834762573242e+00
2.372547626495361328e+00,3.805806159973144531e+00
3.554504632949829102e+00,1.388867497444152832e+00
5.482758522033691406e+00,8.446658253669738770e-01
8.118360042572021484e-01,-4.258784055709838867e-01
1.411129951477050781e+00,4.417953968048095703e+00
9.276279807090759277e-01,-2.249892354011535645e-01
1.868534803390502930e+00,1.545565605163574219e+00
1.641617059707641602e+00,3.196858882904052734e+00
4.879043579101562500e+00,7.782810926437377930e-01
2.572009325027465820e+00,4.094522893428802490e-01
3.229919910430908203e+00,1.520398259162902832e+00
3.203800916671752930e+00,1.880663394927978516e+00
3.737720727920532227e+00,5.295474529266357422e-01
1.884928226470947266e+00,-7.713695168495178223e-01
2.364321947097778320e+00,2.309939861297607422e+00
6.056165695190429688e+00,1.278589010238647461e+00
3.863864660263061523e+00,4.317913651466369629e-01
4.218147754669189453e+00,-2.039615809917449951e-01
4.344612956047058105e-01,-4.900950193405151367e-01
2.091574907302856445e+00,5.863343477249145508e-01
2.711190223693847656e+00,3.728909194469451904e-01
1.980896234512329102e+00,1.008601665496826172e+00
9.097943902015686035e-01,-4.300532639026641846e-01
1.431180953979492188e+00,4.271042346954345703e+00
4.970244884490966797e+00,1.205147147178649902e+00
4.612523078918457031e+00,1.133520960807800293e+00
3.779992103576660156e+00,7.167892456054687500e-01
2.667191028594970703e+00,3.768854141235351562e-01
5.052458286285400391e+00,8.013484477996826172e-01
2.915931463241577148e+00,3.895905911922454834e-01
7.546026706695556641e+00,-1.168686628341674805e+00
3.342243194580078125e+00,1.392624139785766602e+00
2.199256658554077148e+00,2.715291023254394531e+00
3.806332111358642578e+00,1.105893492698669434e+00
2.417525529861450195e+00,4.345350563526153564e-01
2.737389326095581055e+00,3.981612324714660645e-01
1.311875104904174805e+00,2.214582920074462891e+00
2.270861148834228516e+00,1.006327629089355469e+00
2.888658285140991211e+00,3.092148005962371826e-01
3.396950721740722656e+00,1.352504491806030273e+00
4.032895565032958984e+00,1.377731323242187500e+00
1.607762813568115234e+00,2.451947212219238281e+00
5.174146175384521484e+00,1.636677980422973633e-01
2.442978858947753906e+00,2.662510395050048828e+00
1.654224157333374023e+00,1.570003986358642578e+00
2.084393262863159180e+00,5.726480484008789062e-01
3.451004981994628906e+00,1.081840276718139648e+00
3.311251640319824219e+00,1.239447116851806641e+00
4.977105855941772461e-01,-2.644767463207244873e-01
4.519710063934326172e+00,1.757976710796356201e-01
2.473852634429931641e+00,4.542722702026367188e-01
1.950497388839721680e+00,2.745626270771026611e-01
4.070483684539794922e+00,1.023456335067749023e+00
2.731941938400268555e+00,2.822173535823822021e-01
3.575182437896728516e+00,5.998786091804504395e-01
1.713828802108764648e+00,2.343320846557617188e+00
3.897484064102172852e+00,7.615255117416381836e-01
3.204608201980590820e+00,1.088190913200378418e+00
3.359379291534423828e+00,1.713427305221557617e+00
2.684517145156860352e+00,3.457734584808349609e-01
2.862733125686645508e+00,4.324026703834533691e-01
2.941350460052490234e+00,-6.819120049476623535e-02
4.134212970733642578e+00,6.517706513404846191e-01
2.565989732742309570e+00,2.182236194610595703e+00
2.995235443115234375e+00,1.575503945350646973e+00
4.394196033477783203e+00,8.968818783760070801e-01
4.610937118530273438e+00,-3.471913635730743408e-01
2.284510850906372070e+00,3.761467933654785156e+00
4.541429519653320312e+00,1.079124331474304199e+00
2.668437242507934570e+00,3.328856229782104492e-01
8.858832716941833496e-02,-3.336250185966491699e-01
2.391862869262695312e+00,2.018924474716186523e+00
5.783712863922119141e-01,-5.209207534790039062e-03
3.038583993911743164e+00,1.932853698730468750e+00
-1.150687336921691895e-01,-4.914940595626831055e-01
1.699637174606323242e+00,1.421336770057678223e+00
2.064534425735473633e+00,-6.557493209838867188e-01
3.222439050674438477e+00,1.691586852073669434e+00
2.843019247055053711e+00,1.684032320976257324e+00
3.554504632949829102e+00,1.388867497444152832e+00
1.572273015975952148e+00,2.255709767341613770e-01
1.082184016704559326e-01,-5.881732106208801270e-01
1.730672121047973633e+00,-2.225619554519653320e-02
5.229592800140380859e+00,1.549761295318603516e-01
3.362293243408203125e+00,1.391696214675903320e+00
5.019226670265197754e-01,-1.626400500535964966e-01
2.076732158660888672e+00,5.483550429344177246e-01
1.940121173858642578e+00,4.223670065402984619e-01
1.663890480995178223e-02,-2.440603375434875488e-01
3.923989534378051758e+00,1.181331872940063477e+00
2.654759168624877930e+00,3.548334240913391113e-01
3.863864660263061523e+00,4.317913651466369629e-01
4.580831050872802734e+00,8.116515278816223145e-01
4.423939704895019531e+00,7.109007835388183594e-01
2.488153219223022461e+00,3.856959939002990723e-01
2.614768028259277344e+00,1.313435435295104980e+00
6.176631927490234375e+00,-1.038297414779663086e+00
2.588515996932983398e+00,1.440547823905944824e+00
3.599923849105834961e-01,-1.362683624029159546e-01
3.076458454132080078e+00,1.575405836105346680e+00
1.851837158203125000e+00,3.346827998757362366e-02
1.769877672195434570e+00,1.194271802902221680e+00
1.336602568626403809e-01,3.532709121704101562e+00
2.808717489242553711e+00,4.076005816459655762e-01
3.694412946701049805e+00,1.012023925781250000e+00
4.374809265136718750e+00,1.199425935745239258e+00
4.791704654693603516e+00,2.526102066040039062e-01
4.408861637115478516e+00,9.752089977264404297e-01
1.382944583892822266e+00,1.965508103370666504e+00
2.693189859390258789e+00,4.217519760131835938e-01
3.064692735671997070e+00,1.499138116836547852e+00
1.903733015060424805e+00,2.752385139465332031e+00
3.760536432266235352e+00,1.143174290657043457e+00
2.860885620117187500e+00,4.679748117923736572e-01
8.608208894729614258e-01,-3.389530181884765625e-01
3.202743291854858398e+00,2.131946086883544922e+00
4.511519908905029297e+00,1.156622409820556641e+00
2.490057706832885742e+00,6.665198206901550293e-01
4.342452049255371094e+00,1.146801590919494629e+00
4.486620903015136719e+00,1.783730238676071167e-01
4.386711120605468750e+00,1.794583916664123535e+00
2.882967710494995117e+00,3.556592464447021484e-01
2.821616649627685547e+00,1.509618043899536133e+00
4.798923969268798828e+00,4.058286845684051514e-01
6.547849655151367188e+00,-7.923268675804138184e-01
3.551831841468811035e-01,2.503218054771423340e-01
7.322798967361450195e-01,-1.217985153198242188e-01
3.672216892242431641e+00,1.301666855812072754e+00
1.273247599601745605e+00,-4.809390306472778320e-01
5.830647945404052734e-01,-2.813348472118377686e-01
1.193994998931884766e+00,1.829796075820922852e+00
5.369029521942138672e+00,5.633828043937683105e-02
3.760910272598266602e+00,7.306283116340637207e-01
2.424426317214965820e+00,6.890088319778442383e-01
4.153197288513183594e+00,1.303460836410522461e+00
4.204700946807861328e+00,4.455590248107910156e-01
4.720898151397705078e+00,8.060874342918395996e-01
4.453029632568359375e+00,4.900566935539245605e-01
2.036964654922485352e+00,2.291963577270507812e+00
2.608243227005004883e+00,1.225210189819335938e+00
4.457779407501220703e+00,8.993218541145324707e-01
7.386691570281982422e-01,5.306683778762817383e-01
4.338832855224609375e+00,8.917739987373352051e-01
1.194638013839721680e+00,4.080545425415039062e+00
4.807600975036621094e+00,8.279546499252319336e-01
3.964061021804809570e+00,9.730897545814514160e-01
1.680295467376708984e+00,9.165538549423217773e-01
2.139310538768768311e-01,-3.843130916357040405e-02
1.686164379119873047e+00,2.406830310821533203e+00
2.757768154144287109e+00,3.682682514190673828e-01
4.369486808776855469e+00,1.067295312881469727e+00
1.355793476104736328e+00,3.006382942199707031e+00
2.691881895065307617e+00,-3.891547024250030518e-02
4.147854328155517578e+00,1.104139566421508789e+00
3.085470914840698242e+00,1.571522951126098633e+00
3.183544874191284180e+00,1.965947896242141724e-01
1.971156597137451172e+00,2.581840991973876953e+00
4.849168062210083008e-01,3.789117559790611267e-02
2.543762207031250000e+00,1.241125345230102539e+00
4.297308444976806641e+00,1.073754787445068359e+00
2.085602134466171265e-01,-2.594293355941772461e-01
3.764082908630371094e+00,1.313339233398437500e+00
6.658717393875122070e-01,3.016281127929687500e+00
2.230683803558349609e+00,2.882842540740966797e+00
1.588394880294799805e+00,4.702442139387130737e-02
1.782349348068237305e+00,-1.623942852020263672e+00
2.603547096252441406e+00,2.735924720764160156e+00
2.450827121734619141e+00,5.396806001663208008e-01
2.942687988281250000e+00,1.445170640945434570e+00
5.732512950897216797e+00,1.460795879364013672e+00
2.851853609085083008e+00,1.518895626068115234e+00
4.763015747070312500e+00,6.606571078300476074e-01
7.179002761840820312e+00,-1.556363701820373535e+00
3.558531522750854492e+00,1.988126039505004883e+00
3.963279724121093750e+00,7.405432462692260742e-01
4.517737030982971191e-02,-5.606973916292190552e-02
1.687760591506958008e+00,3.156626701354980469e+00
2.459827423095703125e+00,2.951288700103759766e+00
5.224260091781616211e-01,5.395305752754211426e-01
3.883448839187622070e+00,1.023392438888549805e+00
3.507090806961059570e+00,1.254565834999084473e+00
4.618658542633056641e+00,1.143339037895202637e+00
6.403363704681396484e+00,-7.674570679664611816e-01
2.579651832580566406e+00,3.549345135688781738e-01
3.804690837860107422e+00,9.927946329116821289e-01
2.654060602188110352e+00,1.060505270957946777e+00
1.762531042098999023e+00,4.219399929046630859e+00
2.298060894012451172e+00,7.843361496925354004e-01
1.999456644058227539e+00,3.300169467926025391e+00
4.152273654937744141e+00,1.004923820495605469e+00
2.140378952026367188e+00,2.888353824615478516e+00
2.267507791519165039e+00,1.153396964073181152e+00
2.992953300476074219e+00,5.808821916580200195e-01
3.003783464431762695e+00,1.139171361923217773e+00
-2.649024128913879395e-01,1.273190259933471680e+00
-3.890314698219299316e-01,7.416923046112060547e+00
4.049368858337402344e+00,1.147825837135314941e+00
2.851487159729003906e+00,2.606952786445617676e-01
4.234869480133056641e+00,1.121804594993591309e+00
5.483436107635498047e+00,9.109715372323989868e-02
8.498615026473999023e-01,-2.722412645816802979e-01
6.943194866180419922e-01,-5.360409021377563477e-01
-1.324464559555053711e+00,2.092429637908935547e+00
3.890185832977294922e+00,4.309556633234024048e-02
4.755951404571533203e+00,9.246208667755126953e-01
4.925793170928955078e+00,-4.420892596244812012e-01
1.665543317794799805e+00,2.477197170257568359e+00
2.735437631607055664e+00,3.097599148750305176e-01
1.982621431350708008e+00,2.783774852752685547e+00
2.378021240234375000e+00,7.449921369552612305e-01
1.585188627243041992e+00,2.099509716033935547e+00
8.587795495986938477e-01,-1.065751165151596069e-01
4.217965602874755859e+00,5.381969213485717773e-01
3.771465301513671875e+00,1.339589834213256836e+00
2.954296827316284180e+00,1.309654831886291504e+00
3.889921665191650391e+00,1.495839595794677734e+00
3.332946777343750000e+00,1.212653160095214844e+00
2.680632114410400391e+00,1.212090015411376953e+00
4.152273654937744141e+00,1.004923820495605469e+00
3.203868150711059570e+00,1.749475121498107910e+00
1.585188627243041992e+00,2.099509716033935547e+00
3.334930419921875000e+00,1.484775424003601074e+00
4.332516193389892578e+00,-9.670026302337646484e-01
3.024064064025878906e+00,1.537897109985351562e+00
4.802847802639007568e-01,-1.935613453388214111e-01
2.848678588867187500e+00,1.963559508323669434e+00
2.877347707748413086e+00,5.536396503448486328e-01
1.758435010910034180e+00,2.864349842071533203e+00
1.250293850898742676e+00,-3.950229883193969727e-01
2.444253444671630859e+00,3.111205577850341797e+00
3.198451995849609375e-01,-4.309308528900146484e-01
4.158022880554199219e+00,1.018300771713256836e+00
2.725414037704467773e+00,1.983137428760528564e-01
3.816995143890380859e+00,1.252935171127319336e+00
1.549731492996215820e+00,3.949369907379150391e+00
2.672223567962646484e+00,4.125455319881439209e-01
2.193285465240478516e+00,7.989521026611328125e-01
2.319278955459594727e+00,4.940809607505798340e-01
3.383454084396362305e+00,1.492840051651000977e+00
2.751761913299560547e+00,7.320775985717773438e-01
-5.666162967681884766e-01,1.119573116302490234e+00
4.050539016723632812e+00,4.505124390125274658e-01
1.940227270126342773e+00,2.345548629760742188e+00
2.976103305816650391e+00,4.456810951232910156e-01
4.087920784950256348e-01,-4.251480400562286377e-01
1.697052001953125000e+00,-5.451896786689758301e-01
2.967814922332763672e+00,2.126937806606292725e-01
4.218147754669189453e+00,-2.039615809917449951e-01
4.647084236145019531e+00,1.167909264564514160e+00
2.661518096923828125e+00,1.928175687789916992e+00
6.295677185058593750e+00,4.306543469429016113e-01
1.769905328750610352e+00,2.084157943725585938e+00
2.718190908432006836e+00,1.216795325279235840e+00
3.184887170791625977e+00,2.055442810058593750e+00
2.772834539413452148e+00,1.543607115745544434e+00
4.309931099414825439e-01,7.241519689559936523e-01
4.531077742576599121e-01,2.940645813941955566e-01
4.889124393463134766e+00,2.805171310901641846e-01
4.662470340728759766e+00,1.428512811660766602e+00
-8.435887694358825684e-01,8.575091361999511719e+00
4.049598217010498047e+00,8.696113824844360352e-01
1.530241966247558594e+00,2.502326965332031250e+00
4.498010635375976562e+00,2.733843803405761719e+00
3.445384025573730469e+00,1.083344817161560059e+00
2.464681863784790039e+00,2.337506294250488281e+00
1.278244972229003906e+00,-2.026680558919906616e-01
3.713691949844360352e+00,1.384268283843994141e+00
3.011311769485473633e+00,1.704233884811401367e+00
-2.836685776710510254e-01,9.981014251708984375e+00
1.695368528366088867e+00,2.213873386383056641e+00
1.552833318710327148e+00,1.692528128623962402e+00
4.678659439086914062e+00,1.401866555213928223e+00
1.824713945388793945e+00,1.337244510650634766e+00
1.906320333480834961e+00,3.284134864807128906e-01
3.942458152770996094e+00,1.845985770225524902e+00
3.140522241592407227e+00,2.671446204185485840e-01
3.695239305496215820e+00,-4.704883694648742676e-01
3.119322061538696289e+00,1.600659132003784180e+00
6.737812042236328125e+00,-1.012262463569641113e+00
2.807400941848754883e+00,-3.003097474575042725e-01
2.537982940673828125e+00,4.798023402690887451e-01
5.930841445922851562e+00,2.201773375272750854e-01
9.485279321670532227e-01,-1.633351147174835205e-01
4.658791065216064453e+00,1.227007985115051270e+00
4.820614457130432129e-01,-2.695319652557373047e-01
-3.568621873855590820e-01,4.355353415012359619e-01
3.236858367919921875e+00,-8.303939104080200195e-01
1.545296669006347656e+00,2.543115615844726562e+00
2.384449720382690430e+00,6.512799263000488281e-01
2.284510850906372070e+00,3.761467933654785156e+00
5.183104515075683594e+00,9.168843030929565430e-01
4.810857772827148438e-02,4.531240940093994141e+00
2.126984596252441406e+00,7.928711175918579102e-01
1.830019235610961914e+00,7.463142871856689453e-01
-9.412467479705810547e-02,6.827056884765625000e+00
9.361253976821899414e-01,5.759426951408386230e-01
2.857491731643676758e+00,1.392686367034912109e+00
2.862374544143676758e+00,1.042051315307617188e+00
3.804097414016723633e+00,4.279136955738067627e-01
6.533386707305908203e-01,4.263078868389129639e-01
2.007174491882324219e+00,6.459874510765075684e-01
1.936919212341308594e+00,9.980231523513793945e-01
1.251891851425170898e-01,4.610908031463623047e+00
2.533343553543090820e+00,3.375589847564697266e+00
1.011822938919067383e+00,-2.476294636726379395e-01
4.541429519653320312e+00,1.079124331474304199e+00
2.589349746704101562e+00,-2.209480702877044678e-01
5.504036426544189453e+00,7.452771067619323730e-01
1.141575098037719727e+00,-1.756257116794586182e-01
3.315455198287963867e+00,1.827907800674438477e+00
3.888743400573730469e+00,1.082052469253540039e+00
3.313045978546142578e+00,6.103113293647766113e-01
2.915931463241577148e+00,3.895905911922454834e-01
5.996890544891357422e+00,-2.155072093009948730e-01
3.268664777278900146e-01,3.030083477497100830e-01
2.031475782394409180e+00,2.594046592712402344e+00
1.844050645828247070e+00,3.519081592559814453e+00
2.888922214508056641e+00,1.723711252212524414e+00
1.417304277420043945e+00,2.191761016845703125e+00
3.358872890472412109e+00,2.732033729553222656e-01
3.760536432266235352e+00,1.143174290657043457e+00
-7.641658186912536621e-02,-1.783270090818405151e-01
2.059827804565429688e+00,9.366009235382080078e-01
-1.386519908905029297e+00,7.818304538726806641e+00
6.747876644134521484e+00,3.502482175827026367e-01
2.811932086944580078e+00,6.137204170227050781e-01
3.862811088562011719e+00,1.275811433792114258e+00
7.775974273681640625e+00,-2.061314582824707031e+00
3.076463222503662109e+00,3.915133476257324219e-01
3.076017141342163086e+00,8.110131025314331055e-01
3.392250061035156250e+00,1.341165900230407715e-01
3.807122230529785156e+00,-4.588560461997985840e-01
3.077400922775268555e+00,4.393702149391174316e-01
1.849449396133422852e+00,3.012210369110107422e+00
8.045419692993164062e+00,-1.388497591018676758e+00
4.731986045837402344e+00,5.434345006942749023e-01
2.813343048095703125e+00,1.328006625175476074e+00
3.384505033493041992e+00,1.630132675170898438e+00
4.345784664154052734e+00,4.440645575523376465e-01
1.424100160598754883e+00,1.861573457717895508e+00
2.223805904388427734e+00,-2.611085176467895508e-01
3.127252817153930664e+00,6.714897155761718750e-01
1.848685026168823242e+00,2.554399013519287109e+00
5.824750661849975586e-02,6.378826141357421875e+00
4.973445415496826172e+00,5.800980925559997559e-01
3.832844495773315430e+00,1.759094595909118652e+00
1.950497388839721680e+00,2.745626270771026611e-01
1.006442427635192871e+00,-1.370393484830856323e-01
2.909078001976013184e-01,7.067862033843994141e+00
1.707169413566589355e-01,6.084394454956054688e+00
8.956086635589599609e-02,-1.007222086191177368e-01
4.277276515960693359e+00,1.532364487648010254e+00
4.875057220458984375e+00,-3.237829357385635376e-02
4.198304653167724609e+00,6.126136779785156250e-01
3.685544013977050781e+00,1.195789456367492676e+00
4.174490451812744141e+00,2.514024257659912109e+00
3.751374185085296631e-01,-4.104503393173217773e-01
3.663764476776123047e+00,6.314024329185485840e-01
7.386691570281982422e-01,5.306683778762817383e-01
2.775600671768188477e+00,1.326860308647155762e+00
2.597610950469970703e+00,4.354867935180664062e-01
2.121382236480712891e+00,1.047932267189025879e+00
-4.974452257156372070e-01,-1.885294765233993530e-01
3.702045202255249023e+00,1.426813960075378418e+00
2.454268932342529297e+00,6.348343491554260254e-01
1.669872045516967773e+00,2.272884845733642578e+00
3.084541797637939453e+00,2.706447124481201172e+00
2.361133337020874023e+00,-1.560977697372436523e-01
3.821228742599487305e+00,1.855578064918518066e+00
1.015210628509521484e+00,-5.673566460609436035e-02
3.992708027362823486e-01,-3.577786982059478760e-01
-7.407611608505249023e-02,5.941545963287353516e-01
1.002306222915649414e+00,2.382582664489746094e+00
5.895446538925170898e-01,-2.864094972610473633e-01
8.725410461425781250e+00,-3.040568351745605469e+00
2.027426004409790039e+00,7.276590466499328613e-01
2.687980413436889648e+00,2.239406585693359375e+00
2.655217647552490234e+00,1.575007677078247070e+00
2.383834600448608398e+00,6.326020359992980957e-01
4.629937171936035156e+00,4.805731177330017090e-01
3.546679019927978516e+00,7.256507873535156250e-01
2.364321947097778320e+00,2.309939861297607422e+00
1.976158857345581055e+00,8.955932259559631348e-01
2.502391576766967773e+00,4.894000589847564697e-01
6.405670642852783203e-01,-2.011112421751022339e-01
4.015168666839599609e+00,3.471139073371887207e-01
1.851837158203125000e+00,3.346827998757362366e-02
1.857995033264160156e+00,1.242604970932006836e+00
3.464797019958496094e+00,1.132257938385009766e+00
2.717298030853271484e+00,1.815015673637390137e+00
1.807972192764282227e+00,3.334909081459045410e-01
3.234684467315673828e+00,1.481430530548095703e+00
1.718770265579223633e+00,2.560995221138000488e-01
1.847547531127929688e+00,5.856792926788330078e-01
2.544470548629760742e+00,1.424789071083068848e+00
3.488472700119018555e+00,1.013805866241455078e+00
5.352990627288818359e+00,-6.354303956031799316e-01
3.048643350601196289e+00,1.122207522392272949e+00
1.642614603042602539e+00,8.608091473579406738e-01
2.490057706832885742e+00,6.665198206901550293e-01
3.899276733398437500e+00,4.263417422771453857e-01
3.199198722839355469e+00,1.648525834083557129e+00
5.224260091781616211e-01,5.395305752754211426e-01
1.726115703582763672e+00,2.948585033416748047e+00
1.622227907180786133e+00,3.938285827636718750e+00
4.010186672210693359e+00,1.103127717971801758e+00
1.855142831802368164e+00,2.902145862579345703e+00
2.247407674789428711e+00,6.120232343673706055e-01
4.201998233795166016e+00,9.100361466407775879e-01
-1.239473581314086914e+00,7.299562931060791016e+00
2.216685056686401367e+00,2.414284706115722656e+00
2.340343236923217773e+00,1.247773766517639160e+00
8.608208894729614258e-01,-3.389530181884765625e-01
3.693151712417602539e+00,1.404717564582824707e+00
1.922768592834472656e+00,3.723004758358001709e-01
1.972937583923339844e+00,-4.630488157272338867e-02
-5.874974131584167480e-01,-6.247550249099731445e-01
4.087920784950256348e-01,-4.251480400562286377e-01
2.312364578247070312e+00,6.313061118125915527e-01
5.581892728805541992e-01,-7.568753361701965332e-01
2.328912734985351562e+00,4.524095058441162109e-01
3.624706506729125977e+00,7.632040977478027344e-01
3.091359138488769531e+00,6.748276352882385254e-01
3.466380596160888672e+00,3.716484606266021729e-01
4.323379516601562500e+00,3.884294033050537109e-01
2.264000177383422852e+00,4.154667854309082031e+00
1.701949119567871094e+00,4.668672978878021240e-01
3.275197267532348633e+00,1.674183011054992676e+00
8.045419692993164062e+00,-1.388497591018676758e+00
3.111439704895019531e+00,3.145962655544281006e-01
4.915929794311523438e+00,1.095434904098510742e+00
2.811310291290283203e-01,-7.297151684761047363e-01
3.330295324325561523e+00,5.606219172477722168e-01
2.474642992019653320e+00,3.135735034942626953e+00
2.091665983200073242e+00,1.552554368972778320e+00
5.664763450622558594e+00,7.157942056655883789e-01
4.717223644256591797e+00,1.327439785003662109e+00
4.618658542633056641e+00,1.143339037895202637e+00
4.173459053039550781e+00,1.174926757812500000e+00
2.898139476776123047e+00,1.523605704307556152e+00
6.351801872253417969e+00,1.983190476894378662e-01
3.146073341369628906e+00,2.131612300872802734e+00
3.557848215103149414e+00,1.063278079032897949e+00
3.016572475433349609e+00,1.348154306411743164e+00
3.532577276229858398e+00,-7.183578610420227051e-01
2.513533592224121094e+00,1.407479643821716309e+00
3.510246753692626953e+00,1.328627586364746094e+00
3.005448579788208008e+00,1.168684601783752441e+00
3.162881135940551758e+00,1.583180665969848633e+00
2.356942892074584961e+00,2.794449806213378906e+00
1.282439351081848145e+00,-2.854747325181961060e-02
9.475284814834594727e-02,5.441192626953125000e+00
2.592541217803955078e+00,8.899473547935485840e-01
5.255068540573120117e-01,-1.898064464330673218e-01
5.026643753051757812e+00,1.515867948532104492e+00
3.056077718734741211e+00,2.864890098571777344e+00
1.002306222915649414e+00,2.382582664489746094e+00
3.337350845336914062e+00,1.809495210647583008e+00
1.773477554321289062e+00,3.774172782897949219e+00
2.108968496322631836e+00,3.710344731807708740e-01
3.133116960525512695e+00,1.003188133239746094e+00
3.624232769012451172e+00,2.894223928451538086e-01
1.195787668228149414e+00,3.716938018798828125e+00
2.589939355850219727e+00,4.655829370021820068e-01
4.151518821716308594e+00,-1.589219093322753906e+00
6.279363036155700684e-01,-2.553490102291107178e-01
2.305415391921997070e+00,2.795445919036865234e+00
3.820580244064331055e+00,2.047264099121093750e+00
9.361253976821899414e-01,5.759426951408386230e-01
3.503722429275512695e+00,4.905490875244140625e-01
4.351098537445068359e+00,1.285597324371337891e+00
2.826841115951538086e+00,3.129130899906158447e-01
8.099782466888427734e-01,-9.117189794778823853e-03
3.317640542984008789e+00,1.128303170204162598e+00
2.920060873031616211e+00,1.260847687721252441e+00
-4.434222579002380371e-01,4.308054924011230469e+00
1.687599182128906250e+00,3.623132228851318359e+00
9.728695869445800781e+00,-3.803440093994140625e+00
3.825591802597045898e+00,1.147120237350463867e+00
9.097943902015686035e-01,-4.300532639026641846e-01
2.064534425735473633e+00,-6.557493209838867188e-01
2.731332778930664062e+00,1.835011720657348633e+00
3.946771860122680664e+00,1.352893233299255371e+00
1.145178914070129395e+00,2.421704292297363281e+00
4.755832672119140625e+00,4.901978671550750732e-01
2.490788459777832031e+00,7.621160149574279785e-01
3.164573431015014648e+00,1.476405501365661621e+00
4.087482929229736328e+00,9.894267320632934570e-01
3.455238103866577148e+00,9.407563209533691406e-01
1.698715686798095703e+00,-3.428137302398681641e-02
3.806332111358642578e+00,1.105893492698669434e+00
6.365459918975830078e+00,-1.926003813743591309e+00
4.376806735992431641e+00,-1.078692227602005005e-01
2.594557285308837891e+00,1.015526294708251953e+00
2.708267927169799805e+00,4.341432452201843262e-01
4.617488861083984375e+00,1.232901453971862793e+00
3.666330814361572266e+00,5.734779834747314453e-01
1.844450235366821289e+00,3.283562183380126953e+00
2.809215307235717773e+00,9.463452100753784180e-01
4.369486808776855469e+00,1.067295312881469727e+00
1.326871633529663086e+00,4.266149044036865234e+00
3.236858367919921875e+00,-8.303939104080200195e-01
1.862062692642211914e+00,2.010442733764648438e+00
1.815003395080566406e+00,2.286918163299560547e+00
2.332764565944671631e-01,-2.615846395492553711e-01
3.075959920883178711e+00,1.691232085227966309e+00
3.395622491836547852e+00,1.428158044815063477e+00
2.116245031356811523e+00,1.407889246940612793e+00
2.388176679611206055e+00,2.577242851257324219e+00
3.725055456161499023e+00,1.248097181320190430e+00
2.757414579391479492e+00,3.699194431304931641e+00
4.127044975757598877e-01,-7.466316223144531250e-01
4.630724906921386719e+00,1.181640267372131348e+00
6.890065193176269531e+00,-1.920306444168090820e+00
3.161301136016845703e+00,1.595071911811828613e+00
2.809215307235717773e+00,9.463452100753784180e-01
3.330295324325561523e+00,5.606219172477722168e-01
4.064491748809814453e+00,1.385698556900024414e+00
3.222048282623291016e+00,5.016759634017944336e-01
3.911713600158691406e+00,3.749615252017974854e-01
5.638287544250488281e+00,-4.219780266284942627e-01
3.011424064636230469e+00,5.723650455474853516e-01
3.585270166397094727e+00,1.469219774007797241e-01
4.131769180297851562e+00,5.456273555755615234e-01
3.070659160614013672e+00,4.396863877773284912e-01
1.528686761856079102e+00,-2.035296708345413208e-02
3.184887170791625977e+00,2.055442810058593750e+00
2.725414037704467773e+00,1.983137428760528564e-01
4.508121490478515625e+00,1.016478300094604492e+00
3.109197854995727539e+00,-8.627514839172363281e-01
3.126810550689697266e+00,1.580788373947143555e+00
2.903180837631225586e+00,2.037569522857666016e+00
-2.133529663085937500e+00,1.115468692779541016e+01
3.386220216751098633e+00,3.086366653442382812e-01
2.291695356369018555e+00,9.158865213394165039e-01
1.900063037872314453e+00,1.890150308609008789e+00
2.285181045532226562e+00,2.578104972839355469e+00
3.164573431015014648e+00,1.476405501365661621e+00
2.963295221328735352e+00,-9.380806237459182739e-03
3.000413417816162109e+00,1.469660282135009766e+00
-1.118858456611633301e-01,-9.932597875595092773e-01
2.607596397399902344e+00,6.428824067115783691e-01
1.668550014495849609e+00,-7.346028089523315430e-01
2.474642992019653320e+00,3.135735034942626953e+00
4.441589355468750000e+00,1.134547710418701172e+00
5.798906683921813965e-01,2.750896453857421875e+00
2.244426250457763672e+00,7.875649631023406982e-02
9.708184003829956055e-02,1.012134030461311340e-01
2.563446283340454102e+00,2.479846477508544922e+00
2.539261579513549805e+00,3.227966785430908203e+00
6.446514129638671875e-01,-2.608482539653778076e-01
6.121344566345214844e-01,5.080467224121093750e+00
6.446514129638671875e-01,-2.608482539653778076e-01
2.890247106552124023e+00,6.924595236778259277e-01
2.676865816116333008e+00,8.888832926750183105e-01
2.402698993682861328e+00,3.084855675697326660e-01
3.393174171447753906e+00,1.485552787780761719e+00
1.866710186004638672e+00,5.080333948135375977e-01
2.603073120117187500e+00,1.302609801292419434e+00
9.858272671699523926e-01,5.754841327667236328e+00
2.536532402038574219e+00,1.011841058731079102e+00
3.433066606521606445e+00,1.114046812057495117e+00
2.391706705093383789e+00,4.059987664222717285e-01
2.328912734985351562e+00,4.524095058441162109e-01
6.016022205352783203e+00,-7.070055603981018066e-01
3.311251640319824219e+00,1.239447116851806641e+00
3.107038021087646484e+00,1.790601253509521484e+00
4.418166637420654297e+00,5.763480067253112793e-01
1.219012260437011719e+00,4.809308946132659912e-01
7.259656190872192383e-01,-2.740595638751983643e-01
1.743997812271118164e+00,1.338918685913085938e+00
3.076463222503662109e+00,3.915133476257324219e-01
1.404127120971679688e+00,3.585423946380615234e+00
3.954706788063049316e-01,4.547203540802001953e+00
3.558313846588134766e+00,1.548070430755615234e+00
2.888682365417480469e+00,1.906964302062988281e+00
2.752551794052124023e+00,3.446039557456970215e-01
3.589610815048217773e+00,1.234472393989562988e+00
4.016331195831298828e+00,1.113958239555358887e+00
2.621480226516723633e+00,2.418591976165771484e+00
8.149798512458801270e-01,-5.846251845359802246e-01
2.787259817123413086e+00,6.315957903861999512e-01
3.885266780853271484e+00,5.570114850997924805e-01
9.475284814834594727e-02,5.441192626953125000e+00
4.662470340728759766e+00,1.428512811660766602e+00
2.307882785797119141e+00,4.019945859909057617e-01
3.088089704513549805e+00,1.594275236129760742e+00
6.659874916076660156e+00,-1.499747514724731445e+00
3.694436788558959961e+00,2.166842937469482422e+00
3.017284870147705078e+00,1.793888807296752930e+00
4.518578529357910156e+00,1.248220443725585938e+00
2.089607238769531250e+00,1.211674213409423828e+00
5.115092992782592773e-01,2.366375327110290527e-01
2.559840917587280273e+00,2.644105553627014160e-01
6.358929157257080078e+00,-1.506221532821655273e+00
4.915929794311523438e+00,1.095434904098510742e+00
2.602610349655151367e+00,2.290094852447509766e+00
1.269890069961547852e+00,4.721164226531982422e+00
2.106829881668090820e-01,8.322330117225646973e-01
7.456252574920654297e-01,-4.826512932777404785e-01
4.943556308746337891e+00,2.671275734901428223e-01
8.535307645797729492e-01,-3.883091509342193604e-01
2.878034114837646484e+00,1.770412445068359375e+00
4.162307739257812500e+00,1.412662267684936523e+00
4.898984432220458984e+00,2.129002571105957031e+00
2.424426317214965820e+00,6.890088319778442383e-01
1.958173274993896484e+00,1.033633798360824585e-01
2.334300279617309570e+00,2.957405567169189453e+00
4.389612674713134766e+00,1.482234716415405273e+00
1.539859533309936523e+00,2.615147590637207031e+00
3.246021509170532227e+00,1.620605349540710449e+00
5.450754165649414062e+00,4.230597615242004395e-01
9.722998619079589844e+00,8.894752711057662964e-03
4.070647358894348145e-01,3.491260856389999390e-02
3.150938272476196289e+00,3.613024353981018066e-01
3.760160446166992188e+00,1.152037858963012695e+00
2.559962987899780273e+00,-9.138235449790954590e-01
3.358872890472412109e+00,2.732033729553222656e-01
9.471563100814819336e-01,1.583347618579864502e-01
2.307882785797119141e+00,4.019945859909057617e-01
5.986065387725830078e+00,1.416221380233764648e+00
7.734630703926086426e-01,-1.201676726341247559e-01
4.350807666778564453e+00,9.530761241912841797e-01
4.292122364044189453e+00,1.191770672798156738e+00
3.598732709884643555e+00,8.937911987304687500e-01
5.846790790557861328e+00,1.624612689018249512e+00
2.116245031356811523e+00,1.407889246940612793e+00
2.460942268371582031e-01,8.082226514816284180e-01
3.689572095870971680e+00,9.974026083946228027e-01
4.491786479949951172e+00,5.015646219253540039e-01
1.779878377914428711e+00,2.297776699066162109e+00
3.082900047302246094e+00,9.104832410812377930e-01
3.112793445587158203e+00,1.343116641044616699e+00
1.665543317794799805e+00,2.477197170257568359e+00
2.220540761947631836e+00,2.349896907806396484e+00
3.964416503906250000e+00,6.335845589637756348e-01
2.929988145828247070e+00,4.792878031730651855e-01
3.851884841918945312e+00,8.500103950500488281e-01
2.701075553894042969e+00,3.757613658905029297e+00
1.382944583892822266e+00,1.965508103370666504e+00
2.586975097656250000e+00,3.370644450187683105e-01
1.857995033264160156e+00,1.242604970932006836e+00
2.945820569992065430e+00,5.297515392303466797e-01
1.953314542770385742e+00,4.144259691238403320e-01
3.787662506103515625e+00,1.368313312530517578e+00
4.612523078918457031e+00,1.133520960807800293e+00
8.517922759056091309e-01,2.720413208007812500e+00
2.616162538528442383e+00,1.335002183914184570e+00
4.930375218391418457e-01,-3.991155326366424561e-01
3.472921252250671387e-02,5.780896663665771484e+00
4.340108871459960938e+00,1.075926899909973145e+00
-7.008822560310363770e-01,4.484596252441406250e+00
-1.338538527488708496e-01,3.563464164733886719e+00
2.482133150100708008e+00,1.852461934089660645e+00
4.569775581359863281e+00,3.199063241481781006e-01
6.659874916076660156e+00,-1.499747514724731445e+00
2.616602897644042969e+00,1.261685013771057129e+00
3.540399551391601562e+00,9.377607107162475586e-01
5.930841445922851562e+00,2.201773375272750854e-01
4.192254543304443359e+00,-5.205576419830322266e-01
4.155305862426757812e+00,-2.756454050540924072e-01
2.187880516052246094e+00,-7.872358709573745728e-02
2.070023059844970703e+00,2.674607276916503906e+00
1.293060541152954102e+00,1.989999294281005859e+00
4.969406604766845703e+00,1.155237197875976562e+00
4.882665634155273438e+00,2.326770424842834473e-01
2.244426250457763672e+00,7.875649631023406982e-02
8.321595788002014160e-01,5.461010932922363281e-01
2.972847700119018555e+00,1.168529510498046875e+00
2.195644855499267578e+00,5.389174818992614746e-02
4.586337089538574219e+00,1.355980515480041504e+00
2.064629077911376953e+00,9.780746102333068848e-01
2.581231594085693359e+00,1.571445584297180176e+00
1.895740985870361328e+00,2.420689105987548828e+00
3.377832174301147461e+00,1.447890281677246094e+00
3.246021509170532227e+00,1.620605349540710449e+00
2.676865816116333008e+00,8.888832926750183105e-01
3.697673559188842773e+00,1.659007310867309570e+00
1.764835834503173828e+00,-3.674694895744323730e-02
2.723228216171264648e+00,5.417129993438720703e-01
2.882967710494995117e+00,3.556592464447021484e-01
3.031047821044921875e+00,2.063173770904541016e+00
2.049941539764404297e+00,1.005976319313049316e+00
2.363989353179931641e+00,2.992539405822753906e+00
1.122887611389160156e+00,2.127828121185302734e+00
3.424945831298828125e+00,1.601297020912170410e+00
5.337427616119384766e+00,-7.715326547622680664e-01
1.832527875900268555e+00,1.431178092956542969e+00
7.961859703063964844e-01,-3.174528777599334717e-01
2.142913579940795898e+00,2.902555942535400391e+00
5.630098819732666016e+00,7.710268497467041016e-01
3.865288972854614258e+00,1.293862223625183105e+00
2.034925699234008789e+00,3.139249324798583984e+00
2.244417190551757812e+00,3.047782897949218750e+00
4.217965602874755859e+00,5.381969213485717773e-01
3.105330467224121094e+00,4.666887223720550537e-03
3.109299421310424805e+00,1.449449658393859863e+00
2.859052896499633789e+00,3.201607465744018555e-01
6.956955432891845703e+00,-2.340313434600830078e+00
3.004989385604858398e+00,2.925559878349304199e-01
4.587748050689697266e+00,4.459525942802429199e-01
3.013949155807495117e+00,2.830874919891357422e-01
3.095317363739013672e+00,-1.877541095018386841e-01
3.712683916091918945e+00,5.811267495155334473e-01
4.086024761199951172e+00,-4.451072216033935547e-01
2.415953159332275391e+00,2.025985002517700195e+00
1.264324545860290527e+00,-7.254292070865631104e-02
4.386711120605468750e+00,1.794583916664123535e+00
1.953314542770385742e+00,4.144259691238403320e-01
2.008872032165527344e+00,2.424230098724365234e+00
4.069327414035797119e-01,4.667657852172851562e+00
3.072127342224121094e+00,1.459633231163024902e+00
4.807600975036621094e+00,8.279546499252319336e-01
1.626939773559570312e+00,2.609607219696044922e+00
1.790641307830810547e+00,6.846169233322143555e-01
2.281173229217529297e+00,1.004746437072753906e+00
3.821228742599487305e+00,1.855578064918518066e+00
2.076732158660888672e+00,5.483550429344177246e-01
4.724612712860107422e+00,9.426724910736083984e-01
9.836153984069824219e-01,2.463589191436767578e+00
4.253923892974853516e+00,-4.134185612201690674e-02
-1.408595323562622070e+00,6.376519680023193359e+00
2.735697925090789795e-01,4.347270965576171875e+00
2.983099937438964844e+00,1.826415777206420898e+00
2.894055604934692383e+00,8.286512494087219238e-01
6.294964551925659180e-01,1.574319154024124146e-01
7.005189657211303711e-01,3.801617324352264404e-01
9.799326062202453613e-01,3.877189159393310547e-01
4.201998233795166016e+00,9.100361466407775879e-01
3.350522518157958984e+00,6.097424030303955078e-01
2.390932798385620117e+00,1.534662485122680664e+00
5.221102714538574219e+00,1.136253118515014648e+00
1.723261117935180664e+00,1.044888734817504883e+00
3.859822511672973633e+00,1.292559623718261719e+00
4.655130863189697266e+00,1.033722877502441406e+00
3.315876722335815430e+00,2.533176898956298828e+00
3.745301008224487305e+00,5.705994963645935059e-01
5.371218681335449219e+00,1.285113811492919922e+00
3.066754579544067383e+00,1.745764017105102539e+00
2.371141910552978516e+00,7.461135387420654297e-01
4.307650566101074219e+00,1.216929435729980469e+00
5.462392807006835938e+00,1.222287714481353760e-01
3.812862157821655273e+00,1.046675324440002441e+00
4.200683116912841797e+00,1.051887273788452148e+00
1.980896234512329102e+00,1.008601665496826172e+00
4.629937171936035156e+00,4.805731177330017090e-01
2.079060316085815430e+00,-4.006210565567016602e-01
1.825841903686523438e+00,3.728583812713623047e+00
3.820580244064331055e+00,2.047264099121093750e+00
6.508971214294433594e+00,-6.557599902153015137e-01
4.058554172515869141e+00,3.528124988079071045e-01
1.895613193511962891e+00,1.090776681900024414e+00
3.510246753692626953e+00,1.328627586364746094e+00
1.688524007797241211e+00,2.071815013885498047e+00
6.688452363014221191e-01,-3.881978094577789307e-01
3.470812320709228516e+00,7.600928544998168945e-01
5.597287654876708984e+00,8.101407289505004883e-01
3.740870475769042969e+00,1.867529630661010742e+00
3.237040281295776367e+00,1.725195884704589844e+00
2.617838859558105469e+00,2.536230564117431641e+00
4.268467903137207031e+00,1.068862676620483398e+00
4.323183536529541016e+00,2.409374713897705078e+00
3.700618028640747070e+00,1.300796747207641602e+00
1.585919380187988281e+00,2.368761539459228516e+00
5.839874744415283203e-01,2.284469157457351685e-01
1.056061983108520508e+00,-5.059950351715087891e-01
2.850270509719848633e+00,6.030346751213073730e-01
3.176867246627807617e+00,4.767555296421051025e-01
4.459111690521240234e+00,1.096470594406127930e+00
2.138625383377075195e+00,1.393493115901947021e-01
2.042663574218750000e+00,3.020954608917236328e+00
4.270074844360351562e+00,5.436164736747741699e-01
-9.202039241790771484e-02,-3.634712696075439453e-01
3.459936380386352539e+00,8.582423925399780273e-01
6.352643966674804688e+00,-5.534608364105224609e-01
5.483436107635498047e+00,9.109715372323989868e-02
2.272925853729248047e+00,-3.926274478435516357e-01
2.403490781784057617e+00,2.745988845825195312e+00
2.737606763839721680e+00,5.158491134643554688e-01
2.654479026794433594e+00,4.925635457038879395e-01
2.974506378173828125e+00,1.945602893829345703e-01
2.991507530212402344e+00,1.850872874259948730e+00
4.297308444976806641e+00,1.073754787445068359e+00
3.196884989738464355e-01,-4.014233350753784180e-01
2.483861684799194336e+00,6.172603964805603027e-01
3.759309291839599609e+00,1.453383922576904297e+00
2.779789924621582031e+00,2.826350927352905273e-01
4.650118827819824219e+00,-8.859215676784515381e-02
3.507270812988281250e+00,1.638086438179016113e+00
1.688685417175292969e+00,3.893720209598541260e-01
4.912883281707763672e+00,2.672594189643859863e-01
3.873568534851074219e+00,1.102450132369995117e+00
1.331776082515716553e-01,8.136513829231262207e-02
2.384228110313415527e-01,-5.142154693603515625e-01
2.897383213043212891e+00,-3.412550687789916992e-01
1.847594976425170898e+00,2.717401504516601562e+00
1.481841802597045898e+00,4.152049064636230469e+00
4.003166198730468750e+00,7.821819782257080078e-01
4.373512744903564453e+00,1.056320905685424805e+00
2.564682245254516602e+00,5.316460132598876953e-01
2.501805543899536133e+00,3.169040083885192871e-01
5.949870109558105469e+00,-1.474458694458007812e+00
2.857599973678588867e+00,1.448336958885192871e+00
2.536523342132568359e+00,1.366187453269958496e+00
2.996211051940917969e+00,1.372100830078125000e+00
2.425599336624145508e+00,6.465011239051818848e-01
6.423304080963134766e-01,-3.577527105808258057e-01
3.789760112762451172e+00,7.735294848680496216e-02
1.695368528366088867e+00,2.213873386383056641e+00
2.361111879348754883e+00,6.392175555229187012e-01
2.831344366073608398e+00,1.183748245239257812e+00
6.223105192184448242e-01,-4.773505032062530518e-03
3.666330814361572266e+00,5.734779834747314453e-01
1.630023002624511719e+00,3.659532666206359863e-01
5.127998352050781250e+00,-7.825521826744079590e-01
3.000413417816162109e+00,1.469660282135009766e+00
2.986060142517089844e+00,1.348408222198486328e+00
2.362748146057128906e+00,3.245638847351074219e+00
-1.542091965675354004e-01,1.265035867691040039e+00
2.769205570220947266e+00,1.463462829589843750e+00
1.243617177009582520e+00,1.921103000640869141e+00
1.548447608947753906e+00,1.589955329895019531e+00
2.982689380645751953e+00,1.685595154762268066e+00
5.140054821968078613e-01,4.500420689582824707e-01
1.831585168838500977e+00,1.435109972953796387e+00
2.840159416198730469e+00,1.916005611419677734e+00
1.853777647018432617e+00,2.291355609893798828e+00
1.862062692642211914e+00,2.010442733764648438e+00
7.180461287498474121e-02,5.235781669616699219e+00
3.454919099807739258e+00,1.105491280555725098e+00
2.015833139419555664e+00,2.655565261840820312e+00
2.085602134466171265e-01,-2.594293355941772461e-01
2.686872720718383789e+00,3.277243077754974365e-01
2.467623949050903320e+00,6.041070818901062012e-01
4.512924194335937500e+00,-1.262162208557128906e+00
4.016331195831298828e+00,1.113958239555358887e+00
2.936289072036743164e+00,9.890708923339843750e-01
1.687344551086425781e+00,1.465143322944641113e+00
3.600679397583007812e+00,8.796604275703430176e-01
5.285531044006347656e+00,-6.386924982070922852e-01
3.221070289611816406e+00,1.216986298561096191e+00
2.859612941741943359e+00,3.241018652915954590e-01
4.759565353393554688e+00,3.132214844226837158e-01
3.159254312515258789e+00,4.759404659271240234e-01
6.269851207733154297e+00,-1.462799191474914551e+00
1.920981645584106445e+00,7.524430751800537109e-01
-1.176244318485260010e-01,7.197080135345458984e+00
4.292122364044189453e+00,1.191770672798156738e+00
2.941462278366088867e+00,-1.390191167593002319e-02
1.982966363430023193e-01,2.468237429857254028e-01
3.098848104476928711e+00,1.192624449729919434e+00
3.760160446166992188e+00,1.152037858963012695e+00
4.327602863311767578e+00,1.057232737541198730e+00
1.783235788345336914e+00,1.023675680160522461e+00
2.220710277557373047e+00,2.772538661956787109e+00
1.860956907272338867e+00,3.595836162567138672e+00
3.837053537368774414e+00,5.077561140060424805e-01
2.645771980285644531e+00,3.364229500293731689e-01
2.044620990753173828e+00,1.303016781806945801e+00
3.689465522766113281e+00,1.304597258567810059e+00
1.934061050415039062e+00,7.850937247276306152e-01
2.581231594085693359e+00,1.571445584297180176e+00
2.029941082000732422e+00,2.853217601776123047e+00
3.133116960525512695e+00,1.003188133239746094e+00
1.564410448074340820e+00,1.977702260017395020e+00
5.024423122406005859e+00,-3.783097565174102783e-01
-3.910079598426818848e-01,2.513922214508056641e+00
6.448408603668212891e+00,1.140011310577392578e+00
3.553265094757080078e+00,1.184319376945495605e+00
1.917365074157714844e+00,3.160418987274169922e+00
3.018570661544799805e+00,1.772542893886566162e-01
4.836515426635742188e+00,4.637898877263069153e-02
2.895095586776733398e+00,3.311830163002014160e-01
8.266059160232543945e-01,-5.109360814094543457e-02
1.860956907272338867e+00,3.595836162567138672e+00
3.764082908630371094e+00,1.313339233398437500e+00
3.747622489929199219e+00,9.891284704208374023e-01
2.501597404479980469e+00,1.055928707122802734e+00
3.798084497451782227e+00,1.385877966880798340e+00
4.260996341705322266e+00,9.650899171829223633e-01
-3.890314698219299316e-01,7.416923046112060547e+00
3.395622491836547852e+00,1.428158044815063477e+00
2.161402702331542969e+00,-3.194219470024108887e-01
4.028777599334716797e+00,1.862798810005187988e+00
2.942889213562011719e+00,3.963466882705688477e-01
6.560457944869995117e-01,-1.929203718900680542e-01
2.284554719924926758e+00,6.941452026367187500e-01
3.031047821044921875e+00,2.063173770904541016e+00
3.142229080200195312e+00,1.446629047393798828e+00
5.116107463836669922e-01,1.757352650165557861e-01
4.641088962554931641e+00,1.248398900032043457e+00
3.089473247528076172e+00,1.373311758041381836e+00
1.766624450683593750e+00,-4.853653311729431152e-01
6.870871782302856445e-01,6.094425678253173828e+00
2.976515531539916992e+00,2.569515109062194824e-01
1.043771028518676758e+00,-2.555936276912689209e-01
3.616481781005859375e+00,1.225489139556884766e+00
4.398787975311279297e+00,1.033801555633544922e+00
-2.056009769439697266e-01,6.277981758117675781e+00
3.174744606018066406e+00,1.428397893905639648e+00
3.084254264831542969e+00,1.602201163768768311e-01
8.649388551712036133e-01,2.546555399894714355e-01
3.388823986053466797e+00,3.431828320026397705e-01
-2.133529663085937500e+00,1.115468692779541016e+01
2.305415391921997070e+00,2.795445919036865234e+00
3.849309444427490234e+00,1.046810865402221680e+00
1.568043470382690430e+00,2.557946205139160156e+00
4.376806735992431641e+00,-1.078692227602005005e-01
1.580450057983398438e+00,2.506660461425781250e+00
1.269890069961547852e+00,4.721164226531982422e+00
1.723502159118652344e+00,1.275355517864227295e-01
2.106829881668090820e-01,8.322330117225646973e-01
2.684288263320922852e+00,4.015463590621948242e-01
2.560345411300659180e+00,1.147423267364501953e+00
3.673374414443969727e+00,1.084514617919921875e+00
3.217595815658569336e+00,1.126891732215881348e+00
2.614768028259277344e+00,1.313435435295104980e+00
5.824750661849975586e-02,6.378826141357421875e+00
4.053296566009521484e+00,-1.044636666774749756e-01
3.245088100433349609e+00,1.545156598091125488e+00
4.664730072021484375e+00,1.048817276954650879e+00
2.378021240234375000e+00,7.449921369552612305e-01
4.826135158538818359e+00,3.975102901458740234e-01
9.441380500793457031e-01,-2.576563656330108643e-01
8.709989190101623535e-01,2.530301570892333984e+00
3.338390588760375977e+00,1.412739396095275879e+00
1.069687485694885254e+00,-1.491475105285644531e-01
8.851114511489868164e-01,6.351752877235412598e-01
1.331829667091369629e+00,-2.758168578147888184e-01
3.844314813613891602e+00,1.712942957878112793e+00
5.501449704170227051e-01,3.067117691040039062e+00
-9.131748080253601074e-01,6.641972541809082031e+00
3.001277923583984375e+00,1.030330419540405273e+00
2.994347572326660156e+00,1.642453432083129883e+00
8.447222709655761719e-01,-3.480354696512222290e-02
3.226799011230468750e+00,4.832969307899475098e-01
2.544690847396850586e+00,6.298381090164184570e-01
2.733593463897705078e+00,1.450819492340087891e+00
2.248831510543823242e+00,2.562085688114166260e-01
5.044242858886718750e+00,1.982186794281005859e+00
1.614751100540161133e+00,-6.670262813568115234e-01
1.724259138107299805e+00,5.390638828277587891e+00
-8.503565192222595215e-01,9.012210845947265625e+00
3.948490381240844727e+00,9.609078168869018555e-01
2.311326742172241211e+00,2.047198295593261719e+00
2.207383155822753906e+00,4.299171566963195801e-01
1.986392736434936523e+00,1.148054242134094238e+00
1.687760591506958008e+00,3.156626701354980469e+00
3.541492700576782227e+00,1.055764794349670410e+00
2.096208572387695312e+00,1.085239529609680176e+00
4.817527770996093750e+00,3.678295910358428955e-01
2.334917306900024414e+00,1.294340372085571289e+00
3.088782310485839844e+00,8.058109283447265625e-01
4.546448230743408203e+00,1.507742762565612793e+00
3.969145298004150391e+00,9.053995013236999512e-01
3.211283385753631592e-01,5.971666574478149414e-01
1.062521219253540039e+00,3.668385982513427734e+00
2.582264661788940430e+00,3.017345964908599854e-01
7.758469581604003906e-01,9.222716838121414185e-02
2.340451002120971680e+00,1.551342159509658813e-01
3.130660772323608398e+00,1.645742356777191162e-01
-1.718174815177917480e-01,2.564296722412109375e+00
4.225581169128417969e+00,6.581775546073913574e-01
4.756739616394042969e+00,7.393732666969299316e-01
2.759403944015502930e+00,1.486380338668823242e+00
1.549238443374633789e+00,1.962248980998992920e-01
2.751078367233276367e+00,1.187596082687377930e+00
7.286293983459472656e+00,-4.963827133178710938e-01
3.979067087173461914e+00,1.690378308296203613e+00
2.974506378173828125e+00,1.945602893829345703e-01
5.904275894165039062e+00,1.005381345748901367e+00
7.195073604583740234e+00,-1.237242341041564941e+00
6.279363036155700684e-01,-2.553490102291107178e-01
4.202621459960937500e+00,8.686520457267761230e-01
7.436940670013427734e-01,-2.277802675962448120e-02
4.674961566925048828e+00,3.039409518241882324e-01
2.398826122283935547e+00,3.798773288726806641e-01
1.567776918411254883e+00,1.658393144607543945e+00
2.779789924621582031e+00,2.826350927352905273e-01
9.471563100814819336e-01,1.583347618579864502e-01
4.317745208740234375e+00,1.297694206237792969e+00
2.797392606735229492e+00,7.645999789237976074e-01
7.123336195945739746e-02,6.461558938026428223e-01
3.323706150054931641e+00,2.725863456726074219e+00
7.123336195945739746e-02,6.461558938026428223e-01
-1.200665235519409180e-01,1.499297767877578735e-01
3.386220216751098633e+00,3.086366653442382812e-01
3.620748519897460938e+00,1.370556712150573730e+00
2.398826122283935547e+00,3.798773288726806641e-01
4.328814983367919922e+00,-2.936182320117950439e-01
2.191372394561767578e+00,1.137765288352966309e+00
4.085713386535644531e+00,7.219462394714355469e-01
5.446010112762451172e+00,-1.428492546081542969e+00
2.644100427627563477e+00,4.765063822269439697e-01
1.636228561401367188e+00,2.773082256317138672e+00
2.566490411758422852e+00,1.531528085470199585e-01
3.427146434783935547e+00,1.097544074058532715e+00
3.013440132141113281e+00,2.595139503479003906e+00
3.205939292907714844e+00,1.027440428733825684e+00
5.192784070968627930e-01,-5.334599018096923828e-01
3.583230018615722656e+00,1.072368144989013672e+00
4.320875167846679688e+00,5.435513257980346680e-01
3.930713891983032227e+00,1.529172301292419434e+00
3.036531686782836914e+00,-1.015896081924438477e+00
3.202161073684692383e+00,1.728221178054809570e+00
-1.127960383892059326e-01,-6.557698249816894531e-01
3.719344854354858398e+00,1.539526224136352539e+00
3.075114786624908447e-01,-1.973625421524047852e-01
4.508064389228820801e-01,7.075478553771972656e+00
2.772425413131713867e+00,-2.216571867465972900e-01
1.985586434602737427e-01,-6.457496285438537598e-01
1.679965555667877197e-01,-3.986484408378601074e-01
2.110551834106445312e+00,3.541063308715820312e+00
2.227451950311660767e-01,-2.795071601867675781e-01
2.494723320007324219e+00,2.809820652008056641e+00
-1.596458435058593750e+00,7.345972537994384766e+00
3.128055095672607422e+00,2.795841395854949951e-01
2.435485839843750000e+00,5.804837346076965332e-01
5.255068540573120117e-01,-1.898064464330673218e-01
3.419951915740966797e+00,3.794042468070983887e-01
2.223941683769226074e-01,-1.177851408720016479e-01
1.681720256805419922e+00,5.374073386192321777e-01
2.555621385574340820e+00,9.392521977424621582e-01
1.724259138107299805e+00,5.390638828277587891e+00
2.195831537246704102e+00,2.807881355285644531e+00
4.202610015869140625e+00,1.859732419252395630e-01
1.128385782241821289e+00,3.837348461151123047e+00
6.730295419692993164e-01,5.589371919631958008e-01
7.503392696380615234e-01,-9.115403890609741211e-02
1.376188397407531738e-01,7.245504856109619141e+00
3.512580394744873047e+00,1.180269360542297363e+00
2.264000177383422852e+00,4.154667854309082031e+00
1.119752407073974609e+00,3.534410297870635986e-01
2.200837373733520508e+00,2.525127410888671875e+00
2.702039241790771484e+00,6.566573381423950195e-01
3.152727603912353516e+00,4.571573734283447266e-01
3.351241827011108398e+00,1.155330061912536621e+00
1.157748699188232422e+00,1.803910493850708008e+00
2.682211697101593018e-01,7.054246068000793457e-01
7.130567073822021484e+00,-9.841980934143066406e-01
1.939792633056640625e+00,1.755071878433227539e+00
2.705254554748535156e+00,1.545117735862731934e+00
3.335432708263397217e-01,2.080685794353485107e-01
2.467623949050903320e+00,6.041070818901062012e-01
5.119596481323242188e+00,1.363201618194580078e+00
3.719004392623901367e+00,1.115812420845031738e+00
6.294964551925659180e-01,1.574319154024124146e-01
2.176009893417358398e+00,3.908786296844482422e+00
-9.792451262474060059e-01,6.157790660858154297e+00
3.109299421310424805e+00,1.449449658393859863e+00
2.341154575347900391e+00,6.198853850364685059e-01
2.038689851760864258e+00,1.163021326065063477e+00
3.308877944946289062e+00,1.087330460548400879e+00
8.707880973815917969e-02,6.846342086791992188e+00
2.081303834915161133e+00,2.910446166992187500e+00
2.029941082000732422e+00,2.853217601776123047e+00
1.393268585205078125e+00,2.201276302337646484e+00
4.148722648620605469e+00,1.330344200134277344e+00
3.569684028625488281e+00,1.835900545120239258e+00
2.501597404479980469e+00,1.055928707122802734e+00
2.857491731643676758e+00,1.392686367034912109e+00
3.808658838272094727e+00,1.774301290512084961e+00
5.897942185401916504e-01,-9.285640716552734375e-02
1.001968741416931152e+00,2.248951435089111328e+00
3.217976331710815430e+00,4.994297027587890625e-01
1.782266139984130859e+00,8.667652010917663574e-01
2.389136314392089844e+00,2.904450297355651855e-01
3.388349771499633789e+00,1.268307805061340332e+00
-4.307838678359985352e-01,6.045305132865905762e-01
1.613811969757080078e+00,6.940799951553344727e-01
2.972842454910278320e+00,4.196064174175262451e-01
2.054434537887573242e+00,2.617130875587463379e-01
1.559713840484619141e+00,3.686981678009033203e+00
7.187583446502685547e-01,-3.713443279266357422e-01
2.647256135940551758e+00,1.024720191955566406e+00
3.809948444366455078e+00,1.387748003005981445e+00
-7.014431357383728027e-01,6.168635368347167969e+00
3.238205432891845703e+00,1.715906023979187012e+00
3.700731515884399414e+00,4.790139198303222656e-01
1.909422874450683594e+00,6.105997562408447266e-01
1.677593469619750977e+00,5.995329022407531738e-01
-3.910079598426818848e-01,2.513922214508056641e+00
7.949239015579223633e-01,2.650415152311325073e-02
1.537607908248901367e+00,1.565189242362976074e+00
1.681720256805419922e+00,5.374073386192321777e-01
3.222439050674438477e+00,1.691586852073669434e+00
2.085750818252563477e+00,4.873885810375213623e-01
2.712177753448486328e+00,1.777654290199279785e-01
3.760910272598266602e+00,7.306283116340637207e-01
3.105884075164794922e+00,1.795839786529541016e+00
1.630915403366088867e+00,1.335409879684448242e-01
3.696816444396972656e+00,1.151444077491760254e+00
2.800827264785766602e+00,1.103241086006164551e+00
4.343847751617431641e+00,-1.544731557369232178e-01
4.738911151885986328e+00,1.141775846481323242e+00
3.483434200286865234e+00,1.460801839828491211e+00
4.710275650024414062e+00,1.192048907279968262e+00
1.793993473052978516e+00,2.572773456573486328e+00
2.581952333450317383e+00,3.679527342319488525e-01
3.131752014160156250e-01,4.610218405723571777e-01
4.639684677124023438e+00,-1.398793578147888184e+00
2.524581909179687500e+00,1.106565713882446289e+00
1.942175388336181641e+00,6.791634559631347656e-01
9.145982861518859863e-01,-7.045689970254898071e-02
2.072387695312500000e+00,2.916294574737548828e+00
2.220540761947631836e+00,2.349896907806396484e+00
4.365669250488281250e+00,5.949909090995788574e-01
5.561478614807128906e+00,-4.839362502098083496e-01
-8.503565192222595215e-01,9.012210845947265625e+00
2.140378952026367188e+00,2.888353824615478516e+00
3.995371103286743164e+00,1.605460286140441895e+00
3.100899934768676758e+00,3.958224356174468994e-01
2.193609237670898438e+00,6.538465619087219238e-01
6.405670642852783203e-01,-2.011112421751022339e-01
1.414021253585815430e+00,3.911186695098876953e+00
4.741917133331298828e+00,-5.780801177024841309e-01
2.324852466583251953e+00,2.011779785156250000e+00
2.787989616394042969e+00,2.083171367645263672e+00
1.468832254409790039e+00,1.615045905113220215e+00
5.947454571723937988e-01,1.500520557165145874e-01
1.348022222518920898e+00,4.786674499511718750e+00
1.219012260437011719e+00,4.809308946132659912e-01
8.296233415603637695e-01,4.465389996767044067e-02
3.599923849105834961e-01,-1.362683624029159546e-01
1.732436656951904297e+00,1.694504141807556152e+00
1.630023002624511719e+00,3.659532666206359863e-01
2.545579195022583008e+00,-6.313154101371765137e-01
5.280778884887695312e+00,1.716037631034851074e+00
2.232090473175048828e+00,2.584602832794189453e+00
6.890065193176269531e+00,-1.920306444168090820e+00
6.909581184387207031e+00,1.861386001110076904e-03
5.936762690544128418e-01,4.872766017913818359e+00
2.447540521621704102e+00,4.971364736557006836e-01
1.432907581329345703e+00,-5.541853308677673340e-01
2.479116678237915039e+00,3.414480686187744141e+00
-4.974452257156372070e-01,-1.885294765233993530e-01
5.701034545898437500e+00,1.270502924919128418e+00
3.857162714004516602e+00,1.720393300056457520e+00
2.604410648345947266e+00,1.292221069335937500e+00
2.264387130737304688e+00,2.726663589477539062e+00
2.300705432891845703e+00,5.669453144073486328e-01
5.756296634674072266e+00,8.802365660667419434e-01
6.357451438903808594e+00,-5.390639901161193848e-01
3.464797019958496094e+00,1.132257938385009766e+00
3.948907613754272461e+00,6.020935773849487305e-01
2.862712621688842773e+00,3.804078400135040283e-01
3.979067087173461914e+00,1.690378308296203613e+00
2.403490781784057617e+00,2.745988845825195312e+00
9.278297424316406250e-01,-3.498779237270355225e-01
2.361133337020874023e+00,-1.560977697372436523e-01
2.220710277557373047e+00,2.772538661956787109e+00
1.208882689476013184e+00,2.517137050628662109e+00
3.286680221557617188e+00,2.094040393829345703e+00
2.193285465240478516e+00,7.989521026611328125e-01
2.256999015808105469e+00,-3.752319514751434326e-02
3.066571474075317383e+00,2.102749824523925781e+00
1.536364078521728516e+00,2.338732719421386719e+00
4.457779407501220703e+00,8.993218541145324707e-01
2.547135114669799805e+00,4.231963634490966797e+00
5.703493952751159668e-01,-3.819565474987030029e-01
3.077400922775268555e+00,4.393702149391174316e-01
1.303122520446777344e+00,2.351188182830810547e+00
3.199198722839355469e+00,1.648525834083557129e+00
1.680295467376708984e+00,9.165538549423217773e-01
2.244243383407592773e+00,9.389054030179977417e-03
2.058714866638183594e+00,4.169610142707824707e-01
4.309931099414825439e-01,7.241519689559936523e-01
1.107813119888305664e+00,4.504412651062011719e+00
2.441051959991455078e+00,3.438158035278320312e-01
3.199095726013183594e+00,2.364366501569747925e-01
8.192983865737915039e-01,-2.492200434207916260e-01
2.751611232757568359e+00,3.432016849517822266e+00
1.705047369003295898e+00,4.656946957111358643e-01
6.218907833099365234e+00,-1.860696434974670410e+00
4.288321971893310547e+00,1.424405455589294434e+00
1.826724529266357422e+00,2.123893260955810547e+00
3.190552949905395508e+00,1.905554294586181641e+00
5.674680709838867188e+00,1.318992137908935547e+00
2.274652004241943359e+00,3.475319862365722656e+00
1.769877672195434570e+00,1.194271802902221680e+00
4.127044975757598877e-01,-7.466316223144531250e-01
4.518675327301025391e+00,1.161312460899353027e+00
4.647084236145019531e+00,1.167909264564514160e+00
4.200683116912841797e+00,1.051887273788452148e+00
2.045475959777832031e+00,4.463588893413543701e-01
3.948907613754272461e+00,6.020935773849487305e-01
3.034750223159790039e+00,1.108314037322998047e+00
3.571211814880371094e+00,7.830068469047546387e-01
5.222268104553222656e+00,-5.894094705581665039e-01
2.297619819641113281e+00,3.012463569641113281e+00
2.672223567962646484e+00,4.125455319881439209e-01
1.532496452331542969e+00,4.545745372772216797e+00
2.866099357604980469e+00,2.300748348236083984e+00
3.798084497451782227e+00,1.385877966880798340e+00
2.274748563766479492e+00,-5.781725645065307617e-01
3.070659160614013672e+00,4.396863877773284912e-01
1.900063037872314453e+00,1.890150308609008789e+00
1.018684959411621094e+01,-5.944416522979736328e+00
3.016572475433349609e+00,1.348154306411743164e+00
3.146073341369628906e+00,2.131612300872802734e+00
3.745301008224487305e+00,5.705994963645935059e-01
2.317092895507812500e+00,1.026362895965576172e+00
3.944145202636718750e+00,7.170835137367248535e-01
4.332516193389892578e+00,-9.670026302337646484e-01
-1.386519908905029297e+00,7.818304538726806641e+00
2.313413619995117188e+00,3.611862063407897949e-01
2.856848239898681641e-01,-6.137518882751464844e-01
1.538338184356689453e+00,8.309611678123474121e-01
2.105611324310302734e+00,-1.204205751419067383e-01
5.207955360412597656e+00,-4.897502064704895020e-01
2.334917306900024414e+00,1.294340372085571289e+00
3.942090988159179688e+00,4.911041855812072754e-01
4.338921546936035156e+00,5.774114131927490234e-01
2.711190223693847656e+00,3.728909194469451904e-01
2.087729454040527344e+00,9.399895668029785156e-01
2.080192804336547852e+00,2.229783058166503906e+00
4.849202632904052734e+00,-7.126905322074890137e-01
4.503452777862548828e+00,1.144739270210266113e+00
2.595198869705200195e+00,1.868573784828186035e+00
3.459936380386352539e+00,8.582423925399780273e-01
2.125598192214965820e+00,1.174525499343872070e+00
3.910661458969116211e+00,1.459253311157226562e+00
4.024236679077148438e+00,1.244170904159545898e+00
4.280999183654785156e+00,9.844849109649658203e-01
3.747622489929199219e+00,9.891284704208374023e-01
4.687639713287353516e+00,7.513036727905273438e-01
2.322831392288208008e+00,5.098976492881774902e-01
2.139310538768768311e-01,-3.843130916357040405e-02
2.934793233871459961e+00,1.844963580369949341e-01
6.956955432891845703e+00,-2.340313434600830078e+00
2.799473285675048828e+00,-1.934700131416320801e+00
8.184437751770019531e-01,4.995222389698028564e-02
4.204378604888916016e+00,1.061056733131408691e+00
1.232630491256713867e+00,3.939028739929199219e+00
-1.186749696731567383e+00,6.879186153411865234e+00
2.404110908508300781e+00,2.393286705017089844e+00
2.769205570220947266e+00,1.463462829589843750e+00
3.110423326492309570e+00,2.110818386077880859e+00
4.633111476898193359e+00,6.639214754104614258e-01
-5.589719414710998535e-01,6.291388034820556641e+00
4.298736095428466797e+00,1.335442423820495605e+00
2.933062553405761719e+00,2.163142681121826172e+00
1.614751100540161133e+00,-6.670262813568115234e-01
1.334258317947387695e+00,3.575128555297851562e+00
3.591719627380371094e+00,1.918751478195190430e+00
1.026060223579406738e+00,1.420240104198455811e-02
2.888682365417480469e+00,1.906964302062988281e+00
2.058714866638183594e+00,4.169610142707824707e-01
2.177223682403564453e+00,2.691862106323242188e+00
2.787088751792907715e-01,-8.846426010131835938e-02
3.066754579544067383e+00,1.745764017105102539e+00
3.577205181121826172e+00,1.363819718360900879e+00
2.890170812606811523e+00,1.245135426521301270e+00
3.584495306015014648e+00,1.341702461242675781e+00
4.939220905303955078e+00,8.335059285163879395e-01
-1.439762711524963379e-01,-6.773765683174133301e-01
4.036456584930419922e+00,6.040204763412475586e-01
6.020531058311462402e-02,4.885292053222656250e+00
3.320977449417114258e+00,6.629917025566101074e-02
3.899276733398437500e+00,4.263417422771453857e-01
3.271272897720336914e+00,1.991395592689514160e+00
2.083222866058349609e+00,1.320846557617187500e+00
3.276057958602905273e+00,1.474606752395629883e+00
2.846786499023437500e+00,1.260736942291259766e+00
2.445032119750976562e+00,3.226893901824951172e+00
3.689005851745605469e+00,3.734630346298217773e-01
2.629369258880615234e+00,-1.360278129577636719e+00
-1.894350051879882812e-01,-4.539312720298767090e-01
4.517737030982971191e-02,-5.606973916292190552e-02
4.362260818481445312e+00,3.472002148628234863e-01
3.791527271270751953e+00,9.955189824104309082e-01
7.761131286621093750e+00,-1.132720589637756348e+00
2.694752931594848633e+00,5.325465202331542969e-01
2.890247106552124023e+00,6.924595236778259277e-01
2.859612941741943359e+00,3.241018652915954590e-01
2.277630329132080078e+00,6.275743246078491211e-01
1.074721693992614746e+00,2.369316101074218750e+00
1.131717681884765625e+00,1.723866164684295654e-02
3.463669776916503906e+00,1.360564470291137695e+00
8.956086635589599609e-02,-1.007222086191177368e-01
1.707477331161499023e+00,-5.665885657072067261e-02
4.491786479949951172e+00,5.015646219253540039e-01
4.126057624816894531e+00,9.530028700828552246e-01
3.315455198287963867e+00,1.827907800674438477e+00
2.862571477890014648e+00,5.113102495670318604e-02
4.193984985351562500e+00,1.181868195533752441e+00
4.485645771026611328e+00,-3.927956223487854004e-01
4.086024761199951172e+00,-4.451072216033935547e-01
2.857582330703735352e+00,1.195037603378295898e+00
5.495444297790527344e+00,1.084229707717895508e+00
3.251986980438232422e+00,1.313401699066162109e+00
4.036456584930419922e+00,6.040204763412475586e-01
1.433738619089126587e-01,-9.518161416053771973e-02
3.054801464080810547e+00,3.921925127506256104e-01
2.662090539932250977e+00,1.475584268569946289e+00
4.809371948242187500e+00,1.141826987266540527e+00
2.917428016662597656e+00,6.284618377685546875e-01
2.988469362258911133e+00,1.508951783180236816e+00
3.095753192901611328e-01,-6.283093094825744629e-01
4.750922203063964844e+00,7.201667428016662598e-01
3.246107816696166992e+00,6.163032650947570801e-01
2.303046703338623047e+00,1.791919320821762085e-01
1.755755096673965454e-01,-4.852758049964904785e-01
3.624232769012451172e+00,2.894223928451538086e-01
2.374609947204589844e+00,1.920951247215270996e+00
5.207955360412597656e+00,-4.897502064704895020e-01
3.888743400573730469e+00,1.082052469253540039e+00
-1.324464559555053711e+00,2.092429637908935547e+00
1.575185775756835938e+00,3.530648231506347656e+00
2.588989973068237305e+00,3.014364242553710938e-01
1.678946256637573242e+00,4.390001296997070312e-01
3.082900047302246094e+00,9.104832410812377930e-01
2.172314167022705078e+00,2.627398490905761719e+00
-1.405977725982666016e+00,7.419584274291992188e+00
4.317745208740234375e+00,1.297694206237792969e+00
3.214481830596923828e+00,1.727706551551818848e+00
2.045721530914306641e+00,7.626002281904220581e-02
4.950455188751220703e+00,1.169838070869445801e+00
2.109062671661376953e+00,6.632283926010131836e-01
1.378614187240600586e+00,6.421071887016296387e-01
1.849449396133422852e+00,3.012210369110107422e+00
3.434036254882812500e+00,6.778913736343383789e-01
3.557848215103149414e+00,1.063278079032897949e+00
3.085148811340332031e+00,1.541859149932861328e+00
4.253322184085845947e-01,6.982771396636962891e+00
3.787329912185668945e+00,1.762209057807922363e+00
3.226799011230468750e+00,4.832969307899475098e-01
4.234869480133056641e+00,1.121804594993591309e+00
6.644130706787109375e+00,9.371539950370788574e-02
5.495444297790527344e+00,1.084229707717895508e+00
3.421006202697753906e+00,1.494290083646774292e-01
9.963262677192687988e-01,-2.520034611225128174e-01
3.634438216686248779e-01,-2.092904746532440186e-01
4.618384838104248047e+00,9.637880921363830566e-01
-1.150687336921691895e-01,-4.914940595626831055e-01
3.513628482818603516e+00,1.497145175933837891e+00
5.674680709838867188e+00,1.318992137908935547e+00
1.550179958343505859e+00,5.134963035583496094e+00
3.263166189193725586e+00,1.430826783180236816e-01
2.522550582885742188e+00,1.239464208483695984e-01
1.545296669006347656e+00,2.543115615844726562e+00
1.579882144927978516e+00,2.787848949432373047e+00
7.455859661102294922e+00,-1.189373970031738281e+00
3.304387569427490234e+00,2.859994769096374512e-03
5.376720905303955078e+00,-3.372240662574768066e-01
4.049598217010498047e+00,8.696113824844360352e-01
3.136234283447265625e+00,1.554873585700988770e+00
1.697605848312377930e+00,2.720149993896484375e+00
5.300184249877929688e+00,9.417112469673156738e-01
3.794170856475830078e+00,1.177141547203063965e+00
1.285254955291748047e+00,3.437887668609619141e+00
4.153907775878906250e+00,6.908788681030273438e-01
2.306925773620605469e+00,4.547839462757110596e-01
2.291695356369018555e+00,9.158865213394165039e-01
4.621666908264160156e+00,4.432500600814819336e-01
-3.251732587814331055e-01,1.473308056592941284e-01
2.857847213745117188e+00,2.708909511566162109e-01
2.342872142791748047e+00,9.770543575286865234e-01
2.939866304397583008e+00,1.394687294960021973e+00
1.670352458953857422e+00,4.252032279968261719e+00
2.720767974853515625e+00,2.578419685363769531e+00
1.745802164077758789e+00,9.960314631462097168e-01
6.536480188369750977e-01,-1.465354710817337036e-01
1.611369848251342773e+00,1.723450541496276855e+00
4.409164905548095703e+00,-8.767361640930175781e-01
5.425944328308105469e+00,6.701449155807495117e-01
7.472461462020874023e-01,6.794388890266418457e-01
6.269851207733154297e+00,-1.462799191474914551e+00
1.853777647018432617e+00,2.291355609893798828e+00
8.389583826065063477e-01,-1.689304113388061523e-01
3.297773838043212891e+00,1.155542373657226562e+00
4.135767459869384766e+00,-6.666988134384155273e-02
3.190552949905395508e+00,1.905554294586181641e+00
1.559713840484619141e+00,3.686981678009033203e+00
1.293060541152954102e+00,1.989999294281005859e+00
5.229592800140380859e+00,1.549761295318603516e-01
2.752551794052124023e+00,3.446039557456970215e-01
4.614318847656250000e+00,1.308466315269470215e+00
3.425135374069213867e+00,1.597112774848937988e+00
2.363989353179931641e+00,2.992539405822753906e+00
2.552657842636108398e+00,1.384560823440551758e+00
2.622410297393798828e+00,2.235921859741210938e+00
9.600962400436401367e-01,-8.582629263401031494e-02
1.566724061965942383e+00,1.821786403656005859e+00
3.027860403060913086e+00,1.700809359550476074e+00
2.041706562042236328e+00,3.104677677154541016e+00
4.052617549896240234e+00,1.239195227622985840e+00
2.270972967147827148e+00,1.135353222489356995e-01
3.428595304489135742e+00,1.540940880775451660e+00
8.707880973815917969e-02,6.846342086791992188e+00
3.439079999923706055e+00,4.054067432880401611e-01
4.338921546936035156e+00,5.774114131927490234e-01
1.602761507034301758e+00,3.409127712249755859e+00
2.274652004241943359e+00,3.475319862365722656e+00
2.101237535476684570e+00,5.369035005569458008e-01
1.669295072555541992e+00,1.651312470436096191e+00
2.223941683769226074e-01,-1.177851408720016479e-01
3.414026737213134766e+00,1.541200399398803711e+00
3.507090806961059570e+00,1.254565834999084473e+00
3.029416799545288086e+00,2.262170314788818359e+00
4.950455188751220703e+00,1.169838070869445801e+00
1.868534803390502930e+00,1.545565605163574219e+00
6.892090797424316406e+00,-5.465249061584472656e+00
3.093432903289794922e+00,3.976025283336639404e-01
2.131374835968017578e+00,3.588913381099700928e-01
3.323706150054931641e+00,2.725863456726074219e+00
3.276393413543701172e+00,1.978345751762390137e+00
2.367734909057617188e+00,4.152190089225769043e-01
2.621480226516723633e+00,2.418591976165771484e+00
3.652323722839355469e+00,1.213861942291259766e+00
2.125598192214965820e+00,1.174525499343872070e+00
3.315876722335815430e+00,2.533176898956298828e+00
3.553919076919555664e+00,7.795096635818481445e-01
3.823041677474975586e+00,7.116874456405639648e-01
9.145982861518859863e-01,-7.045689970254898071e-02
2.497967481613159180e+00,1.420871019363403320e+00
7.792762517929077148e-01,9.793059527873992920e-02
-1.439762711524963379e-01,-6.773765683174133301e-01
3.001277923583984375e+00,1.030330419540405273e+00
3.084541797637939453e+00,2.706447124481201172e+00
2.296230077743530273e+00,9.165626168251037598e-01
1.855142831802368164e+00,2.902145862579345703e+00
3.090063571929931641e+00,2.110923767089843750e+00
2.041706562042236328e+00,3.104677677154541016e+00
8.120678663253784180e-01,-2.428102493286132812e-01
2.440250396728515625e+00,2.012358665466308594e+00
3.859822511672973633e+00,1.292559623718261719e+00
2.865973472595214844e+00,1.540084123611450195e+00
4.764532089233398438e+00,1.159880995750427246e+00
2.537982940673828125e+00,4.798023402690887451e-01
3.483923375606536865e-01,3.046883940696716309e-01
2.939866304397583008e+00,1.394687294960021973e+00
4.028777599334716797e+00,1.862798810005187988e+00
4.041708469390869141e+00,1.100140571594238281e+00
3.724194765090942383e+00,2.943458557128906250e-01
3.238205432891845703e+00,1.715906023979187012e+00
5.099082946777343750e+00,1.176720932126045227e-01
2.247423410415649414e+00,9.058565497398376465e-01
2.311453104019165039e+00,2.858394622802734375e+00
1.691034555435180664e+00,9.216265082359313965e-01
2.581407546997070312e+00,4.070706844329833984e+00
2.843613386154174805e+00,1.284791469573974609e+00
2.684517145156860352e+00,3.457734584808349609e-01
1.250293850898742676e+00,-3.950229883193969727e-01
2.594665765762329102e+00,2.824224829673767090e-01
2.304070234298706055e+00,2.989620208740234375e+00
2.437146425247192383e+00,2.374586582183837891e+00
5.127998352050781250e+00,-7.825521826744079590e-01
4.147854328155517578e+00,1.104139566421508789e+00
2.588515996932983398e+00,1.440547823905944824e+00
3.837053537368774414e+00,5.077561140060424805e-01
1.816736698150634766e+00,3.287017345428466797e+00
1.107813119888305664e+00,4.504412651062011719e+00
2.188039541244506836e+00,6.475028395652770996e-01
3.202161073684692383e+00,1.728221178054809570e+00
2.561041355133056641e+00,4.844695627689361572e-01
2.829065322875976562e+00,1.672554969787597656e+00
1.651062011718750000e+00,9.653546661138534546e-02
2.605854749679565430e+00,4.519008994102478027e-01
2.488153219223022461e+00,3.856959939002990723e-01
3.483923375606536865e-01,3.046883940696716309e-01
2.332764565944671631e-01,-2.615846395492553711e-01
3.493579149246215820e+00,1.464778065681457520e+00
2.588989973068237305e+00,3.014364242553710938e-01
1.723502159118652344e+00,1.275355517864227295e-01
1.417304277420043945e+00,2.191761016845703125e+00
4.355425238609313965e-01,-3.904925584793090820e-01
4.496121883392333984e+00,1.273241639137268066e+00
2.492345333099365234e+00,1.148918986320495605e+00
5.701034545898437500e+00,1.270502924919128418e+00
2.580295324325561523e+00,4.075357913970947266e+00
3.301108598709106445e+00,8.826541304588317871e-01
5.030227661132812500e+00,9.973128139972686768e-02
2.860885620117187500e+00,4.679748117923736572e-01
4.221772193908691406e+00,1.856699436902999878e-01
3.742118358612060547e+00,9.733572602272033691e-01
2.800827264785766602e+00,1.103241086006164551e+00
2.256999015808105469e+00,-3.752319514751434326e-02
1.686164379119873047e+00,2.406830310821533203e+00
-5.874974131584167480e-01,-6.247550249099731445e-01
3.018570661544799805e+00,1.772542893886566162e-01
2.981459498405456543e-01,5.112096309661865234e+00
1.685543298721313477e+00,3.218303203582763672e+00
3.137114048004150391e+00,2.986946105957031250e-01
1.018684959411621094e+01,-5.944416522979736328e+00
4.041806221008300781e+00,1.084643721580505371e+00
4.849202632904052734e+00,-7.126905322074890137e-01
3.698528051376342773e+00,1.312396645545959473e+00
3.119322061538696289e+00,1.600659132003784180e+00
4.032895565032958984e+00,1.377731323242187500e+00
3.067237138748168945e-02,4.263558089733123779e-01
4.323379516601562500e+00,3.884294033050537109e-01
6.403363704681396484e+00,-7.674570679664611816e-01
1.878593921661376953e+00,-7.015601396560668945e-01
1.414021253585815430e+00,3.911186695098876953e+00
5.330551624298095703e+00,-1.302536964416503906e+00
2.976515531539916992e+00,2.569515109062194824e-01
2.831344366073608398e+00,1.183748245239257812e+00
1.552833318710327148e+00,1.692528128623962402e+00
7.608081698417663574e-01,-5.145363211631774902e-01
2.045475959777832031e+00,4.463588893413543701e-01
2.128325223922729492e+00,2.627218246459960938e+00
2.622410297393798828e+00,2.235921859741210938e+00
9.600962400436401367e-01,-8.582629263401031494e-02
1.732436656951904297e+00,1.694504141807556152e+00
2.195236206054687500e+00,1.005988001823425293e+00
1.800480365753173828e+00,3.851613521575927734e+00
2.303046703338623047e+00,1.791919320821762085e-01
3.553919076919555664e+00,7.795096635818481445e-01
1.567902803421020508e+00,-3.235557377338409424e-01
1.232612252235412598e+00,-5.612479895353317261e-02
1.814948558807373047e+00,2.988247871398925781e+00
2.887362003326416016e+00,8.379420638084411621e-01
2.869418621063232422e+00,8.442865610122680664e-01
1.826434433460235596e-01,4.911135673522949219e+00
2.226265668869018555e+00,2.577276229858398438e+00
2.218706846237182617e+00,1.498326897621154785e+00
2.049941539764404297e+00,1.005976319313049316e+00
1.579564094543457031e+00,2.582964897155761719e-01
4.173021793365478516e+00,8.618347048759460449e-01
2.724452495574951172e+00,1.248877048492431641e+00
3.593330621719360352e+00,1.083782076835632324e+00
3.451368331909179688e+00,1.148998260498046875e+00
1.773743391036987305e+00,1.486258864402770996e+00
2.934793233871459961e+00,1.844963580369949341e-01
3.253993511199951172e+00,7.369044423103332520e-01
2.988469362258911133e+00,1.508951783180236816e+00
3.685271263122558594e+00,1.160936355590820312e+00
5.044242858886718750e+00,1.982186794281005859e+00
1.697349071502685547e+00,3.607747554779052734e+00
4.926132559776306152e-01,4.861321926116943359e+00
1.940227270126342773e+00,2.345548629760742188e+00
4.725383758544921875e+00,1.204471826553344727e+00
5.369029521942138672e+00,5.633828043937683105e-02
4.755951404571533203e+00,9.246208667755126953e-01
1.208882689476013184e+00,2.517137050628662109e+00
-6.682429909706115723e-01,8.033530235290527344e+00
2.562657117843627930e+00,2.101074218750000000e+00
4.087193965911865234e+00,6.909791231155395508e-01
3.688602209091186523e+00,6.813118457794189453e-01
1.533663272857666016e+00,-9.525392651557922363e-01
3.313045978546142578e+00,6.103113293647766113e-01
3.657754063606262207e-01,-4.512985348701477051e-01
7.015615105628967285e-01,-5.226035118103027344e-01
5.295680046081542969e+00,1.030678510665893555e+00
1.809423923492431641e+00,8.670760989189147949e-01
4.216606616973876953e+00,1.391969799995422363e+00
4.602247714996337891e+00,4.934006035327911377e-01
3.268647193908691406e+00,4.244787991046905518e-01
2.250176191329956055e+00,-3.514579236507415771e-01
3.312420845031738281e+00,1.628110527992248535e+00
3.851884841918945312e+00,8.500103950500488281e-01
3.749864578247070312e+00,9.004939794540405273e-01
5.140281200408935547e+00,4.890868961811065674e-01
3.393174171447753906e+00,1.485552787780761719e+00
2.890031099319458008e+00,1.148496627807617188e+00
3.384586334228515625e+00,1.400530040264129639e-01
5.169126987457275391e+00,1.001577377319335938e+00
6.056404709815979004e-01,6.509530544281005859e+00
4.176668822765350342e-01,1.933114826679229736e-01
3.408530473709106445e+00,1.304600119590759277e+00
1.988190889358520508e+00,7.186414599418640137e-01
6.434621334075927734e+00,1.185186624526977539e+00
3.532577276229858398e+00,-7.183578610420227051e-01
5.412123799324035645e-01,-3.376353085041046143e-01
1.762531042098999023e+00,4.219399929046630859e+00
3.876193046569824219e+00,1.700485587120056152e+00
1.712241411209106445e+00,4.807542860507965088e-01
4.017158985137939453e+00,1.334873318672180176e+00
1.897391080856323242e+00,2.383621215820312500e+00
6.351801872253417969e+00,1.983190476894378662e-01
4.554615497589111328e+00,-9.209586381912231445e-01
9.739972352981567383e-01,-4.898356795310974121e-01
3.969145298004150391e+00,9.053995013236999512e-01
3.091327428817749023e+00,1.618993163108825684e+00
3.076764106750488281e+00,1.133820176124572754e+00
1.433738619089126587e-01,-9.518161416053771973e-02
5.861266136169433594e+00,9.831345081329345703e-01
2.193609237670898438e+00,6.538465619087219238e-01
1.642204761505126953e+00,2.292881488800048828e+00
3.438477039337158203e+00,9.146174788475036621e-01
6.433618545532226562e+00,-1.697723984718322754e+00
4.134212970733642578e+00,6.517706513404846191e-01
3.076764106750488281e+00,1.133820176124572754e+00
3.113576650619506836e+00,-9.964829683303833008e-01
3.024132728576660156e+00,1.569333076477050781e+00
2.523595809936523438e+00,1.695945024490356445e+00
3.236365795135498047e+00,-1.717598140239715576e-01
6.029139041900634766e+00,6.439616084098815918e-01
2.924726009368896484e+00,1.100747823715209961e+00
2.616162538528442383e+00,1.335002183914184570e+00
1.358856558799743652e+00,1.938120365142822266e+00
3.216108798980712891e+00,3.588340580463409424e-01
2.264387130737304688e+00,2.726663589477539062e+00
2.012235224246978760e-01,5.257681846618652344e+00
1.313140153884887695e+00,4.867983341217041016e+00
5.209680557250976562e+00,4.724456071853637695e-01
2.822372674942016602e+00,6.943911910057067871e-01
4.342452049255371094e+00,1.146801590919494629e+00
4.864478111267089844e+00,4.855661094188690186e-01
3.592869281768798828e+00,1.573600530624389648e+00
3.605470418930053711e+00,1.854197382926940918e+00
3.759117841720581055e+00,8.022491931915283203e-01
3.430553376674652100e-01,-9.521104097366333008e-01
4.849168062210083008e-01,3.789117559790611267e-02
7.547669410705566406e+00,-1.004202514886856079e-01
2.751611232757568359e+00,3.432016849517822266e+00
3.425135374069213867e+00,1.597112774848937988e+00
7.350794315338134766e+00,-1.229876756668090820e+00
7.768294334411621094e+00,-2.164294242858886719e+00
1.612056732177734375e+00,4.165417194366455078e+00
5.564948558807373047e+00,5.181585252285003662e-02
5.646556377410888672e+00,-1.481979727745056152e+00
2.757414579391479492e+00,3.699194431304931641e+00
5.638287544250488281e+00,-4.219780266284942627e-01
3.036531686782836914e+00,-1.015896081924438477e+00
-5.666162967681884766e-01,1.119573116302490234e+00
4.202610015869140625e+00,1.859732419252395630e-01
2.089607238769531250e+00,1.211674213409423828e+00
4.245486736297607422e+00,7.561972737312316895e-01
4.970244884490966797e+00,1.205147147178649902e+00
7.537148475646972656e+00,-2.064072132110595703e+00
3.942458152770996094e+00,1.845985770225524902e+00
4.145535469055175781e+00,1.271914958953857422e+00
4.973892211914062500e+00,1.097744464874267578e+00
4.875057220458984375e+00,-3.237829357385635376e-02
2.101237535476684570e+00,5.369035005569458008e-01
-2.275722742080688477e+00,9.585769653320312500e+00
2.941858768463134766e+00,2.121346950531005859e+00
6.772676706314086914e-01,-1.830101609230041504e-01
7.910503149032592773e-01,-7.333806753158569336e-01
2.731941938400268555e+00,2.822173535823822021e-01
2.772814512252807617e+00,1.920783966779708862e-01
7.768294334411621094e+00,-2.164294242858886719e+00
3.024132728576660156e+00,1.569333076477050781e+00
2.873337268829345703e+00,7.629410922527313232e-02
3.800517320632934570e+00,1.038234949111938477e+00
2.528000116348266602e+00,8.810362219810485840e-01
1.978405475616455078e+00,2.625215053558349609e+00
1.251891851425170898e-01,4.610908031463623047e+00
5.161241531372070312e+00,-7.575771808624267578e-01
4.009866714477539062e+00,1.171806693077087402e+00
3.791527271270751953e+00,9.955189824104309082e-01
7.618647217750549316e-01,2.957315444946289062e+00
2.072387695312500000e+00,2.916294574737548828e+00
2.684288263320922852e+00,4.015463590621948242e-01
-9.202039241790771484e-02,-3.634712696075439453e-01
2.675757884979248047e+00,1.861220717430114746e+00
2.733135700225830078e+00,3.418484628200531006e-01
4.571737766265869141e+00,1.104815959930419922e+00
4.725383758544921875e+00,1.204471826553344727e+00
6.634911537170410156e+00,-1.852801084518432617e+00
2.260727882385253906e+00,3.140959441661834717e-01
2.804811716079711914e+00,1.094869017601013184e+00
2.760139942169189453e+00,8.388212919235229492e-01
2.843019247055053711e+00,1.684032320976257324e+00
2.079177618026733398e+00,-1.334378570318222046e-01
2.311633110046386719e+00,5.554659366607666016e-01
2.680721580982208252e-01,3.206181228160858154e-01
3.770762205123901367e+00,9.984878301620483398e-01
-4.434222579002380371e-01,4.308054924011230469e+00
1.575936794281005859e+00,1.688775897026062012e+00
2.251362085342407227e+00,-1.337523385882377625e-02
2.997073531150817871e-01,-1.323532909154891968e-01
3.332946777343750000e+00,1.212653160095214844e+00
4.392063617706298828e+00,-1.615382432937622070e-01
1.809962511062622070e+00,1.008945345878601074e+00
4.629679024219512939e-01,3.057559013366699219e+00
2.604410648345947266e+00,1.292221069335937500e+00
6.793712973594665527e-01,4.108013510704040527e-01
1.319087862968444824e+00,2.161387443542480469e+00
2.759403944015502930e+00,1.486380338668823242e+00
2.008913993835449219e+00,5.413972139358520508e-01
2.887362003326416016e+00,8.379420638084411621e-01
3.067237138748168945e-02,4.263558089733123779e-01
5.119596481323242188e+00,1.363201618194580078e+00
1.468878984451293945e+00,2.530857920646667480e-01
2.550199508666992188e+00,1.586206793785095215e+00
1.719252109527587891e+00,2.606997966766357422e+00
3.326906919479370117e+00,6.326471567153930664e-01
9.648391604423522949e-01,4.234150946140289307e-01
1.582068204879760742e+00,2.608210563659667969e+00
-1.436004042625427246e-02,6.032415032386779785e-01
-2.275722742080688477e+00,9.585769653320312500e+00
5.570397377014160156e-01,2.131280452013015747e-01
3.764011144638061523e+00,1.990949749946594238e+00
1.884928226470947266e+00,-7.713695168495178223e-01
1.920981645584106445e+00,7.524430751800537109e-01
3.304603815078735352e+00,1.165765285491943359e+00
5.124429702758789062e+00,7.778136432170867920e-02
4.810857772827148438e-02,4.531240940093994141e+00
4.072990417480468750e+00,1.227421879768371582e+00
2.726279497146606445e+00,3.430939197540283203e+00
4.120126247406005859e+00,1.029213666915893555e+00
1.971156597137451172e+00,2.581840991973876953e+00
2.539261579513549805e+00,3.227966785430908203e+00
1.074721693992614746e+00,2.369316101074218750e+00
3.688520193099975586e+00,3.845055401325225830e-01
6.056165695190429688e+00,1.278589010238647461e+00
6.508971214294433594e+00,-6.557599902153015137e-01
-1.173358678817749023e+00,4.714536666870117188e+00
7.542254924774169922e+00,-2.100903511047363281e+00
4.425986766815185547e+00,6.778475046157836914e-01
1.651062011718750000e+00,9.653546661138534546e-02
3.924621582031250000e+00,2.756056189537048340e-01
2.992953300476074219e+00,5.808821916580200195e-01
1.171419143676757812e+00,8.391038328409194946e-02
2.713728904724121094e+00,1.857601255178451538e-01
3.384586334228515625e+00,1.400530040264129639e-01
2.981459498405456543e-01,5.112096309661865234e+00
5.597287654876708984e+00,8.101407289505004883e-01
1.821010351181030273e+00,1.171818137168884277e+00
2.917818784713745117e+00,1.084897890686988831e-01
7.130567073822021484e+00,-9.841980934143066406e-01
4.059360980987548828e+00,1.571060061454772949e+00
3.479189157485961914e+00,3.052675426006317139e-01
1.989093065261840820e+00,3.531190872192382812e+00
2.653817176818847656e+00,2.016654729843139648e+00
3.130660772323608398e+00,1.645742356777191162e-01
3.555883884429931641e+00,6.901846528053283691e-01
2.749389410018920898e+00,6.500699371099472046e-02
5.703493952751159668e-01,-3.819565474987030029e-01
2.022049427032470703e+00,2.576909542083740234e+00
5.446467399597167969e+00,5.699970722198486328e-01
2.997073531150817871e-01,-1.323532909154891968e-01
4.482091903686523438e+00,5.368900299072265625e-01
2.995659589767456055e+00,-2.755060791969299316e-01
2.784175395965576172e+00,1.195470452308654785e+00
2.845843076705932617e+00,1.301526278257369995e-02
-1.173358678817749023e+00,4.714536666870117188e+00
1.403215169906616211e+00,4.642536044120788574e-01
1.529956758022308350e-01,1.278208017349243164e+00
3.895158767700195312e+00,5.946959257125854492e-01
1.686847686767578125e+00,6.422626972198486328e-01
4.145535469055175781e+00,1.271914958953857422e+00
5.153806209564208984e+00,-5.573018789291381836e-01
2.584354162216186523e+00,1.672224760055541992e+00
4.488083839416503906e+00,1.440102577209472656e+00
1.854176998138427734e+00,5.998746752738952637e-01
1.278244972229003906e+00,-2.026680558919906616e-01
2.680721580982208252e-01,3.206181228160858154e-01
2.307792425155639648e+00,4.558392167091369629e-01
2.924756765365600586e+00,1.066329956054687500e+00
2.578025579452514648e+00,1.343173146247863770e+00
4.977315425872802734e+00,6.722076535224914551e-01
3.789754629135131836e+00,1.644700646400451660e+00
1.202359318733215332e+00,2.688641548156738281e+00
2.340451002120971680e+00,1.551342159509658813e-01
1.651554346084594727e+00,7.135552167892456055e-01
3.114385604858398438e+00,8.770552277565002441e-01
3.221070289611816406e+00,1.216986298561096191e+00
3.598235607147216797e+00,1.123725414276123047e+00
-7.550917267799377441e-01,6.428307533264160156e+00
2.272663831710815430e+00,4.353361129760742188e-01
1.491879224777221680e+00,1.597969412803649902e+00
1.869627714157104492e+00,2.352996617555618286e-01
2.985241889953613281e+00,1.729348063468933105e+00
9.568960666656494141e-01,-3.988113105297088623e-01
2.976103305816650391e+00,4.456810951232910156e-01
3.987481117248535156e+00,1.286344528198242188e+00
9.648391604423522949e-01,4.234150946140289307e-01
8.321595788002014160e-01,5.461010932922363281e-01
3.211283385753631592e-01,5.971666574478149414e-01
2.446907758712768555e+00,7.150839567184448242e-01
2.138518989086151123e-01,4.900487959384918213e-01
4.593869209289550781e+00,1.122444987297058105e+00
1.352319717407226562e+00,1.760201454162597656e-01
4.084414958953857422e+00,1.701919078826904297e+00
2.588438272476196289e+00,3.623274862766265869e-01
9.858272671699523926e-01,5.754841327667236328e+00
2.527820587158203125e+00,7.435597181320190430e-01
5.376720905303955078e+00,-3.372240662574768066e-01
2.520948886871337891e+00,-3.211207687854766846e-03
2.260727882385253906e+00,3.140959441661834717e-01
2.053340435028076172e+00,9.136837720870971680e-01
3.078938245773315430e+00,1.425778508186340332e+00
3.893012046813964844e+00,8.493335843086242676e-01
5.276557922363281250e+00,-3.439452350139617920e-01
2.550199508666992188e+00,1.586206793785095215e+00
2.910023927688598633e+00,1.453072786331176758e+00
-2.187629342079162598e-01,4.381190299987792969e+00
4.976309299468994141e+00,1.276742696762084961e+00
1.201745986938476562e+00,-3.354485034942626953e-01
2.454268932342529297e+00,6.348343491554260254e-01
2.757768154144287109e+00,3.682682514190673828e-01
8.184437751770019531e-01,4.995222389698028564e-02
3.130350112915039062e+00,3.675513863563537598e-01
1.677593469619750977e+00,5.995329022407531738e-01
2.477616786956787109e+00,1.908324807882308960e-01
4.543195724487304688e+00,1.203309059143066406e+00
1.687344551086425781e+00,1.465143322944641113e+00
1.852808952331542969e+00,-1.435320526361465454e-01
3.128055095672607422e+00,2.795841395854949951e-01
1.714560031890869141e+00,1.349738597869873047e+00
4.470118522644042969e+00,6.561039090156555176e-01
2.188409805297851562e+00,-2.821544557809829712e-02
6.514593362808227539e-01,-1.000410556793212891e+00
4.926027953624725342e-01,-7.316301465034484863e-01
5.099082946777343750e+00,1.176720932126045227e-01
3.263166189193725586e+00,1.430826783180236816e-01
2.622013330459594727e+00,3.251784294843673706e-02
3.140522241592407227e+00,2.671446204185485840e-01
5.122550010681152344e+00,7.999942898750305176e-01
1.928982019424438477e+00,1.100175261497497559e+00
1.669872045516967773e+00,2.272884845733642578e+00
3.893012046813964844e+00,8.493335843086242676e-01
2.957985639572143555e+00,2.968609333038330078e-01
2.288436412811279297e+00,2.872496247291564941e-01
2.572855949401855469e+00,3.482730686664581299e-01
3.161691427230834961e+00,1.030693352222442627e-01
4.394712448120117188e+00,1.035530686378479004e+00
3.094679832458496094e+00,-5.963369607925415039e-01
1.919914960861206055e+00,1.088827490806579590e+00
5.564948558807373047e+00,5.181585252285003662e-02
3.272660255432128906e+00,-5.063290894031524658e-02
4.826135158538818359e+00,3.975102901458740234e-01
3.314425230026245117e+00,-1.111655831336975098e-01
1.694314718246459961e+00,1.239088535308837891e+00
9.728695869445800781e+00,-3.803440093994140625e+00
2.772814512252807617e+00,1.920783966779708862e-01
4.233998298645019531e+00,7.889631390571594238e-01
3.276076078414916992e+00,3.487976789474487305e-01
1.641073942184448242e+00,6.464823484420776367e-01
2.190815687179565430e+00,2.543843746185302734e+00
3.688602209091186523e+00,6.813118457794189453e-01
1.886804580688476562e+00,1.214648962020874023e+00
1.786252021789550781e+00,2.094815254211425781e+00
4.738911151885986328e+00,1.141775846481323242e+00
2.008872032165527344e+00,2.424230098724365234e+00
2.324852466583251953e+00,2.011779785156250000e+00
2.751761913299560547e+00,7.320775985717773438e-01
3.054579734802246094e+00,1.613041400909423828e+00
3.495977163314819336e+00,1.510617017745971680e+00
2.519273519515991211e+00,5.052303075790405273e-01
1.834597349166870117e+00,2.463743686676025391e+00
1.988190889358520508e+00,7.186414599418640137e-01
4.183398723602294922e+00,1.204108834266662598e+00
2.751078367233276367e+00,1.187596082687377930e+00
2.611576080322265625e+00,2.982581615447998047e+00
3.176980018615722656e+00,7.098160982131958008e-01
2.187880516052246094e+00,-7.872358709573745728e-02
2.920060873031616211e+00,1.260847687721252441e+00
1.659919500350952148e+00,2.375122070312500000e+00
2.214294433593750000e+00,3.970493674278259277e-01
7.816706180572509766e+00,-2.313107967376708984e+00
1.626939773559570312e+00,2.609607219696044922e+00
4.221772193908691406e+00,1.856699436902999878e-01
2.138625383377075195e+00,1.393493115901947021e-01
3.095317363739013672e+00,-1.877541095018386841e-01
1.043771028518676758e+00,-2.555936276912689209e-01
1.355793476104736328e+00,3.006382942199707031e+00
6.747876644134521484e+00,3.502482175827026367e-01
4.977315425872802734e+00,6.722076535224914551e-01
2.066606521606445312e+00,5.443103313446044922e-01
5.026643753051757812e+00,1.515867948532104492e+00
3.185483694076538086e+00,1.502796530723571777e+00
1.986108303070068359e+00,2.302101403474807739e-01
2.632660150527954102e+00,2.229712486267089844e+00
3.423610210418701172e+00,1.026296138763427734e+00
7.745471477508544922e+00,-2.938685894012451172e+00
3.646882295608520508e+00,1.125155806541442871e+00
3.251986980438232422e+00,1.313401699066162109e+00
1.429286718368530273e+00,3.741855621337890625e+00
2.374609947204589844e+00,1.920951247215270996e+00
2.751631975173950195e+00,1.693218946456909180e-01
6.217464208602905273e-01,-3.377071022987365723e-01
2.459827423095703125e+00,2.951288700103759766e+00
1.726216316223144531e+00,1.591095924377441406e+00
1.255767822265625000e+00,1.945200204849243164e+00
3.738638401031494141e+00,1.684047222137451172e+00
2.590044260025024414e+00,1.593738794326782227e+00
3.433300971984863281e+00,9.385296106338500977e-01
8.498615026473999023e-01,-2.722412645816802979e-01
4.394712448120117188e+00,1.035530686378479004e+00
1.468832254409790039e+00,1.615045905113220215e+00
1.816736698150634766e+00,3.287017345428466797e+00
4.258911132812500000e+00,9.776676893234252930e-01
1.336602568626403809e-01,3.532709121704101562e+00
5.695784091949462891e-01,4.227946698665618896e-01
2.905966281890869141e+00,1.654124259948730469e+00
3.897484064102172852e+00,7.615255117416381836e-01
1.945455789566040039e+00,1.202626943588256836e+00
3.089024543762207031e+00,9.675267934799194336e-01
3.520944356918334961e+00,4.278273284435272217e-01
2.444222450256347656e+00,2.051585316658020020e-01
4.742912292480468750e+00,4.837366938591003418e-01
1.106074571609497070e+00,-1.526110172271728516e-01
1.945670604705810547e+00,1.150634288787841797e+00
3.024930953979492188e+00,1.810259938240051270e+00
5.222268104553222656e+00,-5.894094705581665039e-01
3.005398511886596680e+00,2.411037445068359375e+00
1.978630542755126953e+00,3.565617561340332031e+00
2.081303834915161133e+00,2.910446166992187500e+00
2.572855949401855469e+00,3.482730686664581299e-01
1.481841802597045898e+00,4.152049064636230469e+00
1.590266466140747070e+00,3.132387638092041016e+00
4.951350212097167969e+00,2.044326782226562500e+00
7.195073604583740234e+00,-1.237242341041564941e+00
5.462392807006835938e+00,1.222287714481353760e-01
2.073330402374267578e+00,-7.535815238952636719e-03
5.383920192718505859e+00,1.211757063865661621e+00
5.006974935531616211e-01,7.286170721054077148e-01
3.321698188781738281e+00,1.448668956756591797e+00
3.204519271850585938e+00,2.404036045074462891e+00
6.813619613647460938e+00,-5.981968045234680176e-01
3.398339748382568359e+00,-1.781973391771316528e-01
3.987481117248535156e+00,1.286344528198242188e+00
3.955095052719116211e+00,1.410483717918395996e+00
2.737606763839721680e+00,5.158491134643554688e-01
2.260087013244628906e+00,2.903348445892333984e+00
2.447540521621704102e+00,4.971364736557006836e-01
-9.792451262474060059e-01,6.157790660858154297e+00
9.441380500793457031e-01,-2.576563656330108643e-01
6.559473991394042969e+00,-1.912552475929260254e+00
4.009866714477539062e+00,1.171806693077087402e+00
5.153806209564208984e+00,-5.573018789291381836e-01
1.712241411209106445e+00,4.807542860507965088e-01
2.343094825744628906e+00,2.776890277862548828e+00
2.868484020233154297e+00,-9.726657867431640625e-01
6.148732185363769531e+00,-3.104728460311889648e-02
6.358929157257080078e+00,-1.506221532821655273e+00
3.095842123031616211e+00,3.141238093376159668e-01
3.794100046157836914e+00,5.587723255157470703e-01
3.301108598709106445e+00,8.826541304588317871e-01
3.946927070617675781e+00,7.644521594047546387e-01
4.511519908905029297e+00,1.156622409820556641e+00
6.449995994567871094e+00,8.224148154258728027e-01
2.856848239898681641e-01,-6.137518882751464844e-01
3.589196920394897461e+00,4.526717662811279297e-01
-2.702070474624633789e-01,-7.865821123123168945e-01
4.389612674713134766e+00,1.482234716415405273e+00
2.298060894012451172e+00,7.843361496925354004e-01
2.651295185089111328e+00,3.294329643249511719e-01
1.573642730712890625e+00,6.057380884885787964e-02
3.805146455764770508e+00,6.637869477272033691e-01
5.501177787780761719e+00,7.916627526283264160e-01
3.965539693832397461e+00,2.730651199817657471e-01
1.977240324020385742e+00,2.558360576629638672e+00
4.405674457550048828e+00,1.617466926574707031e+00
3.816995143890380859e+00,1.252935171127319336e+00
3.689005851745605469e+00,3.734630346298217773e-01
2.497601509094238281e+00,7.163424789905548096e-02
6.583690166473388672e+00,7.270834445953369141e-01
3.439079999923706055e+00,4.054067432880401611e-01
3.419951915740966797e+00,3.794042468070983887e-01
2.998583316802978516e-01,-3.996822834014892578e-01
1.376188397407531738e-01,7.245504856109619141e+00
1.685889720916748047e+00,3.447359085083007812e+00
4.129617691040039062e+00,1.284474253654479980e+00
3.193762063980102539e+00,8.297446370124816895e-01
5.115444183349609375e+00,8.429910540580749512e-01
1.036088228225708008e+00,-2.301833033561706543e-01
4.820614457130432129e-01,-2.695319652557373047e-01
2.072886466979980469e+00,7.655124068260192871e-01
2.492345333099365234e+00,1.148918986320495605e+00
2.857582330703735352e+00,1.195037603378295898e+00
5.947454571723937988e-01,1.500520557165145874e-01
3.088089704513549805e+00,1.594275236129760742e+00
6.300524711608886719e+00,-2.513072490692138672e+00
2.374516248703002930e+00,2.545543193817138672e+00
5.118587017059326172e+00,1.198732733726501465e+00
2.219210386276245117e+00,2.188938140869140625e+00
4.581771790981292725e-01,-1.098123937845230103e-01
1.324965715408325195e+00,7.028034329414367676e-01
3.832383394241333008e+00,1.225775599479675293e+00
1.988137483596801758e+00,2.846501827239990234e+00
1.797948598861694336e+00,2.166930675506591797e+00
1.617320537567138672e+00,1.874517560005187988e+00
3.388349771499633789e+00,1.268307805061340332e+00
4.137771129608154297e+00,1.011410713195800781e+00
7.897870540618896484e-01,5.149980261921882629e-02
5.986065387725830078e+00,1.416221380233764648e+00
4.444534778594970703e+00,-2.231686711311340332e-01
-4.341682791709899902e-01,6.064557075500488281e+00
1.351054906845092773e+00,2.842634201049804688e+00
2.442625999450683594e+00,-1.184783875942230225e-02
3.421006202697753906e+00,1.494290083646774292e-01
2.121382236480712891e+00,1.047932267189025879e+00
1.934061050415039062e+00,7.850937247276306152e-01
2.035949468612670898e+00,2.903325080871582031e+00
2.425599336624145508e+00,6.465011239051818848e-01
1.157748699188232422e+00,1.803910493850708008e+00
4.278592586517333984e+00,1.244264602661132812e+00
2.347806692123413086e+00,3.148852825164794922e+00
1.532399892807006836e+00,2.903363704681396484e+00
5.930701255798339844e+00,3.028681129217147827e-02
2.890031099319458008e+00,1.148496627807617188e+00
3.700618028640747070e+00,1.300796747207641602e+00
3.388823986053466797e+00,3.431828320026397705e-01
3.612852811813354492e+00,1.378875598311424255e-02
6.423304080963134766e-01,-3.577527105808258057e-01
1.370118379592895508e+00,2.098495483398437500e+00
4.908044338226318359e+00,7.989403605461120605e-02
5.400323867797851562e+00,7.012947201728820801e-01
2.588438272476196289e+00,3.623274862766265869e-01
6.560457944869995117e-01,-1.929203718900680542e-01
2.053340435028076172e+00,9.136837720870971680e-01
9.278297424316406250e-01,-3.498779237270355225e-01
4.131769180297851562e+00,5.456273555755615234e-01
6.644130706787109375e+00,9.371539950370788574e-02
2.992923259735107422e+00,2.719962596893310547e+00
7.318132400512695312e+00,6.150495409965515137e-01
2.804811716079711914e+00,1.094869017601013184e+00
3.112793445587158203e+00,1.343116641044616699e+00
1.844050645828247070e+00,3.519081592559814453e+00
5.732512950897216797e+00,1.460795879364013672e+00
3.308877944946289062e+00,1.087330460548400879e+00
6.724473237991333008e-01,-6.431462168693542480e-01
5.813535690307617188e+00,-1.775394082069396973e+00
3.424321889877319336e+00,1.793107151985168457e+00
4.373512744903564453e+00,1.056320905685424805e+00
5.996890544891357422e+00,-2.155072093009948730e-01
3.167088747024536133e+00,6.591344475746154785e-01
4.678659439086914062e+00,1.401866555213928223e+00
1.811291933059692383e+00,6.442577391862869263e-02
2.266502380371093750e+00,5.967317819595336914e-01
1.475502014160156250e+00,1.952344417572021484e+00
2.384228110313415527e-01,-5.142154693603515625e-01
4.295643329620361328e+00,1.196273088455200195e+00
3.909273862838745117e+00,9.773756265640258789e-01
1.429286718368530273e+00,3.741855621337890625e+00
2.206674575805664062e+00,3.627869129180908203e+00
8.709989190101623535e-01,2.530301570892333984e+00
2.610969781875610352e+00,2.047871500253677368e-01
4.943865299224853516e+00,1.024634361267089844e+00
2.479864120483398438e+00,3.442849516868591309e-01
2.230143547058105469e+00,7.210039496421813965e-01
2.020470619201660156e+00,2.673045158386230469e+00
1.131296634674072266e+00,1.380483984947204590e+00
4.882665634155273438e+00,2.326770424842834473e-01
1.807972192764282227e+00,3.334909081459045410e-01
1.679191350936889648e+00,1.525208711624145508e+00
1.809423923492431641e+00,8.670760989189147949e-01
2.069029092788696289e+00,2.007587432861328125e+00
1.651554346084594727e+00,7.135552167892456055e-01
3.598235607147216797e+00,1.123725414276123047e+00
2.057489633560180664e+00,3.811681568622589111e-01
3.303554356098175049e-01,2.285885512828826904e-01
3.027860403060913086e+00,1.700809359550476074e+00
1.247346162796020508e+00,3.497914314270019531e+00
2.386384010314941406e+00,4.040204584598541260e-01
2.550966262817382812e+00,4.812276661396026611e-01
3.865288972854614258e+00,1.293862223625183105e+00
1.679965555667877197e-01,-3.986484408378601074e-01
2.760139942169189453e+00,8.388212919235229492e-01
4.243827819824218750e+00,1.046490907669067383e+00
3.222934722900390625e+00,2.922344207763671875e-01
3.283459901809692383e+00,1.110124111175537109e+00
7.618647217750549316e-01,2.957315444946289062e+00
1.671591281890869141e+00,2.156086444854736328e+00
3.155995130538940430e+00,3.524102270603179932e-01
1.664086818695068359e+00,1.058445334434509277e+00
4.003166198730468750e+00,7.821819782257080078e-01
2.929988145828247070e+00,4.792878031730651855e-01
3.093432903289794922e+00,3.976025283336639404e-01
2.841941833496093750e+00,4.295670390129089355e-01
5.077941417694091797e+00,-1.352702021598815918e+00
3.963279724121093750e+00,7.405432462692260742e-01
5.605812549591064453e+00,3.534206151962280273e-01
4.674961566925048828e+00,3.039409518241882324e-01
5.615304470062255859e+00,2.373319268226623535e-01
3.455238103866577148e+00,9.407563209533691406e-01
3.719004392623901367e+00,1.115812420845031738e+00
1.713828802108764648e+00,2.343320846557617188e+00
5.524376630783081055e-01,3.871036469936370850e-01
-2.947734594345092773e-01,-3.008497357368469238e-01
3.794100046157836914e+00,5.587723255157470703e-01
4.041708469390869141e+00,1.100140571594238281e+00
6.565153598785400391e+00,-1.786014795303344727e+00
1.538582295179367065e-01,5.184852600097656250e+00
3.259487390518188477e+00,1.151852369308471680e+00
2.373985290527343750e+00,3.169188499450683594e+00
2.865328073501586914e+00,1.217940598726272583e-01
2.153506040573120117e+00,3.438762187957763672e+00
3.351735353469848633e+00,1.137827038764953613e+00
1.894492387771606445e+00,9.078530669212341309e-01
7.462869882583618164e-01,5.982884883880615234e+00
1.156145930290222168e+00,2.141984462738037109e+00
3.759117841720581055e+00,8.022491931915283203e-01
6.597851514816284180e-01,-3.904888331890106201e-01
2.064871788024902344e-01,-9.832903742790222168e-04
3.335432708263397217e-01,2.080685794353485107e-01
2.552657842636108398e+00,1.384560823440551758e+00
2.829065322875976562e+00,1.672554969787597656e+00
2.463283061981201172e+00,6.129315495491027832e-01
5.059340476989746094e+00,1.597499012947082520e+00
2.899418592453002930e+00,-2.422688007354736328e-01
3.995469331741333008e+00,6.853185892105102539e-01
3.169167757034301758e+00,1.570331692695617676e+00
7.007731199264526367e-01,-7.051071524620056152e-02
2.993695259094238281e+00,1.534081101417541504e+00
5.958960056304931641e+00,-1.456084251403808594e+00
3.839892148971557617e+00,1.410141468048095703e+00
3.308887720108032227e+00,1.393154144287109375e+00
4.340108871459960938e+00,1.075926899909973145e+00
2.654759168624877930e+00,3.548334240913391113e-01
4.724612712860107422e+00,9.426724910736083984e-01
1.730602264404296875e+00,8.501588702201843262e-01
2.342645168304443359e+00,4.444843232631683350e-01
1.959959030151367188e+00,2.466058731079101562e+00
2.064871788024902344e-01,-9.832903742790222168e-04
1.131717681884765625e+00,1.723866164684295654e-02
2.617368459701538086e+00,2.709688663482666016e+00
4.614318847656250000e+00,1.308466315269470215e+00
2.659398317337036133e+00,5.270723104476928711e-01
2.112252950668334961e+00,2.999683856964111328e+00
3.272499084472656250e+00,1.993202090263366699e+00
2.968648672103881836e+00,1.521153688430786133e+00
1.946048587560653687e-01,-2.131190896034240723e-01
4.633111476898193359e+00,6.639214754104614258e-01
7.259656190872192383e-01,-2.740595638751983643e-01
4.650118827819824219e+00,-8.859215676784515381e-02
1.324859142303466797e+00,-2.331109344959259033e-02
3.629951238632202148e+00,1.028899192810058594e+00
2.705254554748535156e+00,1.545117735862731934e+00
1.913117885589599609e+00,2.543779373168945312e+00
2.807400941848754883e+00,-3.003097474575042725e-01
1.213686764240264893e-01,1.848019361495971680e-01
3.809948444366455078e+00,1.387748003005981445e+00
3.488472700119018555e+00,1.013805866241455078e+00
5.250259876251220703e+00,6.237972974777221680e-01
4.355425238609313965e-01,-3.904925584793090820e-01
2.364794254302978516e+00,1.153050303459167480e+00
5.474676132202148438e+00,1.317205429077148438e+00
6.658717393875122070e-01,3.016281127929687500e+00
1.641607522964477539e+00,3.447739481925964355e-01
1.810582399368286133e+00,2.486458301544189453e+00
2.781237840652465820e+00,2.540868759155273438e+00
2.678204774856567383e+00,4.462229907512664795e-01
1.484480142593383789e+00,1.664176940917968750e+00
1.686847686767578125e+00,6.422626972198486328e-01
2.868484020233154297e+00,-9.726657867431640625e-01
1.747453927993774414e+00,2.320138454437255859e+00
2.955060005187988281e+00,8.072273731231689453e-01
3.507270812988281250e+00,1.638086438179016113e+00
2.527820587158203125e+00,7.435597181320190430e-01
3.768192768096923828e+00,1.567204475402832031e+00
1.978848457336425781e+00,8.438768386840820312e-01
3.294040918350219727e+00,1.323389291763305664e+00
4.422401428222656250e+00,5.089575648307800293e-01
1.922768592834472656e+00,3.723004758358001709e-01
2.849182605743408203e+00,8.015549927949905396e-02
-4.376709461212158203e-02,-3.896620869636535645e-02
3.203504085540771484e+00,1.435299038887023926e+00
4.912883281707763672e+00,2.672594189643859863e-01
2.014765739440917969e+00,5.833451151847839355e-01
3.091359138488769531e+00,6.748276352882385254e-01
3.964416503906250000e+00,6.335845589637756348e-01
2.772425413131713867e+00,-2.216571867465972900e-01
3.066571474075317383e+00,2.102749824523925781e+00
2.907411098480224609e+00,2.891981601715087891e-01
6.405653476715087891e+00,-4.578868150711059570e-01
2.986011981964111328e+00,2.630156278610229492e-01
4.699348926544189453e+00,9.852955341339111328e-01
2.272925853729248047e+00,-3.926274478435516357e-01
4.408861637115478516e+00,9.752089977264404297e-01
4.664730072021484375e+00,1.048817276954650879e+00
3.115744113922119141e+00,2.147311210632324219e+00
4.356321334838867188e+00,1.367687106132507324e+00
1.815515756607055664e+00,1.238500952720642090e+00
4.530588150024414062e+00,5.353591442108154297e-01
2.383236646652221680e+00,8.308593928813934326e-02
7.462869882583618164e-01,5.982884883880615234e+00
2.207304239273071289e+00,3.383526325225830078e+00
1.273247599601745605e+00,-4.809390306472778320e-01
6.042357087135314941e-01,4.380090832710266113e-01
3.946771860122680664e+00,1.352893233299255371e+00
3.222934722900390625e+00,2.922344207763671875e-01
1.730672121047973633e+00,-2.225619554519653320e-02
1.902578353881835938e+00,1.754332780838012695e+00
1.001968741416931152e+00,2.248951435089111328e+00
4.077576160430908203e+00,2.021303176879882812e+00
1.612056732177734375e+00,4.165417194366455078e+00
4.943556308746337891e+00,2.671275734901428223e-01
1.474597692489624023e+00,5.509458184242248535e-01
3.962895870208740234e+00,1.296547055244445801e+00
1.193994998931884766e+00,1.829796075820922852e+00
6.365459918975830078e+00,-1.926003813743591309e+00
2.498224020004272461e+00,2.920613288879394531e+00
3.946927070617675781e+00,7.644521594047546387e-01
2.899418592453002930e+00,-2.422688007354736328e-01
2.587227821350097656e+00,2.880641818046569824e-01
2.559962987899780273e+00,-9.138235449790954590e-01
1.707477331161499023e+00,-5.665885657072067261e-02
4.890230178833007812e+00,6.191408634185791016e-01
6.217464208602905273e-01,-3.377071022987365723e-01
4.447425842285156250e+00,1.415876507759094238e+00
1.585919380187988281e+00,2.368761539459228516e+00
2.176009893417358398e+00,3.908786296844482422e+00
2.213825941085815430e+00,2.149948596954345703e+00
5.936762690544128418e-01,4.872766017913818359e+00
2.306925773620605469e+00,4.547839462757110596e-01
2.659398317337036133e+00,5.270723104476928711e-01
2.047991275787353516e+00,3.905713081359863281e+00
2.845843076705932617e+00,1.301526278257369995e-02
1.669295072555541992e+00,1.651312470436096191e+00
5.935143232345581055e-01,-3.798335790634155273e-01
3.685271263122558594e+00,1.160936355590820312e+00
6.041622161865234375e-01,-7.428738474845886230e-02
4.764532089233398438e+00,1.159880995750427246e+00
3.317640542984008789e+00,1.128303170204162598e+00
4.312038421630859375e+00,5.720682144165039062e-01
2.976194620132446289e+00,1.208516001701354980e+00
2.265452623367309570e+00,6.641918420791625977e-01
1.769786357879638672e+00,2.320191860198974609e+00
1.814948558807373047e+00,2.988247871398925781e+00
3.658127784729003906e+00,2.379363536834716797e+00
3.012493371963500977e+00,1.278773188591003418e+00
5.030227661132812500e+00,9.973128139972686768e-02
1.807316064834594727e+00,3.912043571472167969e+00
2.014765739440917969e+00,5.833451151847839355e-01
2.926340341567993164e+00,1.724946975708007812e+00
4.195433139801025391e+00,1.038842678070068359e+00
8.192983865737915039e-01,-2.492200434207916260e-01
3.443894624710083008e+00,1.126346111297607422e+00
3.408530473709106445e+00,1.304600119590759277e+00
2.963295221328735352e+00,-9.380806237459182739e-03
3.354388713836669922e+00,8.897509574890136719e-01
1.755755096673965454e-01,-4.852758049964904785e-01
1.986392736434936523e+00,1.148054242134094238e+00
1.641073942184448242e+00,6.464823484420776367e-01
9.892474412918090820e-01,1.883468270301818848e+00
1.189955711364746094e+00,1.611975193023681641e+00
4.312038421630859375e+00,5.720682144165039062e-01
2.431758880615234375e+00,5.257223844528198242e-01
3.350522518157958984e+00,6.097424030303955078e-01
5.094120502471923828e+00,1.324130773544311523e+00
4.756739616394042969e+00,7.393732666969299316e-01
2.303339242935180664e+00,2.563924312591552734e+00
3.388445138931274414e+00,8.402675390243530273e-01
2.272663831710815430e+00,4.353361129760742188e-01
3.557795047760009766e+00,1.272239685058593750e+00
2.383737564086914062e+00,2.837290763854980469e-01
3.111439704895019531e+00,3.145962655544281006e-01
2.074283838272094727e+00,5.931136608123779297e-01
4.943865299224853516e+00,1.024634361267089844e+00
-2.562302350997924805e-01,1.287826895713806152e+00
2.165179252624511719e-01,1.893045306205749512e-01
1.131296634674072266e+00,1.380483984947204590e+00
2.731332302093505859e+00,1.835012078285217285e+00
2.600318670272827148e+00,3.942292034626007080e-01
2.338697433471679688e+00,2.184199333190917969e+00
5.105198383331298828e+00,-2.574896216392517090e-01
