8.329173326492309570e-01,1.341297507286071777e+00
1.062754988670349121e+00,1.400666475296020508e+00
2.257188796997070312e+00,1.400613039731979370e-01
2.852438449859619141e+00,3.067808747291564941e-01
1.380973815917968750e+00,1.270667314529418945e+00
2.399619579315185547e+00,9.556530416011810303e-02
8.835951685905456543e-01,1.127931475639343262e+00
5.365217924118041992e-01,-8.375748991966247559e-02
2.656737327575683594e+00,1.527965545654296875e+00
1.991163372993469238e+00,2.145195484161376953e+00
2.234717845916748047e+00,1.185172498226165771e-01
5.028160810470581055e-01,2.243340730667114258e+00
1.411422371864318848e+00,5.862363576889038086e-01
1.139825344085693359e+00,1.261511683464050293e+00
2.124617099761962891e+00,-8.338033407926559448e-02
1.303070783615112305e+00,-2.416735701262950897e-02
2.572714328765869141e+00,3.021740019321441650e-01
1.250950574874877930e+00,6.520421504974365234e-01
1.330843329429626465e+00,7.460047602653503418e-01
-3.112238645553588867e-01,1.113485574722290039e+00
1.167805910110473633e+00,6.329932808876037598e-01
1.033187985420227051e+00,1.778682112693786621e+00
7.132626175880432129e-01,4.471014440059661865e-01
2.451117992401123047e+00,1.477756857872009277e+00
4.968701303005218506e-02,9.850215911865234375e-01
-1.107369780540466309e+00,6.102933287620544434e-01
1.217229247093200684e+00,2.258956670761108398e+00
2.233209133148193359e+00,9.606532752513885498e-02
9.220058321952819824e-01,2.558078765869140625e-01
1.083557128906250000e+00,1.116174817085266113e+00
5.883851051330566406e-01,1.218579649925231934e+00
4.426648616790771484e+00,-1.889786124229431152e+00
5.780882239341735840e-01,4.490691125392913818e-01
2.129147529602050781e+00,-7.807901129126548767e-03
-3.598666936159133911e-02,1.060871362686157227e+00
3.480839252471923828e+00,3.644271194934844971e-01
1.289668679237365723e+00,1.291600823402404785e+00
1.049943804740905762e+00,-2.578676640987396240e-01
1.485206961631774902e+00,2.403463363647460938e+00
1.124933719635009766e+00,1.084446907043457031e+00
1.392635703086853027e+00,2.238119363784790039e+00
2.501364231109619141e+00,2.715331614017486572e-01
1.638782322406768799e-01,6.366592645645141602e-01
1.635393977165222168e+00,2.692697048187255859e+00
6.576942205429077148e-01,5.226586461067199707e-01
-7.768387198448181152e-01,3.319202899932861328e+00
1.120811343193054199e+00,1.123193383216857910e+00
-4.020170271396636963e-01,9.225630760192871094e-01
2.735199451446533203e+00,2.216487169265747070e+00
-4.815818667411804199e-01,1.087920188903808594e+00
1.388986706733703613e+00,1.380535721778869629e+00
8.138058185577392578e-01,5.891906023025512695e-01
1.010854005813598633e+00,1.369778156280517578e+00
3.472419738769531250e+00,-5.993763804435729980e-01
4.400862157344818115e-01,1.456763029098510742e+00
1.575192451477050781e+00,2.304654598236083984e+00
7.179760932922363281e-01,1.292170763015747070e+00
7.925825715065002441e-01,1.267350077629089355e+00
2.072174549102783203e+00,7.103050351142883301e-01
-5.128254741430282593e-02,1.158758401870727539e+00
1.261223912239074707e+00,-2.416943199932575226e-02
5.484268665313720703e-01,1.177400946617126465e+00
1.949873089790344238e+00,1.029463171958923340e+00
1.891593337059020996e+00,-1.776672452688217163e-01
2.478096008300781250e+00,1.081077933311462402e+00
-1.344118118286132812e+00,9.950019121170043945e-01
1.887380480766296387e+00,-9.625476598739624023e-02
-6.889678835868835449e-01,1.207120776176452637e+00
-7.819952368736267090e-01,2.808577537536621094e+00
7.665906548500061035e-01,1.085680603981018066e+00
1.127241849899291992e+00,1.573440313339233398e+00
1.198519349098205566e+00,1.444891452789306641e+00
7.283245921134948730e-01,1.194419860839843750e+00
2.542089462280273438e+00,5.052496790885925293e-01
1.392635703086853027e+00,2.238119363784790039e+00
1.577596068382263184e+00,3.033142566680908203e+00
4.800009727478027344e-01,1.315815806388854980e+00
2.422242641448974609e+00,1.988486796617507935e-01
1.445919990539550781e+00,-8.896292001008987427e-02
1.512682437896728516e-02,1.349123001098632812e+00
1.443204760551452637e+00,5.949052572250366211e-01
1.365711808204650879e+00,3.068888187408447266e+00
3.469977378845214844e+00,2.028558403253555298e-01
1.219931602478027344e+00,2.415654182434082031e+00
-2.072518169879913330e-01,1.106551766395568848e+00
1.806405425071716309e+00,-6.898923218250274658e-02
7.906683087348937988e-01,3.675742447376251221e-01
1.889824986457824707e+00,7.350106835365295410e-01
1.577930569648742676e+00,-1.515534073114395142e-01
2.046100616455078125e+00,-9.019587188959121704e-02
-2.876605093479156494e-01,1.592784047126770020e+00
5.590522289276123047e-01,1.188194990158081055e+00
1.642701774835586548e-01,7.008128762245178223e-01
2.695344984531402588e-01,1.341681122779846191e+00
9.508503675460815430e-01,5.829849243164062500e-01
-4.535760402679443359e+00,3.107279539108276367e+00
9.072643518447875977e-01,6.306009292602539062e-01
1.033118367195129395e+00,1.933143973350524902e+00
1.549602746963500977e+00,2.670612812042236328e+00
-3.122952878475189209e-01,1.352640151977539062e+00
2.193017959594726562e+00,3.844064474105834961e-01
1.093646049499511719e+00,2.093444824218750000e+00
-1.032845139503479004e+00,1.165636062622070312e+00
4.941321015357971191e-01,1.934280157089233398e+00
1.669103145599365234e+00,8.653054833412170410e-01
2.144363880157470703e+00,3.241621702909469604e-02
6.552548408508300781e-01,1.205823421478271484e+00
1.663543105125427246e+00,1.596354365348815918e+00
1.032983064651489258e+00,1.211682677268981934e+00
1.266241669654846191e+00,-9.780356287956237793e-02
-2.073870658874511719e+00,1.614508986473083496e+00
9.126968383789062500e-01,2.976567447185516357e-01
6.030224561691284180e-01,1.465151309967041016e+00
1.740199685096740723e+00,2.563926458358764648e+00
6.106084585189819336e-01,4.469601511955261230e-01
3.137826919555664062e-03,1.000613570213317871e+00
1.621028184890747070e+00,6.899169683456420898e-01
-3.137700259685516357e-01,2.107580900192260742e+00
1.541557550430297852e+00,7.463665008544921875e-01
-4.728410840034484863e-01,1.570201396942138672e+00
1.677534699440002441e+00,1.351258993148803711e+00
1.044640421867370605e+00,-9.843700528144836426e-01
2.158346176147460938e+00,-7.986300438642501831e-02
1.564790129661560059e+00,2.607635259628295898e+00
1.265956878662109375e+00,4.660704433917999268e-01
1.096140861511230469e+00,2.127972602844238281e+00
1.257163524627685547e+00,1.046330183744430542e-01
3.180742740631103516e+00,3.232017040252685547e+00
7.453622817993164062e-01,-1.616196930408477783e-01
1.531222581863403320e+00,4.981095790863037109e-01
1.560962796211242676e+00,2.295619010925292969e+00
1.771330595016479492e+00,-1.284671872854232788e-01
-2.515551745891571045e-01,1.557601809501647949e+00
4.363886833190917969e+00,1.505564570426940918e+00
7.225015163421630859e-01,5.495361685752868652e-01
-1.183727979660034180e+00,1.697180628776550293e+00
2.079197883605957031e+00,1.006505370140075684e+00
1.472155213356018066e+00,1.761864721775054932e-01
1.468024134635925293e+00,3.188750982284545898e+00
4.010340690612792969e+00,-7.551726698875427246e-01
2.124754905700683594e+00,-1.315418481826782227e-01
-2.072518169879913330e-01,1.106551766395568848e+00
9.470046162605285645e-01,8.149569630622863770e-01
2.028044700622558594e+00,2.215205729007720947e-01
-3.145320415496826172e+00,9.306503534317016602e-01
2.501364231109619141e+00,2.715331614017486572e-01
2.344139575958251953e+00,8.947370052337646484e-01
2.234717845916748047e+00,1.185172498226165771e-01
2.312641620635986328e+00,9.691400825977325439e-02
6.164541244506835938e-01,1.777112722396850586e+00
1.179234981536865234e+00,2.287278175354003906e+00
1.473492026329040527e+00,9.329348206520080566e-01
7.520058155059814453e-01,3.713382482528686523e-01
1.148216962814331055e+00,8.735726475715637207e-01
2.104529857635498047e+00,2.050824277102947235e-02
2.327951431274414062e+00,1.949166804552078247e-01
1.540611684322357178e-01,1.805047988891601562e+00
3.761243343353271484e+00,5.862306952476501465e-01
-4.170002341270446777e-01,1.285230755805969238e+00
-5.989997982978820801e-01,2.302628755569458008e+00
-1.601240038871765137e+00,2.165936231613159180e+00
8.751099705696105957e-01,3.442030847072601318e-01
1.312835931777954102e+00,2.363700151443481445e+00
1.967691659927368164e+00,2.020396739244461060e-01
2.015516757965087891e+00,1.127724766731262207e+00
7.119970917701721191e-01,3.748184442520141602e-01
1.155856251716613770e+00,1.278398394584655762e+00
1.593847155570983887e+00,-6.758013367652893066e-01
4.883666709065437317e-02,1.048143863677978516e+00
-9.711561203002929688e-01,1.025417566299438477e+00
1.604830861091613770e+00,1.127183318138122559e+00
-8.492265641689300537e-02,1.352891802787780762e+00
1.608516424894332886e-01,3.279354810714721680e+00
-1.485481858253479004e-01,1.498742818832397461e+00
2.084306716918945312e+00,9.816414117813110352e-01
1.530948638916015625e+00,2.986258983612060547e+00
1.411309838294982910e-01,6.060354113578796387e-01
5.881227254867553711e-01,1.526048421859741211e+00
2.542089462280273438e+00,5.052496790885925293e-01
1.130893081426620483e-01,-3.718885183334350586e-01
1.758615970611572266e+00,4.454637467861175537e-01
1.788598895072937012e+00,-1.491890847682952881e-01
1.424131870269775391e+00,7.064902782440185547e-01
8.205771446228027344e-01,1.277966618537902832e+00
1.634775042533874512e+00,-2.075363546609878540e-01
5.513689994812011719e+00,7.937104701995849609e-01
1.720388293266296387e+00,1.574314951896667480e+00
4.157447338104248047e+00,5.585905313491821289e-01
1.907213807106018066e+00,5.807145498692989349e-03
1.580126881599426270e+00,-1.326501369476318359e-01
2.146739482879638672e+00,1.111956357955932617e+00
1.702154994010925293e+00,1.522065401077270508e+00
1.187448740005493164e+00,6.325808763504028320e-01
-1.406587660312652588e-01,1.385615825653076172e+00
-1.406587660312652588e-01,1.385615825653076172e+00
3.436283588409423828e+00,2.281958758831024170e-01
1.118438839912414551e+00,1.599923014640808105e+00
1.034087657928466797e+00,1.808396577835083008e+00
2.043003320693969727e+00,1.843842506408691406e+00
1.236441493034362793e+00,1.476119875907897949e+00
1.233392238616943359e+00,1.457966566085815430e+00
6.348009705543518066e-01,-5.533175915479660034e-02
2.257937431335449219e+00,8.828926086425781250e-02
-1.555605292320251465e+00,1.732564687728881836e+00
8.993283510208129883e-01,8.886054158210754395e-02
-9.358100593090057373e-02,1.666985750198364258e+00
2.110499858856201172e+00,1.089010536670684814e-01
1.740803003311157227e+00,2.099594593048095703e+00
4.132682323455810547e+00,-8.094574213027954102e-01
1.510025501251220703e+00,-1.124690651893615723e+00
1.513041973114013672e+00,-1.750866621732711792e-01
1.517887473106384277e+00,4.382824525237083435e-03
7.212140560150146484e-01,1.288842439651489258e+00
6.615577936172485352e-01,5.398215055465698242e-01
2.474503040313720703e+00,7.318155169486999512e-01
8.223707973957061768e-02,9.756323099136352539e-01
2.096840858459472656e+00,4.959193468093872070e-01
-1.688980311155319214e-01,1.174978375434875488e+00
5.367947816848754883e-01,1.158076047897338867e+00
1.229466795921325684e+00,2.650591611862182617e+00
1.712390780448913574e+00,2.309669017791748047e+00
8.790085315704345703e-01,3.406175673007965088e-01
2.495530128479003906e+00,6.542035341262817383e-01
-8.732190132141113281e-01,1.959648966789245605e+00
-1.961889564990997314e-01,1.382281184196472168e+00
1.373019814491271973e+00,1.503508329391479492e+00
1.628798246383666992e+00,1.191809654235839844e+00
-5.356604456901550293e-01,5.482479929924011230e-01
1.866803765296936035e+00,3.385782241821289062e-01
1.369403958320617676e+00,5.224955677986145020e-01
2.004683017730712891e+00,1.149351224303245544e-01
1.027881145477294922e+00,1.913708209991455078e+00
1.328422665596008301e+00,3.066639602184295654e-01
2.249513626098632812e+00,1.197372913360595703e+00
7.865577936172485352e-01,3.456601798534393311e-01
1.498081564903259277e+00,7.580156922340393066e-01
1.048066377639770508e+00,5.263531804084777832e-01
5.177516937255859375e-01,1.816547036170959473e+00
1.505086302757263184e+00,-6.177015900611877441e-01
1.458900332450866699e+00,9.001900255680084229e-02
1.389329671859741211e+00,-1.959511786699295044e-01
1.919851183891296387e+00,-1.423455476760864258e-01
1.498144507408142090e+00,-1.406653374433517456e-01
1.211655139923095703e+00,1.467517614364624023e+00
3.443571567535400391e+00,1.384399175643920898e+00
1.084362983703613281e+00,-6.652867197990417480e-01
1.997436285018920898e+00,-9.555383771657943726e-02
1.228642582893371582e+00,1.057099461555480957e+00
4.022500038146972656e+00,2.629429996013641357e-01
1.735779285430908203e+00,2.342380762100219727e+00
1.725027322769165039e+00,-1.991467736661434174e-02
1.794266104698181152e+00,-2.041325122117996216e-01
1.907213807106018066e+00,5.807145498692989349e-03
2.231536388397216797e+00,2.114330530166625977e+00
1.720045804977416992e+00,2.308895111083984375e+00
2.078342437744140625e+00,-7.662590593099594116e-03
5.414686679840087891e+00,7.519031763076782227e-01
1.411807775497436523e+00,2.635423280298709869e-02
2.101612091064453125e+00,-7.258980721235275269e-02
-9.429792165756225586e-01,2.324924468994140625e+00
1.099972367286682129e+00,1.240170359611511230e+00
2.306056499481201172e+00,9.659489244222640991e-02
6.105039119720458984e-01,1.215640068054199219e+00
2.339779376983642578e+00,1.151590347290039062e-01
-9.012689590454101562e-01,1.788550138473510742e+00
2.410648345947265625e+00,4.779223501682281494e-01
1.802715063095092773e+00,1.823252201080322266e+00
2.108556747436523438e+00,-3.319934010505676270e-02
1.455985307693481445e+00,7.996255755424499512e-01
1.074649572372436523e+00,1.443172812461853027e+00
3.733104765415191650e-01,2.237755060195922852e+00
2.232678413391113281e+00,2.394863605499267578e+00
1.547604918479919434e+00,3.076152801513671875e+00
2.074813365936279297e+00,1.175899803638458252e-01
-3.043754398822784424e-02,1.111022233963012695e+00
1.014334559440612793e+00,1.095229506492614746e+00
8.317791819572448730e-01,3.613607645034790039e+00
8.982381224632263184e-01,1.031543612480163574e+00
1.648736357688903809e+00,-1.831870079040527344e-01
2.007836818695068359e+00,2.235160320997238159e-01
1.554942846298217773e+00,1.547344923019409180e+00
1.846295237541198730e+00,-1.494010686874389648e-01
2.035637855529785156e+00,1.691069722175598145e+00
1.363095998764038086e+00,1.925418496131896973e+00
7.448279857635498047e-01,1.514647483825683594e+00
6.871841549873352051e-01,1.163759946823120117e+00
1.405152916908264160e+00,6.035323143005371094e-01
5.098439455032348633e-01,1.330155730247497559e+00
3.371826648712158203e+00,-1.537740111351013184e+00
1.419408202171325684e+00,-6.693892478942871094e-01
-3.553824722766876221e-01,1.949190616607666016e+00
-1.033120602369308472e-01,1.115203619003295898e+00
1.365815281867980957e+00,1.637389183044433594e+00
-4.835532903671264648e-01,2.091319799423217773e+00
2.340893745422363281e+00,-4.219521582126617432e-02
2.279641151428222656e+00,3.589971959590911865e-01
8.298016786575317383e-01,1.407944798469543457e+00
9.380014538764953613e-01,7.128800749778747559e-01
8.892158269882202148e-01,2.324192523956298828e+00
3.237660884857177734e+00,1.491904497146606445e+00
1.458916664123535156e+00,2.202588558197021484e+00
8.526929020881652832e-01,3.563324809074401855e-01
1.124870419502258301e+00,1.658809661865234375e+00
2.017859935760498047e+00,1.216720342636108398e-01
1.373608350753784180e+00,1.597100138664245605e+00
1.916730284690856934e+00,-1.222771331667900085e-01
1.825696825981140137e-01,1.921942234039306641e+00
1.412470102310180664e+00,7.644728422164916992e-01
2.243136882781982422e+00,1.159747615456581116e-01
2.270080089569091797e+00,6.870310902595520020e-01
1.297912955284118652e+00,1.384586691856384277e+00
2.315350055694580078e+00,2.448424994945526123e-01
2.449481487274169922e+00,2.195693552494049072e-01
-4.412755370140075684e-01,1.958153247833251953e+00
2.380279541015625000e+00,1.226584985852241516e-01
-6.747183203697204590e-02,-1.438705176115036011e-01
1.445914983749389648e+00,2.142665147781372070e+00
1.485253572463989258e+00,9.476129412651062012e-01
7.677206993103027344e-01,1.184457182884216309e+00
-3.784905374050140381e-01,1.131565570831298828e+00
1.117034196853637695e+00,1.255298376083374023e+00
-3.976634740829467773e-01,1.459112048149108887e+00
1.518559575080871582e+00,-1.710727810859680176e-01
2.813358306884765625e+00,1.970485687255859375e+00
1.481740474700927734e+00,1.556913375854492188e+00
1.208522796630859375e+00,1.442176222801208496e+00
2.609006881713867188e+00,9.695232510566711426e-01
-3.012196719646453857e-01,1.142954587936401367e+00
1.076579213142395020e+00,5.666773319244384766e-01
1.395277827978134155e-01,7.321788072586059570e-01
1.479311287403106689e-01,1.017900824546813965e+00
1.211293220520019531e+00,-3.540943264961242676e-01
3.561713695526123047e+00,-1.566868066787719727e+00
5.780882239341735840e-01,4.490691125392913818e-01
5.586068034172058105e-01,-5.084388703107833862e-02
3.173474371433258057e-01,2.043454408645629883e+00
-1.580686867237091064e-01,9.035109877586364746e-01
1.847736597061157227e+00,-2.440497726202011108e-01
2.149477481842041016e+00,1.551770329475402832e+00
2.708303928375244141e+00,7.451572418212890625e-01
-4.160670757293701172e+00,2.026577234268188477e+00
1.678690075874328613e+00,-1.988754868507385254e-01
1.310912132263183594e+00,5.220316052436828613e-01
2.122472286224365234e+00,-8.735822513699531555e-03
2.218301773071289062e+00,5.305557698011398315e-02
2.240128040313720703e+00,2.548908710479736328e+00
2.348697185516357422e+00,2.205800265073776245e-01
1.284476041793823242e+00,-8.376400470733642578e-01
1.287510037422180176e+00,1.601717948913574219e+00
5.076580047607421875e+00,5.220560431480407715e-01
-1.434929519891738892e-01,1.252791643142700195e+00
1.834195971488952637e+00,2.445416003465652466e-01
2.700079441070556641e+00,1.024656295776367188e+00
4.614934921264648438e-01,1.390157103538513184e+00
1.211340785026550293e+00,-5.544329881668090820e-01
-1.326077699661254883e+00,1.509741663932800293e+00
-4.603258371353149414e-01,2.581727504730224609e+00
1.438973784446716309e+00,6.451793909072875977e-01
1.309172034263610840e+00,1.399015307426452637e+00
2.565791130065917969e+00,2.232630729675292969e+00
1.449943423271179199e+00,2.517193317413330078e+00
8.317791819572448730e-01,3.613607645034790039e+00
1.425934076309204102e+00,1.210389494895935059e+00
1.666682720184326172e+00,7.367308139801025391e-01
7.973385453224182129e-01,1.408420324325561523e+00
-9.188680648803710938e-01,2.236436367034912109e+00
2.188838481903076172e+00,-1.207489892840385437e-01
1.305261015892028809e+00,1.567309975624084473e+00
2.339690685272216797e+00,5.025601983070373535e-01
1.593113541603088379e+00,-7.010349631309509277e-02
2.566702961921691895e-01,-5.907043814659118652e-01
2.955072373151779175e-02,1.494786500930786133e+00
1.310912132263183594e+00,5.220316052436828613e-01
8.106913566589355469e-01,1.333496689796447754e+00
-6.861938536167144775e-02,7.561109662055969238e-01
-8.740794658660888672e-01,8.006382584571838379e-01
1.903393626213073730e+00,-1.303856968879699707e-01
1.072213768959045410e+00,1.442579388618469238e+00
1.695896983146667480e+00,7.600606083869934082e-01
1.420906186103820801e+00,1.059806868433952332e-01
-1.335535198450088501e-01,7.974346280097961426e-01
1.931298732757568359e+00,-1.034938693046569824e-01
4.728773593902587891e+00,-7.535628080368041992e-01
2.229351997375488281e+00,7.136605679988861084e-02
2.478096008300781250e+00,1.081077933311462402e+00
1.438988566398620605e+00,5.173463225364685059e-01
1.691432714462280273e+00,-1.772144585847854614e-01
2.468378067016601562e+00,2.741206288337707520e-01
2.180881798267364502e-03,1.633441209793090820e+00
1.684577703475952148e+00,2.711136817932128906e+00
-3.033173978328704834e-01,2.123739957809448242e+00
2.932582497596740723e-01,3.341338157653808594e+00
3.017012029886245728e-02,1.059105992317199707e+00
2.541992187500000000e+00,1.322350502014160156e+00
2.853922367095947266e+00,1.053433656692504883e+00
4.960674345493316650e-01,1.296397805213928223e+00
1.570529222488403320e+00,6.085358262062072754e-01
7.912643253803253174e-02,8.416996002197265625e-01
1.440295696258544922e+00,6.200551986694335938e-01
1.182167172431945801e+00,1.322365283966064453e+00
2.460207939147949219e+00,2.610632479190826416e-01
1.370445251464843750e+00,2.883831560611724854e-01
2.105141162872314453e+00,-8.260783553123474121e-02
1.194848418235778809e+00,-9.525853991508483887e-01
4.282849133014678955e-01,1.836810946464538574e+00
2.104529857635498047e+00,2.050824277102947235e-02
1.524310231208801270e+00,-7.282384037971496582e-01
6.861428022384643555e-01,3.874756693840026855e-01
2.999002858996391296e-02,1.011343955993652344e+00
3.438902854919433594e+00,7.494287490844726562e-01
6.005040183663368225e-02,1.196556448936462402e+00
2.340893745422363281e+00,-4.219521582126617432e-02
-4.535760402679443359e+00,3.107279539108276367e+00
2.221801757812500000e+00,1.658609658479690552e-01
1.693547725677490234e+00,3.357762813568115234e+00
8.390306830406188965e-01,-4.137075692415237427e-02
1.035255193710327148e+00,1.343760609626770020e+00
1.186982989311218262e-01,7.483447790145874023e-01
2.060791015625000000e+00,-2.389715164899826050e-01
1.066916584968566895e+00,-5.070183277130126953e-01
1.839034318923950195e+00,-2.330401390790939331e-01
4.081060588359832764e-01,3.241907835006713867e+00
1.074916005134582520e+00,5.308012962341308594e-01
9.566494226455688477e-01,-5.693567395210266113e-01
1.278763532638549805e+00,1.513632893562316895e+00
3.907027244567871094e+00,1.069366812705993652e+00
1.943949699401855469e+00,9.339851140975952148e-01
4.112343788146972656e+00,2.174169778823852539e+00
1.699437856674194336e+00,2.677149176597595215e-01
3.036725044250488281e+00,2.439583539962768555e+00
3.510347843170166016e+00,1.934421509504318237e-01
-8.218407630920410156e-03,1.013026356697082520e+00
9.864773750305175781e-01,1.350739598274230957e+00
2.409130096435546875e+00,8.119957149028778076e-02
1.648136734962463379e+00,1.594510793685913086e+00
1.416611790657043457e+00,2.410041332244873047e+00
-4.581691622734069824e-01,2.367307662963867188e+00
1.119073033332824707e+00,1.457461595535278320e+00
1.865243077278137207e+00,-1.786932200193405151e-01
2.592128276824951172e+00,5.122815370559692383e-01
4.227622032165527344e+00,-8.332061171531677246e-01
-1.908730149269104004e+00,3.023969650268554688e+00
3.004070758819580078e+00,5.755470991134643555e-01
1.555653512477874756e-01,6.567686200141906738e-01
2.686305642127990723e-01,1.916504740715026855e+00
4.702391028404235840e-01,2.234675884246826172e+00
1.822288393974304199e+00,-3.252064585685729980e-01
1.910601735115051270e+00,1.030079722404479980e+00
3.643260002136230469e+00,-1.600728154182434082e+00
1.951492547988891602e+00,1.780453026294708252e-01
1.772075295448303223e+00,1.338838338851928711e+00
1.313565611839294434e+00,1.314926624298095703e+00
3.634427547454833984e+00,1.552544832229614258e+00
2.339690685272216797e+00,5.025601983070373535e-01
1.985753655433654785e+00,-1.587307304143905640e-01
1.650866270065307617e+00,-2.169494777917861938e-01
9.513629078865051270e-01,6.362280845642089844e-01
2.559433937072753906e+00,2.169119715690612793e-01
-4.047925472259521484e-01,1.498625397682189941e+00
2.084884166717529297e+00,1.538068056106567383e-01
9.757362604141235352e-01,1.902750372886657715e+00
2.121179580688476562e+00,-2.262477725744247437e-01
9.995521903038024902e-01,2.453635454177856445e+00
1.542108654975891113e+00,5.709887742996215820e-01
1.405100703239440918e+00,8.908952772617340088e-02
4.478372573852539062e+00,9.203062057495117188e-01
2.268484115600585938e+00,-1.530287712812423706e-01
3.628254890441894531e+00,1.408360123634338379e+00
1.264557719230651855e+00,1.949147343635559082e+00
4.928182125091552734e+00,-1.121510863304138184e+00
5.571118369698524475e-02,8.845793008804321289e-01
3.200088977813720703e+00,-1.435568451881408691e+00
1.814168453216552734e+00,-1.711878478527069092e-01
6.715075969696044922e-01,1.960572719573974609e+00
2.835358142852783203e+00,3.131099045276641846e-01
3.980701044201850891e-02,8.685742616653442383e-01
-1.259837299585342407e-01,1.056895852088928223e+00
1.921543121337890625e+00,-2.444560378789901733e-01
1.462163925170898438e-01,6.194098591804504395e-01
1.623772382736206055e+00,5.771636962890625000e-01
1.628142118453979492e+00,-1.085873246192932129e-01
-4.437891840934753418e-01,2.258711814880371094e+00
2.134026527404785156e+00,4.529461264610290527e-02
1.003857135772705078e+00,5.126372575759887695e-01
1.549602746963500977e+00,2.670612812042236328e+00
1.458204388618469238e+00,6.019907593727111816e-01
1.067112803459167480e+00,1.106651544570922852e+00
1.348772048950195312e-01,6.222903728485107422e-01
8.151707053184509277e-01,9.528910517692565918e-01
2.517499923706054688e+00,7.598830759525299072e-02
1.001378536224365234e+00,2.056103467941284180e+00
3.740694522857666016e+00,2.546280063688755035e-02
2.542684078216552734e+00,1.416668295860290527e+00
-9.866195917129516602e-01,1.634860038757324219e+00
2.146941661834716797e+00,1.391043782234191895e+00
1.727512359619140625e+00,-2.255449444055557251e-01
8.268855214118957520e-01,1.145977020263671875e+00
1.119201928377151489e-01,8.583717942237854004e-01
1.458204388618469238e+00,6.019907593727111816e-01
4.100805282592773438e+00,2.266542986035346985e-03
2.647073745727539062e+00,1.309481143951416016e+00
1.489766716957092285e+00,2.345194101333618164e+00
-3.567326962947845459e-01,1.759897232055664062e+00
1.746370911598205566e+00,2.618133306503295898e+00
4.059527397155761719e+00,6.956300139427185059e-01
4.553140640258789062e+00,-8.208757638931274414e-01
4.486350059509277344e+00,-1.905554413795471191e+00
1.414730548858642578e+00,1.204278767108917236e-01
9.636908024549484253e-02,1.145261764526367188e+00
1.506984949111938477e+00,8.800986409187316895e-01
8.138058185577392578e-01,5.891906023025512695e-01
1.879916667938232422e+00,1.057282090187072754e-01
8.592025637626647949e-01,3.815396428108215332e-01
1.218118190765380859e+00,-8.697906136512756348e-01
3.043808937072753906e+00,5.611255764961242676e-01
2.100600242614746094e+00,-2.368395477533340454e-01
4.344617724418640137e-01,-9.578398615121841431e-02
2.204878330230712891e+00,-2.757243216037750244e-01
1.218471884727478027e+00,1.422739624977111816e+00
2.171126365661621094e+00,5.028384923934936523e-02
1.126133203506469727e-01,4.122961163520812988e-01
3.883694648742675781e+00,2.439581304788589478e-01
1.705978512763977051e+00,-3.342927992343902588e-01
1.266241669654846191e+00,-9.780356287956237793e-02
4.194513335824012756e-02,8.855684995651245117e-01
7.051771283149719238e-01,1.248436331748962402e+00
4.666093885898590088e-01,1.288588881492614746e+00
3.297404766082763672e+00,1.203083038330078125e+00
1.630324482917785645e+00,1.149236679077148438e+00
1.706144332885742188e+00,7.612518668174743652e-01
6.158521771430969238e-01,5.665051937103271484e-01
1.268491864204406738e+00,1.971181511878967285e+00
1.838726043701171875e+00,5.360234975814819336e-01
-3.377001583576202393e-01,1.948354244232177734e+00
3.510347843170166016e+00,1.934421509504318237e-01
1.559682369232177734e+00,-6.827610135078430176e-01
7.817353308200836182e-02,1.100281119346618652e+00
2.073310852050781250e+00,1.378713697195053101e-01
2.306697845458984375e+00,1.519237905740737915e-01
2.715977668762207031e+00,2.194492816925048828e-01
5.667226791381835938e+00,3.539876699447631836e+00
1.299034833908081055e+00,2.082680225372314453e+00
6.475220918655395508e-01,1.026833057403564453e+00
1.948895454406738281e+00,-2.576015703380107880e-02
-9.190835058689117432e-03,1.240545511245727539e+00
7.056714296340942383e-01,2.338815689086914062e+00
7.448279857635498047e-01,1.514647483825683594e+00
2.302845954895019531e+00,1.490849554538726807e-01
1.785876035690307617e+00,2.622814476490020752e-01
4.302257597446441650e-01,3.696277439594268799e-01
1.205984830856323242e+00,7.869365811347961426e-01
4.631841778755187988e-01,2.019006729125976562e+00
1.014334559440612793e+00,1.095229506492614746e+00
1.210449695587158203e+00,1.360627889633178711e+00
2.328367233276367188e+00,1.202099084854125977e+00
1.921543121337890625e+00,-2.444560378789901733e-01
9.514162540435791016e-01,4.619834721088409424e-01
-7.319235801696777344e-01,4.814793467521667480e-01
2.463973999023437500e+00,-6.554496884346008301e-01
1.863977670669555664e+00,7.035527229309082031e-01
-5.896305441856384277e-01,2.177273482084274292e-01
1.240531444549560547e+00,1.652468681335449219e+00
4.079280853271484375e+00,7.324715852737426758e-01
1.644865274429321289e+00,-1.981362402439117432e-01
1.595903754234313965e+00,-7.654009014368057251e-02
-8.751697540283203125e-01,2.078505992889404297e+00
-2.073870658874511719e+00,1.614508986473083496e+00
1.099914312362670898e-02,9.434378743171691895e-01
1.698699831962585449e+00,-3.403150737285614014e-01
9.072643518447875977e-01,6.306009292602539062e-01
1.555804133415222168e+00,3.223684132099151611e-01
2.169923782348632812e+00,-2.182960212230682373e-01
-1.908730149269104004e+00,3.023969650268554688e+00
3.764934062957763672e+00,1.851852297782897949e+00
1.337946534156799316e+00,1.919345974922180176e+00
-4.870501160621643066e-01,1.639015555381774902e+00
1.552177548408508301e+00,6.433942914009094238e-01
-2.882321774959564209e-01,1.484844088554382324e+00
3.584794521331787109e+00,-5.043745040893554688e-01
6.611800193786621094e-01,1.506120324134826660e+00
1.955469608306884766e+00,2.273908376693725586e+00
2.158346176147460938e+00,-7.986300438642501831e-02
1.645776271820068359e+00,7.698706388473510742e-01
8.095861673355102539e-01,1.171577215194702148e+00
1.154747724533081055e+00,6.400112062692642212e-02
-6.652551889419555664e-01,1.344945788383483887e+00
1.377447962760925293e+00,1.571500420570373535e+00
1.668634295463562012e+00,5.921834707260131836e-01
1.718415141105651855e+00,7.813747525215148926e-01
-3.647214770317077637e-01,1.629224061965942383e+00
3.391577243804931641e+00,1.770668476819992065e-01
1.001493811607360840e+00,2.439582347869873047e+00
2.067250728607177734e+00,-3.028695471584796906e-02
1.380057692527770996e+00,6.719736456871032715e-01
1.943771719932556152e+00,-1.426245272159576416e-01
1.548165559768676758e+00,1.350210905075073242e-01
1.644865274429321289e+00,-1.981362402439117432e-01
2.700079441070556641e+00,1.024656295776367188e+00
7.312895655632019043e-01,4.532038867473602295e-01
3.118590831756591797e+00,5.772013664245605469e-01
1.337946534156799316e+00,1.919345974922180176e+00
8.621286749839782715e-01,1.526388898491859436e-02
3.915031433105468750e+00,5.119429528713226318e-02
1.828114628791809082e+00,4.790581762790679932e-01
2.101892471313476562e+00,3.319489955902099609e-02
1.454421997070312500e+00,2.183031558990478516e+00
1.919851183891296387e+00,-1.423455476760864258e-01
1.286841034889221191e+00,2.012452483177185059e-01
1.123969316482543945e+00,1.261475086212158203e+00
2.342817306518554688e+00,1.225124523043632507e-01
1.393550038337707520e+00,-2.169742584228515625e-01
2.145824432373046875e+00,-1.783785782754421234e-02
1.269930243492126465e+00,1.538527250289916992e+00
2.103647232055664062e+00,-8.812104910612106323e-02
4.157447338104248047e+00,5.585905313491821289e-01
6.225091814994812012e-01,1.551470875740051270e+00
1.647998690605163574e+00,1.161730170249938965e+00
3.371882438659667969e+00,2.083064317703247070e+00
9.589458703994750977e-01,8.011304140090942383e-01
2.040957450866699219e+00,2.129038095474243164e+00
6.135460138320922852e-01,5.198808312416076660e-01
1.808632612228393555e+00,1.484466910362243652e+00
4.504136562347412109e+00,-1.829801559448242188e+00
2.167456626892089844e+00,9.995356798171997070e-01
1.911711096763610840e+00,9.281617999076843262e-01
1.152243912220001221e-01,5.348100662231445312e-01
8.141389489173889160e-02,7.531715631484985352e-01
1.247453093528747559e+00,-3.007639646530151367e-01
1.134874939918518066e+00,3.141386270523071289e+00
2.529851436614990234e+00,2.630532383918762207e-01
1.876106739044189453e+00,1.500162482261657715e+00
2.144363880157470703e+00,3.241621702909469604e-02
-1.554071903228759766e-03,6.261391639709472656e-01
-1.698826193809509277e+00,2.182247877120971680e+00
3.469977378845214844e+00,2.028558403253555298e-01
1.791650652885437012e+00,3.032438516616821289e+00
9.088191986083984375e-01,5.335716605186462402e-01
9.734789133071899414e-01,1.236182451248168945e+00
1.681163311004638672e+00,-2.325950264930725098e-01
3.173474371433258057e-01,2.043454408645629883e+00
1.207645654678344727e+00,-7.219078391790390015e-02
1.965654730796813965e+00,1.705800294876098633e+00
1.073141932487487793e+00,1.233358383178710938e+00
-9.465726613998413086e-01,6.428113579750061035e-01
1.872779965400695801e+00,-1.215720996260643005e-01
1.244230389595031738e+00,1.728375077247619629e+00
1.416328430175781250e+00,-1.347386986017227173e-01
7.863374352455139160e-01,3.248018026351928711e-02
2.070421695709228516e+00,-2.115190774202346802e-01
6.995595097541809082e-01,1.381340146064758301e+00
-2.349315583705902100e-01,1.601024389266967773e+00
7.691074609756469727e-01,1.282925248146057129e+00
1.397879570722579956e-01,1.249704480171203613e+00
1.749304413795471191e+00,7.871316671371459961e-01
7.676274180412292480e-01,6.889198422431945801e-01
-1.269201636314392090e+00,8.791299462318420410e-01
1.823439121246337891e+00,2.427623748779296875e+00
-1.485213875770568848e+00,2.218161106109619141e+00
2.859800338745117188e+00,3.715645968914031982e-01
1.900663971900939941e-01,1.017611503601074219e+00
1.353162765502929688e+00,6.922319531440734863e-02
2.328310012817382812e+00,7.395542860031127930e-01
1.593096375465393066e+00,-2.478536516427993774e-01
3.347348421812057495e-02,1.169155120849609375e+00
3.036725044250488281e+00,2.439583539962768555e+00
1.826561689376831055e+00,1.390035390853881836e+00
4.092034816741943359e+00,1.320378661155700684e+00
1.471421837806701660e+00,2.698710441589355469e+00
9.471983313560485840e-01,1.395113348960876465e+00
-5.927532911300659180e-04,9.158088564872741699e-01
1.702112197875976562e+00,4.019665420055389404e-01
-5.356604456901550293e-01,5.482479929924011230e-01
8.211294412612915039e-01,5.747477412223815918e-01
1.609961986541748047e+00,-1.621302366256713867e-01
1.876134634017944336e+00,1.952059566974639893e-01
2.907386302947998047e+00,4.720656573772430420e-01
7.649338245391845703e-01,9.602106809616088867e-01
7.072953134775161743e-02,1.451327204704284668e+00
1.814168453216552734e+00,-1.711878478527069092e-01
1.187325835227966309e+00,-1.254213787615299225e-02
-8.534564077854156494e-02,1.114355802536010742e+00
3.070850968360900879e-01,1.323899269104003906e+00
4.667730629444122314e-01,1.981154441833496094e+00
1.257888197898864746e+00,1.396419167518615723e+00
6.527325510978698730e-01,5.086728334426879883e-01
2.448747158050537109e+00,1.349329352378845215e-01
2.015929937362670898e+00,3.081750497221946716e-02
4.961599826812744141e+00,9.737226366996765137e-01
-3.485902249813079834e-01,1.001621723175048828e+00
4.169559180736541748e-01,2.013374328613281250e+00
5.667536854743957520e-01,-4.092688858509063721e-01
1.260672569274902344e+00,1.100004196166992188e+00
1.427410602569580078e+00,5.400227755308151245e-02
1.684631943702697754e+00,7.583112120628356934e-01
3.810148715972900391e+00,1.661521553993225098e+00
3.686831891536712646e-02,1.065592408180236816e+00
7.212140560150146484e-01,1.288842439651489258e+00
1.577369332313537598e+00,9.158139824867248535e-01
-6.378784179687500000e-01,3.535640478134155273e+00
2.299643039703369141e+00,1.807917058467864990e-01
4.111247658729553223e-01,2.387577295303344727e+00
1.873244881629943848e+00,-1.160583868622779846e-01
-6.391885280609130859e-01,2.025717735290527344e+00
1.910344958305358887e+00,8.641382455825805664e-01
9.407123923301696777e-01,6.110091209411621094e-01
9.818202257156372070e-01,-1.552943587303161621e-01
2.087933063507080078e+00,1.204618662595748901e-01
7.862205505371093750e-01,1.215061306953430176e+00
2.111104011535644531e+00,1.037929579615592957e-01
3.371882438659667969e+00,2.083064317703247070e+00
1.351722836494445801e+00,2.583706140518188477e+00
1.948954343795776367e+00,4.625293426215648651e-03
1.762557625770568848e+00,6.229976415634155273e-01
1.202686786651611328e+00,1.100198388099670410e+00
5.941900014877319336e-01,4.192087650299072266e-01
1.804676175117492676e+00,4.508539438247680664e-01
1.897206187248229980e+00,1.940799355506896973e+00
1.436890244483947754e+00,3.824928998947143555e-01
1.093032717704772949e+00,8.874936699867248535e-01
1.418824434280395508e+00,2.082967519760131836e+00
1.026752471923828125e+00,4.783639013767242432e-01
1.600638151168823242e+00,-6.610609591007232666e-02
2.542724132537841797e+00,2.703046202659606934e-01
1.554284214973449707e+00,5.488148331642150879e-01
1.022028803825378418e+00,6.428937911987304688e-01
5.503748655319213867e-01,1.644449710845947266e+00
1.292689323425292969e+00,-8.573539853096008301e-01
-1.479730129241943359e+00,2.374439716339111328e+00
2.271308898925781250e+00,1.722870916128158569e-01
9.585797786712646484e-01,1.042672872543334961e+00
1.152830481529235840e+00,1.287589073181152344e+00
1.776213884353637695e+00,8.270896077156066895e-01
1.101128220558166504e+00,-2.624280937016010284e-02
1.118438839912414551e+00,1.599923014640808105e+00
1.051601648330688477e+00,3.063328266143798828e-01
2.305272102355957031e+00,2.580901980400085449e-01
2.169923782348632812e+00,-2.182960212230682373e-01
3.416057825088500977e-01,-2.314342185854911804e-03
1.784269928932189941e+00,-1.362115889787673950e-01
4.134902000427246094e+00,-1.324579715728759766e+00
3.346957206726074219e+00,1.159170031547546387e+00
2.140068531036376953e+00,-3.778149932622909546e-02
1.637959182262420654e-01,7.140898108482360840e-01
-3.249992728233337402e-01,7.211854457855224609e-01
9.689128398895263672e-01,1.494938492774963379e+00
1.839034318923950195e+00,-2.330401390790939331e-01
-3.647214770317077637e-01,1.629224061965942383e+00
1.640471816062927246e+00,-1.458849608898162842e-01
9.840795397758483887e-01,-4.982791841030120850e-01
6.534607410430908203e-01,1.121409177780151367e+00
-4.530476331710815430e-01,1.711235880851745605e+00
2.134026527404785156e+00,4.529461264610290527e-02
1.915568709373474121e+00,-5.250876396894454956e-02
4.083714962005615234e+00,-2.223156578838825226e-02
4.937927126884460449e-01,1.949932575225830078e+00
3.749266624450683594e+00,1.666501998901367188e+00
9.439420104026794434e-01,1.409543991088867188e+00
4.112343788146972656e+00,2.174169778823852539e+00
2.823770523071289062e+00,1.420418620109558105e+00
7.270440578460693359e+00,1.729614973068237305e+00
1.901159286499023438e+00,1.023248791694641113e+00
1.050993680953979492e+00,1.363198161125183105e+00
1.061009168624877930e+00,1.766738891601562500e+00
1.289400458335876465e+00,5.784537792205810547e-01
1.481616258621215820e+00,7.512363195419311523e-01
1.061227679252624512e+00,1.029802918434143066e+00
4.009641706943511963e-01,2.611840963363647461e+00
1.718415141105651855e+00,7.813747525215148926e-01
5.105151176452636719e+00,4.944506883621215820e-01
1.038451790809631348e+00,-5.555632114410400391e-01
6.164213418960571289e-01,1.515836715698242188e+00
3.100207805633544922e+00,1.058475971221923828e+00
1.158481121063232422e+00,6.987939476966857910e-01
4.083714962005615234e+00,-2.223156578838825226e-02
1.210449695587158203e+00,1.360627889633178711e+00
1.285690188407897949e+00,1.222412109375000000e+00
5.048278570175170898e-01,1.411418557167053223e+00
1.027881145477294922e+00,1.913708209991455078e+00
1.219939112663269043e+00,1.429703950881958008e+00
3.838682651519775391e+00,2.187357664108276367e+00
9.380014538764953613e-01,7.128800749778747559e-01
-3.598666936159133911e-02,1.060871362686157227e+00
7.348327636718750000e-01,1.486337423324584961e+00
-3.930637240409851074e-01,5.993899106979370117e-01
5.588386535644531250e+00,2.969945669174194336e-01
1.375752806663513184e+00,6.930766105651855469e-01
7.128574252128601074e-01,4.337208271026611328e-01
-1.259085983037948608e-01,1.546759247779846191e+00
1.824672698974609375e+00,-1.348478049039840698e-01
8.357203602790832520e-01,1.088992118835449219e+00
1.342937231063842773e+00,1.441451162099838257e-02
2.323138236999511719e+00,7.428824901580810547e-01
5.487876534461975098e-01,1.317812919616699219e+00
-1.934394985437393188e-02,5.758132338523864746e-01
-6.092433333396911621e-01,2.095811605453491211e+00
3.348657608032226562e+00,1.162475109100341797e+00
2.220404624938964844e+00,1.938263326883316040e-01
1.479311287403106689e-01,1.017900824546813965e+00
1.243574976921081543e+00,1.384386539459228516e+00
1.684631943702697754e+00,7.583112120628356934e-01
1.190709710121154785e+00,1.481073498725891113e+00
1.556501150131225586e+00,-6.436914205551147461e-01
-2.419842779636383057e-01,1.700647354125976562e+00
7.976489067077636719e-01,-9.186085313558578491e-02
3.309654235839843750e+00,1.657656788825988770e+00
1.637021541595458984e+00,6.085041761398315430e-01
1.206293582916259766e+00,1.392613291740417480e+00
2.913676261901855469e+00,3.865721523761749268e-01
1.419557452201843262e+00,1.988664746284484863e+00
1.552137374877929688e+00,1.559144973754882812e+00
7.011427879333496094e-01,1.540030121803283691e+00
2.307102203369140625e+00,1.004052042961120605e+00
9.228262305259704590e-01,5.332598090171813965e-01
1.492740273475646973e+00,2.066057205200195312e+00
1.104413986206054688e+00,1.342504382133483887e+00
1.152243912220001221e-01,5.348100662231445312e-01
3.167610645294189453e+00,1.615304470062255859e+00
1.038759469985961914e+00,1.407732963562011719e+00
1.231101989746093750e+00,1.403168916702270508e+00
1.050165772438049316e+00,3.225530385971069336e-01
1.249902606010437012e+00,1.150496006011962891e+00
1.911838769912719727e+00,-1.752930134534835815e-01
1.244846105575561523e+00,1.576523303985595703e+00
8.298016786575317383e-01,1.407944798469543457e+00
1.170852482318878174e-01,1.141088604927062988e+00
7.986503243446350098e-01,1.076115489006042480e+00
-4.423749446868896484e-01,-3.278649747371673584e-01
1.555565237998962402e+00,1.367303252220153809e+00
-1.695809513330459595e-01,7.221109271049499512e-01
2.420945644378662109e+00,2.573682963848114014e-01
4.386448562145233154e-01,2.627118349075317383e+00
7.886074781417846680e-01,5.382319092750549316e-01
1.623360514640808105e+00,-2.109190970659255981e-01
1.347717642784118652e+00,6.593848466873168945e-01
-9.866195917129516602e-01,1.634860038757324219e+00
9.905635714530944824e-01,1.130052089691162109e+00
1.955469608306884766e+00,2.273908376693725586e+00
1.772859811782836914e+00,-2.344326972961425781e-01
1.223494052886962891e+00,1.317868113517761230e+00
1.526519060134887695e+00,-6.420217156410217285e-01
1.914961099624633789e+00,1.077636256814002991e-01
6.007367968559265137e-01,5.991970896720886230e-01
1.880900621414184570e+00,2.013331651687622070e+00
-2.283172905445098877e-01,1.346381545066833496e+00
9.116375446319580078e-01,3.776687979698181152e-01
6.298383474349975586e-01,1.122265577316284180e+00
1.123140931129455566e+00,9.517374634742736816e-01
8.892158269882202148e-01,2.324192523956298828e+00
1.242228984832763672e+00,1.370754599571228027e+00
2.187596797943115234e+00,8.773832768201828003e-02
2.440598487854003906e+00,2.640903592109680176e-01
3.279366970062255859e+00,1.354767382144927979e-01
1.735779285430908203e+00,2.342380762100219727e+00
1.507642388343811035e+00,8.272619247436523438e-01
1.323920965194702148e+00,1.214638590812683105e+00
1.647027611732482910e+00,3.220389783382415771e-01
3.980701044201850891e-02,8.685742616653442383e-01
1.308189153671264648e+00,1.599750399589538574e+00
8.431051969528198242e-01,1.294277548789978027e+00
6.632757782936096191e-01,1.270274877548217773e+00
3.211363777518272400e-02,9.206541776657104492e-01
6.090419292449951172e-01,1.621283292770385742e+00
2.925001144409179688e+00,4.869455397129058838e-01
7.500288486480712891e-01,1.406044721603393555e+00
1.297912955284118652e+00,1.384586691856384277e+00
2.548085689544677734e+00,9.561284184455871582e-01
4.874753057956695557e-01,1.485120296478271484e+00
2.376560688018798828e+00,1.725860834121704102e-01
1.308189153671264648e+00,1.599750399589538574e+00
2.285359382629394531e+00,3.582008183002471924e-02
1.508715510368347168e+00,2.283254146575927734e+00
1.691432714462280273e+00,-1.772144585847854614e-01
9.761586189270019531e-01,2.411709070205688477e+00
4.979004859924316406e+00,-4.970330893993377686e-01
5.586068034172058105e-01,-5.084388703107833862e-02
-1.113520115613937378e-01,1.713524818420410156e+00
2.694451808929443359e+00,3.008660674095153809e-01
2.121179580688476562e+00,-2.262477725744247437e-01
9.153090119361877441e-01,1.726203918457031250e+00
1.436639070510864258e+00,7.696776092052459717e-02
-9.201744198799133301e-01,2.111436367034912109e+00
-2.597379684448242188e-01,1.780319809913635254e+00
-1.554071903228759766e-03,6.261391639709472656e-01
2.405187606811523438e+00,2.776178121566772461e+00
4.092034816741943359e+00,1.320378661155700684e+00
1.357029795646667480e+00,-9.996732473373413086e-01
2.721607208251953125e+00,2.593335390090942383e+00
9.023982286453247070e-01,4.755283892154693604e-01
6.500209569931030273e-01,5.620893239974975586e-01
8.046948313713073730e-01,1.483042120933532715e+00
1.807839393615722656e+00,1.417513657361268997e-02
-6.484628319740295410e-01,9.740065932273864746e-01
2.305921077728271484e+00,1.631802082061767578e+00
1.114436745643615723e+00,1.366966962814331055e+00
5.410901069641113281e+00,1.560675740242004395e+00
1.825696825981140137e-01,1.921942234039306641e+00
1.024336814880371094e+00,4.666274487972259521e-01
1.971009746193885803e-02,1.227984309196472168e+00
1.087722778320312500e+00,1.488160729408264160e+00
1.311544656753540039e+00,5.006331801414489746e-01
9.095937013626098633e-01,4.068588018417358398e-01
-1.485481858253479004e-01,1.498742818832397461e+00
1.650866270065307617e+00,-2.169494777917861938e-01
4.020820140838623047e+00,1.204169988632202148e+00
4.883666709065437317e-02,1.048143863677978516e+00
1.142279028892517090e+00,3.108593463897705078e+00
-7.564456462860107422e-01,2.737955570220947266e+00
2.096271991729736328e+00,2.836826324462890625e+00
1.482720017433166504e+00,-9.908059835433959961e-01
2.002633333206176758e+00,-2.024365812540054321e-01
1.497838139533996582e+00,1.469346404075622559e+00
5.667682290077209473e-01,1.523819446563720703e+00
2.002412557601928711e+00,-3.434461057186126709e-01
1.510025501251220703e+00,-1.124690651893615723e+00
1.607701897621154785e+00,3.045568943023681641e+00
5.914155244827270508e-01,3.348329544067382812e+00
-1.598940044641494751e-02,9.326390027999877930e-01
2.061823844909667969e+00,9.618361592292785645e-01
3.550276160240173340e-01,2.063404321670532227e+00
1.543552517890930176e+00,6.945596337318420410e-01
2.045510768890380859e+00,-3.687432408332824707e-02
-4.945103526115417480e-01,2.270310640335083008e+00
1.917832255363464355e+00,-9.787034243345260620e-02
8.852801322937011719e-01,4.992642402648925781e-01
2.543018162250518799e-01,1.625995755195617676e+00
2.931266784667968750e+00,1.391411066055297852e+00
1.380973815917968750e+00,1.270667314529418945e+00
1.225578784942626953e+00,7.278294563293457031e-01
1.720987796783447266e+00,7.723129391670227051e-01
1.892760038375854492e+00,2.976684808731079102e+00
9.508503675460815430e-01,5.829849243164062500e-01
2.380944252014160156e+00,5.899887681007385254e-01
1.953065514564514160e+00,-1.436830013990402222e-01
1.905862331390380859e+00,-1.776595562696456909e-01
2.441083431243896484e+00,4.946514368057250977e-01
1.214713573455810547e+00,1.964930176734924316e+00
1.823010921478271484e+00,-2.278206348419189453e-01
9.843362569808959961e-01,2.019754886627197266e+00
2.852438449859619141e+00,3.067808747291564941e-01
-3.976634740829467773e-01,1.459112048149108887e+00
-7.996737360954284668e-01,2.459892272949218750e+00
4.601429700851440430e-01,1.880737900733947754e+00
5.367947816848754883e-01,1.158076047897338867e+00
2.066682338714599609e+00,9.398219585418701172e-01
3.347348421812057495e-02,1.169155120849609375e+00
1.390789866447448730e+00,1.328617215156555176e+00
-3.522140383720397949e-01,1.017446637153625488e+00
-8.218407630920410156e-03,1.013026356697082520e+00
1.092695951461791992e+00,-5.874827504158020020e-01
1.519990682601928711e+00,1.842619776725769043e+00
1.737982630729675293e+00,-1.233444586396217346e-01
2.285405635833740234e+00,2.221596390008926392e-01
1.841041684150695801e+00,-1.484671384096145630e-01
1.226326704025268555e+00,3.780032992362976074e-01
3.583658039569854736e-01,2.428460717201232910e-01
-1.942635178565979004e+00,3.286382675170898438e+00
2.460207939147949219e+00,2.610632479190826416e-01
4.386448562145233154e-01,2.627118349075317383e+00
7.348327636718750000e-01,1.486337423324584961e+00
3.724646568298339844e-02,9.924733042716979980e-01
1.061227679252624512e+00,1.029802918434143066e+00
-5.805902481079101562e-01,2.454670667648315430e+00
6.919255256652832031e-01,1.362845659255981445e+00
2.232678413391113281e+00,2.394863605499267578e+00
1.911838769912719727e+00,-1.752930134534835815e-01
-7.996879220008850098e-01,1.604310750961303711e+00
1.729707121849060059e+00,1.588680446147918701e-01
4.398405253887176514e-01,3.859153687953948975e-01
-3.407535552978515625e-01,1.009434103965759277e+00
1.863977670669555664e+00,7.035527229309082031e-01
1.749304413795471191e+00,7.871316671371459961e-01
1.100296139717102051e+00,1.394941687583923340e+00
-2.419842779636383057e-01,1.700647354125976562e+00
2.237792968750000000e+00,1.071416974067687988e+00
2.704429626464843750e+00,4.973208010196685791e-01
5.505384206771850586e-01,1.266808867454528809e+00
1.788351655006408691e+00,3.419094085693359375e+00
2.175517559051513672e+00,1.242775082588195801e+00
3.182741641998291016e+00,1.259002387523651123e-01
1.807976126670837402e+00,-2.585503458976745605e-01
9.668514728546142578e-01,3.973629176616668701e-01
1.689433455467224121e+00,-8.457232266664505005e-02
8.663291335105895996e-01,3.988499641418457031e-01
1.957692384719848633e+00,-1.532139331102371216e-01
-9.012689590454101562e-01,1.788550138473510742e+00
1.394427180290222168e+00,1.669773459434509277e+00
1.612752556800842285e+00,2.370683193206787109e+00
2.084306716918945312e+00,9.816414117813110352e-01
2.028044700622558594e+00,2.215205729007720947e-01
1.838543176651000977e+00,6.998031735420227051e-01
2.195486068725585938e+00,-6.960097700357437134e-03
5.149481296539306641e+00,-6.127035617828369141e-02
7.791349887847900391e-01,1.347084164619445801e+00
-7.332212328910827637e-01,2.245019674301147461e+00
1.128817200660705566e+00,1.501005411148071289e+00
1.810991644859313965e+00,7.387567758560180664e-01
2.142903327941894531e+00,1.274258643388748169e-01
9.716172814369201660e-01,6.652578711509704590e-01
8.211294412612915039e-01,5.747477412223815918e-01
2.102129459381103516e+00,-9.487244486808776855e-02
6.115499734878540039e-01,1.733066916465759277e+00
7.418650984764099121e-01,1.631687045097351074e+00
7.986503243446350098e-01,1.076115489006042480e+00
3.267837047576904297e+00,1.524875402450561523e+00
3.686831891536712646e-02,1.065592408180236816e+00
6.579009294509887695e-01,4.097082912921905518e-01
1.442589521408081055e+00,6.422537565231323242e-01
1.194495439529418945e+00,1.315401077270507812e+00
1.384789943695068359e+00,6.728956103324890137e-01
1.830062150955200195e+00,-9.486758708953857422e-02
2.757011413574218750e+00,2.256665080785751343e-01
1.835872173309326172e+00,8.219237327575683594e-01
1.533726572990417480e+00,5.687255859375000000e-01
1.247376561164855957e+00,1.520000815391540527e+00
2.344579219818115234e+00,1.647105962038040161e-01
2.393201828002929688e+00,6.432907283306121826e-02
8.146817088127136230e-01,9.419000744819641113e-01
1.883264303207397461e+00,9.384273886680603027e-01
1.153090357780456543e+00,1.239408850669860840e+00
4.601429700851440430e-01,1.880737900733947754e+00
2.242854118347167969e+00,1.036996364593505859e+00
2.370751380920410156e+00,2.126359194517135620e-01
3.156038284301757812e+00,5.777140855789184570e-01
1.657259583473205566e+00,1.406968593597412109e+00
4.060597717761993408e-01,1.610092520713806152e+00
6.033426523208618164e-01,1.331398725509643555e+00
1.552137374877929688e+00,1.559144973754882812e+00
3.883694648742675781e+00,2.439581304788589478e-01
-1.594861984252929688e+00,2.914084196090698242e+00
1.362526297569274902e+00,1.622487902641296387e+00
2.299713611602783203e+00,1.488656252622604370e-01
1.678707718849182129e+00,-1.215571239590644836e-01
4.375993609428405762e-01,1.087207794189453125e+00
1.285980463027954102e+00,1.273096650838851929e-01
2.530119195580482483e-02,1.029263377189636230e+00
1.626493334770202637e+00,-5.189058184623718262e-01
4.352065920829772949e-01,4.205909967422485352e-01
2.522259235382080078e+00,4.776642620563507080e-01
-2.650655806064605713e-03,1.017449617385864258e+00
3.011590987443923950e-02,1.262628078460693359e+00
6.919255256652832031e-01,1.362845659255981445e+00
1.438988566398620605e+00,5.173463225364685059e-01
1.890533685684204102e+00,-1.362083703279495239e-01
1.658818602561950684e+00,5.782362818717956543e-01
3.382554054260253906e+00,1.051291227340698242e+00
1.010854005813598633e+00,1.369778156280517578e+00
1.387101531028747559e+00,1.157703623175621033e-01
1.153775453567504883e+00,6.587172150611877441e-01
1.543552517890930176e+00,6.945596337318420410e-01
1.389329671859741211e+00,-1.959511786699295044e-01
1.373608350753784180e+00,1.597100138664245605e+00
2.191985607147216797e+00,1.064746528863906860e-01
2.175517559051513672e+00,1.242775082588195801e+00
1.808632612228393555e+00,1.484466910362243652e+00
1.485253572463989258e+00,9.476129412651062012e-01
2.047710418701171875e+00,-6.649267673492431641e-02
1.166687011718750000e+00,1.209140896797180176e+00
4.858704566955566406e+00,3.643357455730438232e-01
1.006422519683837891e+00,1.053891420364379883e+00
1.477187275886535645e+00,-9.469887614250183105e-01
9.586752653121948242e-01,1.269806146621704102e+00
1.994866728782653809e+00,-5.343671888113021851e-02
7.030748724937438965e-01,4.023093283176422119e-01
2.473494037985801697e-02,-5.263554453849792480e-01
1.823517322540283203e+00,8.939850330352783203e-01
1.326289415359497070e+00,1.466260790824890137e+00
1.584092974662780762e+00,2.775161981582641602e+00
3.297404766082763672e+00,1.203083038330078125e+00
1.778634428977966309e+00,1.669079661369323730e+00
-3.674536198377609253e-02,1.154785752296447754e+00
2.230593204498291016e+00,9.477334022521972656e-01
8.472611308097839355e-01,1.183783888816833496e+00
2.220806479454040527e-02,8.248862028121948242e-01
1.177672028541564941e+00,1.435838580131530762e+00
1.793009042739868164e+00,-1.198243498802185059e+00
1.850115060806274414e+00,-1.391631960868835449e-01
-3.137700259685516357e-01,2.107580900192260742e+00
1.486600875854492188e+00,2.225883960723876953e+00
2.042208194732666016e+00,1.117111220955848694e-01
1.512331724166870117e+00,2.281260251998901367e+00
2.907386302947998047e+00,4.720656573772430420e-01
7.371671199798583984e-01,3.236512660980224609e+00
2.235989093780517578e+00,1.056487917900085449e+00
8.431051969528198242e-01,1.294277548789978027e+00
3.634427547454833984e+00,1.552544832229614258e+00
5.513689994812011719e+00,7.937104701995849609e-01
7.865577936172485352e-01,3.456601798534393311e-01
1.595903754234313965e+00,-7.654009014368057251e-02
1.070790767669677734e+00,1.851857542991638184e+00
2.549801349639892578e+00,4.204066693782806396e-01
1.678690075874328613e+00,-1.988754868507385254e-01
8.452835083007812500e-01,3.676919937133789062e-01
4.514847755432128906e+00,1.586863875389099121e+00
1.539360404014587402e+00,1.370534181594848633e+00
1.317321300506591797e+00,7.883683443069458008e-01
1.371939778327941895e+00,2.290120601654052734e+00
2.194822788238525391e+00,9.013041257858276367e-01
1.982588887214660645e+00,2.169410467147827148e+00
2.169353008270263672e+00,1.004636526107788086e+00
1.553039252758026123e-01,9.356905221939086914e-01
1.122719287872314453e+00,1.101837158203125000e+00
1.565690636634826660e+00,2.025751113891601562e+00
8.826890587806701660e-01,1.901932656764984131e-01
1.663543105125427246e+00,1.596354365348815918e+00
-2.819061279296875000e-02,9.826004505157470703e-01
1.941549301147460938e+00,2.046529054641723633e+00
1.305789232254028320e+00,1.492311477661132812e+00
8.740966320037841797e-01,4.012832045555114746e-01
1.377894401550292969e+00,-6.420893669128417969e-01
1.632570326328277588e-01,6.932111978530883789e-01
2.144962310791015625e+00,5.778664723038673401e-03
1.440243363380432129e+00,1.753738999366760254e+00
-1.800358593463897705e-01,7.638264298439025879e-01
2.290225028991699219e+00,3.386662006378173828e-01
1.196348309516906738e+00,1.476674675941467285e+00
1.007066726684570312e+00,1.381145477294921875e+00
2.581525325775146484e+00,2.813059389591217041e-01
-1.976181566715240479e-02,1.045601606369018555e+00
1.201431035995483398e+00,-1.820518076419830322e-01
1.249902606010437012e+00,1.150496006011962891e+00
1.481108546257019043e+00,2.043668746948242188e+00
1.247140169143676758e+00,-5.432554483413696289e-01
1.283912062644958496e+00,2.073285579681396484e+00
-5.273330807685852051e-01,9.851232767105102539e-01
2.999002858996391296e-02,1.011343955993652344e+00
1.505086302757263184e+00,-6.177015900611877441e-01
4.134902000427246094e+00,-1.324579715728759766e+00
5.959805846214294434e-01,1.787275791168212891e+00
1.645264506340026855e+00,8.047142624855041504e-01
6.597635746002197266e-01,1.222696542739868164e+00
1.281976938247680664e+00,3.224186897277832031e+00
1.065215349197387695e+00,1.275319933891296387e+00
2.647073745727539062e+00,1.309481143951416016e+00
5.302300930023193359e+00,1.256138086318969727e-01
3.396196961402893066e-01,2.318654060363769531e+00
1.494687438011169434e+00,9.296599030494689941e-01
1.135184168815612793e+00,-6.500841975212097168e-01
-1.107730269432067871e-01,8.466398119926452637e-01
-6.380437016487121582e-01,2.938387155532836914e+00
9.429418444633483887e-01,7.735712081193923950e-02
1.205184459686279297e+00,1.374912142753601074e+00
1.281215906143188477e+00,1.814257144927978516e+00
1.539162993431091309e+00,1.830699443817138672e+00
6.399941921234130859e+00,1.485706210136413574e+00
2.187596797943115234e+00,8.773832768201828003e-02
1.257888197898864746e+00,1.396419167518615723e+00
1.278396487236022949e+00,1.081078171730041504e+00
-1.452053666114807129e+00,2.485899209976196289e+00
9.134263396263122559e-01,4.112667739391326904e-01
-9.201744198799133301e-01,2.111436367034912109e+00
1.430956244468688965e+00,1.788038849830627441e+00
-4.628852009773254395e-02,1.113007426261901855e+00
1.492354989051818848e+00,-9.885978698730468750e-01
1.575836777687072754e+00,8.604995012283325195e-01
6.864124536514282227e-01,1.089341044425964355e+00
5.365217924118041992e-01,-8.375748991966247559e-02
-2.095851898193359375e+00,8.877075314521789551e-01
1.281208753585815430e+00,1.747221827507019043e+00
2.103647232055664062e+00,-8.812104910612106323e-02
1.539934277534484863e+00,2.298812627792358398e+00
3.425421714782714844e+00,1.629223227500915527e+00
1.853555560111999512e+00,-1.359508484601974487e-01
1.943771719932556152e+00,-1.426245272159576416e-01
8.779375553131103516e-01,-5.617650747299194336e-01
2.485001564025878906e+00,-4.956680238246917725e-01
1.874122858047485352e+00,2.090416431427001953e+00
4.089722633361816406e+00,3.370864987373352051e-01
2.043293863534927368e-01,3.022924363613128662e-01
1.776429653167724609e+00,-2.528000771999359131e-01
-5.927532911300659180e-04,9.158088564872741699e-01
1.241974830627441406e+00,7.667179107666015625e-01
8.580600023269653320e-01,1.127499222755432129e+00
1.548681497573852539e+00,-6.359005719423294067e-02
2.178478717803955078e+00,1.072167634963989258e+00
4.965726435184478760e-01,1.893536686897277832e+00
1.117034196853637695e+00,1.255298376083374023e+00
6.090419292449951172e-01,1.621283292770385742e+00
6.986297965049743652e-01,1.290437221527099609e+00
8.693170547485351562e-01,1.126092314720153809e+00
1.430956244468688965e+00,1.788038849830627441e+00
-3.377001583576202393e-01,1.948354244232177734e+00
8.580600023269653320e-01,1.127499222755432129e+00
7.862216830253601074e-01,1.930232286453247070e+00
3.382092475891113281e+00,-1.517491698265075684e+00
7.983106970787048340e-01,1.242343425750732422e+00
1.518559575080871582e+00,-1.710727810859680176e-01
4.314014315605163574e-02,1.886936902999877930e+00
1.593847155570983887e+00,-6.758013367652893066e-01
-8.023828268051147461e-02,1.089643478393554688e+00
2.293812751770019531e+00,4.052948057651519775e-01
-4.951139092445373535e-01,2.674524784088134766e+00
1.837766528129577637e+00,-1.530960202217102051e-01
1.257861495018005371e+00,1.478071808815002441e+00
2.481508255004882812e+00,2.019618302583694458e-01
1.151968002319335938e+00,1.697836279869079590e+00
-4.170002341270446777e-01,1.285230755805969238e+00
2.018946170806884766e+00,2.726492471992969513e-02
9.534318447113037109e-01,6.166170835494995117e-01
1.413483619689941406e+00,-1.334956139326095581e-01
1.038759469985961914e+00,1.407732963562011719e+00
1.761194586753845215e+00,9.772192835807800293e-01
6.319526433944702148e-01,-1.637828946113586426e-01
2.515380859375000000e+00,2.638572454452514648e-01
6.041529774665832520e-01,1.055768728256225586e+00
1.948046565055847168e+00,-2.243562638759613037e-01
1.971888661384582520e+00,-1.457084715366363525e-01
2.495530128479003906e+00,6.542035341262817383e-01
2.542724132537841797e+00,2.703046202659606934e-01
3.182741641998291016e+00,1.259002387523651123e-01
1.433785676956176758e+00,2.626437425613403320e+00
4.980811104178428650e-02,1.367186784744262695e+00
2.813358306884765625e+00,1.970485687255859375e+00
1.159281134605407715e+00,-9.119771122932434082e-01
9.905635714530944824e-01,1.130052089691162109e+00
-2.550559639930725098e-01,1.847690582275390625e+00
8.835951685905456543e-01,1.127931475639343262e+00
8.249289989471435547e-01,2.988712489604949951e-01
1.154747724533081055e+00,6.400112062692642212e-02
3.351392745971679688e+00,1.494031429290771484e+00
1.264642000198364258e+00,2.899876356124877930e+00
-3.145320415496826172e+00,9.306503534317016602e-01
1.702010393142700195e+00,1.431802153587341309e+00
8.141389489173889160e-02,7.531715631484985352e-01
-2.606923580169677734e-01,4.004237174987792969e+00
1.289668679237365723e+00,1.291600823402404785e+00
4.500295966863632202e-02,1.353522300720214844e+00
1.710105299949645996e+00,2.571828961372375488e-01
1.290974378585815430e+00,1.933698296546936035e+00
7.051771283149719238e-01,1.248436331748962402e+00
-3.970269203186035156e+00,3.066570043563842773e+00
8.189901113510131836e-01,9.788331389427185059e-01
4.807977378368377686e-01,1.260788679122924805e+00
1.297618627548217773e+00,2.832494020462036133e+00
5.883851051330566406e-01,1.218579649925231934e+00
1.508588194847106934e+00,5.686098337173461914e-01
-1.374026685953140259e-01,1.309920668601989746e+00
2.189537048339843750e+00,1.073424696922302246e+00
3.480839252471923828e+00,3.644271194934844971e-01
1.131445527076721191e+00,1.479106664657592773e+00
4.954249382019042969e+00,-1.744205206632614136e-01
3.025408744812011719e+00,5.217331647872924805e-01
2.067308425903320312e+00,1.001124531030654907e-01
3.602480888366699219e+00,2.079644680023193359e+00
2.101503372192382812e+00,3.989006578922271729e-02
1.435803890228271484e+00,2.061493873596191406e+00
1.709906816482543945e+00,-4.074463844299316406e-01
1.396007299423217773e+00,-8.276286125183105469e-01
3.573055267333984375e+00,7.621829509735107422e-01
-1.234931498765945435e-01,9.354318976402282715e-01
1.425934076309204102e+00,1.210389494895935059e+00
-1.594861984252929688e+00,2.914084196090698242e+00
1.815618634223937988e+00,2.369320392608642578e+00
4.646867215633392334e-01,-4.020213484764099121e-01
1.003857135772705078e+00,5.126372575759887695e-01
1.150289416313171387e+00,5.441579222679138184e-01
-1.107369780540466309e+00,6.102933287620544434e-01
9.528983831405639648e-01,1.132101863622665405e-01
9.733353853225708008e-01,1.214876294136047363e+00
1.198086500167846680e+00,1.134859085083007812e+00
2.523526191711425781e+00,2.023307979106903076e-01
8.526929020881652832e-01,3.563324809074401855e-01
1.250950574874877930e+00,6.520421504974365234e-01
8.565264344215393066e-01,5.901884436607360840e-01
6.855483353137969971e-02,1.690611541271209717e-01
-5.580317378044128418e-01,2.605492353439331055e+00
1.916730284690856934e+00,-1.222771331667900085e-01
1.362526297569274902e+00,1.622487902641296387e+00
2.697269439697265625e+00,5.731369256973266602e-01
2.735199451446533203e+00,2.216487169265747070e+00
2.066253662109375000e+00,-2.026097290217876434e-02
4.707649350166320801e-01,1.821237921714782715e+00
1.505673050880432129e+00,2.105302572250366211e+00
2.186284065246582031e+00,3.067539446055889130e-02
2.195486068725585938e+00,-6.960097700357437134e-03
5.046123504638671875e+00,9.397454261779785156e-01
1.097830653190612793e+00,-4.048079550266265869e-01
2.974037081003189087e-02,9.097657799720764160e-01
-3.600541055202484131e-01,1.538780450820922852e+00
-2.337379753589630127e-01,1.879122138023376465e+00
1.735800355672836304e-01,7.163673639297485352e-01
2.419349670410156250e+00,8.277148753404617310e-02
1.177672028541564941e+00,1.435838580131530762e+00
1.136950373649597168e+00,-4.896904528141021729e-01
9.848927259445190430e-01,4.467639029026031494e-01
7.026887536048889160e-01,-7.073017358779907227e-01
2.752492904663085938e+00,2.855696201324462891e+00
1.669103145599365234e+00,8.653054833412170410e-01
1.153898000717163086e+00,1.499022364616394043e+00
4.928182125091552734e+00,-1.121510863304138184e+00
2.343607425689697266e+00,2.619798108935356140e-02
1.889461040496826172e+00,1.200732946395874023e+00
2.288083076477050781e+00,-6.202056258916854858e-02
3.778767585754394531e+00,2.356268092989921570e-02
2.081589698791503906e+00,-6.681771576404571533e-02
6.279812753200531006e-02,8.105309605598449707e-01
6.633974552154541016e+00,8.957342505455017090e-01
2.576204299926757812e+00,1.460183858871459961e+00
1.067112803459167480e+00,1.106651544570922852e+00
5.503748655319213867e-01,1.644449710845947266e+00
2.609006881713867188e+00,9.695232510566711426e-01
3.583658039569854736e-01,2.428460717201232910e-01
2.096840858459472656e+00,4.959193468093872070e-01
2.110474109649658203e+00,1.272967904806137085e-01
1.411309838294982910e-01,6.060354113578796387e-01
-9.772517681121826172e-01,8.576127290725708008e-01
2.072174549102783203e+00,7.103050351142883301e-01
-6.065160632133483887e-01,2.119090080261230469e+00
1.533726572990417480e+00,5.687255859375000000e-01
1.327172517776489258e+00,1.635181307792663574e-01
-1.558617472648620605e+00,1.685218930244445801e+00
-3.861344754695892334e-01,5.838416218757629395e-01
1.396796703338623047e+00,1.327495928853750229e-02
9.761586189270019531e-01,2.411709070205688477e+00
4.030461311340332031e+00,7.186328172683715820e-01
2.079197883605957031e+00,1.006505370140075684e+00
1.264557719230651855e+00,1.949147343635559082e+00
2.932582497596740723e-01,3.341338157653808594e+00
1.640048503875732422e+00,-4.071363806724548340e-01
2.188063621520996094e+00,1.152104496955871582e+00
8.826890587806701660e-01,1.901932656764984131e-01
9.763775467872619629e-01,1.075332403182983398e+00
2.216615676879882812e+00,1.019805744290351868e-01
1.210053205490112305e+00,7.386597394943237305e-01
1.446020364761352539e+00,-8.490974903106689453e-01
1.034087657928466797e+00,1.808396577835083008e+00
1.290471673011779785e+00,-5.616176128387451172e-01
7.034047245979309082e-01,8.104228377342224121e-01
1.882433742284774780e-01,1.938362240791320801e+00
2.205536842346191406e+00,3.635275363922119141e-01
5.021373033523559570e-01,2.482371091842651367e+00
1.423647642135620117e+00,2.097319215536117554e-01
1.526519060134887695e+00,-6.420217156410217285e-01
6.725693345069885254e-01,-2.956318669021129608e-02
-2.885221838951110840e-01,1.423435091972351074e+00
1.628142118453979492e+00,-1.085873246192932129e-01
4.679238796234130859e+00,-7.116439938545227051e-01
1.273820281028747559e+00,6.852377653121948242e-01
2.180881798267364502e-03,1.633441209793090820e+00
9.049026370048522949e-01,1.055101394653320312e+00
1.279110193252563477e+00,1.288576960563659668e+00
3.250172138214111328e+00,1.460236191749572754e+00
1.911711096763610840e+00,9.281617999076843262e-01
5.505384206771850586e-01,1.266808867454528809e+00
1.187448740005493164e+00,6.325808763504028320e-01
2.218884468078613281e+00,3.588399291038513184e-02
1.729285478591918945e+00,-2.004126608371734619e-01
2.888318538665771484e+00,1.097648143768310547e+00
1.994866728782653809e+00,-5.343671888113021851e-02
6.949869394302368164e-01,5.060517191886901855e-01
1.198270440101623535e+00,1.412350177764892578e+00
1.035628020763397217e-01,9.481239318847656250e-01
1.552343130111694336e+00,6.055275201797485352e-01
7.973385453224182129e-01,1.408420324325561523e+00
1.542108654975891113e+00,5.709887742996215820e-01
1.026752471923828125e+00,4.783639013767242432e-01
1.120811343193054199e+00,1.123193383216857910e+00
1.438786149024963379e+00,1.167550802230834961e+00
4.276082038879394531e+00,1.687891781330108643e-01
1.059090018272399902e+00,8.396442532539367676e-01
9.116375446319580078e-01,3.776687979698181152e-01
2.042208194732666016e+00,1.117111220955848694e-01
2.481577396392822266e+00,1.774088889360427856e-01
1.172055244445800781e+00,1.858747959136962891e+00
9.429418444633483887e-01,7.735712081193923950e-02
-1.179699599742889404e-02,7.496317028999328613e-01
-1.013289093971252441e+00,2.036519765853881836e+00
1.218471884727478027e+00,1.422739624977111816e+00
3.805499523878097534e-03,9.330251812934875488e-01
1.518774867057800293e+00,7.765788435935974121e-01
1.842468261718750000e+00,1.802875161170959473e+00
-1.934394985437393188e-02,5.758132338523864746e-01
8.223707973957061768e-02,9.756323099136352539e-01
1.037051916122436523e+00,9.972946643829345703e-01
1.850115060806274414e+00,-1.391631960868835449e-01
1.217229247093200684e+00,2.258956670761108398e+00
1.580434441566467285e+00,6.715936660766601562e-01
1.838726043701171875e+00,5.360234975814819336e-01
1.692795753479003906e+00,-1.794555187225341797e+00
1.971888661384582520e+00,-1.457084715366363525e-01
1.375752806663513184e+00,6.930766105651855469e-01
2.139412403106689453e+00,-6.781309843063354492e-02
1.666127085685729980e+00,7.001026272773742676e-01
1.646263837814331055e+00,1.117069840431213379e+00
1.649119734764099121e+00,1.153473258018493652e+00
2.303353786468505859e+00,1.493342965841293335e-01
2.628044605255126953e+00,1.261729121208190918e+00
-4.583902359008789062e-01,1.803354620933532715e+00
1.311544656753540039e+00,5.006331801414489746e-01
7.317032217979431152e-01,1.185347080230712891e+00
6.633974552154541016e+00,8.957342505455017090e-01
2.137611389160156250e+00,-8.864292502403259277e-02
1.743989944458007812e+00,2.336891412734985352e+00
1.710094213485717773e+00,-4.189340174198150635e-01
2.131299972534179688e+00,6.334719806909561157e-02
-1.883122563362121582e+00,2.154684782028198242e+00
6.013911366462707520e-01,4.180237352848052979e-01
2.240128040313720703e+00,2.548908710479736328e+00
5.667682290077209473e-01,1.523819446563720703e+00
1.539162993431091309e+00,1.830699443817138672e+00
1.168621301651000977e+00,1.412595391273498535e+00
9.249087572097778320e-01,1.014358997344970703e+00
3.542733669281005859e+00,1.866779685020446777e+00
-3.058737814426422119e-01,1.914506316184997559e+00
1.428795099258422852e+00,1.170518159866333008e+00
1.021822690963745117e+00,1.223531723022460938e+00
3.446368217468261719e+00,5.774739980697631836e-01
1.331604242324829102e+00,1.264487743377685547e+00
7.389242053031921387e-01,1.192934870719909668e+00
1.098931074142456055e+00,1.278329253196716309e+00
1.073268532752990723e+00,1.352501273155212402e+00
1.119201928377151489e-01,8.583717942237854004e-01
2.162559032440185547e+00,-1.242131926119327545e-02
-1.709401756525039673e-01,5.721562504768371582e-01
1.698699831962585449e+00,-3.403150737285614014e-01
1.476081371307373047e+00,1.033087000250816345e-01
1.144804477691650391e+00,3.188615083694458008e+00
-5.340353250503540039e-01,3.166823148727416992e+00
-2.885221838951110840e-01,1.423435091972351074e+00
1.515162229537963867e+00,2.632821321487426758e+00
-8.732190132141113281e-01,1.959648966789245605e+00
1.777091860771179199e+00,6.399649381637573242e-01
2.162296295166015625e+00,1.395297408103942871e+00
2.656668663024902344e+00,2.176358699798583984e-01
-3.653685748577117920e-01,1.314184308052062988e+00
2.221801757812500000e+00,1.658609658479690552e-01
3.670830726623535156e+00,-4.658201038837432861e-01
1.660206913948059082e+00,-2.094568312168121338e-01
-6.665040850639343262e-01,2.023023366928100586e+00
4.289402961730957031e-01,2.511627912521362305e+00
9.528983831405639648e-01,1.132101863622665405e-01
2.448747158050537109e+00,1.349329352378845215e-01
1.416611790657043457e+00,2.410041332244873047e+00
2.327951431274414062e+00,1.949166804552078247e-01
1.646069288253784180e+00,-2.077974379062652588e-01
1.205158948898315430e+00,1.341320276260375977e+00
9.750394821166992188e-01,7.871913909912109375e-01
8.241611123085021973e-01,-3.744410276412963867e-01
-6.128128767013549805e-01,1.540604829788208008e+00
5.324614048004150391e+00,-4.145887494087219238e-02
1.110368251800537109e+00,1.802344083786010742e+00
1.957692384719848633e+00,-1.532139331102371216e-01
2.522259235382080078e+00,4.776642620563507080e-01
-9.325379133224487305e-02,1.399627447128295898e+00
1.300642609596252441e+00,2.086052656173706055e+00
-6.889678835868835449e-01,1.207120776176452637e+00
2.823770523071289062e+00,1.420418620109558105e+00
1.360476374626159668e+00,8.179652690887451172e-01
7.111357450485229492e-01,1.184093475341796875e+00
1.492740273475646973e+00,2.066057205200195312e+00
1.219217538833618164e+00,1.264061450958251953e+00
1.997436285018920898e+00,-9.555383771657943726e-02
1.128817200660705566e+00,1.501005411148071289e+00
4.081915378570556641e+00,-2.389770001173019409e-01
4.006832122802734375e+00,4.911203980445861816e-01
2.001257896423339844e+00,6.596881151199340820e-02
2.105141162872314453e+00,-8.260783553123474121e-02
1.519933819770812988e+00,2.501925706863403320e+00
1.745327472686767578e+00,1.343580722808837891e+00
-7.184836268424987793e-01,1.685986280441284180e+00
1.460033416748046875e+00,-3.967677056789398193e-01
1.440243363380432129e+00,1.753738999366760254e+00
-9.512674808502197266e-01,1.292443871498107910e+00
3.573055267333984375e+00,7.621829509735107422e-01
7.675197124481201172e-01,9.215517044067382812e-01
1.357029795646667480e+00,-9.996732473373413086e-01
1.711651086807250977e+00,-1.599373966455459595e-01
7.736541032791137695e-01,1.278842329978942871e+00
1.135823369026184082e+00,1.386570453643798828e+00
6.644259095191955566e-01,1.208448410034179688e+00
4.194513335824012756e-02,8.855684995651245117e-01
1.141197681427001953e+00,1.396629214286804199e+00
-1.038954615592956543e+00,2.878937959671020508e+00
1.988839864730834961e+00,-2.343079149723052979e-01
1.470096230506896973e+00,2.761430978775024414e+00
5.023828506469726562e+00,-1.964761137962341309e+00
9.471983313560485840e-01,1.395113348960876465e+00
1.460033416748046875e+00,-3.967677056789398193e-01
2.131299972534179688e+00,6.334719806909561157e-02
1.302698850631713867e+00,1.986721634864807129e+00
2.086405277252197266e+00,1.412199437618255615e-01
1.859128355979919434e+00,-2.706217467784881592e-01
4.744551658630371094e+00,8.247159123420715332e-01
1.879916667938232422e+00,1.057282090187072754e-01
2.505247592926025391e+00,1.925174891948699951e-01
2.376555442810058594e+00,1.366557776927947998e-01
2.352366447448730469e+00,6.763816624879837036e-02
1.702112197875976562e+00,4.019665420055389404e-01
-2.550559639930725098e-01,1.847690582275390625e+00
2.481508255004882812e+00,2.019618302583694458e-01
1.729776978492736816e+00,1.337885618209838867e+00
3.377203941345214844e+00,9.031308889389038086e-01
1.032983064651489258e+00,1.211682677268981934e+00
9.938694536685943604e-02,1.305070638656616211e+00
-6.439967155456542969e-01,5.922392010688781738e-01
2.291208744049072266e+00,1.160588741302490234e+00
1.029486656188964844e+00,6.571356654167175293e-01
4.590342342853546143e-01,4.593005776405334473e-01
5.993791669607162476e-02,8.812214136123657227e-01
7.111357450485229492e-01,1.184093475341796875e+00
2.683332443237304688e+00,3.378207087516784668e-01
1.061660528182983398e+00,1.231300592422485352e+00
1.732679009437561035e+00,-2.189910858869552612e-01
1.473492026329040527e+00,9.329348206520080566e-01
2.441083431243896484e+00,4.946514368057250977e-01
-1.883122563362121582e+00,2.154684782028198242e+00
1.313237667083740234e+00,1.578669786453247070e+00
1.297238826751708984e+00,-2.545161843299865723e-01
1.871038079261779785e+00,7.003542780876159668e-01
1.211340785026550293e+00,-5.544329881668090820e-01
3.859393298625946045e-01,1.404306888580322266e+00
-5.902789831161499023e-01,2.635951280593872070e+00
2.087601661682128906e+00,-1.281890124082565308e-01
-8.581326007843017578e-01,9.690231084823608398e-01
2.087601661682128906e+00,-1.281890124082565308e-01
1.618790149688720703e+00,1.145477056503295898e+00
2.072060585021972656e+00,5.450380593538284302e-02
2.110499858856201172e+00,1.089010536670684814e-01
7.899537682533264160e-01,1.429638028144836426e+00
1.568891525268554688e+00,6.272276043891906738e-01
1.157469749450683594e+00,1.177769780158996582e+00
-2.897737503051757812e+00,2.819430828094482422e+00
1.330843329429626465e+00,7.460047602653503418e-01
1.206455111503601074e+00,1.414535999298095703e+00
1.706144332885742188e+00,7.612518668174743652e-01
1.666127085685729980e+00,7.001026272773742676e-01
5.410901069641113281e+00,1.560675740242004395e+00
1.384789943695068359e+00,6.728956103324890137e-01
8.385037183761596680e-01,1.305742740631103516e+00
3.774299144744873047e+00,1.685296297073364258e+00
1.265215277671813965e+00,2.075698971748352051e-01
2.088739871978759766e+00,-7.461924850940704346e-02
7.174165844917297363e-01,5.651503801345825195e-01
2.343607425689697266e+00,2.619798108935356140e-02
-3.784905374050140381e-01,1.131565570831298828e+00
-3.249992728233337402e-01,7.211854457855224609e-01
7.842435836791992188e-01,1.996157765388488770e+00
3.680372834205627441e-01,1.966369390487670898e+00
2.270252704620361328e+00,1.892267912626266479e-01
1.274171710014343262e+00,1.449953079223632812e+00
1.249164104461669922e+00,1.609147191047668457e+00
4.716525971889495850e-01,1.428807377815246582e+00
2.002412557601928711e+00,-3.434461057186126709e-01
1.578679203987121582e+00,9.330231547355651855e-01
2.407021999359130859e+00,1.261007070541381836e+00
-1.709401756525039673e-01,5.721562504768371582e-01
1.264642000198364258e+00,2.899876356124877930e+00
1.584418654441833496e+00,6.554663181304931641e-01
6.589831709861755371e-01,1.193939328193664551e+00
4.396369934082031250e+00,-5.552051663398742676e-01
-5.989997982978820801e-01,2.302628755569458008e+00
7.843021750450134277e-01,1.269991993904113770e+00
1.413105368614196777e+00,1.960208058357238770e+00
7.398450374603271484e-01,4.690234661102294922e-01
1.207645654678344727e+00,-7.219078391790390015e-02
2.007836818695068359e+00,2.235160320997238159e-01
4.199867725372314453e+00,-8.576958179473876953e-01
1.743989944458007812e+00,2.336891412734985352e+00
6.227362155914306641e-01,1.290328502655029297e+00
-1.083135247230529785e+00,1.449773192405700684e+00
8.655773997306823730e-01,-3.332042694091796875e-02
2.468378067016601562e+00,2.741206288337707520e-01
3.320071220397949219e+00,1.555134415626525879e+00
2.075367927551269531e+00,-2.507334351539611816e-01
2.274923399090766907e-02,1.068057894706726074e+00
1.124870419502258301e+00,1.658809661865234375e+00
3.781713247299194336e-01,3.607751846313476562e+00
1.317321300506591797e+00,7.883683443069458008e-01
1.836388945579528809e+00,5.385759472846984863e-01
6.030224561691284180e-01,1.465151309967041016e+00
1.301503181457519531e+00,2.232456445693969727e+00
2.160139232873916626e-01,3.001639842987060547e-01
1.064628481864929199e+00,1.331617236137390137e+00
3.749266624450683594e+00,1.666501998901367188e+00
5.667226791381835938e+00,3.539876699447631836e+00
1.311967015266418457e+00,-5.745128393173217773e-01
2.571841239929199219e+00,9.692878723144531250e-01
1.359673380851745605e+00,2.421438694000244141e+00
3.316118717193603516e+00,9.611373543739318848e-01
2.419349670410156250e+00,8.277148753404617310e-02
1.340913295745849609e+00,1.789614111185073853e-01
1.584418654441833496e+00,6.554663181304931641e-01
1.640350222587585449e+00,3.386235237121582031e+00
1.591213583946228027e+00,-6.671231389045715332e-01
1.751361608505249023e+00,1.350064039230346680e+00
1.272574305534362793e+00,1.711584448814392090e+00
1.670688271522521973e+00,1.272804021835327148e+00
1.277694344520568848e+00,3.372217416763305664e+00
6.644259095191955566e-01,1.208448410034179688e+00
8.345354199409484863e-01,-4.941918700933456421e-02
1.677534699440002441e+00,1.351258993148803711e+00
3.852697372436523438e+00,1.576290011405944824e+00
1.462163925170898438e-01,6.194098591804504395e-01
1.233666658401489258e+00,1.011321187019348145e+00
1.011352896690368652e+00,1.137148976325988770e+00
2.043293863534927368e-01,3.022924363613128662e-01
1.834537684917449951e-01,8.887658119201660156e-01
2.165812969207763672e+00,1.145059823989868164e+00
2.173612117767333984e+00,1.249730214476585388e-01
1.565082192420959473e+00,1.291237592697143555e+00
-4.945103526115417480e-01,2.270310640335083008e+00
-3.674536198377609253e-02,1.154785752296447754e+00
1.841420769691467285e+00,-1.960990130901336670e-01
6.949869394302368164e-01,5.060517191886901855e-01
2.171126365661621094e+00,5.028384923934936523e-02
1.553269386291503906e+00,5.995904207229614258e-01
1.210553288459777832e+00,1.770376324653625488e+00
1.612752556800842285e+00,2.370683193206787109e+00
-5.305534601211547852e-01,7.961141467094421387e-01
9.131983518600463867e-01,1.019215226173400879e+00
1.727512359619140625e+00,-2.255449444055557251e-01
-1.269201636314392090e+00,8.791299462318420410e-01
1.546986103057861328e+00,2.219761133193969727e+00
1.018832921981811523e+00,-6.496729254722595215e-01
-4.423749446868896484e-01,-3.278649747371673584e-01
6.914741545915603638e-02,1.263610124588012695e+00
2.865730762481689453e+00,1.467112302780151367e+00
4.396369934082031250e+00,-5.552051663398742676e-01
1.124933719635009766e+00,1.084446907043457031e+00
2.146941661834716797e+00,1.391043782234191895e+00
3.602480888366699219e+00,2.079644680023193359e+00
3.601839065551757812e+00,1.432446688413619995e-01
3.315778732299804688e+00,3.294976055622100830e-01
2.040154933929443359e+00,6.377111673355102539e-01
-9.630665183067321777e-02,1.239724874496459961e+00
8.319288492202758789e-01,4.403212070465087891e-01
1.577596068382263184e+00,3.033142566680908203e+00
3.233921051025390625e+00,1.606465458869934082e+00
1.871038079261779785e+00,7.003542780876159668e-01
8.810794949531555176e-01,1.753148287534713745e-01
1.044867515563964844e+00,8.952224850654602051e-01
1.995499372482299805e+00,4.680615067481994629e-01
1.273632407188415527e+00,3.005800724029541016e+00
1.167568802833557129e+00,6.533488631248474121e-01
6.968439221382141113e-01,1.009512782096862793e+00
7.716078758239746094e-01,9.338144063949584961e-01
6.727128028869628906e-01,1.307617902755737305e+00
1.064628481864929199e+00,1.331617236137390137e+00
2.072060585021972656e+00,5.450380593538284302e-02
4.009641706943511963e-01,2.611840963363647461e+00
1.828114628791809082e+00,4.790581762790679932e-01
2.032016754150390625e+00,1.214765384793281555e-01
2.235989093780517578e+00,1.056487917900085449e+00
4.214018955826759338e-02,1.245731830596923828e+00
1.007084846496582031e+00,5.126483440399169922e-01
-1.565810292959213257e-01,2.041131258010864258e+00
-1.688980311155319214e-01,1.174978375434875488e+00
1.482773572206497192e-02,1.011963009834289551e+00
4.180495738983154297e+00,6.173671036958694458e-02
7.072953134775161743e-02,1.451327204704284668e+00
1.580640077590942383e+00,-2.286031395196914673e-01
-6.862618029117584229e-02,9.685040116310119629e-01
2.399771213531494141e+00,2.404574871063232422e+00
1.284049272537231445e+00,2.330209493637084961e+00
-1.185480803251266479e-01,8.660356998443603516e-01
-1.367570310831069946e-01,9.559684395790100098e-01
2.178478717803955078e+00,1.072167634963989258e+00
2.716347217559814453e+00,2.871446907520294189e-01
7.391408681869506836e-01,1.215808153152465820e+00
2.295683383941650391e+00,1.861342042684555054e-01
5.036488533020019531e+00,-2.121154308319091797e+00
2.306697845458984375e+00,1.519237905740737915e-01
2.137240409851074219e+00,9.226702451705932617e-01
2.306376934051513672e+00,1.133763909339904785e+00
3.224076271057128906e+00,6.583065986633300781e-01
1.830826044082641602e+00,1.559847474098205566e+00
3.629304409027099609e+00,1.677332073450088501e-01
5.098439455032348633e-01,1.330155730247497559e+00
1.917596578598022461e+00,-9.689161181449890137e-02
7.371671199798583984e-01,3.236512660980224609e+00
1.553269386291503906e+00,5.995904207229614258e-01
7.427715063095092773e-01,1.149926662445068359e+00
-6.861938536167144775e-02,7.561109662055969238e-01
6.995595097541809082e-01,1.381340146064758301e+00
1.941549301147460938e+00,2.046529054641723633e+00
5.625054985284805298e-02,6.704495549201965332e-01
1.249188065528869629e+00,8.013912290334701538e-02
2.044269323348999023e+00,4.750055819749832153e-02
5.021373033523559570e-01,2.482371091842651367e+00
1.153775453567504883e+00,6.587172150611877441e-01
1.680691003799438477e+00,1.988461375236511230e+00
-4.815818667411804199e-01,1.087920188903808594e+00
3.923474311828613281e+00,7.402811050415039062e-01
1.218118190765380859e+00,-8.697906136512756348e-01
-4.271380901336669922e-01,6.062983274459838867e-01
-8.492265641689300537e-02,1.352891802787780762e+00
1.749569058418273926e+00,1.247800827026367188e+00
1.391963362693786621e+00,1.414770726114511490e-02
1.192781329154968262e+00,-6.635620445013046265e-02
1.257163524627685547e+00,1.046330183744430542e-01
1.842468261718750000e+00,1.802875161170959473e+00
1.645925760269165039e+00,1.251499652862548828e+00
6.871841549873352051e-01,1.163759946823120117e+00
1.746370911598205566e+00,2.618133306503295898e+00
8.751099705696105957e-01,3.442030847072601318e-01
1.331202030181884766e+00,2.358759164810180664e+00
1.671326041221618652e+00,3.066256999969482422e+00
-2.579523324966430664e-01,2.259136438369750977e+00
2.217044830322265625e+00,-4.306586459279060364e-03
1.468024134635925293e+00,3.188750982284545898e+00
7.131630182266235352e-01,1.413969755172729492e+00
1.283625960350036621e+00,6.508370637893676758e-01
1.445914983749389648e+00,2.142665147781372070e+00
3.567191600799560547e+00,1.663218140602111816e+00
1.304677248001098633e+00,1.420174479484558105e+00
1.396793723106384277e+00,1.566949367523193359e+00
8.663291335105895996e-01,3.988499641418457031e-01
3.250172138214111328e+00,1.460236191749572754e+00
2.378804683685302734e+00,6.583269238471984863e-01
-3.816780745983123779e-01,1.359122872352600098e+00
4.289402961730957031e-01,2.511627912521362305e+00
5.667737483978271484e+00,1.195491433143615723e+00
2.694451808929443359e+00,3.008660674095153809e-01
8.878982067108154297e-01,3.337931334972381592e-01
7.389242053031921387e-01,1.192934870719909668e+00
5.403293371200561523e-01,1.275206089019775391e+00
1.771330595016479492e+00,-1.284671872854232788e-01
1.701853752136230469e+00,1.193611025810241699e+00
1.986672997474670410e+00,2.061898708343505859e+00
1.096140861511230469e+00,2.127972602844238281e+00
8.329173326492309570e-01,1.341297507286071777e+00
5.286386013031005859e-01,1.094801068305969238e+00
1.367263197898864746e+00,1.467637181282043457e+00
1.608516424894332886e-01,3.279354810714721680e+00
6.301536560058593750e-01,1.312796473503112793e+00
9.008772969245910645e-01,6.478480100631713867e-01
1.049943804740905762e+00,-2.578676640987396240e-01
2.066822528839111328e+00,-1.861828118562698364e-01
2.017859935760498047e+00,1.216720342636108398e-01
2.061635017395019531e+00,-6.587161868810653687e-02
1.644033193588256836e+00,2.198384046554565430e+00
1.650974154472351074e+00,5.972480177879333496e-01
-9.188680648803710938e-01,2.236436367034912109e+00
2.830018997192382812e+00,1.354583024978637695e+00
1.441440820693969727e+00,-8.767110705375671387e-01
1.370501041412353516e+00,1.051313638687133789e+00
6.468305110931396484e+00,1.099395632743835449e+00
3.425421714782714844e+00,1.629223227500915527e+00
2.214988708496093750e+00,7.147137522697448730e-01
-4.218649268150329590e-01,2.288776397705078125e+00
1.651222467422485352e+00,7.281447201967239380e-02
1.663351297378540039e+00,6.745261698961257935e-02
2.229129314422607422e+00,1.887796670198440552e-01
7.739359140396118164e-01,1.360226511955261230e+00
1.481108546257019043e+00,2.043668746948242188e+00
1.806405425071716309e+00,-6.898923218250274658e-02
1.498081564903259277e+00,7.580156922340393066e-01
7.011427879333496094e-01,1.540030121803283691e+00
2.224295616149902344e+00,1.111075654625892639e-01
3.798418521881103516e+00,5.270369052886962891e-01
1.301826000213623047e+00,2.538367509841918945e+00
1.323977947235107422e+00,4.930475950241088867e-01
3.346144676208496094e+00,1.247248768806457520e+00
1.393886208534240723e+00,2.053121328353881836e+00
7.138799428939819336e-01,2.971578538417816162e-01
1.590951919555664062e+00,-6.807106733322143555e-01
2.766079425811767578e+00,4.261778891086578369e-01
9.088191986083984375e-01,5.335716605186462402e-01
-8.547202944755554199e-01,1.705498695373535156e+00
1.729988574981689453e+00,1.358536720275878906e+00
1.476566791534423828e+00,2.232279300689697266e+00
2.015929937362670898e+00,3.081750497221946716e-02
2.071569919586181641e+00,1.498276367783546448e-02
4.010340690612792969e+00,-7.551726698875427246e-01
9.734789133071899414e-01,1.236182451248168945e+00
8.951400518417358398e-01,1.027750253677368164e+00
8.106913566589355469e-01,1.333496689796447754e+00
2.096436500549316406e+00,1.081092059612274170e-01
1.653136491775512695e+00,-2.343019992113113403e-01
3.416658878326416016e+00,4.504712522029876709e-01
8.189901113510131836e-01,9.788331389427185059e-01
1.383400321006774902e+00,1.194917559623718262e+00
9.657290577888488770e-01,1.159069299697875977e+00
1.405100703239440918e+00,8.908952772617340088e-02
1.745327472686767578e+00,1.343580722808837891e+00
1.448314666748046875e+00,5.028433203697204590e-01
3.651972770690917969e+00,-3.521705567836761475e-01
1.061660528182983398e+00,1.231300592422485352e+00
5.962743163108825684e-01,1.364618897438049316e+00
-4.581691622734069824e-01,2.367307662963867188e+00
5.793747901916503906e-01,-2.924999035894870758e-02
5.537848472595214844e-01,1.379009604454040527e+00
1.237376093864440918e+00,-1.152819022536277771e-01
3.986080288887023926e-01,3.839956223964691162e-01
5.095934867858886719e-01,1.537551641464233398e+00
1.157432913780212402e+00,-2.174256928265094757e-02
6.135460138320922852e-01,5.198808312416076660e-01
-1.113520115613937378e-01,1.713524818420410156e+00
1.185923665761947632e-01,7.444189786911010742e-01
7.675197124481201172e-01,9.215517044067382812e-01
-9.550009965896606445e-01,9.068801999092102051e-01
1.213543295860290527e+00,1.418723702430725098e+00
7.346443831920623779e-02,8.057742118835449219e-01
1.247140169143676758e+00,-5.432554483413696289e-01
2.156482219696044922e+00,1.985213905572891235e-01
1.213756799697875977e+00,7.873095273971557617e-01
3.384351730346679688e+00,-1.498092532157897949e+00
1.249164104461669922e+00,1.609147191047668457e+00
1.260672569274902344e+00,1.100004196166992188e+00
5.037866830825805664e-01,4.263614118099212646e-01
1.545768022537231445e+00,1.300298929214477539e+00
4.100805282592773438e+00,2.266542986035346985e-03
1.206780076026916504e+00,6.534681320190429688e-01
2.252214908599853516e+00,1.446062028408050537e-01
2.854223251342773438e+00,1.496964931488037109e+00
2.342285633087158203e+00,9.177614003419876099e-02
4.528670787811279297e+00,1.528451442718505859e-01
9.884690642356872559e-01,4.203580319881439209e-01
-1.667761921882629395e+00,1.221234440803527832e+00
1.272574305534362793e+00,1.711584448814392090e+00
2.678756237030029297e+00,3.263722062110900879e-01
9.224545359611511230e-01,-3.861183673143386841e-02
1.180493593215942383e+00,1.266451358795166016e+00
1.359673380851745605e+00,2.421438694000244141e+00
1.568390130996704102e+00,2.315598011016845703e+00
7.119970917701721191e-01,3.748184442520141602e-01
-3.578179329633712769e-02,1.272810339927673340e+00
-7.423568367958068848e-01,1.962976455688476562e+00
2.455820083618164062e+00,1.881351023912429810e-01
1.943949699401855469e+00,9.339851140975952148e-01
6.576942205429077148e-01,5.226586461067199707e-01
6.225091814994812012e-01,1.551470875740051270e+00
9.964354038238525391e-01,4.274909794330596924e-01
6.968439221382141113e-01,1.009512782096862793e+00
-4.771303385496139526e-02,8.160392642021179199e-01
2.162296295166015625e+00,1.395297408103942871e+00
7.886074781417846680e-01,5.382319092750549316e-01
4.877027511596679688e+00,1.018097043037414551e+00
5.429909229278564453e-01,1.792070418596267700e-01
1.892760038375854492e+00,2.976684808731079102e+00
1.206293582916259766e+00,1.392613291740417480e+00
-1.418776750564575195e+00,2.197714805603027344e+00
2.473924160003662109e+00,1.983157247304916382e-01
4.198461055755615234e+00,1.299372315406799316e+00
2.238865852355957031e+00,1.870192438364028931e-01
1.625416278839111328e+00,-5.940488725900650024e-02
-7.423568367958068848e-01,1.962976455688476562e+00
1.283912062644958496e+00,2.073285579681396484e+00
1.297653198242187500e+00,1.413825869560241699e+00
1.510576009750366211e+00,-8.452202081680297852e-01
1.101846694946289062e+00,1.620393872261047363e+00
1.377447962760925293e+00,1.571500420570373535e+00
-2.095851898193359375e+00,8.877075314521789551e-01
1.135823369026184082e+00,1.386570453643798828e+00
2.270080089569091797e+00,6.870310902595520020e-01
8.601279258728027344e-01,2.413840532302856445e+00
2.431787967681884766e+00,1.676949560642242432e-01
1.653887391090393066e+00,4.403887689113616943e-02
1.408558368682861328e+00,6.979972124099731445e-01
4.214018955826759338e-02,1.245731830596923828e+00
9.261460304260253906e-01,1.218333959579467773e+00
1.312084913253784180e+00,2.179323881864547729e-02
1.485206961631774902e+00,2.403463363647460938e+00
7.046583890914916992e-01,1.177981495857238770e+00
2.380944252014160156e+00,5.899887681007385254e-01
-9.061844348907470703e-01,9.455683231353759766e-01
2.226528167724609375e+00,1.026765108108520508e+00
1.964586019515991211e+00,-3.165971487760543823e-02
1.122762560844421387e+00,1.403785228729248047e+00
1.567450523376464844e+00,2.311380386352539062e+00
-1.821831464767456055e+00,1.081364035606384277e+00
1.142916560173034668e+00,1.412662148475646973e+00
2.485062122344970703e+00,1.923498213291168213e-01
1.408586859703063965e+00,-4.444772005081176758e-02
2.067030906677246094e+00,9.402474761009216309e-01
-6.439967155456542969e-01,5.922392010688781738e-01
-6.665040850639343262e-01,2.023023366928100586e+00
1.305641770362854004e+00,1.385685682296752930e+00
1.412429213523864746e-01,6.887695193290710449e-01
4.006832122802734375e+00,4.911203980445861816e-01
8.505316078662872314e-02,7.079827785491943359e-01
-1.083135247230529785e+00,1.449773192405700684e+00
1.624869108200073242e+00,2.584379315376281738e-01
8.655773997306823730e-01,-3.332042694091796875e-02
1.899510741233825684e+00,-9.361481666564941406e-02
1.117924094200134277e+00,1.030725479125976562e+00
1.231101989746093750e+00,1.403168916702270508e+00
1.148216962814331055e+00,8.735726475715637207e-01
1.166687011718750000e+00,1.209140896797180176e+00
-9.772517681121826172e-01,8.576127290725708008e-01
3.699241161346435547e+00,2.935422956943511963e-01
5.177516937255859375e-01,1.816547036170959473e+00
1.709338426589965820e+00,2.228770971298217773e+00
1.241974830627441406e+00,7.667179107666015625e-01
1.868490457534790039e+00,1.521878361701965332e+00
1.906465768814086914e+00,-7.169807702302932739e-02
-4.307662248611450195e-01,9.661239385604858398e-01
7.586417198181152344e-01,1.502547144889831543e+00
1.807839393615722656e+00,1.417513657361268997e-02
7.520709633827209473e-01,3.808767199516296387e-01
2.262239933013916016e+00,1.238492578268051147e-01
5.525034666061401367e-01,1.935418486595153809e+00
-3.049354851245880127e-01,8.976760506629943848e-01
6.276788115501403809e-01,-5.774190425872802734e-01
1.236148238182067871e+00,1.362402200698852539e+00
5.763021707534790039e-01,1.284036993980407715e+00
1.419408202171325684e+00,-6.693892478942871094e-01
1.934842228889465332e+00,9.932624101638793945e-01
2.101892471313476562e+00,3.319489955902099609e-02
6.781427264213562012e-01,1.179995894432067871e+00
1.648969769477844238e+00,6.701575517654418945e-01
-2.015056610107421875e+00,4.528962612152099609e+00
2.967445373535156250e+00,4.535640180110931396e-01
-3.631217002868652344e+00,4.186805248260498047e+00
-4.907505035400390625e+00,1.913434863090515137e+00
1.269930243492126465e+00,1.538527250289916992e+00
2.695344984531402588e-01,1.341681122779846191e+00
1.443204760551452637e+00,5.949052572250366211e-01
1.274279713630676270e+00,7.797892093658447266e-01
-1.107730269432067871e-01,8.466398119926452637e-01
1.363095998764038086e+00,1.925418496131896973e+00
1.085169315338134766e+00,5.491433143615722656e-01
2.814857006072998047e+00,1.521614909172058105e+00
1.311112284660339355e+00,1.301762700080871582e+00
1.411500930786132812e+00,1.325902223587036133e+00
1.219931602478027344e+00,2.415654182434082031e+00
1.320086240768432617e+00,1.367086291313171387e+00
8.124614357948303223e-01,-8.566791564226150513e-02
-5.217504501342773438e-01,1.185456037521362305e+00
2.355807304382324219e+00,1.543771028518676758e-01
1.610591173171997070e+00,-1.905615925788879395e-01
2.084689140319824219e+00,-1.054237186908721924e-01
2.025780677795410156e+00,-7.367793470621109009e-02
5.658252239227294922e-01,2.284883409738540649e-01
1.750687599182128906e+00,1.442532777786254883e+00
2.205477714538574219e+00,2.157229423522949219e+00
9.226465821266174316e-01,1.299034476280212402e+00
1.531222581863403320e+00,4.981095790863037109e-01
9.537904858589172363e-01,1.022302985191345215e+00
4.202738285064697266e+00,2.217287778854370117e+00
5.604078769683837891e-01,2.114900588989257812e+00
2.229129314422607422e+00,1.887796670198440552e-01
2.096271991729736328e+00,2.836826324462890625e+00
4.965647697448730469e+00,1.248733475804328918e-01
1.660206913948059082e+00,-2.094568312168121338e-01
1.489618182182312012e+00,1.981301665306091309e+00
1.410173177719116211e+00,3.654961287975311279e-02
2.932855129241943359e+00,1.436100363731384277e+00
1.515997409820556641e+00,6.642418503761291504e-01
2.151694148778915405e-01,9.906966090202331543e-01
2.224295616149902344e+00,1.111075654625892639e-01
1.340913295745849609e+00,1.789614111185073853e-01
1.282531380653381348e+00,1.522729516029357910e+00
1.297031998634338379e+00,1.090335011482238770e+00
8.069138526916503906e-01,-2.789446525275707245e-02
2.840447425842285156e-01,1.569634079933166504e+00
8.069138526916503906e-01,-2.789446525275707245e-02
1.294278621673583984e+00,-7.947453260421752930e-01
2.291208744049072266e+00,1.160588741302490234e+00
1.214713573455810547e+00,1.964930176734924316e+00
1.515997409820556641e+00,6.642418503761291504e-01
4.487645149230957031e+00,9.419910311698913574e-01
7.225015163421630859e-01,5.495361685752868652e-01
2.529726982116699219e+00,1.120389103889465332e+00
3.472419738769531250e+00,-5.993763804435729980e-01
1.582500219345092773e+00,-6.742347478866577148e-01
-1.259837299585342407e-01,1.056895852088928223e+00
2.271308898925781250e+00,1.722870916128158569e-01
1.352498531341552734e+00,6.613386869430541992e-01
3.038811087608337402e-01,1.572020530700683594e+00
1.095158696174621582e+00,1.160719871520996094e+00
1.788598895072937012e+00,-1.491890847682952881e-01
1.182167172431945801e+00,1.322365283966064453e+00
2.279641151428222656e+00,3.589971959590911865e-01
1.001493811607360840e+00,2.439582347869873047e+00
3.179759979248046875e+00,7.123048305511474609e-01
1.148981451988220215e+00,5.063501000404357910e-01
1.700491070747375488e+00,-2.577704489231109619e-01
8.452051877975463867e-01,2.112582206726074219e+00
1.416328430175781250e+00,-1.347386986017227173e-01
-2.275356769561767578e+00,2.198804616928100586e+00
2.781862258911132812e+00,4.194572865962982178e-01
1.824672698974609375e+00,-1.348478049039840698e-01
1.697042942047119141e+00,-2.060493230819702148e-01
-1.601240038871765137e+00,2.165936231613159180e+00
1.060475587844848633e+00,-2.748283147811889648e-01
-2.054613113403320312e+00,2.451155662536621094e+00
1.044640421867370605e+00,-9.843700528144836426e-01
2.184316635131835938e+00,-1.135864630341529846e-01
1.507642388343811035e+00,8.272619247436523438e-01
1.476081371307373047e+00,1.033087000250816345e-01
2.175104618072509766e+00,-4.867554455995559692e-02
1.303412079811096191e+00,1.654710248112678528e-02
1.353505373001098633e+00,6.114407777786254883e-01
1.448903203010559082e+00,9.075760245323181152e-01
-3.631217002868652344e+00,4.186805248260498047e+00
5.571118369698524475e-02,8.845793008804321289e-01
2.788003444671630859e+00,2.906814217567443848e-01
-1.257120817899703979e-01,6.771504878997802734e-01
8.526654243469238281e-01,3.657196164131164551e-01
1.887380480766296387e+00,-9.625476598739624023e-02
-1.320471405982971191e+00,1.151463031768798828e+00
1.270326375961303711e+00,1.824023723602294922e+00
-4.583902359008789062e-01,1.803354620933532715e+00
1.459911465644836426e+00,1.409428864717483521e-01
8.456284403800964355e-01,1.177542448043823242e+00
2.103908061981201172e+00,4.707423597574234009e-02
2.060791015625000000e+00,-2.389715164899826050e-01
1.198519349098205566e+00,1.444891452789306641e+00
9.351757764816284180e-01,-2.925057709217071533e-01
9.571164250373840332e-01,-1.658645123243331909e-01
5.784550666809082031e+00,9.474322795867919922e-01
9.513629078865051270e-01,6.362280845642089844e-01
9.381170272827148438e-01,1.128854990005493164e+00
1.049424648284912109e+00,-4.891386330127716064e-01
1.213756799697875977e+00,7.873095273971557617e-01
1.673592209815979004e+00,3.101396083831787109e+00
1.318255186080932617e+00,1.641127586364746094e+00
1.391963362693786621e+00,1.414770726114511490e-02
-4.750483036041259766e-01,1.785148978233337402e+00
1.881219446659088135e-01,5.588800311088562012e-01
7.391408681869506836e-01,1.215808153152465820e+00
1.412470102310180664e+00,7.644728422164916992e-01
1.313565611839294434e+00,1.314926624298095703e+00
1.945148587226867676e+00,6.563934683799743652e-02
-1.183166623115539551e+00,9.298135638236999512e-01
7.127178460359573364e-02,8.936399221420288086e-01
-4.771303385496139526e-02,8.160392642021179199e-01
1.363938093185424805e+00,-1.067292213439941406e+00
1.244230389595031738e+00,1.728375077247619629e+00
5.028160810470581055e-01,2.243340730667114258e+00
1.510576009750366211e+00,-8.452202081680297852e-01
9.733353853225708008e-01,1.214876294136047363e+00
-8.685651421546936035e-01,2.491949796676635742e+00
1.211293220520019531e+00,-3.540943264961242676e-01
-6.890909671783447266e-01,1.323035955429077148e+00
2.071599006652832031e+00,-9.854313731193542480e-02
9.356876015663146973e-01,5.854973196983337402e-01
2.074813365936279297e+00,1.175899803638458252e-01
1.076397061347961426e+00,1.482375621795654297e+00
1.313592433929443359e+00,-8.356122970581054688e-01
9.813781976699829102e-01,4.186557531356811523e-01
2.100600242614746094e+00,-2.368395477533340454e-01
1.972881078720092773e+00,2.257067114114761353e-01
-5.829601287841796875e-01,1.590872883796691895e+00
2.129147529602050781e+00,-7.807901129126548767e-03
1.093032717704772949e+00,8.874936699867248535e-01
1.163642048835754395e+00,2.300496816635131836e+00
1.130276843905448914e-01,4.230031669139862061e-01
-1.053867936134338379e-01,1.229574322700500488e+00
2.066757678985595703e+00,9.796609878540039062e-01
1.257359385490417480e+00,7.191223502159118652e-01
1.090127587318420410e+00,4.893718361854553223e-01
5.429909229278564453e-01,1.792070418596267700e-01
1.453855156898498535e+00,1.890610307455062866e-01
3.522507846355438232e-01,3.875243663787841797e-01
1.353505373001098633e+00,6.114407777786254883e-01
-2.650655806064605713e-03,1.017449617385864258e+00
1.703305482864379883e+00,7.451001405715942383e-01
2.205120563507080078e+00,1.721590906381607056e-01
1.539360404014587402e+00,1.370534181594848633e+00
7.173985838890075684e-01,1.405907750129699707e+00
1.548165559768676758e+00,1.350210905075073242e-01
1.206148982048034668e+00,2.017432212829589844e+00
8.403487205505371094e-01,1.035899877548217773e+00
3.761243343353271484e+00,5.862306952476501465e-01
1.399800300598144531e+00,2.832719087600708008e+00
6.246389746665954590e-01,1.394647002220153809e+00
1.502405643463134766e+00,1.839411497116088867e+00
-4.201977849006652832e-01,1.059091687202453613e+00
2.158803939819335938e+00,1.999245136976242065e-01
1.458325982093811035e+00,-8.442178368568420410e-01
3.584794521331787109e+00,-5.043745040893554688e-01
8.982381224632263184e-01,1.031543612480163574e+00
1.182071566581726074e+00,5.321952104568481445e-01
1.902742743492126465e+00,-1.204675659537315369e-01
-6.168633699417114258e-01,2.050939321517944336e+00
1.834537684917449951e-01,8.887658119201660156e-01
2.149477481842041016e+00,1.551770329475402832e+00
5.008581161499023438e+00,7.677949666976928711e-01
-4.907505035400390625e+00,1.913434863090515137e+00
-4.628852009773254395e-02,1.113007426261901855e+00
1.093646049499511719e+00,2.093444824218750000e+00
2.306056499481201172e+00,9.659489244222640991e-02
1.225692987442016602e+00,6.415289640426635742e-01
1.729285478591918945e+00,-2.004126608371734619e-01
-7.068332433700561523e-01,1.339016675949096680e+00
4.871187686920166016e+00,1.194899201393127441e+00
3.907651603221893311e-01,1.047274947166442871e+00
-3.190045952796936035e-01,2.284399509429931641e+00
3.847278654575347900e-01,3.070060908794403076e-01
9.343678355216979980e-01,4.329904913902282715e-01
-1.376447796821594238e+00,1.804572105407714844e+00
1.265215277671813965e+00,2.075698971748352051e-01
1.414730548858642578e+00,1.204278767108917236e-01
1.477187275886535645e+00,-9.469887614250183105e-01
6.416366696357727051e-01,5.646817088127136230e-01
1.448314666748046875e+00,5.028433203697204590e-01
4.615583419799804688e+00,1.484769821166992188e+00
1.142279028892517090e+00,3.108593463897705078e+00
-8.534564077854156494e-02,1.114355802536010742e+00
5.023828506469726562e+00,-1.964761137962341309e+00
4.485564708709716797e+00,2.222767114639282227e+00
-5.798926949501037598e-01,7.831530570983886719e-01
1.504898667335510254e+00,6.900050044059753418e-01
2.500471591949462891e+00,4.368543624877929688e-01
-7.936337590217590332e-01,2.467051029205322266e+00
1.446020364761352539e+00,-8.490974903106689453e-01
1.644164800643920898e+00,3.076825857162475586e+00
4.941321015357971191e-01,1.934280157089233398e+00
9.431652426719665527e-01,1.116947531700134277e+00
1.938764005899429321e-02,1.078383088111877441e+00
1.518072485923767090e+00,6.977725625038146973e-01
2.161274433135986328e+00,2.760764122009277344e+00
5.898239612579345703e+00,9.834238290786743164e-01
1.198270440101623535e+00,1.412350177764892578e+00
2.033814907073974609e+00,1.074464797973632812e+00
2.073310852050781250e+00,1.378713697195053101e-01
5.604078769683837891e-01,2.114900588989257812e+00
-4.218649268150329590e-01,2.288776397705078125e+00
1.695685386657714844e+00,1.399855911731719971e-01
2.205536842346191406e+00,3.635275363922119141e-01
-3.578179329633712769e-02,1.272810339927673340e+00
-2.663859426975250244e-01,9.507278800010681152e-01
-4.153005480766296387e-01,2.230899333953857422e+00
9.534318447113037109e-01,6.166170835494995117e-01
1.995089411735534668e+00,4.430310130119323730e-01
-1.164907217025756836e-01,1.413953542709350586e+00
1.670070439577102661e-01,5.975991487503051758e-01
1.565690636634826660e+00,2.025751113891601562e+00
-2.679954051971435547e+00,3.884354591369628906e+00
1.577237844467163086e+00,-4.633632600307464600e-01
2.081589698791503906e+00,-6.681771576404571533e-02
1.331071555614471436e-01,5.931574106216430664e-01
1.172055244445800781e+00,1.858747959136962891e+00
8.740966320037841797e-01,4.012832045555114746e-01
2.247884750366210938e+00,4.267292916774749756e-01
1.490269899368286133e+00,6.341938972473144531e-01
8.249289989471435547e-01,2.988712489604949951e-01
-4.337264597415924072e-02,9.338752031326293945e-01
2.192961692810058594e+00,1.910096555948257446e-01
2.409130096435546875e+00,8.119957149028778076e-02
1.863087296485900879e+00,-1.041986942291259766e-01
-1.271717071533203125e+00,3.390232086181640625e+00
1.420079588890075684e+00,4.943460822105407715e-01
4.607572078704833984e+00,-1.865780115127563477e+00
1.192721366882324219e+00,1.699607610702514648e+00
8.357203602790832520e-01,1.088992118835449219e+00
3.135775923728942871e-01,2.114307880401611328e+00
1.486378669738769531e+00,3.552434206008911133e+00
-1.581680059432983398e+00,3.217114686965942383e+00
7.030748724937438965e-01,4.023093283176422119e-01
1.988839864730834961e+00,-2.343079149723052979e-01
1.600261688232421875e+00,2.300365924835205078e+00
1.433785676956176758e+00,2.626437425613403320e+00
1.396793723106384277e+00,1.566949367523193359e+00
1.372831106185913086e+00,5.906555652618408203e-01
2.033814907073974609e+00,1.074464797973632812e+00
1.228642582893371582e+00,1.057099461555480957e+00
1.628798246383666992e+00,1.191809654235839844e+00
4.241170883178710938e+00,3.144626617431640625e-01
4.968701303005218506e-02,9.850215911865234375e-01
2.018946170806884766e+00,2.726492471992969513e-02
-1.555605292320251465e+00,1.732564687728881836e+00
1.540611684322357178e-01,1.805047988891601562e+00
1.101846694946289062e+00,1.620393872261047363e+00
2.290240764617919922e+00,4.943460524082183838e-01
2.352366447448730469e+00,6.763816624879837036e-02
4.590342342853546143e-01,4.593005776405334473e-01
4.136798858642578125e+00,1.769554615020751953e-01
1.021822690963745117e+00,1.223531723022460938e+00
-3.058737814426422119e-01,1.914506316184997559e+00
2.217044830322265625e+00,-4.306586459279060364e-03
1.168079853057861328e+00,7.137241959571838379e-01
1.934532761573791504e+00,1.475638031959533691e+00
3.382092475891113281e+00,-1.517491698265075684e+00
7.026887536048889160e-01,-7.073017358779907227e-01
1.530997157096862793e+00,1.357635557651519775e-01
1.619408488273620605e+00,-2.015964686870574951e-01
9.126968383789062500e-01,2.976567447185516357e-01
2.285359382629394531e+00,3.582008183002471924e-02
4.945001125335693359e+00,8.352277874946594238e-01
1.311112284660339355e+00,1.301762700080871582e+00
2.548085689544677734e+00,9.561284184455871582e-01
2.351753711700439453e+00,8.729308247566223145e-01
1.689433455467224121e+00,-8.457232266664505005e-02
8.852801322937011719e-01,4.992642402648925781e-01
-3.043754398822784424e-02,1.111022233963012695e+00
4.031676292419433594e+00,3.795614093542098999e-02
1.471421837806701660e+00,2.698710441589355469e+00
1.971009746193885803e-02,1.227984309196472168e+00
1.370501041412353516e+00,1.051313638687133789e+00
1.198735833168029785e+00,1.293530941009521484e+00
7.080801129341125488e-01,2.431761741638183594e+00
1.240531444549560547e+00,1.652468681335449219e+00
1.197434306144714355e+00,1.500405430793762207e+00
1.297653198242187500e+00,1.413825869560241699e+00
1.930610179901123047e+00,2.222141981124877930e+00
1.459738969802856445e+00,6.492404937744140625e-01
1.377894401550292969e+00,-6.420893669128417969e-01
2.480581760406494141e+00,1.634124517440795898e-01
5.036488533020019531e+00,-2.121154308319091797e+00
3.118590831756591797e+00,5.772013664245605469e-01
1.350095033645629883e+00,1.109405532479286194e-01
1.575192451477050781e+00,2.304654598236083984e+00
-2.886684983968734741e-02,8.418021202087402344e-01
1.126133203506469727e-01,4.122961163520812988e-01
3.774888813495635986e-01,1.620225667953491211e+00
5.537848472595214844e-01,1.379009604454040527e+00
-2.591947317123413086e-01,1.891938209533691406e+00
1.210348010063171387e+00,8.785822987556457520e-01
-5.425587296485900879e-03,5.720465183258056641e-01
1.351722836494445801e+00,2.583706140518188477e+00
9.636908024549484253e-02,1.145261764526367188e+00
2.967445373535156250e+00,4.535640180110931396e-01
-1.540949642658233643e-01,8.324142098426818848e-01
4.428487420082092285e-01,2.115479707717895508e+00
1.472155213356018066e+00,1.761864721775054932e-01
3.680372834205627441e-01,1.966369390487670898e+00
1.490269899368286133e+00,6.341938972473144531e-01
-5.866459012031555176e-02,1.071028947830200195e+00
1.186864495277404785e+00,-1.552819758653640747e-01
7.131630182266235352e-01,1.413969755172729492e+00
9.843362569808959961e-01,2.019754886627197266e+00
8.977275490760803223e-01,1.108445763587951660e+00
1.061009168624877930e+00,1.766738891601562500e+00
1.880900621414184570e+00,2.013331651687622070e+00
1.538444042205810547e+00,-9.485900402069091797e-01
2.052263736724853516e+00,1.054699778556823730e+00
-3.835394382476806641e-01,2.980611026287078857e-01
2.913676261901855469e+00,3.865721523761749268e-01
2.481577396392822266e+00,1.774088889360427856e-01
3.242966234683990479e-01,2.100561141967773438e+00
5.590522289276123047e-01,1.188194990158081055e+00
5.644224882125854492e-01,1.337166070938110352e+00
7.893773317337036133e-01,1.082855224609375000e+00
-9.932866096496582031e-01,3.066087007522583008e+00
2.349841594696044922e+00,3.858805075287818909e-02
3.854575157165527344e+00,1.133107542991638184e+00
1.418416976928710938e+00,-6.826637983322143555e-01
1.135184168815612793e+00,-6.500841975212097168e-01
2.853922367095947266e+00,1.053433656692504883e+00
1.338317513465881348e+00,1.455152034759521484e+00
6.813370227813720703e+00,9.163841009140014648e-01
1.521185517311096191e+00,8.711546659469604492e-01
1.618790149688720703e+00,1.145477056503295898e+00
2.252214908599853516e+00,1.446062028408050537e-01
1.424131870269775391e+00,7.064902782440185547e-01
-5.982848405838012695e-01,1.239217042922973633e+00
1.482073545455932617e+00,2.321517616510391235e-01
1.009868860244750977e+00,1.420617222785949707e+00
1.396796703338623047e+00,1.327495928853750229e-02
1.772048592567443848e+00,3.849264085292816162e-01
3.852697372436523438e+00,1.576290011405944824e+00
1.365815281867980957e+00,1.637389183044433594e+00
4.707649350166320801e-01,1.821237921714782715e+00
2.537435531616210938e+00,2.442558407783508301e-01
1.572159171104431152e+00,2.206614494323730469e+00
3.740694522857666016e+00,2.546280063688755035e-02
3.629304409027099609e+00,1.677332073450088501e-01
6.915283799171447754e-01,1.081629872322082520e+00
1.817368865013122559e+00,2.596107959747314453e+00
7.190083265304565430e-01,1.287690043449401855e+00
2.052263736724853516e+00,1.054699778556823730e+00
1.161248922348022461e+00,-4.625190496444702148e-01
2.135451793670654297e+00,9.345475584268569946e-02
6.475220918655395508e-01,1.026833057403564453e+00
1.666761636734008789e+00,2.177324533462524414e+00
1.890729308128356934e+00,4.836075752973556519e-02
9.022763371467590332e-01,1.209923982620239258e+00
1.308154344558715820e+00,-4.327960014343261719e-01
1.194601416587829590e+00,9.117015600204467773e-01
2.025906085968017578e+00,4.914312064647674561e-02
1.625437736511230469e+00,-6.924712657928466797e-01
1.384819507598876953e+00,-6.872560977935791016e-01
2.656668663024902344e+00,2.176358699798583984e-01
2.112489789724349976e-01,1.231764197349548340e+00
4.945001125335693359e+00,8.352277874946594238e-01
1.505673050880432129e+00,2.105302572250366211e+00
8.779375553131103516e-01,-5.617650747299194336e-01
-6.151476502418518066e-01,1.534479141235351562e+00
2.216452121734619141e+00,1.268431842327117920e-01
1.278092861175537109e+00,5.189814567565917969e-01
1.233666658401489258e+00,1.011321187019348145e+00
7.698425054550170898e-01,1.174488306045532227e+00
1.040448904037475586e+00,-9.235967397689819336e-01
1.282531380653381348e+00,1.522729516029357910e+00
1.087722778320312500e+00,1.488160729408264160e+00
1.866803765296936035e+00,3.385782241821289062e-01
1.631254076957702637e+00,2.753302574157714844e+00
1.018896818161010742e+00,5.845567584037780762e-01
1.221794128417968750e+00,1.761254817247390747e-01
6.279812753200531006e-02,8.105309605598449707e-01
1.910601735115051270e+00,1.030079722404479980e+00
1.428795099258422852e+00,1.170518159866333008e+00
9.365255236625671387e-01,1.200595259666442871e+00
-1.032845139503479004e+00,1.165636062622070312e+00
4.111247658729553223e-01,2.387577295303344727e+00
1.934842228889465332e+00,9.932624101638793945e-01
1.539934277534484863e+00,2.298812627792358398e+00
3.929294586181640625e+00,1.977200746536254883e+00
1.817368865013122559e+00,2.596107959747314453e+00
2.221972942352294922e+00,8.718934655189514160e-01
2.082013607025146484e+00,-9.251924231648445129e-03
1.651228189468383789e+00,-2.303505390882492065e-01
1.720388293266296387e+00,1.574314951896667480e+00
1.626493334770202637e+00,-5.189058184623718262e-01
4.667730629444122314e-01,1.981154441833496094e+00
1.486378669738769531e+00,3.552434206008911133e+00
-1.261906385421752930e+00,1.969812870025634766e+00
2.406568527221679688e+00,2.260747104883193970e-01
1.721998810768127441e+00,6.897076368331909180e-01
-1.234931498765945435e-01,9.354318976402282715e-01
8.382449746131896973e-01,1.004785060882568359e+00
5.588386535644531250e+00,2.969945669174194336e-01
2.836382389068603516e+00,2.890512943267822266e-01
4.598895072937011719e+00,3.292358815670013428e-01
1.702010393142700195e+00,1.431802153587341309e+00
8.881170749664306641e-01,1.324526190757751465e+00
8.845070004463195801e-01,1.079452753067016602e+00
1.823439121246337891e+00,2.427623748779296875e+00
1.343078136444091797e+00,1.979473710060119629e+00
-8.633498847484588623e-02,6.945809125900268555e-01
1.367248415946960449e+00,1.464847683906555176e+00
1.604905128479003906e+00,8.150492906570434570e-01
1.029486656188964844e+00,6.571356654167175293e-01
2.451117992401123047e+00,1.477756857872009277e+00
1.284476041793823242e+00,-8.376400470733642578e-01
2.391375064849853516e+00,1.426439881324768066e-01
1.158481121063232422e+00,6.987939476966857910e-01
9.631947875022888184e-01,1.185225486755371094e+00
-1.019299387931823730e+00,1.923506021499633789e+00
2.686305642127990723e-01,1.916504740715026855e+00
7.668522596359252930e-01,3.726282417774200439e-01
1.619474411010742188e+00,-2.503466904163360596e-01
1.900663971900939941e-01,1.017611503601074219e+00
3.643260002136230469e+00,-1.600728154182434082e+00
2.235823154449462891e+00,2.570817232131958008e+00
8.890057802200317383e-01,2.362019568681716919e-01
4.528670787811279297e+00,1.528451442718505859e-01
1.185923665761947632e-01,7.444189786911010742e-01
2.045510768890380859e+00,-3.687432408332824707e-02
1.318762302398681641e+00,1.434545636177062988e+00
4.079280853271484375e+00,7.324715852737426758e-01
3.135775923728942871e-01,2.114307880401611328e+00
-5.829601287841796875e-01,1.590872883796691895e+00
8.319288492202758789e-01,4.403212070465087891e-01
3.382554054260253906e+00,1.051291227340698242e+00
2.270252704620361328e+00,1.892267912626266479e-01
1.465939879417419434e+00,2.888337373733520508e+00
1.109077453613281250e+00,1.338224649429321289e+00
-1.565810292959213257e-01,2.041131258010864258e+00
1.186516284942626953e+00,1.348685383796691895e+00
4.056887924671173096e-01,1.504957437515258789e+00
1.867674708366394043e+00,-1.105565354228019714e-01
4.302257597446441650e-01,3.696277439594268799e-01
8.728920817375183105e-01,1.619346022605895996e+00
-8.489480614662170410e-02,9.336811900138854980e-01
1.554973959922790527e+00,1.955234289169311523e+00
1.834195971488952637e+00,2.445416003465652466e-01
1.005118370056152344e+00,1.340884923934936523e+00
-1.183166623115539551e+00,9.298135638236999512e-01
2.168725967407226562e+00,1.682022958993911743e-01
2.351753711700439453e+00,8.729308247566223145e-01
-3.012196719646453857e-01,1.142954587936401367e+00
-1.581680059432983398e+00,3.217114686965942383e+00
1.341960906982421875e+00,5.122479796409606934e-01
-6.485320627689361572e-03,1.331528425216674805e+00
1.303412079811096191e+00,1.654710248112678528e-02
6.607433557510375977e-01,1.738578319549560547e+00
1.281215906143188477e+00,1.814257144927978516e+00
-3.033173978328704834e-01,2.123739957809448242e+00
1.631254076957702637e+00,2.753302574157714844e+00
4.398405253887176514e-01,3.859153687953948975e-01
3.974626064300537109e+00,-9.306483268737792969e-01
2.396595954895019531e+00,6.252466142177581787e-02
1.438478231430053711e+00,6.027655005455017090e-01
2.840447425842285156e-01,1.569634079933166504e+00
3.198381066322326660e-01,2.124769687652587891e+00
2.004683017730712891e+00,1.149351224303245544e-01
4.716525971889495850e-01,1.428807377815246582e+00
1.175336599349975586e+00,1.405618548393249512e+00
1.198735833168029785e+00,1.293530941009521484e+00
-2.579523324966430664e-01,2.259136438369750977e+00
1.552272796630859375e+00,1.283838510513305664e+00
2.245535850524902344e+00,1.237824678421020508e+00
1.902742743492126465e+00,-1.204675659537315369e-01
9.777888059616088867e-01,1.009580373764038086e+00
1.411807775497436523e+00,2.635423280298709869e-02
1.538444042205810547e+00,-9.485900402069091797e-01
1.236148238182067871e+00,1.362402200698852539e+00
1.882433742284774780e-01,1.938362240791320801e+00
1.375390291213989258e+00,7.813752293586730957e-01
3.805499523878097534e-03,9.330251812934875488e-01
-9.358100593090057373e-02,1.666985750198364258e+00
-8.489480614662170410e-02,9.336811900138854980e-01
2.020216941833496094e+00,-2.394905835390090942e-01
6.933285593986511230e-01,1.049497961997985840e+00
1.331202030181884766e+00,2.358759164810180664e+00
1.147739410400390625e+00,5.066846609115600586e-01
1.589277982711791992e+00,2.704171657562255859e+00
2.067308425903320312e+00,1.001124531030654907e-01
1.167418003082275391e+00,-5.569481849670410156e-02
9.631947875022888184e-01,1.185225486755371094e+00
8.601279258728027344e-01,2.413840532302856445e+00
1.257410526275634766e+00,1.402771592140197754e+00
3.037322521209716797e+00,4.222743511199951172e-01
-1.053867936134338379e-01,1.229574322700500488e+00
4.477160453796386719e+00,1.684261798858642578e+00
1.036567687988281250e+00,6.150376796722412109e-01
-2.843009233474731445e-01,2.011566638946533203e+00
8.971320390701293945e-01,4.259623289108276367e-01
-1.669379830360412598e+00,3.019865512847900391e+00
7.396533489227294922e-01,1.045127034187316895e+00
2.242854118347167969e+00,1.036996364593505859e+00
2.293812751770019531e+00,4.052948057651519775e-01
2.167456626892089844e+00,9.995356798171997070e-01
-9.429792165756225586e-01,2.324924468994140625e+00
4.800009727478027344e-01,1.315815806388854980e+00
3.651972770690917969e+00,-3.521705567836761475e-01
1.196348309516906738e+00,1.476674675941467285e+00
1.006422519683837891e+00,1.053891420364379883e+00
2.455820083618164062e+00,1.881351023912429810e-01
-1.558081805706024170e-01,9.767814874649047852e-01
-4.337264597415924072e-02,9.338752031326293945e-01
1.666682720184326172e+00,7.367308139801025391e-01
1.148981451988220215e+00,5.063501000404357910e-01
2.114393234252929688e+00,1.671187952160835266e-02
8.860918879508972168e-01,1.177562952041625977e+00
1.705115556716918945e+00,5.073847174644470215e-01
2.173998832702636719e+00,-1.048815920948982239e-01
2.047710418701171875e+00,-6.649267673492431641e-02
1.167418003082275391e+00,-5.569481849670410156e-02
1.711651086807250977e+00,-1.599373966455459595e-01
1.057095527648925781e+00,1.445995450019836426e+00
2.216452121734619141e+00,1.268431842327117920e-01
1.624869108200073242e+00,2.584379315376281738e-01
1.735800355672836304e-01,7.163673639297485352e-01
1.653180480003356934e+00,-2.401751428842544556e-01
1.513084053993225098e+00,2.301009893417358398e+00
1.183986544609069824e+00,1.056786775588989258e+00
1.644164800643920898e+00,3.076825857162475586e+00
-7.768387198448181152e-01,3.319202899932861328e+00
1.182951092720031738e+00,1.337040543556213379e+00
3.702743053436279297e+00,1.624154925346374512e+00
1.793009042739868164e+00,-1.198243498802185059e+00
3.094704151153564453e+00,1.049984097480773926e+00
1.233392238616943359e+00,1.457966566085815430e+00
8.403487205505371094e-01,1.035899877548217773e+00
1.995089411735534668e+00,4.430310130119323730e-01
1.632570326328277588e-01,6.932111978530883789e-01
1.692795753479003906e+00,-1.794555187225341797e+00
2.473924160003662109e+00,1.983157247304916382e-01
-8.145543336868286133e-01,6.114750504493713379e-01
-3.860974609851837158e-01,1.627343535423278809e+00
2.132580280303955078e+00,-9.413018822669982910e-02
4.136798858642578125e+00,1.769554615020751953e-01
1.393349170684814453e+00,1.817849278450012207e+00
4.031676292419433594e+00,3.795614093542098999e-02
1.230777740478515625e+00,1.727705121040344238e+00
1.131445527076721191e+00,1.479106664657592773e+00
7.418650984764099121e-01,1.631687045097351074e+00
7.871046066284179688e-01,-1.431819349527359009e-01
2.628044605255126953e+00,1.261729121208190918e+00
6.399941921234130859e+00,1.485706210136413574e+00
2.553260326385498047e+00,6.064556241035461426e-01
-7.068332433700561523e-01,1.339016675949096680e+00
4.060721397399902344e+00,3.234937191009521484e-01
2.226528167724609375e+00,1.026765108108520508e+00
9.657290577888488770e-01,1.159069299697875977e+00
4.807977378368377686e-01,1.260788679122924805e+00
2.108556747436523438e+00,-3.319934010505676270e-02
1.372831106185913086e+00,5.906555652618408203e-01
-1.395014673471450806e-02,1.165477633476257324e+00
4.056887924671173096e-01,1.504957437515258789e+00
1.867674708366394043e+00,-1.105565354228019714e-01
6.416366696357727051e-01,5.646817088127136230e-01
1.265575051307678223e+00,1.356802225112915039e+00
-4.728410840034484863e-01,1.570201396942138672e+00
1.625437736511230469e+00,-6.924712657928466797e-01
1.552272796630859375e+00,1.283838510513305664e+00
2.542184829711914062e+00,1.592894345521926880e-01
2.084829330444335938e+00,-1.734149642288684845e-02
2.516600862145423889e-02,7.536223530769348145e-01
1.588606595993041992e+00,7.927439808845520020e-01
1.202686786651611328e+00,1.100198388099670410e+00
-8.322871923446655273e-01,7.854639887809753418e-01
7.608914375305175781e-02,9.999863505363464355e-01
1.138084292411804199e+00,1.172399759292602539e+00
1.007084846496582031e+00,5.126483440399169922e-01
1.725027322769165039e+00,-1.991467736661434174e-02
1.554942846298217773e+00,1.547344923019409180e+00
1.223109245300292969e+00,1.145171642303466797e+00
1.369403958320617676e+00,5.224955677986145020e-01
1.307204127311706543e+00,4.972497820854187012e-01
6.434072852134704590e-01,4.919185936450958252e-01
2.480581760406494141e+00,1.634124517440795898e-01
1.604830861091613770e+00,1.127183318138122559e+00
9.022763371467590332e-01,1.209923982620239258e+00
1.392511963844299316e+00,1.576848983764648438e+00
-2.015056610107421875e+00,4.528962612152099609e+00
-4.479071497917175293e-01,1.564768791198730469e+00
-7.291685342788696289e-01,7.769072055816650391e-01
6.041529774665832520e-01,1.055768728256225586e+00
1.369613647460937500e+00,3.105603694915771484e+00
4.514847755432128906e+00,1.586863875389099121e+00
1.874122858047485352e+00,2.090416431427001953e+00
-2.663859426975250244e-01,9.507278800010681152e-01
-2.718753814697265625e+00,1.482485532760620117e+00
2.627912163734436035e-01,1.329369902610778809e+00
2.146739482879638672e+00,1.111956357955932617e+00
2.274840831756591797e+00,1.636098623275756836e-01
2.700220584869384766e+00,4.795137345790863037e-01
2.186284065246582031e+00,3.067539446055889130e-02
1.905862331390380859e+00,-1.776595562696456909e-01
2.002633333206176758e+00,-2.024365812540054321e-01
1.800812482833862305e+00,1.880980491638183594e+00
8.997114300727844238e-01,4.207934439182281494e-01
1.111872076988220215e+00,1.518513798713684082e+00
2.541992187500000000e+00,1.322350502014160156e+00
2.124617099761962891e+00,-8.338033407926559448e-02
2.306160449981689453e+00,6.915655136108398438e-01
7.925825715065002441e-01,1.267350077629089355e+00
1.565082192420959473e+00,1.291237592697143555e+00
1.410448074340820312e+00,1.231389522552490234e+00
2.066682338714599609e+00,9.398219585418701172e-01
7.899537682533264160e-01,1.429638028144836426e+00
1.212813973426818848e+00,8.958747386932373047e-01
1.961796879768371582e+00,-3.730714321136474609e-01
1.841227293014526367e+00,2.032487869262695312e+00
-1.027773141860961914e+00,1.091419339179992676e+00
8.592025637626647949e-01,3.815396428108215332e-01
1.221475124359130859e+00,1.361465454101562500e+00
1.157438516616821289e+00,5.308049321174621582e-01
1.912512302398681641e+00,2.944796323776245117e+00
3.446368217468261719e+00,5.774739980697631836e-01
1.775886416435241699e+00,-1.997496932744979858e-01
-1.452053666114807129e+00,2.485899209976196289e+00
7.668519616127014160e-01,1.524289011955261230e+00
1.283175110816955566e+00,4.491159319877624512e-01
6.611800193786621094e-01,1.506120324134826660e+00
7.889473438262939453e-01,8.040571808815002441e-01
3.542733669281005859e+00,1.866779685020446777e+00
3.569431781768798828e+00,-6.053693890571594238e-01
1.762283086776733398e+00,-3.831729888916015625e-01
1.320086240768432617e+00,1.367086291313171387e+00
7.151848077774047852e-01,1.250208139419555664e+00
9.874763488769531250e-01,1.004690885543823242e+00
1.161248922348022461e+00,-4.625190496444702148e-01
1.829521298408508301e+00,3.273837804794311523e+00
1.225692987442016602e+00,6.415289640426635742e-01
1.638782322406768799e-01,6.366592645645141602e-01
1.440860748291015625e+00,1.155293464660644531e+00
4.914007663726806641e+00,-2.127080202102661133e+00
1.657259583473205566e+00,1.406968593597412109e+00
9.874763488769531250e-01,1.004690885543823242e+00
3.414525985717773438e+00,8.873729705810546875e-01
7.053465247154235840e-01,1.351374626159667969e+00
6.763537526130676270e-01,1.022107839584350586e+00
3.129913330078125000e+00,9.893432259559631348e-01
2.405187606811523438e+00,2.776178121566772461e+00
1.001657724380493164e+00,7.350372076034545898e-01
9.131983518600463867e-01,1.019215226173400879e+00
8.861154913902282715e-01,3.994570970535278320e-01
2.346317291259765625e+00,2.642392516136169434e-01
1.938764005899429321e-02,1.078383088111877441e+00
-8.740794658660888672e-01,8.006382584571838379e-01
-1.183727979660034180e+00,1.697180628776550293e+00
2.542684078216552734e+00,1.416668295860290527e+00
1.792485713958740234e+00,9.396690130233764648e-01
1.512331724166870117e+00,2.281260251998901367e+00
1.406270623207092285e+00,9.106836915016174316e-01
-6.391885280609130859e-01,2.025717735290527344e+00
-3.553824722766876221e-01,1.949190616607666016e+00
1.408406376838684082e+00,8.288785219192504883e-01
1.995278000831604004e+00,-2.418421357870101929e-01
1.201431035995483398e+00,-1.820518076419830322e-01
3.838682651519775391e+00,2.187357664108276367e+00
-1.271717071533203125e+00,3.390232086181640625e+00
1.109077453613281250e+00,1.338224649429321289e+00
5.654352664947509766e+00,9.014994502067565918e-01
4.880681991577148438e+00,-3.229175209999084473e-01
-7.935549616813659668e-01,1.309805870056152344e+00
3.711451053619384766e+00,1.315877079963684082e+00
4.504136562347412109e+00,-1.829801559448242188e+00
-1.038954615592956543e+00,2.878937959671020508e+00
4.744551658630371094e+00,8.247159123420715332e-01
3.179759979248046875e+00,7.123048305511474609e-01
6.319526433944702148e-01,-1.637828946113586426e-01
2.788003444671630859e+00,2.906814217567443848e-01
7.398450374603271484e-01,4.690234661102294922e-01
1.630324482917785645e+00,1.149236679077148438e+00
1.394427180290222168e+00,1.669773459434509277e+00
4.932001113891601562e+00,-1.898334264755249023e+00
-1.374026685953140259e-01,1.309920668601989746e+00
1.128641963005065918e+00,1.492704629898071289e+00
1.513043642044067383e+00,1.955279111862182617e+00
4.030461311340332031e+00,7.186328172683715820e-01
1.341960906982421875e+00,5.122479796409606934e-01
-9.620994329452514648e-02,3.744881451129913330e-01
1.397879570722579956e-01,1.249704480171203613e+00
1.445919990539550781e+00,-8.896292001008987427e-02
2.140985965728759766e+00,1.235785782337188721e-01
2.344579219818115234e+00,1.647105962038040161e-01
1.749276399612426758e+00,-2.936153113842010498e-01
4.880681991577148438e+00,-3.229175209999084473e-01
7.053465247154235840e-01,1.351374626159667969e+00
2.572714328765869141e+00,3.021740019321441650e-01
1.411996603012084961e+00,2.094606637954711914e+00
1.123140931129455566e+00,9.517374634742736816e-01
-7.847054302692413330e-02,1.118917584419250488e+00
6.855483353137969971e-02,1.690611541271209717e-01
3.805278301239013672e+00,-2.332663089036941528e-01
1.357888340950012207e+00,2.284298658370971680e+00
1.338317513465881348e+00,1.455152034759521484e+00
-5.105328559875488281e-01,1.019636869430541992e+00
-6.168633699417114258e-01,2.050939321517944336e+00
1.899510741233825684e+00,-9.361481666564941406e-02
1.441440820693969727e+00,-8.767110705375671387e-01
2.900731191039085388e-02,1.306187510490417480e+00
2.233209133148193359e+00,9.606532752513885498e-02
1.519990682601928711e+00,1.842619776725769043e+00
1.369613647460937500e+00,3.105603694915771484e+00
4.123118400573730469e+00,-7.720053791999816895e-01
1.685458898544311523e+00,6.932546198368072510e-02
7.850572466850280762e-01,8.466895222663879395e-01
1.508671164512634277e+00,-1.364646553993225098e+00
3.011590987443923950e-02,1.262628078460693359e+00
2.035424709320068359e+00,6.419664621353149414e-01
6.007367968559265137e-01,5.991970896720886230e-01
7.669391036033630371e-01,-1.358081400394439697e-01
1.174736857414245605e+00,1.495697736740112305e+00
8.241611123085021973e-01,-3.744410276412963867e-01
6.500209569931030273e-01,5.620893239974975586e-01
1.849210023880004883e+00,6.696357131004333496e-01
1.009879350662231445e+00,-2.600525319576263428e-01
6.986297965049743652e-01,1.290437221527099609e+00
4.475205898284912109e+00,9.389092922210693359e-01
1.022393226623535156e+00,5.817618370056152344e-01
1.247453093528747559e+00,-3.007639646530151367e-01
9.431652426719665527e-01,1.116947531700134277e+00
8.832130432128906250e-01,3.579380810260772705e-01
6.529326438903808594e-01,1.077916741371154785e+00
9.226465821266174316e-01,1.299034476280212402e+00
1.438973784446716309e+00,6.451793909072875977e-01
1.588606595993041992e+00,7.927439808845520020e-01
7.871046066284179688e-01,-1.431819349527359009e-01
1.673592209815979004e+00,3.101396083831787109e+00
1.554284214973449707e+00,5.488148331642150879e-01
6.754450201988220215e-01,1.387630224227905273e+00
8.301538228988647461e-02,7.193880677223205566e-01
1.822702646255493164e+00,8.181403279304504395e-01
1.217998504638671875e+00,2.150623053312301636e-01
1.541719138622283936e-01,7.318875193595886230e-01
4.344617724418640137e-01,-9.578398615121841431e-02
-9.620994329452514648e-02,3.744881451129913330e-01
1.261223912239074707e+00,-2.416943199932575226e-02
5.145155787467956543e-01,2.531597852706909180e+00
2.704429626464843750e+00,4.973208010196685791e-01
9.884690642356872559e-01,4.203580319881439209e-01
1.364122629165649414e+00,5.253756046295166016e-01
4.694168567657470703e+00,1.498451948165893555e+00
4.646867215633392334e-01,-4.020213484764099121e-01
1.287510037422180176e+00,1.601717948913574219e+00
-7.564456462860107422e-01,2.737955570220947266e+00
1.473317503929138184e+00,2.052852392196655273e+00
-1.976181566715240479e-02,1.045601606369018555e+00
-5.902789831161499023e-01,2.635951280593872070e+00
-5.982848405838012695e-01,1.239217042922973633e+00
2.106910705566406250e+00,8.729233592748641968e-02
1.788351655006408691e+00,3.419094085693359375e+00
5.667737483978271484e+00,1.195491433143615723e+00
9.680147171020507812e-01,-6.139050126075744629e-01
4.227622032165527344e+00,-8.332061171531677246e-01
2.195192337036132812e+00,1.018508911132812500e+00
1.705115556716918945e+00,5.073847174644470215e-01
2.184780597686767578e+00,1.131818294525146484e+00
1.575836777687072754e+00,8.604995012283325195e-01
1.328422665596008301e+00,3.066639602184295654e-01
1.609961986541748047e+00,-1.621302366256713867e-01
1.961796879768371582e+00,-3.730714321136474609e-01
-8.145543336868286133e-01,6.114750504493713379e-01
1.986672997474670410e+00,2.061898708343505859e+00
7.520058155059814453e-01,3.713382482528686523e-01
2.440598487854003906e+00,2.640903592109680176e-01
5.784550666809082031e+00,9.474322795867919922e-01
4.631841778755187988e-01,2.019006729125976562e+00
2.305272102355957031e+00,2.580901980400085449e-01
-4.047925472259521484e-01,1.498625397682189941e+00
1.170852482318878174e-01,1.141088604927062988e+00
2.025780677795410156e+00,-7.367793470621109009e-02
1.786955595016479492e+00,9.653906822204589844e-01
2.285405635833740234e+00,2.221596390008926392e-01
1.577237844467163086e+00,-4.633632600307464600e-01
1.348772048950195312e-01,6.222903728485107422e-01
2.379645824432373047e+00,1.377032041549682617e+00
1.009879350662231445e+00,-2.600525319576263428e-01
2.307102203369140625e+00,1.004052042961120605e+00
2.169919490814208984e+00,6.932344436645507812e-01
7.069229483604431152e-01,1.243435144424438477e+00
2.698289394378662109e+00,2.573458254337310791e-01
9.680147171020507812e-01,-6.139050126075744629e-01
1.226326704025268555e+00,3.780032992362976074e-01
7.863374352455139160e-01,3.248018026351928711e-02
2.398913860321044922e+00,9.919196963310241699e-01
9.615690708160400391e-01,4.006710946559906006e-01
1.128641963005065918e+00,1.492704629898071289e+00
4.210599899291992188e+00,3.657873719930648804e-02
7.983959913253784180e-01,1.222318768501281738e+00
1.159277558326721191e+00,2.563167572021484375e+00
1.230879426002502441e+00,5.818802714347839355e-01
1.710105299949645996e+00,2.571828961372375488e-01
7.669391036033630371e-01,-1.358081400394439697e-01
2.092453479766845703e+00,1.744605898857116699e-01
1.152830481529235840e+00,1.287589073181152344e+00
7.603799700736999512e-01,1.166505098342895508e+00
2.136445999145507812e+00,2.208628416061401367e+00
-7.476302981376647949e-01,2.026328086853027344e+00
9.470046162605285645e-01,8.149569630622863770e-01
2.084689140319824219e+00,-1.054237186908721924e-01
1.008237838745117188e+00,4.190381467342376709e-01
1.229330182075500488e+00,1.158613920211791992e+00
1.206780076026916504e+00,6.534681320190429688e-01
1.228391766548156738e+00,1.711501121520996094e+00
-2.635048925876617432e-01,4.274967312812805176e-01
1.996690154075622559e+00,8.682293444871902466e-02
9.557831287384033203e-01,-4.617009460926055908e-01
1.507138609886169434e+00,6.744905710220336914e-01
8.205771446228027344e-01,1.277966618537902832e+00
1.742357611656188965e+00,-1.367240995168685913e-01
1.948046565055847168e+00,-2.243562638759613037e-01
6.913326382637023926e-01,1.483794569969177246e+00
1.217998504638671875e+00,2.150623053312301636e-01
8.810794949531555176e-01,1.753148287534713745e-01
8.124614357948303223e-01,-8.566791564226150513e-02
1.174375891685485840e+00,9.417986273765563965e-01
6.348009705543518066e-01,-5.533175915479660034e-02
1.449943423271179199e+00,2.517193317413330078e+00
1.436890244483947754e+00,3.824928998947143555e-01
5.374519228935241699e-01,2.459488630294799805e+00
1.638551831245422363e+00,6.913641691207885742e-01
-2.897737503051757812e+00,2.819430828094482422e+00
1.804283618927001953e+00,9.756672382354736328e-01
4.598895072937011719e+00,3.292358815670013428e-01
2.333399295806884766e+00,2.159163802862167358e-01
1.685458898544311523e+00,6.932546198368072510e-02
1.205701112747192383e+00,5.502700805664062500e-01
9.825062751770019531e-01,1.255061984062194824e+00
1.341241359710693359e+00,1.573000311851501465e+00
5.227703571319580078e+00,1.309739112854003906e+00
6.754450201988220215e-01,1.387630224227905273e+00
1.104413986206054688e+00,1.342504382133483887e+00
4.851864278316497803e-02,2.898049727082252502e-02
1.418454766273498535e+00,2.925475358963012695e+00
1.920231580734252930e+00,-1.451026946306228638e-01
1.290471673011779785e+00,-5.616176128387451172e-01
2.144962310791015625e+00,5.778664723038673401e-03
1.350095033645629883e+00,1.109405532479286194e-01
1.822288393974304199e+00,-3.252064585685729980e-01
1.090127587318420410e+00,4.893718361854553223e-01
1.951492547988891602e+00,1.780453026294708252e-01
1.458916664123535156e+00,2.202588558197021484e+00
5.037866830825805664e-01,4.263614118099212646e-01
1.582257151603698730e+00,5.358014106750488281e-01
2.184316635131835938e+00,-1.135864630341529846e-01
3.070850968360900879e-01,1.323899269104003906e+00
1.897206187248229980e+00,1.940799355506896973e+00
1.649800777435302734e+00,5.020518302917480469e-01
1.904045701026916504e+00,-1.278832256793975830e-01
1.865243077278137207e+00,-1.786932200193405151e-01
4.477160453796386719e+00,1.684261798858642578e+00
2.406568527221679688e+00,2.260747104883193970e-01
1.887110710144042969e+00,7.587666511535644531e-01
2.189537048339843750e+00,1.073424696922302246e+00
1.845752120018005371e+00,2.668500185012817383e+00
1.512682437896728516e-02,1.349123001098632812e+00
7.034047245979309082e-01,8.104228377342224121e-01
1.341241359710693359e+00,1.573000311851501465e+00
2.071768760681152344e+00,1.133570522069931030e-01
1.631600975990295410e+00,6.950120329856872559e-01
1.702630400657653809e+00,7.404000163078308105e-01
2.263239860534667969e+00,1.114269852638244629e+00
1.505956888198852539e+00,2.564127683639526367e+00
3.168173789978027344e+00,6.191947460174560547e-01
5.993312597274780273e-01,4.712324738502502441e-01
3.711451053619384766e+00,1.315877079963684082e+00
2.070286750793457031e+00,-1.626176238059997559e-01
1.868490457534790039e+00,1.521878361701965332e+00
2.361707210540771484e+00,2.466499060392379761e-01
2.527254819869995117e-01,1.395464181900024414e+00
5.324614048004150391e+00,-4.145887494087219238e-02
1.749276399612426758e+00,-2.936153113842010498e-01
1.695722579956054688e+00,1.741984486579895020e+00
2.063237667083740234e+00,1.083776056766510010e-01
9.583674669265747070e-01,4.390811622142791748e-01
-1.871821284294128418e-01,1.319174051284790039e+00
2.274840831756591797e+00,1.636098623275756836e-01
7.098166942596435547e-01,4.358179569244384766e-01
6.831056475639343262e-01,1.177977919578552246e+00
1.399800300598144531e+00,2.832719087600708008e+00
7.427715063095092773e-01,1.149926662445068359e+00
3.907651603221893311e-01,1.047274947166442871e+00
1.761194586753845215e+00,9.772192835807800293e-01
8.905367255210876465e-01,1.293439865112304688e+00
6.092025637626647949e-01,2.011631488800048828e+00
1.695896983146667480e+00,7.600606083869934082e-01
-4.390963912010192871e-02,1.201024770736694336e+00
1.157438516616821289e+00,5.308049321174621582e-01
1.440063357353210449e+00,2.596760034561157227e+00
9.537904858589172363e-01,1.022302985191345215e+00
-6.885637640953063965e-01,2.845865249633789062e+00
2.074250221252441406e+00,1.298955917358398438e+00
2.040154933929443359e+00,6.377111673355102539e-01
9.750394821166992188e-01,7.871913909912109375e-01
7.296447455883026123e-02,5.494201183319091797e-01
1.535127997398376465e+00,6.371313333511352539e-01
4.553140640258789062e+00,-8.208757638931274414e-01
5.625054985284805298e-02,6.704495549201965332e-01
3.094704151153564453e+00,1.049984097480773926e+00
1.650974154472351074e+00,5.972480177879333496e-01
3.224076271057128906e+00,6.583065986633300781e-01
1.964586019515991211e+00,-3.165971487760543823e-02
-1.800358593463897705e-01,7.638264298439025879e-01
2.752492904663085938e+00,2.855696201324462891e+00
2.136445999145507812e+00,2.208628416061401367e+00
1.440295696258544922e+00,6.200551986694335938e-01
1.144804477691650391e+00,3.188615083694458008e+00
1.119073033332824707e+00,1.457461595535278320e+00
1.476290464401245117e+00,5.224464535713195801e-01
-2.977474927902221680e-01,2.462131738662719727e+00
1.373019814491271973e+00,1.503508329391479492e+00
4.408381938934326172e+00,-1.213984265923500061e-01
1.214675784111022949e+00,1.600509166717529297e+00
7.190083265304565430e-01,1.287690043449401855e+00
-1.209806919097900391e+00,2.403133630752563477e+00
2.112489789724349976e-01,1.231764197349548340e+00
2.429804801940917969e+00,2.158598154783248901e-01
1.754953980445861816e+00,-2.487850040197372437e-01
-6.380437016487121582e-01,2.938387155532836914e+00
5.941900014877319336e-01,4.192087650299072266e-01
8.158237934112548828e-01,4.322182536125183105e-01
4.702391028404235840e-01,2.234675884246826172e+00
3.959531337022781372e-02,1.308640122413635254e+00
1.217290282249450684e+00,1.452296972274780273e+00
1.853555560111999512e+00,-1.359508484601974487e-01
1.505956888198852539e+00,2.564127683639526367e+00
3.847278654575347900e-01,3.070060908794403076e-01
-1.558081805706024170e-01,9.767814874649047852e-01
1.221521615982055664e+00,1.579764604568481445e+00
2.473494037985801697e-02,-5.263554453849792480e-01
1.103563666343688965e+00,-1.308893412351608276e-02
6.812686920166015625e-01,1.220924019813537598e+00
1.883264303207397461e+00,9.384273886680603027e-01
7.692500948905944824e-01,5.524333715438842773e-01
1.284642100334167480e+00,1.334606885910034180e+00
2.248323440551757812e+00,5.019528791308403015e-03
2.078342437744140625e+00,-7.662590593099594116e-03
2.656737327575683594e+00,1.527965545654296875e+00
1.969309806823730469e+00,-8.876618742942810059e-02
7.236628532409667969e-01,3.802973031997680664e-01
7.817353308200836182e-02,1.100281119346618652e+00
4.241170883178710938e+00,3.144626617431640625e-01
8.955340087413787842e-02,1.633027315139770508e+00
-4.516020417213439941e-01,1.881835341453552246e+00
7.127178460359573364e-02,8.936399221420288086e-01
1.702630400657653809e+00,7.404000163078308105e-01
-8.547202944755554199e-01,1.705498695373535156e+00
-3.522140383720397949e-01,1.017446637153625488e+00
7.348138093948364258e-01,3.170014619827270508e+00
4.965647697448730469e+00,1.248733475804328918e-01
3.567191600799560547e+00,1.663218140602111816e+00
1.762557625770568848e+00,6.229976415634155273e-01
1.486996531486511230e+00,3.154732465744018555e+00
8.389585018157958984e-01,3.176374733448028564e-01
7.505535483360290527e-01,1.250323414802551270e+00
-2.626629173755645752e-02,2.209836244583129883e+00
7.270440578460693359e+00,1.729614973068237305e+00
3.100207805633544922e+00,1.058475971221923828e+00
6.913326382637023926e-01,1.483794569969177246e+00
1.201781630516052246e+00,1.952306866645812988e+00
1.651222467422485352e+00,7.281447201967239380e-02
-1.033120602369308472e-01,1.115203619003295898e+00
1.504898667335510254e+00,6.900050044059753418e-01
1.881219446659088135e-01,5.588800311088562012e-01
1.906465768814086914e+00,-7.169807702302932739e-02
4.052854537963867188e+00,-7.606325149536132812e-01
1.357888340950012207e+00,2.284298658370971680e+00
4.210599899291992188e+00,3.657873719930648804e-02
1.283175110816955566e+00,4.491159319877624512e-01
5.048278570175170898e-01,1.411418557167053223e+00
3.349789619445800781e+00,7.564803957939147949e-01
4.937272071838378906e+00,8.203093409538269043e-01
4.199867725372314453e+00,-8.576958179473876953e-01
2.302845954895019531e+00,1.490849554538726807e-01
1.583626270294189453e+00,1.254217028617858887e+00
1.182951092720031738e+00,1.337040543556213379e+00
1.614545226097106934e+00,1.410241961479187012e+00
1.486600875854492188e+00,2.225883960723876953e+00
2.255055427551269531e+00,2.420096158981323242e+00
1.619408488273620605e+00,-2.015964686870574951e-01
1.386557340621948242e+00,-7.351822257041931152e-01
1.568918466567993164e+00,-1.004703044891357422e+00
1.301503181457519531e+00,2.232456445693969727e+00
9.134263396263122559e-01,4.112667739391326904e-01
2.328310012817382812e+00,7.395542860031127930e-01
1.492422223091125488e+00,4.213210046291351318e-01
2.086354255676269531e+00,4.720614850521087646e-02
1.995677351951599121e+00,1.879149556159973145e+00
2.450636863708496094e+00,2.397719770669937134e-01
8.101507425308227539e-01,5.600322484970092773e-01
1.201292157173156738e+00,2.383728504180908203e+00
1.151968002319335938e+00,1.697836279869079590e+00
2.349841594696044922e+00,3.858805075287818909e-02
2.708303928375244141e+00,7.451572418212890625e-01
2.371882438659667969e+00,2.768534660339355469e+00
2.168725967407226562e+00,1.682022958993911743e-01
2.175104618072509766e+00,-4.867554455995559692e-02
1.423070788383483887e+00,-5.057362318038940430e-01
-1.320471405982971191e+00,1.151463031768798828e+00
-1.580686867237091064e-01,9.035109877586364746e-01
1.275053858757019043e+00,2.021494865417480469e+00
1.407345652580261230e+00,8.236550092697143555e-01
1.802715063095092773e+00,1.823252201080322266e+00
1.944181203842163086e+00,-1.145982071757316589e-01
1.709906816482543945e+00,-4.074463844299316406e-01
1.347717642784118652e+00,6.593848466873168945e-01
1.183986544609069824e+00,1.056786775588989258e+00
6.915283799171447754e-01,1.081629872322082520e+00
9.343678355216979980e-01,4.329904913902282715e-01
6.589831709861755371e-01,1.193939328193664551e+00
2.463973999023437500e+00,-6.554496884346008301e-01
5.378181487321853638e-02,1.014071822166442871e+00
1.530948638916015625e+00,2.986258983612060547e+00
5.538038015365600586e-01,1.119469761848449707e+00
1.580126881599426270e+00,-1.326501369476318359e-01
1.051601648330688477e+00,3.063328266143798828e-01
1.241455793380737305e+00,1.641671776771545410e+00
-4.616883397102355957e-01,1.915505170822143555e+00
3.631513565778732300e-02,1.092082858085632324e+00
4.150661230087280273e-01,3.547228574752807617e-01
1.076397061347961426e+00,1.482375621795654297e+00
1.296764731407165527e+00,1.582795739173889160e+00
1.547639131546020508e+00,-1.032375097274780273e+00
1.640350222587585449e+00,3.386235237121582031e+00
4.478284835815429688e+00,1.319684386253356934e+00
-5.896305441856384277e-01,2.177273482084274292e-01
-7.730319499969482422e-01,1.383664369583129883e+00
2.135591506958007812e+00,6.473336815834045410e-01
2.221972942352294922e+00,8.718934655189514160e-01
1.210053205490112305e+00,7.386597394943237305e-01
9.964354038238525391e-01,4.274909794330596924e-01
-5.702539682388305664e-01,2.025089740753173828e+00
2.096436500549316406e+00,1.081092059612274170e-01
9.351757764816284180e-01,-2.925057709217071533e-01
1.324171066284179688e+00,2.739231348037719727e+00
-1.430123299360275269e-02,1.137640953063964844e+00
8.489485383033752441e-01,1.013583660125732422e+00
2.931412220001220703e+00,1.520698666572570801e+00
1.212813973426818848e+00,8.958747386932373047e-01
6.301536560058593750e-01,1.312796473503112793e+00
2.067030906677246094e+00,9.402474761009216309e-01
2.388107299804687500e+00,1.028958201408386230e+00
1.653136491775512695e+00,-2.343019992113113403e-01
-8.396911025047302246e-01,1.646732330322265625e+00
4.059527397155761719e+00,6.956300139427185059e-01
2.035637855529785156e+00,1.691069722175598145e+00
1.638551831245422363e+00,6.913641691207885742e-01
1.653887391090393066e+00,4.403887689113616943e-02
1.205701112747192383e+00,5.502700805664062500e-01
1.695685386657714844e+00,1.399855911731719971e-01
2.376555442810058594e+00,1.366557776927947998e-01
3.929294586181640625e+00,1.977200746536254883e+00
4.400862157344818115e-01,1.456763029098510742e+00
2.682904243469238281e+00,2.742296934127807617e+00
7.850572466850280762e-01,8.466895222663879395e-01
1.011352896690368652e+00,1.137148976325988770e+00
-3.600541055202484131e-01,1.538780450820922852e+00
1.281976938247680664e+00,3.224186897277832031e+00
1.945148587226867676e+00,6.563934683799743652e-02
2.399619579315185547e+00,9.556530416011810303e-02
3.371826648712158203e+00,-1.537740111351013184e+00
3.715958297252655029e-01,1.978409409523010254e+00
1.476566791534423828e+00,2.232279300689697266e+00
5.046123504638671875e+00,9.397454261779785156e-01
2.111104011535644531e+00,1.037929579615592957e-01
1.297618627548217773e+00,2.832494020462036133e+00
1.647027611732482910e+00,3.220389783382415771e-01
2.042211532592773438e+00,1.042297556996345520e-01
8.363478183746337891e-01,6.357269883155822754e-01
1.590951919555664062e+00,-6.807106733322143555e-01
1.502264976501464844e+00,2.541962146759033203e+00
1.418824434280395508e+00,2.082967519760131836e+00
-1.209806919097900391e+00,2.403133630752563477e+00
-3.567326962947845459e-01,1.759897232055664062e+00
-4.307662248611450195e-01,9.661239385604858398e-01
2.370600223541259766e+00,1.750315353274345398e-02
1.773213505744934082e+00,2.976226091384887695e+00
1.928604483604431152e+00,-1.528775244951248169e-01
1.795042395591735840e+00,5.734322592616081238e-03
3.137826919555664062e-03,1.000613570213317871e+00
9.484719634056091309e-01,3.857174515724182129e-01
3.233921051025390625e+00,1.606465458869934082e+00
1.552343130111694336e+00,6.055275201797485352e-01
4.666093885898590088e-01,1.288588881492614746e+00
8.997114300727844238e-01,4.207934439182281494e-01
6.404370665550231934e-01,4.260976612567901611e-01
1.008237838745117188e+00,4.190381467342376709e-01
1.228391766548156738e+00,1.711501121520996094e+00
1.545881509780883789e+00,6.623547673225402832e-01
1.560946226119995117e+00,-8.668307065963745117e-01
8.728920817375183105e-01,1.619346022605895996e+00
-1.335535198450088501e-01,7.974346280097961426e-01
1.932181835174560547e+00,-1.047199591994285583e-01
2.145824432373046875e+00,-1.783785782754421234e-02
1.284049272537231445e+00,2.330209493637084961e+00
1.697042942047119141e+00,-2.060493230819702148e-01
1.508671164512634277e+00,-1.364646553993225098e+00
1.548660397529602051e+00,2.184121608734130859e+00
2.543715476989746094e+00,2.399582713842391968e-01
1.213508248329162598e+00,1.333521962165832520e+00
-5.105328559875488281e-01,1.019636869430541992e+00
1.289080679416656494e-01,5.399190187454223633e-01
2.173069000244140625e+00,-7.673792541027069092e-02
9.862291812896728516e-01,3.581834733486175537e-01
1.729988574981689453e+00,1.358536720275878906e+00
2.173612117767333984e+00,1.249730214476585388e-01
2.396595954895019531e+00,6.252466142177581787e-02
2.070984363555908203e+00,8.095341920852661133e-02
4.486350059509277344e+00,-1.905554413795471191e+00
1.494687438011169434e+00,9.296599030494689941e-01
2.557639122009277344e+00,2.339288473129272461e+00
2.932855129241943359e+00,1.436100363731384277e+00
4.575646400451660156e+00,1.909314513206481934e+00
1.219217538833618164e+00,1.264061450958251953e+00
1.318255186080932617e+00,1.641127586364746094e+00
8.146817088127136230e-01,9.419000744819641113e-01
1.138231992721557617e+00,4.982180148363113403e-02
1.292689323425292969e+00,-8.573539853096008301e-01
1.583626270294189453e+00,1.254217028617858887e+00
1.257410526275634766e+00,1.402771592140197754e+00
4.318000793457031250e+00,-2.505125105381011963e-01
-3.930637240409851074e-01,5.993899106979370117e-01
1.226605892181396484e+00,1.328740835189819336e+00
-7.996737360954284668e-01,2.459892272949218750e+00
2.422242641448974609e+00,1.988486796617507935e-01
-1.479730129241943359e+00,2.374439716339111328e+00
1.200574636459350586e+00,1.337433099746704102e+00
8.806635737419128418e-01,4.164768457412719727e-01
-1.239233374595642090e+00,1.451516270637512207e+00
-1.350936293601989746e-01,1.149459719657897949e+00
1.408406376838684082e+00,8.288785219192504883e-01
2.214067935943603516e+00,-4.919814318418502808e-02
1.490962028503417969e+00,-1.013676166534423828e+00
1.049424648284912109e+00,-4.891386330127716064e-01
1.186516284942626953e+00,1.348685383796691895e+00
8.860918879508972168e-01,1.177562952041625977e+00
1.567014217376708984e+00,8.231667280197143555e-01
1.125737786293029785e+00,3.250256776809692383e+00
3.025074958801269531e+00,9.799803495407104492e-01
1.816733121871948242e+00,1.494403004646301270e+00
1.141755819320678711e+00,1.538928747177124023e+00
1.720869421958923340e+00,-1.699797213077545166e-01
6.300262212753295898e-01,1.330913901329040527e+00
3.976031303405761719e+00,-5.016475915908813477e-01
1.113040447235107422e+00,2.075826883316040039e+00
7.500288486480712891e-01,1.406044721603393555e+00
1.546986103057861328e+00,2.219761133193969727e+00
2.191985607147216797e+00,1.064746528863906860e-01
1.680691003799438477e+00,1.988461375236511230e+00
9.659051299095153809e-01,4.403822124004364014e-01
1.541557550430297852e+00,7.463665008544921875e-01
5.475308895111083984e-01,1.296279430389404297e+00
1.490962028503417969e+00,-1.013676166534423828e+00
1.482073545455932617e+00,2.321517616510391235e-01
4.282849133014678955e-01,1.836810946464538574e+00
1.465939879417419434e+00,2.888337373733520508e+00
2.003790378570556641e+00,2.954910881817340851e-02
-7.931492328643798828e-01,2.348194837570190430e+00
4.169559180736541748e-01,2.013374328613281250e+00
7.862205505371093750e-01,1.215061306953430176e+00
1.781907558441162109e+00,-1.383930087089538574e+00
1.210348010063171387e+00,8.785822987556457520e-01
2.088739871978759766e+00,-7.461924850940704346e-02
3.798418521881103516e+00,5.270369052886962891e-01
1.740845203399658203e+00,4.098328948020935059e-01
1.303244590759277344e+00,1.413611054420471191e+00
9.381170272827148438e-01,1.128854990005493164e+00
1.642701774835586548e-01,7.008128762245178223e-01
3.025408744812011719e+00,5.217331647872924805e-01
1.187325835227966309e+00,-1.254213787615299225e-02
1.163642048835754395e+00,2.300496816635131836e+00
1.438786149024963379e+00,1.167550802230834961e+00
2.305921077728271484e+00,1.631802082061767578e+00
1.653180480003356934e+00,-2.401751428842544556e-01
1.312659144401550293e+00,-3.631072342395782471e-01
1.538205862045288086e+00,3.045290946960449219e+00
-5.273330807685852051e-01,9.851232767105102539e-01
1.440437197685241699e+00,5.240268111228942871e-01
8.438625335693359375e-01,1.010931134223937988e+00
2.745172977447509766e-01,1.918940067291259766e+00
1.559682369232177734e+00,-6.827610135078430176e-01
2.482078969478607178e-01,9.484853744506835938e-01
9.615690708160400391e-01,4.006710946559906006e-01
3.349789619445800781e+00,7.564803957939147949e-01
1.637959182262420654e-01,7.140898108482360840e-01
2.192011833190917969e+00,2.975788898766040802e-02
1.301826000213623047e+00,2.538367509841918945e+00
1.804283618927001953e+00,9.756672382354736328e-01
1.179234981536865234e+00,2.287278175354003906e+00
1.076579213142395020e+00,5.666773319244384766e-01
1.074649572372436523e+00,1.443172812461853027e+00
2.596600055694580078e+00,9.917076230049133301e-01
1.580434441566467285e+00,6.715936660766601562e-01
2.044468641281127930e+00,-2.897583544254302979e-01
1.038451790809631348e+00,-5.555632114410400391e-01
1.123969316482543945e+00,1.261475086212158203e+00
3.346144676208496094e+00,1.247248768806457520e+00
1.486643314361572266e+00,6.456658840179443359e-01
1.649119734764099121e+00,1.153473258018493652e+00
2.165812969207763672e+00,1.145059823989868164e+00
2.781862258911132812e+00,4.194572865962982178e-01
-1.164907217025756836e-01,1.413953542709350586e+00
2.124754905700683594e+00,-1.315418481826782227e-01
5.414686679840087891e+00,7.519031763076782227e-01
2.376560688018798828e+00,1.725860834121704102e-01
1.526196241378784180e+00,1.541655421257019043e+00
2.214988708496093750e+00,7.147137522697448730e-01
1.778634428977966309e+00,1.669079661369323730e+00
1.709338426589965820e+00,2.228770971298217773e+00
7.638539075851440430e-01,1.271619319915771484e+00
1.374777436256408691e+00,2.163818836212158203e+00
7.128574252128601074e-01,4.337208271026611328e-01
2.451438903808593750e+00,9.843529462814331055e-01
1.889824986457824707e+00,7.350106835365295410e-01
-1.239233374595642090e+00,1.451516270637512207e+00
7.187202572822570801e-04,9.383704662322998047e-01
2.549801349639892578e+00,4.204066693782806396e-01
9.669563770294189453e-01,1.168928369879722595e-01
1.300642609596252441e+00,2.086052656173706055e+00
2.543715476989746094e+00,2.399582713842391968e-01
1.658818602561950684e+00,5.782362818717956543e-01
6.106084585189819336e-01,4.469601511955261230e-01
-6.890909671783447266e-01,1.323035955429077148e+00
8.916450142860412598e-01,2.486150503158569336e+00
-7.935549616813659668e-01,1.309805870056152344e+00
3.320071220397949219e+00,1.555134415626525879e+00
1.269454717636108398e+00,4.150166213512420654e-01
5.870769619941711426e-01,1.500697731971740723e+00
8.452835083007812500e-01,3.676919937133789062e-01
4.081915378570556641e+00,-2.389770001173019409e-01
5.203046798706054688e-01,1.608007788658142090e+00
1.614545226097106934e+00,1.410241961479187012e+00
3.025074958801269531e+00,9.799803495407104492e-01
2.204620361328125000e+00,6.848745793104171753e-02
3.316118717193603516e+00,9.611373543739318848e-01
1.772048592567443848e+00,3.849264085292816162e-01
2.042524814605712891e+00,6.895070672035217285e-01
1.754953980445861816e+00,-2.487850040197372437e-01
1.301364660263061523e+00,2.917296171188354492e+00
9.008772969245910645e-01,6.478480100631713867e-01
-4.750483036041259766e-01,1.785148978233337402e+00
2.839283347129821777e-01,1.022261023521423340e+00
-5.798926949501037598e-01,7.831530570983886719e-01
1.604905128479003906e+00,8.150492906570434570e-01
2.003790378570556641e+00,2.954910881817340851e-02
-1.698826193809509277e+00,2.182247877120971680e+00
2.698289394378662109e+00,2.573458254337310791e-01
-6.485320627689361572e-03,1.331528425216674805e+00
1.823010921478271484e+00,-2.278206348419189453e-01
1.392511963844299316e+00,1.576848983764648438e+00
1.589739561080932617e+00,-6.624183058738708496e-01
1.589277982711791992e+00,2.704171657562255859e+00
1.205158948898315430e+00,1.341320276260375977e+00
2.319918155670166016e+00,1.285965681076049805e+00
1.073141932487487793e+00,1.233358383178710938e+00
1.225578784942626953e+00,7.278294563293457031e-01
1.395277827978134155e-01,7.321788072586059570e-01
2.516600862145423889e-02,7.536223530769348145e-01
-6.378784179687500000e-01,3.535640478134155273e+00
6.632757782936096191e-01,1.270274877548217773e+00
3.702743053436279297e+00,1.624154925346374512e+00
-1.961607813835144043e+00,3.048713445663452148e+00
1.486643314361572266e+00,6.456658840179443359e-01
9.166021943092346191e-01,1.349272727966308594e+00
1.305261015892028809e+00,1.567309975624084473e+00
1.863087296485900879e+00,-1.041986942291259766e-01
1.192210793495178223e+00,1.403446674346923828e+00
1.221475124359130859e+00,1.361465454101562500e+00
2.683332443237304688e+00,3.378207087516784668e-01
1.456598401069641113e+00,1.190344572067260742e+00
1.384819507598876953e+00,-6.872560977935791016e-01
1.274279713630676270e+00,7.797892093658447266e-01
9.583674669265747070e-01,4.390811622142791748e-01
-1.961889564990997314e-01,1.382281184196472168e+00
8.361690640449523926e-01,3.877933919429779053e-01
2.319918155670166016e+00,1.285965681076049805e+00
1.893527984619140625e+00,1.602571308612823486e-01
1.645925760269165039e+00,1.251499652862548828e+00
1.469136238098144531e+00,3.504540920257568359e+00
2.205477714538574219e+00,2.157229423522949219e+00
6.362733840942382812e-01,1.756181716918945312e+00
1.490586996078491211e+00,1.371435999870300293e+00
1.996690154075622559e+00,8.682293444871902466e-02
1.141323089599609375e+00,1.621489644050598145e+00
2.067035198211669922e+00,2.559756860136985779e-03
2.137611389160156250e+00,-8.864292502403259277e-02
1.427410602569580078e+00,5.400227755308151245e-02
1.773213505744934082e+00,2.976226091384887695e+00
6.264812350273132324e-01,-1.428708881139755249e-01
9.818202257156372070e-01,-1.552943587303161621e-01
9.484719634056091309e-01,3.857174515724182129e-01
-9.325377643108367920e-02,1.399627447128295898e+00
1.819175839424133301e+00,6.291996240615844727e-01
8.059685826301574707e-01,1.046406388282775879e+00
3.488810062408447266e+00,2.006960391998291016e+00
