1.144319772720336914e+00,3.228716254234313965e-01
1.398896932601928711e+00,1.305029541254043579e-01
-8.891234397888183594e-01,6.222434043884277344e-01
-9.406298995018005371e-01,8.258044719696044922e-01
3.806290924549102783e-01,7.535176277160644531e-01
-1.025519847869873047e+00,6.043464541435241699e-01
4.457782804965972900e-01,-6.636149883270263672e-01
-5.152020454406738281e-01,-1.189218640327453613e+00
4.506968334317207336e-02,1.385026931762695312e+00
4.182010889053344727e-01,1.508383631706237793e+00
-1.021086454391479492e+00,5.094603896141052246e-01
2.162929296493530273e+00,3.797056078910827637e-01
-4.730474203824996948e-02,2.498891502618789673e-01
6.119534373283386230e-01,3.798733651638031006e-02
-9.014649391174316406e-01,5.961338877677917480e-01
-5.076920390129089355e-01,-3.912127017974853516e-01
-9.559186697006225586e-01,6.725918650627136230e-01
-4.098611176013946533e-01,-5.877979099750518799e-02
5.494377017021179199e-01,4.154157936573028564e-01
1.273033142089843750e+00,-1.707001686096191406e+00
8.031496405601501465e-02,1.596754193305969238e-01
1.506948590278625488e+00,2.988965809345245361e-01
8.185286074876785278e-03,-2.212837189435958862e-01
1.391549557447433472e-01,1.522372603416442871e+00
1.476463913917541504e+00,-9.670376777648925781e-01
-1.093706011772155762e+00,-4.314241409301757812e+00
1.786229729652404785e+00,2.675110697746276855e-01
-9.771350622177124023e-01,5.337779521942138672e-01
-3.202732503414154053e-01,-4.476176500320434570e-01
4.988657236099243164e-01,7.468391209840774536e-02
7.040737271308898926e-01,-1.343787312507629395e-01
-2.350275754928588867e+00,1.984222650527954102e+00
6.899783611297607422e-01,-2.209062874317169189e-01
-1.238086938858032227e+00,5.628694295883178711e-01
1.483938217163085938e+00,-1.066481113433837891e+00
-1.491177320480346680e+00,1.245711326599121094e+00
6.164038777351379395e-01,1.078594774007797241e-01
-6.249000430107116699e-01,-4.976325035095214844e-01
1.558047533035278320e+00,1.134288072586059570e+00
4.836185574531555176e-01,5.148702859878540039e-02
1.166275382041931152e+00,8.930798172950744629e-01
-8.616854548454284668e-01,7.245829105377197266e-01
2.518034875392913818e-01,-9.736549854278564453e-01
1.791234850883483887e+00,1.644082784652709961e+00
1.025585234165191650e-01,-1.841738671064376831e-01
4.109658718109130859e+00,-2.064356088638305664e+00
5.132554173469543457e-01,7.492133975028991699e-02
5.836032032966613770e-01,-1.122399330139160156e+00
1.055887103080749512e+00,2.451519727706909180e+00
5.282741785049438477e-01,-1.340928673744201660e+00
6.407576799392700195e-01,-2.405778132379055023e-02
6.453433632850646973e-02,-1.488486230373382568e-01
1.648526787757873535e+00,3.686142563819885254e-01
-1.791848301887512207e+00,1.708677053451538086e+00
1.448584556579589844e+00,-6.450424790382385254e-01
1.271992921829223633e+00,8.909536004066467285e-01
9.049203395843505859e-01,3.916465938091278076e-01
1.045872092247009277e+00,3.065946102142333984e-01
-1.438508480787277222e-01,5.249952077865600586e-01
1.210894703865051270e+00,2.216204702854156494e-01
-4.931355118751525879e-01,-3.831831216812133789e-01
7.609422206878662109e-01,-5.377228856086730957e-01
-5.449983477592468262e-01,6.520032882690429688e-01
-1.152918696403503418e+00,4.512019157409667969e-01
-1.143171340227127075e-01,1.227307200431823730e+00
5.439868569374084473e-01,-3.029610872268676758e+00
-9.883503913879394531e-01,4.150621294975280762e-01
1.066649079322814941e+00,-1.663270831108093262e+00
3.294790506362915039e+00,-9.584683775901794434e-01
4.832951426506042480e-01,-5.374462604522705078e-01
1.502462029457092285e+00,1.852770149707794189e-01
8.432620167732238770e-01,3.389295041561126709e-01
9.759855866432189941e-01,3.495005369186401367e-01
-3.052854537963867188e-01,5.913555026054382324e-01
1.166275382041931152e+00,8.930798172950744629e-01
2.067550420761108398e+00,1.789877533912658691e+00
8.214082717895507812e-01,-4.251117110252380371e-01
-9.670801758766174316e-01,6.308776736259460449e-01
-5.887383222579956055e-01,-8.951667696237564087e-02
1.000370621681213379e+00,1.323585677891969681e-02
-1.902121305465698242e-02,2.629622817039489746e-01
2.753943681716918945e+00,1.266648530960083008e+00
-1.343361020088195801e+00,1.366378068923950195e+00
1.788305997848510742e+00,9.003814458847045898e-01
6.502786278724670410e-01,-9.897955060005187988e-01
-1.092487931251525879e+00,3.747273683547973633e-01
-4.165592789649963379e-01,-4.283370673656463623e-01
-4.332317411899566650e-02,6.672341823577880859e-01
-1.476537466049194336e+00,1.698128134012222290e-01
-1.117794752120971680e+00,4.932149648666381836e-01
1.303333640098571777e+00,-1.225807785987854004e+00
5.174102783203125000e-01,-2.393943369388580322e-01
1.809012442827224731e-01,-7.544594407081604004e-01
9.068944454193115234e-01,-1.850160956382751465e-01
6.339070200920104980e-02,-1.405915915966033936e-01
1.417670845985412598e+00,-5.932675361633300781e+00
6.362249851226806641e-01,-9.474930763244628906e-01
1.546093106269836426e+00,3.467462658882141113e-01
1.757696747779846191e+00,1.224079489707946777e+00
1.505970001220703125e+00,-1.606030344963073730e+00
-2.861885726451873779e-01,7.153875231742858887e-01
1.755963206291198730e+00,3.603830635547637939e-01
1.233147382736206055e+00,-3.241886138916015625e+00
1.980763912200927734e+00,7.348486781120300293e-01
3.688797652721405029e-01,5.785064697265625000e-01
-6.946926116943359375e-01,2.754568755626678467e-01
7.529447674751281738e-01,-8.789320290088653564e-02
6.710894703865051270e-01,1.010016560554504395e+00
6.304257512092590332e-01,3.760409355163574219e-01
-5.535353422164916992e-01,-4.124729335308074951e-01
8.439600467681884766e-01,-3.962527513504028320e+00
-2.439200133085250854e-01,-2.778927683830261230e-01
5.959731340408325195e-01,-4.258553385734558105e-01
1.700990200042724609e+00,1.634553074836730957e+00
2.495595440268516541e-02,-5.051022768020629883e-01
1.800240278244018555e+00,-8.343623280525207520e-01
2.935076877474784851e-02,3.241651356220245361e-01
2.001157522201538086e+00,-1.215901225805282593e-01
6.905533373355865479e-02,3.110383749008178711e-01
1.495652556419372559e+00,-1.755027294158935547e+00
4.540414214134216309e-01,6.026942729949951172e-01
-2.264205932617187500e+00,-1.644307732582092285e+00
-1.158648610115051270e+00,5.211484432220458984e-01
1.983061313629150391e+00,1.254113674163818359e+00
-1.812528818845748901e-01,1.024980545043945312e-01
1.829027652740478516e+00,7.795268297195434570e-02
-3.742452561855316162e-01,-1.473909914493560791e-01
2.663384199142456055e+00,4.871407032012939453e+00
-5.660506486892700195e-01,-1.027025818824768066e+00
-2.319378703832626343e-01,1.278576552867889404e-01
2.046420097351074219e+00,1.079566955566406250e+00
-1.235914707183837891e+00,4.041035175323486328e-01
1.371627688407897949e+00,7.180272787809371948e-02
-5.271753072738647461e-01,1.999735116958618164e+00
3.982314839959144592e-02,-1.895975917577743530e-01
1.926126718521118164e+00,-3.492093086242675781e+00
-3.764450848102569580e-01,1.077466964721679688e+00
-3.541387319564819336e-01,5.506721884012222290e-02
2.406462907791137695e+00,1.308455586433410645e+00
-1.939068794250488281e+00,1.987954735755920410e+00
-9.482306838035583496e-01,6.135753393173217773e-01
6.502786278724670410e-01,-9.897955060005187988e-01
-1.201953172683715820e+00,-7.274522781372070312e-01
-4.887229502201080322e-01,3.251899480819702148e-01
7.411718368530273438e-02,-3.838739633560180664e+00
-8.616854548454284668e-01,7.245829105377197266e-01
-7.338520288467407227e-01,1.040003657341003418e+00
-1.021086454391479492e+00,5.094603896141052246e-01
-8.619853258132934570e-01,6.196700334548950195e-01
1.695346713066101074e+00,-7.226262688636779785e-01
1.848001837730407715e+00,3.256123363971710205e-01
-5.872162580490112305e-01,4.040947556495666504e-01
-7.694330066442489624e-02,-3.107942938804626465e-01
3.512013852596282959e-01,2.300601750612258911e-01
-9.481627345085144043e-01,5.286577343940734863e-01
-8.450487852096557617e-01,6.556768417358398438e-01
1.656453013420104980e+00,-3.357508182525634766e-01
-1.415722727775573730e+00,1.385111451148986816e+00
1.774534106254577637e+00,-2.022812128067016602e+00
2.271844625473022461e+00,-1.401129215955734253e-01
2.124064922332763672e+00,-2.110211133956909180e+00
-1.798933148384094238e-01,-2.546214461326599121e-01
1.610339879989624023e+00,7.643349766731262207e-01
-4.996410012245178223e-01,2.633076310157775879e-01
-8.505777269601821899e-02,1.088174343109130859e+00
-1.017287969589233398e-01,-3.940682113170623779e-01
6.206539273262023926e-01,4.165006875991821289e-01
-1.204056620597839355e+00,2.655556201934814453e-01
2.027204513549804688e+00,-2.997552752494812012e-01
-2.188258022069931030e-01,-1.150224447250366211e+00
-5.811752676963806152e-01,5.689951181411743164e-01
1.385280728340148926e+00,6.706556677818298340e-02
4.520534515380859375e+00,9.415736794471740723e-02
1.063995838165283203e+00,-1.039543032646179199e+00
-6.042352318763732910e-01,6.277691721916198730e-01
2.622134923934936523e+00,1.615666627883911133e+00
-1.748952746391296387e+00,-1.318273544311523438e+00
1.305800795555114746e+00,5.505431294441223145e-01
-3.052854537963867188e-01,5.913555026054382324e-01
-6.530677676200866699e-01,-1.491347193717956543e+00
-2.664664387702941895e-01,2.668906450271606445e-01
-1.219426035881042480e+00,3.660885691642761230e-01
6.116644740104675293e-01,5.922576189041137695e-01
1.061987042427062988e+00,2.465116530656814575e-01
-1.479046702384948730e+00,1.369604617357254028e-01
-9.888859987258911133e-01,2.450819969177246094e+00
5.923409461975097656e-01,9.719333052635192871e-01
-9.797601699829101562e-01,1.602916240692138672e+00
-1.004199981689453125e+00,2.626630365848541260e-01
-1.541970610618591309e+00,1.620391011238098145e-01
-5.653324723243713379e-01,6.954938769340515137e-01
5.244546532630920410e-01,7.021355628967285156e-01
5.346244573593139648e-01,-6.915760785341262817e-02
9.958550333976745605e-01,-8.558532595634460449e-01
9.958550333976745605e-01,-8.558532595634460449e-01
-1.376177906990051270e+00,1.310553789138793945e+00
1.513440966606140137e+00,1.937211006879806519e-01
1.846938490867614746e+00,1.620214283466339111e-01
3.902604877948760986e-01,1.402948856353759766e+00
9.352165460586547852e-01,1.056808352470397949e+00
8.385837674140930176e-01,-1.146391630172729492e+00
-1.788444817066192627e-01,-7.341819405555725098e-01
-1.042078256607055664e+00,5.303743481636047363e-01
1.381710171699523926e+00,-3.870484113693237305e+00
-3.609760999679565430e-01,-4.748390614986419678e-01
1.469540596008300781e+00,-1.172325909137725830e-01
-9.827781319618225098e-01,4.842981100082397461e-01
9.042872190475463867e-01,1.386263132095336914e+00
-2.233089923858642578e+00,2.216520547866821289e+00
-8.770313858985900879e-01,1.256757378578186035e-01
-5.427374839782714844e-01,3.312928229570388794e-02
-4.400480091571807861e-01,1.670337170362472534e-01
1.042249798774719238e+00,3.390378057956695557e-01
2.730765640735626221e-01,-2.738253176212310791e-01
-3.345860242843627930e-01,7.870710492134094238e-01
6.537955999374389648e-01,-6.920889616012573242e-01
-1.231801360845565796e-01,6.233775615692138672e-01
7.586013078689575195e-01,-9.079374074935913086e-01
6.392349600791931152e-01,-4.415366351604461670e-01
1.731404185295104980e+00,3.695096373558044434e-01
1.147968053817749023e+00,1.458405375480651855e+00
-1.939252316951751709e-01,-2.249595522880554199e-01
-3.326822817325592041e-01,4.989256262779235840e-01
2.065278053283691406e+00,-9.367136955261230469e-01
1.325823545455932617e+00,-9.432137608528137207e-01
7.006806731224060059e-01,5.625364184379577637e-01
-6.441540718078613281e-01,6.023961305618286133e-01
-1.494210124015808105e+00,-3.127481222152709961e+00
-2.664808630943298340e-01,3.115668594837188721e-01
-1.052582710981369019e-01,2.154673635959625244e-01
-5.590102076530456543e-01,3.412224054336547852e-01
1.552695155143737793e+00,3.385279178619384766e-01
-2.402359396219253540e-01,3.371734172105789185e-02
-6.721727252006530762e-01,8.356928229331970215e-01
-1.828712821006774902e-01,-5.612941980361938477e-01
1.303315311670303345e-01,2.781534790992736816e-01
5.516326054930686951e-02,1.243283674120903015e-01
1.536460638046264648e+00,5.978258252143859863e-01
-1.243349075317382812e+00,1.883656382560729980e-01
-4.225195348262786865e-01,4.733344912528991699e-02
-6.940196752548217773e-01,-5.648530125617980957e-01
-1.152122378349304199e+00,4.330790042877197266e-01
-5.427113771438598633e-01,-1.455730758607387543e-03
8.486377000808715820e-01,8.532118797302246094e-01
-4.852997064590454102e-01,1.227894663810729980e+00
-7.354070544242858887e-01,-1.077619671821594238e+00
-1.118176341056823730e+00,3.934959769248962402e-01
3.849806487560272217e-01,3.631209433078765869e-01
-1.463468909263610840e+00,1.477432489395141602e+00
1.216022491455078125e+00,1.479374170303344727e+00
-5.193406343460083008e-01,1.096155866980552673e-02
-1.174321889877319336e+00,3.429677188396453857e-01
-1.004199981689453125e+00,2.626630365848541260e-01
4.858599305152893066e-01,1.507142424583435059e+00
1.173356056213378906e+00,1.475068569183349609e+00
-1.060925602912902832e+00,5.097546577453613281e-01
-1.172982692718505859e+00,2.658370018005371094e+00
-4.598369002342224121e-01,-6.104453653097152710e-02
-1.104964137077331543e+00,5.555258989334106445e-01
1.886789917945861816e+00,-8.681710958480834961e-01
6.488527059555053711e-01,-9.098106026649475098e-01
-8.589794039726257324e-01,6.512219905853271484e-01
7.473489046096801758e-01,-1.234904974699020386e-01
-1.025133967399597168e+00,5.962821245193481445e-01
1.777420163154602051e+00,-2.711338758468627930e+00
-3.128435313701629639e-01,7.361683845520019531e-01
8.022164702415466309e-01,1.675217866897583008e+00
-1.059146285057067871e+00,4.547422528266906738e-01
1.544631123542785645e-01,2.007144317030906677e-02
7.460249662399291992e-01,3.342932760715484619e-01
1.757984399795532227e+00,-9.445885196328163147e-03
1.044051289558410645e+00,1.849549055099487305e+00
2.469702720642089844e+00,1.683066725730895996e+00
-9.750504493713378906e-01,5.081458687782287598e-01
5.439510941505432129e-01,-6.944527626037597656e-01
5.453885793685913086e-01,3.182098269462585449e-01
4.094156742095947266e+00,1.096640110015869141e+00
4.035142660140991211e-01,-5.608353018760681152e-01
-1.418619871139526367e+00,1.977483779191970825e-01
-4.314698576927185059e-01,3.621802926063537598e-01
5.884117484092712402e-01,1.131165742874145508e+00
-1.155741214752197266e+00,4.344839751720428467e-01
5.388576388359069824e-01,1.601875305175781250e+00
1.292763710021972656e+00,7.861679196357727051e-01
9.787468314170837402e-01,4.646378457546234131e-01
5.488805770874023438e-01,-1.304209232330322266e-01
-3.111947700381278992e-02,2.499873638153076172e-01
7.139751911163330078e-01,-4.283964931964874268e-01
-2.126320362091064453e+00,1.589741826057434082e+00
-1.067556977272033691e+00,6.125403940677642822e-02
1.922429203987121582e+00,5.041608959436416626e-02
7.639518976211547852e-01,-6.866846680641174316e-01
7.365487813949584961e-01,-1.600322127342224121e+00
2.327395677566528320e+00,-2.255570173263549805e+00
-1.042677402496337891e+00,5.980925559997558594e-01
-3.145402073860168457e-01,9.417479634284973145e-01
1.209445953369140625e+00,3.863267600536346436e-01
2.885753810405731201e-01,-5.063224434852600098e-01
2.302064418792724609e+00,2.432737648487091064e-01
-1.585631370544433594e-01,1.406504392623901367e+00
1.754771709442138672e+00,9.711874723434448242e-01
-1.650371551513671875e-01,-2.745964527130126953e-01
2.072568893432617188e+00,8.814363479614257812e-01
-6.255652308464050293e-01,4.635473489761352539e-01
8.698063492774963379e-01,7.654734849929809570e-01
-1.126903057098388672e+00,4.542221724987030029e-01
1.781516909599304199e+00,-3.200404345989227295e-01
4.800028800964355469e-01,3.983645141124725342e-01
-5.388795137405395508e-01,6.689354777336120605e-01
-3.495291769504547119e-01,4.310655295848846436e-01
5.820223689079284668e-01,6.711688637733459473e-01
-8.140159845352172852e-01,6.821396946907043457e-01
-8.477015495300292969e-01,6.719263195991516113e-01
2.613710165023803711e+00,-2.450385093688964844e+00
-9.573389887809753418e-01,5.931786298751831055e-01
1.699017360806465149e-02,-2.122111797332763672e+00
1.520998597145080566e+00,9.110040068626403809e-01
2.800235152244567871e-01,5.055078864097595215e-01
9.046093225479125977e-01,2.050982117652893066e-01
1.449785232543945312e+00,-1.917649984359741211e+00
6.574188470840454102e-01,3.229272365570068359e-01
1.354645133018493652e+00,-1.609824895858764648e+00
-5.641633272171020508e-01,9.662171825766563416e-03
6.319770216941833496e-01,2.039860725402832031e+00
7.116526961326599121e-01,1.169548273086547852e+00
8.366840481758117676e-01,3.950113952159881592e-01
-5.875535607337951660e-01,1.156849384307861328e+00
1.269876122474670410e+00,-1.632325768470764160e+00
9.077358990907669067e-03,-2.270637638866901398e-02
3.510284125804901123e-01,-1.054586887359619141e+00
1.154483407735824585e-01,-5.928411483764648438e-01
-6.532162427902221680e-01,-3.778268992900848389e-01
-2.148615598678588867e+00,1.730899095535278320e+00
6.899783611297607422e-01,-2.209062874317169189e-01
-2.414317429065704346e-01,-8.112187981605529785e-01
1.338536620140075684e+00,9.734752774238586426e-02
1.764228343963623047e+00,-1.781346082687377930e+00
-1.050258994102478027e+00,4.632218778133392334e-01
1.346922516822814941e-01,1.184514999389648438e+00
-1.802699565887451172e-01,8.962874412536621094e-01
8.397710323333740234e-02,-6.471808433532714844e+00
-1.413008809089660645e+00,1.948172301054000854e-01
-1.013889312744140625e-01,1.412096172571182251e-01
-9.847421646118164062e-01,4.963105618953704834e-01
-5.150982737541198730e-01,7.283725142478942871e-01
1.269751310348510742e+00,2.175366640090942383e+00
-5.998733639717102051e-01,6.418638229370117188e-01
-2.596609115600585938e+00,-1.124556541442871094e+00
7.769232392311096191e-01,7.993844151496887207e-01
-1.022411227226257324e+00,2.081957101821899414e+00
6.032050251960754395e-01,-7.934230566024780273e-01
1.253941282629966736e-02,3.624311387538909912e-01
-6.583443880081176758e-01,1.171911954879760742e+00
9.280734062194824219e-01,-3.671187758445739746e-01
-5.884380340576171875e-01,-1.910852044820785522e-01
1.789202570915222168e+00,-4.662482738494873047e+00
2.373497486114501953e+00,-3.566272258758544922e-01
2.101901546120643616e-02,2.263285368680953979e-01
5.916488766670227051e-01,6.919139027595520020e-01
8.243662714958190918e-01,2.084634542465209961e+00
1.186213374137878418e+00,1.105603694915771484e+00
4.094156742095947266e+00,1.096640110015869141e+00
3.838331699371337891e-01,5.703032612800598145e-01
2.215683758258819580e-01,2.033814340829849243e-01
1.217685222625732422e+00,4.686535894870758057e-01
1.740376353263854980e+00,-9.231389164924621582e-01
-1.006893277168273926e+00,6.079045534133911133e-01
7.571051716804504395e-01,7.885090708732604980e-01
-3.346664011478424072e-01,3.509731888771057129e-01
-4.941491484642028809e-01,4.630567133426666260e-02
-1.285480737686157227e+00,-1.904170870780944824e+00
1.167248845100402832e+00,-1.275879740715026855e-01
-1.013889312744140625e-01,1.412096172571182251e-01
1.315304994583129883e+00,2.973023653030395508e-01
3.651005923748016357e-01,-1.968091845512390137e+00
-1.542814612388610840e+00,-2.351211071014404297e+00
-1.117741107940673828e+00,4.439682066440582275e-01
1.497082948684692383e+00,6.866100430488586426e-02
1.148171424865722656e-01,4.640517234802246094e-01
-3.897652626037597656e-01,1.441854145377874374e-02
4.243173301219940186e-01,-1.830043077468872070e+00
-1.117874264717102051e+00,2.844292521476745605e-01
-2.153935670852661133e+00,2.937811136245727539e+00
-9.717653393745422363e-01,5.414988994598388672e-01
-1.143171340227127075e-01,1.227307200431823730e+00
-1.548288613557815552e-01,2.072695940732955933e-01
-1.440043330192565918e+00,1.678349226713180542e-01
-7.748928666114807129e-01,8.771775364875793457e-01
1.213032364845275879e+00,-1.066619753837585449e+00
1.793558716773986816e+00,1.644061446189880371e+00
1.926764965057373047e+00,-1.159455329179763794e-01
4.351383686065673828e+00,5.823296308517456055e-01
7.373260259628295898e-01,-6.833428740501403809e-01
-1.229985803365707397e-01,1.163087248802185059e+00
-8.288275599479675293e-01,1.057218432426452637e+00
8.280505537986755371e-01,-4.412372112274169922e-01
-2.006641775369644165e-02,3.108612298965454102e-01
6.135314702987670898e-01,-6.204832196235656738e-01
4.419974982738494873e-03,2.258344143629074097e-01
6.798685789108276367e-01,1.222539246082305908e-01
-8.503005504608154297e-01,7.038990855216979980e-01
-2.514929175376892090e-01,3.662819415330886841e-02
-1.024858593940734863e+00,4.988363385200500488e-01
-1.930741667747497559e+00,-1.308331489562988281e+00
1.887489795684814453e+00,-5.979229211807250977e-01
-9.481627345085144043e-01,5.286577343940734863e-01
-6.811171770095825195e-01,5.611219406127929688e-01
-1.094880551099777222e-01,-4.999563694000244141e-01
1.722323775291442871e+00,-8.157448172569274902e-01
-9.504734277725219727e-01,1.121777296066284180e+00
1.043891072273254395e+00,1.624534279108047485e-01
-1.042677402496337891e+00,5.980925559997558594e-01
1.417670845985412598e+00,-5.932675361633300781e+00
-6.276019811630249023e-01,6.361449956893920898e-01
3.049984455108642578e+00,2.577006816864013672e+00
-4.262457787990570068e-01,-8.193330168724060059e-01
8.554304242134094238e-01,3.690931797027587891e-01
3.677580058574676514e-01,-7.732877731323242188e-01
-1.016748905181884766e+00,5.949191451072692871e-01
-6.281284093856811523e-01,-2.482846975326538086e-01
-1.031182765960693359e+00,5.122119784355163574e-01
3.683970689773559570e+00,4.790171682834625244e-01
-1.134499907493591309e-04,-1.993505656719207764e-02
-8.280051350593566895e-01,-1.209050297737121582e+00
8.792815804481506348e-01,1.156226277351379395e+00
-1.212921977043151855e+00,1.200382471084594727e+00
1.580531150102615356e-01,7.973091602325439453e-01
4.516727924346923828e-01,3.281697750091552734e+00
-2.777422964572906494e-01,2.783680558204650879e-01
9.138250946998596191e-01,2.850990533828735352e+00
-1.429638147354125977e+00,1.328265666961669922e+00
6.604139208793640137e-01,-5.730466842651367188e-01
1.331728100776672363e+00,1.641978025436401367e-01
-9.702561497688293457e-01,6.456434130668640137e-01
5.051791071891784668e-01,1.231836557388305664e+00
1.545417070388793945e+00,1.253000378608703613e+00
1.926278829574584961e+00,-1.246570110321044922e+00
7.500925064086914062e-01,2.345383912324905396e-01
-1.106159925460815430e+00,4.342871010303497314e-01
-1.293790817260742188e+00,8.044893145561218262e-01
-2.254566431045532227e+00,2.242741823196411133e+00
2.574106216430664062e+00,-2.738524675369262695e+00
-8.470492362976074219e-01,9.468975067138671875e-01
2.661756277084350586e-01,-9.211360812187194824e-01
1.754752755165100098e+00,-4.775699377059936523e-01
1.992066144943237305e+00,4.044427573680877686e-01
-1.073661565780639648e+00,4.735668301582336426e-01
-5.577138066291809082e-01,6.221849322319030762e-01
-2.177564144134521484e+00,1.701129198074340820e+00
-4.506252110004425049e-01,3.169505596160888672e-01
3.865420818328857422e-01,6.526796817779541016e-01
6.483432054519653320e-01,3.437412530183792114e-02
-3.944031894207000732e-01,1.378239274024963379e+00
-3.346664011478424072e-01,3.509731888771057129e-01
-1.102054476737976074e+00,4.856063425540924072e-01
-1.367493391036987305e+00,2.381655573844909668e-01
5.419838428497314453e-01,-1.129222631454467773e+00
-9.734457731246948242e-01,6.738960146903991699e-01
1.436435222625732422e+00,-1.606139302253723145e+00
-4.679679870605468750e-01,4.726072251796722412e-01
1.169885993003845215e+00,7.253958582878112793e-01
-1.008040666580200195e+00,5.970294475555419922e-01
2.276296377182006836e+00,4.451757371425628662e-01
-5.194202065467834473e-02,3.018694221973419189e-01
-4.063842594623565674e-01,-7.913418859243392944e-02
-1.204460978507995605e+00,1.384958505630493164e+00
-1.055438160896301270e+00,5.668992400169372559e-01
-4.734428524971008301e-01,1.182306289672851562e+00
1.260683536529541016e+00,7.790429592132568359e-01
-2.588681459426879883e+00,3.520322561264038086e+00
1.552984476089477539e+00,-9.896652698516845703e-01
-2.088283300399780273e+00,1.609417080879211426e+00
-1.072150826454162598e+00,2.419209480285644531e-01
1.480011463165283203e+00,4.143080115318298340e-01
-8.910823464393615723e-01,8.629623651504516602e-01
5.471881628036499023e-01,-2.065424203872680664e+00
6.431267857551574707e-01,-8.011255264282226562e-01
-1.198188662528991699e+00,3.296661674976348877e-01
1.578767597675323486e-01,-8.145294189453125000e-01
-6.219540163874626160e-02,3.331409096717834473e-01
-5.875580906867980957e-01,3.889913111925125122e-02
2.233487606048583984e+00,-5.625272542238235474e-02
-8.665229678153991699e-01,5.512096285820007324e-01
4.975106939673423767e-02,-5.912701040506362915e-02
1.757696747779846191e+00,1.224079489707946777e+00
-3.459712862968444824e-02,2.515347301959991455e-01
5.045746564865112305e-01,1.605207175016403198e-01
-1.443268418312072754e+00,-1.276412248611450195e+00
3.029620349407196045e-01,-8.983087539672851562e-01
-4.747472107410430908e-01,7.637321352958679199e-01
1.728075146675109863e+00,8.284826278686523438e-01
-1.611698508262634277e+00,1.520443201065063477e+00
1.938509568572044373e-02,1.297996401786804199e+00
1.037996411323547363e+00,-2.201721906661987305e+00
5.589053407311439514e-02,1.061015725135803223e+00
-1.582820892333984375e+00,2.879115343093872070e-01
6.544808745384216309e-01,2.492032498121261597e-01
5.943169593811035156e-01,-6.134253144264221191e-01
-3.459712862968444824e-02,2.515347301959991455e-01
-1.287367820739746094e+00,1.741337656974792480e+00
-6.706374287605285645e-01,7.355644702911376953e-01
1.518157482147216797e+00,1.020245790481567383e+00
2.104302644729614258e+00,-1.570533275604248047e+00
1.700731515884399414e+00,1.681188941001892090e+00
-9.937201142311096191e-01,1.443418979644775391e+00
-2.580462932586669922e+00,2.895481586456298828e+00
-2.361101627349853516e+00,2.046612262725830078e+00
-3.886696398258209229e-01,-1.045570522546768188e-02
1.077398180961608887e+00,1.492981910705566406e-01
3.975542187690734863e-01,3.921365141868591309e-01
6.453433632850646973e-02,-1.488486230373382568e-01
-5.533146262168884277e-01,2.239983677864074707e-01
-1.327981650829315186e-01,-2.634564638137817383e-01
-1.964677095413208008e+00,-1.163288831710815430e+00
-9.144998192787170410e-01,9.406001567840576172e-01
-1.057154059410095215e+00,5.392332673072814941e-01
-3.123402297496795654e-01,-8.973096013069152832e-01
-1.069482684135437012e+00,5.836777687072753906e-01
7.435885071754455566e-01,3.912382125854492188e-01
-7.068736553192138672e-01,3.306678235530853271e-01
-1.881138086318969727e+00,-1.597247600555419922e+00
-1.511017680168151855e+00,1.448659658432006836e+00
-8.900681138038635254e-01,3.397091627120971680e-01
-5.535353422164916992e-01,-4.124729335308074951e-01
6.491141319274902344e-01,-2.380222320556640625e+00
1.067245841026306152e+00,2.719797194004058838e-01
9.163987040519714355e-01,-3.623508512973785400e-01
-5.938189625740051270e-01,1.625611186027526855e+00
-5.911572575569152832e-01,5.221097469329833984e-01
5.957427993416786194e-02,3.985604643821716309e-01
2.511182129383087158e-01,-2.284272909164428711e-01
1.904247879981994629e+00,8.800482153892517090e-01
-1.798181086778640747e-01,3.914722502231597900e-01
1.311750054359436035e+00,1.997026652097702026e-01
-1.429638147354125977e+00,1.328265666961669922e+00
-1.137562632560729980e+00,1.131517142057418823e-01
1.131184458732604980e+00,1.650837659835815430e-01
-5.176839232444763184e-01,3.223851025104522705e-01
-9.020770192146301270e-01,5.937813520431518555e-01
-9.251949787139892578e-01,7.505361437797546387e-01
1.924880981445312500e+00,5.375823020935058594e+00
1.516775846481323242e+00,8.121621012687683105e-01
4.982637166976928711e-01,-5.548152923583984375e-01
-5.406882166862487793e-01,2.945132851600646973e-01
3.620250821113586426e-01,-6.214680075645446777e-01
2.347226381301879883e+00,4.471570551395416260e-01
9.787468314170837402e-01,4.646378457546234131e-01
-9.942405223846435547e-01,5.336720943450927734e-01
-3.303667008876800537e-01,2.775681316852569580e-01
1.562176272273063660e-02,-8.104022145271301270e-01
2.709860205650329590e-01,2.814608216285705566e-01
2.374693870544433594e+00,5.538289546966552734e-01
5.453885793685913086e-01,3.182098269462585449e-01
6.582139730453491211e-01,4.150266647338867188e-01
-8.611672371625900269e-02,1.126261711120605469e+00
-1.198188662528991699e+00,3.296661674976348877e-01
-1.426644325256347656e-01,-1.503721922636032104e-01
-1.776417493820190430e+00,-2.785248041152954102e+00
-1.961597204208374023e+00,1.070476293563842773e+00
-3.408842161297798157e-02,5.899283885955810547e-01
-3.587006092071533203e+00,-2.119737625122070312e+00
1.049382448196411133e+00,8.529162406921386719e-01
-1.010487675666809082e+00,1.422081232070922852e+00
-7.181528806686401367e-01,2.879589423537254333e-02
-5.029149651527404785e-01,3.321908414363861084e-02
8.524394035339355469e-01,-4.263435304164886475e-01
8.439600467681884766e-01,-3.962527513504028320e+00
6.807854175567626953e-01,-2.029384374618530273e+00
-9.061939716339111328e-01,3.133709430694580078e-01
6.362249851226806641e-01,-9.474930763244628906e-01
-2.392932325601577759e-01,1.403400599956512451e-01
-1.073023557662963867e+00,5.798470377922058105e-01
2.574106216430664062e+00,-2.738524675369262695e+00
-2.251351326704025269e-01,1.959584712982177734e+00
1.368197083473205566e+00,7.599649429321289062e-01
1.493030309677124023e+00,-1.707240462303161621e+00
-6.716601550579071045e-03,2.938060164451599121e-01
1.272845149040222168e+00,-1.293970942497253418e+00
-1.781561613082885742e+00,1.747303724288940430e+00
1.494494438171386719e+00,6.633212566375732422e-01
1.107424974441528320e+00,1.678614735603332520e+00
-1.158648610115051270e+00,5.211484432220458984e-01
8.192747831344604492e-02,3.336171805858612061e-01
6.094825267791748047e-01,3.431791365146636963e-01
-3.797796666622161865e-01,-3.936680853366851807e-01
1.000715851783752441e+00,-1.601664781570434570e+00
6.779888272285461426e-01,3.199216723442077637e-02
-6.325501948595046997e-02,3.353061676025390625e-01
7.924769818782806396e-02,3.763100802898406982e-01
1.343045234680175781e+00,-1.496794700622558594e+00
-1.269864439964294434e+00,1.428279519081115723e+00
2.230880260467529297e+00,4.127909541130065918e-01
-1.139211893081665039e+00,3.885193765163421631e-01
-4.038748443126678467e-01,-6.874879449605941772e-02
-1.178947448730468750e+00,4.366381764411926270e-01
-3.851110339164733887e-01,1.064169257879257202e-01
-7.181528806686401367e-01,2.879589423537254333e-02
-6.583443880081176758e-01,1.171911954879760742e+00
-4.585150778293609619e-01,-2.139829695224761963e-01
-8.786342144012451172e-01,1.163624763488769531e+00
1.368197083473205566e+00,7.599649429321289062e-01
-3.943655192852020264e-01,-6.008704304695129395e-01
-1.574268937110900879e+00,1.620663881301879883e+00
-2.217421531677246094e-01,3.416820764541625977e-01
-7.479684948921203613e-01,3.947553038597106934e-01
1.444002151489257812e+00,9.161096215248107910e-01
-1.152122378349304199e+00,4.330790042877197266e-01
-2.252932339906692505e-01,-9.452471137046813965e-02
6.610782742500305176e-01,3.079690635204315186e-01
-8.951873183250427246e-01,6.372342705726623535e-01
-6.813614964485168457e-01,-6.094044446945190430e-01
-9.159159660339355469e-01,5.117235183715820312e-01
9.371167421340942383e-01,-9.612406045198440552e-02
-1.030573844909667969e+00,5.214789509773254395e-01
-9.797601699829101562e-01,1.602916240692138672e+00
1.295167922973632812e+00,6.073373556137084961e-01
-5.988367795944213867e-01,5.745201110839843750e-01
4.374070465564727783e-01,1.745502829551696777e+00
-1.222112774848937988e+00,-8.534487485885620117e-01
1.021137118339538574e+00,1.634690999984741211e+00
2.251387834548950195e-01,-2.354494035243988037e-01
4.954493641853332520e-01,7.070287466049194336e-01
-2.514383077621459961e+00,2.087332010269165039e+00
-8.074139356613159180e-01,6.489392518997192383e-01
2.962207496166229248e-01,7.219279408454895020e-01
-1.496689081192016602e+00,-1.113390684127807617e+00
3.330619633197784424e-01,-9.454252719879150391e-01
-1.012054204940795898e+00,-9.275892376899719238e-01
2.969321727752685547e+00,1.101331830024719238e+00
-7.308019995689392090e-01,8.506829738616943359e-01
5.483744665980339050e-02,7.742187976837158203e-01
-6.946926116943359375e-01,2.754568755626678467e-01
-1.689557075500488281e+00,-1.749725699424743652e+00
3.641299724578857422e+00,-2.499322414398193359e+00
-1.343361020088195801e+00,1.366378068923950195e+00
2.249382257461547852e+00,1.978581547737121582e+00
4.635249376296997070e-01,-1.015778899192810059e+00
1.140788197517395020e+00,1.934723109006881714e-01
-1.428353786468505859e+00,2.383022308349609375e-01
1.338536620140075684e+00,9.734752774238586426e-02
-4.833733737468719482e-01,-4.636061191558837891e-01
5.514292120933532715e-01,1.548179984092712402e+00
5.897254347801208496e-01,3.044171631336212158e-01
-1.907551050186157227e+00,-2.869726896286010742e+00
-1.131873369216918945e+00,3.553379774093627930e-01
1.006695985794067383e+00,7.376664876937866211e-01
-5.006953477859497070e-01,-1.462436281144618988e-03
-3.396897017955780029e-01,-7.000585198402404785e-01
-1.038461327552795410e+00,5.264731049537658691e-01
9.563929438591003418e-01,3.999858498573303223e-01
1.329995036125183105e+00,-1.221506834030151367e+00
1.135234355926513672e+00,2.140451669692993164e-01
1.125874519348144531e+00,8.790700882673263550e-02
1.123341470956802368e-01,3.852746188640594482e-01
3.883261680603027344e-01,-1.164168119430541992e-01
2.396181225776672363e-01,-2.552834033966064453e+00
1.415151715278625488e+00,1.698612093925476074e+00
2.022949457168579102e+00,-2.334011077880859375e+00
-8.785060644149780273e-01,8.877544999122619629e-01
1.114637494087219238e+00,-7.413244247436523438e-01
-4.122102856636047363e-01,-1.207595169544219971e-01
-4.006260633468627930e-01,5.873972177505493164e-01
-1.628552079200744629e+00,1.259748637676239014e-01
1.094469785690307617e+00,1.320954412221908569e-01
9.138250946998596191e-01,2.850990533828735352e+00
-1.123550906777381897e-01,9.643486738204956055e-01
-1.178619623184204102e+00,1.540489792823791504e+00
1.939052104949951172e+00,1.144004464149475098e+00
9.310104250907897949e-01,2.803494632244110107e-01
1.484617829322814941e+00,-9.388013482093811035e-01
-2.287377864122390747e-01,2.546055614948272705e-01
-1.494210124015808105e+00,-3.127481222152709961e+00
1.330968290567398071e-01,-1.315857470035552979e-02
-1.378795385360717773e+00,4.084288775920867920e-01
-4.641981422901153564e-01,2.866588830947875977e-01
-9.152806997299194336e-01,9.525477886199951172e-01
4.629694223403930664e-01,-4.830772578716278076e-01
1.060098648071289062e+00,-1.372366398572921753e-02
-1.072150826454162598e+00,2.419209480285644531e-01
-4.703534543514251709e-01,-4.235325455665588379e-01
7.584495544433593750e-01,-8.213289976119995117e-01
1.062582015991210938e+00,-2.837792932987213135e-01
1.656373620033264160e+00,7.042704224586486816e-01
1.281374931335449219e+00,9.083729386329650879e-01
1.726129055023193359e-01,-1.511818766593933105e-01
-8.969470858573913574e-01,6.533476710319519043e-01
-9.080474972724914551e-01,4.715583920478820801e-01
-1.392708778381347656e+00,1.544789075851440430e+00
7.592347860336303711e-01,-1.279851555824279785e+00
1.955022573471069336e+00,-4.771493077278137207e-01
-9.382623434066772461e-01,-1.489321708679199219e+00
4.341395199298858643e-01,4.329545497894287109e-01
-4.461961984634399414e-01,-7.309091091156005859e-02
2.792133688926696777e-01,1.146495938301086426e+00
-2.628419995307922363e-01,1.238967418670654297e+00
2.070851087570190430e+00,-7.498194575309753418e-01
1.042249798774719238e+00,3.390378057956695557e-01
9.879440069198608398e-02,8.859893679618835449e-01
2.452062368392944336e+00,-6.823534369468688965e-01
-1.018439054489135742e+00,4.820652902126312256e-01
3.142731904983520508e+00,4.539782106876373291e-01
-1.184835672378540039e+00,4.251051843166351318e-01
6.063446402549743652e-01,-6.668075323104858398e-01
1.842870265245437622e-01,5.756989121437072754e-01
6.480062007904052734e-02,-1.415310800075531006e-01
-5.916184782981872559e-01,-8.647333383560180664e-01
-6.209939718246459961e-01,5.987506508827209473e-01
5.889216065406799316e-01,-5.923777818679809570e-01
-6.205122470855712891e-01,6.124510765075683594e-01
4.374070465564727783e-01,1.745502829551696777e+00
1.551810383796691895e+00,7.399113178253173828e-01
-1.019478440284729004e+00,4.410938918590545654e-01
-6.639014184474945068e-02,4.095047116279602051e-01
4.222920238971710205e-01,3.624135255813598633e-01
5.115379020571708679e-02,-5.932747125625610352e-01
-2.275101244449615479e-01,3.300472199916839600e-01
3.926023840904235840e-01,1.311471939086914062e+00
-2.215746790170669556e-01,2.021419852972030640e-01
3.869094550609588623e-01,1.962102055549621582e-01
1.332170248031616211e+00,8.684274554252624512e-01
5.099300667643547058e-02,9.307733178138732910e-02
-5.367449522018432617e-01,4.875146597623825073e-02
-9.249669909477233887e-01,7.108029127120971680e-01
-1.269468814134597778e-01,3.127480447292327881e-01
5.249201655387878418e-01,2.706105113029479980e-01
1.061200261116027832e+00,4.264576435089111328e-01
-2.291201829910278320e+00,-1.007510185241699219e+00
2.222070455551147461e+00,-2.795698404312133789e+00
-9.683758616447448730e-01,5.658610463142395020e-01
4.410892724990844727e-01,6.390165537595748901e-02
5.447030067443847656e-01,2.713702917098999023e-01
4.200409948825836182e-01,7.467057704925537109e-01
-4.096404016017913818e-01,-2.400570213794708252e-01
1.513440966606140137e+00,1.937211006879806519e-01
-1.773400753736495972e-01,-3.155618160963058472e-02
-8.389973640441894531e-01,6.800312399864196777e-01
-1.073023557662963867e+00,5.798470377922058105e-01
-2.948116362094879150e-01,-7.848095297813415527e-01
-1.218267679214477539e+00,3.742122352123260498e-01
-2.863125801086425781e+00,1.808655381202697754e+00
-9.029549956321716309e-01,1.614289879798889160e+00
-9.078840017318725586e-01,5.671046376228332520e-01
3.189145028591156006e-01,-7.309321761131286621e-01
1.654692366719245911e-02,-1.773465752601623535e+00
7.756434082984924316e-01,3.454715311527252197e-01
-1.031182765960693359e+00,5.122119784355163574e-01
1.343045234680175781e+00,-1.496794700622558594e+00
-1.503213882446289062e+00,1.922097206115722656e-01
1.566989570856094360e-01,-2.539348900318145752e-01
1.077224373817443848e+00,5.532599519938230515e-03
1.409754395484924316e+00,-1.237173557281494141e+00
-8.665229678153991699e-01,5.512096285820007324e-01
-1.124862432479858398e+00,3.920342028141021729e-01
-1.359993934631347656e+00,1.619544148445129395e+00
2.017331838607788086e+00,7.617914676666259766e-01
-2.020558714866638184e-01,1.352543950080871582e+00
1.326518058776855469e+00,2.105748951435089111e-01
4.516727924346923828e-01,3.281697750091552734e+00
-6.822690963745117188e-01,1.224506020545959473e+00
-3.200424313545227051e-01,3.560330390930175781e+00
-6.063781380653381348e-01,6.039404273033142090e-01
1.177753448486328125e+00,6.709250807762145996e-01
1.552641868591308594e+00,2.580242753028869629e-01
1.376007124781608582e-02,2.072954922914505005e-01
9.588773548603057861e-02,3.113487362861633301e-01
4.159928560256958008e-01,5.189436487853527069e-03
1.782026290893554688e+00,5.084367394447326660e-01
7.924769818782806396e-02,3.763100802898406982e-01
-1.089741826057434082e+00,2.124338626861572266e+00
-1.612688422203063965e+00,-7.312515377998352051e-01
1.110327243804931641e+00,5.326051115989685059e-01
-7.816659808158874512e-01,1.188481450080871582e+00
5.312393307685852051e-01,3.155638277530670166e-01
-1.359993934631347656e+00,1.619544148445129395e+00
6.582139730453491211e-01,4.150266647338867188e-01
1.549788564443588257e-01,5.087256431579589844e-01
6.559625864028930664e-01,-4.522401094436645508e-01
1.552695155143737793e+00,3.385279178619384766e-01
7.266711592674255371e-01,-1.135009884834289551e+00
2.784023880958557129e-01,2.712247848510742188e+00
2.885753810405731201e-01,-5.063224434852600098e-01
1.483938217163085938e+00,-1.066481113433837891e+00
1.057912111282348633e+00,4.538040161132812500e-01
-1.393516302108764648e+00,-2.238490581512451172e+00
-1.626524209976196289e+00,4.438218593597412109e+00
6.740356087684631348e-01,3.930202722549438477e-01
6.223699077963829041e-02,-1.944582015275955200e-01
1.218852281570434570e+00,-1.141127943992614746e+00
-1.200314521789550781e+00,2.995031177997589111e-01
4.716731309890747070e-01,-5.935642719268798828e-01
-4.693089723587036133e-01,-8.991160988807678223e-02
-4.063383340835571289e-01,5.401514768600463867e-01
6.858269572257995605e-01,-4.487758576869964600e-01
-1.707019925117492676e+00,-2.075755357742309570e+00
1.219061732292175293e+00,4.084153473377227783e-01
-9.396215081214904785e-01,1.607398867607116699e+00
-1.199920058250427246e+00,4.582088291645050049e-01
1.154483407735824585e-01,-5.928411483764648438e-01
6.079725623130798340e-01,7.570317387580871582e-01
2.792133688926696777e-01,1.146495938301086426e+00
8.312427401542663574e-01,4.041941463947296143e-01
-1.145122647285461426e+00,2.847768664360046387e-01
1.559229135513305664e+00,2.241667360067367554e-02
-4.321905970573425293e-01,-4.314364194869995117e-01
-4.360969960689544678e-01,1.558739781379699707e+00
-5.201774090528488159e-02,3.796607553958892822e-01
6.958237886428833008e-01,3.960022628307342529e-01
-1.029040336608886719e+00,8.290955424308776855e-01
1.180364489555358887e+00,8.906170129776000977e-01
7.805433869361877441e-01,1.307844877243041992e+00
1.481967210769653320e+00,4.177990555763244629e-01
-8.238925337791442871e-01,7.803598642349243164e-01
4.318471550941467285e-01,-6.243216991424560547e-01
1.270675182342529297e+00,9.463776946067810059e-01
6.509127616882324219e-01,1.574670374393463135e-01
-1.496689081192016602e+00,-1.113390684127807617e+00
-2.530119568109512329e-02,1.657178878784179688e+00
1.624991178512573242e+00,1.446850895881652832e-01
1.322803497314453125e+00,8.469744324684143066e-01
-1.806046068668365479e-01,-3.678478300571441650e-02
3.067003190517425537e-01,1.085779368877410889e-01
-1.199205398559570312e+00,3.563240170478820801e-01
7.537525296211242676e-01,8.337852954864501953e-01
1.209445953369140625e+00,3.863267600536346436e-01
1.208094358444213867e+00,9.183040261268615723e-02
4.670662879943847656e-01,-1.038589596748352051e+00
-8.199120759963989258e-01,-1.771760702133178711e+00
2.912518680095672607e-01,9.038962125778198242e-01
-1.361660003662109375e+00,-1.526787042617797852e+00
-8.590219020843505859e-01,6.841952800750732422e-01
3.019164323806762695e+00,1.562194228172302246e-01
4.621556401252746582e-01,-4.235829710960388184e-01
-1.562169790267944336e+00,3.252552151679992676e-01
6.736056506633758545e-02,1.887172460556030273e-02
1.037996411323547363e+00,-2.201721906661987305e+00
5.161380171775817871e-01,1.367927249521017075e-02
1.107424974441528320e+00,1.678614735603332520e+00
-1.621028661727905273e+00,3.583651185035705566e-01
5.717370510101318359e-01,4.535347521305084229e-01
-1.072426915168762207e+00,1.763168275356292725e-01
-5.250456929206848145e-01,2.521033883094787598e-01
3.551574349403381348e-01,-3.261179625988006592e-01
-4.213741421699523926e-02,5.203654766082763672e-01
8.120325207710266113e-01,-1.017997741699218750e+00
-1.891241818666458130e-01,-2.569268643856048584e-01
6.191832423210144043e-01,7.590813189744949341e-02
-7.428383827209472656e-01,1.199739351868629456e-01
2.302064418792724609e+00,2.432737648487091064e-01
5.106319189071655273e-01,6.912757158279418945e-01
-8.283395171165466309e-01,6.066333055496215820e-01
-9.665045142173767090e-01,6.619665622711181641e-01
-1.343864679336547852e+00,1.316477298736572266e+00
1.216022491455078125e+00,1.479374170303344727e+00
4.493010044097900391e-01,6.056522727012634277e-01
1.904665529727935791e-01,4.186719655990600586e-01
-2.909513115882873535e-01,1.889447122812271118e-01
5.471881628036499023e-01,-2.065424203872680664e+00
8.063595890998840332e-01,5.205299854278564453e-01
5.458678007125854492e-01,-6.682195663452148438e-01
6.052030920982360840e-01,-1.089887395501136780e-01
1.526229977607727051e+00,-9.303795695304870605e-01
2.509795665740966797e+00,7.661547064781188965e-01
-8.976002335548400879e-01,9.443655610084533691e-01
9.882456660270690918e-01,3.826264739036560059e-01
5.820223689079284668e-01,6.711688637733459473e-01
-6.689587831497192383e-01,1.031966924667358398e+00
9.417403340339660645e-01,-5.936346054077148438e-01
-9.097025990486145020e-01,6.283184289932250977e-01
8.063595890998840332e-01,5.205299854278564453e-01
-1.033648729324340820e+00,5.498726367950439453e-01
1.562270879745483398e+00,9.760693907737731934e-01
-1.440043330192565918e+00,1.678349226713180542e-01
2.545804262161254883e+00,5.226897597312927246e-01
-3.195027351379394531e+00,3.677538633346557617e+00
-2.414317429065704346e-01,-8.112187981605529785e-01
1.682085037231445312e+00,-1.244627982378005981e-01
-9.273818731307983398e-01,8.363173007965087891e-01
-1.008040666580200195e+00,5.970294475555419922e-01
1.476778030395507812e+00,2.775183618068695068e-01
-4.469833970069885254e-01,-5.544184148311614990e-02
1.269079804420471191e+00,-1.955396652221679688e+00
1.291357278823852539e+00,-9.439222216606140137e-01
-1.689557075500488281e+00,-1.749725699424743652e+00
1.829280495643615723e+00,2.554571866989135742e+00
-1.178619623184204102e+00,1.540489792823791504e+00
-1.682115077972412109e+00,-1.159075379371643066e+00
1.410646080970764160e+00,3.326122283935546875e+00
-9.734418988227844238e-02,-1.649785041809082031e-01
2.644437253475189209e-01,-3.362702429294586182e-01
9.902440905570983887e-01,4.573354721069335938e-01
-9.102011322975158691e-01,5.174735188484191895e-01
8.686220049858093262e-01,-1.900681853294372559e+00
2.802571356296539307e-01,1.444866895675659180e+00
7.726618647575378418e-01,1.082348302006721497e-01
-6.599614024162292480e-01,2.680080413818359375e+00
1.781516909599304199e+00,-3.200404345989227295e-01
4.967306181788444519e-02,9.149694442749023438e-02
1.264209985733032227e+00,1.175157353281974792e-01
8.864102363586425781e-01,1.790157556533813477e-01
-1.360357701778411865e-01,1.622535437345504761e-01
-1.157743483781814575e-01,-1.982758939266204834e-01
1.063995838165283203e+00,-1.039543032646179199e+00
-1.367493391036987305e+00,2.381655573844909668e-01
-1.034621953964233398e+00,1.399542331695556641e+00
2.027204513549804688e+00,-2.997552752494812012e-01
3.114425897598266602e+00,1.142504811286926270e+00
2.884141445159912109e+00,-7.201815247535705566e-01
2.595121622085571289e+00,2.773767709732055664e+00
-9.291222691535949707e-01,9.953575581312179565e-02
-1.098914742469787598e+00,4.935222566127777100e-01
5.240049362182617188e-01,8.766134977340698242e-01
1.404980778694152832e+00,6.312639117240905762e-01
-1.884542346000671387e+00,7.059758901596069336e-01
-8.770313858985900879e-01,1.256757378578186035e-01
3.120066642761230469e+00,2.063727855682373047e+00
3.961482524871826172e+00,6.943847537040710449e-01
3.660030364990234375e-01,-2.550726890563964844e+00
-6.033195853233337402e-01,6.582143902778625488e-01
1.486960768699645996e+00,4.759293049573898315e-02
9.902229905128479004e-02,1.012213602662086487e-01
-1.058290243148803711e+00,4.426261186599731445e-01
2.411752462387084961e+00,5.116490647196769714e-03
-1.174629926681518555e+00,2.690425813198089600e-01
1.525510475039482117e-02,-9.945750236511230469e-02
1.465308427810668945e+00,-3.231078088283538818e-01
-9.109945595264434814e-02,1.300569772720336914e+00
3.806290924549102783e-01,7.535176277160644531e-01
1.251985877752304077e-01,1.535296142101287842e-01
8.064870536327362061e-02,4.011774063110351562e-01
1.776510834693908691e+00,2.031173706054687500e+00
6.339070200920104980e-02,-1.405915915966033936e-01
-2.958482205867767334e-01,5.761555433273315430e-01
-1.208177089691162109e+00,4.271825850009918213e-01
-1.297837972640991211e+00,1.968158036470413208e-01
-2.441709190607070923e-01,7.814400196075439453e-01
1.647901058197021484e+00,3.556310534477233887e-01
-1.609925031661987305e+00,3.803692758083343506e-01
1.412645459175109863e+00,7.364005446434020996e-01
-9.406298995018005371e-01,8.258044719696044922e-01
1.354645133018493652e+00,-1.609824895858764648e+00
2.470212697982788086e+00,-1.330791711807250977e+00
1.775341391563415527e+00,5.944173932075500488e-01
6.392349600791931152e-01,-4.415366351604461670e-01
-3.183203339576721191e-01,1.298691153526306152e+00
1.094469785690307617e+00,1.320954412221908569e-01
6.027857065200805664e-01,5.897916555404663086e-01
5.755717754364013672e-01,-1.020971059799194336e+00
6.604139208793640137e-01,-5.730466842651367188e-01
-1.738648295402526855e+00,-8.417059779167175293e-01
1.806331276893615723e+00,1.463191270828247070e+00
-6.844516396522521973e-01,-4.091428220272064209e-02
-1.205662369728088379e+00,4.960376024246215820e-01
-1.201540708541870117e+00,3.923818469047546387e-01
-1.815321296453475952e-01,6.093810498714447021e-02
-4.540484771132469177e-02,-1.230111241340637207e+00
2.249258279800415039e+00,-2.811085224151611328e+00
-8.503005504608154297e-01,7.038990855216979980e-01
3.019164323806762695e+00,1.562194228172302246e-01
1.057912111282348633e+00,4.538040161132812500e-01
1.667114734649658203e+00,-8.580595254898071289e-01
4.159928560256958008e-01,5.189436487853527069e-03
3.237704753875732422e+00,-1.873685479164123535e+00
1.451523303985595703e+00,5.934988260269165039e-01
1.044051289558410645e+00,1.849549055099487305e+00
-1.199205398559570312e+00,3.563240170478820801e-01
1.494340538978576660e+00,-2.733218908309936523e+00
-4.453268051147460938e-01,2.914754748344421387e-01
1.883349418640136719e-01,-4.648677706718444824e-01
5.539062023162841797e-01,-1.021655678749084473e+00
-3.408842161297798157e-02,5.899283885955810547e-01
1.123341470956802368e-01,3.852746188640594482e-01
9.436308145523071289e-01,2.101054340600967407e-01
1.559229135513305664e+00,2.241667360067367554e-02
-5.805557966232299805e-01,6.837791800498962402e-01
-1.388550043106079102e+00,6.308283805847167969e-01
7.770261168479919434e-01,-4.806213974952697754e-01
3.837966680526733398e+00,3.406850337982177734e+00
-7.291598916053771973e-01,8.795509934425354004e-01
-1.309011578559875488e+00,1.309925436973571777e+00
-2.097264766693115234e+00,6.056087613105773926e-01
-1.727306544780731201e-01,-1.708607822656631470e-01
-6.456397175788879395e-01,2.423570118844509125e-02
-1.012528091669082642e-01,-2.554759979248046875e-01
-1.134864807128906250e+00,4.186339378356933594e-01
1.777420163154602051e+00,-2.711338758468627930e+00
2.146711587905883789e+00,1.120580077171325684e+00
1.352012276649475098e+00,1.287789463996887207e+00
-6.042352318763732910e-01,6.277691721916198730e-01
-4.887229502201080322e-01,3.251899480819702148e-01
6.390802562236785889e-03,5.058375597000122070e-01
-1.004064321517944336e+00,4.827450513839721680e-01
-1.163381934165954590e+00,3.386329889297485352e+00
1.162875533103942871e+00,3.835971653461456299e-01
1.683939576148986816e+00,-9.428583979606628418e-01
1.630978226661682129e+00,1.151442304253578186e-01
2.618692815303802490e-03,6.508576869964599609e-01
-9.708112478256225586e-01,5.002835988998413086e-01
5.512593984603881836e-01,-1.108157992362976074e+00
1.330968290567398071e-01,-1.315857470035552979e-02
-9.826484918594360352e-01,5.329262614250183105e-01
1.369461178779602051e+00,5.177822709083557129e-01
1.086970090866088867e+00,5.881935954093933105e-01
4.670662879943847656e-01,-1.038589596748352051e+00
-1.057453379034996033e-01,1.511478066444396973e+00
2.070851087570190430e+00,-7.498194575309753418e-01
-2.340789884328842163e-03,-4.238048791885375977e-01
7.006786763668060303e-03,2.517909407615661621e-01
6.259041428565979004e-01,3.582419753074645996e-01
6.475127935409545898e-01,3.943997919559478760e-01
-1.089980602264404297e+00,3.960755765438079834e-01
-8.862832188606262207e-01,8.252269029617309570e-01
1.534272730350494385e-01,3.489996194839477539e-01
-8.776360750198364258e-02,3.102300763130187988e-01
7.832314372062683105e-01,8.314578533172607422e-01
-9.926608800888061523e-01,5.065147280693054199e-01
-8.673987984657287598e-01,6.357132196426391602e-01
2.665799856185913086e-01,-8.919792175292968750e-01
1.980129033327102661e-01,6.792322397232055664e-01
6.220527291297912598e-01,2.878166139125823975e-01
1.775341391563415527e+00,5.944173932075500488e-01
-7.815099954605102539e-01,6.898527741432189941e-01
-8.384568095207214355e-01,6.644810438156127930e-01
-9.895488023757934570e-01,9.691172242164611816e-01
2.805855274200439453e-01,9.514284729957580566e-01
1.573396205902099609e+00,-5.340556502342224121e-01
6.778201460838317871e-01,-1.382845342159271240e-01
7.805433869361877441e-01,1.307844877243041992e+00
-1.511017680168151855e+00,1.448659658432006836e+00
3.430635452270507812e+00,-1.565264940261840820e+00
2.081628561019897461e+00,1.687293410301208496e+00
-1.032561898231506348e+00,4.846460819244384766e-01
-1.797490239143371582e+00,-3.303204774856567383e-01
7.690662145614624023e-01,-2.913604080677032471e-01
-3.807307183742523193e-01,-9.855616092681884766e-02
1.376439929008483887e+00,-8.712853193283081055e-01
-2.608940124511718750e+00,-3.344038128852844238e-01
1.358542442321777344e-01,-3.815571069717407227e-01
-2.039593160152435303e-01,7.251560091972351074e-01
1.207431554794311523e+00,2.866374850273132324e-01
1.050799489021301270e+00,1.025184243917465210e-01
1.451523303985595703e+00,5.934988260269165039e-01
-1.548288613557815552e-01,2.072695940732955933e-01
-1.190562009811401367e+00,3.047898113727569580e-01
-1.183398514986038208e-01,3.326994180679321289e-01
-7.601498961448669434e-01,1.519332289695739746e+00
1.648526787757873535e+00,3.686142563819885254e-01
-4.082571268081665039e-01,-1.153890118002891541e-01
9.021526575088500977e-02,1.078284457325935364e-01
9.902229905128479004e-02,1.012213602662086487e-01
-6.940196752548217773e-01,-5.648530125617980957e-01
8.698063492774963379e-01,7.654734849929809570e-01
-8.637966513633728027e-01,5.648272037506103516e-01
-7.291598916053771973e-01,8.795509934425354004e-01
4.954493641853332520e-01,7.070287466049194336e-01
2.800235152244567871e-01,5.055078864097595215e-01
-1.050819873809814453e+00,4.531591236591339111e-01
5.912142395973205566e-01,1.062724813818931580e-01
-1.244316697120666504e+00,2.419133663177490234e+00
3.598276674747467041e-01,-5.506567955017089844e-01
-9.283159375190734863e-01,1.238922774791717529e-02
1.367176294326782227e+00,2.381469011306762695e-01
-1.120114326477050781e+00,3.819585442543029785e-01
-2.524209022521972656e-02,-2.656941413879394531e-01
-1.190163254737854004e+00,-1.755157589912414551e+00
2.927949130535125732e-01,6.280685067176818848e-01
6.060767769813537598e-01,-1.499029040336608887e+00
2.386331796646118164e+00,9.019590616226196289e-01
-5.938189625740051270e-01,1.625611186027526855e+00
5.047305822372436523e-01,7.083387374877929688e-01
5.076231956481933594e-01,-9.247696399688720703e-01
-8.228846192359924316e-01,6.081178188323974609e-01
1.082727909088134766e+00,2.775686085224151611e-01
6.144503355026245117e-01,-2.234853744506835938e+00
7.180100083351135254e-01,2.053759098052978516e-01
-6.682975888252258301e-01,2.160094380378723145e-01
-1.189762830734252930e+00,3.782328963279724121e-01
2.001157522201538086e+00,-1.215901225805282593e-01
1.642648220062255859e+00,1.026911973953247070e+00
-6.243836879730224609e-01,5.274965167045593262e-01
1.568381905555725098e+00,1.011286735534667969e+00
-9.152806997299194336e-01,9.525477886199951172e-01
3.396892547607421875e+00,6.287388205528259277e-01
-5.760844349861145020e-01,7.218995690345764160e-01
5.458678007125854492e-01,-6.682195663452148438e-01
-3.944031894207000732e-01,1.378239274024963379e+00
-9.888859987258911133e-01,2.450819969177246094e+00
-1.828712821006774902e-01,-5.612941980361938477e-01
-5.029149651527404785e-01,3.321908414363861084e-02
1.600515604019165039e+00,3.325926661491394043e-01
-1.543822407722473145e+00,6.765898466110229492e-01
-1.413008809089660645e+00,1.948172301054000854e-01
-1.665912121534347534e-01,-2.944966554641723633e-01
-6.125016808509826660e-01,2.178644418716430664e+00
2.600001394748687744e-01,8.754068017005920410e-01
2.190030217170715332e-01,3.192273974418640137e-01
1.882308125495910645e+00,8.650964498519897461e-01
6.908111274242401123e-02,7.868123054504394531e-01
-4.048843681812286377e-02,5.850116014480590820e-01
-2.465590834617614746e-01,1.156655669212341309e+00
1.306462526321411133e+00,-8.944492936134338379e-01
4.835272431373596191e-01,3.041934370994567871e-01
1.019517421722412109e+00,1.224192500114440918e+00
-2.788687050342559814e-01,-3.608945608139038086e-01
6.710894703865051270e-01,1.010016560554504395e+00
3.737623095512390137e-01,-2.648018836975097656e+00
9.419093132019042969e-01,1.541307806968688965e+00
9.429230690002441406e-01,8.703136444091796875e-01
-4.515941068530082703e-02,-1.615529321134090424e-02
-1.948500156402587891e+00,-4.505792260169982910e-01
3.609121143817901611e-01,-7.239053845405578613e-01
-6.643799543380737305e-01,6.192017197608947754e-01
8.735209703445434570e-01,7.491592764854431152e-01
2.819711267948150635e-01,-1.923601388931274414e+00
-2.967647016048431396e-01,9.577404856681823730e-01
1.030867815017700195e+00,1.004295110702514648e+00
1.433311700820922852e+00,1.312905997037887573e-01
-9.028727412223815918e-01,7.108728289604187012e-01
5.079496502876281738e-01,-6.334050297737121582e-01
-6.700327992439270020e-01,-7.175478339195251465e-01
3.067003190517425537e-01,1.085779368877410889e-01
1.223429322242736816e+00,9.051666259765625000e-01
-1.219946503639221191e+00,-3.861204981803894043e-01
1.529448032379150391e+00,8.251470923423767090e-01
5.057960748672485352e-01,-1.552190423011779785e+00
1.722323775291442871e+00,-8.157448172569274902e-01
-1.243349075317382812e+00,1.883656382560729980e-01
-2.863125801086425781e+00,1.808655381202697754e+00
1.853306174278259277e+00,-7.216114997863769531e-01
9.934133291244506836e-02,4.094977378845214844e-01
6.025790572166442871e-01,-1.200521588325500488e-01
3.051415443420410156e+00,1.216886758804321289e+00
9.522771239280700684e-01,2.268078476190567017e-01
-6.706374287605285645e-01,7.355644702911376953e-01
-1.685005426406860352e+00,3.666588306427001953e+00
2.242679834365844727e+00,3.524324893951416016e-01
4.559683203697204590e-01,6.428627371788024902e-01
-1.014832496643066406e+00,-1.209949254989624023e+00
3.319290876388549805e-01,-2.107191085815429688e+00
3.736731290817260742e+00,-7.813866734504699707e-01
-3.628749549388885498e-01,-5.129570364952087402e-01
1.304423213005065918e+00,8.714269995689392090e-01
1.194777965545654297e+00,7.728792428970336914e-01
1.002125859260559082e+00,6.906012892723083496e-01
-4.305039644241333008e-01,3.080060720443725586e+00
-8.283395171165466309e-01,6.066333055496215820e-01
1.281374931335449219e+00,9.083729386329650879e-01
3.999147415161132812e-01,4.436232745647430420e-01
2.032440185546875000e+00,-2.430831909179687500e+00
-6.875693798065185547e-02,-1.170303523540496826e-01
1.269079804420471191e+00,-1.955396652221679688e+00
6.933018565177917480e-01,5.362823009490966797e-01
7.543789148330688477e-01,-7.368952631950378418e-01
-9.522740244865417480e-01,9.930253028869628906e-02
2.072562277317047119e-01,1.139956235885620117e+00
4.346112310886383057e-01,-8.686526864767074585e-02
-5.152020454406738281e-01,-1.189218640327453613e+00
-4.300758242607116699e-01,-3.084388017654418945e+00
1.223396301269531250e+00,6.970992088317871094e-01
-1.030573844909667969e+00,5.214789509773254395e-01
1.617900490760803223e+00,1.073292851448059082e+00
-1.360101997852325439e-01,1.748944401741027832e+00
-1.178818345069885254e+00,3.953804671764373779e-01
-1.178947448730468750e+00,4.366381764411926270e-01
-8.984508514404296875e-01,-1.331368923187255859e+00
-1.436065196990966797e+00,1.346935272216796875e+00
8.579154610633850098e-01,1.134585499763488770e+00
-1.256542205810546875e+00,1.802307367324829102e+00
1.539265513420104980e-01,-1.133377313613891602e+00
-1.056607842445373535e+00,3.597685098648071289e-01
1.484617829322814941e+00,-9.388013482093811035e-01
1.862351894378662109e-01,2.086227834224700928e-01
5.596550107002258301e-01,-8.564745187759399414e-01
-6.078718900680541992e-01,-1.972118578851222992e-02
-5.225423574447631836e-01,8.087455630302429199e-01
1.855474233627319336e+00,7.548061013221740723e-01
6.574188470840454102e-01,3.229272365570068359e-01
2.509795665740966797e+00,7.661547064781188965e-01
9.011790752410888672e-01,3.811879456043243408e-01
5.692141056060791016e-01,3.074115514755249023e-01
6.933018565177917480e-01,5.362823009490966797e-01
1.311750054359436035e+00,1.997026652097702026e-01
5.596550107002258301e-01,-8.564745187759399414e-01
1.172932624816894531e+00,4.292626678943634033e-01
-2.098594903945922852e+00,1.571893811225891113e+00
1.021207690238952637e+00,2.909628152847290039e-01
-5.641633272171020508e-01,9.662171825766563416e-03
1.695184469223022461e+00,-2.504873871803283691e-01
-1.204056620597839355e+00,2.655556201934814453e-01
5.593135356903076172e-01,-7.626438140869140625e-01
-2.523229420185089111e-01,6.829991340637207031e-01
2.775099992752075195e+00,-5.532689094543457031e-01
-1.152332544326782227e+00,3.545170426368713379e-01
7.654609084129333496e-01,4.522348046302795410e-01
-9.928839802742004395e-01,6.616988778114318848e-01
1.489667892456054688e+00,2.012717872858047485e-01
1.774534106254577637e+00,-2.022812128067016602e+00
-9.020341634750366211e-01,5.576083660125732422e-01
1.098270118236541748e-01,1.915337331593036652e-02
-5.276300311088562012e-01,-1.474092714488506317e-02
1.624991178512573242e+00,1.446850895881652832e-01
-5.055987238883972168e-01,5.866521596908569336e-01
-6.113472580909729004e-01,-1.231325864791870117e+00
-8.640113472938537598e-01,7.123238444328308105e-01
5.090247988700866699e-01,-4.676302671432495117e-01
-1.101432681083679199e+00,4.924530684947967529e-01
-1.133992075920104980e+00,4.257306754589080811e-01
-3.326822817325592041e-01,4.989256262779235840e-01
-9.249669909477233887e-01,7.108029127120971680e-01
-1.309011578559875488e+00,1.309925436973571777e+00
1.731184244155883789e+00,1.195790410041809082e+00
1.226732730865478516e+00,1.164334360510110855e-03
6.319770216941833496e-01,2.039860725402832031e+00
-1.945381999015808105e+00,-1.310992956161499023e+00
5.161380171775817871e-01,1.367927249521017075e-02
1.652093648910522461e+00,-1.395065151154994965e-02
4.457782804965972900e-01,-6.636149883270263672e-01
-2.213133722543716431e-01,-5.407503843307495117e-01
-3.797796666622161865e-01,-3.936680853366851807e-01
-3.560889661312103271e-01,1.757522821426391602e+00
2.563628435134887695e+00,1.009740829467773438e+00
7.411718368530273438e-02,-3.838739633560180664e+00
3.366020917892456055e-01,1.214373707771301270e+00
3.330619633197784424e-01,-9.454252719879150391e-01
5.565732002258300781e+00,3.170887708663940430e+00
6.164038777351379395e-01,1.078594774007797241e-01
1.185950517654418945e+00,-3.373725712299346924e-02
-3.344080448150634766e-01,2.608300149440765381e-01
1.275753021240234375e+00,6.652292609214782715e-01
1.067245841026306152e+00,2.719797194004058838e-01
8.233012557029724121e-01,-6.071890830993652344e+00
3.809528350830078125e-01,-9.369407892227172852e-01
7.972176074981689453e-01,-4.216709434986114502e-01
2.621708393096923828e+00,9.017798304557800293e-01
7.040737271308898926e-01,-1.343787312507629395e-01
-5.355250835418701172e-02,3.273902833461761475e-01
2.142547845840454102e+00,2.813293039798736572e-01
-8.156682252883911133e-01,7.174355387687683105e-01
-1.491177320480346680e+00,1.245711326599121094e+00
1.593604445457458496e+00,2.451347187161445618e-03
-1.030056595802307129e+00,3.023261785507202148e+00
-9.135426282882690430e-01,9.386727809906005859e-01
-1.048576474189758301e+00,3.487508594989776611e-01
1.813892275094985962e-01,2.120914936065673828e+00
-8.264384865760803223e-01,5.284986495971679688e-01
1.882157087326049805e+00,1.087003946304321289e+00
-1.949916124343872070e+00,-1.923422515392303467e-01
-2.136572122573852539e+00,-7.959838509559631348e-01
-1.335479855537414551e+00,1.152490854263305664e+00
1.600257277488708496e+00,-1.223275780677795410e+00
3.838331699371337891e-01,5.703032612800598145e-01
3.430635452270507812e+00,-1.565264940261840820e+00
1.468349099159240723e+00,1.638298869132995605e+00
-1.180045366287231445e+00,-2.196720361709594727e+00
4.975106939673423767e-02,-5.912701040506362915e-02
3.169137611985206604e-02,8.778142184019088745e-02
-1.093706011772155762e+00,-4.314241409301757812e+00
-3.452924191951751709e-01,-4.657950103282928467e-01
5.664408802986145020e-01,2.370069772005081177e-01
3.482343554496765137e-01,4.293978214263916016e-01
-4.579360187053680420e-01,9.944760799407958984e-01
-1.650371551513671875e-01,-2.745964527130126953e-01
-4.098611176013946533e-01,-5.877979099750518799e-02
5.783096551895141602e-01,1.153630167245864868e-01
-1.281435132026672363e+00,-2.498097181320190430e+00
2.914290189743041992e+00,-1.071524769067764282e-01
-1.126903057098388672e+00,4.542221724987030029e-01
2.081628561019897461e+00,1.687293410301208496e+00
-4.041277170181274414e-01,6.744881272315979004e-01
1.055887103080749512e+00,2.451519727706909180e+00
-1.021669745445251465e+00,4.813368916511535645e-01
1.413902401924133301e+00,4.802578389644622803e-01
1.300064563751220703e+00,8.972263932228088379e-01
-7.222763895988464355e-01,6.278186440467834473e-01
-1.004064321517944336e+00,4.827450513839721680e-01
-1.350461721420288086e+00,1.573649406433105469e+00
-9.200831055641174316e-01,-1.101453900337219238e+00
1.403996825218200684e+00,-9.090131521224975586e-01
1.460412859916687012e+00,-1.434366106986999512e+00
1.373434543609619141e+00,4.111564904451370239e-02
3.409073054790496826e-01,-1.178552508354187012e+00
-9.661768674850463867e-01,6.037906408309936523e-01
7.180100083351135254e-01,2.053759098052978516e-01
-6.071351170539855957e-01,-3.168266415596008301e-01
-1.603957414627075195e-01,-1.156997755169868469e-01
-2.441850662231445312e+00,-2.074951171875000000e+00
2.629486560821533203e+00,3.679844617843627930e+00
3.688797652721405029e-01,5.785064697265625000e-01
8.852570652961730957e-01,4.453150033950805664e-01
-2.588681459426879883e+00,3.520322561264038086e+00
-9.807537794113159180e-01,5.613288879394531250e-01
-8.058249950408935547e-02,1.073311448097229004e+00
-1.038431525230407715e+00,5.950764417648315430e-01
-1.579904913902282715e+00,1.469793677330017090e+00
-9.815389513969421387e-01,5.539975166320800781e-01
4.064439535140991211e-01,-8.017802834510803223e-01
-1.214019298553466797e+00,4.234046936035156250e+00
5.777112767100334167e-02,1.471060752868652344e+00
5.045746564865112305e-01,1.605207175016403198e-01
1.061200261116027832e+00,4.264576435089111328e-01
-5.875535607337951660e-01,1.156849384307861328e+00
-4.540484771132469177e-02,-1.230111241340637207e+00
-1.231801360845565796e-01,6.233775615692138672e-01
-9.830616116523742676e-01,4.609396159648895264e-01
-1.748952746391296387e+00,-1.318273544311523438e+00
-1.452901244163513184e+00,-2.605015993118286133e+00
-1.438508480787277222e-01,5.249952077865600586e-01
2.000734806060791016e+00,2.937448322772979736e-01
-8.776360750198364258e-02,3.102300763130187988e-01
-3.384042680263519287e-01,-2.317490279674530029e-01
1.442006468772888184e+00,-4.360398292541503906e+00
-1.358660578727722168e+00,-2.151770591735839844e+00
-5.348813533782958984e-01,-3.062042295932769775e-01
2.545804262161254883e+00,5.226897597312927246e-01
-1.007300376892089844e+00,1.416386485099792480e+00
-3.764450848102569580e-01,1.077466964721679688e+00
1.260683536529541016e+00,7.790429592132568359e-01
4.351383686065673828e+00,5.823296308517456055e-01
-2.162286043167114258e+00,1.594327837228775024e-01
-5.536237359046936035e-01,8.107173442840576172e-01
-2.788687050342559814e-01,-3.608945608139038086e-01
5.287949442863464355e-01,3.270064592361450195e-01
-9.382384419441223145e-01,5.550168156623840332e-01
8.094594478607177734e-01,2.223886922001838684e-02
-2.285658121109008789e+00,-7.218542098999023438e-01
1.846938490867614746e+00,1.620214283466339111e-01
-1.011827588081359863e+00,1.269970834255218506e-01
-1.347321867942810059e+00,-1.003016471862792969e+00
1.610280036926269531e+00,-3.308199644088745117e-01
-1.785895824432373047e-01,8.126655817031860352e-01
2.446403026580810547e+00,3.717145025730133057e-01
-3.062939047813415527e-01,1.174429357051849365e-01
-1.072426915168762207e+00,1.763168275356292725e-01
-5.151401162147521973e-01,-1.154495596885681152e+00
1.100831985473632812e+00,-1.260954976081848145e+00
-5.875580906867980957e-01,3.889913111925125122e-02
-2.476808071136474609e+00,2.870387792587280273e+00
6.203253269195556641e-01,3.934687077999114990e-01
1.213032364845275879e+00,-1.066619753837585449e+00
4.388895332813262939e-01,-5.996381640434265137e-01
2.798873484134674072e-01,1.233354285359382629e-01
-4.379015564918518066e-01,1.335620522499084473e+00
2.962207496166229248e-01,7.219279408454895020e-01
7.770261168479919434e-01,-4.806213974952697754e-01
5.346244573593139648e-01,-6.915760785341262817e-02
-9.964859485626220703e-01,5.118290185928344727e-01
-1.330762505531311035e+00,2.004484534263610840e-01
-8.400463461875915527e-01,1.031644821166992188e+00
-1.120114326477050781e+00,3.819585442543029785e-01
1.843689382076263428e-01,-1.704240888357162476e-01
6.265219449996948242e-01,6.543731093406677246e-01
6.614290475845336914e-01,-6.817486882209777832e-01
-2.054030075669288635e-02,3.204079866409301758e-01
1.217685222625732422e+00,4.686535894870758057e-01
-5.194202065467834473e-02,3.018694221973419189e-01
5.099300667643547058e-02,9.307733178138732910e-02
5.132554173469543457e-01,7.492133975028991699e-02
4.031293988227844238e-01,3.891780078411102295e-01
-1.392379641532897949e+00,1.584706544876098633e+00
3.795139491558074951e-01,-4.812566190958023071e-02
-1.891241818666458130e-01,-2.569268643856048584e-01
-6.243836879730224609e-01,5.274965167045593262e-01
-5.242557525634765625e-01,9.446938633918762207e-01
1.775361657142639160e+00,3.849286586046218872e-02
-3.628749549388885498e-01,-5.129570364952087402e-01
4.424583315849304199e-01,-2.323508024215698242e+00
2.040860414505004883e+00,-1.057917356491088867e+00
7.435885071754455566e-01,3.912382125854492188e-01
3.418656289577484131e-01,-2.309237003326416016e+00
1.199563592672348022e-01,3.168808817863464355e-01
8.346160650253295898e-01,1.077237010002136230e+00
-1.707019925117492676e+00,-2.075755357742309570e+00
6.537955999374389648e-01,-6.920889616012573242e-01
4.823008179664611816e-01,9.954995661973953247e-02
-1.189762830734252930e+00,3.782328963279724121e-01
1.786229729652404785e+00,2.675110697746276855e-01
-4.018650352954864502e-01,-8.170390501618385315e-04
-1.798181086778640747e-01,3.914722502231597900e-01
-1.466171860694885254e+00,-2.928706407546997070e-01
-1.133992075920104980e+00,4.257306754589080811e-01
6.740356087684631348e-01,3.930202722549438477e-01
-9.791956543922424316e-01,5.361030697822570801e-01
2.223845943808555603e-02,3.635380566120147705e-01
-6.049723029136657715e-01,5.328148007392883301e-01
-5.968498587608337402e-01,6.113008260726928711e-01
-1.028287529945373535e+00,4.929692745208740234e-01
-1.926700919866561890e-01,1.281799912452697754e+00
2.475594997406005859e+00,-1.653026461601257324e+00
-1.360357701778411865e-01,1.622535437345504761e-01
1.276069879531860352e+00,2.025571018457412720e-01
-1.214019298553466797e+00,4.234046936035156250e+00
-9.421467185020446777e-01,5.849292874336242676e-01
1.288040518760681152e+00,1.459775090217590332e+00
-1.848431587219238281e+00,-1.290674507617950439e-01
-9.205082058906555176e-01,4.867906868457794189e-01
9.867786765098571777e-01,-3.601912260055541992e+00
9.592290222644805908e-02,-3.233416676521301270e-01
1.269751310348510742e+00,2.175366640090942383e+00
1.404980778694152832e+00,6.312639117240905762e-01
1.002125859260559082e+00,6.906012892723083496e-01
6.745889782905578613e-01,1.793549805879592896e-01
4.791644811630249023e-01,2.291626483201980591e-02
-2.206422761082649231e-02,1.968018174171447754e+00
1.864373445510864258e+00,-5.327583849430084229e-02
3.733151257038116455e-01,6.078419685363769531e-01
5.992856621742248535e-01,4.552917778491973877e-01
-1.607526540756225586e+00,1.073228001594543457e+00
2.368143796920776367e-01,-1.513870507478713989e-01
7.063156962394714355e-01,4.709553122520446777e-01
6.160483956336975098e-01,2.928737103939056396e-01
9.408686161041259766e-01,2.949216663837432861e-01
5.943169593811035156e-01,-6.134253144264221191e-01
-9.177680015563964844e-01,5.131493210792541504e-01
-1.060242414474487305e+00,-2.339505434036254883e+00
-9.061939716339111328e-01,3.133709430694580078e-01
-4.143468737602233887e-01,-3.646122291684150696e-03
3.259233951568603516e+00,1.208925962448120117e+00
2.516725778579711914e+00,-4.216258823871612549e-01
1.100831985473632812e+00,-1.260954976081848145e+00
1.590337157249450684e+00,-1.079645566642284393e-02
2.065278053283691406e+00,-9.367136955261230469e-01
-3.209176063537597656e-01,2.634027004241943359e-01
-7.959071546792984009e-03,1.075995445251464844e+00
-8.508799076080322266e-01,8.252124190330505371e-01
7.402742505073547363e-01,-2.207420587539672852e+00
-6.276019811630249023e-01,6.361449956893920898e-01
-1.737299799919128418e+00,1.757360100746154785e+00
-1.529180407524108887e+00,1.232573762536048889e-01
1.441054821014404297e+00,-8.163381218910217285e-01
2.180194854736328125e+00,1.243447884917259216e-01
-3.452924191951751709e-01,-4.657950103282928467e-01
-8.969470858573913574e-01,6.533476710319519043e-01
1.545417070388793945e+00,1.253000378608703613e+00
-8.450487852096557617e-01,6.556768417358398438e-01
-7.554658651351928711e-01,-3.324445337057113647e-02
7.208203077316284180e-01,3.641217052936553955e-01
-1.130158305168151855e+00,-9.004430174827575684e-01
-1.005105018615722656e+00,-1.561364293098449707e+00
1.520896315574645996e+00,-1.897236108779907227e+00
-2.183644771575927734e+00,4.288205146789550781e+00
1.698481917381286621e+00,2.668822407722473145e-01
-1.134864807128906250e+00,4.186339378356933594e-01
-2.039593160152435303e-01,7.251560091972351074e-01
1.002278804779052734e+00,-9.562044143676757812e-01
1.402337908744812012e+00,8.104325532913208008e-01
1.066649079322814941e+00,-1.663270831108093262e+00
-6.822690963745117188e-01,1.224506020545959473e+00
2.013062238693237305e-01,3.548751771450042725e-01
8.899822235107421875e-01,2.565678954124450684e-01
1.270675182342529297e+00,9.463776946067810059e-01
6.088906526565551758e-01,9.468671679496765137e-02
-1.118176341056823730e+00,3.934959769248962402e-01
1.630978226661682129e+00,1.151442304253578186e-01
-1.518639802932739258e+00,1.871532559394836426e+00
-1.096424579620361328e+00,1.638105392456054688e+00
-7.391301393508911133e-01,2.543019652366638184e-01
-1.024858593940734863e+00,4.988363385200500488e-01
1.988280773162841797e+00,1.020512819290161133e+00
4.042797386646270752e-01,6.478876471519470215e-01
1.439215779304504395e+00,-1.944936752319335938e+00
-8.272310495376586914e-01,-6.545361280441284180e-01
8.735209703445434570e-01,7.491592764854431152e-01
6.750730872154235840e-01,-2.064675092697143555e+00
-1.335479855537414551e+00,1.152490854263305664e+00
2.635768055915832520e-01,-9.879240989685058594e-01
-1.682115077972412109e+00,-1.159075379371643066e+00
-1.494064331054687500e+00,1.776708960533142090e-01
5.247645974159240723e-01,-5.134095549583435059e-01
7.113355398178100586e-01,2.701842188835144043e-01
7.210548520088195801e-01,-7.384589314460754395e-02
6.491141319274902344e-01,-2.380222320556640625e+00
7.034305334091186523e-01,3.962017595767974854e-01
2.670400142669677734e+00,-1.218379855155944824e+00
-1.111620187759399414e+00,5.337446331977844238e-01
2.236661672592163086e+00,1.065345883369445801e+00
-2.540780782699584961e+00,2.591772794723510742e+00
9.310104250907897949e-01,2.803494632244110107e-01
-8.272310495376586914e-01,-6.545361280441284180e-01
-9.205082058906555176e-01,4.867906868457794189e-01
1.325156211853027344e+00,7.746794223785400391e-01
-5.386039018630981445e-01,3.442769646644592285e-01
-1.052201747894287109e+00,3.654050827026367188e-01
-1.182560324668884277e+00,1.689238429069519043e+00
-5.533146262168884277e-01,2.239983677864074707e-01
-9.097548723220825195e-01,6.674333810806274414e-01
-9.476272463798522949e-01,6.021353602409362793e-01
-8.679170012474060059e-01,6.487205028533935547e-01
-2.287377864122390747e-01,2.546055614948272705e-01
1.652093648910522461e+00,-1.395065151154994965e-02
-9.928839802742004395e-01,6.616988778114318848e-01
4.189476370811462402e-01,6.638687252998352051e-01
-1.233710169792175293e+00,9.054330587387084961e-01
6.304257512092590332e-01,3.760409355163574219e-01
1.176374197006225586e+00,-1.701629161834716797e-02
-2.539097309112548828e+00,-3.413749456405639648e+00
-8.398790359497070312e-01,7.115962505340576172e-01
4.971750974655151367e-01,2.769143283367156982e-01
1.872936487197875977e-01,-4.190154969692230225e-01
1.560492634773254395e+00,-9.051079750061035156e-01
8.899822235107421875e-01,2.565678954124450684e-01
-8.853399753570556641e-01,9.644194245338439941e-01
9.590860009193420410e-01,2.265577167272567749e-01
-1.179424405097961426e+00,2.812531292438507080e-01
-5.872162580490112305e-01,4.040947556495666504e-01
-2.441709190607070923e-01,7.814400196075439453e-01
9.867786765098571777e-01,-3.601912260055541992e+00
9.211372137069702148e-01,-9.290203452110290527e-02
-8.077871799468994141e-01,-8.460499644279479980e-01
-4.351697489619255066e-02,4.704887866973876953e-01
-5.884380340576171875e-01,-1.910852044820785522e-01
1.172939658164978027e+00,-7.161159515380859375e-01
2.979722499847412109e+00,-3.567479848861694336e-01
-1.113077044486999512e+00,4.476704597473144531e-01
8.141145110130310059e-01,-2.463000059127807617e+00
-1.113077044486999512e+00,4.476704597473144531e-01
-6.047393679618835449e-01,5.852449536323547363e-01
-6.722236871719360352e-01,4.045531153678894043e-01
-9.827781319618225098e-01,4.842981100082397461e-01
1.162503719329833984e+00,4.325223565101623535e-01
-2.129042707383632660e-02,3.588085472583770752e-01
5.066490173339843750e-01,6.966665387153625488e-02
1.177630543708801270e+00,-2.735675573348999023e+00
5.494377017021179199e-01,4.154157936573028564e-01
6.981152296066284180e-01,3.838026821613311768e-01
5.957427993416786194e-02,3.985604643821716309e-01
2.223845943808555603e-02,3.635380566120147705e-01
-6.599614024162292480e-01,2.680080413818359375e+00
6.475127935409545898e-01,3.943997919559478760e-01
1.138133764266967773e+00,3.123555779457092285e-01
-3.646663129329681396e-01,1.228522181510925293e+00
-2.821803390979766846e-01,-2.201331257820129395e-01
-1.030072927474975586e+00,4.709094762802124023e-01
1.382857114076614380e-01,-1.645538955926895142e-01
-9.807537794113159180e-01,5.613288879394531250e-01
1.449785232543945312e+00,-1.917649984359741211e+00
1.654692366719245911e-02,-1.773465752601623535e+00
1.236841917037963867e+00,6.512208580970764160e-01
1.024175167083740234e+00,2.294856756925582886e-01
-5.774365663528442383e-01,6.968064904212951660e-01
6.922886371612548828e-01,6.552086472511291504e-01
9.884540438652038574e-01,8.718793392181396484e-01
1.098515272140502930e+00,-5.383422970771789551e-01
-1.884542346000671387e+00,7.059758901596069336e-01
-5.643116235733032227e-01,5.257159471511840820e-01
-5.617442727088928223e-01,8.011240363121032715e-01
-1.060242414474487305e+00,-2.339505434036254883e+00
2.563628435134887695e+00,1.009740829467773438e+00
1.862772181630134583e-02,2.865086793899536133e-01
6.796923875808715820e-01,-8.025138080120086670e-02
-1.788205742835998535e+00,2.181216001510620117e+00
2.271844625473022461e+00,-1.401129215955734253e-01
6.523007154464721680e-01,-1.729187816381454468e-01
1.944897294044494629e+00,1.029983401298522949e+00
5.730849131941795349e-02,-1.834356188774108887e-01
-4.833733737468719482e-01,-4.636061191558837891e-01
-4.314698576927185059e-01,3.621802926063537598e-01
-2.047459840774536133e+00,2.036659717559814453e+00
1.288040518760681152e+00,1.459775090217590332e+00
7.289663553237915039e-01,-5.740119814872741699e-01
7.757554054260253906e-01,-2.183634757995605469e+00
-4.310626983642578125e-01,-7.187426686286926270e-01
-7.748928666114807129e-01,8.771775364875793457e-01
-1.184627115726470947e-01,1.469995141029357910e+00
-9.871338009834289551e-01,5.838772058486938477e-01
4.868250489234924316e-01,-7.504126429557800293e-01
2.072568893432617188e+00,8.814363479614257812e-01
3.855209589004516602e+00,4.518326520919799805e-01
2.190030217170715332e-01,3.192273974418640137e-01
-1.956434994935989380e-01,3.786752820014953613e-01
5.959731340408325195e-01,-4.258553385734558105e-01
1.713137507438659668e+00,8.369121551513671875e-01
1.574855744838714600e-01,-1.106459140777587891e+00
6.879712343215942383e-01,2.095320969820022583e-01
-2.020558714866638184e-01,1.352543950080871582e+00
1.924880981445312500e+00,5.375823020935058594e+00
-9.419105052947998047e-01,5.378831177949905396e-02
-5.298153162002563477e-01,1.097905516624450684e+00
1.246873378753662109e+00,7.222511172294616699e-01
-1.039071321487426758e+00,1.207897901535034180e+00
-9.661768674850463867e-01,6.037906408309936523e-01
-3.319436013698577881e-01,-6.249951571226119995e-02
1.862772181630134583e-02,2.865086793899536133e-01
3.136522531509399414e+00,2.504270553588867188e+00
-1.106127142906188965e+00,1.896775811910629272e-01
4.504271149635314941e-01,6.535826325416564941e-01
2.088649034500122070e+00,9.684777259826660156e-01
3.780528008937835693e-01,6.021767854690551758e-01
2.721302509307861328e+00,1.176665544509887695e+00
7.210548520088195801e-01,-7.384589314460754395e-02
-4.371680617332458496e-01,-6.395637989044189453e-01
4.540414214134216309e-01,6.026942729949951172e-01
-3.161014318466186523e-01,1.457004666328430176e+00
1.578767597675323486e-01,-8.145294189453125000e-01
3.785786330699920654e-01,3.470256626605987549e-01
5.625464320182800293e-01,3.183690905570983887e-01
1.539265513420104980e-01,-1.133377313613891602e+00
7.193467020988464355e-01,-6.552139520645141602e-01
-4.159740805625915527e-01,9.326674938201904297e-01
-5.923808217048645020e-01,5.860044956207275391e-01
3.679329752922058105e-01,1.126356244087219238e+00
2.411752462387084961e+00,5.116490647196769714e-03
5.076231956481933594e-01,-9.247696399688720703e-01
-1.129443407058715820e+00,2.907132506370544434e-01
1.843689382076263428e-01,-1.704240888357162476e-01
-7.068736553192138672e-01,3.306678235530853271e-01
-3.505868092179298401e-02,3.292143344879150391e-01
9.111745357513427734e-01,4.256669580936431885e-01
1.352012276649475098e+00,1.287789463996887207e+00
5.652322173118591309e-01,-1.813308000564575195e+00
4.718171358108520508e-01,-2.780214883387088776e-03
-1.582820892333984375e+00,2.879115343093872070e-01
2.396181225776672363e-01,-2.552834033966064453e+00
1.476918339729309082e+00,9.582669138908386230e-01
-2.550665140151977539e+00,-1.226953268051147461e+00
-8.199120759963989258e-01,-1.771760702133178711e+00
1.086583733558654785e+00,9.250661730766296387e-02
-6.946224570274353027e-01,1.288923859596252441e+00
-1.788205742835998535e+00,2.181216001510620117e+00
4.836185574531555176e-01,5.148702859878540039e-02
5.589053407311439514e-02,1.061015725135803223e+00
1.813892275094985962e-01,2.120914936065673828e+00
-1.433984160423278809e+00,1.358105540275573730e+00
-1.296146988868713379e+00,1.215108036994934082e+00
-1.157909035682678223e-01,6.064824461936950684e-01
8.818868994712829590e-01,-8.349370956420898438e-01
9.788031876087188721e-02,-9.700249433517456055e-01
2.067550420761108398e+00,1.789877533912658691e+00
-5.146855711936950684e-01,1.465637564659118652e+00
-4.351697489619255066e-02,4.704887866973876953e-01
-3.311390876770019531e-01,-3.529045581817626953e-01
4.019170105457305908e-01,-6.029772758483886719e-02
-2.614761292934417725e-01,4.167499542236328125e-01
2.355635881423950195e+00,9.672728180885314941e-01
7.211491465568542480e-04,-2.070626616477966309e-01
3.279365003108978271e-01,-7.007600069046020508e-01
3.037109971046447754e-01,-8.944370746612548828e-01
9.053601026535034180e-01,3.364083170890808105e-01
6.879712343215942383e-01,2.095320969820022583e-01
-6.722236871719360352e-01,4.045531153678894043e-01
1.782026290893554688e+00,5.084367394447326660e-01
-2.217421531677246094e-01,3.416820764541625977e-01
-6.034170389175415039e-01,5.428712964057922363e-01
-5.760844349861145020e-01,7.218995690345764160e-01
1.130808115005493164e+00,1.282442659139633179e-01
9.499343037605285645e-01,3.631238937377929688e-01
1.297285914421081543e+00,-1.005415678024291992e+00
7.586013078689575195e-01,-9.079374074935913086e-01
1.196638941764831543e+00,3.035924732685089111e-01
-1.488205909729003906e+00,1.618943929672241211e+00
1.060098648071289062e+00,-1.372366398572921753e-02
-1.377574801445007324e+00,3.133074641227722168e-01
6.325572729110717773e-01,-8.349654674530029297e-01
8.154072761535644531e-01,1.595586538314819336e+00
1.732227206230163574e+00,3.108408153057098389e-01
3.383768796920776367e-01,-1.871324539184570312e+00
4.075746834278106689e-01,-2.140973091125488281e+00
-5.225423574447631836e-01,8.087455630302429199e-01
-1.004286527633666992e+00,7.332656383514404297e-01
9.157076478004455566e-01,3.617225885391235352e-01
-9.724148511886596680e-01,6.012492775917053223e-01
-2.606252193450927734e+00,2.244319200515747070e+00
-9.020770192146301270e-01,5.937813520431518555e-01
-4.072512686252593994e-01,1.165116429328918457e+00
-8.209516406059265137e-01,6.913307905197143555e-01
-9.574527740478515625e-01,1.018402457237243652e+00
2.607567608356475830e-01,7.351012229919433594e-01
-1.448021411895751953e+00,1.335786223411560059e+00
7.139751911163330078e-01,-4.283964931964874268e-01
-1.145818233489990234e+00,3.634343445301055908e-01
3.396892547607421875e+00,6.287388205528259277e-01
-3.505868092179298401e-02,3.292143344879150391e-01
4.036070704460144043e-01,-5.452786684036254883e-01
3.651005923748016357e-01,-1.968091845512390137e+00
9.563929438591003418e-01,3.999858498573303223e-01
9.419093132019042969e-01,1.541307806968688965e+00
2.382744848728179932e-01,-1.106051564216613770e+00
-1.344259530305862427e-01,-1.148283779621124268e-01
-6.048632264137268066e-01,5.574846863746643066e-01
2.446403026580810547e+00,3.717145025730133057e-01
9.021526575088500977e-02,1.078284457325935364e-01
9.376208186149597168e-01,1.329073667526245117e+00
5.282741785049438477e-01,-1.340928673744201660e+00
-1.142491340637207031e+00,1.332155704498291016e+00
-1.964677095413208008e+00,-1.163288831710815430e+00
-1.456574916839599609e+00,-2.005846738815307617e+00
1.385280728340148926e+00,6.706556677818298340e-02
-6.394486427307128906e-01,6.231565475463867188e-01
-4.765645861625671387e-01,-9.170901775360107422e-02
-4.992385208606719971e-01,-4.606430530548095703e-01
-3.742452561855316162e-01,-1.473909914493560791e-01
8.346160650253295898e-01,1.077237010002136230e+00
3.642486631870269775e-01,6.479361653327941895e-01
5.488805770874023438e-01,-1.304209232330322266e-01
1.700731515884399414e+00,1.681188941001892090e+00
-1.798933148384094238e-01,-2.546214461326599121e-01
1.405847430229187012e+00,1.056093811988830566e+00
2.591115474700927734e+00,2.049085855484008789e+00
1.889291882514953613e+00,-1.739551424980163574e-01
-8.586877584457397461e-01,5.812458992004394531e-01
2.406462907791137695e+00,1.308455586433410645e+00
1.121904373168945312e+00,2.131145298480987549e-01
6.777489781379699707e-01,3.324471116065979004e-01
1.520998597145080566e+00,9.110040068626403809e-01
-1.356278359889984131e-01,1.616614341735839844e+00
5.954263210296630859e-01,7.107445001602172852e-01
7.992075681686401367e-01,5.969100594520568848e-01
-1.012528091669082642e-01,-2.554759979248046875e-01
-4.379015564918518066e-01,1.335620522499084473e+00
-3.542695343494415283e-01,6.506798863410949707e-01
1.505109667778015137e+00,-1.746047496795654297e+00
2.180194854736328125e+00,1.243447884917259216e-01
-1.330387115478515625e+00,1.662411808967590332e+00
-9.273818731307983398e-01,8.363173007965087891e-01
-1.806946545839309692e-01,-2.702853083610534668e-01
7.063156962394714355e-01,4.709553122520446777e-01
8.038049340248107910e-01,-4.686007499694824219e-01
-1.235914707183837891e+00,4.041035175323486328e-01
-6.101001501083374023e-01,5.740131735801696777e-01
9.597088694572448730e-01,1.645331740379333496e+00
1.829027652740478516e+00,7.795268297195434570e-02
1.144319772720336914e+00,3.228716254234313965e-01
6.666955351829528809e-01,-5.539717078208923340e-01
6.375740170478820801e-01,-1.505264081060886383e-02
4.520534515380859375e+00,9.415736794471740723e-02
6.825117468833923340e-01,5.019749999046325684e-01
3.162170648574829102e-01,-5.164949297904968262e-01
-6.249000430107116699e-01,-4.976325035095214844e-01
-1.013587236404418945e+00,5.730539560317993164e-01
-6.255652308464050293e-01,4.635473489761352539e-01
-1.082443356513977051e+00,4.056664109230041504e-01
1.194931149482727051e+00,9.063304662704467773e-01
-5.859635025262832642e-02,3.671919703483581543e-01
1.740376353263854980e+00,-9.231389164924621582e-01
-1.756269037723541260e-01,1.248079657554626465e+00
-2.171465396881103516e+00,-8.687608242034912109e-01
-5.137011408805847168e-01,4.202250838279724121e-01
-8.971494436264038086e-01,3.019699811935424805e+00
-1.360101997852325439e-01,1.748944401741027832e+00
-1.109994873404502869e-01,6.709825396537780762e-01
2.192100524902343750e+00,-2.308535277843475342e-01
-4.769006371498107910e-01,2.599866129457950592e-02
1.171828359365463257e-01,3.387370109558105469e-01
-1.160924077033996582e+00,4.237662851810455322e-01
1.270321965217590332e+00,1.686625927686691284e-01
1.223429322242736816e+00,9.051666259765625000e-01
-1.092487931251525879e+00,3.747273683547973633e-01
1.303315311670303345e-01,2.781534790992736816e-01
1.481967210769653320e+00,4.177990555763244629e-01
-9.617977142333984375e-01,5.324565172195434570e-01
-1.159299373626708984e+00,1.565115928649902344e+00
1.796985745429992676e+00,4.524523019790649414e-01
-1.302988082170486450e-01,1.046386435627937317e-01
-6.318520307540893555e-01,1.755549073219299316e+00
1.371835947036743164e+00,8.260380029678344727e-01
-2.002040594816207886e-01,-6.111750602722167969e-01
-1.351959466934204102e+00,7.009644061326980591e-02
-8.964401483535766602e-01,9.010967016220092773e-01
4.635249376296997070e-01,-1.015778899192810059e+00
1.267694354057312012e+00,-2.182510852813720703e+00
1.893557310104370117e-01,4.455455243587493896e-01
1.854797720909118652e+00,1.134943842887878418e+00
-9.080474972724914551e-01,4.715583920478820801e-01
-9.121702909469604492e-01,5.081642270088195801e-01
-1.939068794250488281e+00,1.987954735755920410e+00
1.140788197517395020e+00,1.934723109006881714e-01
4.478276073932647705e-01,-6.086522713303565979e-03
1.315304994583129883e+00,2.973023653030395508e-01
-9.653441905975341797e-01,4.208005368709564209e-01
-1.384834408760070801e+00,2.620535194873809814e-01
-1.350952863693237305e+00,1.333712816238403320e+00
3.809528350830078125e-01,-9.369407892227172852e-01
3.440411686897277832e-01,6.097216010093688965e-01
6.404597163200378418e-01,1.896882951259613037e-01
-4.063842594623565674e-01,-7.913418859243392944e-02
4.042797386646270752e-01,6.478876471519470215e-01
-1.987279504537582397e-01,7.091796398162841797e-02
-1.565719723701477051e+00,1.678631424903869629e+00
9.590860009193420410e-01,2.265577167272567749e-01
7.052485942840576172e-01,-5.295032262802124023e-01
1.926278829574584961e+00,-1.246570110321044922e+00
-4.536295235157012939e-01,-1.127020239830017090e+00
7.067842483520507812e-01,-9.276448935270309448e-02
1.994790136814117432e-01,-1.230681419372558594e+00
5.791253969073295593e-02,-6.594022512435913086e-01
8.793771862983703613e-01,-5.553205013275146484e-01
-4.465869665145874023e-01,-3.985486626625061035e-01
2.251387834548950195e-01,-2.354494035243988037e-01
1.682085037231445312e+00,-1.244627982378005981e-01
3.089976012706756592e-01,-8.756552338600158691e-01
2.635768055915832520e-01,-9.879240989685058594e-01
-1.584327816963195801e+00,-2.887672185897827148e+00
1.069925665855407715e+00,8.896096348762512207e-01
5.663080811500549316e-01,-6.463131308555603027e-01
-1.219946503639221191e+00,-3.861204981803894043e-01
-8.624591827392578125e-01,6.326031684875488281e-01
2.902905642986297607e-01,2.058816254138946533e-01
-2.100676059722900391e+00,1.575856089591979980e+00
9.884540438652038574e-01,8.718793392181396484e-01
4.341395199298858643e-01,4.329545497894287109e-01
1.030660718679428101e-01,-4.163521230220794678e-01
3.908153474330902100e-01,8.860828280448913574e-01
-1.287367820739746094e+00,1.741337656974792480e+00
6.491919755935668945e-01,3.398912549018859863e-01
-1.001905798912048340e+00,5.244709253311157227e-01
-3.830253332853317261e-02,1.413598060607910156e+00
-8.766396045684814453e-01,6.268673539161682129e-01
-1.461777806282043457e+00,2.024554491043090820e+00
-1.469011008739471436e-01,-1.112618222832679749e-01
4.400797188282012939e-01,-3.262069225311279297e+00
2.088649034500122070e+00,9.684777259826660156e-01
-9.800705909729003906e-01,9.030302762985229492e-01
-4.102332890033721924e-01,-3.240826129913330078e-01
6.016113758087158203e-01,4.391624927520751953e-01
1.246873378753662109e+00,7.222511172294616699e-01
1.602319002151489258e+00,9.206270575523376465e-01
-1.017287969589233398e-01,-3.940682113170623779e-01
1.424930691719055176e+00,-1.127875089645385742e+00
1.623733043670654297e+00,-1.992229938507080078e+00
-9.162299633026123047e-01,6.577703952789306641e-01
1.580531150102615356e-01,7.973091602325439453e-01
1.025585234165191650e-01,-1.841738671064376831e-01
1.295167922973632812e+00,6.073373556137084961e-01
-1.623501628637313843e-01,-9.971283376216888428e-02
3.279365003108978271e-01,-7.007600069046020508e-01
4.953035712242126465e-01,-2.189996242523193359e+00
-7.959071546792984009e-03,1.075995445251464844e+00
4.621556401252746582e-01,-4.235829710960388184e-01
-1.380036354064941406e+00,1.506459474563598633e+00
-3.824775516986846924e-01,-2.112213134765625000e+00
1.776510834693908691e+00,2.031173706054687500e+00
6.958237886428833008e-01,3.960022628307342529e-01
6.052041649818420410e-01,-1.995826005935668945e+00
-9.394885897636413574e-01,6.684080362319946289e-01
-1.147796034812927246e+00,1.509966969490051270e+00
-9.340360164642333984e-01,6.023815274238586426e-01
-5.780695676803588867e-01,2.507566474378108978e-02
1.623733043670654297e+00,-1.992229938507080078e+00
1.529448032379150391e+00,8.251470923423767090e-01
5.782439708709716797e-01,7.178447246551513672e-01
-8.984070420265197754e-01,3.849839791655540466e-03
1.510839939117431641e+00,1.673160493373870850e-01
6.779888272285461426e-01,3.199216723442077637e-02
-4.300758242607116699e-01,-3.084388017654418945e+00
7.113355398178100586e-01,2.701842188835144043e-01
-3.495291769504547119e-01,4.310655295848846436e-01
2.178676128387451172e+00,2.502684891223907471e-01
-9.511582255363464355e-01,6.530441641807556152e-01
-4.192506074905395508e-01,2.226931899785995483e-01
6.203083992004394531e-01,4.025206863880157471e-01
1.130808115005493164e+00,1.282442659139633179e-01
6.662194132804870605e-01,3.537839055061340332e-01
-1.406458392739295959e-02,-1.727376580238342285e-01
1.558047533035278320e+00,1.134288072586059570e+00
5.964594483375549316e-01,4.244055151939392090e-01
-2.958482205867767334e-01,5.761555433273315430e-01
-2.014830827713012695e+00,-4.259643554687500000e+00
-8.715122938156127930e-01,6.628972291946411133e-01
-1.172078251838684082e+00,4.463045299053192139e-01
1.555531501770019531e+00,9.694367647171020508e-02
1.577643632888793945e+00,9.802111983299255371e-01
4.514034837484359741e-03,-2.722848653793334961e+00
1.270817995071411133e+00,7.049273252487182617e-01
-1.032898545265197754e+00,6.466867327690124512e-01
-5.635268688201904297e-01,-1.579061001539230347e-01
-5.740531086921691895e-01,6.407758593559265137e-01
-2.539097309112548828e+00,-3.413749456405639648e+00
1.441054821014404297e+00,-8.163381218910217285e-01
5.496342182159423828e-01,6.660346388816833496e-01
2.565188407897949219e-01,-1.154653906822204590e+00
-1.096424579620361328e+00,1.638105392456054688e+00
3.567337691783905029e-01,-9.358812570571899414e-01
7.757554054260253906e-01,-2.183634757995605469e+00
-2.969006597995758057e-01,1.967355012893676758e-01
-4.310626983642578125e-01,-7.187426686286926270e-01
-1.162607669830322266e+00,2.702019810676574707e-01
3.984705805778503418e-01,4.528743624687194824e-01
1.322803497314453125e+00,8.469744324684143066e-01
3.512013852596282959e-01,2.300601750612258911e-01
5.912142395973205566e-01,1.062724813818931580e-01
-1.452901244163513184e+00,-2.605015993118286133e+00
-1.350638628005981445e+00,1.333905100822448730e+00
1.536460638046264648e+00,5.978258252143859863e-01
9.769008755683898926e-01,1.186458349227905273e+00
1.862351894378662109e-01,2.086227834224700928e-01
6.131563708186149597e-02,7.716197371482849121e-01
-1.126867532730102539e+00,2.893863022327423096e-01
5.576967000961303711e-01,-1.092321872711181641e+00
1.531614899635314941e+00,3.887997269630432129e-01
-9.102011322975158691e-01,5.174735188484191895e-01
-1.141934096813201904e-01,-3.236149251461029053e-01
-1.006355404853820801e+00,5.398630499839782715e-01
2.229925870895385742e+00,5.856453180313110352e-01
7.084386944770812988e-01,-1.043614864349365234e+00
-2.642816066741943359e+00,-1.889858126640319824e+00
5.264450907707214355e-01,3.809564411640167236e-01
8.124551177024841309e-01,-6.260766386985778809e-01
-1.067556977272033691e+00,6.125403940677642822e-02
-3.989482522010803223e-01,7.881453037261962891e-01
-7.479684948921203613e-01,3.947553038597106934e-01
6.900758743286132812e-01,5.628513693809509277e-01
1.940567418932914734e-02,3.971998393535614014e-01
5.767747879028320312e+00,1.717702031135559082e+00
-1.685512781143188477e+00,8.273524641990661621e-01
3.073881387710571289e+00,-4.008326530456542969e+00
-5.533729791641235352e-01,-6.494775772094726562e+00
9.371167421340942383e-01,-9.612406045198440552e-02
9.068944454193115234e-01,-1.850160956382751465e-01
-1.902121305465698242e-02,2.629622817039489746e-01
2.523068785667419434e-01,1.108008548617362976e-01
3.319290876388549805e-01,-2.107191085815429688e+00
1.292763710021972656e+00,7.861679196357727051e-01
1.007847189903259277e+00,2.116426825523376465e-01
-3.758933022618293762e-02,1.498875260353088379e+00
2.442189455032348633e-01,-1.607933491468429565e-01
2.147782444953918457e-01,2.287054061889648438e-01
1.788305997848510742e+00,9.003814458847045898e-01
5.263027548789978027e-01,6.211498379707336426e-01
-4.364884197711944580e-01,-4.391205608844757080e-01
5.181888341903686523e-01,-1.746443510055541992e+00
-9.658271670341491699e-01,5.792324542999267578e-01
-1.632967114448547363e+00,2.340344786643981934e-01
-1.053868651390075684e+00,5.400493741035461426e-01
-1.064858555793762207e+00,4.756705164909362793e-01
-5.821948647499084473e-01,-1.943187236785888672e+00
3.618789613246917725e-01,1.255044221878051758e+00
6.725494265556335449e-01,1.578823328018188477e+00
1.268226027488708496e+00,1.609914600849151611e-01
-2.319378703832626343e-01,1.278576552867889404e-01
4.798400402069091797e-01,-8.260292932391166687e-03
2.271971404552459717e-01,3.822408914566040039e+00
2.117057323455810547e+00,5.209364295005798340e-01
-1.160924077033996582e+00,4.237662851810455322e-01
2.595121622085571289e+00,2.773767709732055664e+00
-1.378452658653259277e+00,2.921174764633178711e+00
-1.529180407524108887e+00,1.232573762536048889e-01
1.275533556938171387e+00,8.634842038154602051e-01
-4.783254265785217285e-01,-7.848415523767471313e-02
-9.109429270029067993e-02,1.417410969734191895e+00
1.655167713761329651e-02,2.780279517173767090e-01
7.307686209678649902e-01,-1.476218402385711670e-01
-9.617977142333984375e-01,5.324565172195434570e-01
-3.319436013698577881e-01,-6.249951571226119995e-02
7.110915780067443848e-01,9.117394089698791504e-01
4.447057247161865234e-01,4.230747818946838379e-01
-4.735130071640014648e-01,-9.113499522209167480e-01
1.284038186073303223e+00,-3.614975214004516602e-01
-4.735130071640014648e-01,-9.113499522209167480e-01
-2.628567218780517578e+00,-1.000801086425781250e+00
-8.398790359497070312e-01,7.115962505340576172e-01
1.647901058197021484e+00,3.556310534477233887e-01
1.655167713761329651e-02,2.780279517173767090e-01
-1.175226449966430664e+00,1.357016086578369141e+00
3.982314839959144592e-02,-1.895975917577743530e-01
-5.833757519721984863e-01,6.598048210144042969e-01
-1.791848301887512207e+00,1.708677053451538086e+00
-1.144446015357971191e+00,1.469260305166244507e-01
6.431267857551574707e-01,-8.011255264282226562e-01
-9.683758616447448730e-01,5.658610463142395020e-01
8.735671639442443848e-01,3.891889452934265137e-01
1.325302600860595703e+00,-4.644850492477416992e-01
5.974597334861755371e-01,4.007679820060729980e-01
-1.219426035881042480e+00,3.660885691642761230e-01
6.798685789108276367e-01,1.222539246082305908e-01
-3.145402073860168457e-01,9.417479634284973145e-01
2.230880260467529297e+00,4.127909541130065918e-01
-1.366397380828857422e+00,9.989765286445617676e-01
-4.410814121365547180e-02,3.472808748483657837e-02
-1.254279136657714844e+00,2.585863471031188965e-01
2.211089849472045898e+00,2.627358436584472656e-01
-5.006953477859497070e-01,-1.462436281144618988e-03
9.229292869567871094e-01,-2.803772449493408203e+00
-1.093523144721984863e+00,8.345302939414978027e-01
-1.200314521789550781e+00,2.995031177997589111e-01
-1.501469492912292480e+00,1.371102929115295410e-01
2.124064922332763672e+00,-2.110211133956909180e+00
-5.982549786567687988e-01,-5.051457285881042480e-01
9.401667118072509766e-01,-3.301355600357055664e+00
-2.264205932617187500e+00,-1.644307732582092285e+00
-1.089245200157165527e+00,5.561998486518859863e-01
4.493010044097900391e-01,6.056522727012634277e-01
-4.143468737602233887e-01,-3.646122291684150696e-03
-9.392755627632141113e-01,5.869624614715576172e-01
-4.401260912418365479e-01,-1.325408220291137695e-01
2.504497393965721130e-02,5.160500109195709229e-02
2.966264188289642334e-01,4.932430684566497803e-01
3.073881387710571289e+00,-4.008326530456542969e+00
1.552984476089477539e+00,-9.896652698516845703e-01
-8.424049615859985352e-01,9.380072355270385742e-01
4.057809114456176758e-01,-1.841748476028442383e+00
-1.723265051841735840e-01,-2.742825448513031006e-01
-9.883503913879394531e-01,4.150621294975280762e-01
6.005353927612304688e-01,-2.962652683258056641e+00
1.130257248878479004e+00,8.649021983146667480e-01
2.475594997406005859e+00,-1.653026461601257324e+00
-6.052499413490295410e-01,-1.058148071169853210e-01
5.747355222702026367e-01,2.494835853576660156e-01
-8.036813735961914062e-01,5.807398557662963867e-01
-1.016748905181884766e+00,5.949191451072692871e-01
8.432620167732238770e-01,3.389295041561126709e-01
-5.719223618507385254e-01,-4.588634073734283447e-01
-5.877254009246826172e-01,-8.089132308959960938e-01
-8.969123363494873047e-01,2.618579387664794922e+00
5.419838428497314453e-01,-1.129222631454467773e+00
4.078643620014190674e-01,-6.171582341194152832e-01
-6.878753304481506348e-01,-2.410079389810562134e-01
2.902905642986297607e-01,2.058816254138946533e-01
2.715961217880249023e+00,2.100570917129516602e+00
7.445041537284851074e-01,5.456260442733764648e-01
-4.765645861625671387e-01,-9.170901775360107422e-02
2.501612424850463867e+00,-1.921821117401123047e+00
-1.955171704292297363e+00,-1.287121415138244629e+00
9.157076478004455566e-01,3.617225885391235352e-01
4.800028800964355469e-01,3.983645141124725342e-01
6.483432054519653320e-01,3.437412530183792114e-02
-7.716230154037475586e-01,4.992276728153228760e-01
-8.772274851799011230e-01,-2.801465988159179688e+00
4.200492501258850098e-01,-8.103188276290893555e-01
4.953035712242126465e-01,-2.189996242523193359e+00
-1.537511348724365234e+00,-9.344212412834167480e-01
1.006695985794067383e+00,7.376664876937866211e-01
2.162929296493530273e+00,3.797056078910827637e-01
-8.984070420265197754e-01,3.849839791655540466e-03
5.664408802986145020e-01,2.370069772005081177e-01
2.280953884124755859e+00,2.579097747802734375e-01
-6.532162427902221680e-01,-3.778268992900848389e-01
6.324144601821899414e-01,-1.974531412124633789e+00
-9.188208580017089844e-01,6.143981218338012695e-01
8.125023543834686279e-02,-1.297929883003234863e-01
-9.750504493713378906e-01,5.081458687782287598e-01
7.441415190696716309e-01,3.546435236930847168e-01
-2.295093297958374023e+00,-9.439111351966857910e-01
-1.746157854795455933e-01,-1.313636898994445801e-01
-1.057154059410095215e+00,5.392332673072814941e-01
-4.452254772186279297e-01,3.790423572063446045e-01
1.460110187530517578e+00,-1.843084812164306641e+00
-1.238086938858032227e+00,5.628694295883178711e-01
3.869094550609588623e-01,1.962102055549621582e-01
1.762094616889953613e+00,3.797506093978881836e-01
-1.943554997444152832e+00,-1.559207081794738770e+00
1.881146311759948730e+00,3.145194426178932190e-02
-5.027165412902832031e-01,7.772866487503051758e-01
6.616897583007812500e-01,1.022476628422737122e-01
-9.970933198928833008e-03,2.978901006281375885e-02
-3.824775516986846924e-01,-2.112213134765625000e+00
-3.699000179767608643e-01,5.369800329208374023e-02
6.423394381999969482e-02,-6.714802384376525879e-01
2.504497393965721130e-02,5.160500109195709229e-02
1.207431554794311523e+00,2.866374850273132324e-01
1.407540291547775269e-01,1.529419273138046265e-01
-1.050205588340759277e+00,5.118837952613830566e-01
2.600001394748687744e-01,8.754068017005920410e-01
1.139571547508239746e+00,2.394689768552780151e-01
-3.851110339164733887e-01,1.064169257879257202e-01
1.297938942909240723e+00,7.868641614913940430e-01
4.505422115325927734e-01,-5.507296323776245117e-01
-1.415722727775573730e+00,1.385111451148986816e+00
2.333054304122924805e+00,1.166594624519348145e+00
1.466042995452880859e+00,5.401393175125122070e-01
1.773885726928710938e+00,1.447775244712829590e+00
4.405527710914611816e-01,-1.193919062614440918e+00
-8.785570859909057617e-01,6.060481071472167969e-01
-2.105905771255493164e+00,-6.936513781547546387e-01
-1.781561613082885742e+00,1.747303724288940430e+00
4.035142660140991211e-01,-5.608353018760681152e-01
9.564667940139770508e-03,1.027598083019256592e-01
-1.187231421470642090e+00,4.142670929431915283e-01
1.882521271705627441e+00,-1.175645351409912109e+00
7.193467020988464355e-01,-6.552139520645141602e-01
1.346922516822814941e-01,1.184514999389648438e+00
-1.281682014465332031e+00,1.808650135993957520e+00
-5.533729791641235352e-01,-6.494775772094726562e+00
7.543789148330688477e-01,-7.368952631950378418e-01
1.755963206291198730e+00,3.603830635547637939e-01
-8.589794039726257324e-01,6.512219905853271484e-01
7.469276189804077148e-01,1.157808005809783936e-01
-1.330762505531311035e+00,2.004484534263610840e-01
9.792063832283020020e-01,-1.361355066299438477e+00
-1.528522968292236328e+00,1.589753508567810059e+00
7.985968589782714844e-01,-1.989064514636993408e-01
2.146441221237182617e+00,-3.562126755714416504e-01
-4.202442616224288940e-02,-9.091094136238098145e-01
-1.113407909870147705e-01,-1.007568016648292542e-01
2.256010055541992188e+00,-2.076450347900390625e+00
-2.821803390979766846e-01,-2.201331257820129395e-01
-3.886696398258209229e-01,-1.045570522546768188e-02
-9.283159375190734863e-01,1.238922774791717529e-02
8.749786019325256348e-02,-2.339173108339309692e-01
-1.987279504537582397e-01,7.091796398162841797e-02
-2.918701469898223877e-01,2.558033943176269531e+00
3.114425897598266602e+00,1.142504811286926270e+00
7.584495544433593750e-01,-8.213289976119995117e-01
-2.540780782699584961e+00,2.591772794723510742e+00
1.077480986714363098e-02,3.014065742492675781e+00
-1.463466525077819824e+00,-3.646420955657958984e+00
6.941767036914825439e-02,2.217376828193664551e-01
-1.231356024742126465e+00,6.616736054420471191e-01
2.345237493515014648e+00,-1.243678689002990723e+00
-2.285658121109008789e+00,-7.218542098999023438e-01
3.426347017288208008e+00,1.977544903755187988e+00
1.980763912200927734e+00,7.348486781120300293e-01
5.398013591766357422e-01,3.095772862434387207e-01
1.202840209007263184e+00,2.803319692611694336e-01
2.055623009800910950e-02,-6.258259713649749756e-02
2.069208383560180664e+00,2.382655858993530273e+00
-7.814480066299438477e-01,2.515776157379150391e+00
6.265219449996948242e-01,6.543731093406677246e-01
-4.805315434932708740e-01,8.472218513488769531e-01
-5.176839232444763184e-01,3.223851025104522705e-01
2.117057323455810547e+00,5.209364295005798340e-01
2.192100524902343750e+00,-2.308535277843475342e-01
-5.524167418479919434e-01,1.275096982717514038e-01
-1.785895824432373047e-01,8.126655817031860352e-01
1.424930691719055176e+00,-1.127875089645385742e+00
1.520086228847503662e-01,-1.475026726722717285e+00
2.337245702743530273e+00,2.916339933872222900e-01
1.098270118236541748e-01,1.915337331593036652e-02
-2.521112263202667236e-01,4.134000837802886963e-01
1.003023266792297363e+00,-9.243320822715759277e-01
-1.440603971481323242e+00,-1.320170760154724121e+00
1.019517421722412109e+00,1.224192500114440918e+00
3.891371965408325195e+00,-3.493979930877685547e+00
-2.782721519470214844e+00,2.859587967395782471e-01
-9.815389513969421387e-01,5.539975166320800781e-01
-1.529796481132507324e+00,-9.828457832336425781e-01
1.775361657142639160e+00,3.849286586046218872e-02
-4.515941068530082703e-02,-1.615529321134090424e-02
-3.543715775012969971e-01,7.528833746910095215e-01
5.686479434370994568e-02,1.920129954814910889e-01
-2.213133722543716431e-01,-5.407503843307495117e-01
5.035353899002075195e-01,-1.784704566001892090e+00
-6.559295654296875000e-01,6.471265554428100586e-01
-9.702561497688293457e-01,6.456434130668640137e-01
-1.085455179214477539e+00,4.212985932826995850e-01
2.592896938323974609e+00,-9.659253954887390137e-01
-1.936900317668914795e-01,6.549600511789321899e-02
-2.470029115676879883e+00,2.060820817947387695e+00
1.795964956283569336e+00,1.408995985984802246e+00
4.716731309890747070e-01,-5.935642719268798828e-01
1.448478698730468750e+00,5.313606560230255127e-02
4.161182880401611328e+00,1.769367694854736328e+00
2.138532400131225586e+00,-6.766821146011352539e-01
-2.524209022521972656e-02,-2.656941413879394531e-01
-1.111620187759399414e+00,5.337446331977844238e-01
1.583731174468994141e+00,1.104342579841613770e+00
1.731184244155883789e+00,1.195790410041809082e+00
7.992075681686401367e-01,5.969100594520568848e-01
-3.574099391698837280e-02,2.396320253610610962e-01
-4.805315434932708740e-01,8.472218513488769531e-01
3.849806487560272217e-01,3.631209433078765869e-01
-6.441540718078613281e-01,6.023961305618286133e-01
-1.091024041175842285e+00,1.686486363410949707e+00
1.476463913917541504e+00,-9.670376777648925781e-01
-9.020341634750366211e-01,5.576083660125732422e-01
1.381710171699523926e+00,-3.870484113693237305e+00
1.656453013420104980e+00,-3.357508182525634766e-01
1.510839939117431641e+00,1.673160493373870850e-01
-3.360774517059326172e-01,3.527571260929107666e-01
-8.679170012474060059e-01,6.487205028533935547e-01
1.872936487197875977e-01,-4.190154969692230225e-01
-1.451542496681213379e+00,1.512411475181579590e+00
5.992856621742248535e-01,4.552917778491973877e-01
1.864373445510864258e+00,-5.327583849430084229e-02
-8.586877584457397461e-01,5.812458992004394531e-01
5.318984985351562500e-01,3.850597739219665527e-01
1.037769913673400879e-01,9.833399653434753418e-01
-2.098594903945922852e+00,1.571893811225891113e+00
-2.441850662231445312e+00,-2.074951171875000000e+00
-3.868445456027984619e-01,6.561063975095748901e-02
-1.650777220726013184e+00,2.636821866035461426e-01
-2.439200133085250854e-01,-2.778927683830261230e-01
-1.033648729324340820e+00,5.498726367950439453e-01
-1.254431962966918945e+00,1.753667831420898438e+00
2.442189455032348633e-01,-1.607933491468429565e-01
-6.689587831497192383e-01,1.031966924667358398e+00
-5.504818558692932129e-01,1.030529260635375977e+00
-6.456397175788879395e-01,2.423570118844509125e-02
1.525510475039482117e-02,-9.945750236511230469e-02
5.439510941505432129e-01,-6.944527626037597656e-01
-1.441964626312255859e+00,1.511909723281860352e+00
1.939052104949951172e+00,1.144004464149475098e+00
1.264209985733032227e+00,1.175157353281974792e-01
-5.137011408805847168e-01,4.202250838279724121e-01
6.165491342544555664e-01,-1.429455913603305817e-02
2.521770477294921875e+00,5.834869742393493652e-01
1.049382448196411133e+00,8.529162406921386719e-01
7.755064368247985840e-01,8.992143273353576660e-01
5.782439708709716797e-01,7.178447246551513672e-01
9.370462298393249512e-01,1.556166529655456543e+00
2.099044993519783020e-02,2.359179705381393433e-01
-1.948500156402587891e+00,-4.505792260169982910e-01
-8.964069485664367676e-01,6.917763352394104004e-01
-2.606252193450927734e+00,2.244319200515747070e+00
-8.786342144012451172e-01,1.163624763488769531e+00
-3.923504948616027832e-01,-6.823303550481796265e-02
1.271992921829223633e+00,8.909536004066467285e-01
4.925037622451782227e-01,-1.872426152229309082e+00
-1.881138086318969727e+00,-1.597247600555419922e+00
1.272933244705200195e+00,-6.328723430633544922e-01
7.067842483520507812e-01,-9.276448935270309448e-02
1.607254266738891602e+00,-2.941253222525119781e-02
-9.248116612434387207e-01,-3.475166559219360352e-01
-1.646253585815429688e+00,-1.936161041259765625e+00
1.551810383796691895e+00,7.399113178253173828e-01
1.077398180961608887e+00,1.492981910705566406e-01
-1.685512781143188477e+00,8.273524641990661621e-01
1.670462965965270996e+00,-1.616684794425964355e+00
2.040645122528076172e+00,3.585210740566253662e-01
-3.541387319564819336e-01,5.506721884012222290e-02
1.024175167083740234e+00,2.294856756925582886e-01
5.686479434370994568e-02,1.920129954814910889e-01
7.538612484931945801e-01,-7.316225171089172363e-01
-6.340756416320800781e-01,-6.985617876052856445e-01
1.121904373168945312e+00,2.131145298480987549e-01
1.412645459175109863e+00,7.364005446434020996e-01
4.909480810165405273e-01,-1.010505482554435730e-03
1.552641868591308594e+00,2.580242753028869629e-01
-4.213741421699523926e-02,5.203654766082763672e-01
-1.811191320419311523e+00,-6.204497218132019043e-01
-3.800449967384338379e-01,8.782113790512084961e-01
-3.485905885696411133e+00,-2.733632087707519531e+00
-1.029040336608886719e+00,8.290955424308776855e-01
-5.242557525634765625e-01,9.446938633918762207e-01
1.770235180854797363e+00,-4.643964022397994995e-02
5.174102783203125000e-01,-2.393943369388580322e-01
6.956939697265625000e-01,-4.903802871704101562e-01
4.503630995750427246e-01,-5.735858082771301270e-01
2.909384250640869141e+00,-1.195724725723266602e+00
-6.552563905715942383e-01,7.308512330055236816e-01
-1.133702635765075684e+00,1.267967224121093750e+00
-1.114540696144104004e+00,-1.897034943103790283e-01
-1.014832496643066406e+00,-1.209949254989624023e+00
-8.288275599479675293e-01,1.057218432426452637e+00
6.042909026145935059e-01,6.980314850807189941e-01
-1.020772337913513184e+00,3.776192188262939453e+00
4.529957100749015808e-02,8.343424797058105469e-01
-6.047393679618835449e-01,5.852449536323547363e-01
-1.001905798912048340e+00,5.244709253311157227e-01
6.116644740104675293e-01,5.922576189041137695e-01
6.806345582008361816e-01,-1.309516191482543945e+00
-3.197666704654693604e-01,5.623180419206619263e-02
1.446897268295288086e+00,7.680154442787170410e-01
-5.348813533782958984e-01,-3.062042295932769775e-01
-2.736806571483612061e-01,2.729831635951995850e-01
-3.161014318466186523e-01,1.457004666328430176e+00
7.365487813949584961e-01,-1.600322127342224121e+00
1.413902401924133301e+00,4.802578389644622803e-01
-9.667861461639404297e-01,6.640148162841796875e-01
1.303142786026000977e+00,6.506658792495727539e-01
-1.611698508262634277e+00,1.520443201065063477e+00
-1.448021411895751953e+00,1.335786223411560059e+00
5.095917582511901855e-01,-5.975165218114852905e-02
1.621580839157104492e+00,1.808323860168457031e+00
9.100642800331115723e-01,3.101502060890197754e-01
-3.800449967384338379e-01,8.782113790512084961e-01
-8.422806262969970703e-01,-1.036457896232604980e+00
-8.579041957855224609e-01,5.785053372383117676e-01
4.982637166976928711e-01,-5.548152923583984375e-01
1.002703785896301270e+00,1.212617635726928711e+00
-8.696111440658569336e-01,1.777271330356597900e-01
1.097987890243530273e+00,2.458860129117965698e-01
-7.155224680900573730e-01,-1.354162842035293579e-01
1.753721386194229126e-01,1.278143048286437988e+00
-9.198307991027832031e-01,4.849184751510620117e-01
-1.227752566337585449e+00,9.690859913825988770e-02
-1.113667130470275879e+00,-4.097896069288253784e-02
-8.508799076080322266e-01,8.252124190330505371e-01
1.072269916534423828e+00,-1.561355739831924438e-01
-1.254431962966918945e+00,1.753667831420898438e+00
1.300064563751220703e+00,8.972263932228088379e-01
-8.984508514404296875e-01,-1.331368923187255859e+00
7.633801102638244629e-01,-1.461107134819030762e+00
-9.181265234947204590e-01,5.591526627540588379e-01
-7.370124757289886475e-02,1.941021531820297241e-01
3.785786330699920654e-01,3.470256626605987549e-01
1.092177152633666992e+00,3.012659549713134766e-01
-2.419013500213623047e+00,-1.681716918945312500e+00
7.110915780067443848e-01,9.117394089698791504e-01
8.864102363586425781e-01,1.790157556533813477e-01
-2.664808630943298340e-01,3.115668594837188721e-01
1.882624030113220215e+00,1.714495420455932617e+00
6.181022152304649353e-02,-1.260589808225631714e-03
-2.597545981407165527e-01,-1.751656532287597656e-01
4.064439535140991211e-01,-8.017802834510803223e-01
-5.577138066291809082e-01,6.221849322319030762e-01
3.733151257038116455e-01,6.078419685363769531e-01
5.799331665039062500e-01,3.157108724117279053e-01
1.233147382736206055e+00,-3.241886138916015625e+00
3.142731904983520508e+00,4.539782106876373291e-01
-3.989482522010803223e-01,7.881453037261962891e-01
1.617900490760803223e+00,1.073292851448059082e+00
-3.627385199069976807e-02,2.569853782653808594e+00
1.621580839157104492e+00,1.808323860168457031e+00
-1.943930536508560181e-01,1.084519267082214355e+00
-9.687380194664001465e-01,5.118642449378967285e-01
-1.550856351852416992e+00,9.228724986314773560e-02
5.923409461975097656e-01,9.719333052635192871e-01
-2.608940124511718750e+00,-3.344038128852844238e-01
1.656373620033264160e+00,7.042704224586486816e-01
4.161182880401611328e+00,1.769367694854736328e+00
2.046612977981567383e+00,-2.510217905044555664e+00
-8.674922585487365723e-01,6.692535877227783203e-01
4.450403153896331787e-03,3.897333443164825439e-01
1.600257277488708496e+00,-1.223275780677795410e+00
3.650790154933929443e-01,-6.898370385169982910e-01
-1.626524209976196289e+00,4.438218593597412109e+00
-9.146718978881835938e-01,8.229185938835144043e-01
-1.134790778160095215e+00,1.876630425453186035e+00
3.366020917892456055e-01,1.214373707771301270e+00
9.382895231246948242e-01,3.512531220912933350e-01
4.856318235397338867e-01,-1.053025960922241211e+00
1.415151715278625488e+00,1.698612093925476074e+00
1.289165139198303223e+00,7.449786067008972168e-01
3.672901391983032227e-01,-1.716055393218994141e+00
5.758848190307617188e-01,8.217669129371643066e-01
1.084313243627548218e-01,2.687646746635437012e-01
4.971750974655151367e-01,2.769143283367156982e-01
1.391549557447433472e-01,1.522372603416442871e+00
-2.596609115600585938e+00,-1.124556541442871094e+00
-9.340572357177734375e-01,6.458014249801635742e-01
5.312393307685852051e-01,3.155638277530670166e-01
5.772391557693481445e-01,3.050473928451538086e-01
1.873448014259338379e+00,-2.614112377166748047e+00
1.754752755165100098e+00,-4.775699377059936523e-01
-1.058497652411460876e-01,-2.817619740962982178e-01
-1.371696591377258301e+00,2.290100753307342529e-01
1.114637494087219238e+00,-7.413244247436523438e-01
-2.177564144134521484e+00,1.701129198074340820e+00
1.527678012847900391e+00,2.317391157150268555e+00
-3.047613799571990967e-01,-4.326501786708831787e-01
-1.461777806282043457e+00,2.024554491043090820e+00
3.089976012706756592e-01,-8.756552338600158691e-01
-1.058290243148803711e+00,4.426261186599731445e-01
6.302498579025268555e-01,5.398819446563720703e-01
-1.010487675666809082e+00,1.422081232070922852e+00
1.448478698730468750e+00,5.313606560230255127e-02
1.460110187530517578e+00,-1.843084812164306641e+00
9.788031876087188721e-02,-9.700249433517456055e-01
-7.601498961448669434e-01,1.519332289695739746e+00
-5.774365663528442383e-01,6.968064904212951660e-01
2.279123783111572266e+00,1.210697770118713379e+00
7.505050301551818848e-01,-1.446831412613391876e-02
1.297285914421081543e+00,-1.005415678024291992e+00
7.174788117408752441e-01,6.040174514055252075e-02
9.004691243171691895e-01,-3.294762372970581055e-01
-1.085407018661499023e+00,3.312384486198425293e-01
1.562176272273063660e-02,-8.104022145271301270e-01
1.378390312194824219e+00,3.332221210002899170e-01
5.406954288482666016e-01,-8.936036825180053711e-01
9.283223152160644531e-01,5.977001190185546875e-01
1.253941282629966736e-02,3.624311387538909912e-01
1.719707489013671875e+00,5.013289302587509155e-02
-8.772274851799011230e-01,-2.801465988159179688e+00
-9.797256588935852051e-01,5.187323093414306641e-01
-5.504818558692932129e-01,1.030529260635375977e+00
1.269876122474670410e+00,-1.632325768470764160e+00
2.138532400131225586e+00,-6.766821146011352539e-01
-9.555037319660186768e-02,1.856492757797241211e-01
9.096509218215942383e-01,-2.917296998202800751e-02
-4.401260912418365479e-01,-1.325408220291137695e-01
9.242109656333923340e-01,4.230068624019622803e-01
1.194777965545654297e+00,7.728792428970336914e-01
1.926764965057373047e+00,-1.159455329179763794e-01
1.882624030113220215e+00,1.714495420455932617e+00
1.883349418640136719e-01,-4.648677706718444824e-01
-2.416455507278442383e+00,1.997045278549194336e+00
-8.713502287864685059e-01,6.358670592308044434e-01
-1.532283425331115723e-02,2.345082759857177734e-01
1.284038186073303223e+00,-3.614975214004516602e-01
2.055479526519775391e+00,-2.432907521724700928e-01
-5.590102076530456543e-01,3.412224054336547852e-01
1.098515272140502930e+00,-5.383422970771789551e-01
7.902259230613708496e-01,6.732419133186340332e-02
6.165491342544555664e-01,-1.429455913603305817e-02
1.889291882514953613e+00,-1.739551424980163574e-01
2.653318047523498535e-01,8.283467292785644531e-01
-1.377673894166946411e-01,1.075285553932189941e+00
-1.187231421470642090e+00,4.142670929431915283e-01
4.665526747703552246e-01,3.677401691675186157e-02
-4.598369002342224121e-01,-6.104453653097152710e-02
-1.811191320419311523e+00,-6.204497218132019043e-01
5.264450907707214355e-01,3.809564411640167236e-01
1.610280036926269531e+00,-3.308199644088745117e-01
1.847279369831085205e-01,3.411312103271484375e-01
3.418656289577484131e-01,-2.309237003326416016e+00
1.469540596008300781e+00,-1.172325909137725830e-01
5.406954288482666016e-01,-8.936036825180053711e-01
-1.119427204132080078e+00,4.950399696826934814e-01
4.928241372108459473e-01,1.268825400620698929e-02
1.405847430229187012e+00,1.056093811988830566e+00
-2.781638316810131073e-02,3.728640079498291016e-02
1.941000342369079590e+00,1.270406961441040039e+00
-1.048576474189758301e+00,3.487508594989776611e-01
-4.722508192062377930e-01,-4.333545267581939697e-01
5.772391557693481445e-01,3.050473928451538086e-01
2.178676128387451172e+00,2.502684891223907471e-01
7.353523373603820801e-01,6.648989394307136536e-03
-9.185623526573181152e-01,8.387457132339477539e-01
1.881146311759948730e+00,3.145194426178932190e-02
-4.300165772438049316e-01,2.144704818725585938e+00
8.796383440494537354e-02,-2.862716279923915863e-02
1.148763418197631836e+00,-8.810966610908508301e-01
-9.079059958457946777e-02,-1.210913360118865967e-01
3.990770816802978516e+00,-1.568734645843505859e+00
4.554819464683532715e-01,3.641111254692077637e-01
-7.815099954605102539e-01,6.898527741432189941e-01
-2.523229420185089111e-01,6.829991340637207031e-01
-8.074139356613159180e-01,6.489392518997192383e-01
1.886789917945861816e+00,-8.681710958480834961e-01
8.214082717895507812e-01,-4.251117110252380371e-01
-1.565719723701477051e+00,1.678631424903869629e+00
1.030867815017700195e+00,1.004295110702514648e+00
3.598276674747467041e-01,-5.506567955017089844e-01
-9.162299633026123047e-01,6.577703952789306641e-01
4.422060847282409668e-01,-2.132482528686523438e+00
5.035353899002075195e-01,-1.784704566001892090e+00
2.215683758258819580e-01,2.033814340829849243e-01
-4.410814121365547180e-02,3.472808748483657837e-02
-9.487580657005310059e-01,5.112527608871459961e-01
1.038349032402038574e+00,2.405023276805877686e-01
-1.775123029947280884e-01,3.667810559272766113e-01
-1.048622012138366699e+00,5.035787224769592285e-01
-1.050819873809814453e+00,4.531591236591339111e-01
-4.722508192062377930e-01,-4.333545267581939697e-01
-1.494064331054687500e+00,1.776708960533142090e-01
7.140031456947326660e-01,3.340771496295928955e-01
-9.181265234947204590e-01,5.591526627540588379e-01
-2.969006597995758057e-01,1.967355012893676758e-01
3.409073054790496826e-01,-1.178552508354187012e+00
-1.640929937362670898e+00,1.196649074554443359e-01
1.592601776123046875e+00,1.007881045341491699e+00
4.327170252799987793e-01,3.505209386348724365e-01
3.426347017288208008e+00,1.977544903755187988e+00
4.109658718109130859e+00,-2.064356088638305664e+00
6.107481122016906738e-01,1.720098406076431274e-01
-1.907306015491485596e-01,1.510090351104736328e+00
-6.682975888252258301e-01,2.160094380378723145e-01
-8.341405391693115234e-01,9.376696348190307617e-01
8.385837674140930176e-01,-1.146391630172729492e+00
4.505422115325927734e-01,-5.507296323776245117e-01
-2.521112263202667236e-01,4.134000837802886963e-01
3.609121143817901611e-01,-7.239053845405578613e-01
-1.466171860694885254e+00,-2.928706407546997070e-01
-9.394885897636413574e-01,6.684080362319946289e-01
-1.286872625350952148e-01,-1.920977354049682617e+00
1.830388426780700684e+00,-1.799091458320617676e+00
-9.449136853218078613e-01,5.451665520668029785e-01
-1.451542496681213379e+00,1.512411475181579590e+00
9.404671192169189453e-01,7.506707906723022461e-01
-1.441964626312255859e+00,1.511909723281860352e+00
9.519674181938171387e-01,5.105682611465454102e-01
1.593604445457458496e+00,2.451347187161445618e-03
1.086970090866088867e+00,5.881935954093933105e-01
-6.040466427803039551e-01,-1.028780579566955566e+00
-1.926700919866561890e-01,1.281799912452697754e+00
-4.305039644241333008e-01,3.080060720443725586e+00
-3.586812615394592285e-01,6.419042944908142090e-01
9.792063832283020020e-01,-1.361355066299438477e+00
-1.482087850570678711e+00,1.439065575599670410e+00
-8.715122938156127930e-01,6.628972291946411133e-01
6.404597163200378418e-01,1.896882951259613037e-01
7.972176074981689453e-01,-4.216709434986114502e-01
-1.059146285057067871e+00,4.547422528266906738e-01
-3.574099391698837280e-02,2.396320253610610962e-01
1.197799801826477051e+00,-8.911018371582031250e-01
9.004691243171691895e-01,-3.294762372970581055e-01
-1.085407018661499023e+00,3.312384486198425293e-01
8.749786019325256348e-02,-2.339173108339309692e-01
3.037738800048828125e-01,3.055575303733348846e-03
1.495652556419372559e+00,-1.755027294158935547e+00
-1.227752566337585449e+00,9.690859913825988770e-02
2.653318047523498535e-01,8.283467292785644531e-01
-1.022513866424560547e+00,5.917603969573974609e-01
-1.058833837509155273e+00,4.222852289676666260e-01
5.259218811988830566e-01,-2.443082571029663086e+00
5.270544886589050293e-01,5.881868600845336914e-01
4.222920238971710205e-01,3.624135255813598633e-01
-1.437891721725463867e+00,-2.362181663513183594e+00
4.744937419891357422e-01,-7.805398702621459961e-01
5.448999404907226562e-01,1.053451150655746460e-01
9.499343037605285645e-01,3.631238937377929688e-01
-5.193406343460083008e-01,1.096155866980552673e-02
5.884117484092712402e-01,1.131165742874145508e+00
4.134232997894287109e-01,-4.674805700778961182e-02
-1.052582710981369019e-01,2.154673635959625244e-01
-8.160588145256042480e-02,1.632326245307922363e-01
1.697602495551109314e-02,-3.426970243453979492e-01
-8.964069485664367676e-01,6.917763352394104004e-01
-5.811752676963806152e-01,5.689951181411743164e-01
1.097987890243530273e+00,2.458860129117965698e-01
7.460421323776245117e-01,6.151992678642272949e-01
5.767747879028320312e+00,1.717702031135559082e+00
1.584978938102722168e+00,-1.758193731307983398e+00
-1.165831089019775391e+00,-3.030065536499023438e+00
5.090247988700866699e-01,-4.676302671432495117e-01
2.936307668685913086e+00,1.302756667137145996e+00
-6.125016808509826660e-01,2.178644418716430664e+00
8.579154610633850098e-01,1.134585499763488770e+00
1.520086228847503662e-01,-1.475026726722717285e+00
-4.819244742393493652e-01,-4.352890014648437500e+00
9.841839671134948730e-01,-2.541068494319915771e-01
-5.653324723243713379e-01,6.954938769340515137e-01
-8.142954111099243164e-01,6.553599238395690918e-01
-1.318427681922912598e+00,6.694818735122680664e-01
-7.222763895988464355e-01,6.278186440467834473e-01
-1.297837972640991211e+00,1.968158036470413208e-01
-1.098914742469787598e+00,4.935222566127777100e-01
9.316191673278808594e-01,1.597818851470947266e+00
-1.095945537090301514e-01,-2.529153227806091309e-01
1.681140065193176270e+00,5.590355396270751953e-02
-1.229985803365707397e-01,1.163087248802185059e+00
-9.014649391174316406e-01,5.961338877677917480e-01
-3.550031483173370361e-01,4.215174317359924316e-01
1.045872092247009277e+00,3.065946102142333984e-01
3.679329752922058105e-01,1.126356244087219238e+00
2.768729329109191895e-01,3.622604310512542725e-01
-3.183203339576721191e-01,1.298691153526306152e+00
1.162503719329833984e+00,4.325223565101623535e-01
3.359997868537902832e-01,3.120147585868835449e-01
-1.004139184951782227e+00,6.243762969970703125e-01
8.539869785308837891e-01,1.138546824455261230e+00
7.836313843727111816e-01,-2.970306634902954102e+00
-1.327981650829315186e-01,-2.634564638137817383e-01
6.551541686058044434e-01,4.071871638298034668e-01
1.204846426844596863e-02,1.267696768045425415e-01
1.960950851440429688e+00,2.140745162963867188e+00
-1.607526540756225586e+00,1.073228001594543457e+00
-1.330446839332580566e+00,1.938264816999435425e-01
2.032440185546875000e+00,-2.430831909179687500e+00
1.735506892204284668e+00,4.939007163047790527e-01
-1.634821146726608276e-01,1.259105056524276733e-01
1.494494438171386719e+00,6.633212566375732422e-01
-1.368578076362609863e+00,-8.844449520111083984e-01
-2.206422761082649231e-02,1.968018174171447754e+00
-1.774500370025634766e+00,1.704553008079528809e+00
-1.895595192909240723e+00,8.726537972688674927e-02
5.263027548789978027e-01,6.211498379707336426e-01
6.650625467300415039e-01,-1.565602608025074005e-02
4.195416569709777832e-01,-7.317808456718921661e-03
-8.422806262969970703e-01,-1.036457896232604980e+00
3.627646207809448242e+00,2.618711471557617188e+00
7.469276189804077148e-01,1.157808005809783936e-01
2.518034875392913818e-01,-9.736549854278564453e-01
3.499877452850341797e-01,6.106798052787780762e-01
-2.615823507308959961e+00,2.306679248809814453e+00
2.805855274200439453e-01,9.514284729957580566e-01
4.195416569709777832e-01,-7.317808456718921661e-03
-1.266927003860473633e+00,9.170773625373840332e-01
1.057977914810180664e+00,3.418067991733551025e-01
4.813690185546875000e-01,-5.449421405792236328e-01
-1.008385419845581055e+00,9.310970902442932129e-01
1.829280495643615723e+00,2.554571866989135742e+00
-1.095497131347656250e+00,-7.508826851844787598e-01
4.718171358108520508e-01,-2.780214883387088776e-03
-1.489705592393875122e-01,-2.482235431671142578e-01
-8.310212492942810059e-01,6.217435002326965332e-01
1.202840209007263184e+00,2.803319692611694336e-01
-1.542814612388610840e+00,-2.351211071014404297e+00
1.926126718521118164e+00,-3.492093086242675781e+00
1.938509568572044373e-02,1.297996401786804199e+00
2.208752930164337158e-01,6.166996359825134277e-01
1.568381905555725098e+00,1.011286735534667969e+00
-9.409393668174743652e-01,-5.899570584297180176e-01
6.063446402549743652e-01,-6.668075323104858398e-01
1.922429203987121582e+00,5.041608959436416626e-02
1.839945316314697266e-01,3.521876037120819092e-01
-1.088861823081970215e+00,4.795720577239990234e-01
-6.700327992439270020e-01,-7.175478339195251465e-01
2.784023880958557129e-01,2.712247848510742188e+00
2.592896938323974609e+00,-9.659253954887390137e-01
7.505050301551818848e-01,-1.446831412613391876e-02
-9.323396682739257812e-01,2.569544553756713867e+00
-1.935259222984313965e+00,3.353527069091796875e+00
7.239020466804504395e-01,-2.052739858627319336e+00
-5.057204961776733398e-01,1.786240696907043457e+00
-2.514383077621459961e+00,2.087332010269165039e+00
2.670400142669677734e+00,-1.218379855155944824e+00
-1.182560324668884277e+00,1.689238429069519043e+00
-1.366397380828857422e+00,9.989765286445617676e-01
-6.113472580909729004e-01,-1.231325864791870117e+00
-8.424049615859985352e-01,9.380072355270385742e-01
5.730849131941795349e-02,-1.834356188774108887e-01
-5.911572575569152832e-01,5.221097469329833984e-01
2.146711587905883789e+00,1.120580077171325684e+00
-2.563107013702392578e+00,2.628460884094238281e+00
2.142547845840454102e+00,2.813293039798736572e-01
8.753941059112548828e-01,4.092426002025604248e-01
1.206119656562805176e+00,8.560989499092102051e-01
-1.007300376892089844e+00,1.416386485099792480e+00
-9.555037319660186768e-02,1.856492757797241211e-01
-2.677242517471313477e+00,-2.905060052871704102e+00
1.125874519348144531e+00,8.790700882673263550e-02
-5.887383222579956055e-01,-8.951667696237564087e-02
-9.744645953178405762e-01,4.904501140117645264e-01
-9.926608800888061523e-01,5.065147280693054199e-01
-1.084577560424804688e+00,4.665200114250183105e-01
-1.935259222984313965e+00,3.353527069091796875e+00
1.057977914810180664e+00,3.418067991733551025e-01
-9.559186697006225586e-01,6.725918650627136230e-01
1.299433588981628418e+00,8.883141875267028809e-01
-7.428383827209472656e-01,1.199739351868629456e-01
7.699930667877197266e-01,-6.965804100036621094e-01
-1.281435132026672363e+00,-2.498097181320190430e+00
-1.554208755493164062e+00,1.675290584564208984e+00
1.533369660377502441e+00,1.158548831939697266e+00
6.042909026145935059e-01,6.980314850807189941e-01
6.308793425559997559e-01,-1.490409016609191895e+00
1.882521271705627441e+00,-1.175645351409912109e+00
-1.162607669830322266e+00,2.702019810676574707e-01
-2.171465396881103516e+00,-8.687608242034912109e-01
1.424692153930664062e+00,-1.157744765281677246e+00
-9.771350622177124023e-01,5.337779521942138672e-01
1.806331276893615723e+00,1.463191270828247070e+00
2.936307668685913086e+00,1.302756667137145996e+00
-2.034890890121459961e+00,2.092565774917602539e+00
-5.398293733596801758e-01,4.270379990339279175e-02
4.202054738998413086e-01,-2.610891498625278473e-02
-1.425378561019897461e+00,-4.546559453010559082e-01
1.050799489021301270e+00,1.025184243917465210e-01
-1.224792897701263428e-01,5.872091054916381836e-01
3.551574349403381348e-01,-3.261179625988006592e-01
-4.491271078586578369e-01,-5.499661564826965332e-01
7.649361491203308105e-01,-1.106327772140502930e+00
-1.005105018615722656e+00,-1.561364293098449707e+00
2.644437253475189209e-01,-3.362702429294586182e-01
-5.793126299977302551e-02,4.703006446361541748e-01
-7.449494004249572754e-01,-3.928322196006774902e-01
9.011790752410888672e-01,3.811879456043243408e-01
-1.338364481925964355e+00,1.382372856140136719e+00
6.054101586341857910e-01,4.911473393440246582e-02
-1.012054204940795898e+00,-9.275892376899719238e-01
5.398013591766357422e-01,3.095772862434387207e-01
-1.627364903688430786e-01,-2.298889756202697754e-01
5.181750059127807617e-01,-5.079357624053955078e-01
1.268226027488708496e+00,1.609914600849151611e-01
2.101901546120643616e-02,2.263285368680953979e-01
5.270544886589050293e-01,5.881868600845336914e-01
-6.040466427803039551e-01,-1.028780579566955566e+00
2.715961217880249023e+00,2.100570917129516602e+00
-1.269468814134597778e-01,3.127480447292327881e-01
1.048281192779541016e+00,3.489890098571777344e-01
3.126723468303680420e-01,-9.302361011505126953e-01
9.530617296695709229e-02,8.577552437782287598e-01
-2.432415038347244263e-01,-1.087136715650558472e-01
2.743788063526153564e-01,-8.763937950134277344e-01
-3.123402297496795654e-01,-8.973096013069152832e-01
-2.677242517471313477e+00,-2.905060052871704102e+00
-4.931355118751525879e-01,-3.831831216812133789e-01
2.552036285400390625e+00,2.718921899795532227e-01
-1.388550043106079102e+00,6.308283805847167969e-01
-1.469011008739471436e-01,-1.112618222832679749e-01
-5.333897098898887634e-02,2.226685285568237305e-01
-4.910174906253814697e-01,1.226427078247070312e+00
-1.180045366287231445e+00,-2.196720361709594727e+00
7.769232392311096191e-01,7.993844151496887207e-01
2.884141445159912109e+00,-7.201815247535705566e-01
1.241913557052612305e+00,8.851099610328674316e-01
5.079496502876281738e-01,-6.334050297737121582e-01
2.979722499847412109e+00,-3.567479848861694336e-01
6.806345582008361816e-01,-1.309516191482543945e+00
-8.822926878929138184e-01,5.800184011459350586e-01
3.837966680526733398e+00,3.406850337982177734e+00
-1.330387115478515625e+00,1.662411808967590332e+00
-2.480638265609741211e+00,-1.256358265876770020e+00
-2.254566431045532227e+00,2.242741823196411133e+00
-5.916352272033691406e-01,6.488131284713745117e-01
-1.775123029947280884e-01,3.667810559272766113e-01
-8.011338710784912109e-01,7.473376393318176270e-01
2.072562277317047119e-01,1.139956235885620117e+00
-2.402359396219253540e-01,3.371734172105789185e-02
-1.378795385360717773e+00,4.084288775920867920e-01
-1.004139184951782227e+00,6.243762969970703125e-01
-1.286872625350952148e-01,-1.920977354049682617e+00
9.597088694572448730e-01,1.645331740379333496e+00
-7.694330066442489624e-02,-3.107942938804626465e-01
-9.665045142173767090e-01,6.619665622711181641e-01
-8.969123363494873047e-01,2.618579387664794922e+00
2.374693870544433594e+00,5.538289546966552734e-01
-8.389973640441894531e-01,6.800312399864196777e-01
1.436435222625732422e+00,-1.606139302253723145e+00
1.208094358444213867e+00,9.183040261268615723e-02
-1.064858555793762207e+00,4.756705164909362793e-01
2.395809888839721680e-01,6.236266493797302246e-01
-1.205662369728088379e+00,4.960376024246215820e-01
-2.782721519470214844e+00,2.859587967395782471e-01
-1.443268418312072754e+00,-1.276412248611450195e+00
-2.942041680216789246e-02,1.184110522270202637e+00
-7.449494004249572754e-01,-3.928322196006774902e-01
-8.238925337791442871e-01,7.803598642349243164e-01
-1.079937443137168884e-01,6.977510452270507812e-01
9.900681376457214355e-01,2.117667198181152344e-01
-9.799761772155761719e-01,7.315090298652648926e-01
-2.480638265609741211e+00,-1.256358265876770020e+00
-1.815321296453475952e-01,6.093810498714447021e-02
-3.396897017955780029e-01,-7.000585198402404785e-01
-4.822980463504791260e-01,1.310668349266052246e+00
-1.518320292234420776e-01,-1.562266200780868530e-01
8.753941059112548828e-01,4.092426002025604248e-01
-1.445012331008911133e+00,1.560480356216430664e+00
5.229646563529968262e-01,-5.961549878120422363e-01
1.715186953544616699e+00,8.982052803039550781e-01
1.347685977816581726e-02,1.849524676799774170e-01
-3.344080448150634766e-01,2.608300149440765381e-01
-4.491271078586578369e-01,-5.499661564826965332e-01
-1.070587277412414551e+00,4.677681624889373779e-01
5.447030067443847656e-01,2.713702917098999023e-01
4.923512935638427734e-01,-5.353502035140991211e-01
6.334912180900573730e-01,1.399102568626403809e+00
8.060452342033386230e-01,-1.608722686767578125e+00
-1.201953172683715820e+00,-7.274522781372070312e-01
-1.053868651390075684e+00,5.400493741035461426e-01
-3.873559236526489258e-01,-1.816651672124862671e-01
3.494482636451721191e-01,6.080422401428222656e-01
6.491919755935668945e-01,3.398912549018859863e-01
1.059977889060974121e+00,7.216479182243347168e-01
-2.852961778640747070e+00,-2.138100624084472656e+00
-1.039546966552734375e+00,3.764480352401733398e-01
-9.037803411483764648e-01,-1.154906749725341797e+00
3.173348680138587952e-02,2.904047369956970215e-01
1.061987042427062988e+00,2.465116530656814575e-01
-1.226085186004638672e+00,4.009648859500885010e-01
-1.101432681083679199e+00,4.924530684947967529e-01
1.357031345367431641e+00,6.855178475379943848e-01
-2.432415038347244263e-01,-1.087136715650558472e-01
-3.311390876770019531e-01,-3.529045581817626953e-01
-4.364884197711944580e-01,-4.391205608844757080e-01
-9.275144934654235840e-01,-9.391481429338455200e-02
-1.788444817066192627e-01,-7.341819405555725098e-01
1.186213374137878418e+00,1.105603694915771484e+00
-2.215746790170669556e-01,2.021419852972030640e-01
2.037172079086303711e+00,4.449560344219207764e-01
3.050825372338294983e-02,4.108389317989349365e-01
1.177630543708801270e+00,-2.735675573348999023e+00
-4.826430976390838623e-01,6.144645214080810547e-01
-1.134790778160095215e+00,1.876630425453186035e+00
-9.711447954177856445e-01,6.171680688858032227e-01
-5.398293733596801758e-01,4.270379990339279175e-02
-1.091642677783966064e-01,6.589222699403762817e-03
6.531299352645874023e-01,3.181374669075012207e-01
7.655838727951049805e-01,7.333509922027587891e-01
-1.401178956031799316e+00,1.628131151199340820e+00
1.048281192779541016e+00,3.489890098571777344e-01
6.509127616882324219e-01,1.574670374393463135e-01
-1.184630751609802246e+00,-2.426128387451171875e+00
1.765753507614135742e+00,1.259595394134521484e+00
-1.091794729232788086e+00,5.046396851539611816e-01
-1.011827588081359863e+00,1.269970834255218506e-01
-6.643799543380737305e-01,6.192017197608947754e-01
-3.923504948616027832e-01,-6.823303550481796265e-02
-1.073661565780639648e+00,4.735668301582336426e-01
-9.970933198928833008e-03,2.978901006281375885e-02
-4.506252110004425049e-01,3.169505596160888672e-01
1.754771709442138672e+00,9.711874723434448242e-01
1.030660718679428101e-01,-4.163521230220794678e-01
-1.535553038120269775e-01,3.197541236877441406e-01
-1.089245200157165527e+00,5.561998486518859863e-01
1.062582015991210938e+00,-2.837792932987213135e-01
3.926023840904235840e-01,1.311471939086914062e+00
-1.778337806463241577e-01,3.706004023551940918e-01
-1.142101883888244629e+00,4.313690066337585449e-01
-1.106159925460815430e+00,4.342871010303497314e-01
-4.300165772438049316e-01,2.144704818725585938e+00
-8.674922585487365723e-01,6.692535877227783203e-01
4.954677447676658630e-02,6.357596516609191895e-01
-8.156682252883911133e-01,7.174355387687683105e-01
1.594472765922546387e+00,1.666874051094055176e+00
1.000370621681213379e+00,1.323585677891969681e-02
-1.347321867942810059e+00,-1.003016471862792969e+00
7.655838727951049805e-01,7.333509922027587891e-01
-9.128991365432739258e-01,5.336514115333557129e-01
5.285910144448280334e-02,3.404505550861358643e-01
1.282174587249755859e-01,5.112107992172241211e-01
-8.296194076538085938e-01,7.273570895195007324e-01
1.809311151504516602e+00,1.157219290733337402e+00
-1.006282448768615723e+00,7.717621326446533203e-01
8.449137210845947266e-02,-3.040035665035247803e-01
-5.057204961776733398e-01,1.786240696907043457e+00
-9.453388452529907227e-01,6.376823186874389648e-01
6.131563708186149597e-02,7.716197371482849121e-01
-8.715909719467163086e-01,6.908709406852722168e-01
1.055805921554565430e+00,-2.259962409734725952e-01
-2.183644771575927734e+00,4.288205146789550781e+00
-1.084577560424804688e+00,4.665200114250183105e-01
8.378102183341979980e-01,1.101681709289550781e+00
-8.871561288833618164e-01,3.878016471862792969e-01
-1.600620597600936890e-01,-1.360951960086822510e-01
9.671413302421569824e-01,-7.573268413543701172e-01
-8.142954111099243164e-01,6.553599238395690918e-01
9.637208282947540283e-02,-1.682613641023635864e-01
6.277050375938415527e-01,-9.152224659919738770e-02
2.333054304122924805e+00,1.166594624519348145e+00
4.036070704460144043e-01,-5.452786684036254883e-01
7.985968589782714844e-01,-1.989064514636993408e-01
-5.055987238883972168e-01,5.866521596908569336e-01
1.023514747619628906e+00,2.643129825592041016e-01
1.596798062324523926e+00,4.309185147285461426e-01
1.148171424865722656e-01,4.640517234802246094e-01
3.835409283638000488e-01,-6.117162108421325684e-01
1.204846426844596863e-02,1.267696768045425415e-01
1.387153983116149902e+00,6.974214911460876465e-01
4.798400402069091797e-01,-8.260292932391166687e-03
2.432647705078125000e+00,-1.499006897211074829e-01
-6.533942222595214844e-01,5.600516796112060547e-01
-1.157909035682678223e-01,6.064824461936950684e-01
-1.130158305168151855e+00,-9.004430174827575684e-01
2.265574634075164795e-01,-7.552096247673034668e-01
1.835772022604942322e-02,2.818248867988586426e-01
-2.580462932586669922e+00,2.895481586456298828e+00
2.382744848728179932e-01,-1.106051564216613770e+00
-8.341405391693115234e-01,9.376696348190307617e-01
-5.859635025262832642e-02,3.671919703483581543e-01
-9.574527740478515625e-01,1.018402457237243652e+00
-1.172078251838684082e+00,4.463045299053192139e-01
2.819711267948150635e-01,-1.923601388931274414e+00
2.629486560821533203e+00,3.679844617843627930e+00
6.334912180900573730e-01,1.399102568626403809e+00
4.419974982738494873e-03,2.258344143629074097e-01
3.259233951568603516e+00,1.208925962448120117e+00
7.500925064086914062e-01,2.345383912324905396e-01
-1.344941705465316772e-01,2.410461604595184326e-01
2.196180582046508789e+00,-3.937030434608459473e-01
7.006806731224060059e-01,5.625364184379577637e-01
-1.529440045356750488e+00,1.849849700927734375e+00
1.013159394264221191e+00,8.036044239997863770e-01
9.100642800331115723e-01,3.101502060890197754e-01
1.609997034072875977e+00,-2.222371578216552734e+00
1.072269916534423828e+00,-1.561355739831924438e-01
-9.361525774002075195e-01,6.756917834281921387e-01
-1.890321135520935059e+00,4.094175100326538086e-01
3.736731290817260742e+00,-7.813866734504699707e-01
5.115379020571708679e-02,-5.932747125625610352e-01
4.799677729606628418e-01,-6.060880422592163086e-01
1.992066144943237305e+00,4.044427573680877686e-01
9.850215315818786621e-01,5.626551806926727295e-02
7.127267718315124512e-01,1.274855881929397583e-01
-1.178818345069885254e+00,3.953804671764373779e-01
1.809311151504516602e+00,1.157219290733337402e+00
-4.202442616224288940e-02,-9.091094136238098145e-01
4.422060847282409668e-01,-2.132482528686523438e+00
1.023863673210144043e+00,9.782150387763977051e-01
-1.190163254737854004e+00,-1.755157589912414551e+00
-4.594761133193969727e-01,-4.465667903423309326e-01
1.101261615753173828e+00,3.219991922378540039e-01
1.980129033327102661e-01,6.792322397232055664e-01
1.561455130577087402e-01,6.038208305835723877e-02
5.451409816741943359e-01,5.481220483779907227e-01
-8.826869726181030273e-01,6.280414462089538574e-01
-1.060925602912902832e+00,5.097546577453613281e-01
4.506968334317207336e-02,1.385026931762695312e+00
-1.117485165596008301e+00,4.471985101699829102e-01
2.560045942664146423e-02,-2.575072646141052246e-01
1.131184458732604980e+00,1.650837659835815430e-01
-1.091024041175842285e+00,1.686486363410949707e+00
1.229742646217346191e+00,-1.272971034049987793e-01
1.727602481842041016e+00,-1.476516246795654297e+00
4.200492501258850098e-01,-8.103188276290893555e-01
1.282174587249755859e-01,5.112107992172241211e-01
1.267694354057312012e+00,-2.182510852813720703e+00
5.755717754364013672e-01,-1.020971059799194336e+00
3.425859451293945312e+00,8.189916610717773438e-01
-1.378452658653259277e+00,2.921174764633178711e+00
-1.356278359889984131e-01,1.616614341735839844e+00
-6.639014184474945068e-02,4.095047116279602051e-01
2.369630575180053711e+00,1.285223484039306641e+00
-2.437128573656082153e-01,-5.151642560958862305e-01
6.434549093246459961e-01,4.356820583343505859e-01
1.766165018081665039e+00,-3.160394132137298584e-01
-3.200424313545227051e-01,3.560330390930175781e+00
-7.816659808158874512e-01,1.188481450080871582e+00
1.357031345367431641e+00,6.855178475379943848e-01
1.654240131378173828e+00,3.497871160507202148e-01
-4.769006371498107910e-01,2.599866129457950592e-02
7.639518976211547852e-01,-6.866846680641174316e-01
6.941767036914825439e-02,2.217376828193664551e-01
-1.955171704292297363e+00,-1.287121415138244629e+00
-1.126867532730102539e+00,2.893863022327423096e-01
-1.984705448150634766e+00,1.947850465774536133e+00
1.533369660377502441e+00,1.158548831939697266e+00
-1.445012331008911133e+00,1.560480356216430664e+00
-1.634821146726608276e-01,1.259105056524276733e-01
6.559625864028930664e-01,-4.522401094436645508e-01
-1.267621517181396484e+00,1.054599046707153320e+00
-1.225920915603637695e+00,1.698393583297729492e+00
-2.047459840774536133e+00,2.036659717559814453e+00
-9.942405223846435547e-01,5.336720943450927734e-01
-1.942293643951416016e-01,1.022052884101867676e+00
6.107481122016906738e-01,1.720098406076431274e-01
2.494912743568420410e-01,1.013224601745605469e+00
1.642648220062255859e+00,1.026911973953247070e+00
1.040918946266174316e+00,1.819978952407836914e+00
-1.650777220726013184e+00,2.636821866035461426e-01
-1.045428037643432617e+00,-1.042460203170776367e-01
-9.380273818969726562e-01,1.986642777919769287e-01
1.713137507438659668e+00,8.369121551513671875e-01
-6.875693798065185547e-02,-1.170303523540496826e-01
-4.006260633468627930e-01,5.873972177505493164e-01
-1.900405138731002808e-01,2.586988210678100586e-01
-9.259154796600341797e-01,5.251117944717407227e-01
3.234860301017761230e-01,1.261827230453491211e+00
-8.537579178810119629e-01,7.648695111274719238e-01
7.323312759399414062e-02,-1.469732969999313354e-01
2.693677425384521484e+00,3.508410155773162842e-01
1.489667892456054688e+00,2.012717872858047485e-01
-6.552563905715942383e-01,7.308512330055236816e-01
-1.802699565887451172e-01,8.962874412536621094e-01
1.385591864585876465e+00,2.575363159179687500e+00
-9.797256588935852051e-01,5.187323093414306641e-01
-9.392755627632141113e-01,5.869624614715576172e-01
-7.986103892326354980e-01,-1.046895831823348999e-01
6.005353927612304688e-01,-2.962652683258056641e+00
1.764228343963623047e+00,-1.781346082687377930e+00
1.521355867385864258e+00,8.829790949821472168e-01
1.834155321121215820e-01,3.469829261302947998e-01
8.022164702415466309e-01,1.675217866897583008e+00
-1.193980574607849121e+00,4.012035131454467773e-01
-1.949916124343872070e+00,-1.923422515392303467e-01
6.736056506633758545e-02,1.887172460556030273e-02
4.327170252799987793e-01,3.505209386348724365e-01
5.095917582511901855e-01,-5.975165218114852905e-02
-1.113407909870147705e-01,-1.007568016648292542e-01
6.796923875808715820e-01,-8.025138080120086670e-02
-1.961597204208374023e+00,1.070476293563842773e+00
1.195681452751159668e+00,2.996948957443237305e-01
2.622134923934936523e+00,1.615666627883911133e+00
6.942800283432006836e-01,-5.787539482116699219e-01
-1.541970610618591309e+00,1.620391011238098145e-01
-1.773400753736495972e-01,-3.155618160963058472e-02
9.147961139678955078e-01,4.951585531234741211e-01
1.488368988037109375e+00,-1.197398066520690918e+00
2.250173985958099365e-01,-6.749136447906494141e-01
-1.625195518136024475e-02,-6.789491176605224609e-01
7.441415190696716309e-01,3.546435236930847168e-01
8.859394192695617676e-01,9.117469787597656250e-01
-8.789556026458740234e-01,6.011153012514114380e-02
3.136522531509399414e+00,2.504270553588867188e+00
-1.129202008247375488e+00,1.468726277351379395e+00
-3.587006092071533203e+00,-2.119737625122070312e+00
8.180971741676330566e-01,-1.707035899162292480e+00
-1.286995410919189453e-01,6.455977559089660645e-01
-1.943930536508560181e-01,1.084519267082214355e+00
8.094594478607177734e-01,2.223886922001838684e-02
-1.623501628637313843e-01,-9.971283376216888428e-02
1.905342578887939453e+00,-1.157333135604858398e+00
-9.653441905975341797e-01,4.208005368709564209e-01
-5.719223618507385254e-01,-4.588634073734283447e-01
1.665984272956848145e+00,1.758544892072677612e-02
6.548522114753723145e-01,-8.006020784378051758e-01
4.492447674274444580e-01,-1.176451444625854492e+00
4.918232560157775879e-03,1.607057690620422363e+00
3.359997868537902832e-01,3.120147585868835449e-01
6.825117468833923340e-01,5.019749999046325684e-01
-5.740531086921691895e-01,6.407758593559265137e-01
-8.296841382980346680e-01,7.491553425788879395e-01
-1.384834408760070801e+00,2.620535194873809814e-01
6.519534587860107422e-01,-2.100126981735229492e+00
-9.937201142311096191e-01,1.443418979644775391e+00
5.388576388359069824e-01,1.601875305175781250e+00
3.050825372338294983e-02,4.108389317989349365e-01
-4.192506074905395508e-01,2.226931899785995483e-01
-1.091642677783966064e-01,6.589222699403762817e-03
-5.524167418479919434e-01,1.275096982717514038e-01
-9.476272463798522949e-01,6.021353602409362793e-01
-3.627385199069976807e-02,2.569853782653808594e+00
1.448584556579589844e+00,-6.450424790382385254e-01
2.737390279769897461e+00,3.359576225280761719e+00
4.202054738998413086e-01,-2.610891498625278473e-02
5.625464320182800293e-01,3.183690905570983887e-01
1.460412859916687012e+00,-1.434366106986999512e+00
3.051415443420410156e+00,1.216886758804321289e+00
-7.716230154037475586e-01,4.992276728153228760e-01
-1.025519847869873047e+00,6.043464541435241699e-01
-2.126320362091064453e+00,1.589741826057434082e+00
7.995161414146423340e-01,3.534608334302902222e-02
1.854797720909118652e+00,1.134943842887878418e+00
-1.350461721420288086e+00,1.573649406433105469e+00
-6.205122470855712891e-01,6.124510765075683594e-01
2.621708393096923828e+00,9.017798304557800293e-01
-2.909513115882873535e-01,1.889447122812271118e-01
-6.123797297477722168e-01,4.472776651382446289e-01
3.718599379062652588e-01,-1.168158799409866333e-01
-1.351959466934204102e+00,7.009644061326980591e-02
1.858069539070129395e+00,1.138580441474914551e+00
1.332170248031616211e+00,8.684274554252624512e-01
1.609997034072875977e+00,-2.222371578216552734e+00
2.104302644729614258e+00,-1.570533275604248047e+00
5.576967000961303711e-01,-1.092321872711181641e+00
-9.593995213508605957e-01,5.959662199020385742e-01
2.311676263809204102e+00,2.090935468673706055e+00
-1.131396293640136719e+00,3.631004393100738525e-01
-1.002959847450256348e+00,1.443643420934677124e-01
1.800240278244018555e+00,-8.343623280525207520e-01
-1.509730964899063110e-01,-7.131861150264739990e-02
-5.146855711936950684e-01,1.465637564659118652e+00
-2.054030075669288635e-02,3.204079866409301758e-01
9.163987040519714355e-01,-3.623508512973785400e-01
-1.095945537090301514e-01,-2.529153227806091309e-01
3.738782927393913269e-02,-5.952217578887939453e-01
-3.873559236526489258e-01,-1.816651672124862671e-01
1.059977889060974121e+00,7.216479182243347168e-01
2.098433300852775574e-02,2.673108875751495361e-01
-2.357933521270751953e+00,-5.748793482780456543e-01
1.378390312194824219e+00,3.332221210002899170e-01
4.243173301219940186e-01,-1.830043077468872070e+00
-1.067577719688415527e+00,4.061291217803955078e-01
-9.159159660339355469e-01,5.117235183715820312e-01
1.732227206230163574e+00,3.108408153057098389e-01
-1.501469492912292480e+00,1.371102929115295410e-01
-1.425378561019897461e+00,-4.546559453010559082e-01
1.502317428588867188e+00,9.860401153564453125e-01
-8.241544961929321289e-01,7.401115298271179199e-01
6.925455331802368164e-01,4.144433736801147461e-01
6.308793425559997559e-01,-1.490409016609191895e+00
-1.442547082901000977e+00,-8.822183609008789062e-01
-1.075417399406433105e+00,4.835533201694488525e-01
-2.159558385610580444e-01,-1.231227368116378784e-01
1.893557310104370117e-01,4.455455243587493896e-01
-5.923808217048645020e-01,5.860044956207275391e-01
-8.713502287864685059e-01,6.358670592308044434e-01
-9.099253416061401367e-01,4.838137328624725342e-01
-2.361101627349853516e+00,2.046612262725830078e+00
4.559683203697204590e-01,6.428627371788024902e-01
-3.684037923812866211e-02,2.278665781021118164e+00
-9.109429270029067993e-02,1.417410969734191895e+00
-2.305833399295806885e-01,2.121138572692871094e+00
6.088906526565551758e-01,9.468671679496765137e-02
7.445041537284851074e-01,5.456260442733764648e-01
2.665799856185913086e-01,-8.919792175292968750e-01
-4.053975343704223633e-01,-4.088203608989715576e-01
-2.291201829910278320e+00,-1.007510185241699219e+00
-1.942293643951416016e-01,1.022052884101867676e+00
7.353523373603820801e-01,6.648989394307136536e-03
-1.637802720069885254e+00,1.988719701766967773e+00
-1.393516302108764648e+00,-2.238490581512451172e+00
6.399925351142883301e-01,4.050826728343963623e-01
2.470212697982788086e+00,-1.330791711807250977e+00
-9.670801758766174316e-01,6.308776736259460449e-01
2.222070455551147461e+00,-2.795698404312133789e+00
6.705945730209350586e-01,3.634513318538665771e-01
-4.881750792264938354e-02,-9.774861484766006470e-02
1.976063013076782227e+00,-4.335528850555419922e+00
5.631403923034667969e-01,-9.698705673217773438e-01
1.839945316314697266e-01,3.521876037120819092e-01
-1.169423222541809082e+00,3.348791599273681641e-01
-9.161596298217773438e-01,6.660249084234237671e-02
-6.878753304481506348e-01,-2.410079389810562134e-01
7.174788117408752441e-01,6.040174514055252075e-02
1.038349032402038574e+00,2.405023276805877686e-01
5.504292249679565430e-01,5.709843635559082031e-01
3.437136888504028320e+00,1.226029396057128906e+00
-8.524386882781982422e-01,8.844859004020690918e-01
4.897668957710266113e-01,6.968701481819152832e-01
1.628110527992248535e+00,5.518789403140544891e-03
-1.473081111907958984e+00,1.524955779314041138e-01
5.669713616371154785e-01,-3.932005465030670166e-01
-1.740619063377380371e+00,1.895621657371520996e+00
1.783247947692871094e+00,8.436999917030334473e-01
9.882456660270690918e-01,3.826264739036560059e-01
1.476918339729309082e+00,9.582669138908386230e-01
-8.637966513633728027e-01,5.648272037506103516e-01
9.376208186149597168e-01,1.329073667526245117e+00
-1.418981850147247314e-01,-1.249591410160064697e-01
6.905533373355865479e-02,3.110383749008178711e-01
1.073212265968322754e+00,-2.078197717666625977e+00
-9.161596298217773438e-01,6.660249084234237671e-02
-3.197666704654693604e-01,5.623180419206619263e-02
1.887489795684814453e+00,-5.979229211807250977e-01
2.279123783111572266e+00,1.210697770118713379e+00
-1.036591768264770508e+00,3.892499506473541260e-01
1.460329174995422363e+00,-7.537819743156433105e-01
1.955022573471069336e+00,-4.771493077278137207e-01
5.889216065406799316e-01,-5.923777818679809570e-01
-1.521165490150451660e+00,-1.393953859806060791e-01
-9.248116612434387207e-01,-3.475166559219360352e-01
-1.030072927474975586e+00,4.709094762802124023e-01
-1.159299373626708984e+00,1.565115928649902344e+00
-2.445776015520095825e-01,2.784408032894134521e-01
7.181268930435180664e-01,6.293464899063110352e-01
4.078643620014190674e-01,-6.171582341194152832e-01
1.809012442827224731e-01,-7.544594407081604004e-01
-9.135426282882690430e-01,9.386727809906005859e-01
-4.703534543514251709e-01,-4.235325455665588379e-01
1.762094616889953613e+00,3.797506093978881836e-01
4.031293988227844238e-01,3.891780078411102295e-01
2.802571356296539307e-01,1.444866895675659180e+00
-1.640929937362670898e+00,1.196649074554443359e-01
-8.298360705375671387e-01,-4.155236184597015381e-01
2.142280340194702148e+00,1.850306630134582520e+00
5.057960748672485352e-01,-1.552190423011779785e+00
-1.417755931615829468e-01,2.372413873672485352e-01
3.175777196884155273e-01,-9.818140268325805664e-01
1.757886171340942383e+00,-4.845184683799743652e-01
-1.137562632560729980e+00,1.131517142057418823e-01
3.924166783690452576e-02,-2.707556188106536865e-01
-1.518320292234420776e-01,-1.562266200780868530e-01
-1.267621517181396484e+00,1.054599046707153320e+00
3.189145028591156006e-01,-7.309321761131286621e-01
-5.533744096755981445e-01,6.108394265174865723e-01
1.796985745429992676e+00,4.524523019790649414e-01
-4.826430976390838623e-01,6.144645214080810547e-01
1.848001837730407715e+00,3.256123363971710205e-01
9.077358990907669067e-03,-2.270637638866901398e-02
7.460249662399291992e-01,3.342932760715484619e-01
-5.482702851295471191e-01,1.152346014976501465e+00
-4.018650352954864502e-01,-8.170390501618385315e-04
-1.738641619682312012e+00,4.899804592132568359e-01
-1.612688422203063965e+00,-7.312515377998352051e-01
6.610782742500305176e-01,3.079690635204315186e-01
-6.318520307540893555e-01,1.755549073219299316e+00
-1.125997677445411682e-02,2.760426700115203857e-01
-5.968498587608337402e-01,6.113008260726928711e-01
-4.159740805625915527e-01,9.326674938201904297e-01
-1.093523144721984863e+00,8.345302939414978027e-01
1.003023266792297363e+00,-9.243320822715759277e-01
-9.482306838035583496e-01,6.135753393173217773e-01
-1.172982692718505859e+00,2.658370018005371094e+00
-9.097025990486145020e-01,6.283184289932250977e-01
8.122124075889587402e-01,1.231243729591369629e+00
-1.109994873404502869e-01,6.709825396537780762e-01
5.047305822372436523e-01,7.083387374877929688e-01
9.769008755683898926e-01,1.186458349227905273e+00
9.972246289253234863e-01,2.519811093807220459e-01
1.214307546615600586e+00,7.409902811050415039e-01
6.223699077963829041e-02,-1.944582015275955200e-01
-5.003340840339660645e-01,1.171608448028564453e+00
-4.332317411899566650e-02,6.672341823577880859e-01
1.976063013076782227e+00,-4.335528850555419922e+00
1.471243143081665039e+00,-9.377936124801635742e-01
-1.543822407722473145e+00,6.765898466110229492e-01
-3.528354465961456299e-01,-4.417946338653564453e-01
1.402337908744812012e+00,8.104325532913208008e-01
-8.241544961929321289e-01,7.401115298271179199e-01
-1.183398514986038208e-01,3.326994180679321289e-01
2.495595440268516541e-02,-5.051022768020629883e-01
6.324144601821899414e-01,-1.974531412124633789e+00
2.272606849670410156e+00,2.482209503650665283e-01
7.239020466804504395e-01,-2.052739858627319336e+00
-1.184627115726470947e-01,1.469995141029357910e+00
-1.989786624908447266e-01,4.910913109779357910e-02
1.355773806571960449e+00,5.984789133071899414e-01
-1.665912121534347534e-01,-2.944966554641723633e-01
-1.518639802932739258e+00,1.871532559394836426e+00
1.830512285232543945e+00,-7.178637981414794922e-01
2.494912743568420410e-01,1.013224601745605469e+00
-8.524386882781982422e-01,8.844859004020690918e-01
-9.576203823089599609e-01,5.454904437065124512e-01
-1.039071321487426758e+00,1.207897901535034180e+00
-2.736806571483612061e-01,2.729831635951995850e-01
-1.893840879201889038e-01,5.792164802551269531e-01
-1.890321135520935059e+00,4.094175100326538086e-01
2.419205904006958008e+00,9.969429373741149902e-01
3.162170648574829102e-01,-5.164949297904968262e-01
2.501612424850463867e+00,-1.921821117401123047e+00
1.106361299753189087e-01,-4.326515495777130127e-01
-1.463466525077819824e+00,-3.646420955657958984e+00
1.084313243627548218e-01,2.687646746635437012e-01
-1.036591768264770508e+00,3.892499506473541260e-01
3.641299724578857422e+00,-2.499322414398193359e+00
-9.799761772155761719e-01,7.315090298652648926e-01
9.096509218215942383e-01,-2.917296998202800751e-02
-1.609925031661987305e+00,3.803692758083343506e-01
7.460421323776245117e-01,6.151992678642272949e-01
-1.305064320564270020e+00,9.549205005168914795e-02
1.941000342369079590e+00,1.270406961441040039e+00
7.208203077316284180e-01,3.641217052936553955e-01
-3.362440317869186401e-02,1.191527843475341797e+00
5.897254347801208496e-01,3.044171631336212158e-01
1.251985877752304077e-01,1.535296142101287842e-01
3.510284125804901123e-01,-1.054586887359619141e+00
5.259218811988830566e-01,-2.443082571029663086e+00
2.452062368392944336e+00,-6.823534369468688965e-01
6.052030920982360840e-01,-1.089887395501136780e-01
-1.907306015491485596e-01,1.510090351104736328e+00
2.473904371261596680e+00,-2.748180150985717773e+00
-1.125997677445411682e-02,2.760426700115203857e-01
1.287044644355773926e+00,2.348108887672424316e-01
7.571051716804504395e-01,7.885090708732604980e-01
-1.085455179214477539e+00,4.212985932826995850e-01
7.190548181533813477e-01,3.964481651782989502e-01
6.551541686058044434e-01,4.071871638298034668e-01
-8.853399753570556641e-01,9.644194245338439941e-01
4.444686472415924072e-01,6.281163096427917480e-01
-1.113667130470275879e+00,-4.097896069288253784e-02
2.523068785667419434e-01,1.108008548617362976e-01
-1.600620597600936890e-01,-1.360951960086822510e-01
1.325823545455932617e+00,-9.432137608528137207e-01
-1.460328251123428345e-01,-2.267725467681884766e-01
-3.362440317869186401e-02,1.191527843475341797e+00
-5.001015663146972656e-01,2.991112470626831055e-01
3.642486631870269775e-01,6.479361653327941895e-01
3.561302423477172852e+00,1.649965882301330566e+00
6.725494265556335449e-01,1.578823328018188477e+00
1.360443115234375000e+00,4.034753441810607910e-01
2.221316695213317871e-01,8.137544393539428711e-01
-1.039546966552734375e+00,3.764480352401733398e-01
1.044973850250244141e+00,8.702992200851440430e-01
-1.129875063896179199e+00,3.598240017890930176e-01
-9.421467185020446777e-01,5.849292874336242676e-01
-4.461961984634399414e-01,-7.309091091156005859e-02
2.311676263809204102e+00,2.090935468673706055e+00
-5.914011001586914062e-01,-1.140298366546630859e+00
-5.916184782981872559e-01,-8.647333383560180664e-01
-1.509730964899063110e-01,-7.131861150264739990e-02
1.002279043197631836e+00,-9.562044739723205566e-01
-1.106629818677902222e-01,5.691883563995361328e-01
5.224997997283935547e-01,-3.118771016597747803e-01
-3.204988837242126465e-01,1.785449624061584473e+00
