1.358580827713012695e+00,-2.847930669784545898e+00
2.335518598556518555e+00,-2.535074234008789062e+00
-3.092068672180175781e+00,-3.217051506042480469e+00
-3.655911684036254883e+00,-3.808374166488647461e+00
-2.440528154373168945e+00,-3.655231475830078125e+00
-3.359951257705688477e+00,-2.459365367889404297e+00
7.910441756248474121e-01,-2.909028530120849609e+00
-4.735296666622161865e-01,-2.078973531723022461e+00
-3.273742675781250000e+00,-4.362157344818115234e+00
5.516639351844787598e-01,-4.109966754913330078e+00
-3.119930028915405273e+00,-3.072491884231567383e+00
2.649772405624389648e+00,-2.796396970748901367e+00
-9.492874741554260254e-01,-3.838185071945190430e+00
3.264871239662170410e-01,-3.157846689224243164e+00
-3.179826259613037109e+00,-3.421715259552001953e+00
-1.332614779472351074e+00,-2.729510068893432617e+00
-3.347961664199829102e+00,-3.469540596008300781e+00
-7.996518015861511230e-01,-3.453560113906860352e+00
-2.614304721355438232e-01,-3.350817441940307617e+00
2.282091379165649414e+00,-2.139656066894531250e+00
-6.291035413742065430e-01,-3.187772512435913086e+00
2.953680515289306641e+00,-2.394083976745605469e+00
-5.513148903846740723e-01,-3.040194988250732422e+00
-3.408838987350463867e+00,-4.383962154388427734e+00
2.002909660339355469e+00,-2.364404201507568359e+00
2.538587093353271484e+00,-1.228755116462707520e+00
1.385288476943969727e+00,-3.315800189971923828e+00
-3.043443441390991211e+00,-3.097872734069824219e+00
-9.876282215118408203e-01,-2.720718145370483398e+00
3.568700253963470459e-01,-3.034795284271240234e+00
-1.520844548940658569e-01,-3.048223257064819336e+00
-6.108736515045166016e+00,-4.508679389953613281e+00
-6.031538546085357666e-02,-2.824638605117797852e+00
-2.839484453201293945e+00,-2.795542240142822266e+00
2.990682363510131836e+00,-2.200833320617675781e+00
-4.640072345733642578e+00,-4.217357158660888672e+00
5.995748043060302734e-01,-3.336981296539306641e+00
-1.447957754135131836e+00,-2.523697853088378906e+00
1.788470506668090820e+00,-3.769194126129150391e+00
6.754187345504760742e-01,-3.073168754577636719e+00
1.496608376502990723e+00,-3.541779994964599609e+00
-3.479446649551391602e+00,-3.623405218124389648e+00
7.569959759712219238e-01,-2.647663116455078125e+00
1.867037177085876465e+00,-3.851630687713623047e+00
-3.124504685401916504e-01,-3.271953582763671875e+00
4.451068878173828125e+00,-1.953549861907958984e+00
4.489660561084747314e-01,-3.085133314132690430e+00
2.164656877517700195e+00,-2.060081481933593750e+00
-4.016406834125518799e-01,-4.784690856933593750e+00
1.691627860069274902e+00,-2.145669460296630859e+00
4.129657894372940063e-02,-3.399326562881469727e+00
6.924588680267333984e-01,-2.885517358779907227e+00
1.239166855812072754e+00,-3.244287490844726562e+00
-5.563446521759033203e+00,-3.701366901397705078e+00
1.519080877304077148e+00,-2.738784074783325195e+00
1.278735995292663574e+00,-3.959046840667724609e+00
1.313286304473876953e+00,-3.343609094619750977e+00
1.214837193489074707e+00,-2.969800472259521484e+00
-2.019351005554199219e+00,-4.658646106719970703e+00
2.451102018356323242e+00,-2.408721208572387695e+00
-1.407739400863647461e+00,-2.844184875488281250e+00
-3.859604895114898682e-02,-3.108973026275634766e+00
-2.757345914840698242e+00,-3.277263879776000977e+00
-2.922692537307739258e+00,-2.527198314666748047e+00
-2.589643955230712891e+00,-4.422681808471679688e+00
3.383564233779907227e+00,-1.291057467460632324e+00
-2.665721654891967773e+00,-2.700953245162963867e+00
2.222260236740112305e+00,-1.877954006195068359e+00
4.151131153106689453e+00,-2.135795116424560547e+00
-9.594134986400604248e-02,-3.038099288940429688e+00
1.744615793228149414e+00,-3.314009189605712891e+00
-1.906427294015884399e-01,-3.543873786926269531e+00
9.641274213790893555e-01,-3.055250406265258789e+00
-2.131832599639892578e+00,-4.532694339752197266e+00
1.496608376502990723e+00,-3.541779994964599609e+00
2.806068658828735352e+00,-3.680321455001831055e+00
1.642911553382873535e+00,-2.574078321456909180e+00
-3.139020442962646484e+00,-3.074730873107910156e+00
-1.719885349273681641e+00,-3.118506669998168945e+00
-1.366983056068420410e-01,-3.160625457763671875e+00
-8.670446276664733887e-01,-3.675691366195678711e+00
3.628998756408691406e+00,-3.533380985260009766e+00
-4.571438789367675781e+00,-3.886558294296264648e+00
1.969004392623901367e+00,-3.567367792129516602e+00
2.137481212615966797e+00,-2.194200754165649414e+00
-2.814163446426391602e+00,-2.597266912460327148e+00
-4.827509820461273193e-01,-2.734734773635864258e+00
-2.183648586273193359e+00,-4.391852378845214844e+00
-1.896701216697692871e+00,-2.125039339065551758e+00
-2.829656600952148438e+00,-2.738831520080566406e+00
6.053035259246826172e+00,-1.784146428108215332e+00
-2.405526041984558105e-01,-3.228317022323608398e+00
9.319396018981933594e-01,-2.612416982650756836e+00
4.327119886875152588e-01,-2.928794622421264648e+00
-2.652435600757598877e-01,-3.185976266860961914e+00
6.157144069671630859e+00,1.571021080017089844e+00
5.026792883872985840e-01,-3.030773639678955078e+00
1.511647105216979980e+00,-3.128644943237304688e+00
3.851367235183715820e+00,-3.360157012939453125e+00
2.274302005767822266e+00,-2.052707672119140625e+00
-2.466664791107177734e+00,-2.425986528396606445e+00
1.635579705238342285e+00,-3.130094766616821289e+00
3.397694349288940430e+00,-8.042320013046264648e-01
2.397227525711059570e+00,-2.818311691284179688e+00
-2.260977268218994141e+00,-3.567216157913208008e+00
-2.758617639541625977e+00,-2.841133832931518555e+00
-1.904842555522918701e-01,-2.939527988433837891e+00
-3.547964617609977722e-02,-3.478767633438110352e+00
9.821677207946777344e-01,-3.273727655410766602e+00
-1.735599398612976074e+00,-2.746221303939819336e+00
3.967597484588623047e+00,-7.885122299194335938e-01
-1.350731611251831055e+00,-3.126948118209838867e+00
1.963439226150512695e+00,-2.522271156311035156e+00
2.130810499191284180e+00,-4.031191349029541016e+00
-3.293876945972442627e-01,-2.926463603973388672e+00
1.677654743194580078e+00,-2.364028692245483398e+00
-1.505922079086303711e+00,-3.656857728958129883e+00
3.193864107131958008e+00,-2.422794580459594727e+00
-1.952807664871215820e+00,-3.329230546951293945e+00
3.433463335037231445e+00,-1.919531226158142090e+00
-2.716869592666625977e+00,-3.672508716583251953e+00
5.140946507453918457e-01,-2.052851438522338867e+00
-2.968252182006835938e+00,-2.700598478317260742e+00
-8.333608508110046387e-02,-4.025648117065429688e+00
-9.648596644401550293e-01,-3.223980903625488281e+00
3.071203470230102539e+00,-2.773375988006591797e+00
-1.307491183280944824e+00,-3.038658857345581055e+00
-1.193281650543212891e+00,-6.112672805786132812e+00
-5.371809005737304688e-01,-1.746567964553833008e+00
-1.392233014106750488e+00,-3.555113792419433594e+00
1.872415423393249512e+00,-3.776423692703247070e+00
-2.734787225723266602e+00,-2.288796663284301758e+00
2.549304008483886719e+00,-2.340824604034423828e+00
-4.414731979370117188e+00,-4.293138027191162109e+00
5.615855455398559570e-01,-2.820326566696166992e+00
4.510575294494628906e+00,-9.654841423034667969e-01
-2.741273403167724609e+00,-4.414666175842285156e+00
-1.504955410957336426e+00,-3.226940631866455078e+00
2.642874479293823242e+00,-3.765516281127929688e+00
-6.229701995849609375e+00,-4.376832485198974609e+00
-3.569683790206909180e+00,-2.401920557022094727e+00
2.137481212615966797e+00,-2.194200754165649414e+00
-1.629084944725036621e+00,-2.379260301589965820e+00
-2.101596355438232422e+00,-3.830936193466186523e+00
3.773585319519042969e+00,2.518894195556640625e+00
-3.479446649551391602e+00,-3.623405218124389648e+00
-2.408570528030395508e+00,-4.278595924377441406e+00
-3.119930028915405273e+00,-3.072491884231567383e+00
-3.271903991699218750e+00,-3.363648891448974609e+00
1.735801577568054199e+00,-2.655929327011108398e+00
1.407267570495605469e+00,-3.370869398117065430e+00
-2.155530691146850586e+00,-3.513552904129028320e+00
-6.096882224082946777e-01,-2.939598321914672852e+00
8.543258905410766602e-01,-3.280612945556640625e+00
-3.037119865417480469e+00,-2.985815286636352539e+00
-3.207687377929687500e+00,-3.422663927078247070e+00
2.267525434494018555e+00,-2.403915166854858398e+00
-4.707981586456298828e+00,-4.460385322570800781e+00
2.925064563751220703e+00,-1.928976535797119141e+00
3.901232242584228516e+00,-2.309366226196289062e+00
3.632694244384765625e+00,-1.703196167945861816e+00
-8.826996684074401855e-01,-3.006573200225830078e+00
1.703667163848876953e+00,-3.297414302825927734e+00
-2.067247390747070312e+00,-3.914865255355834961e+00
-2.834581136703491211e+00,-4.427193641662597656e+00
-5.351247191429138184e-01,-3.087309598922729492e+00
1.051331281661987305e+00,-3.445312261581420898e+00
-2.893694639205932617e+00,-2.821331024169921875e+00
2.352742671966552734e+00,-2.546970844268798828e+00
3.147253274917602539e+00,-9.888790845870971680e-01
-3.197503328323364258e+00,-3.504713058471679688e+00
2.649691581726074219e+00,-2.368588447570800781e+00
4.325150966644287109e+00,-2.866952657699584961e+00
2.775920152664184570e+00,-2.214587450027465820e+00
-3.154597043991088867e+00,-3.438083171844482422e+00
3.481313467025756836e+00,-3.570199489593505859e+00
6.897238492965698242e-01,-2.680600404739379883e+00
1.881862640380859375e+00,-2.985658407211303711e+00
-2.131832599639892578e+00,-4.532694339752197266e+00
2.067974090576171875e+00,-1.228101104497909546e-01
-1.752677679061889648e+00,-4.114111423492431641e+00
-2.790987491607666016e+00,-2.363622665405273438e+00
-5.074256658554077148e-01,-3.631122112274169922e+00
-5.687319636344909668e-01,-3.288904905319213867e+00
-2.360641956329345703e+00,-2.123199701309204102e+00
-5.983508110046386719e+00,-3.237976551055908203e+00
1.383929848670959473e-01,-3.513597488403320312e+00
-4.643646717071533203e+00,-5.112881660461425781e+00
-3.022119760513305664e+00,-3.081294536590576172e+00
-2.115755081176757812e+00,-1.958619832992553711e+00
-3.267336606979370117e+00,-3.977998733520507812e+00
6.689872741699218750e-01,-3.827412366867065430e+00
-2.393060624599456787e-01,-3.303531169891357422e+00
2.110514879226684570e+00,-2.345659732818603516e+00
2.110514879226684570e+00,-2.345659732818603516e+00
-5.276820659637451172e+00,-5.054259300231933594e+00
1.349612116813659668e+00,-3.385377883911132812e+00
2.724530458450317383e+00,-2.567708015441894531e+00
-2.298612594604492188e+00,-4.353617191314697266e+00
7.201467156410217285e-01,-3.407927513122558594e+00
3.089826107025146484e-01,-3.494019269943237305e+00
-5.004519224166870117e-01,-2.524702787399291992e+00
-3.264745235443115234e+00,-3.049250364303588867e+00
3.890647649765014648e+00,-1.221660494804382324e+00
-8.898670077323913574e-01,-2.699972152709960938e+00
2.868015527725219727e+00,-2.229846477508544922e+00
-2.645715951919555664e+00,-2.956386327743530273e+00
7.450340390205383301e-01,-3.885498762130737305e+00
-9.062235832214355469e+00,-5.498682498931884766e+00
-2.070563793182373047e+00,-2.918407678604125977e+00
-2.134126663208007812e+00,-1.741603732109069824e+00
-1.555674314498901367e+00,-3.262493133544921875e+00
1.508446097373962402e+00,-2.823444366455078125e+00
6.266387701034545898e-01,-3.132018566131591797e+00
-1.798763275146484375e+00,-4.104136466979980469e+00
1.116312146186828613e+00,-2.687638759613037109e+00
-1.923880338668823242e+00,-4.761722564697265625e+00
3.060286998748779297e+00,-2.060608148574829102e+00
1.785377740859985352e+00,-2.428227186203002930e+00
1.966104269027709961e+00,-3.488569736480712891e+00
1.414278507232666016e+00,-4.306676864624023438e+00
-6.570845246315002441e-01,-3.015136003494262695e+00
-3.409484863281250000e+00,-2.588749885559082031e+00
7.028432846069335938e+00,-1.567091703414916992e+00
1.672047972679138184e+00,-2.338132619857788086e+00
-4.718015193939208984e-01,-3.738657951354980469e+00
-3.351246833801269531e+00,-3.480037450790405273e+00
2.195110797882080078e+00,-9.973795413970947266e-01
-1.929298639297485352e+00,-3.840097427368164062e+00
-1.134333372116088867e+00,-3.779287815093994141e+00
-2.646210432052612305e+00,-3.533118963241577148e+00
1.034963369369506836e+00,-3.296847105026245117e+00
-1.493412613868713379e+00,-3.546040773391723633e+00
-3.844666242599487305e+00,-3.963852882385253906e+00
-9.039958119392395020e-01,-2.854885339736938477e+00
-2.138886451721191406e+00,-3.274321794509887695e+00
-1.977104544639587402e+00,-3.315658092498779297e+00
1.616837739944458008e+00,-2.857155799865722656e+00
-2.787282228469848633e+00,-2.226311206817626953e+00
-2.075464487075805664e+00,-3.198994398117065430e+00
-1.817035913467407227e+00,-2.647446632385253906e+00
-3.017825365066528320e+00,-2.579138278961181641e+00
-2.874404907226562500e+00,-2.830409526824951172e+00
-8.417192101478576660e-01,-4.125818252563476562e+00
-3.217453479766845703e+00,-4.822386264801025391e+00
-1.329566091299057007e-01,-2.685587644577026367e+00
-3.037014722824096680e+00,-2.957710266113281250e+00
-2.826282024383544922e+00,-3.491666316986083984e+00
-5.217214107513427734e+00,-5.195907115936279297e+00
1.210611581802368164e+00,-4.442762374877929688e+00
-2.775371074676513672e+00,-2.890905380249023438e+00
-2.837336778640747070e+00,-2.666613101959228516e+00
-3.022119760513305664e+00,-3.081294536590576172e+00
-1.226489424705505371e+00,-4.496009826660156250e+00
9.616675376892089844e-01,-4.364794731140136719e+00
-3.098763227462768555e+00,-2.955235242843627930e+00
-5.992480754852294922e+00,-3.319082736968994141e+00
-1.681809544563293457e+00,-3.103671073913574219e+00
-3.320340156555175781e+00,-2.857266187667846680e+00
1.863345265388488770e+00,-2.599584817886352539e+00
2.935170233249664307e-01,-3.226795434951782227e+00
-3.428689002990722656e+00,-3.519160985946655273e+00
-2.015989720821380615e-01,-3.377507925033569336e+00
-3.385821819305419922e+00,-2.389070272445678711e+00
6.196762561798095703e+00,-8.702145814895629883e-01
-2.346220970153808594e+00,-4.609887123107910156e+00
-2.279888987541198730e-01,-4.502472877502441406e+00
-3.108685731887817383e+00,-3.001618623733520508e+00
-2.579502165317535400e-01,-3.446075201034545898e+00
1.058562040328979492e+00,-3.396156072616577148e+00
3.517033576965332031e+00,-2.943202972412109375e+00
-2.692207992076873779e-01,-4.680021286010742188e+00
3.555084705352783203e+00,-3.669107198715209961e+00
-2.992091178894042969e+00,-3.095785856246948242e+00
1.041056394577026367e+00,-2.990703344345092773e+00
9.697132110595703125e-01,-3.197411060333251953e+00
5.546875476837158203e+00,-2.775359869003295898e+00
7.677127718925476074e-01,-3.148668527603149414e+00
-2.750104427337646484e+00,-1.871809124946594238e+00
-1.993943929672241211e+00,-3.849413871765136719e+00
1.521531939506530762e-01,-3.931551456451416016e+00
-3.115581750869750977e+00,-2.339530467987060547e+00
-3.472536802291870117e+00,-4.600453376770019531e+00
1.173403382301330566e+00,-3.734118223190307617e+00
1.796311497688293457e+00,-3.304614543914794922e+00
2.569777369499206543e-01,-3.170311212539672852e+00
-8.695315122604370117e-01,-4.062547206878662109e+00
1.680610656738281250e+00,-2.625766992568969727e+00
-5.740691184997558594e+00,-4.698496341705322266e+00
-2.567848682403564453e+00,-2.966505765914916992e+00
2.500594854354858398e+00,-2.562747001647949219e+00
2.189927816390991211e+00,-2.283296823501586914e+00
-2.928172647953033447e-01,-3.659565925598144531e+00
4.051923751831054688e+00,-1.679458975791931152e+00
-3.554159879684448242e+00,-3.164530038833618164e+00
-2.273491859436035156e+00,-4.112290382385253906e+00
1.360712051391601562e+00,-2.927808046340942383e+00
-1.908228993415832520e+00,-2.684509515762329102e+00
3.358063220977783203e+00,-2.697846174240112305e+00
-2.855677127838134766e+00,-4.463943958282470703e+00
1.390499353408813477e+00,-3.777605533599853516e+00
-6.525740027427673340e-01,-2.927377223968505859e+00
1.946877479553222656e+00,-3.465885877609252930e+00
-2.837846994400024414e+00,-3.331801652908325195e+00
-4.707428216934204102e-01,-3.751933336257934570e+00
-2.760154485702514648e+00,-2.812701940536499023e+00
2.134586334228515625e+00,-2.478327274322509766e+00
6.012659072875976562e-01,-3.441928386688232422e+00
-3.011006593704223633e+00,-3.064241409301757812e+00
-2.122709035873413086e+00,-4.831958770751953125e+00
5.437000989913940430e-01,-3.498558282852172852e+00
-3.441737174987792969e+00,-3.447521686553955078e+00
-3.452358484268188477e+00,-3.334165334701538086e+00
4.409796237945556641e+00,-1.683622956275939941e+00
-3.345915794372558594e+00,-3.252303600311279297e+00
2.030093669891357422e+00,-1.558561563491821289e+00
1.364938974380493164e+00,-3.910291433334350586e+00
-2.549087762832641602e+00,-3.981038093566894531e+00
1.069169998168945312e+00,-2.910672903060913086e+00
1.969299077987670898e+00,-1.943980097770690918e+00
8.678876161575317383e-01,-3.311257839202880859e+00
2.351305723190307617e+00,-2.119508028030395508e+00
-1.898637294769287109e+00,-3.258346319198608398e+00
-2.361755967140197754e-01,-5.135554313659667969e+00
2.601330876350402832e-01,-3.644979953765869141e+00
-6.835055947303771973e-01,-3.806565046310424805e+00
-2.581547975540161133e+00,-4.621096134185791016e+00
2.730514049530029297e+00,-1.831337094306945801e+00
-4.915215671062469482e-01,-3.253184795379638672e+00
9.982851743698120117e-01,-2.786850690841674805e+00
-2.493750452995300293e-01,-2.754422664642333984e+00
-1.650526642799377441e+00,-2.510332345962524414e+00
-6.012384891510009766e+00,-4.833102703094482422e+00
-6.031538546085357666e-02,-2.824638605117797852e+00
-3.916942179203033447e-01,-2.277944326400756836e+00
1.528688430786132812e+00,-3.024518489837646484e+00
2.690010786056518555e+00,-1.859435915946960449e+00
-2.931901931762695312e+00,-2.361953258514404297e+00
-2.144562482833862305e+00,-4.052764892578125000e+00
-2.086416244506835938e+00,-4.022633552551269531e+00
4.049069404602050781e+00,1.271441340446472168e+00
-2.424173593521118164e+00,-2.147867918014526367e+00
-8.206534981727600098e-01,-3.664352893829345703e+00
-3.025299549102783203e+00,-2.875156641006469727e+00
-2.967178821563720703e+00,-3.174547433853149414e+00
1.103921160101890564e-01,-4.564508914947509766e+00
-3.124940872192382812e+00,-3.549986124038696289e+00
-2.065872907638549805e+00,-2.377303361892700195e+00
-1.960614025592803955e-01,-3.703231334686279297e+00
-5.516109943389892578e+00,-3.284049510955810547e+00
2.456990718841552734e+00,-2.500871181488037109e+00
-1.782289266586303711e+00,-3.790831327438354492e+00
-2.496936559677124023e+00,-4.449604988098144531e+00
2.261521220207214355e-01,-2.991685867309570312e+00
-1.400516510009765625e+00,-2.437484264373779297e+00
4.076257705688476562e+00,-1.191768050193786621e+00
3.472387790679931641e+00,-1.977673292160034180e+00
-8.118103742599487305e-01,-3.738836288452148438e+00
-2.730822265148162842e-01,-3.740008354187011719e+00
1.819038987159729004e-01,-4.912974834442138672e+00
1.646282911300659180e+00,-3.648393630981445312e+00
5.546875476837158203e+00,-2.775359869003295898e+00
-2.165615797042846680e+00,-3.256982326507568359e+00
-1.776411175727844238e+00,-3.012596130371093750e+00
1.444616317749023438e+00,-2.934692382812500000e+00
3.144936800003051758e+00,-2.031445503234863281e+00
-3.137975454330444336e+00,-2.894552707672119141e+00
-8.123825490474700928e-02,-3.759656906127929688e+00
-2.070893049240112305e+00,-4.183822154998779297e+00
-1.600715994834899902e+00,-3.126950025558471680e+00
1.310799717903137207e+00,-8.087966442108154297e-01
5.932324528694152832e-01,-2.972273588180541992e+00
-8.206534981727600098e-01,-3.664352893829345703e+00
1.113869667053222656e+00,-2.844978570938110352e+00
1.138235449790954590e+00,-2.292967557907104492e+00
1.103750944137573242e+00,-2.125553607940673828e+00
-2.767691373825073242e+00,-2.406886577606201172e+00
1.361358046531677246e+00,-3.150187730789184570e+00
-1.748619675636291504e+00,-3.544387578964233398e+00
-1.364877581596374512e+00,-3.113919019699096680e+00
1.836457252502441406e+00,-2.007914066314697266e+00
-2.800560951232910156e+00,-2.591754913330078125e+00
-6.763891696929931641e+00,-3.888921499252319336e+00
-2.928697824478149414e+00,-2.780309677124023438e+00
-2.589643955230712891e+00,-4.422681808471679688e+00
-1.225313663482666016e+00,-3.696336746215820312e+00
-2.461289644241333008e+00,-2.286756992340087891e+00
-3.398362874984741211e+00,-2.196280002593994141e+00
2.918662071228027344e+00,-2.271413803100585938e+00
2.499978780746459961e+00,-3.519994020462036133e+00
3.576175689697265625e+00,-2.279992818832397461e+00
5.369084835052490234e+00,-2.485264778137207031e+00
2.354939222335815430e+00,-2.330583333969116211e+00
-3.240556716918945312e+00,-4.351341724395751953e+00
-2.409044742584228516e+00,-4.728613853454589844e+00
2.924425601959228516e-01,-3.165798187255859375e+00
-1.480172514915466309e+00,-3.336157560348510742e+00
1.534416556358337402e+00,-2.445901393890380859e+00
-9.058607816696166992e-01,-3.929748773574829102e+00
4.670380651950836182e-01,-3.258750200271606445e+00
-3.370716571807861328e+00,-3.642404317855834961e+00
-1.300799608230590820e+00,-3.388539791107177734e+00
-3.069680690765380859e+00,-2.955304622650146484e+00
1.123858690261840820e+00,-2.446854114532470703e+00
2.093662023544311523e+00,-2.479131460189819336e+00
-3.037119865417480469e+00,-2.985815286636352539e+00
-2.636853456497192383e+00,-3.328132390975952148e+00
-3.863910958170890808e-02,-2.647748231887817383e+00
2.295891523361206055e+00,-2.392045736312866211e+00
-4.188050270080566406e+00,-3.571931600570678711e+00
1.523119330406188965e+00,-2.925132513046264648e+00
-3.554159879684448242e+00,-3.164530038833618164e+00
6.157144069671630859e+00,1.571021080017089844e+00
-3.091389417648315430e+00,-3.281932115554809570e+00
5.153931617736816406e+00,-3.563408374786376953e+00
-7.502167224884033203e-01,-1.819735646247863770e+00
1.317829728126525879e+00,-3.372028589248657227e+00
1.052238464355468750e+00,-2.730686664581298828e+00
-3.292805194854736328e+00,-2.550663232803344727e+00
-1.823401451110839844e+00,-2.896592617034912109e+00
-3.270202636718750000e+00,-2.193415880203247070e+00
4.637818336486816406e+00,-2.826190471649169922e+00
-6.507931947708129883e-01,-3.447341918945312500e+00
3.472096621990203857e-01,-2.634322404861450195e+00
-5.868020653724670410e-01,-4.221440315246582031e+00
-4.380951881408691406e+00,-3.452705860137939453e+00
-2.307760715484619141e+00,-3.792387485504150391e+00
-3.370290756225585938e+00,-6.839464664459228516e+00
-1.779955983161926270e+00,-3.747533559799194336e+00
2.074163913726806641e+00,-6.443799018859863281e+00
-5.021452426910400391e+00,-4.504036903381347656e+00
1.572154760360717773e+00,-2.610499382019042969e+00
1.408394932746887207e+00,-3.180553913116455078e+00
-3.461329460144042969e+00,-3.095293521881103516e+00
4.214400351047515869e-01,-4.209761619567871094e+00
1.633965611457824707e+00,-3.780982732772827148e+00
3.208876132965087891e+00,-2.190135955810546875e+00
1.142815828323364258e+00,-3.401306867599487305e+00
-3.063838958740234375e+00,-2.268955469131469727e+00
-3.606871843338012695e+00,-2.791987895965576172e+00
-6.509638786315917969e+00,-4.331230163574218750e+00
5.071296215057373047e+00,-1.528590083122253418e+00
-3.908522605895996094e+00,-3.256906270980834961e+00
8.892126083374023438e-01,-2.755068063735961914e+00
1.619134783744812012e+00,-2.747802495956420898e+00
2.604356050491333008e+00,-2.860437870025634766e+00
-3.043152093887329102e+00,-2.160513401031494141e+00
-2.997970581054687500e+00,-3.311651706695556641e+00
-5.465442180633544922e+00,-4.520923137664794922e+00
-2.352136611938476562e+00,-3.697408199310302734e+00
-3.252269029617309570e+00,-3.935353279113769531e+00
3.204215168952941895e-01,-3.287493944168090820e+00
-3.337339162826538086e+00,-4.755225181579589844e+00
-2.070893049240112305e+00,-4.183822154998779297e+00
-2.999411344528198242e+00,-2.454423666000366211e+00
-2.715937852859497070e+00,-2.216776847839355469e+00
5.226100683212280273e-01,-3.254310607910156250e+00
-3.505917310714721680e+00,-3.018017530441284180e+00
2.535786628723144531e+00,-2.267825841903686523e+00
-2.452095508575439453e+00,-3.305535793304443359e+00
1.178036451339721680e+00,-3.609899997711181641e+00
-3.424458026885986328e+00,-2.695889711380004883e+00
2.181661128997802734e+00,-2.955583810806274414e+00
-1.404278397560119629e+00,-3.905731916427612305e+00
-1.449032783508300781e+00,-3.060395956039428711e+00
-4.465085983276367188e+00,-4.120042800903320312e+00
-3.352970600128173828e+00,-2.868854045867919922e+00
-3.086200475692749023e+00,-4.606125354766845703e+00
1.248621821403503418e+00,-3.645020961761474609e+00
-7.555566310882568359e+00,-3.957173109054565430e+00
1.526470541954040527e+00,-2.542011737823486328e+00
-5.714901924133300781e+00,-4.601778507232666016e+00
-2.824523687362670898e+00,-2.254007339477539062e+00
1.583345293998718262e+00,-3.098146438598632812e+00
-3.688143730163574219e+00,-3.573575973510742188e+00
1.040946722030639648e+00,-2.584302663803100586e+00
1.863473773002624512e+00,-2.216210365295410156e+00
-2.806574821472167969e+00,-2.168372392654418945e+00
7.863932251930236816e-01,-2.555407762527465820e+00
-1.798475742340087891e+00,-3.589571714401245117e+00
-2.712794065475463867e+00,-2.469418048858642578e+00
3.618600845336914062e+00,-2.323077678680419922e+00
-3.232187986373901367e+00,-3.285393953323364258e+00
-6.038104295730590820e-01,-3.408188104629516602e+00
3.851367235183715820e+00,-3.360157012939453125e+00
-9.868665337562561035e-01,-4.201701164245605469e+00
5.917964577674865723e-01,-3.323090314865112305e+00
5.225265026092529297e-01,-2.859914064407348633e+00
8.489382863044738770e-01,-2.862485885620117188e+00
-3.485348701477050781e+00,-3.577870845794677734e+00
1.540778398513793945e+00,-3.578176021575927734e+00
-5.313622951507568359e+00,-4.490413665771484375e+00
-2.869270324707031250e+00,-5.036322116851806641e+00
4.502143859863281250e+00,-1.053738355636596680e+00
-2.827077388763427734e+00,-3.610889434814453125e+00
-2.595225334167480469e+00,-2.027932405471801758e+00
-4.274604618549346924e-01,-3.440116405487060547e+00
1.372548580169677734e+00,-2.786272764205932617e+00
-9.868665337562561035e-01,-4.201701164245605469e+00
-5.370817184448242188e+00,-3.258456945419311523e+00
-3.449635982513427734e+00,-4.131809234619140625e+00
1.596347212791442871e+00,-3.997841358184814453e+00
3.123651742935180664e+00,-2.215475559234619141e+00
1.885347843170166016e+00,-4.288125514984130859e+00
-4.401052951812744141e+00,-4.665752887725830078e+00
-7.490225315093994141e+00,-4.541716098785400391e+00
-6.419590473175048828e+00,-4.529207706451416016e+00
-1.562058210372924805e+00,-3.290884017944335938e+00
1.257035970687866211e+00,-2.980612516403198242e+00
-2.585397005081176758e+00,-3.715163230895996094e+00
6.924588680267333984e-01,-2.885517358779907227e+00
-2.035832881927490234e+00,-3.697367429733276367e+00
-7.473627328872680664e-01,-2.976185560226440430e+00
4.537651836872100830e-01,-2.488707780838012695e+00
-3.840804815292358398e+00,-3.606305360794067383e+00
-3.134624958038330078e+00,-3.138247966766357422e+00
-8.687419891357421875e-01,-2.468547821044921875e+00
-3.805072307586669922e+00,-3.484066009521484375e+00
-1.090058565139770508e+00,-3.904743909835815430e+00
-3.002029180526733398e+00,-3.197222232818603516e+00
1.957004368305206299e-01,-2.456589937210083008e+00
-5.412600040435791016e+00,-5.799755096435546875e+00
-2.976254701614379883e+00,-3.033527135848999023e+00
-1.735599398612976074e+00,-2.746221303939819336e+00
9.987142086029052734e-01,-2.537287473678588867e+00
1.271091580390930176e+00,-2.812786340713500977e+00
-2.261961102485656738e-01,-3.154656887054443359e+00
-4.199629306793212891e+00,-4.695045948028564453e+00
-3.302501678466796875e+00,-3.455921888351440430e+00
-1.830568552017211914e+00,-3.369810342788696289e+00
-3.886833786964416504e-01,-3.330547094345092773e+00
1.181666374206542969e+00,-3.466403007507324219e+00
-1.731153726577758789e+00,-4.269809246063232422e+00
2.048274755477905273e+00,-2.648320436477661133e+00
-5.021452426910400391e+00,-4.504036903381347656e+00
-2.811626672744750977e+00,-2.629014968872070312e+00
1.093259334564208984e+00,-2.906312227249145508e+00
-2.510326385498046875e+00,-3.253284931182861328e+00
-3.152366399765014648e+00,-3.151430845260620117e+00
-3.685230731964111328e+00,-3.530322551727294922e+00
-5.525753498077392578e+00,-4.945574998855590820e-01
1.194790959358215332e+00,-3.484835863113403320e+00
7.154262661933898926e-01,-2.776400566101074219e+00
-3.156105995178222656e+00,-2.866952896118164062e+00
5.346646308898925781e-01,-2.819684505462646484e+00
2.338048696517944336e+00,-2.894299030303955078e+00
1.796311497688293457e+00,-3.304614543914794922e+00
-3.185845851898193359e+00,-2.965321779251098633e+00
-1.906833410263061523e+00,-3.735352754592895508e+00
-1.906117796897888184e-01,-2.791458129882812500e+00
-1.732136726379394531e+00,-2.860212326049804688e+00
2.221627950668334961e+00,-3.071443080902099609e+00
9.697132110595703125e-01,-3.197411060333251953e+00
9.230781793594360352e-01,-3.536018610000610352e+00
-2.934132575988769531e+00,-3.898811578750610352e+00
-2.806574821472167969e+00,-2.168372392654418945e+00
-1.214171528816223145e+00,-2.812671184539794922e+00
2.489789485931396484e+00,-1.279589653015136719e+00
-5.154213428497314453e+00,-4.453707695007324219e+00
-2.041591882705688477e+00,-4.394711971282958984e+00
1.333754181861877441e+00,-1.425743341445922852e+00
1.893134951591491699e+00,-3.372595310211181641e+00
-4.004525184631347656e+00,-4.271314144134521484e+00
-2.405484437942504883e+00,-1.588115572929382324e+00
-1.839840769767761230e+00,-3.373699665069580078e+00
2.011157274246215820e+00,-2.219750165939331055e+00
3.967597484588623047e+00,-7.885122299194335938e-01
2.061176538467407227e+00,-2.177564382553100586e+00
-2.669908523559570312e+00,-2.962882518768310547e+00
5.026792883872985840e-01,-3.030773639678955078e+00
-1.387214183807373047e+00,-3.537521600723266602e+00
-3.630007982254028320e+00,-2.478384971618652344e+00
5.071296215057373047e+00,-1.528590083122253418e+00
-2.766301870346069336e+00,-5.264568805694580078e+00
1.236483931541442871e+00,-3.494210720062255859e+00
3.329500913619995117e+00,-1.942659497261047363e+00
-1.669665217399597168e+00,-3.302622318267822266e+00
2.703707933425903320e+00,-1.941734910011291504e+00
-5.677280902862548828e+00,-4.369513511657714844e+00
1.749083876609802246e+00,-3.217166185379028320e+00
-7.158918976783752441e-01,-4.464128494262695312e+00
-2.968252182006835938e+00,-2.700598478317260742e+00
-1.870372772216796875e+00,-3.542785644531250000e+00
9.083056449890136719e-01,-3.117604970932006836e+00
-7.167945504188537598e-01,-2.854774713516235352e+00
1.611345887184143066e+00,-1.927587389945983887e+00
4.777241647243499756e-01,-3.446185827255249023e+00
-1.465248107910156250e+00,-3.680801153182983398e+00
-2.185459136962890625e+00,-3.550320148468017578e+00
2.815419435501098633e+00,-2.323457241058349609e+00
-4.261575698852539062e+00,-3.854816913604736328e+00
2.430298089981079102e+00,-2.885173082351684570e+00
-2.848840475082397461e+00,-2.712042331695556641e+00
-1.094068765640258789e+00,-3.529017925262451172e+00
-3.107593536376953125e+00,-2.544429302215576172e+00
-1.602522253990173340e+00,-3.204816102981567383e+00
-2.405484437942504883e+00,-1.588115572929382324e+00
-2.496936559677124023e+00,-4.449604988098144531e+00
-1.381027221679687500e+00,-2.990332365036010742e+00
-4.384332656860351562e+00,-3.324119329452514648e+00
1.236483931541442871e+00,-3.494210720062255859e+00
-8.970688581466674805e-01,-2.341099500656127930e+00
-4.829721450805664062e+00,-6.466220378875732422e+00
-1.713652253150939941e+00,-3.927396535873413086e+00
-2.566482305526733398e+00,-3.303040266036987305e+00
1.035701751708984375e+00,-4.004570484161376953e+00
-3.017825365066528320e+00,-2.579138278961181641e+00
-1.199103236198425293e+00,-3.173759698867797852e+00
8.681259155273437500e-01,-3.440535783767700195e+00
-3.403933048248291016e+00,-3.183702468872070312e+00
-2.237066030502319336e+00,-2.612194538116455078e+00
-2.861379146575927734e+00,-2.949612379074096680e+00
4.798686802387237549e-01,-3.401309728622436523e+00
-3.272333860397338867e+00,-3.232306718826293945e+00
-4.643646717071533203e+00,-5.112881660461425781e+00
2.056769609451293945e+00,-2.851192235946655273e+00
-3.098479270935058594e+00,-3.208835601806640625e+00
-2.645173668861389160e-02,-4.670153141021728516e+00
-1.571145057678222656e+00,-2.242487907409667969e+00
-1.048207521438598633e+00,-4.722501754760742188e+00
-1.578180044889450073e-01,-2.914840221405029297e+00
-2.861859560012817383e+00,-3.798385381698608398e+00
-6.588530063629150391e+00,-4.693944454193115234e+00
-3.172507762908935547e+00,-3.393282651901245117e+00
-2.754736423492431641e+00,-4.034407138824462891e+00
4.278493225574493408e-01,-2.622861623764038086e+00
1.051864504814147949e+00,-2.642590284347534180e+00
-1.408749818801879883e+00,-2.020793437957763672e+00
2.710778951644897461e+00,-3.351690292358398438e+00
-3.427276134490966797e+00,-3.751640796661376953e+00
-2.919584035873413086e+00,-3.518122196197509766e+00
-2.758617639541625977e+00,-2.841133832931518555e+00
9.465882778167724609e-01,-2.137377977371215820e+00
4.174341201782226562e+00,-1.547903418540954590e+00
-4.571438789367675781e+00,-3.886558294296264648e+00
3.177767515182495117e+00,-3.747204542160034180e+00
-7.597315311431884766e-01,-3.446464776992797852e+00
9.424681663513183594e-01,-2.976680517196655273e+00
-2.659681797027587891e+00,-2.089887142181396484e+00
1.528688430786132812e+00,-3.024518489837646484e+00
-1.242789626121520996e+00,-2.677683115005493164e+00
-2.724685907363891602e+00,-4.298777580261230469e+00
1.181897878646850586e+00,-3.192612171173095703e+00
2.937647104263305664e+00,-1.252573370933532715e+00
-2.686246156692504883e+00,-2.850600004196166992e+00
1.958975315093994141e+00,-3.460690021514892578e+00
-1.757109045982360840e+00,-2.930073738098144531e+00
-8.287411332130432129e-01,-2.297673702239990234e+00
-3.045411348342895508e+00,-3.048366785049438477e+00
1.655749559402465820e+00,-2.883189439773559570e+00
3.013680934906005859e+00,-2.092556715011596680e+00
-1.414059102535247803e-01,-2.947875976562500000e+00
1.311251640319824219e+00,-3.114692449569702148e+00
-2.185853004455566406e+00,-3.838022232055664062e+00
-1.513781189918518066e+00,-2.700225114822387695e+00
2.692786216735839844e+00,-1.477172017097473145e+00
1.747869729995727539e+00,-4.428685188293457031e+00
3.672785282135009766e+00,-1.644214034080505371e+00
-3.518125772476196289e+00,-3.833299398422241211e+00
-1.120136976242065430e-01,-2.788035631179809570e+00
-1.381181240081787109e+00,-3.074250698089599609e+00
-2.071937084197998047e+00,-4.062756538391113281e+00
-1.720187306404113770e+00,-1.796231389045715332e+00
2.396414995193481445e+00,-2.256584167480468750e+00
2.074163913726806641e+00,-6.443799018859863281e+00
-2.892632246017456055e+00,-3.688563823699951172e+00
-4.096452713012695312e+00,-4.379083633422851562e+00
1.789341926574707031e+00,-3.523869276046752930e+00
1.124599456787109375e+00,-3.161683320999145508e+00
1.913925170898437500e+00,-2.298238515853881836e+00
-1.561608195304870605e+00,-3.856380939483642578e+00
2.195110797882080078e+00,-9.973795413970947266e-01
-4.432385265827178955e-01,-3.349380254745483398e+00
-2.888610124588012695e+00,-2.071540355682373047e+00
-2.061374902725219727e+00,-3.665638923645019531e+00
-3.854848146438598633e+00,-3.588376522064208984e+00
6.540840268135070801e-01,-3.040349245071411133e+00
1.789302527904510498e-01,-2.994642257690429688e+00
-2.824523687362670898e+00,-2.254007339477539062e+00
-1.440684199333190918e+00,-2.686326742172241211e+00
1.418919563293457031e+00,-2.619972467422485352e+00
-6.569966673851013184e-03,-2.906533241271972656e+00
1.350371360778808594e+00,-3.242294788360595703e+00
1.020916700363159180e+00,-3.771502017974853516e+00
-8.140803873538970947e-02,-3.255598306655883789e+00
-3.290278196334838867e+00,-3.410279989242553711e+00
-2.954874038696289062e+00,-3.145353555679321289e+00
-5.295691013336181641e+00,-6.635543346405029297e+00
2.151417493820190430e+00,-2.099400520324707031e+00
2.267383575439453125e+00,-2.614461660385131836e+00
1.434924602508544922e-01,-1.658057093620300293e+00
-2.833256244659423828e+00,-3.386446952819824219e+00
-1.444445133209228516e+00,-3.093131780624389648e+00
-2.247048854827880859e+00,-3.797185659408569336e+00
-2.964007139205932617e+00,-4.519292354583740234e+00
2.072631597518920898e+00,-2.623110532760620117e+00
1.508446097373962402e+00,-2.823444366455078125e+00
-2.972689390182495117e+00,-3.763270378112792969e+00
4.782378673553466797e+00,-2.119334936141967773e+00
-3.056074857711791992e+00,-3.156571626663208008e+00
3.268826246261596680e+00,-2.795126438140869141e+00
-3.072567224502563477e+00,-2.450769662857055664e+00
1.270170450210571289e+00,-3.111377954483032227e+00
-2.502982139587402344e+00,-4.019531726837158203e+00
5.855802446603775024e-02,-3.078863382339477539e+00
-8.484973907470703125e-01,-1.619214415550231934e+00
-2.985639333724975586e+00,-3.200391054153442383e+00
1.091680288314819336e+00,-2.694451570510864258e+00
-3.184570074081420898e+00,-3.227090597152709961e+00
-2.645173668861389160e-02,-4.670153141021728516e+00
1.471166491508483887e+00,-3.405492067337036133e+00
-2.830226898193359375e+00,-2.876809358596801758e+00
-1.634518384933471680e+00,-3.881939411163330078e+00
-2.507755041122436523e+00,-3.248611450195312500e+00
-3.788933753967285156e-01,-2.852968215942382812e+00
-1.554204463958740234e+00,-3.716717720031738281e+00
-2.634211063385009766e+00,-3.977614641189575195e+00
-1.299122095108032227e+00,-3.381609201431274414e+00
6.230791807174682617e-01,-3.213959455490112305e+00
8.673750162124633789e-01,-3.646283864974975586e+00
-9.618586897850036621e-01,-3.420513391494750977e+00
-2.111564874649047852e+00,-1.783247232437133789e+00
-3.638846397399902344e+00,-3.626667022705078125e+00
-1.462555408477783203e+00,-3.320969820022583008e+00
2.910977900028228760e-01,-3.180500507354736328e+00
1.540432810783386230e+00,-2.811918497085571289e+00
-2.686177968978881836e+00,-2.581588268280029297e+00
4.272552013397216797e+00,-1.553992748260498047e+00
-3.126766443252563477e+00,-2.970237016677856445e+00
3.002569079399108887e-01,-2.995910882949829102e+00
3.162183761596679688e-01,-3.269688129425048828e+00
-2.060744524002075195e+00,-3.664173126220703125e+00
-1.357366323471069336e+00,-2.710431098937988281e+00
1.349612116813659668e+00,-3.385377883911132812e+00
-1.034698009490966797e+00,-2.975404739379882812e+00
-3.521522998809814453e+00,-3.614013195037841797e+00
-3.630007982254028320e+00,-2.478384971618652344e+00
-4.669862389564514160e-01,-2.345708370208740234e+00
-3.071705102920532227e+00,-2.531886339187622070e+00
-5.110863208770751953e+00,-3.766919374465942383e+00
-3.348042249679565430e+00,-5.115426063537597656e+00
-3.055077075958251953e+00,-3.049423456192016602e+00
6.441465616226196289e-01,-2.638736963272094727e+00
2.175849676132202148e+00,-1.526607036590576172e+00
1.197471022605895996e+00,-3.217269897460937500e+00
-3.270202636718750000e+00,-2.193415880203247070e+00
2.815419435501098633e+00,-2.323457241058349609e+00
-2.544085502624511719e+00,-2.212224483489990234e+00
-2.103422880172729492e+00,-2.899625539779663086e+00
2.911729216575622559e-01,-3.108117818832397461e+00
1.966017723083496094e+00,-2.385578155517578125e+00
-3.232187986373901367e+00,-3.285393953323364258e+00
-3.093422412872314453e+00,-2.822587251663208008e+00
-4.746305465698242188e+00,-3.328093528747558594e+00
2.391088724136352539e+00,-3.039702653884887695e+00
-3.231595039367675781e+00,-4.810506820678710938e+00
1.320841193199157715e+00,-3.151584386825561523e+00
-3.370290756225585938e+00,-6.839464664459228516e+00
-3.625398159027099609e+00,-4.234013080596923828e+00
-5.109792232513427734e+00,-2.399031639099121094e+00
-3.026957035064697266e+00,-3.262795686721801758e+00
1.184636592864990234e+00,-3.402753591537475586e+00
1.127905845642089844e+00,-3.292066335678100586e+00
-9.221593141555786133e-01,-3.561087131500244141e+00
-1.921242117881774902e+00,-3.557705402374267578e+00
3.829663395881652832e-01,-3.310631275177001953e+00
1.651119112968444824e+00,-3.283549547195434570e+00
-2.185459136962890625e+00,-3.550320148468017578e+00
-5.582317352294921875e+00,-3.434734106063842773e+00
-2.366358518600463867e+00,-2.547006607055664062e+00
1.523467779159545898e+00,-2.778639554977416992e+00
-3.751752376556396484e+00,-3.688802719116210938e+00
4.044504463672637939e-01,-3.283344507217407227e+00
-4.746305465698242188e+00,-3.328093528747558594e+00
9.230781793594360352e-01,-3.536018610000610352e+00
-2.014239788055419922e+00,-3.218722343444824219e+00
1.499724388122558594e+00,-2.551693677902221680e+00
1.034963369369506836e+00,-3.296847105026245117e+00
3.043535649776458740e-01,-3.374732017517089844e+00
-2.885307550430297852e+00,-6.118731498718261719e+00
-1.908228993415832520e+00,-2.684509515762329102e+00
2.990682363510131836e+00,-2.200833320617675781e+00
1.830288648605346680e+00,-2.595395565032958984e+00
1.285918712615966797e+00,-1.925239443778991699e+00
-6.298073291778564453e+00,-3.278224945068359375e+00
-8.178058266639709473e-01,-3.785360336303710938e+00
-5.263510346412658691e-01,-3.118984222412109375e+00
2.025651454925537109e+00,-2.156023025512695312e+00
-2.816944837570190430e+00,-2.426442861557006836e+00
7.971149682998657227e-01,-2.767350912094116211e+00
-1.483478546142578125e+00,-2.907880306243896484e+00
-2.065076589584350586e+00,-3.775820255279541016e+00
-2.542739808559417725e-01,-3.220775604248046875e+00
8.021914362907409668e-01,-2.165203332901000977e+00
1.326835036277770996e+00,-2.846237659454345703e+00
-3.511480331420898438e+00,-5.969705104827880859e+00
-3.092150688171386719e+00,-2.697726726531982422e+00
-2.493750452995300293e-01,-2.754422664642333984e+00
3.529072105884552002e-01,-3.431063413619995117e+00
-2.247048854827880859e+00,-3.797185659408569336e+00
-7.157306075096130371e-01,-3.726056575775146484e+00
-2.736028909683227539e+00,-2.899996042251586914e+00
2.613198041915893555e+00,-2.570390224456787109e+00
-6.070777177810668945e-01,-2.651710510253906250e+00
-3.865567922592163086e+00,-5.676802635192871094e+00
-1.669960141181945801e+00,-3.807491302490234375e+00
9.588360786437988281e-01,-3.556224346160888672e+00
-3.852003574371337891e+00,-3.868273496627807617e+00
1.046476364135742188e+00,-3.992887496948242188e+00
1.962302625179290771e-01,-3.849286079406738281e+00
1.606026768684387207e+00,-3.151307821273803711e+00
-3.667113304138183594e+00,-3.851886272430419922e+00
-6.079527735710144043e-01,-3.146169662475585938e+00
1.011859297752380371e+00,-3.889653682708740234e+00
2.783350646495819092e-01,-3.186438083648681641e+00
4.278493225574493408e-01,-2.622861623764038086e+00
-4.041347503662109375e+00,-5.254313945770263672e+00
1.035313129425048828e+00,-3.471227645874023438e+00
-6.739447116851806641e-01,-3.883272647857666016e+00
-9.953978061676025391e-01,-3.110484123229980469e+00
-2.485465049743652344e+00,-3.270488023757934570e+00
-2.897446155548095703e+00,-2.706267595291137695e+00
-7.314243912696838379e-01,-4.152852058410644531e+00
1.360712051391601562e+00,-2.927808046340942383e+00
9.841101169586181641e-01,-2.902008533477783203e+00
6.624721884727478027e-01,-2.974867820739746094e+00
1.949274778366088867e+00,9.300949573516845703e-01
-2.899234533309936523e+00,-3.761680841445922852e+00
7.451081275939941406e-01,-2.493914365768432617e+00
-3.377542018890380859e+00,-3.692711830139160156e+00
3.386885881423950195e+00,-2.887188196182250977e+00
-2.141965031623840332e-01,-3.246603727340698242e+00
-2.607991218566894531e+00,-2.055752277374267578e+00
-4.911579489707946777e-01,-3.426996946334838867e+00
4.502143859863281250e+00,-1.053738355636596680e+00
6.469765305519104004e-01,-3.283818244934082031e+00
-7.158918976783752441e-01,-4.464128494262695312e+00
-2.718923330307006836e+00,-2.330371618270874023e+00
6.677438020706176758e-01,-3.485882043838500977e+00
-2.691856622695922852e+00,-2.841990947723388672e+00
-2.881822109222412109e+00,-3.239106416702270508e+00
-1.876340746879577637e+00,-3.051803588867187500e+00
-1.323247790336608887e+00,-4.542477130889892578e+00
2.286755561828613281e+00,-2.079384326934814453e+00
-7.956851124763488770e-01,-3.044921398162841797e+00
2.413888275623321533e-01,-3.183299779891967773e+00
-2.377169370651245117e+00,-3.077422857284545898e+00
3.358063220977783203e+00,-2.697846174240112305e+00
4.943415224552154541e-01,-3.726805210113525391e+00
-3.144640684127807617e+00,-3.359473228454589844e+00
-3.471239328384399414e+00,-3.351919174194335938e+00
-5.599255084991455078e+00,-5.596144676208496094e+00
1.210611581802368164e+00,-4.442762374877929688e+00
-2.352597713470458984e+00,-3.604725122451782227e+00
-2.267163991928100586e+00,-3.677716732025146484e+00
-1.645182371139526367e+00,-3.772229433059692383e+00
1.040946722030639648e+00,-2.584302663803100586e+00
-1.983385384082794189e-01,-3.735785484313964844e+00
2.042462110519409180e+00,-2.555918455123901367e+00
-3.664121031761169434e-01,-3.470165491104125977e+00
1.272521018981933594e+00,-2.690679073333740234e+00
6.587396144866943359e+00,-1.505731940269470215e+00
-3.801818609237670898e+00,-3.956735610961914062e+00
1.378003597259521484e+00,-3.131273508071899414e+00
5.437000989913940430e-01,-3.498558282852172852e+00
-3.597748994827270508e+00,-3.646939516067504883e+00
1.819540143013000488e+00,-2.544452905654907227e+00
-3.251622438430786133e+00,-3.096982955932617188e+00
-1.983385384082794189e-01,-3.735785484313964844e+00
-3.282576560974121094e+00,-3.049673795700073242e+00
1.520133495330810547e+00,-3.821875095367431641e+00
-2.461289644241333008e+00,-2.286756992340087891e+00
2.850101709365844727e+00,-3.314178466796875000e+00
-7.878912448883056641e+00,-4.176850318908691406e+00
-3.916942179203033447e-01,-2.277944326400756836e+00
2.569777011871337891e+00,-2.408198833465576172e+00
-3.596695899963378906e+00,-3.671860218048095703e+00
-3.424458026885986328e+00,-2.695889711380004883e+00
1.302943348884582520e+00,-3.465153455734252930e+00
-1.351639270782470703e+00,-3.285593986511230469e+00
1.883609652519226074e+00,-2.545504808425903320e+00
2.273457288742065430e+00,-2.149151802062988281e+00
9.465882778167724609e-01,-2.137377977371215820e+00
7.488728761672973633e-01,-4.963045120239257812e+00
-4.096452713012695312e+00,-4.379083633422851562e+00
5.673168897628784180e-01,-2.711277961730957031e+00
3.114314556121826172e+00,-7.501824378967285156e+00
-5.057888627052307129e-01,-3.352380037307739258e+00
-1.684076040983200073e-01,-2.982349395751953125e+00
1.873607516288757324e+00,-3.052097320556640625e+00
-2.870505094528198242e+00,-2.852792263031005859e+00
1.905596017837524414e+00,-7.956148386001586914e-01
-2.405471086502075195e+00,-4.822675228118896484e+00
-8.105178177356719971e-02,-3.411389589309692383e+00
-4.796006679534912109e+00,-2.460659742355346680e+00
2.134586334228515625e+00,-2.478327274322509766e+00
-8.453720808029174805e-01,-3.473810195922851562e+00
2.423548221588134766e+00,-2.392488479614257812e+00
3.034445762634277344e+00,-2.596911907196044922e+00
-1.217268109321594238e+00,-3.865059137344360352e+00
-5.562897324562072754e-01,-3.093266963958740234e+00
2.775920152664184570e+00,-2.214587450027465820e+00
-2.715937852859497070e+00,-2.216776847839355469e+00
-4.128073692321777344e+00,-4.912485122680664062e+00
2.352742671966552734e+00,-2.546970844268798828e+00
4.862094402313232422e+00,-2.966860771179199219e+00
4.216803550720214844e+00,-2.156890869140625000e+00
-8.328450918197631836e-01,-4.978775024414062500e+00
-2.138871192932128906e+00,-2.999899864196777344e+00
-3.121663093566894531e+00,-3.021950244903564453e+00
1.672535538673400879e-01,-3.623364686965942383e+00
1.962570190429687500e+00,-3.018077135086059570e+00
-3.090107679367065430e+00,-2.229244470596313477e+00
-2.070563793182373047e+00,-2.918407678604125977e+00
6.341559410095214844e+00,-2.131688833236694336e+00
5.765862464904785156e+00,-2.511362075805664062e+00
3.260188341140747070e+00,-1.659705758094787598e+00
-2.998303174972534180e+00,-3.638295650482177734e+00
2.811986446380615234e+00,-2.752741098403930664e+00
-1.702701926231384277e+00,-3.402967691421508789e+00
-2.963927268981933594e+00,-3.032659530639648438e+00
3.844280004501342773e+00,-2.433857917785644531e+00
-2.910410881042480469e+00,-3.054764509201049805e+00
-5.468943119049072266e-01,-3.352768421173095703e+00
6.998432159423828125e+00,4.478219151496887207e-02
-2.471473455429077148e+00,-5.108117580413818359e+00
-2.440528154373168945e+00,-3.655231475830078125e+00
7.208398580551147461e-01,-3.101305723190307617e+00
-2.148320674896240234e+00,-3.487633943557739258e+00
3.754099130630493164e+00,-4.176691055297851562e+00
-2.652435600757598877e-01,-3.185976266860961914e+00
-1.931892395019531250e+00,-4.353545188903808594e+00
-2.798077583312988281e+00,-2.484598875045776367e+00
-2.863013505935668945e+00,-2.536751747131347656e+00
-2.236903667449951172e+00,-4.515902042388916016e+00
1.120922327041625977e+00,-3.324781656265258789e+00
-2.490767478942871094e+00,-1.819923162460327148e+00
1.129393458366394043e+00,-3.336562871932983398e+00
-3.655911684036254883e+00,-3.808374166488647461e+00
2.351305723190307617e+00,-2.119508028030395508e+00
3.805748701095581055e+00,-2.231476068496704102e+00
1.435775876045227051e+00,-3.087048292160034180e+00
1.785377740859985352e+00,-2.428227186203002930e+00
-2.930149555206298828e+00,-4.618660449981689453e+00
2.396414995193481445e+00,-2.256584167480468750e+00
1.097634315490722656e+00,-3.286137342453002930e+00
2.206446409225463867e+00,-2.105180978775024414e+00
1.572154760360717773e+00,-2.610499382019042969e+00
-2.252168893814086914e+00,-2.409430503845214844e+00
1.698017954826354980e+00,-4.006173133850097656e+00
-2.963292837142944336e+00,-2.960039615631103516e+00
-3.174388408660888672e+00,-2.588086128234863281e+00
-2.694346666336059570e+00,-2.380937099456787109e+00
-1.363890290260314941e+00,-3.300798892974853516e+00
-7.991414666175842285e-01,-2.975131034851074219e+00
5.788521289825439453e+00,-1.633963465690612793e+00
-3.370716571807861328e+00,-3.642404317855834961e+00
3.386885881423950195e+00,-2.887188196182250977e+00
1.830288648605346680e+00,-2.595395565032958984e+00
1.620655059814453125e+00,-2.598906517028808594e+00
3.829663395881652832e-01,-3.310631275177001953e+00
4.132183074951171875e+00,-2.033262491226196289e+00
1.482458114624023438e+00,-3.061283111572265625e+00
-2.692207992076873779e-01,-4.680021286010742188e+00
-2.897446155548095703e+00,-2.706267595291137695e+00
4.628417015075683594e+00,-8.166600465774536133e-01
-1.913684129714965820e+00,-1.469551086425781250e+00
-3.150276541709899902e-01,-2.842020988464355469e+00
1.867023348808288574e+00,-2.364541769027709961e+00
-2.041591882705688477e+00,-4.394711971282958984e+00
-2.185853004455566406e+00,-3.838022232055664062e+00
-7.576242685317993164e-01,-3.717307329177856445e+00
2.613198041915893555e+00,-2.570390224456787109e+00
-3.332953929901123047e+00,-3.540106058120727539e+00
-3.481674909591674805e+00,-2.757545948028564453e+00
1.663684010505676270e+00,-2.692308187484741211e+00
6.878722667694091797e+00,-3.428190946578979492e+00
-3.580588579177856445e+00,-3.922996997833251953e+00
-5.808604717254638672e+00,-5.921766281127929688e+00
-2.589480876922607422e+00,-1.732217550277709961e+00
-9.685381054878234863e-01,-3.269462347030639648e+00
-2.886910915374755859e+00,-3.197943687438964844e+00
-7.304177880287170410e-01,-3.154277563095092773e+00
-3.019323825836181641e+00,-2.827491283416748047e+00
6.196762561798095703e+00,-8.702145814895629883e-01
-8.675996661186218262e-01,-4.318641185760498047e+00
1.175930857658386230e+00,-4.254806041717529297e+00
-3.154597043991088867e+00,-3.438083171844482422e+00
-2.101596355438232422e+00,-3.830936193466186523e+00
-1.988046407699584961e+00,-4.363085746765136719e+00
-3.058474302291870117e+00,-3.184200048446655273e+00
-7.571063995361328125e+00,-3.313953161239624023e+00
1.588301420211791992e+00,-2.645247697830200195e+00
1.102372646331787109e+00,-2.682352304458618164e+00
1.256127119064331055e+00,-3.469307184219360352e+00
-2.352502822875976562e+00,-3.615649461746215820e+00
-3.042253255844116211e+00,-3.159315586090087891e+00
-1.855424493551254272e-01,-3.201636075973510742e+00
-4.432385265827178955e-01,-3.349380254745483398e+00
-2.959897994995117188e+00,-2.904382228851318359e+00
1.533953428268432617e+00,-2.876624345779418945e+00
1.656127691268920898e+00,-3.105331182479858398e+00
6.624721884727478027e-01,-2.974867820739746094e+00
-3.407242536544799805e+00,-4.810254573822021484e+00
2.072631597518920898e+00,-2.623110532760620117e+00
-3.668484389781951904e-01,-3.117764472961425781e+00
-1.091981410980224609e+00,-3.889099836349487305e+00
8.170269131660461426e-01,-3.640420675277709961e+00
-6.405714750289916992e-01,-3.471970558166503906e+00
-2.663204193115234375e+00,-2.796496391296386719e+00
-4.115354061126708984e+00,-2.769480228424072266e+00
-2.345848798751831055e+00,-3.645167350769042969e+00
-1.472295045852661133e+00,-4.195878505706787109e+00
-6.279222369194030762e-01,-3.872147560119628906e+00
-3.050184011459350586e+00,-3.192359924316406250e+00
-3.246183633804321289e+00,-3.343895196914672852e+00
6.036959290504455566e-01,-2.859886884689331055e+00
-2.641406536102294922e+00,-3.941253900527954102e+00
-8.162218332290649414e-01,-3.663277864456176758e+00
1.435775876045227051e+00,-3.087048292160034180e+00
-3.209922552108764648e+00,-3.518836021423339844e+00
-3.320197582244873047e+00,-3.320032358169555664e+00
-3.863862991333007812e+00,-3.434865474700927734e+00
-3.376959800720214844e+00,-3.988605737686157227e+00
1.570171713829040527e+00,-2.765263319015502930e+00
1.355318903923034668e+00,-2.715096950531005859e+00
1.962302625179290771e-01,-3.849286079406738281e+00
-5.412600040435791016e+00,-5.799755096435546875e+00
4.009153366088867188e+00,-1.930215358734130859e+00
-6.567602753639221191e-01,-3.977664947509765625e+00
-3.170416355133056641e+00,-3.054594516754150391e+00
-2.421953201293945312e+00,-2.375725984573364258e+00
-2.728416025638580322e-01,-3.082801818847656250e+00
-1.384348630905151367e+00,-3.089232444763183594e+00
1.957437038421630859e+00,-2.585154294967651367e+00
-2.307646751403808594e+00,-1.141864895820617676e+00
-1.994408071041107178e-01,-2.829934358596801758e+00
-3.388269662857055664e+00,-2.708073377609252930e+00
2.153044462203979492e+00,-2.465188741683959961e+00
1.096944808959960938e+00,-3.036023855209350586e+00
1.482458114624023438e+00,-3.061283111572265625e+00
-1.225313663482666016e+00,-3.696336746215820312e+00
-2.771250963211059570e+00,-2.556903600692749023e+00
-1.621055364608764648e+00,-3.602728843688964844e+00
-2.310450315475463867e+00,-5.456009387969970703e+00
1.239166855812072754e+00,-3.244287490844726562e+00
-1.548422217369079590e+00,-3.194390058517456055e+00
-1.695269465446472168e+00,-3.264923572540283203e+00
-1.702701926231384277e+00,-3.402967691421508789e+00
-1.817035913467407227e+00,-2.647446632385253906e+00
-4.707428216934204102e-01,-3.751933336257934570e+00
-2.950125455856323242e+00,-3.158811807632446289e+00
-3.580588579177856445e+00,-3.922996997833251953e+00
-2.861859560012817383e+00,-3.798385381698608398e+00
-2.549087762832641602e+00,-3.981038093566894531e+00
-3.008293390274047852e+00,-2.915493249893188477e+00
2.454185187816619873e-01,-3.151262998580932617e+00
-5.488850116729736328e+00,-3.892797470092773438e+00
5.793685317039489746e-01,-2.938563346862792969e+00
-2.208158254623413086e+00,-2.861386299133300781e+00
1.226003289222717285e+00,-2.923423051834106445e+00
-2.949383974075317383e+00,-2.912100553512573242e+00
-5.704560875892639160e-01,-2.876359462738037109e+00
1.349874377250671387e+00,-1.086565494537353516e+00
-2.048254966735839844e+00,-3.683826923370361328e+00
-5.753355473279953003e-02,-3.315541028976440430e+00
2.325777053833007812e+00,-3.631640195846557617e+00
-4.199629306793212891e+00,-4.695045948028564453e+00
2.988369166851043701e-01,-3.716145277023315430e+00
1.855688393115997314e-01,-2.903331041336059570e+00
-3.002618312835693359e+00,-3.446873188018798828e+00
9.396488666534423828e-01,-2.768437623977661133e+00
1.206494450569152832e+00,-2.460664987564086914e+00
-2.283755242824554443e-01,-3.757150650024414062e+00
-2.981545448303222656e+00,-3.096454381942749023e+00
-2.671116113662719727e+00,-2.606272459030151367e+00
3.193864107131958008e+00,-2.422794580459594727e+00
1.271022081375122070e+00,-3.948140621185302734e+00
-2.691788911819458008e+00,-3.232932567596435547e+00
1.224685192108154297e+00,-3.961308717727661133e+00
-3.854848146438598633e+00,-3.588376522064208984e+00
4.703166007995605469e+00,-2.641125917434692383e+00
-3.093526601791381836e+00,-3.515112638473510742e+00
2.042462110519409180e+00,-2.555918455123901367e+00
-3.337339162826538086e+00,-4.755225181579589844e+00
-5.983508110046386719e+00,-3.237976551055908203e+00
-9.039958119392395020e-01,-2.854885339736938477e+00
-1.839840769767761230e+00,-3.373699665069580078e+00
1.049801349639892578e+00,-3.400720834732055664e+00
-3.093810081481933594e+00,-2.554363965988159180e+00
-2.424173593521118164e+00,-2.147867918014526367e+00
-7.381964325904846191e-01,-2.945123434066772461e+00
-4.013071537017822266e+00,-7.103479385375976562e+00
5.334684848785400391e-01,-3.789395332336425781e+00
-2.017977476119995117e+00,-3.447519302368164062e+00
1.302171826362609863e+00,-3.629365444183349609e+00
-2.507229804992675781e+00,-4.362948417663574219e+00
-1.470679759979248047e+00,-4.467856407165527344e+00
-3.029867887496948242e+00,-4.411838531494140625e+00
1.663282036781311035e+00,-2.409417867660522461e+00
3.150886595249176025e-01,-3.302738189697265625e+00
-6.259696483612060547e-01,-4.079596519470214844e+00
-1.126224756240844727e+00,-2.926033258438110352e+00
-3.547964617609977722e-02,-3.478767633438110352e+00
1.747262120246887207e+00,-2.221046924591064453e+00
-5.091543793678283691e-01,-4.228780746459960938e+00
1.364981234073638916e-01,-3.579344511032104492e+00
-7.029781341552734375e-01,-3.145724773406982422e+00
-2.436353921890258789e+00,-2.543017387390136719e+00
6.973178386688232422e-01,-2.599861860275268555e+00
-3.245034933090209961e+00,-3.524009943008422852e+00
1.640042901039123535e+00,-3.613824605941772461e+00
1.779288411140441895e+00,-2.133848905563354492e+00
-2.196685552597045898e+00,-4.255706310272216797e+00
2.666068673133850098e-01,-3.499362707138061523e+00
1.885732531547546387e+00,-2.605266809463500977e+00
-3.509045839309692383e+00,-3.442051410675048828e+00
8.831652402877807617e-01,-3.011553049087524414e+00
-1.248695850372314453e+00,-1.854281306266784668e+00
-2.485465049743652344e+00,-3.270488023757934570e+00
1.079956769943237305e+00,-4.030566215515136719e+00
-2.590921640396118164e+00,-2.590437173843383789e+00
1.550512313842773438e+00,-3.431495428085327148e+00
1.768603205680847168e+00,-2.087252855300903320e+00
2.295891523361206055e+00,-2.392045736312866211e+00
-2.787282228469848633e+00,-2.226311206817626953e+00
-5.110863208770751953e+00,-3.766919374465942383e+00
2.347902536392211914e+00,-2.756437540054321289e+00
-1.930182695388793945e+00,-3.619095802307128906e+00
3.522920906543731689e-01,-3.280636548995971680e+00
2.812444210052490234e+00,-3.832126855850219727e+00
1.488744020462036133e+00,-3.002684354782104492e+00
-3.449635982513427734e+00,-4.131809234619140625e+00
-7.191066265106201172e+00,-3.294315338134765625e+00
3.777821540832519531e+00,-2.551733493804931641e+00
-2.804567098617553711e+00,-3.875980138778686523e+00
-2.024006605148315430e+00,-2.727127313613891602e+00
3.213316679000854492e+00,-1.827723503112792969e+00
3.869113683700561523e+00,-2.309485912322998047e+00
-1.007794499397277832e+00,-2.644709348678588867e+00
-3.744650781154632568e-01,-3.833306312561035156e+00
1.529375314712524414e+00,-3.563058853149414062e+00
-4.920636117458343506e-01,-3.969495773315429688e+00
-5.089076995849609375e+00,-2.518709421157836914e+00
-3.144640684127807617e+00,-3.359473228454589844e+00
1.020916700363159180e+00,-3.771502017974853516e+00
-1.918609499931335449e+00,-3.239450693130493164e+00
4.547500610351562500e+00,-1.352247238159179688e+00
-8.457727432250976562e-01,-3.193711280822753906e+00
1.883609652519226074e+00,-2.545504808425903320e+00
-1.617898643016815186e-01,-3.930792093276977539e+00
2.152909517288208008e+00,-2.339503526687622070e+00
-2.466851711273193359e+00,-3.064895868301391602e+00
-2.382211923599243164e+00,-3.950952768325805664e+00
4.307095706462860107e-01,-3.313088655471801758e+00
-4.735296666622161865e-01,-2.078973531723022461e+00
3.794496774673461914e+00,6.135088205337524414e-02
1.497457861900329590e+00,-3.751347541809082031e+00
-3.272333860397338867e+00,-3.232306718826293945e+00
1.423883914947509766e+00,-4.144818782806396484e+00
-4.059016227722167969e+00,-5.353615283966064453e+00
-2.653152704238891602e+00,-2.414742469787597656e+00
-3.107593536376953125e+00,-2.544429302215576172e+00
-1.660409569740295410e-02,-2.702422857284545898e+00
-5.455880641937255859e+00,-3.860231161117553711e+00
-8.505946993827819824e-01,-4.469515323638916016e+00
-5.401288509368896484e+00,-3.719035387039184570e+00
4.471647441387176514e-01,-2.741833209991455078e+00
-3.133622884750366211e+00,-2.213060379028320312e+00
1.913925170898437500e+00,-2.298238515853881836e+00
2.714223861694335938e-01,-3.288163661956787109e+00
9.051417112350463867e-01,-2.862135410308837891e+00
-2.039132118225097656e+00,-3.336352348327636719e+00
-3.285587549209594727e+00,-3.799113512039184570e+00
1.822619795799255371e+00,-3.257865428924560547e+00
8.678876161575317383e-01,-3.311257839202880859e+00
6.587396144866943359e+00,-1.505731940269470215e+00
-4.964859485626220703e-01,-3.558079481124877930e+00
9.466559886932373047e-01,-3.163083076477050781e+00
-1.617898643016815186e-01,-3.930792093276977539e+00
2.048274755477905273e+00,-2.648320436477661133e+00
9.051417112350463867e-01,-2.862135410308837891e+00
1.457705974578857422e+00,-3.024235725402832031e+00
-5.909476757049560547e+00,-5.132500171661376953e+00
1.144552946090698242e+00,-2.992750167846679688e+00
-1.898637294769287109e+00,-3.258346319198608398e+00
2.453966856002807617e+00,-2.677494049072265625e+00
-2.893694639205932617e+00,-2.821331024169921875e+00
1.877714037895202637e+00,-2.503476858139038086e+00
-3.137656927108764648e+00,-2.492940187454223633e+00
3.728076934814453125e+00,-2.298282861709594727e+00
-3.184863805770874023e+00,-2.784564018249511719e+00
-3.625552654266357422e-01,-3.536463260650634766e+00
-3.682493448257446289e+00,-3.615899324417114258e+00
1.520848035812377930e+00,-3.496770381927490234e+00
2.925064563751220703e+00,-1.928976535797119141e+00
-3.203654050827026367e+00,-2.965353488922119141e+00
4.386681020259857178e-01,-3.092277050018310547e+00
-2.066707134246826172e+00,-3.219802141189575195e+00
1.035313129425048828e+00,-3.471227645874023438e+00
-2.710180759429931641e+00,-3.580647230148315430e+00
-5.249065160751342773e-01,-2.094010591506958008e+00
-3.621521472930908203e+00,-3.846779346466064453e+00
1.306099772453308105e+00,-2.455727100372314453e+00
-3.186964988708496094e+00,-3.048440456390380859e+00
-3.181556224822998047e+00,-2.798075914382934570e+00
-3.409484863281250000e+00,-2.588749885559082031e+00
-3.638846397399902344e+00,-3.626667022705078125e+00
-5.808604717254638672e+00,-5.921766281127929688e+00
1.589404463768005371e+00,-3.979228496551513672e+00
2.592942714691162109e+00,-2.341901540756225586e+00
-2.361755967140197754e-01,-5.135554313659667969e+00
3.298799991607666016e-01,-2.718879222869873047e+00
6.469765305519104004e-01,-3.283818244934082031e+00
2.867532014846801758e+00,-2.762664318084716797e+00
7.910441756248474121e-01,-2.909028530120849609e+00
-5.483051538467407227e-01,-2.673699140548706055e+00
-7.167945504188537598e-01,-2.854774713516235352e+00
-2.770760297775268555e+00,-5.138609886169433594e+00
3.088770151138305664e+00,-3.340919733047485352e+00
3.773585319519042969e+00,2.518894195556640625e+00
8.293841481208801270e-01,-3.935253620147705078e+00
1.051864504814147949e+00,-2.642590284347534180e+00
6.495617866516113281e+00,-2.725867271423339844e+00
5.995748043060302734e-01,-3.336981296539306641e+00
2.651435375213623047e+00,-2.343428134918212891e+00
-1.754377961158752441e+00,-3.832212686538696289e+00
2.045967102050781250e+00,-3.105309009552001953e+00
1.271091580390930176e+00,-2.812786340713500977e+00
5.733448505401611328e+00,8.857511281967163086e-01
7.210609912872314453e-01,-2.701553821563720703e+00
1.609188795089721680e+00,-2.500751495361328125e+00
2.530161142349243164e+00,-3.406933784484863281e+00
-1.520844548940658569e-01,-3.048223257064819336e+00
-1.103402018547058105e+00,-3.978731632232666016e+00
2.527090311050415039e+00,-2.886889696121215820e+00
-3.533712625503540039e+00,-3.704852104187011719e+00
-4.640072345733642578e+00,-4.217357158660888672e+00
2.801636219024658203e+00,-2.631415843963623047e+00
-6.936342716217041016e+00,-3.682085514068603516e+00
-3.769906520843505859e+00,-3.643247365951538086e+00
-2.946926832199096680e+00,-3.196292877197265625e+00
-2.834513187408447266e+00,-5.818302154541015625e+00
-3.041454315185546875e+00,-3.319196701049804688e+00
1.941619634628295898e+00,-3.904119014739990234e+00
-2.312844038009643555e+00,-1.890707373619079590e+00
-2.082541942596435547e+00,-2.413538694381713867e+00
-4.249179363250732422e+00,-3.781555414199829102e+00
2.963062763214111328e+00,-2.027070045471191406e+00
-2.165615797042846680e+00,-3.256982326507568359e+00
4.009153366088867188e+00,-1.930215358734130859e+00
1.875246882438659668e+00,-4.437994003295898438e+00
3.819172382354736328e-01,-1.606965422630310059e+00
-6.038104295730590820e-01,-3.408188104629516602e+00
-8.517913222312927246e-01,-3.310210704803466797e+00
2.538587093353271484e+00,-1.228755116462707520e+00
-1.064214944839477539e+00,-2.755080699920654297e+00
9.395380020141601562e-01,-3.047849416732788086e+00
4.016416966915130615e-01,-3.275993347167968750e+00
-3.182855844497680664e+00,-3.467392921447753906e+00
-6.525740027427673340e-01,-2.927377223968505859e+00
-7.996518015861511230e-01,-3.453560113906860352e+00
3.706481456756591797e-01,-3.207883119583129883e+00
9.553556442260742188e-01,-1.607306361198425293e+00
3.822618007659912109e+00,-2.350539207458496094e+00
-2.760154485702514648e+00,-2.812701940536499023e+00
-6.567602753639221191e-01,-3.977664947509765625e+00
-2.084116935729980469e+00,-4.279188632965087891e+00
-4.016406834125518799e-01,-4.784690856933593750e+00
-2.888504028320312500e+00,-3.018117427825927734e+00
1.776051044464111328e+00,-2.782910108566284180e+00
1.003320693969726562e+00,-3.778067111968994141e+00
-2.998510122299194336e+00,-3.599786520004272461e+00
-3.058474302291870117e+00,-3.184200048446655273e+00
-5.060399532318115234e+00,-3.117759943008422852e+00
-1.246929526329040527e+00,-2.578535556793212891e+00
3.029535293579101562e+00,-1.734490275382995605e+00
2.415373802185058594e+00,-2.340182542800903320e+00
2.372326135635375977e+00,-2.489993572235107422e+00
1.214863896369934082e+00,-2.331953048706054688e+00
-3.368293285369873047e+00,-2.099497795104980469e+00
-2.283755242824554443e-01,-3.757150650024414062e+00
-2.181821346282958984e+00,-2.842707633972167969e+00
-1.852389454841613770e+00,-3.293314695358276367e+00
-1.383177936077117920e-01,-2.254157304763793945e+00
-1.624490261077880859e+00,-5.680681705474853516e+00
-2.260977268218994141e+00,-3.567216157913208008e+00
9.522401094436645508e-01,-3.939540147781372070e+00
-7.555566310882568359e+00,-3.957173109054565430e+00
-2.991939783096313477e+00,-3.056284427642822266e+00
-3.135643243789672852e+00,-3.398364067077636719e+00
-3.463006496429443359e+00,-3.064584732055664062e+00
-5.111233711242675781e+00,-4.593833923339843750e+00
-3.037705898284912109e+00,-2.850232362747192383e+00
9.379769563674926758e-01,-2.799117803573608398e+00
-6.796736240386962891e+00,-3.191013097763061523e+00
-2.738217115402221680e+00,-4.553828716278076172e+00
5.917964577674865723e-01,-3.323090314865112305e+00
1.540432810783386230e+00,-2.811918497085571289e+00
-2.581547975540161133e+00,-4.621096134185791016e+00
-7.991414666175842285e-01,-2.975131034851074219e+00
-1.923880338668823242e+00,-4.761722564697265625e+00
-3.120455980300903320e+00,-2.945992946624755859e+00
6.897238492965698242e-01,-2.680600404739379883e+00
2.920719385147094727e+00,-1.145469903945922852e+00
-2.019351005554199219e+00,-4.658646106719970703e+00
2.107712745666503906e+00,-2.884624958038330078e+00
-1.472295045852661133e+00,-4.195878505706787109e+00
-1.935086965560913086e+00,-3.558832645416259766e+00
3.574587345123291016e+00,-1.363225221633911133e+00
1.538235068321228027e+00,-2.257780790328979492e+00
-1.980715036392211914e+00,-3.062992811203002930e+00
2.850101709365844727e+00,-3.314178466796875000e+00
-4.311356067657470703e+00,-4.622970581054687500e+00
-2.741273403167724609e+00,-4.414666175842285156e+00
1.248621821403503418e+00,-3.645020961761474609e+00
5.369084835052490234e+00,-2.485264778137207031e+00
-2.964990615844726562e+00,-1.145852923393249512e+00
-3.315508365631103516e+00,-4.089272499084472656e+00
-1.126224756240844727e+00,-2.926033258438110352e+00
1.239491820335388184e+00,-3.257374525070190430e+00
-3.047897577285766602e+00,-3.305810689926147461e+00
-3.517983481287956238e-02,-3.470908880233764648e+00
-2.079524517059326172e+00,-2.104526996612548828e+00
2.724530458450317383e+00,-2.567708015441894531e+00
-2.503416061401367188e+00,-2.936390638351440430e+00
8.566365838050842285e-01,-2.925759553909301758e+00
6.178328990936279297e+00,-2.267236709594726562e+00
-2.065059661865234375e+00,-4.383077144622802734e+00
3.952600955963134766e+00,-2.579798221588134766e+00
-1.579545378684997559e+00,-3.496653556823730469e+00
-2.691856622695922852e+00,-2.841990947723388672e+00
-6.394583582878112793e-01,-2.427540779113769531e+00
2.909762382507324219e+00,-2.032393693923950195e+00
-2.712794065475463867e+00,-2.469418048858642578e+00
-7.364720344543457031e+00,-4.145990371704101562e+00
-5.714370608329772949e-01,-3.633366823196411133e+00
2.918662071228027344e+00,-2.271413803100585938e+00
1.138850331306457520e+00,-2.930608987808227539e+00
-2.030205965042114258e+00,-3.357270717620849609e+00
-2.420120716094970703e+00,-4.816371917724609375e+00
-2.754736423492431641e+00,-4.034407138824462891e+00
1.663684010505676270e+00,-2.692308187484741211e+00
-2.393060624599456787e-01,-3.303531169891357422e+00
-3.047588825225830078e+00,-3.085820913314819336e+00
-2.834546804428100586e+00,-2.474326372146606445e+00
-2.668456554412841797e+00,-4.559006214141845703e+00
-2.949383974075317383e+00,-2.912100553512573242e+00
-1.049915999174118042e-01,-3.260853052139282227e+00
8.461000919342041016e-01,-3.550205230712890625e+00
1.064232587814331055e+00,-2.734509468078613281e+00
-1.401609182357788086e+00,-3.328677892684936523e+00
1.444616317749023438e+00,-2.934692382812500000e+00
-1.404278397560119629e+00,-3.905731916427612305e+00
-9.618586897850036621e-01,-3.420513391494750977e+00
4.489660561084747314e-01,-3.085133314132690430e+00
-2.831109285354614258e+00,-3.493981122970581055e+00
-7.124900341033935547e+00,-5.111796379089355469e+00
4.052357971668243408e-01,-3.383123159408569336e+00
-7.956851124763488770e-01,-3.044921398162841797e+00
-2.691788911819458008e+00,-3.232932567596435547e+00
-3.370295047760009766e+00,-3.522102832794189453e+00
1.267743229866027832e+00,-3.293481588363647461e+00
-1.007794499397277832e+00,-2.644709348678588867e+00
9.874264001846313477e-01,-2.396836280822753906e+00
4.778917789459228516e+00,-1.682223916053771973e+00
-1.090058565139770508e+00,-3.904743909835815430e+00
1.971556901931762695e+00,-2.107690572738647461e+00
-1.687406420707702637e+00,-3.195507049560546875e+00
-4.343538284301757812e-01,-4.078464031219482422e+00
8.021914362907409668e-01,-2.165203332901000977e+00
1.116312146186828613e+00,-2.687638759613037109e+00
-1.192904263734817505e-01,-3.152463674545288086e+00
-2.671116113662719727e+00,-2.606272459030151367e+00
1.385288476943969727e+00,-3.315800189971923828e+00
-1.686887621879577637e+00,-3.250616073608398438e+00
-1.731153726577758789e+00,-4.269809246063232422e+00
-2.600657463073730469e+00,-2.539591312408447266e+00
-3.181556224822998047e+00,-2.798075914382934570e+00
-8.178058266639709473e-01,-3.785360336303710938e+00
-3.272088050842285156e+00,-2.876296520233154297e+00
-1.840281605720520020e+00,-3.485635042190551758e+00
-3.220433235168457031e+00,-3.562115430831909180e+00
-3.142384052276611328e+00,-3.418671607971191406e+00
-3.327060222625732422e+00,-3.066041231155395508e+00
-3.759830474853515625e+00,-4.244853496551513672e+00
5.431019306182861328e+00,-2.002597808837890625e+00
-1.217268109321594238e+00,-3.865059137344360352e+00
9.728267192840576172e-01,-3.047455787658691406e+00
-6.796736240386962891e+00,-3.191013097763061523e+00
-3.194703340530395508e+00,-2.956679821014404297e+00
1.498071908950805664e+00,-4.415981292724609375e+00
-2.819164514541625977e+00,-1.828344225883483887e+00
-2.985944271087646484e+00,-2.979845523834228516e+00
4.161508083343505859e+00,-1.533651471138000488e+00
-5.055915713310241699e-01,-3.382040023803710938e+00
1.103921160101890564e-01,-4.564508914947509766e+00
1.962570190429687500e+00,-3.018077135086059570e+00
-4.920636117458343506e-01,-3.969495773315429688e+00
2.316014468669891357e-01,-3.690740108489990234e+00
5.686503648757934570e-01,-3.181171655654907227e+00
-3.102914571762084961e+00,-5.809805393218994141e+00
2.383266925811767578e+00,-2.702944040298461914e+00
-3.124018430709838867e+00,-3.347385644912719727e+00
9.331161975860595703e-01,-3.389846086502075195e+00
-4.635014057159423828e+00,-4.396288871765136719e+00
-3.676548004150390625e-01,-3.615941286087036133e+00
1.053002119064331055e+00,-3.451705455780029297e+00
1.276739358901977539e+00,-3.260979890823364258e+00
1.397492170333862305e+00,-3.238818883895874023e+00
1.372548580169677734e+00,-2.786272764205932617e+00
-2.738672494888305664e+00,-3.080724000930786133e+00
1.932352542877197266e+00,-1.807503342628479004e+00
-2.669908523559570312e+00,-2.962882518768310547e+00
-1.812424182891845703e+00,-3.097499132156372070e+00
4.809600353240966797e+00,-3.056330680847167969e+00
5.041483879089355469e+00,-2.229326009750366211e+00
2.909762382507324219e+00,-2.032393693923950195e+00
3.480456113815307617e+00,-2.686862707138061523e+00
7.028432846069335938e+00,-1.567091703414916992e+00
-1.795988917350769043e+00,-3.925110101699829102e+00
-2.632170200347900391e+00,-3.443231582641601562e+00
-3.713194608688354492e+00,-3.548703908920288086e+00
3.451220273971557617e+00,-1.639439821243286133e+00
-3.091389417648315430e+00,-3.281932115554809570e+00
-6.527506828308105469e+00,-5.220233440399169922e+00
-2.214938402175903320e+00,-1.968286991119384766e+00
2.977474689483642578e+00,-2.226528167724609375e+00
3.926957130432128906e+00,-2.518016099929809570e+00
-1.064214944839477539e+00,-2.755080699920654297e+00
-3.290278196334838867e+00,-3.410279989242553711e+00
1.633965611457824707e+00,-3.780982732772827148e+00
-3.207687377929687500e+00,-3.422663927078247070e+00
-2.073838233947753906e+00,-1.351510286331176758e+00
9.104108810424804688e-01,-3.249119281768798828e+00
-1.429200172424316406e+00,-2.214461565017700195e+00
6.382795423269271851e-02,-1.587970256805419922e+00
3.581470489501953125e+00,-1.961479783058166504e+00
-7.764493465423583984e+00,-3.487563371658325195e+00
1.733675599098205566e+00,-3.504000425338745117e+00
-3.019323825836181641e+00,-2.827491283416748047e+00
-3.388269662857055664e+00,-2.708073377609252930e+00
2.370017051696777344e+00,-2.195135831832885742e+00
1.268929004669189453e+00,-3.630019903182983398e+00
2.222260236740112305e+00,-1.877954006195068359e+00
-3.625398159027099609e+00,-4.234013080596923828e+00
-1.914120435714721680e+00,-3.332769393920898438e+00
8.709664344787597656e-01,-3.169969797134399414e+00
1.011859297752380371e+00,-3.889653682708740234e+00
4.261211454868316650e-01,-3.318216323852539062e+00
-3.037014722824096680e+00,-2.957710266113281250e+00
1.256127119064331055e+00,-3.469307184219360352e+00
-6.437351703643798828e+00,-4.554642677307128906e+00
-4.320150852203369141e+00,-4.841003417968750000e+00
-2.431920766830444336e+00,-2.992446422576904297e+00
-3.069680690765380859e+00,-2.955304622650146484e+00
1.810433268547058105e+00,-3.535282850265502930e+00
-2.496393203735351562e+00,-3.773249387741088867e+00
1.794205307960510254e+00,-2.348590135574340820e+00
-2.932286739349365234e+00,-6.171475648880004883e-01
1.640042901039123535e+00,-3.613824605941772461e+00
3.135179519653320312e+00,-1.686232686042785645e+00
-4.249179363250732422e+00,-3.781555414199829102e+00
7.283737659454345703e-01,-2.597225904464721680e+00
5.673168897628784180e-01,-2.711277961730957031e+00
-2.473876476287841797e+00,-2.161442518234252930e+00
1.603104114532470703e+00,-2.700337171554565430e+00
1.524443984031677246e+00,-3.221345424652099609e+00
-5.246886014938354492e-01,-3.252599954605102539e+00
9.987142086029052734e-01,-2.537287473678588867e+00
1.324753880500793457e+00,-3.403019666671752930e+00
4.037066936492919922e+00,-2.220756053924560547e+00
-3.080538034439086914e+00,-2.599959611892700195e+00
2.538887023925781250e+00,-3.596181392669677734e+00
-6.400601387023925781e+00,-4.104711055755615234e+00
1.124599456787109375e+00,-3.161683320999145508e+00
-2.932286739349365234e+00,-6.171475648880004883e-01
-2.985944271087646484e+00,-2.979845523834228516e+00
9.260046482086181641e-01,-3.779231548309326172e+00
-3.467533826828002930e+00,-3.109968662261962891e+00
-3.580314397811889648e+00,-1.930961608886718750e+00
-5.345403194427490234e+00,-3.404775857925415039e+00
-2.035832881927490234e+00,-3.697367429733276367e+00
-3.665537118911743164e+00,-3.544130563735961914e+00
-3.270329236984252930e+00,-3.016633510589599609e+00
-3.272474527359008789e+00,-3.280442476272583008e+00
-1.561608195304870605e+00,-3.856380939483642578e+00
2.867532014846801758e+00,-2.762664318084716797e+00
-3.682493448257446289e+00,-3.615899324417114258e+00
-3.641426563262939453e+00,-3.938563823699951172e+00
-4.174721240997314453e+00,-3.144175529479980469e+00
9.821677207946777344e-01,-3.273727655410766602e+00
2.218019485473632812e+00,-2.554980754852294922e+00
2.726750612258911133e+00,-1.088443040847778320e+00
-3.597543001174926758e+00,-3.561951160430908203e+00
4.464113414287567139e-01,-3.180690288543701172e+00
-1.484434753656387329e-01,-3.186359643936157227e+00
8.825234174728393555e-01,-2.785355091094970703e+00
8.709664344787597656e-01,-3.169969797134399414e+00
-3.868891477584838867e+00,-3.926828861236572266e+00
7.969540357589721680e-01,-3.159198760986328125e+00
-3.302951812744140625e+00,-2.627401828765869141e+00
-2.155530691146850586e+00,-3.513552904129028320e+00
-2.236903667449951172e+00,-4.515902042388916016e+00
4.161508083343505859e+00,-1.533651471138000488e+00
3.302519619464874268e-01,-3.006306171417236328e+00
-1.242505073547363281e+00,-1.740163207054138184e+00
-1.817648768424987793e+00,-4.103626251220703125e+00
-1.400516510009765625e+00,-2.437484264373779297e+00
1.799018979072570801e+00,-2.332253932952880859e+00
3.232449531555175781e+00,-2.167941331863403320e+00
-2.657323360443115234e+00,-2.717451572418212891e+00
2.695190191268920898e+00,-4.842374026775360107e-01
-2.657323360443115234e+00,-2.717451572418212891e+00
-2.856216192245483398e+00,-3.281731367111206055e+00
-2.473108768463134766e+00,-3.085000276565551758e+00
-2.645715951919555664e+00,-2.956386327743530273e+00
1.551460862159729004e+00,-2.832814216613769531e+00
-1.191995263099670410e+00,-3.058652162551879883e+00
8.175605535507202148e-01,-2.875889062881469727e+00
3.674751520156860352e+00,-3.248579502105712891e-01
-2.614304721355438232e-01,-3.350817441940307617e+00
1.192321300506591797e+00,-3.362825393676757812e+00
-1.830568552017211914e+00,-3.369810342788696289e+00
-1.840281605720520020e+00,-3.485635042190551758e+00
-4.796006679534912109e+00,-2.460659742355346680e+00
-6.405714750289916992e-01,-3.471970558166503906e+00
1.323789954185485840e+00,-2.571896553039550781e+00
-2.444128990173339844e+00,-4.202708721160888672e+00
-9.276431202888488770e-01,-2.914767026901245117e+00
-2.759139060974121094e+00,-2.774168252944946289e+00
3.065008819103240967e-01,-2.869333744049072266e+00
-2.991939783096313477e+00,-3.056284427642822266e+00
1.969299077987670898e+00,-1.943980097770690918e+00
2.175849676132202148e+00,-1.526607036590576172e+00
2.159356594085693359e+00,-2.466852664947509766e+00
1.524686217308044434e+00,-2.924679994583129883e+00
-3.149728775024414062e+00,-3.332411289215087891e+00
-1.714919060468673706e-01,-3.564109802246093750e+00
1.595595479011535645e+00,-3.670706748962402344e+00
1.863396525382995605e+00,-2.621905088424682617e+00
-3.090107679367065430e+00,-2.229244470596313477e+00
-2.882681369781494141e+00,-3.434320926666259766e+00
-3.401132106781005859e+00,-3.904421329498291016e+00
1.932352542877197266e+00,-1.807503342628479004e+00
3.088770151138305664e+00,-3.340919733047485352e+00
-1.681597590446472168e+00,-3.586895465850830078e+00
-3.370890617370605469e-01,-3.325460672378540039e+00
-6.483381271362304688e+00,-4.248213291168212891e+00
3.901232242584228516e+00,-2.309366226196289062e+00
1.415202021598815918e+00,-3.011079072952270508e+00
1.724282860755920410e+00,-3.839149236679077148e+00
-4.201814234256744385e-01,-3.178033113479614258e+00
-1.242789626121520996e+00,-2.677683115005493164e+00
-1.993943929672241211e+00,-3.849413871765136719e+00
-6.456373691558837891e+00,-4.370251178741455078e+00
1.498071908950805664e+00,-4.415981292724609375e+00
1.624294161796569824e+00,-2.692373991012573242e+00
3.627166509628295898e+00,-1.605869889259338379e+00
-6.527453660964965820e-01,-2.237107276916503906e+00
-3.398362874984741211e+00,-2.196280002593994141e+00
-3.653846740722656250e+00,-4.993584156036376953e+00
-3.413490533828735352e+00,-2.358579635620117188e+00
1.344585776329040527e+00,-2.878027677536010742e+00
1.946877479553222656e+00,-3.465885877609252930e+00
5.171327114105224609e+00,-2.983931541442871094e+00
-2.017977476119995117e+00,-3.447519302368164062e+00
-1.495662450790405273e+00,-4.186625480651855469e+00
1.963439226150512695e+00,-2.522271156311035156e+00
2.559985399246215820e+00,-3.126451730728149414e+00
5.604725480079650879e-01,-2.805325508117675781e+00
-8.141779303550720215e-01,-3.542041301727294922e+00
-3.231595039367675781e+00,-4.810506820678710938e+00
-5.525753498077392578e+00,-4.945574998855590820e-01
-2.659115552902221680e+00,-2.716535806655883789e+00
-3.374003648757934570e+00,-3.430456876754760742e+00
1.221284627914428711e+00,-3.566255807876586914e+00
-3.931473255157470703e+00,-2.871743440628051758e+00
-3.368293285369873047e+00,-2.099497795104980469e+00
-1.539824724197387695e+00,-3.099794626235961914e+00
-1.681597590446472168e+00,-3.586895465850830078e+00
5.690377712249755859e+00,-3.562477111816406250e+00
-3.101827383041381836e+00,-2.565714836120605469e+00
1.282767295837402344e+00,-3.910508632659912109e+00
1.682220458984375000e+00,-3.620892524719238281e+00
-3.029032468795776367e+00,-3.610694646835327148e+00
2.632857322692871094e+00,-3.693792581558227539e+00
-5.246886014938354492e-01,-3.252599954605102539e+00
-1.369481921195983887e+00,-2.520463466644287109e+00
-2.716869592666625977e+00,-3.672508716583251953e+00
-3.291389226913452148e+00,-4.830803394317626953e+00
7.863932251930236816e-01,-2.555407762527465820e+00
1.008380532264709473e+00,-3.545415639877319336e+00
9.882922172546386719e-01,-3.187416791915893555e+00
4.471647441387176514e-01,-2.741833209991455078e+00
1.251944422721862793e+00,-2.716758012771606445e+00
-3.433125495910644531e+00,-3.791274785995483398e+00
-3.070005416870117188e+00,-3.177470445632934570e+00
-2.803640604019165039e+00,-3.630531549453735352e+00
3.844280004501342773e+00,-2.433857917785644531e+00
1.855688393115997314e-01,-2.903331041336059570e+00
-2.852878093719482422e+00,-2.814057826995849609e+00
-1.049915999174118042e-01,-3.260853052139282227e+00
-3.002029180526733398e+00,-3.197222232818603516e+00
-1.554234266281127930e+00,-3.395806550979614258e+00
1.294583678245544434e+00,-3.368142604827880859e+00
1.175930857658386230e+00,-4.254806041717529297e+00
1.253602862358093262e+00,-2.223430633544921875e+00
7.825950384140014648e-01,-2.988026857376098633e+00
-2.595225334167480469e+00,-2.027932405471801758e+00
2.692786216735839844e+00,-1.477172017097473145e+00
1.176683902740478516e+00,-3.933580398559570312e+00
9.186115115880966187e-02,-1.664642333984375000e+00
1.949274778366088867e+00,9.300949573516845703e-01
8.298854827880859375e-01,-2.869040966033935547e+00
-3.610788106918334961e+00,-4.379859924316406250e+00
-6.483381271362304688e+00,-4.248213291168212891e+00
6.754187345504760742e-01,-3.073168754577636719e+00
-2.827077388763427734e+00,-3.610889434814453125e+00
-2.834513187408447266e+00,-5.818302154541015625e+00
-4.786983489990234375e+00,-4.524294376373291016e+00
-4.173826694488525391e+00,-3.828553199768066406e+00
-1.963394045829772949e+00,-4.860101222991943359e+00
1.859204173088073730e+00,-2.392694473266601562e+00
-6.910992860794067383e-01,-3.028749465942382812e+00
2.806068658828735352e+00,-3.680321455001831055e+00
-2.637645006179809570e+00,-4.951449871063232422e+00
-1.817648768424987793e+00,-4.103626251220703125e+00
-1.083299756050109863e+00,-2.922988891601562500e+00
4.083428084850311279e-01,-3.314675092697143555e+00
-1.769114017486572266e+00,-4.171511173248291016e+00
2.577516794204711914e+00,-3.359420299530029297e+00
-6.763390302658081055e-01,-3.386826992034912109e+00
1.013223409652709961e+00,-2.891276121139526367e+00
8.376823663711547852e-01,-2.700581550598144531e+00
1.483201622962951660e+00,-3.003178119659423828e+00
-8.141779303550720215e-01,-3.542041301727294922e+00
-2.473108768463134766e+00,-3.085000276565551758e+00
1.651119112968444824e+00,-3.283549547195434570e+00
-1.713652253150939941e+00,-3.927396535873413086e+00
-2.823229074478149414e+00,-3.161085605621337891e+00
-3.093526601791381836e+00,-3.515112638473510742e+00
2.984260559082031250e+00,-2.436817884445190430e+00
-5.757269263267517090e-01,-3.279891252517700195e+00
3.190908908843994141e+00,-2.181133747100830078e+00
3.060286998748779297e+00,-2.060608148574829102e+00
1.296677112579345703e+00,-2.903639316558837891e+00
-5.481372833251953125e+00,-3.677165269851684570e+00
1.789302527904510498e-01,-2.994642257690429688e+00
-2.495433807373046875e+00,-2.073313236236572266e+00
2.155967235565185547e+00,-2.233989238739013672e+00
-1.757456362247467041e-01,-4.520344734191894531e+00
1.354917764663696289e+00,-3.424304962158203125e+00
2.726728916168212891e+00,-2.019407987594604492e+00
2.842626333236694336e+00,-2.000704288482666016e+00
-3.285587549209594727e+00,-3.799113512039184570e+00
-3.571627378463745117e+00,-3.503993749618530273e+00
1.264661908149719238e+00,-2.983397722244262695e+00
-3.216125011444091797e+00,-3.100766897201538086e+00
-6.846673488616943359e+00,-4.751626968383789062e+00
-3.152366399765014648e+00,-3.151430845260620117e+00
-2.956418991088867188e+00,-4.526112079620361328e+00
-3.276515960693359375e+00,-3.564944505691528320e+00
-3.822485446929931641e+00,-3.552424192428588867e+00
-2.739307165145874023e+00,-4.381651878356933594e+00
-5.344442844390869141e+00,-5.062053203582763672e+00
1.680610656738281250e+00,-2.625766992568969727e+00
-2.928371667861938477e+00,-2.804340839385986328e+00
4.703166007995605469e+00,-2.641125917434692383e+00
-1.554234266281127930e+00,-3.395806550979614258e+00
-1.309722661972045898e-01,-3.194952726364135742e+00
1.138235449790954590e+00,-2.292967557907104492e+00
1.655749559402465820e+00,-2.883189439773559570e+00
-5.091543793678283691e-01,-4.228780746459960938e+00
9.279800653457641602e-01,-2.581373691558837891e+00
-7.881861329078674316e-01,-3.096721410751342773e+00
-2.689686775207519531e+00,-3.199095249176025391e+00
3.952600955963134766e+00,-2.579798221588134766e+00
-1.695269465446472168e+00,-3.264923572540283203e+00
3.313728868961334229e-01,-3.887093782424926758e+00
1.691627860069274902e+00,-2.145669460296630859e+00
-4.035097122192382812e+00,-4.207273006439208984e+00
4.537651836872100830e-01,-2.488707780838012695e+00
1.235362291336059570e+00,-2.004877090454101562e+00
2.649691581726074219e+00,-2.368588447570800781e+00
-2.788144350051879883e+00,-3.511837959289550781e+00
-1.537673473358154297e+00,-3.068980932235717773e+00
-1.237259626388549805e+00,-2.749330282211303711e+00
-1.307491183280944824e+00,-3.038658857345581055e+00
-4.343538284301757812e-01,-4.078464031219482422e+00
-2.811055898666381836e+00,-3.616305351257324219e+00
2.569777369499206543e-01,-3.170311212539672852e+00
1.885347843170166016e+00,-4.288125514984130859e+00
-8.826996684074401855e-01,-3.006573200225830078e+00
1.258016586303710938e+00,-3.632595062255859375e+00
1.888546943664550781e+00,-3.733995914459228516e+00
3.575878858566284180e+00,-2.347734928131103516e+00
-4.010241031646728516e+00,-2.377692699432373047e+00
2.642874479293823242e+00,-3.765516281127929688e+00
1.484233736991882324e+00,-2.972442150115966797e+00
-5.477287173271179199e-01,-3.694942712783813477e+00
1.364938974380493164e+00,-3.910291433334350586e+00
-3.542373180389404297e+00,-5.361329078674316406e+00
-1.661886274814605713e-01,-3.828793764114379883e+00
-1.502182930707931519e-01,-3.896690845489501953e+00
-7.304177880287170410e-01,-3.154277563095092773e+00
-2.420120716094970703e+00,-4.816371917724609375e+00
-2.030644893646240234e+00,-4.370588302612304688e+00
3.333756208419799805e+00,-1.869809031486511230e+00
3.926957130432128906e+00,-2.518016099929809570e+00
-5.187154769897460938e+00,-2.922154664993286133e+00
-3.596695899963378906e+00,-3.671860218048095703e+00
-7.431283593177795410e-01,-3.023719549179077148e+00
1.053002119064331055e+00,-3.451705455780029297e+00
1.317858994007110596e-01,-3.338387966156005859e+00
-2.734787225723266602e+00,-2.288796663284301758e+00
-2.973709344863891602e+00,-3.614008188247680664e+00
-2.086714506149291992e-01,-4.712654113769531250e+00
3.071203470230102539e+00,-2.773375988006591797e+00
1.358580827713012695e+00,-2.847930669784545898e+00
1.552743077278137207e+00,-2.593915224075317383e+00
3.593742549419403076e-01,-3.505774974822998047e+00
4.325150966644287109e+00,-2.866952657699584961e+00
-1.372686326503753662e-01,-3.625838994979858398e+00
7.186287045478820801e-01,-3.038424015045166016e+00
-1.447957754135131836e+00,-2.523697853088378906e+00
-3.478278875350952148e+00,-2.527113437652587891e+00
-2.837846994400024414e+00,-3.331801652908325195e+00
-3.066342592239379883e+00,-2.752653837203979492e+00
8.698975443840026855e-01,-4.100699424743652344e+00
-1.792706251144409180e+00,-3.870912313461303711e+00
3.144936800003051758e+00,-2.031445503234863281e+00
-3.427384614944458008e+00,-4.536584377288818359e+00
-2.431216955184936523e+00,-2.426055908203125000e+00
-2.964898109436035156e+00,-3.356343507766723633e+00
-5.695686340332031250e+00,-3.008190155029296875e+00
-4.059016227722167969e+00,-5.353615283966064453e+00
-2.255294322967529297e+00,-4.796242237091064453e+00
3.146856069564819336e+00,-2.244041442871093750e+00
-2.047873497009277344e+00,-3.398816347122192383e+00
-2.231692075729370117e+00,-3.339008092880249023e+00
-3.140840530395507812e+00,-2.575515508651733398e+00
2.030764818191528320e+00,-2.689563989639282227e+00
1.079956769943237305e+00,-4.030566215515136719e+00
-2.814163446426391602e+00,-2.597266912460327148e+00
-2.138886451721191406e+00,-3.274321794509887695e+00
1.606026768684387207e+00,-3.151307821273803711e+00
-3.199702501296997070e+00,-2.870270013809204102e+00
-4.611154556274414062e+00,-4.607378482818603516e+00
1.266192674636840820e+00,-3.298266649246215820e+00
-1.306981325149536133e+00,-3.657588481903076172e+00
-4.467401504516601562e+00,-4.960973262786865234e+00
7.462732791900634766e-01,-3.675375461578369141e+00
-6.734667420387268066e-01,-2.656844615936279297e+00
-2.640893220901489258e+00,-2.355143547058105469e+00
-3.761736392974853516e+00,-3.128496885299682617e+00
-7.597315311431884766e-01,-3.446464776992797852e+00
1.451944947242736816e+00,-2.432695865631103516e+00
-2.532993078231811523e+00,-3.663266181945800781e+00
1.535637259483337402e+00,-4.020514488220214844e+00
-2.954874038696289062e+00,-3.145353555679321289e+00
-2.987990617752075195e+00,-3.010837078094482422e+00
-6.229701995849609375e+00,-4.376832485198974609e+00
9.424681663513183594e-01,-2.976680517196655273e+00
5.727826356887817383e-01,-2.863535881042480469e+00
1.113869667053222656e+00,-2.844978570938110352e+00
-2.786021232604980469e+00,-2.984731674194335938e+00
-2.686019659042358398e+00,-1.998926758766174316e+00
-4.663954734802246094e+00,-4.460282802581787109e+00
7.210609912872314453e-01,-2.701553821563720703e+00
-2.410300254821777344e+00,-3.226085186004638672e+00
3.087823390960693359e-01,-3.176385641098022461e+00
-1.449032783508300781e+00,-3.060395956039428711e+00
-2.496393203735351562e+00,-3.773249387741088867e+00
-9.752849340438842773e-01,-3.291998863220214844e+00
-5.476130962371826172e+00,-5.800947666168212891e+00
7.969540357589721680e-01,-3.159198760986328125e+00
1.488919615745544434e+00,-2.469791412353515625e+00
3.208876132965087891e+00,-2.190135955810546875e+00
-5.273877978324890137e-01,-2.217483520507812500e+00
1.340260267257690430e+00,-2.704144716262817383e+00
2.629597187042236328e-01,-2.680285453796386719e+00
-1.380568742752075195e-01,-2.632866144180297852e+00
1.666651248931884766e+00,-2.499825716018676758e+00
-1.203810214996337891e+00,-2.687761306762695312e+00
-1.578180044889450073e-01,-2.914840221405029297e+00
2.569777011871337891e+00,-2.408198833465576172e+00
9.047837257385253906e-01,-2.455384254455566406e+00
7.283737659454345703e-01,-2.597225904464721680e+00
2.497932910919189453e+00,-1.071758270263671875e+00
-1.982161700725555420e-01,-3.587539196014404297e+00
1.157746672630310059e+00,-2.467308998107910156e+00
-2.590921640396118164e+00,-2.590437173843383789e+00
-3.088801145553588867e+00,-3.147064447402954102e+00
5.802394151687622070e-01,-3.302404880523681641e+00
-6.241113662719726562e+00,-5.460235595703125000e+00
1.595595479011535645e+00,-3.670706748962402344e+00
-2.833256244659423828e+00,-3.386446952819824219e+00
-3.346017301082611084e-01,-2.926587104797363281e+00
-3.099669694900512695e+00,-3.705633640289306641e+00
-5.370817184448242188e+00,-3.258456945419311523e+00
-7.134896516799926758e-01,-3.560254812240600586e+00
-3.158475160598754883e+00,-2.939368724822998047e+00
-3.901269912719726562e+00,-4.768947601318359375e+00
-3.342221260070800781e+00,-3.339695692062377930e+00
-6.227813243865966797e+00,-3.864882946014404297e+00
-1.436063289642333984e+00,-3.025197505950927734e+00
3.361902475357055664e+00,-1.363446950912475586e+00
1.682220458984375000e+00,-3.620892524719238281e+00
-3.774063825607299805e+00,-3.567430257797241211e+00
-1.358093023300170898e+00,-2.732301712036132812e+00
1.000138401985168457e+00,-3.386595964431762695e+00
1.221284627914428711e+00,-3.566255807876586914e+00
1.365577936172485352e+00,-3.901948690414428711e+00
-5.351247191429138184e-01,-3.087309598922729492e+00
2.486557245254516602e+00,-2.393535137176513672e+00
3.420002937316894531e+00,-1.901025176048278809e+00
-3.400629043579101562e+00,-3.498722314834594727e+00
-2.307760715484619141e+00,-3.792387485504150391e+00
-3.124504685401916504e-01,-3.271953582763671875e+00
2.056769609451293945e+00,-2.851192235946655273e+00
-1.470400929450988770e+00,-3.117159605026245117e+00
1.013223409652709961e+00,-2.891276121139526367e+00
3.190573692321777344e+00,-1.802380323410034180e+00
-2.632170200347900391e+00,-3.443231582641601562e+00
-2.141965031623840332e-01,-3.246603727340698242e+00
-4.692416191101074219e+00,-2.874737977981567383e+00
3.079130649566650391e+00,4.011777341365814209e-01
3.754099130630493164e+00,-4.176691055297851562e+00
9.588360786437988281e-01,-3.556224346160888672e+00
1.566899776458740234e+00,-2.447744369506835938e+00
-3.359026908874511719e+00,-3.141592979431152344e+00
-4.037591934204101562e+00,-3.923567533493041992e+00
-3.078663587570190430e+00,-2.819211483001708984e+00
-2.539675474166870117e+00,-2.737800836563110352e+00
3.420002937316894531e+00,-1.901025176048278809e+00
1.550512313842773438e+00,-3.431495428085327148e+00
8.676093816757202148e-01,-3.591369152069091797e+00
-2.415256977081298828e+00,-2.897262811660766602e+00
2.580814838409423828e+00,-2.360427856445312500e+00
4.777241647243499756e-01,-3.446185827255249023e+00
3.794496774673461914e+00,6.135088205337524414e-02
1.524443984031677246e+00,-3.221345424652099609e+00
-2.122709035873413086e+00,-4.831958770751953125e+00
4.216388702392578125e+00,-2.444482803344726562e+00
-3.339584827423095703e+00,-3.307639837265014648e+00
-1.899314641952514648e+00,-3.461029052734375000e+00
-5.621727705001831055e-01,-3.738327264785766602e+00
2.984260559082031250e+00,-2.436817884445190430e+00
1.229282498359680176e+00,-3.260057687759399414e+00
-1.423597931861877441e+00,-2.929574728012084961e+00
1.788470506668090820e+00,-3.769194126129150391e+00
1.287465691566467285e+00,-3.023474931716918945e+00
-1.931892395019531250e+00,-4.353545188903808594e+00
3.335433483123779297e+00,-8.697087764739990234e-01
-3.273147583007812500e+00,-3.385364532470703125e+00
-2.947798728942871094e+00,-2.873249530792236328e+00
1.433728098869323730e+00,-3.397053241729736328e+00
1.537355184555053711e+00,-3.963999509811401367e+00
3.368913173675537109e+00,-7.669048309326171875e-01
1.117398381233215332e+00,-3.254152059555053711e+00
-3.374104976654052734e+00,-3.207533359527587891e+00
-1.691421151161193848e+00,-2.976353168487548828e+00
-3.279436588287353516e+00,-3.328516721725463867e+00
2.726750612258911133e+00,-1.088443040847778320e+00
2.977474689483642578e+00,-2.226528167724609375e+00
9.466023445129394531e-01,-3.669889688491821289e+00
1.082964897155761719e+00,-2.196785211563110352e+00
-4.320150852203369141e+00,-4.841003417968750000e+00
8.231368660926818848e-01,-2.761346817016601562e+00
3.627166509628295898e+00,-1.605869889259338379e+00
-1.538601517677307129e+00,-3.509154319763183594e+00
-6.527453660964965820e-01,-2.237107276916503906e+00
-2.841353178024291992e+00,-2.840206861495971680e+00
5.130692124366760254e-01,-3.086780548095703125e+00
-6.739447116851806641e-01,-3.883272647857666016e+00
8.543258905410766602e-01,-3.280612945556640625e+00
2.454185187816619873e-01,-3.151262998580932617e+00
2.920719385147094727e+00,-1.145469903945922852e+00
-4.934678077697753906e+00,-4.877134799957275391e+00
1.616837739944458008e+00,-2.857155799865722656e+00
-8.069139122962951660e-01,-4.228693008422851562e+00
2.714223861694335938e-01,-3.288163661956787109e+00
-2.688710689544677734e+00,-3.998570680618286133e+00
-2.697081565856933594e+00,-2.631119966506958008e+00
1.765514016151428223e+00,-2.096028327941894531e+00
1.464954614639282227e+00,-3.277209281921386719e+00
-2.870505094528198242e+00,-2.852792263031005859e+00
-2.932599484920501709e-01,-2.828761100769042969e+00
-3.061378717422485352e+00,-2.919862747192382812e+00
2.578665256500244141e+00,-2.822045087814331055e+00
1.770087480545043945e+00,-1.968898057937622070e+00
1.124753713607788086e+00,-1.716510653495788574e+00
-9.495192021131515503e-02,-3.320825338363647461e+00
2.062500953674316406e+00,-2.527319192886352539e+00
-2.567848682403564453e+00,-2.966505765914916992e+00
-2.722117424011230469e+00,-4.079498291015625000e+00
-2.566482305526733398e+00,-3.303040266036987305e+00
3.118485808372497559e-01,-3.246284246444702148e+00
-1.698072552680969238e+00,-3.670594930648803711e+00
7.098331451416015625e+00,-1.683616399765014648e+00
-3.569108724594116211e+00,-2.681840658187866211e+00
6.124190330505371094e+00,-3.804727196693420410e-01
4.738999843597412109e+00,1.722216725349426270e+00
4.798686802387237549e-01,-3.401309728622436523e+00
4.327119886875152588e-01,-2.928794622421264648e+00
-8.670446276664733887e-01,-3.675691366195678711e+00
6.248960644006729126e-02,-3.179013967514038086e+00
3.213316679000854492e+00,-1.827723503112792969e+00
1.173403382301330566e+00,-3.734118223190307617e+00
-1.962918341159820557e-01,-3.107095956802368164e+00
-3.104240894317626953e+00,-4.576355457305908203e+00
6.780768185853958130e-02,-3.431384563446044922e+00
2.951029539108276367e-01,-3.259426832199096680e+00
1.969004392623901367e+00,-3.567367792129516602e+00
-1.466224640607833862e-01,-3.774616479873657227e+00
-8.537111878395080566e-01,-2.485383987426757812e+00
1.981132030487060547e+00,-2.039622306823730469e+00
-3.050907611846923828e+00,-3.062550306320190430e+00
-1.993910193443298340e+00,-1.923176407814025879e+00
-2.907035112380981445e+00,-2.875875473022460938e+00
-3.165922641754150391e+00,-3.075738906860351562e+00
1.649125576019287109e+00,2.052067816257476807e-01
2.243373543024063110e-02,-3.921866893768310547e+00
-8.222913146018981934e-01,-4.374076843261718750e+00
-5.061939358711242676e-01,-3.182448148727416992e+00
-1.392233014106750488e+00,-3.555113792419433594e+00
2.748822867870330811e-01,-3.106742143630981445e+00
-3.861740827560424805e+00,-1.494491100311279297e+00
2.326136350631713867e+00,-2.890941858291625977e+00
-3.140840530395507812e+00,-2.575515508651733398e+00
-8.328450918197631836e-01,-4.978775024414062500e+00
-6.275543212890625000e+00,-3.559255123138427734e+00
-2.214938402175903320e+00,-1.968286991119384766e+00
7.856467366218566895e-01,-3.693778514862060547e+00
-1.242883443832397461e+00,-2.737650394439697266e+00
-3.750036954879760742e+00,-4.643348217010498047e+00
-1.201694726943969727e+00,-3.799374103546142578e+00
-1.869601607322692871e-01,-2.949975013732910156e+00
-3.199702501296997070e+00,-2.870270013809204102e+00
-1.539824724197387695e+00,-3.099794626235961914e+00
-1.360204964876174927e-01,-3.330428361892700195e+00
-2.663265943527221680e+00,-3.236344099044799805e+00
-8.387560248374938965e-01,-1.860140681266784668e+00
6.849612712860107422e+00,6.171555519104003906e-01
-8.387560248374938965e-01,-1.860140681266784668e+00
-2.405085086822509766e+00,-2.305081844329833984e+00
-3.597543001174926758e+00,-3.561951160430908203e+00
1.120922327041625977e+00,-3.324781656265258789e+00
-1.201694726943969727e+00,-3.799374103546142578e+00
-3.922846555709838867e+00,-3.833930253982543945e+00
5.615855455398559570e-01,-2.820326566696166992e+00
-2.947348594665527344e+00,-3.428843736648559570e+00
-5.563446521759033203e+00,-3.701366901397705078e+00
-2.802045822143554688e+00,-2.508017063140869141e+00
1.863473773002624512e+00,-2.216210365295410156e+00
-3.126766443252563477e+00,-2.970237016677856445e+00
-6.793277263641357422e-01,-3.553046941757202148e+00
7.192219734191894531e+00,2.299500107765197754e-01
7.923898100852966309e-01,-3.211094141006469727e+00
-2.790987491607666016e+00,-2.363622665405273438e+00
4.670380651950836182e-01,-3.258750200271606445e+00
-2.273491859436035156e+00,-4.112290382385253906e+00
2.430298089981079102e+00,-2.885173082351684570e+00
-3.715724229812622070e+00,-2.963893413543701172e+00
-8.059512376785278320e-01,-3.205616950988769531e+00
-2.660621881484985352e+00,-2.188721418380737305e+00
2.286045789718627930e+00,-2.672659397125244141e+00
-1.757109045982360840e+00,-2.930073738098144531e+00
3.679559707641601562e+00,-1.148767471313476562e-01
-3.517386913299560547e+00,-3.348092317581176758e+00
-2.816944837570190430e+00,-2.426442861557006836e+00
-2.371387720108032227e+00,-1.927539944648742676e+00
3.632694244384765625e+00,-1.703196167945861816e+00
-1.455572724342346191e+00,-2.316177129745483398e+00
3.980807781219482422e+00,-1.311594724655151367e+00
5.140946507453918457e-01,-2.052851438522338867e+00
-3.219085216522216797e+00,-2.793626785278320312e+00
-2.352597713470458984e+00,-3.604725122451782227e+00
-1.812424182891845703e+00,-3.097499132156372070e+00
-3.015014648437500000e+00,-2.847223758697509766e+00
-1.590046525001525879e+00,-2.875148773193359375e+00
-1.009019732475280762e+00,-3.476377487182617188e+00
-2.410891056060791016e+00,-3.179621696472167969e+00
6.124190330505371094e+00,-3.804727196693420410e-01
1.526470541954040527e+00,-2.542011737823486328e+00
-3.771115541458129883e+00,-3.883632898330688477e+00
1.939923524856567383e+00,-1.914219737052917480e+00
-7.875389456748962402e-01,-2.853263139724731445e+00
-2.665721654891967773e+00,-2.700953245162963867e+00
3.211075305938720703e+00,-1.370157361030578613e+00
1.355077624320983887e+00,-3.486968278884887695e+00
5.431019306182861328e+00,-2.002597808837890625e+00
-1.416550874710083008e+00,-2.795162677764892578e+00
1.197599172592163086e+00,-2.791532039642333984e+00
-2.787472009658813477e+00,-3.239790439605712891e+00
-3.292805194854736328e+00,-2.550663232803344727e+00
-1.906427294015884399e-01,-3.543873786926269531e+00
-1.129731774330139160e+00,-2.494990587234497070e+00
-7.444868087768554688e-01,-1.462140560150146484e+00
-5.923390865325927734e+00,-3.042046785354614258e+00
5.226100683212280273e-01,-3.254310607910156250e+00
6.969074010848999023e-01,-3.013948440551757812e+00
-1.672353029251098633e+00,-2.845982789993286133e+00
5.802394151687622070e-01,-3.302404880523681641e+00
3.819867134094238281e+00,-3.445611953735351562e+00
-6.198015213012695312e-01,-3.857761144638061523e+00
-1.537673473358154297e+00,-3.068980932235717773e+00
5.468667030334472656e+00,-1.884933710098266602e+00
7.490114569664001465e-01,-2.467051982879638672e+00
1.264661908149719238e+00,-2.983397722244262695e+00
6.012659072875976562e-01,-3.441928386688232422e+00
3.204215168952941895e-01,-3.287493944168090820e+00
-2.810137510299682617e+00,-3.282241106033325195e+00
3.356577634811401367e+00,-1.425832748413085938e+00
1.194937467575073242e+00,-2.670293331146240234e+00
3.190573692321777344e+00,-1.802380323410034180e+00
4.673822820186614990e-01,-2.604607105255126953e+00
1.958975315093994141e+00,-3.460690021514892578e+00
2.649772405624389648e+00,-2.796396970748901367e+00
-2.415256977081298828e+00,-2.897262811660766602e+00
9.395380020141601562e-01,-3.047849416732788086e+00
3.732132911682128906e+00,-2.154320478439331055e+00
-1.650526642799377441e+00,-2.510332345962524414e+00
1.891686677932739258e+00,-2.172049045562744141e+00
-2.920310020446777344e+00,-3.324014663696289062e+00
-2.930021882057189941e-01,-3.183223009109497070e+00
-2.992091178894042969e+00,-3.095785856246948242e+00
1.346946716308593750e+00,-3.227607965469360352e+00
-1.708713293075561523e+00,-2.352604866027832031e+00
-1.175309181213378906e+00,-3.003968000411987305e+00
-3.134624958038330078e+00,-3.138247966766357422e+00
-1.910176277160644531e+00,-3.640701293945312500e+00
2.923332929611206055e+00,-1.813268184661865234e+00
-2.839484453201293945e+00,-2.795542240142822266e+00
6.230791807174682617e-01,-3.213959455490112305e+00
1.244978070259094238e+00,-3.378289461135864258e+00
4.051719009876251221e-01,-2.120013236999511719e+00
3.079640150070190430e+00,-2.474132299423217773e+00
-2.765792608261108398e+00,-4.026558876037597656e+00
-4.438033401966094971e-01,-3.560196161270141602e+00
-8.008656501770019531e-01,-3.220865964889526367e+00
3.079130649566650391e+00,4.011777341365814209e-01
-1.392476320266723633e+00,-3.175814390182495117e+00
6.718722730875015259e-02,-2.631798982620239258e+00
-1.009019732475280762e+00,-3.476377487182617188e+00
2.153044462203979492e+00,-2.465188741683959961e+00
-1.564369320869445801e+00,-3.217524290084838867e+00
-3.006327629089355469e+00,-2.756084442138671875e+00
5.334684848785400391e-01,-3.789395332336425781e+00
1.826811909675598145e+00,-3.148693084716796875e+00
-1.602522253990173340e+00,-3.204816102981567383e+00
1.466937184333801270e+00,-3.415972471237182617e+00
7.991584539413452148e-01,-3.004620552062988281e+00
-4.707981586456298828e+00,-4.460385322570800781e+00
2.298705816268920898e+00,-3.573947668075561523e+00
1.624121189117431641e+00,-2.913477659225463867e+00
1.656778454780578613e+00,-3.781557321548461914e+00
1.936002969741821289e+00,-2.170363664627075195e+00
-3.088149547576904297e+00,-3.231929302215576172e+00
-2.495701789855957031e+00,-2.171157836914062500e+00
-5.677280902862548828e+00,-4.369513511657714844e+00
7.677127718925476074e-01,-3.148668527603149414e+00
-7.651003599166870117e-01,-3.281810760498046875e+00
-2.700137138366699219e+00,-2.914902448654174805e+00
2.801934480667114258e+00,-2.267638206481933594e+00
1.251944422721862793e+00,-2.716758012771606445e+00
-2.144562482833862305e+00,-4.052764892578125000e+00
-5.394098758697509766e+00,-3.383081197738647461e+00
4.738999843597412109e+00,1.722216725349426270e+00
2.152909517288208008e+00,-2.339503526687622070e+00
1.635579705238342285e+00,-3.130094766616821289e+00
-3.428689002990722656e+00,-3.519160985946655273e+00
-7.748295068740844727e-01,-3.835703134536743164e+00
-2.834546804428100586e+00,-2.474326372146606445e+00
3.539041757583618164e+00,-1.462202906608581543e+00
-4.538286209106445312e+00,-4.174318313598632812e+00
2.215055823326110840e-01,-2.730749845504760742e+00
3.009132385253906250e+00,-2.378176689147949219e+00
-1.422837227582931519e-01,-2.797350645065307617e+00
-9.017174839973449707e-01,-2.640568971633911133e+00
3.896631956100463867e+00,-1.443007588386535645e+00
-9.276431202888488770e-01,-2.914767026901245117e+00
-1.562058210372924805e+00,-3.290884017944335938e+00
-2.208158254623413086e+00,-2.861386299133300781e+00
-5.062547326087951660e-02,-2.806735754013061523e+00
-9.752849340438842773e-01,-3.291998863220214844e+00
-2.174788713455200195e+00,-4.884812831878662109e+00
4.862094402313232422e+00,-2.966860771179199219e+00
1.418919563293457031e+00,-2.619972467422485352e+00
-6.400601387023925781e+00,-4.104711055755615234e+00
-2.472235679626464844e+00,-5.438856601715087891e+00
2.580771923065185547e+00,-6.061077117919921875e-01
-1.730947852134704590e+00,-3.529120922088623047e+00
-2.907696723937988281e+00,-2.390550613403320312e+00
3.718327045440673828e+00,-2.010511875152587891e+00
-2.079524517059326172e+00,-2.104526996612548828e+00
6.068255901336669922e+00,-2.242532253265380859e+00
2.397227525711059570e+00,-2.818311691284179688e+00
9.345003366470336914e-01,-3.036286115646362305e+00
2.343329191207885742e+00,-2.505693197250366211e+00
-6.634448766708374023e-01,-3.267112016677856445e+00
-4.251247942447662354e-01,-4.631288528442382812e+00
-5.150028705596923828e+00,-2.750289440155029297e+00
8.461000919342041016e-01,-3.550205230712890625e+00
-2.778636455535888672e+00,-3.917680263519287109e+00
-2.510326385498046875e+00,-3.253284931182861328e+00
2.326136350631713867e+00,-2.890941858291625977e+00
3.146856069564819336e+00,-2.244041442871093750e+00
-2.206607103347778320e+00,-1.605662226676940918e+00
-2.065059661865234375e+00,-4.383077144622802734e+00
2.486557245254516602e+00,-2.393535137176513672e+00
2.386936902999877930e+00,-1.814503073692321777e+00
3.644955873489379883e+00,-2.388897180557250977e+00
4.386681020259857178e-01,-3.092277050018310547e+00
-1.741276502609252930e+00,-4.237504959106445312e+00
2.682456493377685547e+00,-2.282073974609375000e+00
1.037370443344116211e+00,-2.380111932754516602e+00
-6.259696483612060547e-01,-4.079596519470214844e+00
5.821058273315429688e+00,-4.501894712448120117e-01
-2.814192295074462891e+00,-1.201475858688354492e+00
-3.037705898284912109e+00,-2.850232362747192383e+00
5.802256464958190918e-01,-2.550705432891845703e+00
1.267743229866027832e+00,-3.293481588363647461e+00
-7.029781341552734375e-01,-3.145724773406982422e+00
-1.807581663131713867e+00,-4.212526321411132812e+00
-1.538056492805480957e+00,-3.216351270675659180e+00
-5.483051538467407227e-01,-2.673699140548706055e+00
1.824047565460205078e+00,-2.139411687850952148e+00
-2.923468828201293945e+00,-3.623159885406494141e+00
-3.461329460144042969e+00,-3.095293521881103516e+00
-2.917409896850585938e+00,-2.701358079910278320e+00
4.104679584503173828e+00,-2.103218793869018555e+00
-9.107022285461425781e-01,-3.288355112075805664e+00
-6.262846469879150391e+00,-4.499657154083251953e+00
1.886566400527954102e+00,-3.414990425109863281e+00
7.971149682998657227e-01,-2.767350912094116211e+00
1.855895280838012695e+00,-2.893742799758911133e+00
7.001796722412109375e+00,-2.104346513748168945e+00
3.596287488937377930e+00,-1.793780922889709473e+00
-5.704560875892639160e-01,-2.876359462738037109e+00
-3.080538034439086914e+00,-2.599959611892700195e+00
1.597479701042175293e+00,-4.086775302886962891e+00
1.589404463768005371e+00,-3.979228496551513672e+00
-1.502182930707931519e-01,-3.896690845489501953e+00
-1.155262112617492676e+00,-3.870523691177368164e+00
-2.778636455535888672e+00,-3.917680263519287109e+00
-2.826282024383544922e+00,-3.491666316986083984e+00
-3.351246833801269531e+00,-3.480037450790405273e+00
-5.484570026397705078e+00,-3.502364873886108398e+00
2.002909660339355469e+00,-2.364404201507568359e+00
-3.203654050827026367e+00,-2.965353488922119141e+00
3.890647649765014648e+00,-1.221660494804382324e+00
2.267525434494018555e+00,-2.403915166854858398e+00
2.580814838409423828e+00,-2.360427856445312500e+00
-2.319496870040893555e+00,-4.279902935028076172e+00
-3.272474527359008789e+00,-3.280442476272583008e+00
-1.484434753656387329e-01,-3.186359643936157227e+00
-5.764030456542968750e+00,-6.507223129272460938e+00
9.331161975860595703e-01,-3.389846086502075195e+00
2.383266925811767578e+00,-2.702944040298461914e+00
-4.010241031646728516e+00,-2.377692699432373047e+00
3.253062963485717773e-01,-3.465154886245727539e+00
-3.175728797912597656e+00,-3.843557357788085938e+00
-5.909476757049560547e+00,-5.132500171661376953e+00
-1.383177936077117920e-01,-2.254157304763793945e+00
-1.748075127601623535e+00,-3.309230804443359375e+00
-2.726661205291748047e+00,-1.736931562423706055e+00
-1.350731611251831055e+00,-3.126948118209838867e+00
-3.282576560974121094e+00,-3.049673795700073242e+00
-5.217182159423828125e+00,-3.215933084487915039e+00
6.780768185853958130e-02,-3.431384563446044922e+00
-3.597748994827270508e+00,-3.646939516067504883e+00
-2.458939790725708008e+00,-4.425917625427246094e+00
-2.886910915374755859e+00,-3.197943687438964844e+00
-5.468943119049072266e-01,-3.352768421173095703e+00
1.041056394577026367e+00,-2.990703344345092773e+00
-5.003953456878662109e+00,-4.829310417175292969e+00
1.789341926574707031e+00,-3.523869276046752930e+00
2.423548221588134766e+00,-2.392488479614257812e+00
-2.964898109436035156e+00,-3.356343507766723633e+00
-4.675148427486419678e-02,-3.373404264450073242e+00
2.408845186233520508e+00,-3.031577348709106445e+00
1.893134951591491699e+00,-3.372595310211181641e+00
1.608920693397521973e+00,-3.214561223983764648e+00
8.676093816757202148e-01,-3.591369152069091797e+00
-3.719197213649749756e-01,-3.933320760726928711e+00
-6.998139619827270508e-01,-3.682968854904174805e+00
-2.436353921890258789e+00,-2.543017387390136719e+00
-3.320209026336669922e+00,-3.214381933212280273e+00
-6.846673488616943359e+00,-4.751626968383789062e+00
-4.384332656860351562e+00,-3.324119329452514648e+00
-1.300097227096557617e+00,-3.057618856430053711e+00
1.278735995292663574e+00,-3.959046840667724609e+00
1.905952453613281250e+00,-2.124155759811401367e+00
1.957004368305206299e-01,-2.456589937210083008e+00
1.513638496398925781e+00,-2.443058967590332031e+00
1.340260267257690430e+00,-2.704144716262817383e+00
2.666882514953613281e+00,-2.392256975173950195e+00
-3.460580587387084961e+00,-1.364881992340087891e+00
9.088475704193115234e-01,-2.212622404098510742e+00
1.471166491508483887e+00,-3.405492067337036133e+00
1.257035970687866211e+00,-2.980612516403198242e+00
-3.569108724594116211e+00,-2.681840658187866211e+00
2.729706525802612305e+00,-1.847406268119812012e+00
2.411244153976440430e+00,-2.801249265670776367e+00
-1.504955410957336426e+00,-3.226940631866455078e+00
1.524686217308044434e+00,-2.924679994583129883e+00
-1.538056492805480957e+00,-3.216351270675659180e+00
1.879919409751892090e+00,-2.454459905624389648e+00
-1.628841519355773926e+00,-2.817791938781738281e+00
1.484233736991882324e+00,-2.972442150115966797e+00
1.129393458366394043e+00,-3.336562871932983398e+00
8.337766528129577637e-01,-3.024760961532592773e+00
1.127905845642089844e+00,-3.292066335678100586e+00
-1.323247790336608887e+00,-4.542477130889892578e+00
-2.503196716308593750e+00,-2.495808601379394531e+00
-2.817361116409301758e+00,-4.134950637817382812e+00
1.174884080886840820e+00,-1.784221410751342773e+00
-3.852003574371337891e+00,-3.868273496627807617e+00
-3.370295047760009766e+00,-3.522102832794189453e+00
2.608175992965698242e+00,-2.577916622161865234e+00
-2.405526041984558105e-01,-3.228317022323608398e+00
1.545150399208068848e+00,-2.749535560607910156e+00
7.661480307579040527e-01,-2.927477598190307617e+00
3.445861816406250000e+00,-2.070894718170166016e+00
-3.391447544097900391e+00,-3.972000837326049805e+00
-4.071254730224609375e+00,-3.088263988494873047e+00
-2.585072278976440430e+00,-2.763053178787231445e+00
-2.024006605148315430e+00,-2.727127313613891602e+00
-2.409044742584228516e+00,-4.728613853454589844e+00
5.509242415428161621e-01,-3.516420125961303711e+00
-6.238866806030273438e+00,-2.962211608886718750e+00
-2.345347404479980469e+00,-3.344995975494384766e+00
-2.856216192245483398e+00,-3.281731367111206055e+00
-3.158475160598754883e+00,-2.939368724822998047e+00
-5.074256658554077148e-01,-3.631122112274169922e+00
1.924021720886230469e+00,-2.232193231582641602e+00
-1.354169487953186035e+00,-3.248884916305541992e+00
1.282165765762329102e+00,-3.307932376861572266e+00
-1.980715036392211914e+00,-3.062992811203002930e+00
-1.690759658813476562e+00,-3.911274909973144531e+00
-3.291389226913452148e+00,-4.830803394317626953e+00
-2.928172647953033447e-01,-3.659565925598144531e+00
1.776051044464111328e+00,-2.782910108566284180e+00
-3.402526855468750000e+00,-2.432336568832397461e+00
1.034465312957763672e+00,-3.750628471374511719e+00
-5.313622951507568359e+00,-4.490413665771484375e+00
-5.344442844390869141e+00,-5.062053203582763672e+00
4.979820549488067627e-01,-2.994189500808715820e+00
1.836799144744873047e+00,-4.536633014678955078e+00
-5.369123220443725586e-01,-3.456541061401367188e+00
-2.817361116409301758e+00,-4.134950637817382812e+00
-2.062560796737670898e+00,-2.798760414123535156e+00
-3.048372507095336914e+00,-3.090114831924438477e+00
7.154262661933898926e-01,-2.776400566101074219e+00
-1.121505856513977051e+00,-4.240832328796386719e+00
-2.900237083435058594e+00,-2.800432205200195312e+00
1.022572040557861328e+00,-2.935632467269897461e+00
-1.883474826812744141e+00,-1.233456373214721680e+00
-2.497459411621093750e+00,-4.005464076995849609e+00
-3.105143785476684570e+00,-2.747517108917236328e+00
-2.832964897155761719e+00,-2.459203481674194336e+00
-2.602815389633178711e+00,-2.787400722503662109e+00
-3.713194608688354492e+00,-3.548703908920288086e+00
1.262686967849731445e+00,-2.706815958023071289e+00
-5.217182159423828125e+00,-3.215933084487915039e+00
1.003320693969726562e+00,-3.778067111968994141e+00
-1.660409569740295410e-02,-2.702422857284545898e+00
1.556450128555297852e+00,-2.310776948928833008e+00
-3.062195062637329102e+00,-2.965835571289062500e+00
-1.340689539909362793e+00,-3.581728935241699219e+00
1.008380532264709473e+00,-3.545415639877319336e+00
1.471092462539672852e+00,-2.721305847167968750e+00
1.036470055580139160e+00,-2.160288333892822266e+00
-1.360204964876174927e-01,-3.330428361892700195e+00
3.034445762634277344e+00,-2.596911907196044922e+00
-1.929298639297485352e+00,-3.840097427368164062e+00
2.069486379623413086e+00,-3.845571756362915039e+00
-1.712819218635559082e+00,-3.304151773452758789e+00
-1.077910423278808594e+00,-3.065591335296630859e+00
9.379769563674926758e-01,-2.799117803573608398e+00
-2.997970581054687500e+00,-3.311651706695556641e+00
-3.124018430709838867e+00,-3.347385644912719727e+00
1.206031680107116699e+00,-3.028700113296508789e+00
3.397694349288940430e+00,-8.042320013046264648e-01
3.268826246261596680e+00,-2.795126438140869141e+00
-2.722117424011230469e+00,-4.079498291015625000e+00
1.423883914947509766e+00,-4.144818782806396484e+00
-2.832539319992065430e+00,-5.866989612579345703e+00
1.836799144744873047e+00,-4.536633014678955078e+00
-2.296978950500488281e+00,-4.324443340301513672e+00
-2.975534439086914062e+00,-2.377080917358398438e+00
-2.311892986297607422e+00,-1.718992829322814941e+00
1.383929848670959473e-01,-3.513597488403320312e+00
-2.307646751403808594e+00,-1.141864895820617676e+00
1.350371360778808594e+00,-3.242294788360595703e+00
7.001796722412109375e+00,-2.104346513748168945e+00
4.899328708648681641e+00,-1.162812352180480957e+00
-3.289962768554687500e+00,-2.872254133224487305e+00
-1.854792356491088867e+00,-3.736838102340698242e+00
2.963062763214111328e+00,-2.027070045471191406e+00
1.093134522438049316e+00,-2.755705833435058594e+00
-6.298073291778564453e+00,-3.278224945068359375e+00
-3.693593025207519531e+00,-2.720559358596801758e+00
-5.301521778106689453e+00,-3.296827077865600586e+00
8.293841481208801270e-01,-3.935253620147705078e+00
1.193124055862426758e+00,-3.017911434173583984e+00
8.950697183609008789e-01,-2.909529924392700195e+00
1.747869729995727539e+00,-4.428685188293457031e+00
1.234740614891052246e+00,-3.633065223693847656e+00
1.765547871589660645e+00,-2.094771385192871094e+00
3.184111118316650391e-01,-3.358262538909912109e+00
-2.005153179168701172e+00,-3.440039873123168945e+00
4.464113414287567139e-01,-3.180690288543701172e+00
-3.408838987350463867e+00,-4.383962154388427734e+00
-2.065872907638549805e+00,-2.377303361892700195e+00
-3.090584278106689453e+00,-2.693600416183471680e+00
4.044504463672637939e-01,-3.283344507217407227e+00
9.678131341934204102e-01,-3.061181545257568359e+00
5.420950412750244141e+00,-1.110883235931396484e+00
1.619134783744812012e+00,-2.747802495956420898e+00
-5.164843797683715820e-01,-3.033886432647705078e+00
-2.489796876907348633e+00,-1.985468387603759766e+00
-1.120136976242065430e-01,-2.788035631179809570e+00
-5.465442180633544922e+00,-4.520923137664794922e+00
1.764178872108459473e-01,-4.480940818786621094e+00
-8.991239666938781738e-01,-2.690948963165283203e+00
-6.227813243865966797e+00,-3.864882946014404297e+00
9.047837257385253906e-01,-2.455384254455566406e+00
-2.963927268981933594e+00,-3.032659530639648438e+00
-1.180450767278671265e-01,-3.505828857421875000e+00
-4.004525184631347656e+00,-4.271314144134521484e+00
1.855895280838012695e+00,-2.893742799758911133e+00
2.923332929611206055e+00,-1.813268184661865234e+00
-6.910992860794067383e-01,-3.028749465942382812e+00
-2.310450315475463867e+00,-5.456009387969970703e+00
-3.149728775024414062e+00,-3.332411289215087891e+00
1.985482454299926758e+00,-3.474365472793579102e+00
1.213196754455566406e+00,-3.353833675384521484e+00
3.190908908843994141e+00,-2.181133747100830078e+00
3.367396891117095947e-01,-3.044602870941162109e+00
1.822671055793762207e+00,-2.717930316925048828e+00
-2.623839616775512695e+00,-2.347015619277954102e+00
-1.906117796897888184e-01,-2.791458129882812500e+00
2.040505170822143555e+00,-2.586061477661132812e+00
2.706041574478149414e+00,-2.053679227828979492e+00
1.343118429183959961e+00,-3.843138217926025391e+00
-1.782289266586303711e+00,-3.790831327438354492e+00
1.589819908142089844e+00,-2.834558010101318359e+00
3.356577634811401367e+00,-1.425832748413085938e+00
-3.086949348449707031e+00,-3.030280351638793945e+00
-2.458939790725708008e+00,-4.425917625427246094e+00
2.730514049530029297e+00,-1.831337094306945801e+00
3.596287488937377930e+00,-1.793780922889709473e+00
-1.101064562797546387e+00,-3.791946649551391602e+00
3.556456267833709717e-01,-2.931487321853637695e+00
-1.590046525001525879e+00,-2.875148773193359375e+00
2.397249221801757812e+00,-2.842596292495727539e+00
1.529375314712524414e+00,-3.563058853149414062e+00
3.576175689697265625e+00,-2.279992818832397461e+00
2.069486379623413086e+00,-3.845571756362915039e+00
-3.150276541709899902e-01,-2.842020988464355469e+00
-5.579527854919433594e+00,-3.751075267791748047e+00
-3.262477874755859375e+00,-3.331022024154663086e+00
-7.490463852882385254e-01,-3.655385732650756836e+00
6.849612712860107422e+00,6.171555519104003906e-01
3.400048732757568359e+00,-2.338837862014770508e+00
-2.646210432052612305e+00,-3.533118963241577148e+00
1.863396525382995605e+00,-2.621905088424682617e+00
4.670065939426422119e-01,-3.302966356277465820e+00
-4.675148427486419678e-02,-3.373404264450073242e+00
3.575878858566284180e+00,-2.347734928131103516e+00
-2.412516832351684570e+00,-3.856623411178588867e+00
-2.886754035949707031e+00,-4.034008979797363281e+00
-2.700137138366699219e+00,-2.914902448654174805e+00
3.185726702213287354e-01,-3.109817981719970703e+00
-1.681809544563293457e+00,-3.103671073913574219e+00
-2.503196716308593750e+00,-2.495808601379394531e+00
-9.495192021131515503e-02,-3.320825338363647461e+00
6.178328990936279297e+00,-2.267236709594726562e+00
-2.533136308193206787e-01,-3.326212644577026367e+00
1.971556901931762695e+00,-2.107690572738647461e+00
2.868015527725219727e+00,-2.229846477508544922e+00
2.706041574478149414e+00,-2.053679227828979492e+00
-3.085610389709472656e+00,-2.904188394546508789e+00
9.244406223297119141e-01,-2.696759700775146484e+00
1.258016586303710938e+00,-3.632595062255859375e+00
-2.482385933399200439e-01,-3.082896947860717773e+00
1.992758750915527344e+00,-3.792131423950195312e+00
-2.946926832199096680e+00,-3.196292877197265625e+00
-1.175086021423339844e+00,-2.634086132049560547e+00
9.678131341934204102e-01,-3.061181545257568359e+00
4.216388702392578125e+00,-2.444482803344726562e+00
-3.222135305404663086e-01,-3.657758951187133789e+00
-3.963686943054199219e+00,-4.190618515014648438e+00
3.079640150070190430e+00,-2.474132299423217773e+00
-3.340911388397216797e+00,-5.267814636230468750e+00
-3.070330917835235596e-01,-3.232944011688232422e+00
2.525351047515869141e+00,-2.256243944168090820e+00
-8.204904198646545410e-01,-2.983432531356811523e+00
4.501507282257080078e+00,-1.979647517204284668e+00
8.050639629364013672e-01,-3.095155477523803711e+00
-3.209922552108764648e+00,-3.518836021423339844e+00
-3.137656927108764648e+00,-2.492940187454223633e+00
-3.172507762908935547e+00,-3.393282651901245117e+00
1.863345265388488770e+00,-2.599584817886352539e+00
1.642911553382873535e+00,-2.574078321456909180e+00
-5.476130962371826172e+00,-5.800947666168212891e+00
2.666068673133850098e-01,-3.499362707138061523e+00
5.793685317039489746e-01,-2.938563346862792969e+00
-3.400629043579101562e+00,-3.498722314834594727e+00
3.052110195159912109e+00,-1.872626185417175293e+00
1.824047565460205078e+00,-2.139411687850952148e+00
-1.776411175727844238e+00,-3.012596130371093750e+00
-8.059512376785278320e-01,-3.205616950988769531e+00
-2.833854198455810547e+00,-2.976951360702514648e+00
1.196097850799560547e+00,-2.784582138061523438e+00
-1.613289475440979004e+00,-4.087741851806640625e+00
-3.004813909530639648e+00,-3.049218177795410156e+00
-3.008293390274047852e+00,-2.915493249893188477e+00
-1.175086021423339844e+00,-2.634086132049560547e+00
-2.473876476287841797e+00,-2.161442518234252930e+00
1.337726950645446777e+00,-3.345731735229492188e+00
-3.062195062637329102e+00,-2.965835571289062500e+00
-1.538601517677307129e+00,-3.509154319763183594e+00
1.214863896369934082e+00,-2.331953048706054688e+00
-2.026334285736083984e+00,-1.880097508430480957e+00
1.409053444862365723e+00,-3.818707942962646484e+00
-2.223372220993041992e+00,-3.089676618576049805e+00
6.068255901336669922e+00,-2.242532253265380859e+00
4.451068878173828125e+00,-1.953549861907958984e+00
3.888956606388092041e-01,-3.437981605529785156e+00
-3.662511110305786133e+00,-5.132983207702636719e+00
-2.981545448303222656e+00,-3.096454381942749023e+00
-3.906387805938720703e+00,-3.890509366989135742e+00
3.089826107025146484e-01,-3.494019269943237305e+00
7.991584539413452148e-01,-3.004620552062988281e+00
-1.741276502609252930e+00,-4.237504959106445312e+00
6.973178386688232422e-01,-2.599861860275268555e+00
-2.600657463073730469e+00,-2.539591312408447266e+00
-3.359026908874511719e+00,-3.141592979431152344e+00
2.453898668289184570e+00,-1.459491729736328125e+00
2.729748249053955078e+00,-2.071002006530761719e+00
-3.234768629074096680e+00,-3.085629224777221680e+00
-5.764030456542968750e+00,-6.507223129272460938e+00
1.418141007423400879e+00,-3.905212640762329102e+00
-5.003953456878662109e+00,-4.829310417175292969e+00
1.644749999046325684e+00,-2.967384576797485352e+00
2.801636219024658203e+00,-2.631415843963623047e+00
1.656127691268920898e+00,-3.105331182479858398e+00
-6.501924991607666016e-01,-1.943328142166137695e+00
-3.759830474853515625e+00,-4.244853496551513672e+00
-5.089076995849609375e+00,-2.518709421157836914e+00
-3.387580633163452148e+00,-2.638697147369384766e+00
3.539041757583618164e+00,-1.462202906608581543e+00
-6.570046424865722656e+00,-7.384220600128173828e+00
-3.273147583007812500e+00,-3.385364532470703125e+00
3.087823390960693359e-01,-3.176385641098022461e+00
1.609188795089721680e+00,-2.500751495361328125e+00
-3.108685731887817383e+00,-3.001618623733520508e+00
-1.155262112617492676e+00,-3.870523691177368164e+00
2.311566591262817383e+00,-2.394800901412963867e+00
1.822671055793762207e+00,-2.717930316925048828e+00
-2.623839616775512695e+00,-2.347015619277954102e+00
-5.062547326087951660e-02,-2.806735754013061523e+00
-3.383377194404602051e-02,-3.371981859207153320e+00
3.433463335037231445e+00,-1.919531226158142090e+00
-2.832964897155761719e+00,-2.459203481674194336e+00
-2.412516832351684570e+00,-3.856623411178588867e+00
-3.710892677307128906e+00,-2.488364458084106445e+00
-3.148383140563964844e+00,-3.068686246871948242e+00
1.224766135215759277e+00,-2.360785722732543945e+00
-8.521691709756851196e-02,-3.301084280014038086e+00
-2.507755041122436523e+00,-3.248611450195312500e+00
1.949522256851196289e+00,-1.786542057991027832e+00
1.428783297538757324e+00,-2.737381696701049805e+00
6.647508144378662109e-01,-3.074299812316894531e+00
-5.757269263267517090e-01,-3.279891252517700195e+00
-2.775371074676513672e+00,-2.890905380249023438e+00
1.521531939506530762e-01,-3.931551456451416016e+00
8.384477496147155762e-01,-3.126740455627441406e+00
-1.134333372116088867e+00,-3.779287815093994141e+00
-5.093191862106323242e-01,-3.521972894668579102e+00
4.876881092786788940e-02,-3.083842754364013672e+00
-3.320209026336669922e+00,-3.214381933212280273e+00
-3.197503328323364258e+00,-3.504713058471679688e+00
1.022572040557861328e+00,-2.935632467269897461e+00
-1.393739283084869385e-01,-3.653529882431030273e+00
7.098331451416015625e+00,-1.683616399765014648e+00
3.381597757339477539e+00,-1.888803124427795410e+00
2.539498090744018555e+00,-1.061002135276794434e+00
1.306099772453308105e+00,-2.455727100372314453e+00
2.903148651123046875e+00,-3.517993688583374023e+00
-4.013071537017822266e+00,-7.103479385375976562e+00
-8.505946993827819824e-01,-4.469515323638916016e+00
2.386936902999877930e+00,-1.814503073692321777e+00
3.082556724548339844e+00,-3.960988223552703857e-01
9.119861572980880737e-02,-3.053631305694580078e+00
-3.267336606979370117e+00,-3.977998733520507812e+00
-3.079428672790527344e+00,-3.435162067413330078e+00
-3.315400362014770508e+00,-2.872162818908691406e+00
-2.998510122299194336e+00,-3.599786520004272461e+00
-2.863013505935668945e+00,-2.536751747131347656e+00
-3.121663093566894531e+00,-3.021950244903564453e+00
-4.761305153369903564e-01,-4.216141700744628906e+00
-7.017605304718017578e-01,-3.051543474197387695e+00
2.906038761138916016e+00,-2.487954854965209961e+00
-3.240556716918945312e+00,-4.351341724395751953e+00
-3.179826259613037109e+00,-3.421715259552001953e+00
-2.540613174438476562e+00,-1.773241996765136719e+00
1.214837193489074707e+00,-2.969800472259521484e+00
-2.803640604019165039e+00,-3.630531549453735352e+00
-2.388941526412963867e+00,-3.705943584442138672e+00
-2.930149555206298828e+00,-4.618660449981689453e+00
1.551460862159729004e+00,-2.832814216613769531e+00
-2.425140380859375000e+00,-3.218069076538085938e+00
-3.781837463378906250e+00,-2.374786853790283203e+00
-7.027115225791931152e-01,-4.399814605712890625e+00
3.378166913986206055e+00,-1.088996529579162598e+00
-7.473627328872680664e-01,-2.976185560226440430e+00
-4.701590240001678467e-01,-3.641217231750488281e+00
-7.637769579887390137e-01,-3.393431425094604492e+00
2.930331468582153320e+00,-4.344915866851806641e+00
-4.635014057159423828e+00,-4.396288871765136719e+00
-2.819527864456176758e+00,-2.514689207077026367e+00
4.547500610351562500e+00,-1.352247238159179688e+00
1.803576827049255371e+00,-3.219102382659912109e+00
-1.086934804916381836e+00,-3.493734598159790039e+00
1.749083876609802246e+00,-3.217166185379028320e+00
7.856583595275878906e-01,-2.813798189163208008e+00
-3.102914571762084961e+00,-5.809805393218994141e+00
-6.172638893127441406e+00,-4.394165992736816406e+00
-3.396152734756469727e+00,-1.794432640075683594e+00
-1.466224640607833862e-01,-3.774616479873657227e+00
1.273941516876220703e+00,-3.133636474609375000e+00
8.305106163024902344e-01,-2.982869386672973633e+00
-2.062560796737670898e+00,-2.798760414123535156e+00
4.539417266845703125e+00,-3.998803377151489258e+00
-7.748295068740844727e-01,-3.835703134536743164e+00
7.569959759712219238e-01,-2.647663116455078125e+00
-2.886836767196655273e+00,-3.445723056793212891e+00
-6.821879863739013672e+00,-4.670500278472900391e+00
-3.376959800720214844e+00,-3.988605737686157227e+00
8.305106163024902344e-01,-2.982869386672973633e+00
-4.053220748901367188e+00,-3.434880971908569336e+00
1.398862361907958984e+00,-2.850130558013916016e+00
1.000555157661437988e+00,-2.856175899505615234e+00
-3.988316297531127930e+00,-2.634094238281250000e+00
7.488728761672973633e-01,-4.963045120239257812e+00
-1.953931450843811035e+00,-2.241554737091064453e+00
7.825950384140014648e-01,-2.988026857376098633e+00
-7.522317171096801758e-01,-3.059237003326416016e+00
-3.423390626907348633e+00,-3.470172643661499023e+00
2.343329191207885742e+00,-2.505693197250366211e+00
1.103750944137573242e+00,-2.125553607940673828e+00
4.510575294494628906e+00,-9.654841423034667969e-01
-2.869270324707031250e+00,-5.036322116851806641e+00
-2.616944551467895508e+00,-3.858725070953369141e+00
1.224685192108154297e+00,-3.961308717727661133e+00
-3.389048814773559570e+00,-1.016548871994018555e+00
1.270170450210571289e+00,-3.111377954483032227e+00
2.500594854354858398e+00,-2.562747001647949219e+00
-2.403748512268066406e+00,-3.598252296447753906e+00
-3.049280405044555664e+00,-2.373130798339843750e+00
-1.248695850372314453e+00,-1.854281306266784668e+00
-2.885307550430297852e+00,-6.118731498718261719e+00
4.104679584503173828e+00,-2.103218793869018555e+00
1.213196754455566406e+00,-3.353833675384521484e+00
-6.233171463012695312e+00,-3.560359477996826172e+00
-7.200431346893310547e+00,-4.074095249176025391e+00
1.902192592620849609e+00,-2.239126443862915039e+00
-4.534695625305175781e+00,-4.876588821411132812e+00
-6.588530063629150391e+00,-4.693944454193115234e+00
4.037066936492919922e+00,-2.220756053924560547e+00
-5.345403194427490234e+00,-3.404775857925415039e+00
-3.715724229812622070e+00,-2.963893413543701172e+00
-5.249065160751342773e-01,-2.094010591506958008e+00
-3.771115541458129883e+00,-3.883632898330688477e+00
-4.201814234256744385e-01,-3.178033113479614258e+00
-3.302501678466796875e+00,-3.455921888351440430e+00
-8.675996661186218262e-01,-4.318641185760498047e+00
-6.938938617706298828e+00,-4.506154060363769531e+00
2.527090311050415039e+00,-2.886889696121215820e+00
1.228929758071899414e+00,-3.595267057418823242e+00
1.041005492210388184e+00,-4.071522235870361328e+00
-4.311356067657470703e+00,-4.622970581054687500e+00
-1.101064562797546387e+00,-3.791946649551391602e+00
7.244966626167297363e-01,-2.006252288818359375e+00
1.311251640319824219e+00,-3.114692449569702148e+00
-1.719885349273681641e+00,-3.118506669998168945e+00
-3.107916116714477539e+00,-3.087317705154418945e+00
-3.050184011459350586e+00,-3.192359924316406250e+00
-3.052360773086547852e+00,-2.266868591308593750e+00
-7.200431346893310547e+00,-4.074095249176025391e+00
1.398862361907958984e+00,-2.850130558013916016e+00
-3.347961664199829102e+00,-3.469540596008300781e+00
9.965580701828002930e-01,-3.736662864685058594e+00
-2.377169370651245117e+00,-3.077422857284545898e+00
1.807612299919128418e+00,-2.424983739852905273e+00
9.553556442260742188e-01,-1.607306361198425293e+00
-5.620103359222412109e+00,-5.459493637084960938e+00
1.417888402938842773e+00,-3.738467693328857422e+00
5.509242415428161621e-01,-3.516420125961303711e+00
1.469539999961853027e+00,-2.232117176055908203e+00
2.801934480667114258e+00,-2.267638206481933594e+00
-2.841353178024291992e+00,-2.840206861495971680e+00
-2.431216955184936523e+00,-2.426055908203125000e+00
2.343090534210205078e+00,-2.347689867019653320e+00
-3.043443441390991211e+00,-3.097872734069824219e+00
1.698017954826354980e+00,-4.006173133850097656e+00
2.903148651123046875e+00,-3.517993688583374023e+00
-7.239636421203613281e+00,-4.941443920135498047e+00
-2.420749425888061523e+00,-2.764947652816772461e+00
-2.526757001876831055e+00,-3.143672227859497070e+00
-2.199838161468505859e+00,-2.630906820297241211e+00
1.096944808959960938e+00,-3.036023855209350586e+00
-2.105500459671020508e+00,-4.661321640014648438e+00
-1.876340746879577637e+00,-3.051803588867187500e+00
-1.044304728507995605e+00,-2.499287366867065430e+00
6.058428883552551270e-01,-3.292652368545532227e+00
6.382795423269271851e-02,-1.587970256805419922e+00
-1.684076040983200073e-01,-2.982349395751953125e+00
-2.045100212097167969e+00,-4.274867534637451172e+00
-1.957804799079895020e+00,-2.713730573654174805e+00
-4.964859485626220703e-01,-3.558079481124877930e+00
-4.677953720092773438e+00,-4.243504524230957031e+00
-1.817092299461364746e-01,-3.016997337341308594e+00
-1.408749818801879883e+00,-2.020793437957763672e+00
9.345003366470336914e-01,-3.036286115646362305e+00
-9.523087143898010254e-01,-2.905835151672363281e+00
3.643154501914978027e-01,-2.525371789932250977e+00
-5.061939358711242676e-01,-3.182448148727416992e+00
-8.118103742599487305e-01,-3.738836288452148438e+00
-8.521691709756851196e-02,-3.301084280014038086e+00
-6.501924991607666016e-01,-1.943328142166137695e+00
3.819867134094238281e+00,-3.445611953735351562e+00
-1.462555408477783203e+00,-3.320969820022583008e+00
-2.574478387832641602e-01,-3.056733131408691406e+00
7.224513888359069824e-01,-2.472769737243652344e+00
-2.849427938461303711e+00,-3.694202661514282227e+00
-9.285507798194885254e-01,-3.014563083648681641e+00
6.875717043876647949e-01,-2.460515499114990234e+00
-8.687419891357421875e-01,-2.468547821044921875e+00
7.244966626167297363e-01,-2.006252288818359375e+00
-1.407739400863647461e+00,-2.844184875488281250e+00
3.175962686538696289e+00,-2.667108058929443359e+00
-3.481674909591674805e+00,-2.757545948028564453e+00
-1.436063289642333984e+00,-3.025197505950927734e+00
-7.737349271774291992e-01,-3.537696838378906250e+00
-3.017388820648193359e+00,-4.580584526062011719e+00
3.819172382354736328e-01,-1.606965422630310059e+00
-1.960614025592803955e-01,-3.703231334686279297e+00
4.216803550720214844e+00,-2.156890869140625000e+00
8.246753215789794922e-01,-3.774983644485473633e+00
8.831652402877807617e-01,-3.011553049087524414e+00
3.232449531555175781e+00,-2.167941331863403320e+00
1.924021720886230469e+00,-2.232193231582641602e+00
-3.436285972595214844e+00,-3.270255327224731445e+00
6.878722667694091797e+00,-3.428190946578979492e+00
-5.187154769897460938e+00,-2.922154664993286133e+00
-8.468055725097656250e-02,-1.681580781936645508e+00
-6.509638786315917969e+00,-4.331230163574218750e+00
-3.578040838241577148e+00,-3.541511297225952148e+00
-1.613289475440979004e+00,-4.087741851806640625e+00
-3.821932792663574219e+00,-3.712168455123901367e+00
-2.382211923599243164e+00,-3.950952768325805664e+00
-1.493412613868713379e+00,-3.546040773391723633e+00
-2.888610124588012695e+00,-2.071540355682373047e+00
-3.781837463378906250e+00,-2.374786853790283203e+00
2.453898668289184570e+00,-1.459491729736328125e+00
-2.086714506149291992e-01,-4.712654113769531250e+00
-6.096882224082946777e-01,-2.939598321914672852e+00
-3.471239328384399414e+00,-3.351919174194335938e+00
-5.923390865325927734e+00,-3.042046785354614258e+00
2.221627950668334961e+00,-3.071443080902099609e+00
-3.521522998809814453e+00,-3.614013195037841797e+00
2.535786628723144531e+00,-2.267825841903686523e+00
9.841101169586181641e-01,-2.902008533477783203e+00
-3.165922641754150391e+00,-3.075738906860351562e+00
-3.121902465820312500e+00,-3.998232841491699219e+00
-3.174388408660888672e+00,-2.588086128234863281e+00
-2.814192295074462891e+00,-1.201475858688354492e+00
5.225265026092529297e-01,-2.859914064407348633e+00
-3.955653190612792969e+00,-4.512794971466064453e+00
-1.957804799079895020e+00,-2.713730573654174805e+00
-3.667113304138183594e+00,-3.851886272430419922e+00
-2.484660863876342773e+00,-5.169743061065673828e+00
-4.982834756374359131e-01,-3.263716936111450195e+00
-3.614078283309936523e+00,-3.313467025756835938e+00
-8.468055725097656250e-02,-1.681580781936645508e+00
-1.363890290260314941e+00,-3.300798892974853516e+00
-8.287411332130432129e-01,-2.297673702239990234e+00
-2.245031356811523438e+00,-3.984535694122314453e+00
-1.446654915809631348e+00,-2.923357486724853516e+00
1.228929758071899414e+00,-3.595267057418823242e+00
-6.302006721496582031e+00,-4.579418182373046875e+00
7.727888226509094238e-01,-2.618998527526855469e+00
1.480945706367492676e+00,-3.469035387039184570e+00
-1.124784350395202637e+00,-3.473214387893676758e+00
-1.754377961158752441e+00,-3.832212686538696289e+00
-1.044304728507995605e+00,-2.499287366867065430e+00
-2.807512044906616211e+00,-3.019000053405761719e+00
3.162183761596679688e-01,-3.269688129425048828e+00
-1.236137226223945618e-01,-3.000483751296997070e+00
-2.135178446769714355e-02,-4.062359809875488281e+00
1.771419525146484375e+00,-2.439906120300292969e+00
-1.629084944725036621e+00,-2.379260301589965820e+00
-2.907035112380981445e+00,-2.875875473022460938e+00
-1.178057074546813965e+00,-3.010195732116699219e+00
-2.392805099487304688e+00,-3.271209716796875000e+00
-7.134896516799926758e-01,-3.560254812240600586e+00
1.039937615394592285e+00,-3.323823928833007812e+00
7.485573887825012207e-01,-1.813777923583984375e+00
-2.719217538833618164e+00,-2.976914882659912109e+00
-1.637950897216796875e+00,-2.573104858398437500e+00
-1.485422611236572266e+00,-3.362946033477783203e+00
-5.687319636344909668e-01,-3.288904905319213867e+00
-2.659745454788208008e+00,-2.724288463592529297e+00
-3.186964988708496094e+00,-3.048440456390380859e+00
1.867090582847595215e+00,-2.882073402404785156e+00
-9.285507798194885254e-01,-3.014563083648681641e+00
-1.083299756050109863e+00,-2.922988891601562500e+00
-8.537111878395080566e-01,-2.485383987426757812e+00
-2.348280668258666992e+00,-2.742777347564697266e+00
-5.004519224166870117e-01,-2.524702787399291992e+00
1.646282911300659180e+00,-3.648393630981445312e+00
-1.299122095108032227e+00,-3.381609201431274414e+00
2.447941780090332031e+00,-2.842927694320678711e+00
-2.107338666915893555e+00,-3.773292779922485352e+00
3.674751520156860352e+00,-3.248579502105712891e-01
-2.541287899017333984e+00,-3.649321556091308594e+00
-5.301521778106689453e+00,-3.296827077865600586e+00
-2.905263900756835938e+00,-2.581735134124755859e+00
-2.420749425888061523e+00,-2.764947652816772461e+00
-9.514911770820617676e-01,-3.473967790603637695e+00
9.123665094375610352e-01,-3.057982206344604492e+00
-6.642934679985046387e-01,-3.836462974548339844e+00
-4.316507816314697266e+00,-6.074604034423828125e+00
-2.574478387832641602e-01,-3.056733131408691406e+00
2.783350646495819092e-01,-3.186438083648681641e+00
9.084473848342895508e-01,-1.496290922164916992e+00
1.633113861083984375e+00,-3.539597511291503906e+00
-2.625645399093627930e+00,-2.561427593231201172e+00
-2.503416061401367188e+00,-2.936390638351440430e+00
-3.245034933090209961e+00,-3.524009943008422852e+00
-1.300097227096557617e+00,-3.057618856430053711e+00
-3.043152093887329102e+00,-2.160513401031494141e+00
-8.008656501770019531e-01,-3.220865964889526367e+00
-2.352136611938476562e+00,-3.697408199310302734e+00
1.390499353408813477e+00,-3.777605533599853516e+00
-3.346017301082611084e-01,-2.926587104797363281e+00
-1.982489824295043945e+00,-3.936006546020507812e+00
-3.219085216522216797e+00,-2.793626785278320312e+00
-6.569966673851013184e-03,-2.906533241271972656e+00
-2.634211063385009766e+00,-3.977614641189575195e+00
-1.820826888084411621e+00,-4.033407211303710938e+00
-3.076044321060180664e+00,-2.269417047500610352e+00
-3.063838958740234375e+00,-2.268955469131469727e+00
-3.340911388397216797e+00,-5.267814636230468750e+00
-3.289962768554687500e+00,-2.872254133224487305e+00
-2.483768463134765625e+00,-4.329658985137939453e+00
-3.533712625503540039e+00,-3.704852104187011719e+00
8.550066947937011719e-01,-4.600334644317626953e+00
-1.366983056068420410e-01,-3.160625457763671875e+00
8.566365838050842285e-01,-2.925759553909301758e+00
-6.642934679985046387e-01,-3.836462974548339844e+00
-3.608985662460327148e+00,-3.331865787506103516e+00
-2.500953674316406250e+00,-3.607205867767333984e+00
-2.096576929092407227e+00,-3.614681482315063477e+00
-3.738111495971679688e+00,-3.601220130920410156e+00
1.310218572616577148e+00,-3.902646064758300781e+00
-3.987976551055908203e+00,-3.223231554031372070e+00
-9.110679626464843750e-01,-3.430031776428222656e+00
-4.534695625305175781e+00,-4.876588821411132812e+00
-3.550445556640625000e+00,-2.491559505462646484e+00
-2.688710689544677734e+00,-3.998570680618286133e+00
-3.662968635559082031e+00,-3.280733108520507812e+00
-6.864882111549377441e-01,-3.476583719253540039e+00
-7.764493465423583984e+00,-3.487563371658325195e+00
-3.052360773086547852e+00,-2.266868591308593750e+00
-1.583255648612976074e+00,-4.633666038513183594e+00
-3.008282184600830078e+00,-2.975085258483886719e+00
-1.339080572128295898e+00,-3.169207096099853516e+00
2.031424045562744141e+00,-2.533124923706054688e+00
-3.079428672790527344e+00,-3.435162067413330078e+00
-5.141614079475402832e-01,-3.159354448318481445e+00
-1.789827346801757812e-01,-3.330498933792114258e+00
2.298705816268920898e+00,-3.573947668075561523e+00
-1.309722661972045898e-01,-3.194952726364135742e+00
2.215055823326110840e-01,-2.730749845504760742e+00
-2.710180759429931641e+00,-3.580647230148315430e+00
-3.400900959968566895e-01,-3.270637512207031250e+00
1.503377437591552734e+00,-3.071036815643310547e+00
-1.748619675636291504e+00,-3.544387578964233398e+00
8.035441040992736816e-01,-2.916890144348144531e+00
-7.637769579887390137e-01,-3.393431425094604492e+00
1.609366893768310547e+00,-3.583620309829711914e+00
2.748822867870330811e-01,-3.106742143630981445e+00
3.777349233627319336e+00,-2.307755708694458008e+00
-2.660634040832519531e+00,-3.553488254547119141e+00
-1.963394045829772949e+00,-4.860101222991943359e+00
-1.429200172424316406e+00,-2.214461565017700195e+00
9.773194789886474609e-01,-2.381834983825683594e+00
-1.542888998985290527e+00,-3.564254283905029297e+00
-7.490225315093994141e+00,-4.541716098785400391e+00
9.279800653457641602e-01,-2.581373691558837891e+00
-3.906387805938720703e+00,-3.890509366989135742e+00
-1.792706251144409180e+00,-3.870912313461303711e+00
-3.822485446929931641e+00,-3.552424192428588867e+00
-2.947798728942871094e+00,-2.873249530792236328e+00
1.779288411140441895e+00,-2.133848905563354492e+00
-1.624490261077880859e+00,-5.680681705474853516e+00
-2.135178446769714355e-02,-4.062359809875488281e+00
-9.058607816696166992e-01,-3.929748773574829102e+00
4.809600353240966797e+00,-3.056330680847167969e+00
1.142815828323364258e+00,-3.401306867599487305e+00
-1.042400717735290527e+00,-3.851412773132324219e+00
3.124649524688720703e+00,-2.289263010025024414e+00
-4.718015193939208984e-01,-3.738657951354980469e+00
-7.861762046813964844e+00,-5.062755584716796875e+00
1.349442601203918457e+00,-3.430549383163452148e+00
-5.369123220443725586e-01,-3.456541061401367188e+00
3.333665370941162109e+00,-1.959265708923339844e+00
1.262686967849731445e+00,-2.706815958023071289e+00
-3.292187452316284180e+00,-3.534322738647460938e+00
-2.634523868560791016e+00,-1.709716320037841797e+00
3.869113683700561523e+00,-2.309485912322998047e+00
-3.788933753967285156e-01,-2.852968215942382812e+00
-4.171573817729949951e-01,-2.961962938308715820e+00
2.604356050491333008e+00,-2.860437870025634766e+00
2.544397354125976562e+00,-2.304435729980468750e+00
4.151203334331512451e-01,-3.273049592971801758e+00
-2.653152704238891602e+00,-2.414742469787597656e+00
1.310218572616577148e+00,-3.902646064758300781e+00
-1.422837227582931519e-01,-2.797350645065307617e+00
3.052110195159912109e+00,-1.872626185417175293e+00
5.377897024154663086e-01,-3.663096904754638672e+00
1.349874377250671387e+00,-1.086565494537353516e+00
-1.235338211059570312e+00,-2.662580013275146484e+00
1.376358628273010254e+00,-2.831688404083251953e+00
-2.641406536102294922e+00,-3.941253900527954102e+00
6.372841596603393555e-01,-2.994375705718994141e+00
-9.125042706727981567e-02,-3.478431940078735352e+00
-3.359033584594726562e+00,-3.619509935379028320e+00
-3.098763227462768555e+00,-2.955235242843627930e+00
-3.273742675781250000e+00,-4.362157344818115234e+00
-3.092303991317749023e+00,-3.032056570053100586e+00
-4.759117066860198975e-01,-2.958609819412231445e+00
1.093259334564208984e+00,-2.906312227249145508e+00
-5.484570026397705078e+00,-3.502364873886108398e+00
3.515564203262329102e+00,-2.236134529113769531e+00
3.385957002639770508e+00,-1.958827495574951172e+00
1.194937467575073242e+00,-2.670293331146240234e+00
-2.096576929092407227e+00,-3.614681482315063477e+00
1.451944947242736816e+00,-2.432695865631103516e+00
2.206446409225463867e+00,-2.105180978775024414e+00
5.269474506378173828e+00,-2.607576847076416016e+00
-6.275543212890625000e+00,-3.559255123138427734e+00
-3.542373180389404297e+00,-5.361329078674316406e+00
-1.634518384933471680e+00,-3.881939411163330078e+00
2.995265245437622070e+00,-3.803397893905639648e+00
-7.347818017005920410e-01,-2.743713378906250000e+00
-1.949358880519866943e-01,-3.296981096267700195e+00
2.876183032989501953e+00,-2.458628892898559570e+00
-5.109792232513427734e+00,-2.399031639099121094e+00
-3.751752376556396484e+00,-3.688802719116210938e+00
1.867090582847595215e+00,-2.882073402404785156e+00
1.417199492454528809e+00,-3.429032802581787109e+00
-2.047873497009277344e+00,-3.398816347122192383e+00
2.189927816390991211e+00,-2.283296823501586914e+00
-1.730947852134704590e+00,-3.529120922088623047e+00
7.490114569664001465e-01,-2.467051982879638672e+00
-2.697081565856933594e+00,-2.631119966506958008e+00
-6.690766334533691406e+00,-4.644415855407714844e+00
1.417888402938842773e+00,-3.738467693328857422e+00
-6.302006721496582031e+00,-4.579418182373046875e+00
-1.086934804916381836e+00,-3.493734598159790039e+00
1.499724388122558594e+00,-2.551693677902221680e+00
-4.152007102966308594e+00,-3.512182950973510742e+00
-5.109590053558349609e+00,-2.877825498580932617e+00
-6.456373691558837891e+00,-4.370251178741455078e+00
-3.185845851898193359e+00,-2.965321779251098633e+00
-3.178406953811645508e+00,-3.631110668182373047e+00
3.888956606388092041e-01,-3.437981605529785156e+00
-3.149718999862670898e+00,-3.750416278839111328e+00
1.271022081375122070e+00,-3.948140621185302734e+00
-4.368626773357391357e-01,-4.847288608551025391e+00
-2.726661205291748047e+00,-1.736931562423706055e+00
-2.932698726654052734e+00,-2.934612512588500977e+00
-3.145794153213500977e+00,-2.751701593399047852e+00
2.559985399246215820e+00,-3.126451730728149414e+00
-8.457727432250976562e-01,-3.193711280822753906e+00
-2.071937084197998047e+00,-4.062756538391113281e+00
-1.515300035476684570e+00,-3.565057039260864258e+00
-3.040493249893188477e+00,-3.026175737380981445e+00
-3.675968885421752930e+00,-4.197429180145263672e+00
-3.460206270217895508e+00,-2.122451066970825195e+00
7.993424534797668457e-01,-2.948824644088745117e+00
3.449130535125732422e+00,-2.915602922439575195e+00
1.520848035812377930e+00,-3.496770381927490234e+00
-3.391447544097900391e+00,-3.972000837326049805e+00
-2.086416244506835938e+00,-4.022633552551269531e+00
9.353127479553222656e-01,-5.345810413360595703e+00
-3.086949348449707031e+00,-3.030280351638793945e+00
-3.015014648437500000e+00,-2.847223758697509766e+00
-2.117477178573608398e+00,-8.515363931655883789e-01
3.211075305938720703e+00,-1.370157361030578613e+00
2.690010786056518555e+00,-1.859435915946960449e+00
1.069642305374145508e+00,-3.719008445739746094e+00
-2.454148292541503906e+00,-3.456970453262329102e+00
-2.279888987541198730e-01,-4.502472877502441406e+00
-2.617771387100219727e+00,-2.482619762420654297e+00
-2.312844038009643555e+00,-1.890707373619079590e+00
-4.911579489707946777e-01,-3.426996946334838867e+00
-2.223372220993041992e+00,-3.089676618576049805e+00
4.979820549488067627e-01,-2.994189500808715820e+00
-9.017174839973449707e-01,-2.640568971633911133e+00
-3.370890617370605469e-01,-3.325460672378540039e+00
-5.154213428497314453e+00,-4.453707695007324219e+00
1.990248203277587891e+00,-2.465444087982177734e+00
3.481313467025756836e+00,-3.570199489593505859e+00
1.309683561325073242e+00,-2.423502445220947266e+00
-2.115755081176757812e+00,-1.958619832992553711e+00
-1.034698009490966797e+00,-2.975404739379882812e+00
1.682594180107116699e+00,-2.918643712997436523e+00
2.242157459259033203e+00,-2.173911094665527344e+00
1.150795102119445801e+00,-2.338170528411865234e+00
1.808884739875793457e-01,-2.408096313476562500e+00
1.346946716308593750e+00,-3.227607965469360352e+00
1.631487011909484863e+00,-3.426021337509155273e+00
-1.903158068656921387e+00,-2.864257335662841797e+00
5.690377712249755859e+00,-3.562477111816406250e+00
-3.983163595199584961e+00,-4.131013393402099609e+00
1.333754181861877441e+00,-1.425743341445922852e+00
1.427288770675659180e+00,-1.940998077392578125e+00
-2.116679906845092773e+00,-4.136464118957519531e+00
-2.296978950500488281e+00,-4.324443340301513672e+00
-3.517983481287956238e-02,-3.470908880233764648e+00
-1.470400929450988770e+00,-3.117159605026245117e+00
2.230156183242797852e+00,-2.279327392578125000e+00
-2.786021232604980469e+00,-2.984731674194335938e+00
-1.129731774330139160e+00,-2.494990587234497070e+00
3.248993873596191406e+00,-2.606421470642089844e+00
2.294410943984985352e+00,-2.592187166213989258e+00
4.298145473003387451e-01,-3.325491905212402344e+00
-4.315904617309570312e+00,-5.194226264953613281e+00
-2.425140380859375000e+00,-3.218069076538085938e+00
-1.372686326503753662e-01,-3.625838994979858398e+00
-3.279436588287353516e+00,-3.328516721725463867e+00
-3.684225559234619141e+00,-3.754378795623779297e+00
-2.686019659042358398e+00,-1.998926758766174316e+00
1.566151976585388184e+00,-2.611239194869995117e+00
-4.401052951812744141e+00,-4.665752887725830078e+00
-3.472536802291870117e+00,-4.600453376770019531e+00
-2.107338666915893555e+00,-3.773292779922485352e+00
-1.899314641952514648e+00,-3.461029052734375000e+00
-9.514911770820617676e-01,-3.473967790603637695e+00
-2.206607103347778320e+00,-1.605662226676940918e+00
-3.270329236984252930e+00,-3.016633510589599609e+00
-2.832539319992065430e+00,-5.866989612579345703e+00
1.519080877304077148e+00,-2.738784074783325195e+00
-1.835172533988952637e+00,-5.753099441528320312e+00
-2.526757001876831055e+00,-3.143672227859497070e+00
9.882922172546386719e-01,-3.187416791915893555e+00
2.415373802185058594e+00,-2.340182542800903320e+00
2.812444210052490234e+00,-3.832126855850219727e+00
-2.810137510299682617e+00,-3.282241106033325195e+00
-3.359951257705688477e+00,-2.459365367889404297e+00
-5.740691184997558594e+00,-4.698496341705322266e+00
1.302659153938293457e+00,-3.361387729644775391e+00
1.535637259483337402e+00,-4.020514488220214844e+00
-5.060399532318115234e+00,-3.117759943008422852e+00
-3.184570074081420898e+00,-3.227090597152709961e+00
2.530161142349243164e+00,-3.406933784484863281e+00
-1.645182371139526367e+00,-3.772229433059692383e+00
-2.681870460510253906e+00,-3.156952857971191406e+00
1.442944705486297607e-01,-2.777460813522338867e+00
-2.640893220901489258e+00,-2.355143547058105469e+00
1.586386322975158691e+00,-3.605252027511596680e+00
8.673750162124633789e-01,-3.646283864974975586e+00
3.333665370941162109e+00,-1.959265708923339844e+00
3.123651742935180664e+00,-2.215475559234619141e+00
1.765514016151428223e+00,-2.096028327941894531e+00
-3.170557975769042969e+00,-3.224372863769531250e+00
2.839310407638549805e+00,-3.521641492843627930e+00
-2.879011392593383789e+00,-2.802549600601196289e+00
-2.279605627059936523e+00,-2.705893754959106445e+00
1.677654743194580078e+00,-2.364028692245483398e+00
-6.849206686019897461e-01,-2.903253316879272461e+00
-2.637645006179809570e+00,-4.951449871063232422e+00
-1.401609182357788086e+00,-3.328677892684936523e+00
-2.261961102485656738e-01,-3.154656887054443359e+00
-7.017605304718017578e-01,-3.051543474197387695e+00
-1.515887975692749023e-01,-2.684158802032470703e+00
-1.178057074546813965e+00,-3.010195732116699219e+00
1.039937615394592285e+00,-3.323823928833007812e+00
-9.003206491470336914e-01,-3.706166028976440430e+00
-2.484953880310058594e+00,-2.415608406066894531e+00
2.040505170822143555e+00,-2.586061477661132812e+00
1.836457252502441406e+00,-2.007914066314697266e+00
-2.927481174468994141e+00,-2.827757120132446289e+00
-2.861379146575927734e+00,-2.949612379074096680e+00
1.354917764663696289e+00,-3.424304962158203125e+00
-2.371387720108032227e+00,-1.927539944648742676e+00
-2.199838161468505859e+00,-2.630906820297241211e+00
1.033805727958679199e+00,-3.837977409362792969e+00
-3.233331918716430664e+00,-3.209293365478515625e+00
-6.182429790496826172e-01,-3.721906900405883789e+00
1.469539999961853027e+00,-2.232117176055908203e+00
4.415909349918365479e-01,-2.730118989944458008e+00
-3.076189041137695312e+00,-2.931541204452514648e+00
-1.123607277870178223e+00,-3.098774194717407227e+00
-2.532993078231811523e+00,-3.663266181945800781e+00
-3.070005416870117188e+00,-3.177470445632934570e+00
-3.262477874755859375e+00,-3.331022024154663086e+00
-3.121698379516601562e+00,-2.973854780197143555e+00
-6.419590473175048828e+00,-4.529207706451416016e+00
-2.804567098617553711e+00,-3.875980138778686523e+00
5.582506060600280762e-01,-4.834232330322265625e+00
-3.750036954879760742e+00,-4.643348217010498047e+00
-3.405619144439697266e+00,-5.551309108734130859e+00
4.261211454868316650e-01,-3.318216323852539062e+00
-6.198015213012695312e-01,-3.857761144638061523e+00
6.036959290504455566e-01,-2.859886884689331055e+00
-8.423839807510375977e-01,-2.797253370285034180e+00
-2.686177968978881836e+00,-2.581588268280029297e+00
-3.178406953811645508e+00,-3.631110668182373047e+00
-3.222135305404663086e-01,-3.657758951187133789e+00
-6.456369876861572266e+00,-4.218331336975097656e+00
1.285918712615966797e+00,-1.925239443778991699e+00
8.293941617012023926e-01,-3.524801969528198242e+00
3.805748701095581055e+00,-2.231476068496704102e+00
-3.139020442962646484e+00,-3.074730873107910156e+00
4.272552013397216797e+00,-1.553992748260498047e+00
-7.533929944038391113e-01,-3.739880800247192383e+00
-7.718442082405090332e-01,-3.107134342193603516e+00
3.536277294158935547e+00,-1.291076898574829102e+00
2.142374038696289062e+00,-2.355838775634765625e+00
-2.403748512268066406e+00,-3.598252296447753906e+00
-2.929392337799072266e+00,-2.644620180130004883e+00
-2.093579292297363281e+00,-2.688530445098876953e+00
-1.672353029251098633e+00,-2.845982789993286133e+00
3.367396891117095947e-01,-3.044602870941162109e+00
1.196097850799560547e+00,-2.784582138061523438e+00
-2.153963088989257812e+00,-3.337593317031860352e+00
4.380795478820800781e+00,-2.807197809219360352e+00
-3.665633201599121094e+00,-3.496467351913452148e+00
1.267120003700256348e+00,-3.828756809234619141e+00
2.847937822341918945e+00,-2.285129547119140625e+00
-2.437943458557128906e+00,-1.889955997467041016e+00
-4.890649020671844482e-01,-3.114989995956420898e+00
-6.731052398681640625e+00,-4.945914745330810547e+00
1.510311961174011230e+00,-3.151681184768676758e+00
1.378003597259521484e+00,-3.131273508071899414e+00
1.176683902740478516e+00,-3.933580398559570312e+00
-2.950125455856323242e+00,-3.158811807632446289e+00
3.313728868961334229e-01,-3.887093782424926758e+00
-1.456522464752197266e+00,-2.850997924804687500e+00
-1.952807664871215820e+00,-3.329230546951293945e+00
1.742146253585815430e+00,-2.173671483993530273e+00
-2.093579292297363281e+00,-2.688530445098876953e+00
-1.354169487953186035e+00,-3.248884916305541992e+00
2.093662023544311523e+00,-2.479131460189819336e+00
1.985482454299926758e+00,-3.474365472793579102e+00
-2.811643838882446289e+00,-2.772841453552246094e+00
1.750759840011596680e+00,-2.324569702148437500e+00
2.267383575439453125e+00,-2.614461660385131836e+00
1.091680288314819336e+00,-2.694451570510864258e+00
-2.488990306854248047e+00,-2.411671638488769531e+00
-3.460580587387084961e+00,-1.364881992340087891e+00
-2.759139060974121094e+00,-2.774168252944946289e+00
-4.611154556274414062e+00,-4.607378482818603516e+00
-1.627578377723693848e+00,-3.768839836120605469e+00
-6.081836223602294922e-01,-3.597112655639648438e+00
6.969074010848999023e-01,-3.013948440551757812e+00
9.319396018981933594e-01,-2.612416982650756836e+00
-3.769906520843505859e+00,-3.643247365951538086e+00
-1.440684199333190918e+00,-2.686326742172241211e+00
1.244978070259094238e+00,-3.378289461135864258e+00
-2.831109285354614258e+00,-3.493981122970581055e+00
-2.405471086502075195e+00,-4.822675228118896484e+00
-2.026334285736083984e+00,-1.880097508430480957e+00
-3.320523262023925781e+00,-1.436223387718200684e+00
2.835679531097412109e+00,-3.642617225646972656e+00
1.768603205680847168e+00,-2.087252855300903320e+00
-1.252789974212646484e+00,-3.571299314498901367e+00
7.161564826965332031e-01,-2.826799392700195312e+00
1.982403755187988281e+00,-2.561695575714111328e+00
-2.811626672744750977e+00,-2.629014968872070312e+00
-4.418263435363769531e-01,-2.862957477569580078e+00
-1.446654915809631348e+00,-2.923357486724853516e+00
-4.152007102966308594e+00,-3.512182950973510742e+00
6.441465616226196289e-01,-2.638736963272094727e+00
-2.980900049209594727e+00,-3.184826135635375977e+00
1.266192674636840820e+00,-3.298266649246215820e+00
-2.541287899017333984e+00,-3.649321556091308594e+00
1.407267570495605469e+00,-3.370869398117065430e+00
-4.915215671062469482e-01,-3.253184795379638672e+00
1.058562040328979492e+00,-3.396156072616577148e+00
-2.581500291824340820e+00,-4.538198947906494141e+00
-1.686887621879577637e+00,-3.250616073608398438e+00
-3.105924844741821289e+00,-2.180118799209594727e+00
-2.366358518600463867e+00,-2.547006607055664062e+00
8.681259155273437500e-01,-3.440535783767700195e+00
-4.467401504516601562e+00,-4.960973262786865234e+00
-8.964496850967407227e-01,-3.861140966415405273e+00
-3.142384052276611328e+00,-3.418671607971191406e+00
-3.433125495910644531e+00,-3.791274785995483398e+00
-3.517386913299560547e+00,-3.348092317581176758e+00
2.682456493377685547e+00,-2.282073974609375000e+00
-3.569683790206909180e+00,-2.401920557022094727e+00
-5.992480754852294922e+00,-3.319082736968994141e+00
-3.251622438430786133e+00,-3.096982955932617188e+00
3.340062797069549561e-01,-3.938580036163330078e+00
-2.255294322967529297e+00,-4.796242237091064453e+00
2.988369166851043701e-01,-3.716145277023315430e+00
-8.069139122962951660e-01,-4.228693008422851562e+00
1.363985061645507812e+00,-2.865296363830566406e+00
1.447264790534973145e+00,-3.759371995925903320e+00
-5.263510346412658691e-01,-3.118984222412109375e+00
-2.616892337799072266e+00,-4.515370368957519531e+00
-2.183648586273193359e+00,-4.391852378845214844e+00
3.536277294158935547e+00,-1.291076898574829102e+00
2.115459203720092773e+00,-2.264600515365600586e+00
-3.093810081481933594e+00,-2.554363965988159180e+00
-1.161856532096862793e+00,-2.854731082916259766e+00
1.268929004669189453e+00,-3.630019903182983398e+00
-3.233331918716430664e+00,-3.209293365478515625e+00
-1.621055364608764648e+00,-3.602728843688964844e+00
-3.293876945972442627e-01,-2.926463603973388672e+00
1.891686677932739258e+00,-2.172049045562744141e+00
3.564469575881958008e+00,-2.449100494384765625e+00
1.902192592620849609e+00,-2.239126443862915039e+00
-3.653846740722656250e+00,-4.993584156036376953e+00
-1.330767273902893066e+00,-3.453877925872802734e+00
2.097223043441772461e+00,-2.716035604476928711e+00
-7.381964325904846191e-01,-2.945123434066772461e+00
-6.437351703643798828e+00,-4.554642677307128906e+00
2.056499719619750977e+00,-2.530640602111816406e+00
-3.149718999862670898e+00,-3.750416278839111328e+00
-3.665633201599121094e+00,-3.496467351913452148e+00
-3.038380384445190430e+00,-2.899907588958740234e+00
-3.931473255157470703e+00,-2.871743440628051758e+00
-1.690759658813476562e+00,-3.911274909973144531e+00
-1.876243472099304199e+00,-4.741202354431152344e+00
-2.634523868560791016e+00,-1.709716320037841797e+00
2.039009571075439453e+00,-3.319892644882202148e+00
7.186287045478820801e-01,-3.038424015045166016e+00
5.468667030334472656e+00,-1.884933710098266602e+00
7.109723240137100220e-02,-2.763084411621093750e+00
2.580771923065185547e+00,-6.061077117919921875e-01
-2.005153179168701172e+00,-3.440039873123168945e+00
-2.811643838882446289e+00,-2.772841453552246094e+00
4.174341201782226562e+00,-1.547903418540954590e+00
-3.614078283309936523e+00,-3.313467025756835938e+00
3.556456267833709717e-01,-2.931487321853637695e+00
-2.490767478942871094e+00,-1.819923162460327148e+00
-1.393739283084869385e-01,-3.653529882431030273e+00
-2.325771570205688477e+00,-2.045533418655395508e+00
1.992758750915527344e+00,-3.792131423950195312e+00
9.104108810424804688e-01,-3.249119281768798828e+00
-2.494390726089477539e+00,-4.341334342956542969e+00
1.181897878646850586e+00,-3.192612171173095703e+00
7.208398580551147461e-01,-3.101305723190307617e+00
9.982851743698120117e-01,-2.786850690841674805e+00
1.224766135215759277e+00,-2.360785722732543945e+00
4.782378673553466797e+00,-2.119334936141967773e+00
-3.664121031761169434e-01,-3.470165491104125977e+00
-3.662511110305786133e+00,-5.132983207702636719e+00
4.325558662414550781e+00,-1.773789882659912109e+00
-8.964496850967407227e-01,-3.861140966415405273e+00
1.467922568321228027e+00,-2.903060436248779297e+00
-8.123825490474700928e-02,-3.759656906127929688e+00
-2.917409896850585938e+00,-2.701358079910278320e+00
8.966819047927856445e-01,-3.459936618804931641e+00
-4.701590240001678467e-01,-3.641217231750488281e+00
-3.868891477584838867e+00,-3.926828861236572266e+00
-1.954960227012634277e+00,-3.760249137878417969e+00
-2.602815389633178711e+00,-2.787400722503662109e+00
6.248960644006729126e-02,-3.179013967514038086e+00
-1.339080572128295898e+00,-3.169207096099853516e+00
1.672047972679138184e+00,-2.338132619857788086e+00
-6.515809297561645508e-01,-2.856242418289184570e+00
-2.494390726089477539e+00,-4.341334342956542969e+00
-1.773587107658386230e+00,-3.576676845550537109e+00
-2.811055898666381836e+00,-3.616305351257324219e+00
4.322244644165039062e+00,-3.604857444763183594e+00
-8.222913146018981934e-01,-4.374076843261718750e+00
1.860050201416015625e+00,-2.498289108276367188e+00
-2.119719028472900391e+00,-3.876249074935913086e+00
-2.719217538833618164e+00,-2.976914882659912109e+00
1.488591194152832031e+00,-3.346141576766967773e+00
-3.166837453842163086e+00,-3.111442804336547852e+00
-3.194703340530395508e+00,-2.956679821014404297e+00
-1.444445133209228516e+00,-3.093131780624389648e+00
2.839310407638549805e+00,-3.521641492843627930e+00
-3.694466054439544678e-01,-2.100731849670410156e+00
-8.484973907470703125e-01,-1.619214415550231934e+00
-6.849206686019897461e-01,-2.903253316879272461e+00
2.370017528533935547e+00,-2.195135593414306641e+00
-1.510330200195312500e+00,-3.687575578689575195e+00
1.038365602493286133e+00,-2.733251571655273438e+00
-2.509032487869262695e+00,-4.648425102233886719e+00
