-3.803975105285644531e+00,-2.734121799468994141e+00
-3.867288589477539062e+00,-3.098526954650878906e+00
-1.199084043502807617e+00,-1.393428146839141846e-01
-8.388600349426269531e-01,-3.821157515048980713e-01
-4.442247390747070312e+00,-3.792332887649536133e+00
-1.142764329910278320e+00,-1.875330656766891479e-01
-4.183647632598876953e+00,-2.133905649185180664e+00
-3.078773736953735352e+00,1.227130651473999023e+00
-1.726076304912567139e-01,-1.666325092315673828e+00
-1.692398786544799805e+00,-5.415873527526855469e+00
-1.214900493621826172e+00,-2.103545665740966797e-01
-3.400252103805541992e+00,-3.602312803268432617e+00
-3.929651498794555664e+00,5.606339573860168457e-01
-4.325551509857177734e+00,-1.924552798271179199e+00
-1.026026368141174316e+00,-6.272628307342529297e-01
-3.652282238006591797e+00,1.578236699104309082e+00
-9.735731482505798340e-01,-4.740553498268127441e-01
-3.891258955001831055e+00,4.602257311344146729e-01
-4.297407627105712891e+00,-3.218028783798217773e+00
-3.658267498016357422e+00,2.315430879592895508e+00
-3.606395483016967773e+00,2.797142267227172852e-01
-3.745019674301147461e+00,-3.311437368392944336e+00
-3.530688762664794922e+00,4.952406883239746094e-01
-4.551076889038085938e-02,-1.734394192695617676e+00
-2.873306751251220703e+00,2.311678081750869751e-01
-1.926654815673828125e+00,5.157980918884277344e+00
-3.667352676391601562e+00,-3.638485431671142578e+00
-1.325291633605957031e+00,-1.196902021765708923e-01
-3.440899372100830078e+00,1.089432477951049805e+00
-4.324917793273925781e+00,-2.242926597595214844e+00
-3.622261524200439453e+00,-1.694403141736984253e-01
1.044040679931640625e+00,-5.970986485481262207e-01
-3.814135074615478516e+00,-9.647810459136962891e-01
-1.383166790008544922e+00,-1.787869930267333984e-01
-2.923628807067871094e+00,2.296097110956907272e-03
3.311653733253479004e-01,-3.872566819190979004e-01
-4.436431884765625000e+00,-3.651364326477050781e+00
-4.019859790802001953e+00,2.446499109268188477e+00
-3.555922269821166992e+00,-4.860416412353515625e+00
-4.486955642700195312e+00,-2.829146862030029297e+00
-4.032932281494140625e+00,-4.435342788696289062e+00
-9.564475417137145996e-01,-6.341406702995300293e-01
-4.391986846923828125e+00,6.059994220733642578e+00
-1.375250101089477539e+00,-5.250281810760498047e+00
-4.423178672790527344e+00,-1.006838679313659668e+00
-2.353483200073242188e+00,-1.778079628944396973e+00
-4.434867382049560547e+00,-2.072663068771362305e+00
-4.115276336669921875e+00,2.692943334579467773e+00
-9.973232150077819824e-01,-5.411870002746582031e+00
-4.223215579986572266e+00,3.337180852890014648e+00
-4.181641578674316406e+00,-3.996020257472991943e-01
-3.825267314910888672e+00,1.828338742256164551e+00
-3.941203117370605469e+00,-3.870709657669067383e+00
1.046480894088745117e+00,-6.048238873481750488e-01
-3.201672077178955078e+00,-6.561226844787597656e-01
-3.633699178695678711e+00,-5.283084392547607422e+00
-3.583890676498413086e+00,-2.193424254655838013e-01
-4.037005901336669922e+00,-3.096053600311279297e+00
-9.423140287399291992e-01,-1.508983969688415527e+00
-3.895136833190917969e+00,-2.058066368103027344e+00
-3.894906044006347656e+00,1.636728286743164062e+00
-3.986252546310424805e+00,-4.275445044040679932e-01
-1.495299577713012695e+00,-6.981275081634521484e-01
-6.421519517898559570e-01,1.087331771850585938e+00
-5.984677076339721680e-01,-1.388399839401245117e+00
-2.142779827117919922e+00,4.418556690216064453e+00
-8.778651952743530273e-01,9.288835525512695312e-01
-3.792806863784790039e+00,3.075541496276855469e+00
-2.653404951095581055e+00,-7.452759742736816406e-01
-3.694431781768798828e+00,-1.835140943527221680e+00
-3.476954221725463867e+00,-3.375835418701171875e+00
-4.112215518951416016e+00,-3.092901468276977539e+00
-3.994781970977783203e+00,-2.462787151336669922e+00
-8.292371034622192383e-01,-1.837634854018688202e-02
-4.032932281494140625e+00,-4.435342788696289062e+00
-1.490231990814208984e+00,-4.506949424743652344e+00
-3.654713392257690430e+00,-7.220247387886047363e-01
-1.296097278594970703e+00,-8.219252526760101318e-02
-1.315853834152221680e+00,1.602312803268432617e+00
-4.105792522430419922e+00,-1.543463468551635742e+00
-3.862807989120483398e+00,8.598922193050384521e-02
-2.225055932998657227e+00,-4.598696231842041016e+00
4.104068279266357422e-01,-9.361243247985839844e-01
-3.601952791213989258e+00,-4.567833423614501953e+00
-4.040805339813232422e+00,4.269263744354248047e+00
-7.403468489646911621e-01,1.153907895088195801e+00
-3.018561124801635742e+00,1.442161321640014648e+00
-5.915967226028442383e-01,-1.547633171081542969e+00
-7.642685174942016602e-01,1.295328497886657715e+00
-1.273334980010986328e+00,-2.601094543933868408e-01
-1.131695747375488281e+00,-1.658757925033569336e+00
-4.327178001403808594e+00,-7.736820578575134277e-01
-3.780353307723999023e+00,2.969479560852050781e+00
-3.666836261749267578e+00,-1.623831510543823242e+00
-3.880038738250732422e+00,3.549821972846984863e-01
-7.232671380043029785e-01,4.716782093048095703e+00
-3.632563591003417969e+00,2.000077247619628906e+00
-3.969993114471435547e+00,-3.947631597518920898e+00
-2.943858861923217773e+00,-4.744607448577880859e+00
-4.006814479827880859e+00,4.078460693359375000e+00
-1.628395795822143555e+00,5.397499799728393555e-01
-3.671866893768310547e+00,-3.819989919662475586e+00
-2.520548105239868164e+00,4.371721744537353516e+00
-3.328986883163452148e+00,-3.767296075820922852e+00
-4.428562641143798828e+00,-2.291419267654418945e+00
-1.459302902221679688e+00,-8.944890499114990234e-01
-3.519577503204345703e+00,-2.192341983318328857e-01
-4.141567707061767578e+00,-4.052962064743041992e-01
-4.588479518890380859e+00,-3.358667373657226562e+00
-4.049719333648681641e+00,1.753200292587280273e+00
-1.004086017608642578e+00,3.428485870361328125e+00
-3.339397192001342773e+00,7.068433761596679688e-01
-3.973337650299072266e+00,-4.364460706710815430e-01
-1.604614496231079102e+00,-5.358794212341308594e+00
-3.842304706573486328e+00,5.501156330108642578e+00
-3.350301742553710938e+00,-1.873599141836166382e-01
-2.093972921371459961e+00,-1.296716213226318359e+00
-3.711431503295898438e+00,-1.894423961639404297e+00
-4.598870754241943359e+00,3.587242662906646729e-01
-3.689540147781372070e+00,3.525138854980468750e+00
-5.003562927246093750e+00,1.182212904095649719e-01
-1.870538234710693359e+00,1.068156242370605469e+01
-6.708138585090637207e-01,7.489503026008605957e-01
-2.670348644256591797e+00,-4.514225482940673828e+00
-3.785023927688598633e+00,6.932550072669982910e-01
-3.501227617263793945e+00,-3.768011093139648438e+00
-4.044281005859375000e+00,1.321377038955688477e+00
5.051620602607727051e-01,-3.459225654602050781e+00
-3.065922021865844727e+00,1.335454702377319336e+00
-3.943726539611816406e+00,8.568022847175598145e-01
-3.643718004226684570e+00,-4.739929676055908203e+00
-6.756575703620910645e-01,1.015444993972778320e+00
-3.839288949966430664e+00,-1.787923336029052734e+00
6.728767156600952148e-01,-1.427430748939514160e+00
-3.805670261383056641e+00,2.045397281646728516e+00
-2.171926975250244141e+00,2.243987798690795898e+00
-7.499368190765380859e-01,-1.264482855796813965e+00
-4.293468952178955078e+00,1.553635358810424805e+00
-1.460887670516967773e+00,-4.521523475646972656e+00
1.212126016616821289e+00,-4.894950687885284424e-01
-9.524116516113281250e-01,-4.657151699066162109e-01
-4.040805339813232422e+00,4.269263744354248047e+00
-4.884809970855712891e+00,4.569324970245361328e+00
-1.443147659301757812e+00,-8.261235803365707397e-02
1.488418102264404297e+00,4.012471199035644531e+00
-9.564475417137145996e-01,-6.341406702995300293e-01
-3.810019791126251221e-01,-1.370653510093688965e+00
-1.214900493621826172e+00,-2.103545665740966797e-01
-1.152840614318847656e+00,-5.547285079956054688e-01
-3.692741155624389648e+00,-2.720922946929931641e+00
-3.698490381240844727e+00,-4.111474514007568359e+00
-5.027250766754150391e+00,-3.957376241683959961e+00
-3.320988893508911133e+00,1.567829251289367676e+00
-4.492466926574707031e+00,-3.364515066146850586e+00
-1.321242570877075195e+00,-2.584833502769470215e-01
-1.121665954589843750e+00,-6.233069896697998047e-01
-3.408142566680908203e+00,-1.233139991760253906e+00
4.088534712791442871e-01,-7.976096272468566895e-01
-3.406906604766845703e+00,3.006744861602783203e+00
-3.244249343872070312e+00,-3.205034971237182617e+00
-3.354825973510742188e+00,4.177287101745605469e+00
-3.545372009277343750e+00,1.245137810707092285e+00
-3.526962280273437500e+00,-4.394233226776123047e+00
-1.508295774459838867e+00,1.918997056782245636e-02
-7.194890379905700684e-01,-1.205910444259643555e+00
-3.420487880706787109e+00,3.293915987014770508e-01
-4.371649265289306641e+00,-3.698166131973266602e+00
-3.388150930404663086e-01,1.474107027053833008e+00
-3.653577804565429688e+00,-2.276181936264038086e+00
-2.362563848495483398e+00,4.368029117584228516e+00
-1.221782207489013672e+00,-8.344222307205200195e-01
-3.927969932556152344e+00,-1.873958587646484375e+00
-2.540577411651611328e+00,-3.971647024154663086e+00
-3.626767158508300781e+00,2.451905012130737305e+00
-1.194574356079101562e+00,-6.140862107276916504e-01
-1.809530258178710938e+00,-4.706153869628906250e+00
-4.402177333831787109e+00,6.402699470520019531e+00
-3.563549041748046875e+00,-3.193885564804077148e+00
-8.292371034622192383e-01,-1.837634854018688202e-02
-2.749346733093261719e+00,6.151069164276123047e+00
-1.542553424835205078e+00,4.687848985195159912e-01
-6.806768178939819336e-01,1.112856864929199219e+00
-4.044800281524658203e+00,2.625761628150939941e-01
-4.018184185028076172e+00,-2.444045543670654297e+00
-5.365580320358276367e-01,1.497791409492492676e+00
1.468527317047119141e+00,-1.642153739929199219e+00
-4.578861713409423828e+00,-1.243352219462394714e-01
1.304365396499633789e-01,-1.160715818405151367e+00
-1.515952587127685547e+00,-2.593318223953247070e-01
-6.336623430252075195e-01,1.484412312507629395e+00
-1.019072055816650391e+00,-8.369212746620178223e-01
-3.310811281204223633e+00,-6.223336219787597656e+00
-3.579424619674682617e+00,1.476009786128997803e-01
-3.293969392776489258e+00,-7.950939238071441650e-02
-3.293969392776489258e+00,-7.950939238071441650e-02
3.548049628734588623e-01,-6.198763251304626465e-01
-2.558593273162841797e+00,-2.212499141693115234e+00
-3.719127416610717773e+00,-3.633298873901367188e+00
-9.817117452621459961e-01,-1.449975013732910156e+00
-3.129441499710083008e+00,-5.070156097412109375e+00
-3.953454017639160156e+00,-3.529931783676147461e+00
-3.086848497390747070e+00,1.497867107391357422e+00
-1.205444574356079102e+00,-2.721720635890960693e-01
-2.992435216903686523e+00,3.896674394607543945e+00
-3.427527904510498047e+00,1.351586699485778809e+00
-3.480190992355346680e+00,-1.439207792282104492e+00
-1.440428972244262695e+00,-1.717277318239212036e-01
-1.916200160980224609e+00,-5.314564704895019531e+00
1.241370916366577148e+00,-8.949559330940246582e-01
-4.836781978607177734e+00,5.872534751892089844e+00
-1.072534799575805664e+00,9.933387637138366699e-01
-1.161901235580444336e+00,8.859040737152099609e-01
-3.906993389129638672e+00,-2.437344789505004883e+00
-4.133316993713378906e+00,-8.625086545944213867e-01
-1.387217283248901367e+00,-9.742255210876464844e-01
-2.609466791152954102e+00,-1.426522433757781982e-01
-7.328537702560424805e-01,-1.663783788681030273e+00
-3.067259550094604492e+00,6.240259855985641479e-02
-3.686367511749267578e+00,-4.406466484069824219e-01
-3.521683692932128906e+00,-3.719832181930541992e+00
-3.662130594253540039e+00,-5.264484882354736328e+00
-3.116657257080078125e+00,4.636250734329223633e-01
-8.263067603111267090e-01,3.855002522468566895e-01
-1.487573862075805664e+00,-1.398828625679016113e+00
-3.339573621749877930e+00,1.929657459259033203e+00
-4.031980037689208984e+00,-1.455754339694976807e-01
-5.120538234710693359e+00,-1.266034603118896484e+00
-1.808915376663208008e+00,6.954746723175048828e+00
-4.861329555511474609e+00,7.960854768753051758e-01
-3.859401464462280273e+00,7.041251659393310547e-01
-1.387878894805908203e+00,-4.977963864803314209e-02
-3.865299463272094727e+00,-3.697475910186767578e+00
-4.127977371215820312e+00,1.121606349945068359e+00
-8.578549027442932129e-01,-4.967085719108581543e-01
-3.641634941101074219e+00,1.441003203392028809e+00
-4.059432983398437500e+00,4.815855622291564941e-01
-4.088520050048828125e+00,4.356915056705474854e-01
-3.964541673660278320e+00,-3.144049882888793945e+00
-4.632684886455535889e-01,1.389239430427551270e+00
-3.666249752044677734e+00,5.501514077186584473e-01
-3.959692239761352539e+00,2.275940179824829102e+00
-6.282526850700378418e-01,1.040207266807556152e+00
-3.513854980468750000e+00,1.850828647613525391e+00
-4.599648475646972656e+00,-3.556206703186035156e+00
-6.864250898361206055e-01,-8.468964695930480957e-01
-3.695928812026977539e+00,6.088314056396484375e+00
-6.885758042335510254e-01,1.103520274162292480e+00
-4.756759643554687500e+00,-2.757041931152343750e+00
6.862821578979492188e-01,-1.060104012489318848e+00
-1.776812076568603516e+00,-5.339828014373779297e+00
-7.195273041725158691e-01,1.183883786201477051e+00
-4.801428020000457764e-01,1.050748705863952637e+00
-1.515952587127685547e+00,-2.593318223953247070e-01
-1.195877075195312500e+00,-5.799118995666503906e+00
-1.732592105865478516e+00,-5.684442520141601562e+00
-1.288727283477783203e+00,-1.483808606863021851e-01
1.299628496170043945e+00,-1.531584501266479492e+00
-4.333814144134521484e+00,1.695948362350463867e+00
-4.976540803909301758e-01,9.092820286750793457e-01
-3.361235857009887695e+00,-4.830493927001953125e-01
-4.255305290222167969e+00,-2.206100463867187500e+00
-1.249966144561767578e+00,-5.605614781379699707e-01
-4.220571517944335938e+00,-1.913315415382385254e+00
-1.177386999130249023e+00,-2.078587263822555542e-01
-3.432813882827758789e+00,2.692378044128417969e+00
-5.886004567146301270e-01,2.710653468966484070e-02
-1.996525049209594727e+00,-6.306791305541992188e+00
-1.200277090072631836e+00,-3.298400342464447021e-01
-4.191015720367431641e+00,-4.861536622047424316e-01
-4.192788600921630859e+00,-3.531241655349731445e+00
-3.325751781463623047e+00,-1.359032653272151947e-02
-8.526313900947570801e-01,-5.419301509857177734e+00
-1.917704343795776367e+00,-4.995872020721435547e+00
-1.422512769699096680e+00,-1.426457762718200684e-01
-3.994619369506835938e+00,-2.715647220611572266e+00
-4.408123493194580078e+00,-2.936889648437500000e+00
-1.893990278244018555e+00,-3.973140478134155273e+00
-4.394196987152099609e+00,-2.881295442581176758e+00
-7.165083885192871094e-01,1.413611054420471191e+00
-1.709116458892822266e+00,1.751462463289499283e-03
-4.421430587768554688e+00,-2.268918603658676147e-01
-5.823441147804260254e-01,1.175984144210815430e+00
-1.277148008346557617e+00,-6.846252918243408203e+00
-4.095505237579345703e+00,-4.364523410797119141e+00
-3.896192550659179688e+00,-3.867659807205200195e+00
-4.456257820129394531e+00,-1.672099232673645020e+00
-4.024765491485595703e+00,3.508877456188201904e-01
-3.804860353469848633e+00,-7.155932188034057617e-01
8.582670092582702637e-01,-6.952803134918212891e-01
-1.494509935379028320e+00,-3.546165823936462402e-01
-3.729332208633422852e+00,-3.336630821228027344e+00
-3.235278129577636719e+00,-2.139737904071807861e-01
-3.646467924118041992e+00,-3.028202950954437256e-01
-3.213313817977905273e+00,3.349978208541870117e+00
-1.053623437881469727e+00,-3.920638859272003174e-01
-8.422386050224304199e-01,-1.170316219329833984e+00
-3.913742303848266602e+00,-2.603839159011840820e+00
-3.712520837783813477e+00,2.025757789611816406e+00
-3.557619810104370117e+00,-3.474357366561889648e+00
3.785449266433715820e-01,-1.614508748054504395e+00
-3.764297962188720703e+00,-4.831886768341064453e+00
-3.491786241531372070e+00,1.377609729766845703e+00
-3.660073757171630859e+00,-3.784811496734619141e+00
-1.578179597854614258e+00,-2.375511825084686279e-01
-3.955495834350585938e+00,-3.687978267669677734e+00
-1.310096979141235352e+00,-2.192277610301971436e-01
-3.441218137741088867e+00,-1.204692363739013672e+00
-4.063933372497558594e+00,1.375982910394668579e-01
-7.811418771743774414e-01,-1.014041543006896973e+00
-1.195377588272094727e+00,4.214522838592529297e-01
-4.155225276947021484e+00,-3.508574724197387695e+00
-9.351165890693664551e-01,-6.081343293190002441e-01
-7.480518817901611328e-01,-5.286751389503479004e-01
-2.797082424163818359e+00,1.824993491172790527e+00
-8.895804286003112793e-01,-3.060574233531951904e-01
-2.401450872421264648e+00,5.316470146179199219e+00
-3.882998466491699219e+00,-4.934035301208496094e+00
-8.172875046730041504e-01,-1.367493033409118652e+00
-3.883222103118896484e+00,-2.236722230911254883e+00
-3.895421981811523438e+00,3.875948667526245117e+00
-4.298720359802246094e+00,-2.292761564254760742e+00
-3.711088180541992188e+00,3.765921354293823242e+00
-7.254434227943420410e-01,1.363604664802551270e+00
4.934211969375610352e-01,-2.430334329605102539e+00
-3.961328983306884766e+00,-3.668358564376831055e+00
-3.615384578704833984e+00,1.191983744502067566e-01
-4.852795302867889404e-01,-1.254204034805297852e+00
-3.761979103088378906e+00,3.639064073562622070e+00
-3.608183145523071289e+00,4.010111689567565918e-01
-4.424517154693603516e+00,4.989291191101074219e+00
-3.128372430801391602e+00,1.479090154170989990e-01
-4.124005317687988281e+00,1.661618709564208984e+00
7.770968079566955566e-01,-4.996835589408874512e-01
-3.814135074615478516e+00,-9.647810459136962891e-01
-2.893199443817138672e+00,1.408092856407165527e+00
-3.926293373107910156e+00,-1.877836465835571289e+00
-3.719706058502197266e+00,4.030747413635253906e+00
-1.218300819396972656e+00,-1.598989665508270264e-01
-2.813233435153961182e-01,-1.730089068412780762e+00
-1.579379320144653320e+00,1.144862323999404907e-01
1.787477731704711914e-01,6.164634227752685547e+00
-6.732087731361389160e-01,1.141698360443115234e+00
-3.478485822677612305e+00,4.684031009674072266e-01
-1.236702919006347656e+00,-1.629704087972640991e-01
-1.162311553955078125e+00,-7.773435711860656738e-01
-2.187018096446990967e-01,-5.563016414642333984e+00
-1.008653640747070312e+00,-7.352260351181030273e-01
-3.240894317626953125e+00,6.992856025695800781e+00
-3.787096261978149414e+00,-3.475417137145996094e+00
6.883378028869628906e-01,-1.976269960403442383e+00
-3.718504667282104492e+00,-3.062000513076782227e+00
-1.549078226089477539e+00,1.438407450914382935e-01
-4.815320968627929688e-01,-1.400176167488098145e+00
-3.569638729095458984e+00,-9.726778268814086914e-01
-4.299796581268310547e+00,2.056003570556640625e+00
-2.800483942031860352e+00,4.311886310577392578e+00
-3.379286289215087891e+00,-1.961103320121765137e+00
-3.734704494476318359e+00,1.914102286100387573e-01
-3.849332571029663086e+00,-3.895702362060546875e-01
3.528604209423065186e-01,-2.768346071243286133e+00
-3.047373533248901367e+00,-4.928215503692626953e+00
-1.893990278244018555e+00,-3.973140478134155273e+00
-4.937665939331054688e+00,-3.315519094467163086e+00
-4.270216464996337891e+00,4.815014898777008057e-01
-4.033959388732910156e+00,-2.957738399505615234e+00
-3.759160995483398438e+00,-2.472939968109130859e+00
-1.148806810379028320e+00,-3.512977659702301025e-01
-2.556186199188232422e+00,-4.920850753784179688e+00
-1.124426364898681641e+00,1.526960283517837524e-01
-1.239179611206054688e+00,1.017583966255187988e+00
-2.774357080459594727e+00,7.350357055664062500e+00
-3.670298337936401367e+00,-1.612838149070739746e+00
-3.478485822677612305e+00,4.684031009674072266e-01
-4.067436218261718750e+00,-2.990868806838989258e+00
-3.503056764602661133e+00,5.620707035064697266e+00
-2.866531133651733398e+00,5.468107700347900391e+00
-1.488538503646850586e+00,-2.675303220748901367e-01
-3.805208683013916016e+00,-3.509201288223266602e+00
-4.553573608398437500e+00,-5.515996813774108887e-01
-4.242600440979003906e+00,1.460366129875183105e+00
-3.869055747985839844e+00,4.366864681243896484e+00
-1.454912424087524414e+00,-6.447380781173706055e-02
1.569389343261718750e+00,-1.446735024452209473e+00
-1.423688411712646484e+00,-2.348688840866088867e-01
-5.984677076339721680e-01,-1.388399839401245117e+00
-3.890464782714843750e+00,8.988531827926635742e-01
-5.700337886810302734e-01,1.400791049003601074e+00
-1.032133221626281738e+00,-2.178214788436889648e-01
-3.893857479095458984e+00,-1.446577429771423340e+00
-2.380163669586181641e+00,-4.834792137145996094e+00
-3.649306058883666992e+00,-1.802523136138916016e+00
-2.466060161590576172e+00,-3.790654182434082031e+00
-3.550304412841796875e+00,-2.488104104995727539e+00
4.373684525489807129e-03,-1.675613284111022949e+00
-3.873869180679321289e-01,-1.061841487884521484e+00
-3.344755887985229492e+00,-5.085643529891967773e-01
-3.904247760772705078e+00,5.804691314697265625e-01
-3.837076663970947266e+00,4.532734870910644531e+00
-3.932192802429199219e+00,3.528962731361389160e-01
-4.481888771057128906e+00,-4.061674594879150391e+00
-9.907351136207580566e-01,-5.843960642814636230e-01
-3.821269750595092773e+00,8.274364471435546875e-01
-1.322719573974609375e+00,-1.151182129979133606e-01
-2.412866115570068359e+00,9.704245567321777344e+00
-3.481442928314208984e+00,-1.421109437942504883e+00
-1.321242570877075195e+00,-2.584833502769470215e-01
-1.278215408325195312e+00,-4.935185015201568604e-01
-3.047880649566650391e+00,1.360607147216796875e+00
-3.451632976531982422e+00,-2.633042097091674805e+00
-2.135513573884963989e-01,-1.982889175415039062e-01
-3.816388845443725586e+00,-1.952982783317565918e+00
-1.053623437881469727e+00,-3.920638859272003174e-01
-7.232671380043029785e-01,4.716782093048095703e+00
-1.457799196243286133e+00,-9.894093871116638184e-02
-1.163047075271606445e+00,-4.011279582977294922e+00
-3.015856027603149414e+00,1.083729743957519531e+00
-3.980962753295898438e+00,-3.585899353027343750e+00
-4.192886829376220703e+00,5.468034744262695312e+00
-1.147962570190429688e+00,-3.509572446346282959e-01
-3.821728467941284180e+00,1.820651531219482422e+00
-1.223895788192749023e+00,-5.267223715782165527e-02
-2.393028736114501953e+00,-4.029948711395263672e+00
-3.395196437835693359e+00,2.263066917657852173e-01
-3.292963981628417969e+00,6.715156078338623047e+00
-2.386420726776123047e+00,-5.274028301239013672e+00
1.892233490943908691e-01,-6.643396615982055664e-01
-1.182678937911987305e+00,-1.075890541076660156e+00
9.370014071464538574e-01,-2.284800291061401367e+00
-4.348397731781005859e+00,7.207299470901489258e-01
-1.119939833879470825e-01,-2.635799646377563477e+00
5.830603837966918945e-01,-7.431324124336242676e-01
-3.828997850418090820e+00,-2.920151472091674805e+00
-3.807239055633544922e+00,-2.290518045425415039e+00
-1.101495623588562012e+00,-3.883539438247680664e-01
-2.492253780364990234e+00,-6.269249439239501953e+00
-3.705801010131835938e+00,-4.558875083923339844e+00
-3.283971071243286133e+00,-1.739421129226684570e+00
-3.797665834426879883e+00,-3.514594316482543945e+00
-5.089114904403686523e-01,1.370541691780090332e+00
-7.990289926528930664e-01,-3.497985657304525375e-03
1.368791103363037109e+00,-7.602682113647460938e-01
-3.126028776168823242e+00,3.243749856948852539e+00
-5.948841571807861328e-01,-7.287072539329528809e-01
-4.574473381042480469e+00,6.193984508514404297e+00
-3.277388811111450195e+00,-1.091461181640625000e+00
-3.571781396865844727e+00,-3.349197387695312500e+00
-1.297438383102416992e+00,-1.439017653465270996e-01
-1.353570461273193359e+00,-9.975699782371520996e-01
7.975442409515380859e-01,-5.708700418472290039e-01
-1.067491769790649414e+00,8.393126130104064941e-01
-4.524452209472656250e+00,-1.821431517601013184e+00
-4.681999683380126953e+00,-1.985131859779357910e+00
-8.469067215919494629e-01,-1.402616143226623535e+00
-1.124426364898681641e+00,1.526960283517837524e-01
-7.387547492980957031e-01,9.726739525794982910e-01
-6.872858405113220215e-01,1.201814889907836914e+00
-4.316165447235107422e+00,2.438833236694335938e+00
-9.167671799659729004e-01,-1.366662234067916870e-01
-4.010956764221191406e+00,3.738301992416381836e+00
-3.843901395797729492e+00,-1.970769278705120087e-02
-3.771149396896362305e+00,-3.617655754089355469e+00
-9.976998567581176758e-01,-9.717433154582977295e-02
-3.447978973388671875e+00,-3.593124866485595703e+00
-4.208361625671386719e+00,8.064673542976379395e-01
-3.942975997924804688e+00,1.529443740844726562e+00
5.345699191093444824e-01,-1.528856158256530762e+00
-4.430887699127197266e-01,1.113475680351257324e+00
-4.723214209079742432e-01,-6.850618124008178711e-01
-4.026305675506591797e+00,-4.216938018798828125e+00
1.542432785034179688e+00,-1.173913955688476562e+00
-2.709213733673095703e+00,-1.716951012611389160e+00
9.931833148002624512e-01,-8.625565171241760254e-01
-4.226971566677093506e-01,1.308782458305358887e+00
-3.663061141967773438e+00,-3.374514579772949219e+00
-7.073353528976440430e-01,-7.595090866088867188e-01
-3.144340991973876953e+00,1.622391939163208008e+00
-3.622735261917114258e+00,2.258524179458618164e+00
-4.922719597816467285e-01,1.390975713729858398e+00
-4.133773803710937500e+00,6.456514835357666016e+00
-3.782965660095214844e+00,8.751547336578369141e-01
-6.935229897499084473e-01,1.840895295143127441e+00
-2.074986219406127930e+00,-1.024950146675109863e+00
-1.474694252014160156e+00,-2.166577130556106567e-01
-3.705005884170532227e+00,4.493095278739929199e-01
-2.943858861923217773e+00,-4.744607448577880859e+00
-3.833529949188232422e+00,4.339591860771179199e-01
-4.664906024932861328e+00,-2.618066549301147461e+00
-4.101275920867919922e+00,6.046753406524658203e+00
-4.572995662689208984e+00,5.867585182189941406e+00
-1.220467567443847656e+00,-7.581811547279357910e-01
-3.667829275131225586e+00,-3.932132005691528320e+00
6.253107786178588867e-01,-8.634327650070190430e-01
-1.215339228510856628e-01,-1.680986166000366211e+00
-1.932877779006958008e+00,2.027544975280761719e+00
-1.619349002838134766e+00,-4.660702049732208252e-01
-6.750805377960205078e-01,1.184449195861816406e+00
-4.073713302612304688e+00,-3.379152059555053711e+00
-3.782607078552246094e+00,-2.548756837844848633e+00
-3.833529949188232422e+00,4.339591860771179199e-01
5.970332622528076172e-01,-1.345834493637084961e+00
-1.037758827209472656e+00,-1.038136005401611328e+00
-3.538230895996093750e+00,-4.894148826599121094e+00
-1.855737209320068359e+00,-1.237423419952392578e+00
-1.592514753341674805e+00,-5.011096954345703125e+00
1.703818738460540771e-01,-1.315925955772399902e+00
1.470109462738037109e+00,-1.007939219474792480e+00
1.211488008499145508e+00,-7.114092707633972168e-01
-3.837547779083251953e+00,1.424405932426452637e+00
-3.797910690307617188e+00,-1.853041887283325195e+00
-4.604446411132812500e+00,-2.549351930618286133e+00
-3.825267314910888672e+00,1.828338742256164551e+00
-4.402256965637207031e+00,3.928204178810119629e-01
-3.689568996429443359e+00,1.330611824989318848e+00
-4.099922180175781250e+00,6.349916934967041016e+00
-3.808080554008483887e-01,-7.571587562561035156e-01
-3.644613921642303467e-01,9.735820889472961426e-01
-3.193131208419799805e+00,1.095400691032409668e+00
-7.720256596803665161e-02,1.499499082565307617e+00
-4.015905857086181641e+00,4.506582021713256836e-01
-1.270619153976440430e+00,-5.781100988388061523e-01
-3.209044456481933594e+00,6.051824569702148438e+00
6.766113042831420898e-01,-9.720337986946105957e-01
-7.033663988113403320e-01,1.057090759277343750e+00
-4.049719333648681641e+00,1.753200292587280273e+00
-3.737979412078857422e+00,5.215914249420166016e+00
-4.061205863952636719e+00,-3.178609371185302734e+00
-3.945430517196655273e+00,-6.469916701316833496e-01
-9.144627302885055542e-02,-1.450710892677307129e+00
-5.685852050781250000e+00,-3.178781509399414062e+00
-4.714083194732666016e+00,5.183779001235961914e-01
-4.941728115081787109e+00,-1.264820098876953125e+00
-3.805399417877197266e+00,-4.244838714599609375e+00
-4.499063014984130859e+00,9.280634522438049316e-01
-3.946852445602416992e+00,-3.321298599243164062e+00
5.830603837966918945e-01,-7.431324124336242676e-01
-4.827460944652557373e-01,1.554236173629760742e+00
-3.836879014968872070e+00,-2.217764139175415039e+00
-1.439117908477783203e+00,-8.366701006889343262e-02
-1.134164810180664062e+00,-2.063176184892654419e-01
-8.244099617004394531e-01,-6.577661633491516113e-01
1.432219028472900391e+00,-4.247707366943359375e+00
-4.007975578308105469e+00,-4.552123546600341797e+00
-4.408572673797607422e+00,-3.357028245925903320e+00
-1.291992187500000000e+00,8.851571381092071533e-02
-4.087516307830810547e+00,5.164623260498046875e+00
-3.317997217178344727e+00,-3.491886615753173828e+00
-3.896192550659179688e+00,-3.867659807205200195e+00
-1.433003187179565430e+00,-1.779163070023059845e-02
-1.522095203399658203e+00,6.059793829917907715e-01
-3.333410263061523438e+00,1.684639930725097656e+00
-4.413112163543701172e+00,-6.789838671684265137e-01
-3.327877998352050781e+00,2.235972732305526733e-01
-4.408123493194580078e+00,-2.936889648437500000e+00
-4.019866943359375000e+00,-4.191022872924804688e+00
-1.004940509796142578e+00,-1.114955425262451172e+00
-4.922719597816467285e-01,1.390975713729858398e+00
-3.776297092437744141e+00,1.460935235023498535e+00
-2.200500011444091797e+00,6.419339656829833984e+00
4.133531451225280762e-01,-8.560564517974853516e-01
-4.511991024017333984e+00,6.646156311035156250e-01
-1.907860755920410156e+00,7.683630943298339844e+00
-2.867125511169433594e+00,-4.741005897521972656e+00
1.401140689849853516e-01,-1.168405890464782715e+00
-7.649791836738586426e-01,1.448231577873229980e+00
-1.372709035873413086e+00,1.238557219505310059e+00
-3.462563037872314453e+00,-7.991844415664672852e-01
-1.004086017608642578e+00,3.428485870361328125e+00
-2.968905925750732422e+00,1.676583766937255859e+00
-1.536679744720458984e+00,-5.595758929848670959e-02
-3.632563591003417969e+00,2.000077247619628906e+00
-4.184021472930908203e+00,7.028106451034545898e-01
-3.103830516338348389e-01,1.225937485694885254e+00
-3.126028776168823242e+00,3.243749856948852539e+00
-6.909545063972473145e-01,-1.887167930603027344e+00
-4.105854988098144531e+00,-3.918470144271850586e+00
-3.758690595626831055e+00,3.774263620376586914e+00
-3.847038507461547852e+00,4.867040216922760010e-01
-3.376479625701904297e+00,2.003879070281982422e+00
6.815235018730163574e-01,-2.528654038906097412e-01
-3.792437553405761719e+00,-4.090546131134033203e+00
-1.191232681274414062e+00,-5.179382324218750000e+00
-6.708138585090637207e-01,7.489503026008605957e-01
-3.948741912841796875e+00,2.761465907096862793e-01
-4.378000259399414062e+00,-2.891735076904296875e+00
-3.242655038833618164e+00,1.081004142761230469e+00
-3.622893095016479492e+00,2.504340648651123047e+00
-3.826342821121215820e+00,-2.369902282953262329e-01
-3.741209745407104492e+00,9.115526676177978516e-01
-3.988854169845581055e+00,1.702153384685516357e-01
-2.032021522521972656e+00,-1.183711171150207520e+00
4.073815345764160156e-01,-1.142256498336791992e+00
-3.503278493881225586e+00,-3.787861585617065430e+00
-1.113675713539123535e+00,-2.146111279726028442e-01
-3.678691864013671875e+00,4.710219800472259521e-01
-7.853112816810607910e-01,9.757901430130004883e-01
-3.979301214218139648e+00,6.508979201316833496e-01
-7.649791836738586426e-01,1.448231577873229980e+00
-4.815320968627929688e-01,-1.400176167488098145e+00
-3.573924303054809570e+00,1.535799980163574219e+00
-2.408210486173629761e-01,-6.546201109886169434e-01
-4.105854988098144531e+00,-3.918470144271850586e+00
-3.121625661849975586e+00,1.045213580131530762e+00
7.818791270256042480e-01,-1.266041398048400879e+00
-4.132683753967285156e+00,8.115907311439514160e-01
-1.464731693267822266e+00,-4.701210856437683105e-01
-3.887809276580810547e+00,-5.042557716369628906e+00
-6.282526850700378418e-01,1.040207266807556152e+00
-3.774533987045288086e+00,9.440425038337707520e-01
-4.332813262939453125e+00,-3.327297687530517578e+00
-1.410298585891723633e+00,-5.852791666984558105e-01
-4.384254932403564453e+00,2.349070072174072266e+00
-1.324384927749633789e+00,-3.438012301921844482e-01
-4.367314338684082031e+00,-1.789386153221130371e+00
-5.595809221267700195e-01,9.251418113708496094e-01
1.304365396499633789e-01,-1.160715818405151367e+00
-3.950164079666137695e+00,-3.343805789947509766e+00
-5.582282543182373047e+00,-3.201050043106079102e+00
-6.537771224975585938e-02,-2.463673591613769531e+00
-5.251208782196044922e+00,4.641093254089355469e+00
-1.185614347457885742e+00,-6.403096199035644531e+00
-4.285090923309326172e+00,-1.162688136100769043e+00
-4.619787693023681641e+00,1.633569747209548950e-01
1.402234554290771484e+00,-7.655134797096252441e-01
-1.061902999877929688e+00,-7.316249012947082520e-01
-1.398586511611938477e+00,-1.035704016685485840e+00
-4.063318729400634766e+00,6.285082817077636719e+00
-4.514373302459716797e+00,5.654236316680908203e+00
-4.697978019714355469e+00,3.016468763351440430e+00
-2.453589200973510742e+00,-4.528017997741699219e+00
-2.657583951950073242e-01,-1.657243609428405762e+00
-4.984970092773437500e+00,-5.763091444969177246e-01
-1.459302902221679688e+00,-8.944890499114990234e-01
-3.495729446411132812e+00,5.616023063659667969e+00
-3.124351978302001953e+00,3.598427772521972656e+00
4.104068279266357422e-01,-9.361243247985839844e-01
-1.324745893478393555e+00,-2.598984956741333008e+00
-3.855682134628295898e+00,1.900014042854309082e+00
-4.216175556182861328e+00,-2.412190198898315430e+00
-8.301698565483093262e-01,1.596094369888305664e+00
-3.926293373107910156e+00,-1.877836465835571289e+00
-4.010060310363769531e+00,1.684800982475280762e+00
-1.134776592254638672e+00,-1.746992230415344238e+00
-4.311564922332763672e+00,-2.513488769531250000e+00
-1.602709531784057617e+00,8.206342697143554688e+00
-7.842168807983398438e-01,1.047338247299194336e+00
-2.531594514846801758e+00,-5.198168277740478516e+00
-4.327047348022460938e+00,1.936496615409851074e+00
-3.045446157455444336e+00,1.353731632232666016e+00
-1.208571434020996094e+00,-2.000891715288162231e-01
-3.535261869430541992e+00,-2.655621469020843506e-01
-3.220056772232055664e+00,2.418655395507812500e+00
-3.312492132186889648e+00,-2.660327851772308350e-01
-3.961891174316406250e+00,-1.287244081497192383e+00
-4.411846160888671875e+00,2.300867885351181030e-01
-3.545576810836791992e+00,2.266740798950195312e+00
-2.405417203903198242e+00,5.068016529083251953e+00
-1.671882629394531250e+00,-5.419178962707519531e+00
-3.278470516204833984e+00,3.433355093002319336e+00
-5.164602994918823242e-01,-9.073404669761657715e-01
-3.798162221908569336e+00,-1.093738794326782227e+00
-3.801771879196166992e+00,1.565576195716857910e+00
-4.863158702850341797e+00,5.129947066307067871e-01
-7.624501585960388184e-01,1.223345756530761719e+00
-3.698972702026367188e+00,-1.756863951683044434e+00
-1.119939833879470825e-01,-2.635799646377563477e+00
-1.252357244491577148e+00,-1.254246711730957031e+00
2.592219114303588867e-01,-1.148038625717163086e+00
-2.609766960144042969e+00,-4.932826995849609375e+00
-4.023368835449218750e+00,-3.309177160263061523e+00
-3.759978055953979492e+00,5.239772319793701172e+00
-4.502752304077148438e+00,1.051055669784545898e+00
-1.808915376663208008e+00,6.954746723175048828e+00
-3.867730140686035156e+00,8.377000689506530762e-02
-8.991440534591674805e-01,9.836038947105407715e-01
-1.131612062454223633e+00,9.655234217643737793e-01
-2.928788661956787109e-01,-7.902708053588867188e-01
-4.377699375152587891e+00,-3.189477682113647461e+00
-3.975284337997436523e+00,-1.537665605545043945e+00
-4.226971566677093506e-01,1.308782458305358887e+00
-3.675904273986816406e+00,1.568787693977355957e+00
-3.746504783630371094e+00,-2.152126550674438477e+00
-3.766406536102294922e+00,-1.075181245803833008e+00
-3.930856227874755859e+00,-3.208050489425659180e+00
-4.233299255371093750e+00,-4.502813339233398438e+00
-3.902848005294799805e+00,-6.231839060783386230e-01
-1.049411296844482422e+00,-4.947861433029174805e-01
-1.396437644958496094e+00,-2.785250246524810791e-01
7.974736094474792480e-01,-1.335418105125427246e+00
-3.955053567886352539e+00,2.688302278518676758e+00
-3.154366970062255859e+00,-1.413126438856124878e-01
-2.970954418182373047e+00,5.834471702575683594e+00
-4.835137844085693359e+00,-2.786925077438354492e+00
-4.131435394287109375e+00,2.933640182018280029e-01
-4.298017024993896484e+00,-1.280487179756164551e-01
4.076375961303710938e-01,-1.797650098800659180e+00
-3.581006765365600586e+00,-2.730463981628417969e+00
-3.906993389129638672e+00,-2.437344789505004883e+00
-1.028990149497985840e+00,-1.080819129943847656e+00
-2.985227584838867188e+00,-2.950447082519531250e+00
-1.248193264007568359e+00,-2.817496955394744873e-01
-3.519813060760498047e+00,-3.567035913467407227e+00
-7.132797241210937500e-01,9.786183238029479980e-01
-3.822213888168334961e+00,-3.526430845260620117e+00
-7.908328175544738770e-01,-1.487104415893554688e+00
-4.100782871246337891e+00,2.803563773632049561e-01
-3.879872798919677734e+00,1.576217889785766602e+00
-1.231877803802490234e+00,-2.130673527717590332e-01
-4.156455039978027344e+00,-2.759491443634033203e+00
-1.206252813339233398e+00,-2.224197089672088623e-01
-6.537771224975585938e-02,-2.463673591613769531e+00
-3.596291780471801758e+00,-4.540279388427734375e+00
-8.148539066314697266e-01,9.657279849052429199e-01
-4.675213336944580078e+00,8.057293891906738281e-01
-4.691697120666503906e+00,-2.910020351409912109e+00
-4.185878753662109375e+00,-1.053093552589416504e+00
-4.515059947967529297e+00,8.792708516120910645e-01
-2.105751752853393555e+00,-5.862790584564208984e+00
-4.225133419036865234e+00,9.353930354118347168e-01
-4.534907341003417969e+00,-2.313275098800659180e+00
-4.242967605590820312e+00,-4.639882087707519531e+00
-3.782112598419189453e+00,4.931807816028594971e-01
-7.624054551124572754e-01,1.425368666648864746e+00
-9.471386671066284180e-01,-3.746138215065002441e-01
-4.443741798400878906e+00,7.947861552238464355e-01
-4.116173267364501953e+00,2.781218886375427246e-01
-3.588724374771118164e+00,-2.364305108785629272e-01
-4.511579513549804688e+00,7.692007064819335938e+00
-2.627661466598510742e+00,2.631393194198608398e+00
-1.266353845596313477e+00,-1.028803214430809021e-01
-4.520941257476806641e+00,-2.456534862518310547e+00
-4.508900642395019531e+00,-2.107134342193603516e+00
-4.504510402679443359e+00,5.442689061164855957e-01
-3.741034507751464844e+00,1.563146471977233887e+00
-2.558593273162841797e+00,-2.212499141693115234e+00
-3.469147443771362305e+00,7.568429112434387207e-01
-9.647433757781982422e-01,-5.651957988739013672e-01
-3.103830516338348389e-01,1.225937485694885254e+00
-3.109945535659790039e+00,1.132079005241394043e+00
-7.881331443786621094e-01,1.023984432220458984e+00
1.740077972412109375e+00,4.100012481212615967e-01
1.091001778841018677e-01,-1.301773428916931152e+00
-1.223071336746215820e+00,-3.280308544635772705e-01
-4.667601108551025391e+00,5.837215423583984375e+00
-2.221652269363403320e+00,6.416411399841308594e+00
-3.837637424468994141e+00,-3.417959451675415039e+00
-1.223895788192749023e+00,-5.267223715782165527e-02
-2.032021522521972656e+00,-1.183711171150207520e+00
-5.491509437561035156e-01,1.137407183647155762e+00
-4.181910514831542969e+00,-1.236269116401672363e+00
-4.506728172302246094e+00,-1.449190974235534668e+00
-3.993530988693237305e+00,-1.586567759513854980e+00
-1.474694252014160156e+00,-2.166577130556106567e-01
-6.818087697029113770e-01,1.081758022308349609e+00
1.786954998970031738e-01,-4.039047360420227051e-01
-3.246229410171508789e+00,-3.935940504074096680e+00
3.881741762161254883e-01,-2.093483209609985352e+00
-3.899755954742431641e+00,-3.341877937316894531e+00
9.370014071464538574e-01,-2.284800291061401367e+00
4.793977737426757812e-02,-1.369372367858886719e+00
1.173774719238281250e+00,-2.029224872589111328e+00
-4.325870513916015625e+00,-2.394785404205322266e+00
-3.952539920806884766e+00,-3.500644445419311523e+00
-4.060240745544433594e+00,-3.658598184585571289e+00
-3.871299743652343750e+00,1.955658346414566040e-01
-3.885252237319946289e+00,2.228863984346389771e-01
-4.548859596252441406e+00,-3.162589788436889648e+00
-3.143882274627685547e+00,-4.272152423858642578e+00
-3.988854169845581055e+00,1.702153384685516357e-01
6.510359644889831543e-01,-1.928130745887756348e+00
-3.945216178894042969e+00,2.030089378356933594e+00
-1.629865169525146484e+00,-1.566256999969482422e+00
-6.731972843408584595e-02,-1.190957784652709961e+00
-4.195634365081787109e+00,-2.266907453536987305e+00
1.786954998970031738e-01,-4.039047360420227051e-01
-4.019866943359375000e+00,-4.191022872924804688e+00
-3.785140037536621094e+00,-5.397100448608398438e-01
-3.360004663467407227e+00,-4.087075293064117432e-01
-3.865299463272094727e+00,-3.697475910186767578e+00
-3.666174411773681641e+00,-7.888088002800941467e-03
6.240245103836059570e-01,-2.444146394729614258e+00
-3.712520837783813477e+00,2.025757789611816406e+00
-2.923628807067871094e+00,2.296097110956907272e-03
-3.333944797515869141e+00,-2.703466713428497314e-01
-2.848351955413818359e+00,5.738585472106933594e+00
1.595461130142211914e+00,-1.868013381958007812e+00
-3.819392204284667969e+00,1.671107262372970581e-01
-3.422015190124511719e+00,3.470529317855834961e-01
-3.375410556793212891e+00,2.304460525512695312e+00
-5.624996423721313477e-01,1.103516459465026855e+00
-3.972392082214355469e+00,-2.210690259933471680e+00
-3.842489242553710938e+00,1.604902625083923340e+00
-4.360558032989501953e+00,1.581780165433883667e-01
-3.607349634170532227e+00,-3.222429752349853516e-01
-3.358486175537109375e+00,5.523472785949707031e+00
-2.389744758605957031e+00,-2.640733122825622559e-01
6.129308044910430908e-02,-1.089523315429687500e+00
-6.987988948822021484e-01,8.270749449729919434e-01
-3.128372430801391602e+00,1.479090154170989990e-01
-3.740601539611816406e+00,-2.445031553506851196e-01
-4.298017024993896484e+00,-1.280487179756164551e-01
-3.879409074783325195e+00,-1.847099363803863525e-01
-4.641623795032501221e-01,1.304473876953125000e+00
-3.882436752319335938e+00,-1.844270825386047363e+00
-3.558975458145141602e+00,1.574447035789489746e+00
5.108822584152221680e-01,-2.069516658782958984e+00
-4.356237888336181641e+00,3.481092751026153564e-01
-4.297497749328613281e+00,-3.756578683853149414e+00
-8.204900026321411133e-01,-4.086018204689025879e-01
-3.472932338714599609e+00,-5.314843654632568359e+00
-2.499979496002197266e+00,-5.757912635803222656e+00
-3.878441095352172852e+00,-3.424882650375366211e+00
-6.660153269767761230e-01,-9.323205947875976562e-01
-3.768238306045532227e+00,1.933057308197021484e+00
-3.728043079376220703e+00,-5.523087501525878906e+00
-4.230730056762695312e+00,-1.892417550086975098e+00
-4.063318729400634766e+00,6.285082817077636719e+00
5.620124340057373047e-01,-2.200779914855957031e+00
-4.064417362213134766e+00,-3.612348794937133789e+00
-4.371618747711181641e+00,-4.169054031372070312e+00
-3.510303735733032227e+00,6.542078256607055664e-01
-4.180850028991699219e+00,-1.898659944534301758e+00
-6.248812079429626465e-01,1.100500345230102539e+00
-1.565711498260498047e+00,-5.255713462829589844e+00
-3.913742303848266602e+00,-2.603839159011840820e+00
-4.019573211669921875e+00,-1.513505339622497559e+00
-4.647953033447265625e+00,4.921379089355468750e+00
-2.800201416015625000e+00,6.373330593109130859e+00
-1.422164440155029297e+00,-1.393587470054626465e+00
-3.882866859436035156e+00,5.900658130645751953e+00
-1.065823554992675781e+00,-6.104265451431274414e-01
-3.484626770019531250e+00,-3.931478738784790039e+00
-3.765388488769531250e+00,-9.018435329198837280e-02
-7.615044116973876953e-01,1.166650176048278809e+00
-3.650183200836181641e+00,1.512465327978134155e-01
-1.932877779006958008e+00,2.027544975280761719e+00
-4.380423545837402344e+00,-2.846676588058471680e+00
-1.191232681274414062e+00,-5.179382324218750000e+00
-6.615806221961975098e-01,1.011949539184570312e+00
-4.327849864959716797e+00,-3.353620767593383789e+00
-5.162599086761474609e-01,1.522160530090332031e+00
-1.442993402481079102e+00,-5.541578680276870728e-02
-4.229205608367919922e+00,-9.017360806465148926e-01
-4.380398273468017578e+00,5.828682780265808105e-01
-4.014971256256103516e+00,2.774148702621459961e+00
-3.601820230484008789e+00,1.323755979537963867e+00
-4.270008087158203125e+00,-5.215596556663513184e-01
-4.564412117004394531e+00,-2.255387067794799805e+00
-3.557619810104370117e+00,-3.474357366561889648e+00
-4.362634181976318359e+00,-2.000630140304565430e+00
-1.267218351364135742e+00,-2.613086700439453125e-01
-1.155658721923828125e+00,-1.308035403490066528e-01
3.565342426300048828e-01,-7.015187740325927734e-01
-1.776812076568603516e+00,-5.339828014373779297e+00
-4.277359008789062500e+00,2.474994808435440063e-01
-4.420473098754882812e+00,-3.129276931285858154e-01
-4.294744968414306641e+00,8.084297776222229004e-01
-3.144340991973876953e+00,1.622391939163208008e+00
-3.992426872253417969e+00,-3.447290658950805664e+00
-3.415602445602416992e+00,1.590476185083389282e-01
-3.640530824661254883e+00,-1.292002648115158081e-01
-2.978740930557250977e+00,1.489180624485015869e-01
-1.572382450103759766e+00,-2.088418483734130859e+00
-2.957338094711303711e-01,-8.679656386375427246e-01
-3.941246032714843750e+00,-3.213649272918701172e+00
-4.155225276947021484e+00,-3.508574724197387695e+00
-4.834367334842681885e-01,-1.216044306755065918e+00
-3.273533582687377930e+00,-6.196170449256896973e-01
-1.176439285278320312e+00,-1.631623655557632446e-01
-3.992426872253417969e+00,-3.447290658950805664e+00
-1.219382762908935547e+00,-2.886950373649597168e-01
-3.791718721389770508e+00,-4.869775772094726562e+00
-5.700337886810302734e-01,1.400791049003601074e+00
-3.624802112579345703e+00,-4.281394958496093750e+00
1.656395196914672852e+00,-1.222703099250793457e+00
-2.893199443817138672e+00,1.408092856407165527e+00
-3.642861843109130859e+00,-1.549207448959350586e+00
-8.060180544853210449e-01,-5.122289061546325684e-01
-9.976998567581176758e-01,-9.717433154582977295e-02
-3.748380184173583984e+00,-3.479542016983032227e+00
-4.111904621124267578e+00,1.666833609342575073e-01
-3.325163125991821289e+00,-4.863239526748657227e-01
-3.272503614425659180e+00,-1.429939389228820801e+00
-3.495729446411132812e+00,5.616023063659667969e+00
3.336843848228454590e-01,-5.846117973327636719e+00
2.592219114303588867e-01,-1.148038625717163086e+00
-4.548028945922851562e+00,6.323107242584228516e+00
8.045205473899841309e-02,-2.729856014251708984e+00
-3.454192876815795898e+00,6.776515394449234009e-02
-4.203265666961669922e+00,-1.088724255561828613e+00
-3.855071067810058594e+00,-3.297544956207275391e+00
-1.573065996170043945e+00,-2.773522734642028809e-01
-3.054724216461181641e+00,5.468336105346679688e+00
-4.406777620315551758e-01,-1.979306936264038086e+00
-3.843905925750732422e+00,-2.024092674255371094e+00
9.559893012046813965e-01,-1.669154405593872070e+00
-3.441218137741088867e+00,-1.204692363739013672e+00
-3.594585895538330078e+00,5.111678242683410645e-01
-3.448207616806030273e+00,6.641936302185058594e-02
-3.980483770370483398e+00,-3.685343742370605469e+00
-3.736531257629394531e+00,6.631124019622802734e-01
-3.610642433166503906e+00,1.258799552917480469e+00
-3.626767158508300781e+00,2.451905012130737305e+00
-6.872858405113220215e-01,1.201814889907836914e+00
1.477605104446411133e-01,-1.002310037612915039e+00
-3.653577804565429688e+00,-2.276181936264038086e+00
-2.251987457275390625e+00,-4.268509387969970703e+00
-3.295762538909912109e+00,-2.380840778350830078e+00
-7.109960913658142090e-01,-4.435778617858886719e+00
-4.946989536285400391e+00,6.655006408691406250e+00
-6.227849125862121582e-01,8.984417319297790527e-01
-3.523787736892700195e+00,-1.063699841499328613e+00
-2.340611934661865234e+00,-4.801172733306884766e+00
-4.739947915077209473e-01,9.828404188156127930e-01
-4.836781978607177734e+00,5.872534751892089844e+00
-1.378362655639648438e+00,-2.365440607070922852e+00
-2.282856464385986328e+00,-3.931501150131225586e+00
-3.147531270980834961e+00,4.495305061340332031e+00
-1.435598373413085938e+00,-7.084344029426574707e-01
-3.614059686660766602e+00,-3.024755954742431641e+00
-3.904974460601806641e+00,4.039544165134429932e-01
-1.335907220840454102e+00,-2.554315030574798584e-01
-2.229817152023315430e+00,-1.387366056442260742e+00
-1.434465885162353516e+00,-1.174330860376358032e-01
-3.618007421493530273e+00,3.008635640144348145e-01
-3.292874574661254883e+00,-9.290465712547302246e-01
-2.193580269813537598e-01,-1.503522872924804688e+00
-4.442247390747070312e+00,-3.792332887649536133e+00
-3.930732250213623047e+00,6.217675656080245972e-02
-4.562642574310302734e+00,1.660505831241607666e-01
-9.201173782348632812e-01,-4.498014450073242188e+00
-3.880038738250732422e+00,3.549821972846984863e-01
-1.006329774856567383e+00,3.148610591888427734e-01
-6.767074465751647949e-01,9.848687648773193359e-01
-4.173585474491119385e-01,1.280717849731445312e+00
-1.072964668273925781e+00,3.034268915653228760e-01
-3.916413545608520508e+00,-3.939206361770629883e+00
-5.932821035385131836e-01,1.267270445823669434e+00
-3.906695127487182617e+00,-4.269356727600097656e+00
-8.388600349426269531e-01,-3.821157515048980713e-01
-3.711088180541992188e+00,3.765921354293823242e+00
-2.530810594558715820e+00,-3.259637057781219482e-01
-3.829287767410278320e+00,-3.287333011627197266e+00
-3.686367511749267578e+00,-4.406466484069824219e-01
-9.571312069892883301e-01,-1.354741334915161133e+00
-3.698972702026367188e+00,-1.756863951683044434e+00
-4.411120414733886719e+00,-3.577611207962036133e+00
-4.086430549621582031e+00,4.327257633209228516e+00
-3.828997850418090820e+00,-2.920151472091674805e+00
-3.669970989227294922e+00,6.842185974121093750e+00
-2.190789222717285156e+00,-5.248951911926269531e+00
-8.877418041229248047e-01,1.214485168457031250e+00
-7.202399969100952148e-01,9.027835726737976074e-01
-7.472163438796997070e-01,1.094952940940856934e+00
-3.679517984390258789e+00,9.022061228752136230e-01
-3.364983797073364258e+00,1.747146010398864746e+00
-1.682942867279052734e+00,-1.772917509078979492e+00
-9.907351136207580566e-01,-5.843960642814636230e-01
-3.484626770019531250e+00,-3.931478738784790039e+00
-3.333944797515869141e+00,-2.703466713428497314e-01
-3.195935010910034180e+00,-3.822015225887298584e-01
-4.548859596252441406e+00,-3.162589788436889648e+00
-2.353986024856567383e+00,-9.578996300697326660e-01
-3.931384801864624023e+00,-3.290086030960083008e+00
-8.526313900947570801e-01,-5.419301509857177734e+00
-6.248812079429626465e-01,1.100500345230102539e+00
-3.402025699615478516e+00,2.703350782394409180e+00
-6.478388905525207520e-01,1.514054894447326660e+00
-3.988471746444702148e+00,-1.264281272888183594e+00
-4.136579513549804688e+00,4.294014453887939453e+00
-4.511991024017333984e+00,6.646156311035156250e-01
-4.411846160888671875e+00,2.300867885351181030e-01
-4.041340351104736328e+00,-3.370238065719604492e+00
-3.882436752319335938e+00,-1.844270825386047363e+00
-1.115379333496093750e+00,-7.190407514572143555e-01
-6.287568807601928711e-01,5.020198822021484375e-01
-3.629308700561523438e+00,-3.613928258419036865e-01
-8.955321907997131348e-01,-3.298114538192749023e+00
-8.438732624053955078e-01,-5.550899505615234375e-01
5.276156067848205566e-01,-1.058982849121093750e+00
-6.701352596282958984e-01,1.280024647712707520e+00
-3.680034399032592773e+00,1.177288770675659180e+00
-5.018537521362304688e+00,-1.853046298027038574e+00
-3.512435913085937500e+00,1.482470750808715820e+00
-7.412522435188293457e-01,1.030283927917480469e+00
-3.432813882827758789e+00,2.692378044128417969e+00
-2.487675905227661133e+00,-4.935111045837402344e+00
-3.804389715194702148e+00,-4.931214332580566406e+00
-1.194574356079101562e+00,-6.140862107276916504e-01
-1.443147659301757812e+00,-8.261235803365707397e-02
-4.387176036834716797e+00,7.054567933082580566e-01
-1.349960088729858398e+00,-2.403806298971176147e-01
1.404797315597534180e+00,-1.800059556961059570e+00
-3.705396890640258789e+00,2.411070615053176880e-01
-2.855610370635986328e+00,1.396486014127731323e-01
-4.051457881927490234e+00,-4.046756744384765625e+00
-4.392528533935546875e+00,1.517344266176223755e-01
-1.383919715881347656e+00,-9.489248692989349365e-02
-4.047662734985351562e+00,2.075355529785156250e+00
-3.867730140686035156e+00,8.377000689506530762e-02
-1.279769182205200195e+00,-3.764346539974212646e-01
-3.860473632812500000e+00,-2.981993198394775391e+00
-3.543323993682861328e+00,-3.196558952331542969e+00
-4.647953033447265625e+00,4.921379089355468750e+00
3.106416165828704834e-01,-1.509511470794677734e+00
-3.581006765365600586e+00,-2.730463981628417969e+00
-3.394473791122436523e+00,2.095547020435333252e-01
-4.086286067962646484e+00,4.345852434635162354e-01
-4.403573513031005859e+00,-4.689364910125732422e+00
-3.850174665451049805e+00,3.271737694740295410e-01
-7.407014966011047363e-01,1.051257133483886719e+00
-4.375725388526916504e-01,-5.879558324813842773e-01
-4.364600181579589844e+00,2.479046136140823364e-01
-4.441270351409912109e+00,8.174114227294921875e-01
-4.405769824981689453e+00,-3.638236522674560547e+00
-1.391030073165893555e+00,-1.251842379570007324e-01
-1.053032279014587402e+00,-3.820615410804748535e-01
-5.077572345733642578e+00,6.492324829101562500e+00
-1.301451444625854492e+00,-9.367258548736572266e-01
-4.599349975585937500e+00,-2.162147521972656250e+00
-3.829287767410278320e+00,-3.287333011627197266e+00
-9.653708934783935547e-01,-7.432259917259216309e-01
-9.568612575531005859e-01,-3.332985639572143555e-01
-2.440870255231857300e-01,-5.483728647232055664e-01
-1.087881326675415039e+00,-1.325254678726196289e+00
-3.675960302352905273e+00,-4.050834774971008301e-01
-3.527183532714843750e+00,-2.572513222694396973e-01
-2.499979496002197266e+00,-5.757912635803222656e+00
6.766113042831420898e-01,-9.720337986946105957e-01
-2.026522397994995117e+00,-1.590639352798461914e+00
-2.385815858840942383e+00,-5.022495746612548828e+00
-1.220537185668945312e+00,-3.708536922931671143e-02
-6.543835997581481934e-01,1.546242356300354004e+00
-3.777759552001953125e+00,-7.851568460464477539e-01
-3.733023881912231445e+00,1.219611167907714844e+00
-3.868797063827514648e+00,-2.662910223007202148e+00
-1.282513737678527832e-01,1.563276767730712891e+00
-4.033960342407226562e+00,-1.294838905334472656e+00
-9.734349846839904785e-01,1.917176097631454468e-01
-2.922463178634643555e+00,-1.506388545036315918e+00
-3.983911991119384766e+00,-1.779701590538024902e+00
-3.931384801864624023e+00,-3.290086030960083008e+00
-3.890464782714843750e+00,8.988531827926635742e-01
-5.852953791618347168e-01,1.118748068809509277e+00
-4.208220958709716797e+00,8.614165186882019043e-01
-3.271411955356597900e-01,-1.364177823066711426e+00
-3.941203117370605469e+00,-3.870709657669067383e+00
-3.969060182571411133e+00,1.429247975349426270e+00
-3.984154939651489258e+00,3.310506045818328857e-01
-3.904974460601806641e+00,4.039544165134429932e-01
-3.959692239761352539e+00,2.275940179824829102e+00
-3.955495834350585938e+00,-3.687978267669677734e+00
-1.488122940063476562e+00,-2.024801373481750488e-01
-8.438732624053955078e-01,-5.550899505615234375e-01
-4.619787693023681641e+00,1.633569747209548950e-01
-8.172875046730041504e-01,-1.367493033409118652e+00
-1.297990798950195312e+00,-2.118440419435501099e-01
-4.457056999206542969e+00,-1.996212601661682129e+00
1.548907518386840820e+00,-1.468845009803771973e+00
-4.861667633056640625e+00,5.865833759307861328e+00
-5.300691604614257812e+00,6.360760211944580078e+00
-4.164371967315673828e+00,-2.151168346405029297e+00
-6.792384982109069824e-01,9.996082782745361328e-01
-3.865011215209960938e+00,3.940699994564056396e-01
-2.832107067108154297e+00,7.285634994506835938e+00
-4.728216648101806641e+00,4.007757306098937988e-01
-4.188897609710693359e+00,-2.065301239490509033e-01
-2.578104019165039062e+00,-5.198507785797119141e+00
-9.144627302885055542e-02,-1.450710892677307129e+00
-4.573068618774414062e+00,-4.024346828460693359e+00
-3.777106285095214844e+00,1.909044861793518066e+00
-1.389239311218261719e+00,-9.099592268466949463e-02
-4.382165908813476562e+00,-2.810001134872436523e+00
-3.239112377166748047e+00,1.541355609893798828e+00
-4.479317188262939453e+00,-3.893292665481567383e+00
-1.226271390914916992e+00,-7.030351758003234863e-01
-8.133105039596557617e-01,1.041041731834411621e+00
-3.711431503295898438e+00,-1.894423961639404297e+00
-4.109999656677246094e+00,-4.898511409759521484e+00
-4.513814449310302734e+00,1.759941726922988892e-01
-4.079136848449707031e+00,-4.972737312316894531e+00
-2.928788661956787109e-01,-7.902708053588867188e-01
-2.086611509323120117e+00,-3.966191530227661133e+00
-9.917607307434082031e-01,-7.370240092277526855e-01
-3.415602445602416992e+00,1.590476185083389282e-01
-8.469067215919494629e-01,-1.402616143226623535e+00
1.468527317047119141e+00,-1.642153739929199219e+00
-3.641634941101074219e+00,1.441003203392028809e+00
-1.372709035873413086e+00,1.238557219505310059e+00
-3.863121986389160156e+00,-3.716907024383544922e+00
-8.486158847808837891e-01,6.132643222808837891e-01
-6.732087731361389160e-01,1.141698360443115234e+00
-3.457894086837768555e+00,1.511342525482177734e+00
-4.613827466964721680e-01,-1.254759788513183594e+00
-1.375307083129882812e+00,-1.186760425567626953e+00
-4.282819271087646484e+00,7.759717106819152832e-02
-3.452310323715209961e+00,-4.424225807189941406e+00
-6.254500746726989746e-01,-1.413220763206481934e+00
-1.367203474044799805e+00,-5.278234004974365234e+00
-8.867889642715454102e-01,-1.202628493309020996e+00
-3.795397043228149414e+00,4.833725452423095703e+00
-4.488812923431396484e+00,-2.400431394577026367e+00
-2.776504993438720703e+00,-5.035181999206542969e+00
-3.346454858779907227e+00,1.049901962280273438e+00
-4.141567707061767578e+00,-4.052962064743041992e-01
-3.885595798492431641e+00,4.084344863891601562e+00
-1.393452882766723633e+00,-5.690608978271484375e+00
-3.928367376327514648e+00,-4.239488244056701660e-01
-3.257826328277587891e+00,3.513879776000976562e-01
-6.865364909172058105e-01,1.553930997848510742e+00
-4.016705989837646484e+00,4.806167125701904297e+00
-1.407315582036972046e-01,-1.422014355659484863e+00
-2.605176210403442383e+00,-5.262956619262695312e+00
-3.487936735153198242e+00,5.392457962036132812e+00
-9.363712668418884277e-01,-9.924663901329040527e-01
-3.096705913543701172e+00,-5.322698116302490234e+00
-3.937919855117797852e+00,-1.605642557144165039e+00
-9.063519835472106934e-01,-4.546135663986206055e-01
-4.104969024658203125e+00,-2.026833057403564453e+00
-3.961773157119750977e+00,1.447740554809570312e+00
-4.180850028991699219e+00,-1.898659944534301758e+00
-3.650425434112548828e+00,-5.606051921844482422e+00
-5.221353769302368164e-01,1.564716219902038574e+00
-3.820565223693847656e+00,-4.278065681457519531e+00
-4.589040279388427734e+00,3.819264173507690430e+00
-3.451632976531982422e+00,-2.633042097091674805e+00
-4.632684886455535889e-01,1.389239430427551270e+00
1.740077972412109375e+00,4.100012481212615967e-01
-3.651474237442016602e+00,-3.046004533767700195e+00
-2.098201274871826172e+00,-1.895353645086288452e-01
-3.778748512268066406e+00,-4.953982234001159668e-01
-1.421467304229736328e+00,-4.112653255462646484e+00
-4.083520889282226562e+00,-3.190796613693237305e+00
-1.037758827209472656e+00,-1.038136005401611328e+00
1.975323438644409180e+00,-1.996006131172180176e+00
-3.484818220138549805e+00,-3.923235177993774414e+00
-5.219039440155029297e+00,-5.353887557983398438e+00
-3.889767408370971680e+00,2.157043218612670898e+00
-3.945469617843627930e+00,4.373516559600830078e+00
-2.876961708068847656e+00,-1.403342366218566895e+00
-3.453553438186645508e+00,1.242954015731811523e+00
-4.185059547424316406e+00,-4.357340812683105469e+00
-3.957858562469482422e+00,-4.166162967681884766e+00
-2.218036174774169922e+00,-5.476991653442382812e+00
9.985898137092590332e-01,-1.759001374244689941e+00
-1.267218351364135742e+00,-2.613086700439453125e-01
-4.233299255371093750e+00,-4.502813339233398438e+00
-4.800698757171630859e+00,-2.839315891265869141e+00
-3.281488180160522461e+00,3.516124963760375977e+00
-4.118038177490234375e+00,1.599963188171386719e+00
-3.325163125991821289e+00,-4.863239526748657227e-01
-2.764940023422241211e+00,-5.761589050292968750e+00
-3.340358972549438477e+00,-1.751191616058349609e+00
-5.168124198913574219e+00,7.043417930603027344e+00
-4.882267475128173828e+00,1.355331838130950928e-01
-4.227484226226806641e+00,-2.961083650588989258e-01
-3.078773736953735352e+00,1.227130651473999023e+00
-2.019287824630737305e+00,4.227174758911132812e+00
-4.084057807922363281e+00,-3.791786432266235352e+00
-5.595809221267700195e-01,9.251418113708496094e-01
-4.013371944427490234e+00,-5.224645614624023438e+00
6.380087733268737793e-01,-2.116338729858398438e+00
-6.807253360748291016e-01,1.181005477905273438e+00
-7.853112816810607910e-01,9.757901430130004883e-01
-3.647088289260864258e+00,6.778298854827880859e+00
2.523951232433319092e-02,1.081433415412902832e+00
-1.280897617340087891e+00,-5.996002674102783203e+00
7.276393771171569824e-01,-1.224841475486755371e+00
-3.914682388305664062e+00,6.582629203796386719e+00
-7.805915474891662598e-01,1.176011204719543457e+00
-3.759978055953979492e+00,5.239772319793701172e+00
-4.638093471527099609e+00,-2.072935819625854492e+00
-4.458533287048339844e+00,-2.588512182235717773e+00
-1.057432770729064941e+00,1.678360581398010254e+00
-9.329698085784912109e-01,-1.034104943275451660e+00
-4.002766132354736328e+00,-4.128279685974121094e+00
-4.298720359802246094e+00,-2.292761564254760742e+00
-1.572382450103759766e+00,-2.088418483734130859e+00
-3.778884410858154297e+00,1.215372607111930847e-01
-4.575533390045166016e+00,-2.984533309936523438e+00
-2.764940023422241211e+00,-5.761589050292968750e+00
-3.946852445602416992e+00,-3.321298599243164062e+00
-4.458533287048339844e+00,-2.588512182235717773e+00
-4.054466724395751953e+00,-3.023540496826171875e+00
8.263518810272216797e-01,-5.950887203216552734e-01
-3.994458436965942383e+00,-2.668744564056396484e+00
-7.254434227943420410e-01,1.363604664802551270e+00
-3.882076740264892578e+00,-1.352602005004882812e+00
-3.388150930404663086e-01,1.474107027053833008e+00
-4.275052547454833984e+00,5.031641006469726562e+00
-9.811443090438842773e-01,2.068238854408264160e-01
-2.252066373825073242e+00,-7.987833619117736816e-01
-4.748692214488983154e-01,1.208871245384216309e+00
-3.928660631179809570e+00,5.096847936511039734e-02
-1.007417678833007812e+00,-2.044947296380996704e-01
-3.701184034347534180e+00,-3.579175472259521484e+00
-3.406906604766845703e+00,3.006744861602783203e+00
-1.360094070434570312e+00,-1.456708759069442749e-01
-3.990450143814086914e+00,2.047636747360229492e+00
-4.176290035247802734e+00,1.841063857078552246e+00
-4.064417362213134766e+00,-3.612348794937133789e+00
-1.312457323074340820e+00,-6.962142586708068848e-01
-3.015223026275634766e+00,6.120498180389404297e+00
-9.702014327049255371e-01,-6.685810685157775879e-01
-3.972363471984863281e+00,6.008595466613769531e+00
-5.037938356399536133e-01,9.943411350250244141e-01
-5.622146129608154297e-01,1.071825265884399414e+00
-8.263067603111267090e-01,3.855002522468566895e-01
-9.471386671066284180e-01,-3.746138215065002441e-01
5.276156067848205566e-01,-1.058982849121093750e+00
-3.433905601501464844e+00,-4.797158241271972656e+00
-4.099136829376220703e+00,-1.573900461196899414e+00
4.934211969375610352e-01,-2.430334329605102539e+00
-4.154506206512451172e+00,6.506368160247802734e+00
-4.380423545837402344e+00,-2.846676588058471680e+00
-3.512354612350463867e+00,-3.365343332290649414e+00
-4.183647632598876953e+00,-2.133905649185180664e+00
-3.051192283630371094e+00,1.498833179473876953e+00
-3.242655038833618164e+00,1.081004142761230469e+00
-7.691593766212463379e-01,-1.715508341789245605e+00
-2.609484434127807617e+00,-4.518556118011474609e+00
1.488418102264404297e+00,4.012471199035644531e+00
-3.614709615707397461e+00,-5.794401168823242188e+00
-4.514373302459716797e+00,5.654236316680908203e+00
-1.403792858123779297e+00,-2.815816164016723633e+00
-4.436431884765625000e+00,-3.651364326477050781e+00
-3.650954008102416992e+00,-1.502498865127563477e+00
-1.608413934707641602e+00,6.216964125633239746e-01
-3.690981864929199219e+00,-3.698880195617675781e+00
-4.061205863952636719e+00,-3.178609371185302734e+00
-4.490431249141693115e-01,6.050208568572998047e+00
-4.468749523162841797e+00,5.275051116943359375e+00
-3.438664436340332031e+00,-6.326515674591064453e-01
-2.529169797897338867e+00,-4.607243061065673828e+00
-3.622261524200439453e+00,-1.694403141736984253e-01
-3.980572700500488281e+00,3.697444796562194824e-01
-3.541660547256469727e+00,-3.422659873962402344e+00
-9.598836302757263184e-01,-7.253421545028686523e-01
3.311653733253479004e-01,-3.872566819190979004e-01
-3.556041479110717773e+00,-3.306663036346435547e+00
1.504531383514404297e+00,-1.771327018737792969e+00
-5.714564323425292969e-01,-7.860853075981140137e-01
-1.509336709976196289e+00,-1.239988878369331360e-01
-3.304547071456909180e-01,-2.127344608306884766e+00
-1.523850679397583008e+00,-3.622095882892608643e-01
-3.393885374069213867e+00,-4.972072601318359375e+00
-7.061059474945068359e-01,1.451232790946960449e+00
-3.585929274559020996e-01,2.725444316864013672e+00
3.665713965892791748e-02,-2.787975966930389404e-01
-3.307073593139648438e+00,1.853761553764343262e+00
-4.937665939331054688e+00,-3.315519094467163086e+00
-2.026522397994995117e+00,-1.590639352798461914e+00
-1.834657669067382812e+00,-5.612602233886718750e+00
-2.916742324829101562e+00,5.960906028747558594e+00
-3.705005884170532227e+00,4.493095278739929199e-01
-3.723483324050903320e+00,2.943141162395477295e-01
-1.926654815673828125e+00,5.157980918884277344e+00
-3.632927656173706055e+00,1.052435398101806641e+00
-4.135880947113037109e+00,-2.302561044692993164e+00
-4.784653663635253906e+00,-3.695558309555053711e+00
-1.036555171012878418e+00,-1.214981317520141602e+00
-3.491786241531372070e+00,1.377609729766845703e+00
-3.891258955001831055e+00,4.602257311344146729e-01
-4.374277114868164062e+00,-2.078795909881591797e+00
-2.029309511184692383e+00,7.657844066619873047e+00
-2.488000392913818359e+00,-1.219970107078552246e+00
-1.310096979141235352e+00,-2.192277610301971436e-01
-2.385815858840942383e+00,-5.022495746612548828e+00
-1.007213354110717773e+00,-9.909317493438720703e-01
-9.973232150077819824e-01,-5.411870002746582031e+00
-8.070093393325805664e-01,8.270977735519409180e-01
-3.255799770355224609e+00,-1.785968989133834839e-01
-4.369446754455566406e+00,-4.927033424377441406e+00
-1.479583501815795898e+00,-2.834258973598480225e-01
-1.349960088729858398e+00,-2.403806298971176147e-01
8.194664716720581055e-01,-1.470855474472045898e+00
-3.964743137359619141e+00,2.297254800796508789e+00
-3.677747011184692383e+00,4.501929759979248047e+00
-3.949400424957275391e+00,-1.856192827224731445e+00
-3.943131923675537109e+00,-1.600483894348144531e+00
-4.481060028076171875e+00,5.066758632659912109e+00
-1.235259056091308594e+00,-2.801431119441986084e-01
-4.479317188262939453e+00,-3.893292665481567383e+00
-4.432754993438720703e+00,2.027935266494750977e+00
-3.857078075408935547e+00,5.779553651809692383e-01
-1.979542016983032227e+00,9.118901252746582031e+00
-7.858862280845642090e-01,-2.267262697219848633e+00
-4.428562641143798828e+00,-2.291419267654418945e+00
-4.282622337341308594e+00,-3.813443899154663086e+00
1.542432785034179688e+00,-1.173913955688476562e+00
-1.180990457534790039e+00,-2.843646109104156494e-01
-1.511389732360839844e+00,-4.794045388698577881e-01
-1.103225469589233398e+00,-2.415472269058227539e-01
5.630732178688049316e-01,-1.024908065795898438e+00
-1.244387865066528320e+00,-2.034762501716613770e-01
-4.252303600311279297e+00,5.486453533172607422e+00
1.620019674301147461e+00,-1.824106097221374512e+00
-1.514468789100646973e-01,-1.727597355842590332e+00
-4.664906024932861328e+00,-2.618066549301147461e+00
-3.588724374771118164e+00,-2.364305108785629272e-01
-4.852795302867889404e-01,-1.254204034805297852e+00
-3.364983797073364258e+00,1.747146010398864746e+00
-7.328537702560424805e-01,-1.663783788681030273e+00
-1.411629199981689453e+00,-1.208961382508277893e-01
-4.402177333831787109e+00,6.402699470520019531e+00
-2.852844953536987305e+00,5.211783409118652344e+00
-9.423140287399291992e-01,-1.508983969688415527e+00
-3.768820762634277344e+00,-3.306014299392700195e+00
-4.441270351409912109e+00,8.174114227294921875e-01
-4.443063735961914062e+00,1.354197025299072266e+00
-3.071712970733642578e+00,3.996625423431396484e+00
-2.975952625274658203e+00,5.933104515075683594e+00
-4.156312465667724609e+00,1.825692415237426758e+00
-3.624802112579345703e+00,-4.281394958496093750e+00
1.364533603191375732e-01,-1.187256932258605957e+00
-7.499368190765380859e-01,-1.264482855796813965e+00
-4.026305675506591797e+00,-4.216938018798828125e+00
-2.466060161590576172e+00,-3.790654182434082031e+00
-5.598152279853820801e-01,1.753548979759216309e+00
-1.136375188827514648e+00,-8.497854471206665039e-01
-3.346454858779907227e+00,1.049901962280273438e+00
-4.451551914215087891e+00,-2.847139120101928711e+00
-1.424434185028076172e+00,-2.319385558366775513e-01
-3.978133440017700195e+00,-5.159013718366622925e-02
-1.060061529278755188e-01,2.091225385665893555e+00
-3.719127416610717773e+00,-3.633298873901367188e+00
-4.986976623535156250e+00,-1.398296833038330078e+00
-4.242593288421630859e+00,6.856623172760009766e+00
-2.791182041168212891e+00,-3.942960023880004883e+00
-1.316127061843872070e+00,1.540604382753372192e-01
-3.382516860961914062e+00,-3.608611106872558594e+00
-4.439832687377929688e+00,1.433740019798278809e+00
-5.162599086761474609e-01,1.522160530090332031e+00
-2.925901889801025391e+00,1.403985738754272461e+00
-3.847792148590087891e+00,3.068434953689575195e+00
-6.935229897499084473e-01,1.840895295143127441e+00
1.603435993194580078e+00,-1.007133722305297852e+00
-4.362334728240966797e+00,-3.639843940734863281e+00
-3.893857479095458984e+00,-1.446577429771423340e+00
-4.285465717315673828e+00,-2.583990097045898438e+00
-4.751115322113037109e+00,-1.964859366416931152e+00
-8.277102708816528320e-01,-1.086107015609741211e+00
-1.398586511611938477e+00,-1.035704016685485840e+00
-3.629308700561523438e+00,-3.613928258419036865e-01
-3.579424619674682617e+00,1.476009786128997803e-01
-1.173593997955322266e+00,-1.046049296855926514e-01
-6.676011681556701660e-01,1.021891832351684570e+00
-3.599222004413604736e-01,-8.671215176582336426e-01
-6.792384982109069824e-01,9.996082782745361328e-01
-4.048557758331298828e+00,-9.833135008811950684e-01
-4.122295856475830078e+00,-3.759576320648193359e+00
-3.431358098983764648e+00,1.839730888605117798e-01
-4.042972087860107422e+00,6.518660783767700195e-01
-4.033959388732910156e+00,-2.957738399505615234e+00
-4.208361625671386719e+00,8.064673542976379395e-01
-3.782112598419189453e+00,4.931807816028594971e-01
-4.434867382049560547e+00,-2.072663068771362305e+00
-4.646533012390136719e+00,-4.181901454925537109e+00
7.572433352470397949e-01,-1.149215221405029297e+00
-4.414773941040039062e+00,-3.119745969772338867e+00
-3.601820230484008789e+00,1.323755979537963867e+00
-4.513814449310302734e+00,1.759941726922988892e-01
-7.268937826156616211e-01,-1.057024121284484863e+00
-3.932503700256347656e+00,-3.515070676803588867e+00
-3.453553438186645508e+00,1.242954015731811523e+00
-3.760039329528808594e+00,5.290183067321777344e+00
-2.852775812149047852e+00,4.600778520107269287e-01
-4.015905857086181641e+00,4.506582021713256836e-01
-3.124865055084228516e+00,1.913388490676879883e+00
-3.864838838577270508e+00,4.821440875530242920e-01
-1.547929286956787109e+00,-5.797212123870849609e+00
-3.358486175537109375e+00,5.523472785949707031e+00
-2.609466791152954102e+00,-1.426522433757781982e-01
-4.351287364959716797e+00,-2.102551698684692383e+00
-8.133105039596557617e-01,1.041041731834411621e+00
-3.667352676391601562e+00,-3.638485431671142578e+00
-4.195675849914550781e+00,6.705445647239685059e-01
-4.499063014984130859e+00,9.280634522438049316e-01
4.283577799797058105e-01,1.943523883819580078e+00
-5.622146129608154297e-01,1.071825265884399414e+00
-3.819392204284667969e+00,1.671107262372970581e-01
-1.308252573013305664e+00,-2.125833481550216675e-01
-4.550961494445800781e+00,5.417083501815795898e-01
-4.721942424774169922e+00,-2.803593158721923828e+00
-1.155221223831176758e+00,-4.339402616024017334e-01
-1.297603607177734375e+00,-2.134894281625747681e-01
-8.333717584609985352e-01,-9.253256916999816895e-01
-2.698899030685424805e+00,3.564345240592956543e-01
-3.736531257629394531e+00,6.631124019622802734e-01
-4.104382991790771484e+00,-2.593302011489868164e+00
1.620019674301147461e+00,-1.824106097221374512e+00
-1.220267772674560547e+00,-4.429056346416473389e-01
-3.851186037063598633e+00,-5.364648818969726562e+00
-6.387626528739929199e-01,1.189533472061157227e+00
-1.476856708526611328e+00,-2.335927337408065796e-01
-3.151974678039550781e+00,4.195741653442382812e+00
-4.302595138549804688e+00,-9.076112508773803711e-01
-2.187018096446990967e-01,-5.563016414642333984e+00
-2.340611934661865234e+00,-4.801172733306884766e+00
-2.218036174774169922e+00,-5.476991653442382812e+00
-4.493211269378662109e+00,-3.793857574462890625e+00
-4.440955638885498047e+00,-3.139131307601928711e+00
-4.371396899223327637e-01,-1.656548976898193359e+00
-3.809988975524902344e+00,-1.818468809127807617e+00
-5.006602764129638672e+00,-3.176137208938598633e+00
-4.167096138000488281e+00,-3.143618822097778320e+00
3.459127247333526611e-01,-3.976976871490478516e-01
-4.645217418670654297e+00,-1.137436985969543457e+00
-4.203834056854248047e+00,-3.266381025314331055e+00
-4.060330390930175781e+00,-3.233231067657470703e+00
-3.949620485305786133e+00,-3.347077846527099609e+00
-3.782607078552246094e+00,-2.548756837844848633e+00
-1.459098577499389648e+00,-5.651082396507263184e-01
-2.706366300582885742e+00,5.935423374176025391e+00
-1.536679744720458984e+00,-5.595758929848670959e-02
-4.442236900329589844e+00,1.754746675491333008e+00
-2.430029869079589844e+00,-4.114315032958984375e+00
-2.606010198593139648e+00,-2.967242240905761719e+00
-3.847792148590087891e+00,3.068434953689575195e+00
-2.819801568984985352e+00,-4.648613452911376953e+00
-1.487573862075805664e+00,-1.398828625679016113e+00
-4.365395545959472656e+00,3.633537888526916504e-01
-1.647988319396972656e+00,-6.158531904220581055e-01
-7.704173326492309570e-01,-4.315161108970642090e-01
-3.418793916702270508e+00,3.501618146896362305e+00
-1.457799196243286133e+00,-9.894093871116638184e-02
7.569761872291564941e-01,-2.768505811691284180e-01
-4.948628544807434082e-01,1.365180850028991699e+00
-3.347188949584960938e+00,-6.684700250625610352e-01
-3.306086063385009766e+00,-3.363457441329956055e+00
-3.632927656173706055e+00,1.052435398101806641e+00
-1.049411296844482422e+00,-4.947861433029174805e-01
-3.705801010131835938e+00,-4.558875083923339844e+00
-1.121665954589843750e+00,-6.233069896697998047e-01
-9.740993380546569824e-01,1.224153161048889160e+00
-4.151727676391601562e+00,-3.461241245269775391e+00
-4.619144916534423828e+00,4.075404167175292969e+00
-3.063733577728271484e+00,6.713045120239257812e+00
-3.496460199356079102e+00,3.706213474273681641e+00
1.904190301895141602e+00,-1.721768498420715332e+00
-3.731414318084716797e+00,-3.888631343841552734e+00
-7.412522435188293457e-01,1.030283927917480469e+00
-9.734349846839904785e-01,1.917176097631454468e-01
-4.062343597412109375e+00,-1.549145817756652832e+00
-4.045146942138671875e+00,-4.584005355834960938e+00
-3.792806863784790039e+00,3.075541496276855469e+00
4.793977737426757812e-02,-1.369372367858886719e+00
-4.410283565521240234e+00,-1.748007386922836304e-01
-4.303667545318603516e+00,-3.027384519577026367e+00
-3.728043079376220703e+00,-5.523087501525878906e+00
-4.737376689910888672e+00,-2.326522588729858398e+00
-6.885758042335510254e-01,1.103520274162292480e+00
-4.051457881927490234e+00,-4.046756744384765625e+00
1.237892389297485352e+00,-9.290094971656799316e-01
3.380869925022125244e-01,-1.113582730293273926e+00
-1.521657228469848633e+00,-7.713609337806701660e-01
-1.322719573974609375e+00,-1.151182129979133606e-01
-2.964048147201538086e+00,-5.144984245300292969e+00
-1.424691438674926758e+00,-9.325957298278808594e-01
-3.558059215545654297e+00,-4.300292730331420898e-01
-5.056207180023193359e+00,4.207200527191162109e+00
-2.605176210403442383e+00,-5.262956619262695312e+00
-3.964760303497314453e+00,4.235837936401367188e+00
3.665713965892791748e-02,-2.787975966930389404e-01
-4.469103813171386719e+00,5.756078720092773438e+00
-4.548028945922851562e+00,6.323107242584228516e+00
-5.888091325759887695e-01,1.321919918060302734e+00
-3.578818559646606445e+00,-2.384860515594482422e-01
-4.045207977294921875e+00,-3.879959821701049805e+00
-3.621516466140747070e+00,2.965380996465682983e-02
-3.737979412078857422e+00,5.215914249420166016e+00
-4.180043697357177734e+00,-4.307567596435546875e+00
-2.085943460464477539e+00,-2.015887260437011719e+00
-5.192628502845764160e-01,1.144703269004821777e+00
-2.842212438583374023e+00,-5.170324802398681641e+00
1.353361129760742188e+00,-8.165926337242126465e-01
-4.023368835449218750e+00,-3.309177160263061523e+00
-5.056207180023193359e+00,4.207200527191162109e+00
-1.476856708526611328e+00,-2.335927337408065796e-01
-4.072498798370361328e+00,-4.801364421844482422e+00
-4.205788612365722656e+00,3.282189965248107910e-01
-1.100559473037719727e+00,1.541321575641632080e-01
7.067089080810546875e-01,-1.534082889556884766e+00
-4.402256965637207031e+00,3.928204178810119629e-01
-9.770869016647338867e-01,-7.119737267494201660e-01
-1.278985500335693359e+00,-1.539896726608276367e-01
-1.080047965049743652e+00,-4.639146327972412109e-01
-4.502752304077148438e+00,1.051055669784545898e+00
-3.512354612350463867e+00,-3.365343332290649414e+00
-1.007417678833007812e+00,-2.044947296380996704e-01
-5.055147647857666016e+00,-2.153170347213745117e+00
-4.337005317211151123e-01,-8.391839265823364258e-02
-4.588479518890380859e+00,-3.358667373657226562e+00
-4.349900722503662109e+00,-1.306745886802673340e+00
-7.097815275192260742e-01,9.340426445007324219e+00
-9.681399464607238770e-01,-5.355018377304077148e-01
-4.158188343048095703e+00,-2.032536506652832031e+00
-3.954275608062744141e+00,-8.608021736145019531e-01
-3.719110488891601562e+00,-2.333573102951049805e+00
-4.303667545318603516e+00,-3.027384519577026367e+00
-2.294435650110244751e-01,-8.884134888648986816e-01
-4.230551242828369141e+00,-2.343684196472167969e+00
-3.203042149543762207e-01,1.504114389419555664e+00
-5.027250766754150391e+00,-3.957376241683959961e+00
-1.072964668273925781e+00,3.034268915653228760e-01
-3.151974678039550781e+00,4.195741653442382812e+00
-4.106385707855224609e+00,-1.444005131721496582e+00
-4.854349613189697266e+00,4.167068481445312500e+00
-8.260315060615539551e-01,-1.508376598358154297e+00
-4.299796581268310547e+00,2.056003570556640625e+00
-3.224569559097290039e+00,-7.381252646446228027e-01
-2.934756755828857422e+00,-1.728082060813903809e+00
-6.009282469749450684e-01,1.067302823066711426e+00
-2.945274829864501953e+00,5.112338066101074219e+00
-6.009282469749450684e-01,1.067302823066711426e+00
-1.277660608291625977e+00,-6.166522502899169922e-01
-1.382722139358520508e+00,-5.185732841491699219e-01
-1.440428972244262695e+00,-1.717277318239212036e-01
-3.862492084503173828e+00,-2.949646711349487305e+00
-4.175940990447998047e+00,4.007863998413085938e-01
-4.622511386871337891e+00,-3.000896930694580078e+00
-1.640414714813232422e+00,2.675864696502685547e+00
-4.297407627105712891e+00,-3.218028783798217773e+00
-4.025224208831787109e+00,-3.937969684600830078e+00
-4.714083194732666016e+00,5.183779001235961914e-01
-4.550961494445800781e+00,5.417083501815795898e-01
9.559893012046813965e-01,-1.669154405593872070e+00
-3.850174665451049805e+00,3.271737694740295410e-01
-3.767425298690795898e+00,-2.682209968566894531e+00
-9.362110495567321777e-01,-1.505385637283325195e+00
-3.531696796417236328e+00,7.979426383972167969e-01
-6.845061182975769043e-01,1.061507463455200195e+00
-4.420858860015869141e+00,-1.118673324584960938e+00
-1.180990457534790039e+00,-2.843646109104156494e-01
-3.895421981811523438e+00,3.875948667526245117e+00
-2.221652269363403320e+00,6.416411399841308594e+00
-3.689097404479980469e+00,-3.261085271835327148e+00
-3.828984975814819336e+00,-3.058675527572631836e+00
-1.230152606964111328e+00,-7.609738707542419434e-01
-3.948640346527099609e+00,-3.473245859146118164e+00
-4.074124813079833984e+00,-3.813007593154907227e+00
-3.458417654037475586e+00,-6.361507773399353027e-01
-4.739947915077209473e-01,9.828404188156127930e-01
-1.418498754501342773e+00,-8.124989271163940430e-01
-9.672608375549316406e-01,-7.740500569343566895e-01
-2.706366300582885742e+00,5.935423374176025391e+00
-2.609484434127807617e+00,-4.518556118011474609e+00
-4.439381599426269531e+00,5.189724564552307129e-01
-3.403995752334594727e+00,-9.675136953592300415e-02
1.252976655960083008e+00,-1.318265199661254883e-01
-3.244249343872070312e+00,-3.205034971237182617e+00
-3.833544015884399414e+00,-3.021363258361816406e+00
-3.394902944564819336e+00,-4.835934162139892578e+00
-3.512253284454345703e+00,1.108992770314216614e-01
-4.010060310363769531e+00,1.684800982475280762e+00
-1.709116458892822266e+00,1.751462463289499283e-03
1.282701969146728516e+00,-7.910225391387939453e-01
-3.851186037063598633e+00,-5.364648818969726562e+00
-3.240850925445556641e+00,-2.439862936735153198e-01
-3.621898651123046875e+00,3.831168889999389648e+00
-3.236897230148315430e+00,1.473752140998840332e+00
-1.032133221626281738e+00,-2.178214788436889648e-01
2.227213382720947266e-01,-1.634324550628662109e+00
-1.187790393829345703e+00,-3.772663176059722900e-01
-3.862853288650512695e+00,-2.364177942276000977e+00
-3.660073757171630859e+00,-3.784811496734619141e+00
-2.388444185256958008e+00,-3.977531433105468750e+00
-4.282819271087646484e+00,7.759717106819152832e-02
-4.714071273803710938e+00,8.695977330207824707e-01
-3.973337650299072266e+00,-4.364460706710815430e-01
-3.928683042526245117e+00,-4.753614902496337891e+00
-3.909360408782958984e+00,1.749993920326232910e+00
-4.242681503295898438e+00,-2.408809423446655273e+00
3.881741762161254883e-01,-2.093483209609985352e+00
1.432219028472900391e+00,-4.247707366943359375e+00
-5.219223022460937500e+00,2.297022819519042969e+00
-6.598753333091735840e-01,-1.210577011108398438e+00
-4.111300945281982422e+00,-3.833568334579467773e+00
-2.029728591442108154e-01,-1.047390460968017578e+00
-1.235259056091308594e+00,-2.801431119441986084e-01
-4.578175544738769531e+00,1.421144008636474609e+00
-4.439381599426269531e+00,5.189724564552307129e-01
-1.170649051666259766e+00,-3.664416551589965820e+00
-4.775058329105377197e-01,1.672504425048828125e+00
-5.247588157653808594e+00,-4.825806140899658203e+00
-2.902037620544433594e+00,-5.122296810150146484e+00
-5.430361270904541016e+00,1.964310854673385620e-01
-1.463740110397338867e+00,-4.511153697967529297e+00
-3.621516466140747070e+00,2.965380996465682983e-02
-9.062826633453369141e-01,2.282780647277832031e+00
-5.003562927246093750e+00,1.182212904095649719e-01
5.829522609710693359e-01,-1.690795063972473145e+00
-4.133773803710937500e+00,6.456514835357666016e+00
-5.174924373626708984e+00,-2.819102764129638672e+00
-4.598593235015869141e+00,-3.231719255447387695e+00
-3.914682388305664062e+00,6.582629203796386719e+00
-3.902789592742919922e+00,5.752484321594238281e+00
-8.798163533210754395e-01,-1.026578664779663086e+00
-1.574100017547607422e+00,-2.108536958694458008e-01
-4.924379825592041016e+00,-5.159856796264648438e+00
-2.229817152023315430e+00,-1.387366056442260742e+00
-3.777106285095214844e+00,1.909044861793518066e+00
-5.371066331863403320e-01,1.096960544586181641e+00
-4.048557758331298828e+00,-9.833135008811950684e-01
-1.270619153976440430e+00,-5.781100988388061523e-01
-4.072634696960449219e+00,4.246511459350585938e-01
-3.725406646728515625e+00,-3.529468774795532227e+00
-3.804389715194702148e+00,-4.931214332580566406e+00
-3.301176548004150391e+00,2.124472141265869141e+00
-4.275573730468750000e+00,-3.041095256805419922e+00
-6.750805377960205078e-01,1.184449195861816406e+00
-2.405417203903198242e+00,5.068016529083251953e+00
-4.109603404998779297e+00,-5.253419399261474609e+00
-3.345537424087524414e+00,6.547815322875976562e+00
-2.800201416015625000e+00,6.373330593109130859e+00
-3.940349817276000977e+00,-1.196594834327697754e+00
-1.400423496961593628e-01,-1.180643320083618164e+00
1.252976655960083008e+00,-1.318265199661254883e-01
-4.486955642700195312e+00,-2.829146862030029297e+00
-1.619349002838134766e+00,-4.660702049732208252e-01
-3.304547071456909180e-01,-2.127344608306884766e+00
4.317623376846313477e-01,-6.596684455871582031e-01
1.682909131050109863e-01,-6.639881730079650879e-01
-7.443822026252746582e-01,-1.737581968307495117e+00
-4.005930423736572266e+00,-1.848636150360107422e+00
-3.519051313400268555e+00,1.708682775497436523e+00
-1.490231990814208984e+00,-4.506949424743652344e+00
-5.665194392204284668e-01,-1.417934536933898926e+00
-8.260315060615539551e-01,-1.508376598358154297e+00
-3.334444284439086914e+00,1.005358695983886719e+00
-4.258635520935058594e+00,-2.784601926803588867e+00
-1.508399963378906250e+00,3.122194409370422363e-01
-2.670276880264282227e+00,-4.220241069793701172e+00
-3.524509668350219727e+00,1.866502910852432251e-01
-4.554935455322265625e+00,5.993296623229980469e+00
-4.416790962219238281e+00,5.594841957092285156e+00
-4.027482509613037109e+00,-2.969209671020507812e+00
-4.242681503295898438e+00,-2.408809423446655273e+00
-1.382722139358520508e+00,-5.185732841491699219e-01
-3.143882274627685547e+00,-4.272152423858642578e+00
-4.132683753967285156e+00,8.115907311439514160e-01
-4.270334720611572266e+00,-2.625197887420654297e+00
-9.917607307434082031e-01,-7.370240092277526855e-01
-3.824365615844726562e+00,-1.894269704818725586e+00
-3.340519189834594727e+00,8.215437829494476318e-02
-3.364743709564208984e+00,-1.254536867141723633e+00
-3.067259550094604492e+00,6.240259855985641479e-02
-3.636277198791503906e+00,-2.284350395202636719e+00
6.149340271949768066e-01,-8.097820878028869629e-01
-3.975284337997436523e+00,-1.537665605545043945e+00
-8.727347254753112793e-01,8.191895484924316406e-01
-3.155232429504394531e+00,1.657787680625915527e+00
-1.162415027618408203e+00,-5.386459827423095703e+00
-3.726592540740966797e+00,-3.808766126632690430e+00
-3.878231763839721680e+00,4.023005962371826172e+00
-3.026019811630249023e+00,1.890154004096984863e+00
-9.329698085784912109e-01,-1.034104943275451660e+00
-7.346932291984558105e-01,-3.304183483123779297e-01
-3.998157501220703125e+00,-3.120025634765625000e+00
-9.317134022712707520e-01,-2.449145466089248657e-01
1.138400793075561523e+00,-5.694345831871032715e-01
-1.134164810180664062e+00,-2.063176184892654419e-01
-6.653891801834106445e-01,-1.133747816085815430e+00
-8.849130272865295410e-01,-3.847681581974029541e-01
-1.527361571788787842e-01,-4.809822440147399902e-01
-1.407840967178344727e+00,-1.150259852409362793e+00
4.588235020637512207e-01,-6.018568277359008789e-01
-3.804860353469848633e+00,-7.155932188034057617e-01
-6.816257834434509277e-01,8.497549891471862793e-01
-2.086611509323120117e+00,-3.966191530227661133e+00
-4.072634696960449219e+00,4.246511459350585938e-01
-4.144401073455810547e+00,-1.901058197021484375e+00
-3.503056764602661133e+00,5.620707035064697266e+00
-3.535261869430541992e+00,-2.655621469020843506e-01
-1.393452882766723633e+00,-5.690608978271484375e+00
-4.196558952331542969e+00,5.223319530487060547e+00
-3.918422460556030273e+00,1.324066162109375000e+00
-1.868526458740234375e+00,-5.890532732009887695e-01
-3.382516860961914062e+00,-3.608611106872558594e+00
-3.984154939651489258e+00,3.310506045818328857e-01
-2.171590089797973633e+00,-5.878973484039306641e+00
-4.223215579986572266e+00,3.337180852890014648e+00
2.841088175773620605e-01,-1.132007837295532227e+00
-4.099922180175781250e+00,6.349916934967041016e+00
-3.146256208419799805e+00,5.646853923797607422e+00
-3.927969932556152344e+00,-1.873958587646484375e+00
-1.582072019577026367e+00,-5.060622096061706543e-01
-4.212686538696289062e+00,1.753444671630859375e+00
-4.144624710083007812e+00,1.775124192237854004e+00
-4.044281005859375000e+00,1.321377038955688477e+00
-1.547929286956787109e+00,-5.797212123870849609e+00
-1.455694675445556641e+00,-7.632277011871337891e-01
-4.456257820129394531e+00,-1.672099232673645020e+00
-1.592514753341674805e+00,-5.011096954345703125e+00
-3.545372009277343750e+00,1.245137810707092285e+00
-3.748728752136230469e+00,-4.405796051025390625e+00
-1.318890094757080078e+00,-2.418809652328491211e+00
-3.427377223968505859e+00,-1.581656575202941895e+00
-1.147258520126342773e+00,-4.504317939281463623e-01
-1.460887670516967773e+00,-4.521523475646972656e+00
-3.984858751296997070e+00,-3.273951053619384766e+00
-4.126889705657958984e+00,-3.514519929885864258e+00
-3.882998466491699219e+00,-4.934035301208496094e+00
5.238940119743347168e-01,-1.721608161926269531e+00
-4.025946617126464844e+00,-3.113304376602172852e-01
-4.025664329528808594e+00,-2.513358891010284424e-01
-3.512435913085937500e+00,1.482470750808715820e+00
-8.277102708816528320e-01,-1.086107015609741211e+00
-6.734805107116699219e-01,4.038999974727630615e-01
-3.490591764450073242e+00,3.604447126388549805e+00
-3.306086063385009766e+00,-3.363457441329956055e+00
7.941612601280212402e-01,-1.494877099990844727e+00
-8.060180544853210449e-01,-5.122289061546325684e-01
-3.494607448577880859e+00,1.156365036964416504e+00
-4.203834056854248047e+00,-3.266381025314331055e+00
-3.649693489074707031e+00,-6.843318343162536621e-01
-6.756575703620910645e-01,1.015444993972778320e+00
-1.291937589645385742e+00,-6.595049500465393066e-01
-1.241800308227539062e+00,-5.969292640686035156e+00
-3.501227617263793945e+00,-3.768011093139648438e+00
-3.803975105285644531e+00,-2.734121799468994141e+00
-3.295563936233520508e+00,-4.927790164947509766e-01
-3.914989948272705078e+00,-3.096779286861419678e-01
-2.540577411651611328e+00,-3.971647024154663086e+00
-3.890612840652465820e+00,-3.647036384791135788e-03
-3.770005941390991211e+00,1.967623233795166016e+00
-4.019859790802001953e+00,2.446499109268188477e+00
-9.523538947105407715e-01,-3.384232819080352783e-01
-1.578179597854614258e+00,-2.375511825084686279e-01
-1.233195543289184570e+00,-2.862831652164459229e-01
-3.568348407745361328e+00,-5.541077136993408203e+00
-4.458586215972900391e+00,6.821796894073486328e-01
-3.759160995483398438e+00,-2.472939968109130859e+00
-1.020872831344604492e+00,-6.956263780593872070e-01
-4.061210155487060547e+00,7.172219753265380859e+00
-4.938514709472656250e+00,-2.448120832443237305e+00
7.226976752281188965e-01,-1.732488989830017090e+00
6.380087733268737793e-01,-2.116338729858398438e+00
-6.673442721366882324e-01,-1.602835774421691895e+00
-3.521776676177978516e+00,-2.077816247940063477e+00
-4.587213516235351562e+00,3.064211308956146240e-01
-4.565831661224365234e+00,-2.400655001401901245e-01
-1.317123651504516602e+00,-1.739438325166702271e-01
-4.082807064056396484e+00,-1.948708295822143555e+00
-3.650425434112548828e+00,-5.606051921844482422e+00
-7.403468489646911621e-01,1.153907895088195801e+00
-4.059432983398437500e+00,4.815855622291564941e-01
-3.878441095352172852e+00,-3.424882650375366211e+00
-1.235032320022583008e+00,-1.801710277795791626e-01
3.472679853439331055e-01,-9.268505573272705078e-01
-3.140951633453369141e+00,-4.631510734558105469e+00
-3.868662595748901367e+00,5.914486050605773926e-01
-2.433609962463378906e-01,-1.258389115333557129e+00
-4.206053256988525391e+00,-4.403222084045410156e+00
-3.443945407867431641e+00,1.010940790176391602e+00
-2.323656231164932251e-01,1.382008314132690430e+00
-5.752429366111755371e-01,-2.783946990966796875e-01
-3.855682134628295898e+00,1.900014042854309082e+00
-3.489463090896606445e+00,2.877959012985229492e+00
-5.100107669830322266e+00,-9.517345577478408813e-02
-3.444566965103149414e+00,-4.869846820831298828e+00
-1.396437644958496094e+00,-2.785250246524810791e-01
-1.336163759231567383e+00,-3.635567128658294678e-01
1.212126016616821289e+00,-4.894950687885284424e-01
-4.216175556182861328e+00,-2.412190198898315430e+00
-4.313058853149414062e+00,-2.599307775497436523e+00
-4.067436218261718750e+00,-2.990868806838989258e+00
-1.368792533874511719e+00,-1.835656762123107910e-01
-6.920807361602783203e-01,1.103134989738464355e+00
3.255646228790283203e-01,-6.300334334373474121e-01
-4.468749523162841797e+00,5.275051116943359375e+00
-4.626551628112792969e+00,-2.122901678085327148e+00
-4.048169612884521484e+00,-2.993642568588256836e+00
-3.942975997924804688e+00,1.529443740844726562e+00
-1.424691438674926758e+00,-9.325957298278808594e-01
-3.764408349990844727e+00,6.102086305618286133e-01
8.722409605979919434e-01,-8.667030930519104004e-01
-4.230551242828369141e+00,-2.343684196472167969e+00
-3.682753086090087891e+00,-5.922016501426696777e-01
-3.283971071243286133e+00,-1.739421129226684570e+00
-1.224811315536499023e+00,2.459037542343139648e+00
-3.636066198348999023e+00,-3.306159377098083496e-01
-3.824025154113769531e+00,1.849152207374572754e+00
-4.053008079528808594e+00,-7.678990364074707031e-01
-3.436919212341308594e+00,-7.214127779006958008e-01
-3.589698791503906250e+00,1.658468961715698242e+00
-4.285090923309326172e+00,-1.162688136100769043e+00
-3.642861843109130859e+00,-1.549207448959350586e+00
-4.166720390319824219e+00,5.358031272888183594e+00
-4.469103813171386719e+00,5.756078720092773438e+00
-2.729995965957641602e+00,5.215919494628906250e+00
-4.184269905090332031e+00,-3.662473678588867188e+00
-4.077831745147705078e+00,4.896068572998046875e+00
-5.221353769302368164e-01,1.564716219902038574e+00
-1.509059429168701172e+00,-1.297384202480316162e-01
-4.758461952209472656e+00,-2.055340290069580078e+00
6.831810474395751953e-01,-5.359861254692077637e-01
-4.074124813079833984e+00,-3.813007593154907227e+00
-4.835137844085693359e+00,-2.786925077438354492e+00
-3.679513216018676758e+00,1.812226176261901855e+00
-4.826418876647949219e+00,-3.978178501129150391e+00
5.970332622528076172e-01,-1.345834493637084961e+00
-4.405161380767822266e+00,-3.518657922744750977e+00
-1.356644868850708008e+00,-2.069610804319381714e-01
1.023539900779724121e-02,-1.551974773406982422e+00
-1.166393280029296875e+00,-4.828383326530456543e-01
1.196757555007934570e+00,-1.088250041007995605e+00
-3.866449117660522461e+00,1.416745066642761230e+00
-5.942705869674682617e-01,3.236977100372314453e+00
-2.902037620544433594e+00,-5.122296810150146484e+00
-4.701530933380126953e-01,-7.725664973258972168e-01
-3.481506586074829102e+00,1.348337292671203613e+00
-4.521081447601318359e+00,-3.297943353652954102e+00
-4.111300945281982422e+00,-3.833568334579467773e+00
-3.957286834716796875e+00,-4.953404903411865234e+00
-3.420487880706787109e+00,3.293915987014770508e-01
-3.784616947174072266e+00,-1.796355009078979492e+00
-3.716101884841918945e+00,3.620800971984863281e+00
-1.009365081787109375e+00,-6.353092193603515625e-01
-1.182678937911987305e+00,-1.075890541076660156e+00
-4.423178672790527344e+00,-1.006838679313659668e+00
-3.950164079666137695e+00,-3.343805789947509766e+00
-3.688812255859375000e+00,4.323822557926177979e-01
-4.554935455322265625e+00,5.993296623229980469e+00
-3.340385913848876953e+00,5.150450706481933594e+00
-1.647988319396972656e+00,-6.158531904220581055e-01
-3.765388488769531250e+00,-9.018435329198837280e-02
5.574538707733154297e-01,-1.100457668304443359e+00
-2.682940959930419922e+00,8.499525189399719238e-01
-9.201173782348632812e-01,-4.498014450073242188e+00
-4.297497749328613281e+00,-3.756578683853149414e+00
-3.880504846572875977e+00,4.609469890594482422e+00
-9.826986789703369141e-01,-2.457207590341567993e-01
2.617232799530029297e-01,-9.359108805656433105e-01
-1.224166870117187500e+00,-1.747467517852783203e-01
-1.619862079620361328e+00,-3.088987432420253754e-02
-3.716101884841918945e+00,3.620800971984863281e+00
-3.820565223693847656e+00,-4.278065681457519531e+00
-4.173827171325683594e+00,-3.427695631980895996e-01
-4.817901611328125000e+00,2.140861988067626953e+00
-3.881126165390014648e+00,-3.630386114120483398e+00
-3.826342821121215820e+00,-2.369902282953262329e-01
-2.019287824630737305e+00,4.227174758911132812e+00
-4.045207977294921875e+00,-3.879959821701049805e+00
-1.195377588272094727e+00,4.214522838592529297e-01
-3.492973327636718750e+00,-3.474371671676635742e+00
-9.966680407524108887e-01,-4.789332747459411621e-01
-9.461305737495422363e-01,1.329710602760314941e+00
-3.799345254898071289e+00,4.598149098455905914e-04
-3.824365615844726562e+00,-1.894269704818725586e+00
-4.191247940063476562e+00,-3.214396953582763672e+00
-3.757825613021850586e+00,1.623412251472473145e+00
-3.555922269821166992e+00,-4.860416412353515625e+00
-4.055664062500000000e+00,-3.000903606414794922e+00
-1.006329774856567383e+00,3.148610591888427734e-01
-2.416012287139892578e+00,4.697904586791992188e+00
-1.035525202751159668e+00,-5.134057998657226562e-01
-1.462793588638305664e+00,-1.122953966259956360e-01
-4.048848628997802734e+00,-3.651161909103393555e+00
-4.005105972290039062e+00,-5.354009628295898438e+00
-4.258027076721191406e-01,3.703752517700195312e+00
-4.211073875427246094e+00,-3.426439285278320312e+00
-1.072861909866333008e+00,-2.026235461235046387e-01
-3.956011533737182617e+00,1.605684995651245117e+00
-1.197085857391357422e+00,-5.977158546447753906e-01
-7.097815275192260742e-01,9.340426445007324219e+00
-3.347188949584960938e+00,-6.684700250625610352e-01
-4.583908557891845703e+00,-4.751357555389404297e+00
-3.906114101409912109e+00,5.527285575866699219e+00
3.380869925022125244e-01,-1.113582730293273926e+00
-4.459919929504394531e+00,5.531925201416015625e+00
-3.621898651123046875e+00,3.831168889999389648e+00
-4.508896827697753906e+00,7.996221184730529785e-01
-3.236897230148315430e+00,1.473752140998840332e+00
-4.339600503444671631e-01,1.293689846992492676e+00
-4.838499546051025391e+00,-3.018920898437500000e+00
-4.371618747711181641e+00,-4.169054031372070312e+00
-4.492466926574707031e+00,-3.364515066146850586e+00
-4.457056999206542969e+00,-1.996212601661682129e+00
-2.852844953536987305e+00,5.211783409118652344e+00
4.061586856842041016e-01,-7.196135520935058594e-01
-3.964541673660278320e+00,-3.144049882888793945e+00
-2.918418884277343750e+00,-5.198461055755615234e+00
-4.638093471527099609e+00,-2.072935819625854492e+00
-1.634164094924926758e+00,-1.526212096214294434e+00
-1.533987045288085938e+00,-2.206421345472335815e-01
-3.678789377212524414e+00,2.478642940521240234e+00
-3.782187461853027344e+00,-3.665631294250488281e+00
-1.573065996170043945e+00,-2.773522734642028809e-01
-3.625730514526367188e+00,1.734717249870300293e+00
-1.513242959976196289e+00,-4.209188222885131836e-01
-1.703932523727416992e+00,-2.398816823959350586e+00
-3.956413745880126953e+00,2.682894229888916016e+00
-1.726602792739868164e+00,8.494554519653320312e+00
-3.955720186233520508e+00,-3.591908693313598633e+00
-3.282329797744750977e+00,-4.784046411514282227e-01
-1.494509935379028320e+00,-3.546165823936462402e-01
-1.371356010437011719e+00,-1.160701036453247070e+00
-1.464731693267822266e+00,-4.701210856437683105e-01
-3.770891427993774414e+00,-8.011847734451293945e-01
-4.714650630950927734e+00,3.384341597557067871e-01
-1.569040298461914062e+00,-2.504561424255371094e+00
-7.330280542373657227e-01,-1.962208002805709839e-01
-2.482689380645751953e+00,2.831113576889038086e+00
4.132180213928222656e-01,5.396966457366943359e+00
-4.367314338684082031e+00,-1.789386153221130371e+00
-3.666836261749267578e+00,-1.623831510543823242e+00
-3.862807989120483398e+00,8.598922193050384521e-02
-4.345509052276611328e+00,-1.543308019638061523e+00
-3.945469617843627930e+00,4.373516559600830078e+00
-4.095505237579345703e+00,-4.364523410797119141e+00
-3.334413528442382812e+00,-1.395127773284912109e-01
3.656053543090820312e-02,-1.931720614433288574e+00
-4.619645118713378906e+00,-1.243264079093933105e+00
-4.678360939025878906e+00,-2.175657033920288086e+00
-3.601952791213989258e+00,-4.567833423614501953e+00
-4.259793281555175781e+00,-3.537737131118774414e-01
-3.310935497283935547e+00,1.417536616325378418e+00
-3.775355577468872070e+00,3.701009273529052734e+00
-1.123759865760803223e+00,-2.983578443527221680e-01
-8.144284486770629883e-01,1.237926363945007324e+00
-3.004280626773834229e-01,1.162178993225097656e+00
-3.689558506011962891e-01,1.295622587203979492e+00
-1.233523368835449219e+00,2.518764734268188477e+00
-2.180889129638671875e+00,-6.098237514495849609e+00
-1.156211614608764648e+00,-5.720793247222900391e+00
-3.416804075241088867e+00,1.940757632255554199e-01
-3.943726539611816406e+00,8.568022847175598145e-01
-4.576642036437988281e+00,-3.013760805130004883e+00
8.547835350036621094e-01,-2.046380281448364258e+00
-3.357732534408569336e+00,-2.984450817108154297e+00
-1.317123651504516602e+00,-1.739438325166702271e-01
-7.109960913658142090e-01,-4.435778617858886719e+00
1.539976596832275391e+00,-1.584887623786926270e+00
-4.948628544807434082e-01,1.365180850028991699e+00
-4.373469829559326172e+00,-4.697707176208496094e+00
-4.097962856292724609e+00,1.540650963783264160e+00
1.284815073013305664e-01,-1.716369032859802246e+00
-4.177105903625488281e+00,7.553677558898925781e-01
-3.902352571487426758e+00,-1.115994691848754883e+00
-1.235032320022583008e+00,-1.801710277795791626e-01
-4.578175544738769531e+00,1.421144008636474609e+00
-4.312930107116699219e+00,-6.385833024978637695e-01
-4.747342109680175781e+00,-3.022912502288818359e+00
-3.103161573410034180e+00,9.974785447120666504e-01
-3.321409225463867188e+00,-9.332448244094848633e-01
-3.103161573410034180e+00,9.974785447120666504e-01
-3.479842424392700195e+00,6.652151584625244141e+00
-9.681399464607238770e-01,-5.355018377304077148e-01
-3.916413545608520508e+00,-3.939206361770629883e+00
-4.177105903625488281e+00,7.553677558898925781e-01
4.534091353416442871e-01,-1.109933257102966309e+00
-3.805670261383056641e+00,2.045397281646728516e+00
-1.102036714553833008e+00,-9.198145866394042969e-01
1.046480894088745117e+00,-6.048238873481750488e-01
2.045154571533203125e-03,1.857721686363220215e+00
-3.622735261917114258e+00,2.258524179458618164e+00
-1.266353845596313477e+00,-1.028803214430809021e-01
-3.916721105575561523e+00,1.172794550657272339e-01
-3.524842739105224609e+00,-8.532852530479431152e-01
-4.581592559814453125e+00,-3.582853555679321289e+00
-6.806768178939819336e-01,1.112856864929199219e+00
-4.481888771057128906e+00,-4.061674594879150391e+00
-8.422386050224304199e-01,-1.170316219329833984e+00
-3.503278493881225586e+00,-3.787861585617065430e+00
1.598434150218963623e-01,-1.197443343698978424e-02
-3.254393100738525391e+00,3.551518023014068604e-01
-4.856269657611846924e-01,1.443245053291320801e+00
-3.589121103286743164e+00,-3.426097154617309570e+00
-4.327047348022460938e+00,1.936496615409851074e+00
-2.195187568664550781e+00,4.057977676391601562e+00
-5.434575080871582031e-01,-3.260981142520904541e-01
-5.624996423721313477e-01,1.103516459465026855e+00
-5.094512701034545898e-01,1.464024066925048828e+00
-3.354825973510742188e+00,4.177287101745605469e+00
-4.246961593627929688e+00,1.452339768409729004e+00
-3.162711381912231445e+00,4.346140861511230469e+00
-1.870538234710693359e+00,1.068156242370605469e+01
-3.061568140983581543e-01,9.612225294113159180e-01
-4.277359008789062500e+00,2.474994808435440063e-01
-4.442236900329589844e+00,1.754746675491333008e+00
-1.331728935241699219e+00,-3.734917938709259033e-01
-3.856013774871826172e+00,1.600292921066284180e+00
-3.869859457015991211e+00,5.552906990051269531e-01
-5.330290794372558594e+00,-3.917947530746459961e+00
-2.482689380645751953e+00,2.831113576889038086e+00
-2.709213733673095703e+00,-1.716951012611389160e+00
-2.064857631921768188e-02,-1.321717381477355957e+00
-3.356438159942626953e+00,5.665385246276855469e+00
-3.745870351791381836e+00,1.113263010978698730e+00
-8.778651952743530273e-01,9.288835525512695312e-01
-3.071182966232299805e+00,4.740351676940917969e+00
-3.974859476089477539e+00,-3.896424293518066406e+00
-2.698899030685424805e+00,3.564345240592956543e-01
-3.982562780380249023e+00,6.139501333236694336e-01
-4.086906909942626953e+00,-2.294632434844970703e+00
-1.507275104522705078e+00,-7.239854335784912109e-01
-1.147962570190429688e+00,-3.509572446346282959e-01
-4.112215518951416016e+00,-3.092901468276977539e+00
-3.545292854309082031e+00,1.462210655212402344e+00
-2.554089307785034180e+00,1.488389730453491211e+00
1.346478223800659180e+00,-1.671266555786132812e+00
-4.316165447235107422e+00,2.438833236694335938e+00
-4.376800537109375000e+00,-2.328027486801147461e+00
-4.127546787261962891e+00,2.026420116424560547e+00
-4.758461952209472656e+00,-2.055340290069580078e+00
-1.386449813842773438e+00,-2.822506189346313477e+00
-4.560118198394775391e+00,-3.893013954162597656e+00
-4.212686538696289062e+00,1.753444671630859375e+00
-1.757324934005737305e+00,-1.370148181915283203e+00
-3.664970874786376953e+00,5.915828227996826172e+00
-3.998157501220703125e+00,-3.120025634765625000e+00
-4.063933372497558594e+00,1.375982910394668579e-01
-4.681999683380126953e+00,-1.985131859779357910e+00
-1.682044982910156250e+00,-5.379570722579956055e-01
-2.270801544189453125e+00,5.227340221405029297e+00
-3.878915071487426758e+00,4.815880298614501953e+00
-3.340385913848876953e+00,5.150450706481933594e+00
-4.531480312347412109e+00,6.490931034088134766e+00
-2.531594514846801758e+00,-5.198168277740478516e+00
-3.400252103805541992e+00,-3.602312803268432617e+00
-4.817901611328125000e+00,2.140861988067626953e+00
-4.135880947113037109e+00,-2.302561044692993164e+00
-2.145397663116455078e+00,-1.882373213768005371e+00
-4.124005317687988281e+00,1.661618709564208984e+00
-3.453159570693969727e+00,2.234779119491577148e+00
-1.106900691986083984e+00,-5.829632878303527832e-01
-4.059048652648925781e+00,2.748690545558929443e-01
-1.422512769699096680e+00,-1.426457762718200684e-01
-4.192115783691406250e+00,-3.417464494705200195e+00
-3.972365617752075195e+00,7.464207172393798828e+00
-3.945312023162841797e+00,1.278285622596740723e+00
-3.644613921642303467e-01,9.735820889472961426e-01
-1.475562095642089844e+00,7.784087657928466797e-01
-3.860239744186401367e+00,3.481017589569091797e+00
-1.383166790008544922e+00,-1.787869930267333984e-01
-4.534907341003417969e+00,-2.313275098800659180e+00
-3.924077510833740234e+00,-4.282843589782714844e+00
-3.130449533462524414e+00,6.494966506958007812e+00
-3.774871349334716797e+00,-2.227212905883789062e+00
-1.136417627334594727e+00,-7.092912793159484863e-01
-4.060135364532470703e+00,7.830174267292022705e-02
-3.801080465316772461e+00,5.165070891380310059e-01
-2.682940959930419922e+00,8.499525189399719238e-01
-4.421769142150878906e+00,1.465585231781005859e+00
-4.161307811737060547e+00,-8.726451992988586426e-01
-3.869859457015991211e+00,5.552906990051269531e-01
-2.922463178634643555e+00,-1.506388545036315918e+00
-4.508049011230468750e+00,2.159697860479354858e-01
-1.070422649383544922e+00,-1.487630903720855713e-01
-1.375307083129882812e+00,-1.186760425567626953e+00
-3.590377807617187500e+00,-3.172980785369873047e+00
-3.979301214218139648e+00,6.508979201316833496e-01
-3.935499906539916992e+00,-4.033104896545410156e+00
-4.272033214569091797e+00,5.190120697021484375e+00
4.088534712791442871e-01,-7.976096272468566895e-01
-2.487373352050781250e+00,-4.588491916656494141e+00
-3.620980262756347656e+00,-2.926584243774414062e+00
-2.048530101776123047e+00,-4.909785270690917969e+00
-3.800084352493286133e+00,3.397834300994873047e+00
-1.263043642044067383e+00,-2.498136907815933228e-01
-5.398187637329101562e-01,1.954203724861145020e+00
6.815235018730163574e-01,-2.528654038906097412e-01
-4.394196987152099609e+00,-2.881295442581176758e+00
-3.529419183731079102e+00,3.264487981796264648e-01
-7.584655880928039551e-01,9.546132683753967285e-01
-2.454047679901123047e+00,-4.888283312320709229e-01
-3.902789592742919922e+00,5.752484321594238281e+00
-2.813233435153961182e-01,-1.730089068412780762e+00
5.637673735618591309e-01,-1.548412203788757324e+00
4.132180213928222656e-01,5.396966457366943359e+00
-3.340358972549438477e+00,-1.751191616058349609e+00
-3.671866893768310547e+00,-3.819989919662475586e+00
-1.249966144561767578e+00,-5.605614781379699707e-01
-3.596592664718627930e+00,6.106623262166976929e-02
-6.676011681556701660e-01,1.021891832351684570e+00
-3.121046781539916992e+00,2.390573978424072266e+00
2.513419687747955322e-01,-4.531271159648895264e-01
-3.958291769027709961e+00,-9.509107470512390137e-01
-3.381736278533935547e+00,-2.274724483489990234e+00
-3.331379890441894531e+00,3.333616852760314941e-01
-3.650471210479736328e+00,1.418047904968261719e+00
-3.028879165649414062e+00,3.761479854583740234e+00
-3.531696796417236328e+00,7.979426383972167969e-01
-3.837547779083251953e+00,1.424405932426452637e+00
-5.300691604614257812e+00,6.360760211944580078e+00
-3.488654851913452148e+00,1.664996147155761719e+00
-3.764408349990844727e+00,6.102086305618286133e-01
-2.033750116825103760e-01,-2.452287226915359497e-01
-2.251987457275390625e+00,-4.268509387969970703e+00
-3.746504783630371094e+00,-2.152126550674438477e+00
1.353361129760742188e+00,-8.165926337242126465e-01
7.089880108833312988e-01,-2.282248020172119141e+00
-1.578338384628295898e+00,6.633588314056396484e+00
-3.916057109832763672e+00,4.053336083889007568e-01
-8.743701577186584473e-01,5.424932837486267090e-01
-2.332855463027954102e+00,-2.127168327569961548e-01
-1.060061529278755188e-01,2.091225385665893555e+00
-8.641459345817565918e-01,-4.437715053558349609e+00
-3.328986883163452148e+00,-3.767296075820922852e+00
-4.130766868591308594e+00,-2.506775379180908203e+00
-3.655312061309814453e+00,-2.276676654815673828e+00
-3.579156398773193359e+00,4.828707575798034668e-01
-8.171460032463073730e-01,-4.488355159759521484e+00
1.030657291412353516e+00,-1.715255737304687500e+00
-4.122295856475830078e+00,-3.759576320648193359e+00
-9.730699658393859863e-01,-1.087120175361633301e+00
-1.439117908477783203e+00,-8.366701006889343262e-02
-3.357732534408569336e+00,-2.984450817108154297e+00
-3.521776676177978516e+00,-2.077816247940063477e+00
-7.141753435134887695e-01,1.570606112480163574e+00
-1.316127061843872070e+00,1.540604382753372192e-01
-3.784616947174072266e+00,-1.796355009078979492e+00
-3.805466890335083008e+00,2.267804145812988281e+00
-3.201275825500488281e+00,-3.144456863403320312e+00
-3.990450143814086914e+00,2.047636747360229492e+00
-1.343744754791259766e+00,3.763468861579895020e-01
-3.235605478286743164e+00,8.292073756456375122e-02
-3.624477863311767578e+00,6.102420330047607422e+00
-2.776504993438720703e+00,-5.035181999206542969e+00
-2.906314134597778320e+00,2.917918443679809570e+00
-5.868770122528076172e+00,-1.048978805541992188e+00
-1.244387865066528320e+00,-2.034762501716613770e-01
-4.235347747802734375e+00,5.740746498107910156e+00
-3.932503700256347656e+00,-3.515070676803588867e+00
-3.257826328277587891e+00,3.513879776000976562e-01
-1.305759906768798828e+00,-1.960935443639755249e-01
-4.060622692108154297e+00,6.363885998725891113e-01
-3.051192283630371094e+00,1.498833179473876953e+00
-2.842915058135986328e+00,1.633837699890136719e+00
-1.586812019348144531e+00,-3.727518320083618164e-01
-1.101495623588562012e+00,-3.883539438247680664e-01
-6.721343398094177246e-01,9.958603978157043457e-01
-2.006228208541870117e+00,-1.780887246131896973e+00
-3.791612863540649414e+00,8.426810503005981445e-01
1.054598093032836914e+00,-5.638784766197204590e-01
-3.639575719833374023e+00,-3.946758985519409180e+00
-3.972392082214355469e+00,-2.210690259933471680e+00
-3.902554512023925781e+00,-1.899180531501770020e+00
-1.334975242614746094e+00,-4.170153141021728516e+00
-3.218177795410156250e+00,-2.280119419097900391e+00
-3.865011215209960938e+00,3.940699994564056396e-01
-5.192628502845764160e-01,1.144703269004821777e+00
-3.576361417770385742e+00,-5.190453529357910156e+00
-3.433905601501464844e+00,-4.797158241271972656e+00
-4.025664329528808594e+00,-2.513358891010284424e-01
-3.485984563827514648e+00,3.545022904872894287e-01
-9.730699658393859863e-01,-1.087120175361633301e+00
-4.756759643554687500e+00,-2.757041931152343750e+00
-5.120538234710693359e+00,-1.266034603118896484e+00
6.500824689865112305e-01,-9.854751825332641602e-01
-2.873306751251220703e+00,2.311678081750869751e-01
-1.360094070434570312e+00,-1.456708759069442749e-01
-2.992435216903686523e+00,3.896674394607543945e+00
-3.408142566680908203e+00,-1.233139991760253906e+00
-3.881126165390014648e+00,-3.630386114120483398e+00
-1.094328641891479492e+00,1.764254570007324219e-01
-1.080047965049743652e+00,-4.639146327972412109e-01
-3.954275608062744141e+00,-8.608021736145019531e-01
8.255215883255004883e-01,-9.665946364402770996e-01
-4.167096138000488281e+00,-3.143618822097778320e+00
-3.809988975524902344e+00,-1.818468809127807617e+00
-1.147258520126342773e+00,-4.504317939281463623e-01
-4.808178901672363281e+00,-3.166412353515625000e+00
-4.772706031799316406e+00,-2.195554494857788086e+00
8.263518810272216797e-01,-5.950887203216552734e-01
-1.979542016983032227e+00,9.118901252746582031e+00
-3.965035438537597656e+00,5.425258874893188477e-01
-5.603681206703186035e-01,1.428444027900695801e+00
-3.339397192001342773e+00,7.068433761596679688e-01
-1.219382762908935547e+00,-2.886950373649597168e-01
7.196329236030578613e-01,-1.400315403938293457e+00
-4.619645118713378906e+00,-1.243264079093933105e+00
-4.834367334842681885e-01,-1.216044306755065918e+00
-4.164095520973205566e-01,-1.359951496124267578e+00
-5.018537521362304688e+00,-1.853046298027038574e+00
-3.618007421493530273e+00,3.008635640144348145e-01
-3.994619369506835938e+00,-2.715647220611572266e+00
6.078298687934875488e-01,-1.025595068931579590e+00
-2.609766960144042969e+00,-4.932826995849609375e+00
-3.448207616806030273e+00,6.641936302185058594e-02
-4.938514709472656250e+00,-2.448120832443237305e+00
-3.642948627471923828e+00,-2.879999279975891113e-01
-1.993346452713012695e+00,-2.372967481613159180e+00
-2.867125511169433594e+00,-4.741005897521972656e+00
-3.769500017166137695e+00,-3.635900020599365234e+00
-4.173827171325683594e+00,-3.427695631980895996e-01
-1.298721075057983398e+00,-5.255034446716308594e+00
-3.862169981002807617e+00,1.769455224275588989e-01
-6.865364909172058105e-01,1.553930997848510742e+00
-1.142890453338623047e+00,-5.527992248535156250e-01
1.138400793075561523e+00,-5.694345831871032715e-01
-2.408210486173629761e-01,-6.546201109886169434e-01
-4.122069835662841797e+00,1.463533043861389160e+00
-3.633699178695678711e+00,-5.283084392547607422e+00
-3.810034751892089844e+00,4.378371715545654297e+00
-3.209044456481933594e+00,6.051824569702148438e+00
-3.418306112289428711e+00,-9.984275698661804199e-01
-3.636066198348999023e+00,-3.306159377098083496e-01
-3.583331108093261719e+00,-1.497919440269470215e+00
-5.083668708801269531e+00,-1.710873126983642578e+00
-3.430117130279541016e+00,5.411930561065673828e+00
-3.596291780471801758e+00,-4.540279388427734375e+00
-3.797910690307617188e+00,-1.853041887283325195e+00
-7.330280542373657227e-01,-1.962208002805709839e-01
-3.261844635009765625e+00,2.457952260971069336e+00
-2.103552818298339844e+00,-1.844035983085632324e+00
-4.293468952178955078e+00,1.553635358810424805e+00
-3.828984975814819336e+00,-3.058675527572631836e+00
-4.060622692108154297e+00,6.363885998725891113e-01
-3.869239568710327148e+00,-2.746676683425903320e+00
-4.083435535430908203e+00,1.613244414329528809e+00
-3.984858751296997070e+00,-3.273951053619384766e+00
-3.906695127487182617e+00,-4.269356727600097656e+00
-4.468531608581542969e+00,-3.436311006546020508e+00
-4.060240745544433594e+00,-3.658598184585571289e+00
-4.380398273468017578e+00,5.828682780265808105e-01
-1.902886629104614258e-01,1.723546981811523438e+00
-9.808091521263122559e-01,-1.129622101783752441e+00
-2.054669141769409180e+00,7.355796813964843750e+00
-8.204900026321411133e-01,-4.086018204689025879e-01
-7.268937826156616211e-01,-1.057024121284484863e+00
-3.917397022247314453e+00,-1.738457679748535156e+00
-4.327178001403808594e+00,-7.736820578575134277e-01
-3.491261959075927734e+00,-2.480356544256210327e-01
-4.734529972076416016e+00,5.603931427001953125e+00
-2.638298034667968750e+00,-6.812953948974609375e-01
-9.442479014396667480e-01,-8.899632096290588379e-01
-1.172553077340126038e-01,-8.505159020423889160e-01
-4.146084189414978027e-01,2.046170711517333984e+00
-3.889767408370971680e+00,2.157043218612670898e+00
-3.873869180679321289e-01,-1.061841487884521484e+00
-4.411039829254150391e+00,-3.825835943222045898e+00
1.587490081787109375e+00,-2.026181221008300781e+00
-4.529254913330078125e+00,2.220721244812011719e-01
-1.277660608291625977e+00,-6.166522502899169922e-01
-1.356644868850708008e+00,-2.069610804319381714e-01
-4.044800281524658203e+00,2.625761628150939941e-01
-4.238495349884033203e+00,3.954507589340209961e+00
-4.320837974548339844e+00,1.289310574531555176e+00
-4.076879501342773438e+00,-4.190341472625732422e+00
-4.156312465667724609e+00,1.825692415237426758e+00
-4.573513984680175781e+00,9.491503834724426270e-01
5.829522609710693359e-01,-1.690795063972473145e+00
-3.646467924118041992e+00,-3.028202950954437256e-01
-3.255799770355224609e+00,-1.785968989133834839e-01
-1.078720808029174805e+00,-1.366584151983261108e-01
-2.531610488891601562e+00,-5.036110877990722656e+00
6.253107786178588867e-01,-8.634327650070190430e-01
4.588235020637512207e-01,-6.018568277359008789e-01
-4.280607223510742188e+00,-3.312754154205322266e+00
-1.615630626678466797e+00,-5.320888519287109375e+00
-4.112325668334960938e+00,-3.136035680770874023e+00
-9.808091521263122559e-01,-1.129622101783752441e+00
-3.978993892669677734e+00,1.975884079933166504e+00
-1.266801595687866211e+00,-1.628196612000465393e-02
-4.408572673797607422e+00,-3.357028245925903320e+00
-2.760520219802856445e+00,-5.127327919006347656e+00
-3.922665119171142578e+00,-1.619584679603576660e+00
-4.142395496368408203e+00,-2.510728836059570312e+00
-4.094638824462890625e+00,1.733721375465393066e+00
-3.590330183506011963e-01,-1.688178181648254395e+00
-3.999350786209106445e+00,3.920676708221435547e-01
-1.887696981430053711e-01,1.316305994987487793e+00
-4.138391613960266113e-01,1.729196071624755859e+00
-7.704173326492309570e-01,-4.315161108970642090e-01
-4.047863006591796875e+00,-1.201415419578552246e+00
7.196329236030578613e-01,-1.400315403938293457e+00
-4.369446754455566406e+00,-4.927033424377441406e+00
-3.647088289260864258e+00,6.778298854827880859e+00
-4.201628684997558594e+00,3.718235015869140625e+00
-1.321781635284423828e+00,-1.018548160791397095e-01
-3.708413600921630859e+00,6.164715290069580078e-01
-5.174924373626708984e+00,-2.819102764129638672e+00
-4.102904796600341797e+00,-2.890958309173583984e+00
-1.935585737228393555e+00,9.959355354309082031e+00
-4.312930107116699219e+00,-6.385833024978637695e-01
-3.980483770370483398e+00,-3.685343742370605469e+00
-4.861329555511474609e+00,7.960854768753051758e-01
-1.548993587493896484e+00,-5.342350482940673828e+00
-3.953674316406250000e+00,1.692259609699249268e-01
-3.987339258193969727e+00,1.041940569877624512e+00
-4.252303600311279297e+00,5.486453533172607422e+00
-1.353570461273193359e+00,-9.975699782371520996e-01
-5.006602764129638672e+00,-3.176137208938598633e+00
-4.262131690979003906e+00,-2.918637037277221680e+00
-2.520548105239868164e+00,4.371721744537353516e+00
-3.519813060760498047e+00,-3.567035913467407227e+00
-1.371356010437011719e+00,-1.160701036453247070e+00
-4.013371944427490234e+00,-5.224645614624023438e+00
8.287560939788818359e-01,-2.307581424713134766e+00
-1.615630626678466797e+00,-5.320888519287109375e+00
-7.183135747909545898e-01,-1.514303326606750488e+00
-1.515066623687744141e+00,-1.746555268764495850e-01
-6.218987703323364258e-01,1.604268431663513184e+00
-4.578861713409423828e+00,-1.243352219462394714e-01
-1.282513737678527832e-01,1.563276767730712891e+00
-3.930856227874755859e+00,-3.208050489425659180e+00
-1.334975242614746094e+00,-4.170153141021728516e+00
-2.701877117156982422e+00,2.781340122222900391e+00
-1.035085678100585938e+00,-7.658900618553161621e-01
-1.894544124603271484e+00,8.488776534795761108e-02
-3.307073593139648438e+00,1.853761553764343262e+00
-4.604574680328369141e+00,5.727814674377441406e+00
1.595461130142211914e+00,-1.868013381958007812e+00
-8.160299062728881836e-01,-5.528524518013000488e-01
1.067755699157714844e+00,-1.120604753494262695e+00
-3.614709615707397461e+00,-5.794401168823242188e+00
-4.036550998687744141e+00,-3.025430917739868164e+00
-4.301005363464355469e+00,4.744011402130126953e+00
-1.671882629394531250e+00,-5.419178962707519531e+00
-3.940366983413696289e+00,-4.195633888244628906e+00
-3.573907375335693359e+00,5.363047122955322266e+00
-3.905442714691162109e+00,-4.631288945674896240e-01
-4.433221340179443359e+00,2.190824300050735474e-01
-4.158188343048095703e+00,-2.032536506652832031e+00
-4.551076889038085938e-02,-1.734394192695617676e+00
-3.240894317626953125e+00,6.992856025695800781e+00
-1.277695417404174805e+00,-1.975243240594863892e-01
-4.195634365081787109e+00,-2.266907453536987305e+00
-4.146649360656738281e+00,-2.603652954101562500e+00
-2.038103342056274414e+00,-1.750493288040161133e+00
-3.277388811111450195e+00,-1.091461181640625000e+00
-3.376403808593750000e+00,2.801678776741027832e-01
-7.465432286262512207e-01,1.090827822685241699e+00
-3.798162221908569336e+00,-1.093738794326782227e+00
7.975442409515380859e-01,-5.708700418472290039e-01
-4.593907594680786133e-01,-5.700831890106201172e+00
-3.470170736312866211e+00,1.226112365722656250e+00
1.196757555007934570e+00,-1.088250041007995605e+00
-4.166720390319824219e+00,5.358031272888183594e+00
-1.335907220840454102e+00,-2.554315030574798584e-01
-3.935837984085083008e+00,-4.510557353496551514e-01
1.401140689849853516e-01,-1.168405890464782715e+00
-3.902554512023925781e+00,-1.899180531501770020e+00
-3.860239744186401367e+00,3.481017589569091797e+00
-3.519051313400268555e+00,1.708682775497436523e+00
-3.271411955356597900e-01,-1.364177823066711426e+00
-1.230152606964111328e+00,-7.609738707542419434e-01
-2.490860700607299805e+00,-5.160164833068847656e+00
-4.071207046508789062e+00,-2.066793441772460938e+00
-3.364743709564208984e+00,-1.254536867141723633e+00
-4.477677822113037109e+00,-2.066701173782348633e+00
-3.221720695495605469e+00,-7.913991808891296387e-01
-7.891458868980407715e-01,8.660413026809692383e-01
-3.333410263061523438e+00,1.684639930725097656e+00
-3.808767318725585938e+00,-3.097929477691650391e+00
-3.717425584793090820e+00,4.162670612335205078e+00
-2.473379850387573242e+00,-5.000170230865478516e+00
-1.549078226089477539e+00,1.438407450914382935e-01
-3.325809001922607422e+00,-2.926760911941528320e+00
-2.270801544189453125e+00,5.227340221405029297e+00
-1.433317661285400391e+00,-7.455136626958847046e-02
-4.164095520973205566e-01,-1.359951496124267578e+00
-3.761979103088378906e+00,3.639064073562622070e+00
-3.218177795410156250e+00,-2.280119419097900391e+00
-3.637955904006958008e+00,6.390293240547180176e-01
-4.024819374084472656e+00,-1.551296114921569824e+00
-3.856013774871826172e+00,1.600292921066284180e+00
-3.340103387832641602e+00,-3.217418193817138672e+00
-3.957858562469482422e+00,-4.166162967681884766e+00
-3.649306058883666992e+00,-1.802523136138916016e+00
-1.548993587493896484e+00,-5.342350482940673828e+00
-3.988471746444702148e+00,-1.264281272888183594e+00
5.325717329978942871e-01,-6.169086098670959473e-01
-1.226987600326538086e+00,-4.985807538032531738e-01
-3.824565887451171875e+00,2.333356291055679321e-01
-3.321409225463867188e+00,-9.332448244094848633e-01
-3.044878721237182617e+00,-6.776409745216369629e-01
-1.387878894805908203e+00,-4.977963864803314209e-02
-3.458417654037475586e+00,-6.361507773399353027e-01
-4.094485759735107422e+00,-2.222794532775878906e+00
-3.642948627471923828e+00,-2.879999279975891113e-01
-3.427377223968505859e+00,-1.581656575202941895e+00
-1.259283304214477539e+00,-1.065640687942504883e+00
-9.556587934494018555e-01,-9.918821454048156738e-01
-7.584655880928039551e-01,9.546132683753967285e-01
-4.287514209747314453e+00,-2.612785100936889648e+00
-4.333814144134521484e+00,1.695948362350463867e+00
-1.902886629104614258e-01,1.723546981811523438e+00
-3.955720186233520508e+00,-3.591908693313598633e+00
-2.791182041168212891e+00,-3.942960023880004883e+00
-3.865062236785888672e+00,-4.690374433994293213e-01
-3.124865055084228516e+00,1.913388490676879883e+00
-3.480190992355346680e+00,-1.439207792282104492e+00
-3.717425584793090820e+00,4.162670612335205078e+00
-5.246292352676391602e-01,7.715412378311157227e-01
-3.833802461624145508e+00,-2.353742599487304688e+00
-3.748728752136230469e+00,-4.405796051025390625e+00
-3.318934440612792969e+00,8.525300770998001099e-02
-2.770646095275878906e+00,-5.041923999786376953e+00
-1.509336709976196289e+00,-1.239988878369331360e-01
-3.749799251556396484e+00,1.574441790580749512e+00
-4.146649360656738281e+00,-2.603652954101562500e+00
-3.492973327636718750e+00,-3.474371671676635742e+00
-4.089831829071044922e+00,2.522332966327667236e-01
-8.296426534652709961e-01,-3.704693317413330078e-01
-3.774871349334716797e+00,-2.227212905883789062e+00
5.973053574562072754e-01,-1.658888339996337891e+00
-3.756798267364501953e+00,-1.508422493934631348e-01
-3.505264520645141602e+00,-1.883720040321350098e+00
-3.608083009719848633e+00,1.376136064529418945e+00
-2.010961294174194336e+00,-1.871390104293823242e+00
-4.527691364288330078e+00,-3.113559484481811523e+00
-9.653708934783935547e-01,-7.432259917259216309e-01
-9.811443090438842773e-01,2.068238854408264160e-01
-1.061902999877929688e+00,-7.316249012947082520e-01
-3.361235857009887695e+00,-4.830493927001953125e-01
-3.654713392257690430e+00,-7.220247387886047363e-01
8.722409605979919434e-01,-8.667030930519104004e-01
-3.096705913543701172e+00,-5.322698116302490234e+00
-4.861667633056640625e+00,5.865833759307861328e+00
-1.009365081787109375e+00,-6.353092193603515625e-01
-3.901559829711914062e+00,4.421902179718017578e+00
-2.842915058135986328e+00,1.633837699890136719e+00
-4.270216464996337891e+00,4.815014898777008057e-01
-3.254393100738525391e+00,3.551518023014068604e-01
-1.371466398239135742e+00,-2.303264886140823364e-01
-4.053592681884765625e+00,-2.499102592468261719e+00
-4.598362922668457031e+00,9.950843453407287598e-01
-1.211860656738281250e+00,-3.155401349067687988e-01
-1.297990798950195312e+00,-2.118440419435501099e-01
-3.749799251556396484e+00,1.574441790580749512e+00
-5.888091325759887695e-01,1.321919918060302734e+00
-3.901647090911865234e+00,-4.134913444519042969e+00
-1.321781635284423828e+00,-1.018548160791397095e-01
-4.508896827697753906e+00,7.996221184730529785e-01
-4.481060028076171875e+00,5.066758632659912109e+00
-5.931627154350280762e-01,1.485184907913208008e+00
-3.762294769287109375e+00,-4.882832527160644531e+00
-4.803252220153808594e+00,-2.949650287628173828e+00
-8.641459345817565918e-01,-4.437715053558349609e+00
-2.353483200073242188e+00,-1.778079628944396973e+00
-4.056595325469970703e+00,-3.593885183334350586e+00
4.116937518119812012e-01,-1.685219645500183105e+00
-1.226271390914916992e+00,-7.030351758003234863e-01
-6.152551174163818359e-01,-5.727992653846740723e-01
-3.953454017639160156e+00,-3.529931783676147461e+00
-4.272033214569091797e+00,5.190120697021484375e+00
-1.343744754791259766e+00,3.763468861579895020e-01
-4.016705989837646484e+00,4.806167125701904297e+00
4.283577799797058105e-01,1.943523883819580078e+00
-9.826986789703369141e-01,-2.457207590341567993e-01
-2.029208421707153320e+00,5.863107681274414062e+00
-3.339945554733276367e+00,3.554528951644897461e+00
-1.054244399070739746e+00,-3.719779253005981445e-01
8.255215883255004883e-01,-9.665946364402770996e-01
-3.801513433456420898e+00,-3.620538234710693359e+00
6.078298687934875488e-01,-1.025595068931579590e+00
-3.637013196945190430e+00,-3.322849273681640625e+00
-3.556041479110717773e+00,-3.306663036346435547e+00
-3.543323993682861328e+00,-3.196558952331542969e+00
-2.975047826766967773e+00,1.166211366653442383e+00
-8.333717584609985352e-01,-9.253256916999816895e-01
9.985898137092590332e-01,-1.759001374244689941e+00
-5.747438073158264160e-01,2.837299108505249023e-01
-3.121046781539916992e+00,2.390573978424072266e+00
6.277876496315002441e-01,-8.200502991676330566e-01
-1.035525202751159668e+00,-5.134057998657226562e-01
-4.048169612884521484e+00,-2.993642568588256836e+00
-3.438664436340332031e+00,-6.326515674591064453e-01
-1.200277090072631836e+00,-3.298400342464447021e-01
-3.485984563827514648e+00,3.545022904872894287e-01
-3.025456190109252930e+00,1.671611666679382324e+00
-3.221720695495605469e+00,-7.913991808891296387e-01
-7.891458868980407715e-01,8.660413026809692383e-01
-3.488654851913452148e+00,1.664996147155761719e+00
-4.158279418945312500e+00,-2.857829928398132324e-01
-3.689540147781372070e+00,3.525138854980468750e+00
-1.887696981430053711e-01,1.316305994987487793e+00
-1.259283304214477539e+00,-1.065640687942504883e+00
-1.090274572372436523e+00,-1.993709057569503784e-01
-1.501757621765136719e+00,-2.391650825738906860e-01
-3.345748901367187500e+00,4.905321598052978516e+00
-4.192801952362060547e+00,-7.661229968070983887e-01
-4.691697120666503906e+00,-2.910020351409912109e+00
-2.595897197723388672e+00,5.220011711120605469e+00
-3.808016538619995117e+00,-2.535198688507080078e+00
-4.281721591949462891e+00,-2.236538410186767578e+00
-3.340519189834594727e+00,8.215437829494476318e-02
-7.195273041725158691e-01,1.183883786201477051e+00
-4.421430587768554688e+00,-2.268918603658676147e-01
-4.424286365509033203e+00,-3.081338644027709961e+00
-3.859401464462280273e+00,7.041251659393310547e-01
-3.497285366058349609e+00,1.320723742246627808e-01
-3.542390823364257812e+00,1.889485716819763184e+00
-1.142890453338623047e+00,-5.527992248535156250e-01
-1.221782207489013672e+00,-8.344222307205200195e-01
-4.142395496368408203e+00,-2.510728836059570312e+00
-3.959305763244628906e+00,-3.427776336669921875e+00
-1.569040298461914062e+00,-2.504561424255371094e+00
-3.504132986068725586e+00,3.516490936279296875e+00
-1.807399749755859375e+00,6.190954208374023438e+00
-3.972363471984863281e+00,6.008595466613769531e+00
-2.248208999633789062e+00,-4.486403942108154297e+00
-4.613827466964721680e-01,-1.254759788513183594e+00
-1.280897617340087891e+00,-5.996002674102783203e+00
-3.805466890335083008e+00,2.267804145812988281e+00
5.614393353462219238e-01,9.328378677368164062e+00
-3.887899160385131836e+00,-1.027997136116027832e+00
-1.019072055816650391e+00,-8.369212746620178223e-01
-1.212833642959594727e+00,-5.459814667701721191e-01
-5.899849534034729004e-01,4.340157508850097656e-01
-1.479583501815795898e+00,-2.834258973598480225e-01
-4.173585474491119385e-01,1.280717849731445312e+00
-6.227849125862121582e-01,8.984417319297790527e-01
-1.228832721710205078e+00,-5.473786830902099609e+00
-3.738899707794189453e+00,1.448805809020996094e+00
-3.662580013275146484e+00,-3.546204328536987305e+00
4.373684525489807129e-03,-1.675613284111022949e+00
-1.026026368141174316e+00,-6.272628307342529297e-01
-1.251110315322875977e+00,3.350482285022735596e-01
-4.037005901336669922e+00,-3.096053600311279297e+00
-4.924379825592041016e+00,-5.159856796264648438e+00
-4.855193138122558594e+00,-4.570830821990966797e+00
-9.571312069892883301e-01,-1.354741334915161133e+00
-3.862492084503173828e+00,-2.949646711349487305e+00
-4.723872661590576172e+00,-2.507508754730224609e+00
-1.114562869071960449e+00,-3.624126687645912170e-02
-1.248751163482666016e+00,-5.628882884979248047e+00
-2.790232896804809570e+00,4.199532508850097656e+00
-3.689568996429443359e+00,1.330611824989318848e+00
-4.379622459411621094e+00,-3.454015254974365234e+00
-3.705721855163574219e+00,4.082320034503936768e-01
-9.695716500282287598e-01,-4.648494720458984375e+00
3.459127247333526611e-01,-3.976976871490478516e-01
-4.745864570140838623e-01,1.404183149337768555e+00
-3.281488180160522461e+00,3.516124963760375977e+00
-3.547743797302246094e+00,-3.805965662002563477e+00
-3.619340419769287109e+00,7.141492962837219238e-01
-3.792437553405761719e+00,-4.090546131134033203e+00
-4.323563575744628906e+00,6.401195526123046875e+00
-4.371396899223327637e-01,-1.656548976898193359e+00
8.166148662567138672e-01,-5.064166784286499023e-01
-7.322817295789718628e-02,1.451355695724487305e+00
-4.259793281555175781e+00,-3.537737131118774414e-01
-3.513213634490966797e+00,-3.180037066340446472e-02
-4.306128025054931641e+00,-3.077113866806030273e+00
-3.978993892669677734e+00,1.975884079933166504e+00
-1.100440025329589844e+00,-2.836749553680419922e+00
-3.596592664718627930e+00,6.106623262166976929e-02
-4.391986846923828125e+00,6.059994220733642578e+00
-4.790799140930175781e+00,-2.950833797454833984e+00
1.207047939300537109e+00,-5.980056524276733398e-01
-1.087881326675415039e+00,-1.325254678726196289e+00
-4.306128025054931641e+00,-3.077113866806030273e+00
-4.226138591766357422e-01,-5.310680717229843140e-02
-3.482999801635742188e+00,-4.058655798435211182e-01
-4.251731872558593750e+00,-2.995426893234252930e+00
-6.244054436683654785e-01,-9.661027789115905762e-01
3.336843848228454590e-01,-5.846117973327636719e+00
-4.907435417175292969e+00,4.381970882415771484e+00
-4.275573730468750000e+00,-3.041095256805419922e+00
-3.673123598098754883e+00,1.382965803146362305e+00
-1.253028154373168945e+00,-4.050629958510398865e-02
-3.655312061309814453e+00,-2.276676654815673828e+00
-2.866531133651733398e+00,5.468107700347900391e+00
-2.171926975250244141e+00,2.243987798690795898e+00
-1.215339228510856628e-01,-1.680986166000366211e+00
-1.451884984970092773e+00,-8.516489863395690918e-01
-4.079136848449707031e+00,-4.972737312316894531e+00
-4.706449031829833984e+00,-9.617562294006347656e-01
-3.822213888168334961e+00,-3.526430845260620117e+00
-3.729332208633422852e+00,-3.336630821228027344e+00
-4.670794486999511719e+00,5.355179905891418457e-01
-5.799663662910461426e-01,1.374855995178222656e+00
-3.961773157119750977e+00,1.447740554809570312e+00
6.240245103836059570e-01,-2.444146394729614258e+00
-2.006228208541870117e+00,-1.780887246131896973e+00
-4.071207046508789062e+00,-2.066793441772460938e+00
1.465116024017333984e+00,-1.669486403465270996e+00
1.769686698913574219e+00,-1.421340465545654297e+00
-3.880886793136596680e+00,3.927609443664550781e+00
3.806579709053039551e-01,-1.489719986915588379e+00
1.402234554290771484e+00,-7.655134797096252441e-01
-2.085943460464477539e+00,-2.015887260437011719e+00
7.067089080810546875e-01,-1.534082889556884766e+00
1.598434150218963623e-01,-1.197443343698978424e-02
-3.015223026275634766e+00,6.120498180389404297e+00
-2.064857631921768188e-02,-1.321717381477355957e+00
-3.512253284454345703e+00,1.108992770314216614e-01
-5.685852050781250000e+00,-3.178781509399414062e+00
-2.487675905227661133e+00,-4.935111045837402344e+00
1.522966146469116211e+00,-9.705481529235839844e-01
-3.541660547256469727e+00,-3.422659873962402344e+00
-4.115800857543945312e+00,-3.736102342605590820e+00
-4.258329391479492188e+00,-5.748174667358398438e+00
1.364533603191375732e-01,-1.187256932258605957e+00
-3.637955904006958008e+00,6.390293240547180176e-01
-9.371464848518371582e-01,1.079057884216308594e+01
-3.961891174316406250e+00,-1.287244081497192383e+00
-1.315853834152221680e+00,1.602312803268432617e+00
-1.745227098464965820e+00,-1.842424832284450531e-02
-1.391030073165893555e+00,-1.251842379570007324e-01
-1.348300695419311523e+00,-1.023110076785087585e-01
1.769686698913574219e+00,-1.421340465545654297e+00
-3.482999801635742188e+00,-4.058655798435211182e-01
-9.735731482505798340e-01,-4.740553498268127441e-01
-4.271728038787841797e+00,-4.641554355621337891e+00
-4.564412117004394531e+00,-2.255387067794799805e+00
-3.573578834533691406e+00,-1.495036482810974121e-01
-2.029309511184692383e+00,7.657844066619873047e+00
8.580548763275146484e-01,-1.036144614219665527e+00
-3.877455234527587891e+00,-4.404494762420654297e+00
-4.411039829254150391e+00,-3.825835943222045898e+00
-4.500264644622802734e+00,3.805722951889038086e+00
-2.454047679901123047e+00,-4.888283312320709229e-01
-4.339600503444671631e-01,1.293689846992492676e+00
-4.061210155487060547e+00,7.172219753265380859e+00
-3.856199741363525391e+00,-1.577087998390197754e+00
-1.325291633605957031e+00,-1.196902021765708923e-01
-2.190789222717285156e+00,-5.248951911926269531e+00
-2.248208999633789062e+00,-4.486403942108154297e+00
1.263155460357666016e+00,-5.921042561531066895e-01
-7.831197977066040039e-01,1.350382685661315918e+00
-4.351170539855957031e+00,-2.949563026428222656e+00
-4.192360401153564453e+00,2.189609766006469727e+00
-3.983911991119384766e+00,-1.779701590538024902e+00
-7.689692974090576172e-01,-1.953218698501586914e+00
-4.229205608367919922e+00,-9.017360806465148926e-01
-3.439190864562988281e+00,1.416694879531860352e+00
-4.186354637145996094e+00,-1.979993343353271484e+00
-3.063733577728271484e+00,6.713045120239257812e+00
-4.203265666961669922e+00,-1.088724255561828613e+00
-7.106450200080871582e-01,-1.836532354354858398e+00
-2.329852342605590820e+00,2.195226907730102539e+00
-3.778884410858154297e+00,1.215372607111930847e-01
2.931391298770904541e-01,-7.454859018325805664e-01
-3.552977085113525391e+00,3.407473564147949219e-01
-4.697978019714355469e+00,3.016468763351440430e+00
-4.130766868591308594e+00,-2.506775379180908203e+00
-3.747534990310668945e+00,1.266591429710388184e+00
-3.525820493698120117e+00,1.255534738302230835e-01
-3.416804075241088867e+00,1.940757632255554199e-01
-3.734704494476318359e+00,1.914102286100387573e-01
-4.192801952362060547e+00,-7.661229968070983887e-01
-2.975047826766967773e+00,1.166211366653442383e+00
-1.386449813842773438e+00,-2.822506189346313477e+00
-4.443741798400878906e+00,7.947861552238464355e-01
-3.397952079772949219e+00,1.720339357852935791e-01
-4.182374000549316406e+00,5.853870391845703125e+00
-1.481163978576660156e+00,-1.232949972152709961e+00
-3.911952018737792969e+00,1.104304671287536621e+00
-4.289412498474121094e+00,5.513836383819580078e+00
-3.193131208419799805e+00,1.095400691032409668e+00
-9.371464848518371582e-01,1.079057884216308594e+01
-3.894906044006347656e+00,1.636728286743164062e+00
-3.565192699432373047e+00,-3.417741775512695312e+00
-6.287568807601928711e-01,5.020198822021484375e-01
-3.866449117660522461e+00,1.416745066642761230e+00
-4.108605861663818359e+00,4.335302412509918213e-01
2.955420315265655518e-01,-1.625748872756958008e+00
-2.916742324829101562e+00,5.960906028747558594e+00
-3.787096261978149414e+00,-3.475417137145996094e+00
-3.295762538909912109e+00,-2.380840778350830078e+00
-3.841671705245971680e+00,-5.223874568939208984e+00
-4.104969024658203125e+00,-2.026833057403564453e+00
-2.934756755828857422e+00,-1.728082060813903809e+00
-4.238495349884033203e+00,3.954507589340209961e+00
-1.333762645721435547e+00,-8.580114692449569702e-02
-8.955321907997131348e-01,-3.298114538192749023e+00
7.941612601280212402e-01,-1.494877099990844727e+00
-3.139898777008056641e+00,7.323079109191894531e+00
1.368791103363037109e+00,-7.602682113647460938e-01
-1.223099946975708008e+00,-4.855473041534423828e-01
-4.598362922668457031e+00,9.950843453407287598e-01
-8.987702727317810059e-01,-5.776048898696899414e-01
-4.882267475128173828e+00,1.355331838130950928e-01
-4.127977371215820312e+00,1.121606349945068359e+00
-8.991440534591674805e-01,9.836038947105407715e-01
-1.114562869071960449e+00,-3.624126687645912170e-02
-2.029208421707153320e+00,5.863107681274414062e+00
-1.241800308227539062e+00,-5.969292640686035156e+00
-3.320988893508911133e+00,1.567829251289367676e+00
-1.155658721923828125e+00,-1.308035403490066528e-01
1.346478223800659180e+00,-1.671266555786132812e+00
-3.327877998352050781e+00,2.235972732305526733e-01
-9.647433757781982422e-01,-5.651957988739013672e-01
-4.010956764221191406e+00,3.738301992416381836e+00
-4.019573211669921875e+00,-1.513505339622497559e+00
-3.689558506011962891e-01,1.295622587203979492e+00
-1.336379528045654297e+00,-8.169921040534973145e-01
-7.202399969100952148e-01,9.027835726737976074e-01
-5.868770122528076172e+00,-1.048978805541992188e+00
-4.101275920867919922e+00,6.046753406524658203e+00
7.440340518951416016e-02,-1.365070223808288574e+00
-2.329852342605590820e+00,2.195226907730102539e+00
-6.660153269767761230e-01,-9.323205947875976562e-01
-6.245731115341186523e-01,-1.428922772407531738e+00
-3.651297569274902344e+00,1.807531267404556274e-01
-9.621977210044860840e-01,-2.473090738058090210e-01
-3.139898777008056641e+00,7.323079109191894531e+00
-3.679517984390258789e+00,9.022061228752136230e-01
-3.045446157455444336e+00,1.353731632232666016e+00
-7.371205687522888184e-01,-9.803515076637268066e-01
-3.893964052200317383e+00,1.277200579643249512e+00
-4.115800857543945312e+00,-3.736102342605590820e+00
7.173933982849121094e-01,-1.102139711380004883e+00
-4.198536872863769531e+00,-1.961381673812866211e+00
-3.700565576553344727e+00,-4.477748394012451172e+00
-3.970573663711547852e+00,3.728312253952026367e-01
-1.608413934707641602e+00,6.216964125633239746e-01
-3.439190864562988281e+00,1.416694879531860352e+00
-1.229721069335937500e+00,-6.143152713775634766e-02
-4.508900642395019531e+00,-2.107134342193603516e+00
-3.753605604171752930e+00,3.764281272888183594e-01
-9.016249775886535645e-01,-2.068890571594238281e+00
-2.139250040054321289e+00,-1.607126235961914062e+00
-4.884809970855712891e+00,4.569324970245361328e+00
-3.004280626773834229e-01,1.162178993225097656e+00
-3.743110418319702148e+00,5.958518385887145996e-01
-4.644758701324462891e+00,-1.968361973762512207e+00
-4.405161380767822266e+00,-3.518657922744750977e+00
-3.944270610809326172e+00,-3.396571636199951172e+00
-2.007624149322509766e+00,9.032364845275878906e+00
-1.420427322387695312e+00,-1.968268156051635742e-01
-3.818229198455810547e+00,1.934032678604125977e+00
-4.300605773925781250e+00,4.427635669708251953e-01
-4.018184185028076172e+00,-2.444045543670654297e+00
-7.391039133071899414e-01,8.490918874740600586e-01
-5.037938356399536133e-01,9.943411350250244141e-01
-3.880812883377075195e+00,-3.321042299270629883e+00
-3.911952018737792969e+00,1.104304671287536621e+00
-3.334444284439086914e+00,1.005358695983886719e+00
-3.310935497283935547e+00,1.417536616325378418e+00
-4.704108715057373047e+00,-2.806881666183471680e+00
-3.086848497390747070e+00,1.497867107391357422e+00
-3.047373533248901367e+00,-4.928215503692626953e+00
-4.225133419036865234e+00,9.353930354118347168e-01
-3.348728656768798828e+00,-3.543250799179077148e+00
-4.499775409698486328e+00,7.438721656799316406e-01
-1.640414714813232422e+00,2.675864696502685547e+00
-1.456393480300903320e+00,-7.514036893844604492e-01
1.067755699157714844e+00,-1.120604753494262695e+00
-1.185321331024169922e+00,-1.205540373921394348e-01
-7.831197977066040039e-01,1.350382685661315918e+00
-3.431422233581542969e+00,5.189706087112426758e-01
-4.397244453430175781e+00,-2.423524856567382812e+00
-4.120964527130126953e+00,3.595981001853942871e-02
7.380676865577697754e-01,-1.319544672966003418e+00
-3.397952079772949219e+00,1.720339357852935791e-01
-4.230730056762695312e+00,-1.892417550086975098e+00
-2.742523193359375000e+00,5.657781600952148438e+00
-2.640531778335571289e+00,-4.703736305236816406e+00
-6.947540640830993652e-01,9.703584313392639160e-01
-4.986976623535156250e+00,-1.398296833038330078e+00
-1.407315582036972046e-01,-1.422014355659484863e+00
-4.122069835662841797e+00,1.463533043861389160e+00
-1.297438383102416992e+00,-1.439017653465270996e-01
-3.801080465316772461e+00,5.165070891380310059e-01
-1.067491769790649414e+00,8.393126130104064941e-01
-3.764297962188720703e+00,-4.831886768341064453e+00
-3.679513216018676758e+00,1.812226176261901855e+00
-4.038223266601562500e+00,7.054254412651062012e-01
-3.061568140983581543e-01,9.612225294113159180e-01
-3.766406536102294922e+00,-1.075181245803833008e+00
-2.105751752853393555e+00,-5.862790584564208984e+00
-4.205282211303710938e+00,8.612526059150695801e-01
-5.852701663970947266e-01,1.114045143127441406e+00
-5.089114904403686523e-01,1.370541691780090332e+00
5.973053574562072754e-01,-1.658888339996337891e+00
-1.035085678100585938e+00,-7.658900618553161621e-01
-4.404774188995361328e+00,5.810919404029846191e-01
-9.598836302757263184e-01,-7.253421545028686523e-01
-1.785312891006469727e+00,-4.360201835632324219e+00
-4.105792522430419922e+00,-1.543463468551635742e+00
-4.242593288421630859e+00,6.856623172760009766e+00
-4.120964527130126953e+00,3.595981001853942871e-02
-3.484234571456909180e+00,3.282673656940460205e-01
-3.503500938415527344e+00,2.467825710773468018e-01
-4.805326461791992188e+00,-4.826581180095672607e-01
-8.948830962181091309e-01,-4.580461978912353516e-01
-3.539942979812622070e+00,-4.923604965209960938e+00
-6.536851525306701660e-01,-1.393697708845138550e-01
-4.804294109344482422e+00,-1.105556130409240723e+00
3.806579709053039551e-01,-1.489719986915588379e+00
-1.060274362564086914e+00,-5.351375937461853027e-01
-1.634164094924926758e+00,-1.526212096214294434e+00
-8.344513177871704102e-01,-6.202816963195800781e-01
-3.919884920120239258e+00,-5.472505092620849609e-01
1.904190301895141602e+00,-1.721768498420715332e+00
-1.348300695419311523e+00,-1.023110076785087585e-01
-1.778803110122680664e+00,-5.475357055664062500e+00
-3.885397195816040039e+00,3.420874476432800293e-01
-3.931609869003295898e+00,1.268269181251525879e+00
-3.572758674621582031e+00,-2.240429967641830444e-01
-1.212833642959594727e+00,-5.459814667701721191e-01
-3.617105960845947266e+00,3.476069867610931396e-01
-3.672981977462768555e+00,-6.901237368583679199e-02
-2.487373352050781250e+00,-4.588491916656494141e+00
-4.144401073455810547e+00,-1.901058197021484375e+00
-3.958291769027709961e+00,-9.509107470512390137e-01
-1.312457323074340820e+00,-6.962142586708068848e-01
-3.966832160949707031e+00,-2.184356689453125000e+00
-3.754533052444458008e+00,-3.087460279464721680e+00
-4.553573608398437500e+00,-5.515996813774108887e-01
-4.356734275817871094e+00,4.873054027557373047e+00
-3.705721855163574219e+00,4.082320034503936768e-01
-2.594810009002685547e+00,-4.719996929168701172e+00
-4.576642036437988281e+00,-3.013760805130004883e+00
-3.256594657897949219e+00,-2.064985752105712891e+00
-1.718565940856933594e+00,-5.878858566284179688e-01
-7.443822026252746582e-01,-1.737581968307495117e+00
-4.619144916534423828e+00,4.075404167175292969e+00
-3.523364305496215820e+00,5.506535530090332031e+00
-4.409887790679931641e+00,6.293418407440185547e-01
1.470109462738037109e+00,-1.007939219474792480e+00
-4.196558952331542969e+00,5.223319530487060547e+00
-6.152551174163818359e-01,-5.727992653846740723e-01
-4.458586215972900391e+00,6.821796894073486328e-01
-1.527361571788787842e-01,-4.809822440147399902e-01
-1.462793588638305664e+00,-1.122953966259956360e-01
-3.487936735153198242e+00,5.392457962036132812e+00
-7.858862280845642090e-01,-2.267262697219848633e+00
-9.016249775886535645e-01,-2.068890571594238281e+00
-3.932192802429199219e+00,3.528962731361389160e-01
-2.430029869079589844e+00,-4.114315032958984375e+00
-3.797665834426879883e+00,-3.514594316482543945e+00
-4.072925090789794922e+00,6.077113151550292969e-01
-3.486765384674072266e+00,-1.686109781265258789e+00
-4.031980037689208984e+00,-1.455754339694976807e-01
1.097103118896484375e+00,-9.777837395668029785e-01
-3.713367700576782227e+00,-3.519943952560424805e+00
-4.112325668334960938e+00,-3.136035680770874023e+00
-2.295448064804077148e+00,1.875092983245849609e+00
-4.047863006591796875e+00,-1.201415419578552246e+00
-1.060238122940063477e+00,-4.917029440402984619e-01
-6.233162283897399902e-01,1.288776755332946777e+00
-2.876961708068847656e+00,-1.403342366218566895e+00
-4.185878753662109375e+00,-1.053093552589416504e+00
-3.563613414764404297e+00,1.715498924255371094e+00
-3.571781396865844727e+00,-3.349197387695312500e+00
-3.845327854156494141e+00,-1.944881796836853027e+00
-4.071702003479003906e+00,-1.964141964912414551e+00
-6.807253360748291016e-01,1.181005477905273438e+00
-3.539942979812622070e+00,-4.923604965209960938e+00
-3.331379890441894531e+00,3.333616852760314941e-01
-3.901559829711914062e+00,4.421902179718017578e+00
-2.975067853927612305e+00,-5.171999454498291016e+00
-2.832107067108154297e+00,7.285634994506835938e+00
-3.719912528991699219e+00,1.696531534194946289e+00
-3.930342912673950195e+00,-2.673876047134399414e+00
-1.301451444625854492e+00,-9.367258548736572266e-01
-3.897934913635253906e+00,1.699656128883361816e+00
-4.296697616577148438e+00,-2.955746889114379883e+00
-1.188969373703002930e+00,-4.479019939899444580e-01
-1.288727283477783203e+00,-1.483808606863021851e-01
-1.726076304912567139e-01,-1.666325092315673828e+00
-6.181861162185668945e-01,8.812241554260253906e-01
-3.237711668014526367e+00,3.955802917480468750e-01
-3.836879014968872070e+00,-2.217764139175415039e+00
6.500824689865112305e-01,-9.854751825332641602e-01
-3.848916769027709961e+00,-1.008734941482543945e+00
-3.500300645828247070e+00,3.600633144378662109e+00
-3.878915071487426758e+00,4.815880298614501953e+00
-4.805326461791992188e+00,-4.826581180095672607e-01
-3.489463090896606445e+00,2.877959012985229492e+00
-4.086430549621582031e+00,4.327257633209228516e+00
-1.994043350219726562e+00,-3.670304298400878906e+00
1.539976596832275391e+00,-1.584887623786926270e+00
5.238940119743347168e-01,-1.721608161926269531e+00
-4.675213336944580078e+00,8.057293891906738281e-01
-1.510811567306518555e+00,-4.474080562591552734e+00
-3.165477037429809570e+00,1.506685733795166016e+00
-3.614542484283447266e+00,-2.718592405319213867e+00
-3.448418140411376953e+00,-1.366472125053405762e+00
1.173774719238281250e+00,-2.029224872589111328e+00
-6.731972843408584595e-02,-1.190957784652709961e+00
-3.880812883377075195e+00,-3.321042299270629883e+00
-3.628021478652954102e+00,-3.681645393371582031e+00
-4.587213516235351562e+00,3.064211308956146240e-01
-3.235278129577636719e+00,-2.139737904071807861e-01
-3.916057109832763672e+00,4.053336083889007568e-01
-3.664970874786376953e+00,5.915828227996826172e+00
-1.533987045288085938e+00,-2.206421345472335815e-01
1.255230426788330078e+00,-4.415672421455383301e-01
-3.877455234527587891e+00,-4.404494762420654297e+00
7.173933982849121094e-01,-1.102139711380004883e+00
-3.619340419769287109e+00,7.141492962837219238e-01
-3.360004663467407227e+00,-4.087075293064117432e-01
-8.623248338699340820e-02,-7.054265588521957397e-02
6.651615500450134277e-01,-1.508004665374755859e+00
1.282701969146728516e+00,-7.910225391387939453e-01
-1.433003187179565430e+00,-1.779163070023059845e-02
-1.185281515121459961e+00,-1.036060929298400879e+00
-4.056595325469970703e+00,-3.593885183334350586e+00
-4.751048564910888672e+00,-7.172209024429321289e-01
-4.109999656677246094e+00,-4.898511409759521484e+00
-8.743547201156616211e-01,-6.254740715026855469e+00
-5.603681206703186035e-01,1.428444027900695801e+00
-4.646882534027099609e+00,-7.919349670410156250e-01
-4.734925270080566406e+00,2.439580440521240234e+00
-3.928683042526245117e+00,-4.753614902496337891e+00
-4.118038177490234375e+00,1.599963188171386719e+00
-4.863158702850341797e+00,5.129947066307067871e-01
-4.300467491149902344e+00,1.117818355560302734e+00
-1.489410161972045898e+00,-3.309813141822814941e-01
-1.925570487976074219e+00,-6.625859737396240234e+00
-1.019734978675842285e+00,-6.081119179725646973e-01
-4.143323421478271484e+00,2.349714040756225586e+00
-3.818056344985961914e+00,-4.170439243316650391e+00
-3.701184034347534180e+00,-3.579175472259521484e+00
-9.442479014396667480e-01,-8.899632096290588379e-01
-1.579379320144653320e+00,1.144862323999404907e-01
-6.211314201354980469e-01,-5.745650291442871094e+00
-1.433317661285400391e+00,-7.455136626958847046e-02
-1.331728935241699219e+00,-3.734917938709259033e-01
-4.701763629913330078e+00,-3.637323081493377686e-01
-3.071182966232299805e+00,4.740351676940917969e+00
-3.719706058502197266e+00,4.030747413635253906e+00
-4.312727451324462891e+00,-4.720355033874511719e+00
-4.711457729339599609e+00,3.688936531543731689e-01
-1.996525049209594727e+00,-6.306791305541992188e+00
-8.998630046844482422e-01,8.578989505767822266e-01
-7.061059474945068359e-01,1.451232790946960449e+00
-3.650183200836181641e+00,1.512465327978134155e-01
-4.803252220153808594e+00,-2.949650287628173828e+00
-4.280607223510742188e+00,-3.312754154205322266e+00
-3.650471210479736328e+00,1.418047904968261719e+00
-3.403995752334594727e+00,-9.675136953592300415e-02
4.133531451225280762e-01,-8.560564517974853516e-01
-3.681943893432617188e+00,-2.470937728881835938e+00
-1.809530258178710938e+00,-4.706153869628906250e+00
-3.404942989349365234e+00,-4.475027918815612793e-01
-6.336623430252075195e-01,1.484412312507629395e+00
-3.469147443771362305e+00,7.568429112434387207e-01
-3.498721361160278320e+00,-3.374834299087524414e+00
-3.462761878967285156e+00,-2.234548807144165039e+00
-3.940177917480468750e+00,4.701773166656494141e+00
-3.585817098617553711e+00,-1.955135315656661987e-01
-4.192115783691406250e+00,-3.417464494705200195e+00
-2.951145410537719727e+00,-4.730772018432617188e+00
-4.945153236389160156e+00,5.918983459472656250e+00
-1.170649051666259766e+00,-3.664416551589965820e+00
3.627699911594390869e-01,-9.439764618873596191e-01
-1.907860755920410156e+00,7.683630943298339844e+00
-2.939746618270874023e+00,2.981328964233398438e+00
-1.057030916213989258e+00,-1.410929441452026367e+00
-7.183135747909545898e-01,-1.514303326606750488e+00
-3.978133440017700195e+00,-5.159013718366622925e-02
-3.688812255859375000e+00,4.323822557926177979e-01
-2.035797357559204102e+00,-1.185405969619750977e+00
-1.368792533874511719e+00,-1.835656762123107910e-01
-3.545292854309082031e+00,1.462210655212402344e+00
-2.658237934112548828e+00,-3.948763132095336914e+00
-4.242657661437988281e+00,5.166983127593994141e+00
-4.937021255493164062e+00,5.253719806671142578e+00
1.056408584117889404e-01,-1.604615688323974609e+00
-4.723872661590576172e+00,-2.507508754730224609e+00
-3.890612840652465820e+00,-3.647036384791135788e-03
-1.197085857391357422e+00,-5.977158546447753906e-01
-7.929388284683227539e-01,-9.559658765792846680e-01
-6.920807361602783203e-01,1.103134989738464355e+00
-3.176751852035522461e+00,1.468258976936340332e+00
1.703818738460540771e-01,-1.315925955772399902e+00
-1.277148008346557617e+00,-6.846252918243408203e+00
-4.499775409698486328e+00,7.438721656799316406e-01
-9.461305737495422363e-01,1.329710602760314941e+00
-3.431422233581542969e+00,5.189706087112426758e-01
-7.141753435134887695e-01,1.570606112480163574e+00
-1.278985500335693359e+00,-1.539896726608276367e-01
8.287560939788818359e-01,-2.307581424713134766e+00
-3.201672077178955078e+00,-6.561226844787597656e-01
-4.547866821289062500e+00,-2.235822528600692749e-01
-4.351170539855957031e+00,-2.949563026428222656e+00
-4.598593235015869141e+00,-3.231719255447387695e+00
-3.949400424957275391e+00,-1.856192827224731445e+00
-1.421467304229736328e+00,-4.112653255462646484e+00
-1.682044982910156250e+00,-5.379570722579956055e-01
-1.142764329910278320e+00,-1.875330656766891479e-01
8.582670092582702637e-01,-6.952803134918212891e-01
-3.663855314254760742e+00,-4.574951171875000000e+00
-3.444566965103149414e+00,-4.869846820831298828e+00
8.194664716720581055e-01,-1.470855474472045898e+00
-1.206252813339233398e+00,-2.224197089672088623e-01
-2.529169797897338867e+00,-4.607243061065673828e+00
-4.294744968414306641e+00,8.084297776222229004e-01
-4.319050312042236328e+00,3.387462198734283447e-01
-3.833176136016845703e+00,2.075760364532470703e+00
-2.323656231164932251e-01,1.382008314132690430e+00
-2.937144041061401367e+00,-4.587003231048583984e+00
-4.242967605590820312e+00,-4.639882087707519531e+00
-2.295448064804077148e+00,1.875092983245849609e+00
-1.855737209320068359e+00,-1.237423419952392578e+00
-3.678789377212524414e+00,2.478642940521240234e+00
-1.058596372604370117e+00,-2.196906507015228271e-01
-1.227901458740234375e+00,-4.563967704772949219e+00
-7.059178352355957031e-01,9.170123934745788574e-01
-4.566744804382324219e+00,-1.115439534187316895e+00
-3.350301742553710938e+00,-1.873599141836166382e-01
-3.377897977828979492e+00,5.046398639678955078e-01
-5.665194392204284668e-01,-1.417934536933898926e+00
-4.042972087860107422e+00,6.518660783767700195e-01
-3.945430517196655273e+00,-6.469916701316833496e-01
-3.738899707794189453e+00,1.448805809020996094e+00
-3.278124570846557617e+00,2.868325114250183105e-01
-3.743110418319702148e+00,5.958518385887145996e-01
-3.944270610809326172e+00,-3.396571636199951172e+00
-4.085834503173828125e+00,4.297562539577484131e-01
-3.109915256500244141e-01,1.551372170448303223e+00
-3.808767318725585938e+00,-3.097929477691650391e+00
-3.869055747985839844e+00,4.366864681243896484e+00
-6.607963442802429199e-01,8.829318881034851074e-01
-1.324384927749633789e+00,-3.438012301921844482e-01
-3.726592540740966797e+00,-3.808766126632690430e+00
-5.094512701034545898e-01,1.464024066925048828e+00
-4.192360401153564453e+00,2.189609766006469727e+00
-3.977091073989868164e+00,-4.970701217651367188e+00
-1.021903991699218750e+00,-1.867466866970062256e-01
-4.955686092376708984e+00,-2.515645980834960938e+00
-4.500264644622802734e+00,3.805722951889038086e+00
-4.456001758575439453e+00,6.730197906494140625e+00
-1.360116720199584961e+00,-2.430234998464584351e-01
-3.665162563323974609e+00,6.129054427146911621e-01
-5.100107669830322266e+00,-9.517345577478408813e-02
-1.574100017547607422e+00,-2.108536958694458008e-01
-1.226987600326538086e+00,-4.985807538032531738e-01
-1.628460407257080078e+00,-2.600736021995544434e-01
1.211488008499145508e+00,-7.114092707633972168e-01
-5.219039440155029297e+00,-5.353887557983398438e+00
1.622674167156219482e-01,-2.308080673217773438e+00
1.284815073013305664e-01,-1.716369032859802246e+00
6.571911275386810303e-02,-2.438825130462646484e+00
-4.737376689910888672e+00,-2.326522588729858398e+00
-4.560118198394775391e+00,-3.893013954162597656e+00
-5.077572345733642578e+00,6.492324829101562500e+00
-3.929548263549804688e+00,1.495203018188476562e+00
-4.511579513549804688e+00,7.692007064819335938e+00
-1.185281515121459961e+00,-1.036060929298400879e+00
-4.089831829071044922e+00,2.522332966327667236e-01
1.494410514831542969e+00,-7.069575786590576172e-01
-2.848351955413818359e+00,5.738585472106933594e+00
-4.794710159301757812e+00,-2.216317415237426758e+00
-2.530810594558715820e+00,-3.259637057781219482e-01
-1.296097278594970703e+00,-8.219252526760101318e-02
-2.627661466598510742e+00,2.631393194198608398e+00
-4.716624736785888672e+00,-4.005661964416503906e+00
-4.087233066558837891e+00,1.855552673339843750e+00
-2.810411453247070312e+00,3.738497734069824219e+00
-3.820151090621948242e+00,2.377774953842163086e+00
-4.670794486999511719e+00,5.355179905891418457e-01
-1.474765062332153320e+00,-1.274597644805908203e-01
-4.853523254394531250e+00,7.320835590362548828e+00
-4.127546787261962891e+00,2.026420116424560547e+00
-4.477677822113037109e+00,-2.066701173782348633e+00
-4.053592681884765625e+00,-2.499102592468261719e+00
-4.491437435150146484e+00,-3.949362039566040039e-01
-2.515853881835937500e+00,-4.502060890197753906e+00
-7.530994415283203125e-01,-7.863438129425048828e-01
-4.730630874633789062e+00,-4.341933131217956543e-01
-3.913332462310791016e+00,-3.892015457153320312e+00
-6.085331439971923828e-01,1.596738100051879883e+00
-3.596226692199707031e+00,-3.270065188407897949e-01
1.177603006362915039e+00,-2.040809690952301025e-01
-3.942142248153686523e+00,-4.423563957214355469e+00
-3.941246032714843750e+00,-3.213649272918701172e+00
-4.109603404998779297e+00,-5.253419399261474609e+00
-1.488122940063476562e+00,-2.024801373481750488e-01
-2.171590089797973633e+00,-5.878973484039306641e+00
-3.942585706710815430e+00,1.562477827072143555e+00
-4.598870754241943359e+00,3.587242662906646729e-01
-3.930725574493408203e+00,-3.645251095294952393e-01
-4.853523254394531250e+00,7.320835590362548828e+00
-4.320837974548339844e+00,1.289310574531555176e+00
-3.481442928314208984e+00,-1.421109437942504883e+00
-2.490860700607299805e+00,-5.160164833068847656e+00
-1.502037048339843750e+00,-1.352973729372024536e-01
-3.472233533859252930e+00,-4.522456824779510498e-01
-3.154366970062255859e+00,-1.413126438856124878e-01
-4.156455039978027344e+00,-2.759491443634033203e+00
2.244120538234710693e-01,2.395710468292236328e+00
-5.083668708801269531e+00,-1.710873126983642578e+00
-6.845061182975769043e-01,1.061507463455200195e+00
3.472679853439331055e-01,-9.268505573272705078e-01
-4.467844486236572266e+00,1.081395864486694336e+00
-4.093565940856933594e+00,1.164341792464256287e-01
-4.376800537109375000e+00,-2.328027486801147461e+00
-3.780353307723999023e+00,2.969479560852050781e+00
-5.714564323425292969e-01,-7.860853075981140137e-01
-3.675904273986816406e+00,1.568787693977355957e+00
-3.924077510833740234e+00,-4.282843589782714844e+00
-4.646533012390136719e+00,-4.181901454925537109e+00
-4.406777620315551758e-01,-1.979306936264038086e+00
-5.931627154350280762e-01,1.485184907913208008e+00
-4.850451946258544922e+00,3.246800661087036133e+00
-1.558220863342285156e+00,-4.503869056701660156e+00
-4.589040279388427734e+00,3.819264173507690430e+00
-4.159564971923828125e+00,8.529273271560668945e-01
-4.752880573272705078e+00,5.858719825744628906e+00
-3.480204105377197266e+00,-1.054023265838623047e+00
-4.827460944652557373e-01,1.554236173629760742e+00
-3.589764118194580078e+00,1.958320736885070801e+00
-3.893964052200317383e+00,1.277200579643249512e+00
-8.623248338699340820e-02,-7.054265588521957397e-02
-4.667601108551025391e+00,5.837215423583984375e+00
-1.494659423828125000e+00,-6.618848443031311035e-01
-3.140951633453369141e+00,-4.631510734558105469e+00
-1.456393480300903320e+00,-7.514036893844604492e-01
-3.698490381240844727e+00,-4.111474514007568359e+00
-3.608183145523071289e+00,4.010111689567565918e-01
-4.192788600921630859e+00,-3.531241655349731445e+00
-6.339595317840576172e-01,-1.244267463684082031e+00
-4.195675849914550781e+00,6.705445647239685059e-01
-6.344968080520629883e-01,1.019739389419555664e+00
-3.945216178894042969e+00,2.030089378356933594e+00
-4.332813262939453125e+00,-3.327297687530517578e+00
-2.433609962463378906e-01,-1.258389115333557129e+00
-3.964940309524536133e+00,5.687110424041748047e-01
-1.155221223831176758e+00,-4.339402616024017334e-01
-8.798163533210754395e-01,-1.026578664779663086e+00
-5.434575080871582031e-01,-3.260981142520904541e-01
-3.235605478286743164e+00,8.292073756456375122e-02
-9.524116516113281250e-01,-4.657151699066162109e-01
1.299628496170043945e+00,-1.531584501266479492e+00
-1.176439285278320312e+00,-1.631623655557632446e-01
-2.524152278900146484e+00,-5.645375251770019531e+00
-6.673442721366882324e-01,-1.602835774421691895e+00
-4.573068618774414062e+00,-4.024346828460693359e+00
-2.918418884277343750e+00,-5.198461055755615234e+00
-4.016208648681640625e+00,-1.856476306915283203e+00
-3.884924888610839844e+00,-4.455418109893798828e+00
-3.422015190124511719e+00,3.470529317855834961e-01
-5.435646176338195801e-01,-1.104675650596618652e+00
-5.915967226028442383e-01,-1.547633171081542969e+00
-2.810411453247070312e+00,3.738497734069824219e+00
-4.019463062286376953e+00,4.629876613616943359e+00
-8.486158847808837891e-01,6.132643222808837891e-01
-3.381183147430419922e+00,1.098082304000854492e+00
-4.045146942138671875e+00,-4.584005355834960938e+00
-1.021903991699218750e+00,-1.867466866970062256e-01
-4.208220958709716797e+00,8.614165186882019043e-01
-3.842304706573486328e+00,5.501156330108642578e+00
-3.453159570693969727e+00,2.234779119491577148e+00
-3.359669923782348633e+00,-3.337958812713623047e+00
-3.880886793136596680e+00,3.927609443664550781e+00
2.227213382720947266e-01,-1.634324550628662109e+00
-3.565757513046264648e+00,9.371498823165893555e-01
-3.346117496490478516e+00,-4.675005674362182617e-01
-3.457894086837768555e+00,1.511342525482177734e+00
1.237892389297485352e+00,-9.290094971656799316e-01
-3.087725162506103516e+00,-3.595512509346008301e-01
-4.751048564910888672e+00,-7.172209024429321289e-01
-7.530994415283203125e-01,-7.863438129425048828e-01
-1.376882791519165039e+00,-1.936606466770172119e-01
-2.029728591442108154e-01,-1.047390460968017578e+00
-4.573513984680175781e+00,9.491503834724426270e-01
-3.817290365695953369e-01,-1.937332272529602051e+00
-6.233162283897399902e-01,1.288776755332946777e+00
-2.620302915573120117e+00,-4.609323501586914062e+00
-3.770005941390991211e+00,1.967623233795166016e+00
-1.757324934005737305e+00,-1.370148181915283203e+00
-3.722341775894165039e+00,-1.084299206733703613e+00
-1.578338384628295898e+00,6.633588314056396484e+00
-4.433221340179443359e+00,2.190824300050735474e-01
-1.502037048339843750e+00,-1.352973729372024536e-01
-3.124351978302001953e+00,3.598427772521972656e+00
-9.621977210044860840e-01,-2.473090738058090210e-01
-4.024819374084472656e+00,-1.551296114921569824e+00
-5.932821035385131836e-01,1.267270445823669434e+00
-3.959305763244628906e+00,-3.427776336669921875e+00
-3.446869254112243652e-01,1.610276103019714355e+00
-2.770646095275878906e+00,-5.041923999786376953e+00
-4.151727676391601562e+00,-3.461241245269775391e+00
-8.482918739318847656e-01,-9.811025261878967285e-01
-4.311564922332763672e+00,-2.513488769531250000e+00
-3.930732250213623047e+00,6.217675656080245972e-02
-4.424517154693603516e+00,4.989291191101074219e+00
-3.345748901367187500e+00,4.905321598052978516e+00
-2.985227584838867188e+00,-2.950447082519531250e+00
-3.640530824661254883e+00,-1.292002648115158081e-01
4.116937518119812012e-01,-1.685219645500183105e+00
-3.011940479278564453e+00,2.937103748321533203e+00
-3.964940309524536133e+00,5.687110424041748047e-01
-3.823842763900756836e+00,-2.879443645477294922e+00
-2.556186199188232422e+00,-4.920850753784179688e+00
-6.721343398094177246e-01,9.958603978157043457e-01
-4.205075263977050781e+00,-3.952767133712768555e+00
-4.379622459411621094e+00,-3.454015254974365234e+00
-2.294435650110244751e-01,-8.884134888648986816e-01
-4.533720493316650391e+00,-4.213360786437988281e+00
-4.138391613960266113e-01,1.729196071624755859e+00
-4.345509052276611328e+00,-1.543308019638061523e+00
-3.931609869003295898e+00,1.268269181251525879e+00
-3.339573621749877930e+00,1.929657459259033203e+00
-3.599994421005249023e+00,1.362969398498535156e+00
-8.482918739318847656e-01,-9.811025261878967285e-01
-1.638458967208862305e+00,7.972663268446922302e-03
-1.455694675445556641e+00,-7.632277011871337891e-01
-1.290147542953491211e+00,-3.694306135177612305e+00
-1.156211614608764648e+00,-5.720793247222900391e+00
-3.614798784255981445e+00,-2.815195322036743164e+00
-1.404988765716552734e+00,-1.077258467674255371e+00
-1.420427322387695312e+00,-1.968268156051635742e-01
-3.858925580978393555e+00,-3.668340206146240234e+00
-1.307824373245239258e+00,-2.534999549388885498e-01
-1.220267772674560547e+00,-4.429056346416473389e-01
-4.131435394287109375e+00,2.933640182018280029e-01
-1.227901458740234375e+00,-4.563967704772949219e+00
-3.111331701278686523e+00,5.345414638519287109e+00
-3.879872798919677734e+00,1.576217889785766602e+00
-3.377897977828979492e+00,5.046398639678955078e-01
-4.062344074249267578e+00,-1.549145579338073730e+00
-2.797335147857666016e+00,2.698192596435546875e-01
-3.937335252761840820e+00,-1.088116243481636047e-01
5.086980462074279785e-01,-2.512185573577880859e+00
