-9.688168764114379883e-01,-1.451088190078735352e+00
-9.381896853446960449e-01,-1.525432229042053223e+00
9.371075630187988281e-01,-1.652048945426940918e+00
1.239031910896301270e+00,-2.360389947891235352e+00
-4.531739354133605957e-01,-1.931469321250915527e+00
1.109822630882263184e+00,-1.329698443412780762e+00
-7.262644171714782715e-01,-1.441588521003723145e+00
-9.124998748302459717e-02,-1.887439787387847900e-01
8.554210513830184937e-02,-2.903870105743408203e+00
-3.169609904289245605e-01,-2.919570922851562500e+00
1.025081753730773926e+00,-1.497708201408386230e+00
-1.154318690299987793e+00,-1.789193272590637207e+00
6.176795810461044312e-02,-1.362571597099304199e+00
-5.959132313728332520e-01,-1.623492002487182617e+00
1.060531497001647949e+00,-1.684056401252746582e+00
4.635088443756103516e-01,-6.564754843711853027e-01
1.067280769348144531e+00,-1.985962986946105957e+00
-2.476814836263656616e-01,-1.181045174598693848e+00
-5.698323845863342285e-01,-1.782551884651184082e+00
-1.879568099975585938e+00,-5.744958668947219849e-02
-1.556889861822128296e-01,-1.351166129112243652e+00
-9.640022516250610352e-01,-1.759267210960388184e+00
-3.579370081424713135e-01,-7.156921029090881348e-01
6.888814270496368408e-02,-2.857688426971435547e+00
-1.693275809288024902e+00,-5.561193823814392090e-01
-2.236274242401123047e+00,1.153100490570068359e+00
-9.245798587799072266e-01,-1.938129782676696777e+00
1.008348345756530762e+00,-1.476306796073913574e+00
2.092810422182083130e-01,-7.372446060180664062e-01
-5.234310626983642578e-01,-1.423394799232482910e+00
-1.019027471542358398e+00,-1.167098641395568848e+00
3.720331192016601562e+00,-3.172958850860595703e+00
-4.534534215927124023e-01,-6.057094335556030273e-01
9.589294195175170898e-01,-1.257120966911315918e+00
-1.768252730369567871e+00,-5.782527923583984375e-01
1.665359020233154297e+00,-2.767319202423095703e+00
-5.410928726196289062e-01,-1.938346743583679199e+00
-3.444647789001464844e-01,-8.431733250617980957e-01
-8.111619949340820312e-01,-2.289327621459960938e+00
-7.233159542083740234e-01,-1.125579357147216797e+00
-7.895600199699401855e-01,-2.108980178833007812e+00
1.050565958023071289e+00,-1.986285328865051270e+00
-1.102020025253295898e+00,-3.257782459259033203e-01
-8.108696341514587402e-01,-2.631535053253173828e+00
-4.430568516254425049e-01,-7.052304148674011230e-01
-2.582338809967041016e+00,-6.771546006202697754e-01
-5.189036130905151367e-01,-1.500409603118896484e+00
-1.668691992759704590e+00,-3.859200328588485718e-02
-2.726525068283081055e-01,-3.258309125900268555e+00
-1.959172487258911133e+00,8.416983485221862793e-02
-9.095998406410217285e-01,-1.128120541572570801e+00
-6.954470276832580566e-01,-1.230786323547363281e+00
-7.511820197105407715e-01,-1.804910659790039062e+00
2.772982835769653320e+00,-3.013742923736572266e+00
-1.364004373550415039e+00,-1.253991723060607910e+00
-7.453357577323913574e-01,-2.263326883316040039e+00
-7.857931852340698242e-01,-1.876772999763488770e+00
-9.455340504646301270e-01,-1.344136118888854980e+00
4.457177519798278809e-01,-1.961457490921020508e+00
-8.669276833534240723e-01,-1.558345079421997070e+00
4.584410190582275391e-01,-6.494213342666625977e-01
-1.019529104232788086e+00,-1.051745057106018066e+00
9.646353125572204590e-01,-1.453846096992492676e+00
1.029113769531250000e+00,-1.003555297851562500e+00
3.065456449985504150e-01,-2.551203727722167969e+00
-2.524477005004882812e+00,1.203043699264526367e+00
8.615412116050720215e-01,-1.104251027107238770e+00
-2.191592693328857422e+00,1.628973633050918579e-01
-2.297212839126586914e+00,-6.399301886558532715e-01
-8.384425640106201172e-01,-1.203500390052795410e+00
-7.969675064086914062e-01,-2.080368280410766602e+00
-6.731094717979431152e-01,-1.891302108764648438e+00
-9.365932345390319824e-01,-1.268754005432128906e+00
8.001116514205932617e-01,-1.880305647850036621e+00
-7.895600199699401855e-01,-2.108980178833007812e+00
-1.025919795036315918e+00,-2.865070819854736328e+00
-1.149966835975646973e+00,-1.169570803642272949e+00
1.018025398254394531e+00,-1.829225420951843262e+00
5.735265612602233887e-01,-7.085372209548950195e-01
-7.753478884696960449e-01,-1.428131937980651855e+00
6.608957797288894653e-02,-1.435169816017150879e+00
-1.160432219505310059e+00,-2.691357612609863281e+00
1.853694915771484375e+00,-2.900604486465454102e+00
-9.444339275360107422e-01,-2.197758436203002930e+00
-1.693856477737426758e+00,-1.220344081521034241e-01
7.543219327926635742e-01,-1.114519357681274414e+00
-1.902089864015579224e-01,-5.978153347969055176e-01
3.907245397567749023e-01,-1.985423326492309570e+00
6.550725698471069336e-01,-8.032466173171997070e-01
9.991837739944458008e-01,-1.246659040451049805e+00
-3.018334865570068359e+00,-3.398064374923706055e-01
-9.607594013214111328e-01,-1.112334847450256348e+00
-1.336857795715332031e+00,-3.197056651115417480e-01
-1.312513947486877441e+00,-9.930542111396789551e-01
-3.789770007133483887e-01,-8.031409382820129395e-01
-5.239163875579833984e+00,2.804152965545654297e+00
-6.120000481605529785e-01,-1.279388785362243652e+00
-8.386206626892089844e-01,-1.872405171394348145e+00
-8.992654085159301758e-01,-2.453269004821777344e+00
-1.989105939865112305e+00,-1.662023663520812988e-01
7.306594252586364746e-01,-1.716539263725280762e+00
-8.744807243347167969e-01,-1.846305251121520996e+00
-2.328592777252197266e+00,7.922725677490234375e-01
-1.185408830642700195e+00,-1.562862396240234375e+00
1.213642731308937073e-01,-1.899416208267211914e+00
8.701240420341491699e-01,-1.242613792419433594e+00
-9.388080835342407227e-01,-1.289107918739318848e+00
-4.750647544860839844e-01,-2.516789436340332031e+00
-6.259436011314392090e-01,-1.695847272872924805e+00
-3.426205813884735107e-01,-8.060843348503112793e-01
-3.708546400070190430e+00,1.767518639564514160e+00
-9.975153952836990356e-03,-7.510708570480346680e-01
-1.115074872970581055e+00,-1.230592608451843262e+00
-8.147904872894287109e-01,-2.741726160049438477e+00
-1.240585923194885254e+00,-6.167415976524353027e-01
-1.798276066780090332e+00,-3.639085292816162109e-01
1.229965165257453918e-01,-1.654579281806945801e+00
-1.894121050834655762e+00,-7.304555773735046387e-01
3.831146657466888428e-02,-1.686007857322692871e+00
-2.180486679077148438e+00,-9.526917338371276855e-02
-4.162406325340270996e-01,-2.011994123458862305e+00
-7.412405014038085938e-01,-2.844083309173583984e-01
1.070920825004577637e+00,-1.339044213294982910e+00
-7.479640841484069824e-01,-2.375469446182250977e+00
8.820172399282455444e-02,-1.204389929771423340e+00
-9.556450247764587402e-01,-1.941658735275268555e+00
3.869125545024871826e-01,-7.688946723937988281e-01
-5.856450796127319336e-01,-4.578464984893798828e+00
3.560047447681427002e-01,-3.506577014923095703e-01
2.633399963378906250e-01,-1.351064920425415039e+00
-8.539406657218933105e-01,-2.442309856414794922e+00
7.554323077201843262e-01,-9.846498370170593262e-01
-8.132236003875732422e-01,-1.556047320365905762e+00
1.164105415344238281e+00,-4.029840469360351562e+00
-4.277226924896240234e-01,-7.572453022003173828e-01
-2.668759822845458984e+00,4.786142706871032715e-01
3.576562404632568359e-01,-2.357047319412231445e+00
4.667982757091522217e-01,-1.005865693092346191e+00
-1.058906316757202148e+00,-2.793532133102416992e+00
3.359797239303588867e+00,-3.502679109573364258e+00
1.119900584220886230e+00,-1.780037283897399902e+00
-1.693856477737426758e+00,-1.220344081521034241e-01
-1.284683942794799805e+00,5.029390752315521240e-02
7.487012147903442383e-01,-1.468807101249694824e+00
-4.236150264739990234e+00,4.590234756469726562e+00
1.050565958023071289e+00,-1.986285328865051270e+00
4.894649386405944824e-01,-2.289764642715454102e+00
1.025081753730773926e+00,-1.497708201408386230e+00
1.109979867935180664e+00,-1.655282378196716309e+00
-1.170659422874450684e+00,-1.319831490516662598e+00
-9.176988005638122559e-01,-1.934054970741271973e+00
7.637281417846679688e-01,-1.423127055168151855e+00
-2.696067094802856445e-01,-6.326222419738769531e-01
-3.421602547168731689e-01,-1.437666177749633789e+00
9.440516233444213867e-01,-1.359356403350830078e+00
9.842779636383056641e-01,-1.708398580551147461e+00
-1.654808521270751953e+00,-8.664304614067077637e-01
1.749347925186157227e+00,-3.160800457000732422e+00
-2.271038293838500977e+00,2.454017102718353271e-02
-2.475459814071655273e+00,-5.342156887054443359e-01
-2.668013334274291992e+00,6.362988352775573730e-01
-1.260798573493957520e-01,-7.183111906051635742e-01
-9.325065612792968750e-01,-2.173082113265991211e+00
7.212436199188232422e-01,-1.460046052932739258e+00
1.512934863567352295e-01,-2.451187849044799805e+00
-2.927658557891845703e-01,-6.189235448837280273e-01
-5.989791750907897949e-01,-1.792438030242919922e+00
9.759244322776794434e-01,-1.016747832298278809e+00
-1.679118037223815918e+00,-6.291733384132385254e-01
-2.152719020843505859e+00,7.222037911415100098e-01
-2.795380353927612305e-01,-1.909691333770751953e+00
-8.942688703536987305e-01,-1.529700756072998047e+00
-2.524631738662719727e+00,-1.135275483131408691e+00
-1.506381630897521973e+00,-7.355081439018249512e-01
6.863199919462203979e-02,-2.082844257354736328e+00
-9.732708930969238281e-01,-2.695587158203125000e+00
-1.064046382904052734e+00,-3.460534214973449707e-01
-1.238388657569885254e+00,-1.398052811622619629e+00
8.001116514205932617e-01,-1.880305647850036621e+00
5.515183806419372559e-01,1.262686401605606079e-01
4.466577172279357910e-01,-1.462668776512145996e+00
8.439875841140747070e-01,-1.005528211593627930e+00
-6.164053827524185181e-02,-1.587718486785888672e+00
-9.369810819625854492e-01,-1.405671834945678711e+00
7.310330271720886230e-01,-8.416260480880737305e-01
2.488740682601928711e+00,-4.896820545196533203e+00
-4.929580092430114746e-01,-2.247613668441772461e+00
1.923504710197448730e+00,-3.527692794799804688e+00
9.093353748321533203e-01,-1.355232000350952148e+00
6.610062718391418457e-01,-8.246216177940368652e-01
1.281536072492599487e-01,-2.246672868728637695e+00
-5.059896111488342285e-01,-2.186655044555664062e+00
-8.308913707733154297e-01,-1.271706819534301758e+00
-1.784015893936157227e+00,-1.670768707990646362e-01
-1.784015893936157227e+00,-1.670768707990646362e-01
1.880152106285095215e+00,-2.808815479278564453e+00
-9.161136150360107422e-01,-1.779831767082214355e+00
-1.006445646286010742e+00,-1.767623901367187500e+00
-3.192519545555114746e-01,-2.854788064956665039e+00
-6.684523224830627441e-01,-2.182670593261718750e+00
-6.005086898803710938e-01,-2.108058452606201172e+00
-2.105481475591659546e-01,-4.953374266624450684e-01
1.084230303764343262e+00,-1.428392529487609863e+00
-2.862085342407226562e+00,9.473509192466735840e-01
2.259780019521713257e-01,-5.697569251060485840e-01
-1.691763877868652344e+00,-8.677881956100463867e-01
9.042783379554748535e-01,-1.433878421783447266e+00
-6.352301836013793945e-01,-2.597182750701904297e+00
3.266804218292236328e+00,-3.617715358734130859e+00
1.665714502334594727e+00,-8.003737926483154297e-01
6.138178110122680664e-01,-8.571645021438598633e-01
5.224454998970031738e-01,-9.050076007843017578e-01
-9.940702319145202637e-01,-1.353042244911193848e+00
-5.238503813743591309e-01,-6.834922432899475098e-01
8.480356931686401367e-01,-2.079658269882202148e+00
-1.492872834205627441e+00,-5.717439055442810059e-01
5.551800131797790527e-01,-1.958075165748596191e+00
-1.813503623008728027e+00,-1.783308833837509155e-01
-1.059003114700317383e+00,-1.113164544105529785e+00
-9.825064539909362793e-01,-2.255135536193847656e+00
-6.869154572486877441e-01,-2.673667430877685547e+00
-1.151082888245582581e-01,-8.328320384025573730e-01
7.566378116607666016e-01,-1.966166734695434570e+00
-3.424419403076171875e+00,-8.175110816955566406e-02
-1.975451707839965820e+00,-2.687806487083435059e-01
-6.097046136856079102e-01,-2.153533458709716797e+00
9.412022829055786133e-01,-1.542827606201171875e+00
-1.569361925125122070e+00,6.727800965309143066e-01
2.075245827436447144e-01,-1.633852243423461914e+00
3.831534832715988159e-02,-1.331047177314758301e+00
7.931313514709472656e-01,-1.444226741790771484e+00
-8.928287625312805176e-01,-1.878000140190124512e+00
2.623259723186492920e-01,-1.044831633567810059e+00
1.639737039804458618e-01,-2.357758283615112305e+00
-1.830726563930511475e-01,-5.980319976806640625e-01
-3.958368897438049316e-01,-9.533643722534179688e-01
-2.379942834377288818e-01,-9.800723195075988770e-01
-1.160940885543823242e+00,-1.420412063598632812e+00
8.404576778411865234e-01,-9.072653651237487793e-01
5.120326280593872070e-01,-1.005612492561340332e+00
6.235685944557189941e-01,-6.502793431282043457e-01
9.309134483337402344e-01,-1.091117858886718750e+00
6.675295829772949219e-01,-7.540934681892395020e-01
-6.907796263694763184e-01,-2.108996152877807617e+00
1.114660024642944336e+00,-3.749065160751342773e+00
-5.854216217994689941e-01,-9.687928855419158936e-02
9.182588458061218262e-01,-1.206623196601867676e+00
-4.321996271610260010e-01,-1.607782363891601562e+00
2.090571880340576172e+00,-3.422509431838989258e+00
-7.220388054847717285e-01,-2.704474210739135742e+00
6.581432223320007324e-01,-8.404586315155029297e-01
8.885990977287292480e-01,-1.007453680038452148e+00
9.093353748321533203e-01,-1.355232000350952148e+00
-3.810076117515563965e-01,-2.922476053237915039e+00
-7.050713300704956055e-01,-2.688012361526489258e+00
9.576312303543090820e-01,-1.299781322479248047e+00
2.424723148345947266e+00,-4.649054527282714844e+00
5.069846510887145996e-01,-8.264492154121398926e-01
1.056537866592407227e+00,-1.342601895332336426e+00
-3.000175237655639648e+00,-9.952976554632186890e-02
-6.912331581115722656e-01,-1.346683621406555176e+00
1.084840536117553711e+00,-1.648273229598999023e+00
-9.934127330780029297e-01,-1.215458631515502930e+00
1.084379076957702637e+00,-1.300141930580139160e+00
-3.572194814682006836e+00,3.804767727851867676e-01
8.064272403717041016e-01,-1.942457199096679688e+00
-4.942770004272460938e-01,-2.832057714462280273e+00
9.894442558288574219e-01,-1.331385612487792969e+00
-2.221783995628356934e-01,-1.482853293418884277e+00
-7.131748199462890625e-01,-1.835030913352966309e+00
-1.152896523475646973e+00,-1.677010178565979004e+00
-5.399314165115356445e-01,-3.022424936294555664e+00
-1.007011413574218750e+00,-2.773736715316772461e+00
8.759075403213500977e-01,-1.363450527191162109e+00
-1.506712079048156738e+00,-5.286394953727722168e-01
-5.749057531356811523e-01,-1.551325559616088867e+00
-1.998121023178100586e+00,-2.414704799652099609e+00
-7.295602560043334961e-01,-1.232252717018127441e+00
7.137318253517150879e-01,-8.637206554412841797e-01
7.311044931411743164e-01,-1.455342411994934082e+00
-5.139556527137756348e-01,-2.431132793426513672e+00
8.771864175796508789e-01,-1.045710206031799316e+00
-2.985107004642486572e-01,-2.699587345123291016e+00
-6.965234279632568359e-01,-1.961220502853393555e+00
-8.013462424278259277e-01,-2.088432550430297852e+00
-9.325555562973022461e-01,-1.175822496414184570e+00
4.000993072986602783e-02,-1.425372838973999023e+00
-1.163870573043823242e+00,-1.197553277015686035e+00
2.558575630187988281e+00,-2.307047367095947266e+00
8.046187162399291992e-01,-1.310075879096984863e+00
-1.762723088264465332e+00,-6.534361839294433594e-01
-1.671361684799194336e+00,-2.384578138589859009e-01
-6.740575432777404785e-01,-2.177639722824096680e+00
-2.747594356536865234e+00,6.414053440093994141e-01
1.203675031661987305e+00,-1.525728464126586914e+00
3.481546342372894287e-01,-2.255194902420043945e+00
-1.036898732185363770e+00,-1.474113225936889648e+00
-4.373829662799835205e-01,-1.111351251602172852e+00
-1.127670049667358398e+00,-1.828688502311706543e+00
4.461034238338470459e-01,-3.157339572906494141e+00
-8.478761315345764160e-01,-2.291475534439086914e+00
-1.697949767112731934e-01,-6.832880973815917969e-01
-9.346312880516052246e-01,-2.194047451019287109e+00
8.082529306411743164e-01,-1.403458833694458008e+00
-6.627066731452941895e-01,-2.155534029006958008e+00
9.154609441757202148e-01,-1.110412359237670898e+00
-1.514039158821105957e+00,-9.560144543647766113e-01
-3.027157187461853027e-01,-1.256084203720092773e+00
9.397976398468017578e-01,-1.716074228286743164e+00
6.405336260795593262e-01,-2.044237375259399414e+00
-5.603557229042053223e-01,-2.026915073394775391e+00
9.121207594871520996e-01,-1.751043677330017090e+00
1.036424040794372559e+00,-1.919477343559265137e+00
-2.793243646621704102e+00,6.872666478157043457e-01
1.106352090835571289e+00,-1.746939778327941895e+00
-1.851970911026000977e+00,9.782716631889343262e-01
-7.655417323112487793e-01,-2.152873754501342773e+00
-2.888523042201995850e-01,-1.582247376441955566e+00
-8.245102167129516602e-01,-1.378076076507568359e+00
-2.237737655639648438e+00,3.396613001823425293e-01
-6.299153566360473633e-01,-1.672263145446777344e+00
-2.110962152481079102e+00,-5.657684803009033203e-02
6.304045319557189941e-01,-7.965218424797058105e-01
-7.264319807291030884e-02,-3.446244955062866211e+00
-5.500224232673645020e-01,-2.499758481979370117e+00
-7.334985733032226562e-01,-2.018600225448608398e+00
6.078541874885559082e-01,-2.490320682525634766e+00
-1.902994036674499512e+00,-7.815042138099670410e-02
-1.690278500318527222e-01,-1.284951567649841309e+00
-1.282515168190002441e+00,-4.393349289894104004e-01
-1.259621381759643555e+00,-6.606857776641845703e-01
5.770069956779479980e-01,-7.756547331809997559e-01
2.973203420639038086e+00,-2.615285396575927734e+00
-4.534534215927124023e-01,-6.057094335556030273e-01
-1.277953386306762695e-01,-4.146997332572937012e-01
-9.606464505195617676e-01,-1.503751277923583984e+00
-2.263700723648071289e+00,5.781763792037963867e-01
9.536891579627990723e-01,-1.063676595687866211e+00
-1.425616890192031860e-01,-1.792716622352600098e+00
8.313943743705749512e-01,-2.148240089416503906e+00
-4.741673946380615234e+00,3.565546751022338867e+00
7.176038026809692383e-01,-8.843528032302856445e-01
-1.922396384179592133e-02,-1.197436690330505371e+00
9.797656536102294922e-01,-1.314657211303710938e+00
1.014780521392822266e+00,-1.406183600425720215e+00
-5.171751379966735840e-01,-3.120969772338867188e+00
9.563833475112915039e-01,-1.758302807807922363e+00
1.126240491867065430e+00,-4.063413739204406738e-01
-7.272044420242309570e-01,-2.272058963775634766e+00
2.525763750076293945e+00,-4.540852069854736328e+00
-1.984562397003173828e+00,-3.377187252044677734e-01
6.110122799873352051e-01,-1.349038481712341309e+00
6.051924228668212891e-01,-2.556653022766113281e+00
-6.768433451652526855e-01,-2.323588132858276367e+00
6.825938820838928223e-01,-5.149583816528320312e-01
-2.785777091979980469e+00,1.000377178192138672e+00
-2.155850410461425781e+00,-6.494497060775756836e-01
-1.143135316669940948e-02,-1.461596131324768066e+00
-5.875498652458190918e-01,-1.931503653526306152e+00
-2.857289910316467285e-01,-3.326154708862304688e+00
-8.483585119247436523e-01,-2.230786323547363281e+00
-1.998121023178100586e+00,-2.414704799652099609e+00
-2.587177157402038574e-01,-1.836281895637512207e+00
1.427443623542785645e-01,-1.670172929763793945e+00
-1.045377612113952637e+00,-1.412922739982604980e+00
-1.939565062522888184e+00,-4.416276812553405762e-01
1.123970150947570801e+00,-1.674875378608703613e+00
-7.156420946121215820e-01,-2.311039924621582031e+00
6.896575689315795898e-01,-1.991089463233947754e+00
5.850279331207275391e-01,-8.651603460311889648e-01
-6.067805290222167969e-01,2.196757346391677856e-01
-1.486427664756774902e+00,-8.318302631378173828e-01
-1.922396384179592133e-02,-1.197436690330505371e+00
-9.968271255493164062e-01,-1.390324711799621582e+00
-1.975268363952636719e+00,5.858794450759887695e-01
-1.787181138992309570e+00,6.837081313133239746e-01
8.681399822235107422e-01,-1.012313246726989746e+00
-7.839395999908447266e-01,-1.792386054992675781e+00
1.463731527328491211e-01,-1.760331630706787109e+00
4.495075345039367676e-01,-8.423039913177490234e-01
-2.121798753738403320e+00,4.089903235435485840e-01
8.451417684555053711e-01,-1.045336246490478516e+00
4.068975925445556641e+00,-4.473198890686035156e+00
9.856110811233520508e-01,-1.482131600379943848e+00
3.065456449985504150e-01,-2.551203727722167969e+00
1.364917457103729248e-01,-1.346147537231445312e+00
7.276005744934082031e-01,-8.689733147621154785e-01
1.002106547355651855e+00,-1.912652611732482910e+00
-1.607417821884155273e+00,-8.827240467071533203e-01
-7.327631711959838867e-01,-2.500457286834716797e+00
-1.744895219802856445e+00,-6.873763203620910645e-01
-1.708016991615295410e+00,-2.052524566650390625e+00
-1.584622859954833984e+00,-6.120288372039794922e-01
9.401030093431472778e-02,-2.532245397567749023e+00
6.269423961639404297e-01,-2.651037454605102539e+00
-1.155197501182556152e+00,-1.168009042739868164e+00
1.192512884736061096e-01,-1.500025153160095215e+00
-1.504535436630249023e+00,-4.092526435852050781e-01
2.508541010320186615e-02,-1.434094548225402832e+00
-5.981599092483520508e-01,-1.676104664802551270e+00
9.797070026397705078e-01,-1.827138423919677734e+00
2.686654925346374512e-01,-1.031955718994140625e+00
1.008195042610168457e+00,-1.303516030311584473e+00
-8.889651894569396973e-01,-3.215645551681518555e-01
-1.347912907600402832e+00,-1.361482977867126465e+00
9.440516233444213867e-01,-1.359356403350830078e+00
9.588322043418884277e-01,-1.519852042198181152e+00
-2.503597438335418701e-01,-6.073588132858276367e-01
-1.830797553062438965e+00,-4.097113013267517090e-01
1.053661346435546875e+00,-2.488217592239379883e+00
-8.807097673416137695e-01,-1.441660523414611816e+00
1.203675031661987305e+00,-1.525728464126586914e+00
-5.239163875579833984e+00,2.804152965545654297e+00
8.834517002105712891e-01,-1.588873744010925293e+00
-1.177801251411437988e+00,-3.206524133682250977e+00
2.171587049961090088e-01,-2.477041035890579224e-01
-7.142912149429321289e-01,-1.798118114471435547e+00
-1.281512141227722168e+00,-4.700468778610229492e-01
1.123699784278869629e+00,-1.280431628227233887e+00
-4.737944900989532471e-01,-6.586253643035888672e-01
9.014782905578613281e-01,-1.073146820068359375e+00
-1.453963160514831543e+00,-2.355886220932006836e+00
-1.271782368421554565e-01,-1.202954530715942383e+00
-5.742700695991516113e-01,-2.845085561275482178e-01
-7.437837123870849609e-01,-2.554217815399169922e+00
1.286798596382141113e+00,-2.581411600112915039e+00
1.333338171243667603e-01,-1.997184872627258301e+00
5.825571417808532715e-01,-4.676558971405029297e+00
5.317524671554565430e-01,-1.321200489997863770e+00
-2.363905906677246094e-01,-3.668152332305908203e+00
1.886011004447937012e+00,-2.696666479110717773e+00
-1.638577699661254883e+00,-3.435916304588317871e-01
-8.293210268020629883e-01,-1.669346332550048828e+00
1.102971673011779785e+00,-1.769327163696289062e+00
-4.519063234329223633e-01,-2.524387836456298828e+00
-8.255988955497741699e-01,-2.155788421630859375e+00
-2.066458940505981445e+00,-6.401737332344055176e-01
-7.842774391174316406e-01,-1.684640288352966309e+00
8.905564546585083008e-01,-1.038630723953247070e+00
8.355349898338317871e-01,-1.892397403717041016e+00
3.263921260833740234e+00,-3.628677129745483398e+00
-3.202121973037719727e+00,6.509489417076110840e-01
1.034241318702697754e+00,-2.240961313247680664e+00
-1.080351352691650391e+00,-3.757704496383666992e-01
-1.452873468399047852e+00,-1.212673902511596680e+00
-1.203857302665710449e+00,-1.672676563262939453e+00
1.021786570549011230e+00,-9.744314551353454590e-01
-2.747155725955963135e-01,-1.867220163345336914e+00
3.032786846160888672e+00,-2.617090225219726562e+00
7.494672536849975586e-01,-1.446049571037292480e+00
-1.655472368001937866e-01,-2.114541053771972656e+00
-5.091775059700012207e-01,-1.991832137107849121e+00
8.353596925735473633e-01,-3.607061624526977539e+00
6.896575689315795898e-01,-1.991089463233947754e+00
9.270796775817871094e-01,-1.130406379699707031e+00
7.308647632598876953e-01,-8.380086421966552734e-01
-4.436827003955841064e-01,-8.310949206352233887e-01
1.045592308044433594e+00,-1.905216813087463379e+00
-2.227078199386596680e+00,-1.512061655521392822e-01
7.803428769111633301e-01,-1.434254169464111328e+00
-8.785412907600402832e-01,-1.994207382202148438e+00
1.136150479316711426e+00,-1.332566142082214355e+00
-1.193582057952880859e+00,-1.787469863891601562e+00
1.558171510696411133e-01,-1.438737511634826660e+00
4.712916612625122070e-01,-8.208180069923400879e-01
1.297490596771240234e+00,-3.502758264541625977e+00
1.196489930152893066e+00,-1.395254254341125488e+00
6.618474721908569336e-01,-2.998692274093627930e+00
-7.463822364807128906e-01,-1.921546578407287598e+00
4.488235950469970703e+00,-4.406250953674316406e+00
-1.547151565551757812e+00,-5.453631877899169922e-01
2.475385665893554688e+00,-2.312536001205444336e+00
8.211084604263305664e-01,-8.724156618118286133e-01
-1.187651753425598145e+00,-1.525628805160522461e+00
1.185238718986511230e+00,-2.205901384353637695e+00
-1.490240931510925293e+00,-4.029799103736877441e-01
-1.618891835212707520e+00,-2.581989169120788574e-01
9.389418959617614746e-01,-1.038988232612609863e+00
-1.111944437026977539e+00,-3.213548064231872559e-01
4.626508057117462158e-01,-1.217495083808898926e+00
6.633307933807373047e-01,-8.877626657485961914e-01
-1.998267292976379395e+00,-6.518282890319824219e-01
9.345174431800842285e-01,-1.492878317832946777e+00
-2.283941358327865601e-01,-9.518114924430847168e-01
-8.992654085159301758e-01,-2.453269004821777344e+00
8.035845309495925903e-02,-1.410706758499145508e+00
-5.613182783126831055e-01,-1.404877781867980957e+00
-1.052804112434387207e+00,-2.981712222099304199e-01
-1.141630053520202637e+00,-3.329592347145080566e-01
1.263015270233154297e+00,-1.639021396636962891e+00
-8.718816041946411133e-01,-1.991085529327392578e+00
2.251809835433959961e+00,-3.046730756759643555e+00
1.135490164160728455e-01,-2.730412244796752930e+00
-2.764261007308959961e+00,3.629010915756225586e-01
-8.472118526697158813e-02,-1.883878827095031738e+00
7.768929004669189453e-01,-8.914636969566345215e-01
-7.651647925376892090e-01,-1.281457304954528809e+00
-1.437302470207214355e+00,-4.731656312942504883e-01
8.035845309495925903e-02,-1.410706758499145508e+00
2.517641782760620117e+00,-3.595175027847290039e+00
8.243010938167572021e-02,-2.302448272705078125e+00
-8.097534775733947754e-01,-2.208307743072509766e+00
-2.594503879547119141e+00,-3.370599150657653809e-01
-8.323222398757934570e-01,-2.762967348098754883e+00
1.596421957015991211e+00,-3.360428094863891602e+00
3.525552272796630859e+00,-4.147463321685791016e+00
3.735868453979492188e+00,-3.183334112167358398e+00
4.533220529556274414e-01,-8.372126221656799316e-01
-1.473977923393249512e+00,-7.071595788002014160e-01
-1.942599862813949585e-01,-1.606015682220458984e+00
-6.954470276832580566e-01,-1.230786323547363281e+00
6.794525384902954102e-01,-1.115044355392456055e+00
-1.847715973854064941e-01,-7.240263819694519043e-01
-8.497349023818969727e-01,-2.765265703201293945e-01
1.133403658866882324e+00,-2.388961553573608398e+00
1.187510967254638672e+00,-1.277886152267456055e+00
-9.080992639064788818e-02,-4.922579526901245117e-01
1.291362643241882324e+00,-1.435311317443847656e+00
-6.817339062690734863e-01,-1.973466038703918457e+00
8.982744812965393066e-01,-1.428445458412170410e+00
-6.809961795806884766e-01,-2.857674956321716309e-01
2.072139739990234375e+00,-3.238064527511596680e+00
8.225205540657043457e-01,-7.971704602241516113e-01
-3.426205813884735107e-01,-8.060843348503112793e-01
-1.511397004127502441e+00,-4.535877108573913574e-01
-1.028656482696533203e+00,-1.286504983901977539e+00
-1.136193394660949707e+00,-1.033569216728210449e+00
8.595137596130371094e-01,-2.948693513870239258e+00
-2.202373147010803223e-01,-1.884639859199523926e+00
1.386050283908843994e-01,-1.743392586708068848e+00
-5.105984210968017578e-01,-6.410149931907653809e-01
-8.435454368591308594e-01,-2.098098039627075195e+00
4.768288135528564453e-01,-1.574673295021057129e+00
-1.750939130783081055e+00,-6.580723524093627930e-01
1.886011004447937012e+00,-2.696666479110717773e+00
8.266984224319458008e-01,-9.878534674644470215e-01
-8.494963049888610840e-01,-1.439067840576171875e+00
8.343335390090942383e-01,-1.468548893928527832e+00
9.727424383163452148e-01,-1.656449675559997559e+00
1.221640586853027344e+00,-2.155134677886962891e+00
2.593166530132293701e-01,-7.379817962646484375e+00
-7.613534927368164062e-01,-1.972113847732543945e+00
-8.225301504135131836e-01,-1.248569488525390625e+00
8.057973980903625488e-01,-1.192626476287841797e+00
-1.239286899566650391e+00,-6.170611381530761719e-01
-1.280947566032409668e+00,-1.691180944442749023e+00
-8.013462424278259277e-01,-2.088432550430297852e+00
1.010600566864013672e+00,-1.457734942436218262e+00
5.908902883529663086e-01,-1.369736313819885254e+00
-1.096346616744995117e+00,-7.762303352355957031e-01
-1.793144494295120239e-01,-1.618281483650207520e+00
-1.261557340621948242e+00,-1.520330786705017090e+00
-5.749057531356811523e-01,-1.551325559616088867e+00
-6.485755443572998047e-01,-1.915190100669860840e+00
1.713989973068237305e-01,-2.368830204010009766e+00
9.389418959617614746e-01,-1.038988232612609863e+00
-2.608956992626190186e-01,-7.551970481872558594e-01
-1.607158899307250977e+00,8.092083334922790527e-01
1.888448119163513184e+00,-1.870405912399291992e+00
3.731256127357482910e-01,-1.852694630622863770e+00
-1.351107239723205566e+00,9.106028676033020020e-01
-7.991979122161865234e-01,-2.133460998535156250e+00
1.603636503219604492e+00,-3.433487415313720703e+00
7.354285717010498047e-01,-9.133740067481994629e-01
6.148796081542968750e-01,-8.701735138893127441e-01
-3.356727838516235352e+00,1.546287089586257935e-01
-3.708546400070190430e+00,1.767518639564514160e+00
-1.492642164230346680e+00,-3.504745960235595703e-01
8.276757001876831055e-01,-8.257583975791931152e-01
-6.120000481605529785e-01,-1.279388785362243652e+00
2.846590876579284668e-01,-1.338725686073303223e+00
1.222452402114868164e+00,-1.361914396286010742e+00
-3.202121973037719727e+00,6.509489417076110840e-01
6.257025003433227539e-01,-3.976460695266723633e+00
-7.071360945701599121e-01,-1.962780475616455078e+00
-2.154643297195434570e+00,-1.279571652412414551e-01
9.360774606466293335e-02,-1.541210770606994629e+00
-2.294737577438354492e+00,-3.193135261535644531e-01
2.748012304306030273e+00,-3.138782739639282227e+00
-8.582691550254821777e-01,-2.187993526458740234e+00
-5.900524854660034180e-01,-2.766222715377807617e+00
1.070920825004577637e+00,-1.339044213294982910e+00
1.124079003930091858e-01,-1.716940641403198242e+00
-6.441945433616638184e-01,-1.685385942459106445e+00
-8.649733662605285645e-02,-6.302126049995422363e-01
-2.824407100677490234e+00,-6.652066111564636230e-02
-5.807583928108215332e-01,-2.214855432510375977e+00
2.204990983009338379e-01,-1.541034221649169922e+00
1.255607753992080688e-01,-1.750901818275451660e+00
-2.248596191406250000e+00,-1.775569170713424683e-01
1.861545681953430176e+00,-3.021062612533569336e+00
-1.207883358001708984e+00,-1.780647754669189453e+00
9.159961342811584473e-01,-1.226280927658081055e+00
-1.109419167041778564e-01,-1.410390615463256836e+00
9.395450949668884277e-01,-1.144502639770507812e+00
5.378865003585815430e-01,-9.484862685203552246e-01
7.354285717010498047e-01,-9.133740067481994629e-01
6.051924228668212891e-01,-2.556653022766113281e+00
-3.339589536190032959e-01,-6.825390458106994629e-01
1.060754776000976562e+00,-2.335059642791748047e+00
-7.071360945701599121e-01,-1.962780475616455078e+00
2.633396983146667480e-01,-4.688341021537780762e-01
2.505618333816528320e+00,-3.230060338973999023e+00
3.376063704490661621e-01,-1.591159582138061523e+00
9.442148208618164062e-01,-1.464363813400268555e+00
-7.142320275306701660e-01,-2.098808765411376953e+00
9.309134483337402344e-01,-1.091117858886718750e+00
3.108633756637573242e-01,-8.924091458320617676e-01
-6.060139536857604980e-01,-1.735189676284790039e+00
1.056266069412231445e+00,-1.712787985801696777e+00
6.467277407646179199e-01,-6.394669413566589355e-01
9.871313571929931641e-01,-1.375264644622802734e+00
-6.180872321128845215e-01,-2.265618801116943359e+00
1.060828089714050293e+00,-1.353718161582946777e+00
1.923504710197448730e+00,-3.527692794799804688e+00
-1.163744926452636719e+00,-1.365886688232421875e+00
9.855231642723083496e-01,-1.493377923965454102e+00
1.223348155617713928e-01,-3.696760892868041992e+00
-1.203271865844726562e+00,3.536698222160339355e-02
-3.717644810676574707e-01,-2.878606081008911133e+00
-4.999662041664123535e-01,-6.232246160507202148e-01
-4.243880510330200195e-01,-2.015267372131347656e+00
3.926297664642333984e+00,-3.167105197906494141e+00
9.156572818756103516e-01,-1.733226656913757324e+00
1.589556634426116943e-01,-2.074749708175659180e+00
-1.015021920204162598e+00,-2.491891831159591675e-01
-1.294011592864990234e+00,-3.701693415641784668e-01
-1.406037569046020508e+00,1.100949048995971680e-01
-1.274487853050231934e+00,-2.630228996276855469e+00
1.072085738182067871e+00,-1.976711869239807129e+00
-2.056229710578918457e-01,-1.924656510353088379e+00
8.701240420341491699e-01,-1.242613792419433594e+00
-1.709556698799133301e+00,4.217019677162170410e-01
-2.745509147644042969e+00,6.877689361572265625e-01
1.853694915771484375e+00,-2.900604486465454102e+00
-9.092000126838684082e-01,-3.015031576156616211e+00
-8.288047909736633301e-01,-1.230850100517272949e+00
-8.433525562286376953e-01,-1.426310658454895020e+00
7.910348176956176758e-01,-8.859145045280456543e-01
-9.606464505195617676e-01,-1.503751277923583984e+00
4.289479553699493408e-01,-6.171981692314147949e-01
-3.121002912521362305e-01,-2.686208009719848633e+00
-6.263107657432556152e-01,-1.656505823135375977e+00
-1.998104214668273926e+00,1.000771880149841309e+00
8.318747878074645996e-01,-1.062769293785095215e+00
-8.491034507751464844e-01,-2.242811203002929688e+00
5.891993045806884766e-01,-7.954639792442321777e-01
1.817204207181930542e-01,-4.366732239723205566e-01
1.170938014984130859e+00,-1.357823133468627930e+00
-1.122443079948425293e+00,-1.339679479598999023e+00
-2.626921653747558594e+00,-2.923051714897155762e-01
-9.298458695411682129e-01,-1.453621149063110352e+00
-1.479485034942626953e+00,-8.833451867103576660e-01
6.524612754583358765e-02,-1.774112105369567871e+00
-7.164742946624755859e-01,-8.366100192070007324e-01
-2.254511833190917969e+00,1.087260603904724121e+00
-7.043017148971557617e-01,-2.773774147033691406e+00
-2.746754884719848633e+00,6.194159984588623047e-01
1.177239894866943359e+00,-2.365640640258789062e+00
-1.091799020767211914e+00,-9.933276772499084473e-01
4.743176102638244629e-01,-8.184847235679626465e-01
6.995187997817993164e-01,-1.676964879035949707e+00
7.346249222755432129e-01,-8.101997375488281250e-01
-1.470631361007690430e+00,-6.987482309341430664e-01
-2.363905906677246094e-01,-3.668152332305908203e+00
-1.840177737176418304e-02,-1.991806149482727051e+00
1.235197544097900391e+00,-3.312005758285522461e+00
-9.272586703300476074e-01,-2.427940607070922852e+00
-9.574937820434570312e-01,-1.483737587928771973e+00
-1.619341135025024414e+00,-3.837493062019348145e-01
4.664034247398376465e-01,-1.422637820243835449e+00
-1.569361925125122070e+00,6.727800965309143066e-01
-3.452888131141662598e-01,-1.017731666564941406e+00
7.379900813102722168e-01,-7.393686771392822266e-01
7.135706543922424316e-01,-1.375819802284240723e+00
1.092309832572937012e+00,-2.933744907379150391e+00
-8.123207688331604004e-01,-1.127623200416564941e+00
-1.512857675552368164e+00,-8.359233736991882324e-01
8.211084604263305664e-01,-8.724156618118286133e-01
4.375462532043457031e-01,-5.946345925331115723e-01
-1.647850990295410156e+00,-3.731878399848937988e-01
-1.325534939765930176e+00,-9.578480720520019531e-01
-1.085420370101928711e+00,-1.451453804969787598e+00
-6.304880380630493164e-01,-1.947199940681457520e+00
-4.440508782863616943e-01,-6.804903745651245117e-01
1.112957119941711426e+00,-1.739529013633728027e+00
8.523144721984863281e-01,-1.372831463813781738e+00
1.767818570137023926e+00,-3.775865077972412109e+00
-1.754706501960754395e+00,-1.284608244895935059e-02
-1.232075810432434082e+00,-1.493300795555114746e+00
-4.980013072490692139e-01,-1.539634764194488525e-01
-4.084178507328033447e-01,-1.709543347358703613e+00
5.048840641975402832e-01,-8.269628286361694336e-01
9.471785277128219604e-03,-1.753037452697753906e+00
6.550777554512023926e-01,-3.427344560623168945e+00
-1.805055618286132812e+00,-6.098680496215820312e-01
-9.940702319145202637e-01,-1.353042244911193848e+00
2.137135155498981476e-02,-1.922926902770996094e+00
-2.490268945693969727e+00,-8.709984421730041504e-01
1.034934520721435547e+00,-1.513483762741088867e+00
-1.193197727203369141e+00,-1.768753886222839355e+00
8.805890679359436035e-01,-1.131611347198486328e+00
-8.962539434432983398e-01,-1.681237339973449707e+00
2.823671996593475342e-01,-2.002370119094848633e+00
-3.255344033241271973e-01,-1.074364542961120605e+00
4.299993515014648438e-01,-4.822083115577697754e-01
8.725581169128417969e-01,-1.491251707077026367e+00
-9.522696733474731445e-01,-1.343483686447143555e+00
8.921540975570678711e-01,-1.482464671134948730e+00
1.223348155617713928e-01,-3.696760892868041992e+00
-9.178543686866760254e-01,-2.282424688339233398e+00
8.454248905181884766e-01,-1.313532471656799316e+00
2.707301378250122070e-01,-1.668218612670898438e+00
-4.573625624179840088e-01,-1.642684817314147949e+00
-1.196455121040344238e+00,-6.470748782157897949e-01
3.321344852447509766e-01,-1.549454569816589355e+00
-4.196132123470306396e-01,-2.748349905014038086e+00
3.299075663089752197e-01,-1.134131550788879395e+00
-5.713837146759033203e-01,-1.465341329574584961e+00
-6.966758966445922852e-01,-1.990029454231262207e+00
-2.002735137939453125e-01,-9.532719850540161133e-01
6.186850070953369141e-01,-9.113464951515197754e-01
1.083061695098876953e+00,-1.976924061775207520e+00
1.912598758935928345e-01,-1.478358030319213867e+00
-3.301856517791748047e-01,-1.069980978965759277e+00
-1.179255604743957520e+00,-1.328895449638366699e+00
1.194400906562805176e+00,-4.864965677261352539e-01
-3.505301237106323242e+00,6.817954778671264648e-01
9.853606224060058594e-01,-1.630849838256835938e+00
-6.100743412971496582e-01,-1.366235136985778809e+00
-5.995670557022094727e-01,-1.686351299285888672e+00
-3.469100892543792725e-01,-2.175463438034057617e+00
-2.952287793159484863e-01,-6.577724218368530273e-01
-9.161136150360107422e-01,-1.779831767082214355e+00
4.804084450006484985e-02,-8.461357951164245605e-01
9.021854996681213379e-01,-1.716260790824890137e+00
1.222452402114868164e+00,-1.361914396286010742e+00
-4.718986153602600098e-02,-4.804353713989257812e-01
7.807451486587524414e-01,-1.011326909065246582e+00
3.959567070007324219e+00,-3.063274860382080078e+00
8.167884945869445801e-01,-2.844705104827880859e+00
1.030157446861267090e+00,-1.332796692848205566e+00
-1.166090488433837891e+00,-4.382774233818054199e-01
-1.188252568244934082e+00,3.521133065223693848e-01
-7.952097058296203613e-01,-1.862626791000366211e+00
9.014782905578613281e-01,-1.073146820068359375e+00
-2.248596191406250000e+00,-1.775569170713424683e-01
6.930702924728393555e-01,-8.261380791664123535e-01
5.948067903518676758e-01,-9.290780425071716309e-01
-7.962985038757324219e-01,-1.343195676803588867e+00
-2.913932085037231445e+00,-1.845040172338485718e-01
9.345174431800842285e-01,-1.492878317832946777e+00
8.487879037857055664e-01,-1.166023969650268555e+00
2.187837362289428711e+00,-3.226246595382690430e+00
-1.336106777191162109e+00,-1.607915043830871582e+00
6.501587033271789551e-01,-3.498835086822509766e+00
-9.804305434226989746e-01,-1.576163411140441895e+00
5.825571417808532715e-01,-4.676558971405029297e+00
2.559066116809844971e-01,-2.886906385421752930e+00
2.645823240280151367e+00,-6.449208736419677734e+00
8.607786893844604492e-01,-1.519001483917236328e+00
-8.422157764434814453e-01,-1.656502246856689453e+00
-9.321728348731994629e-01,-1.715623378753662109e+00
1.098364777863025665e-02,-1.341668844223022461e+00
5.647402256727218628e-03,-1.615511894226074219e+00
-7.692990899085998535e-01,-1.124314904212951660e+00
-1.271680831909179688e+00,-1.830595850944519043e+00
1.255607753992080688e-01,-1.750901818275451660e+00
2.528796911239624023e+00,-4.552484989166259766e+00
9.106511473655700684e-01,-3.006836175918579102e-01
-1.216697931289672852e+00,-1.293187141418457031e+00
1.229199886322021484e+00,-2.616865158081054688e+00
-5.703474879264831543e-01,-1.644086122512817383e+00
2.187837362289428711e+00,-3.226246595382690430e+00
-6.485755443572998047e-01,-1.915190100669860840e+00
-4.400145411491394043e-01,-1.990939974784851074e+00
-1.189753174781799316e+00,-1.240722894668579102e+00
-8.928287625312805176e-01,-1.878000140190124512e+00
-6.242924928665161133e-01,-2.145593166351318359e+00
3.667489290237426758e-01,-4.427788734436035156e+00
-4.373829662799835205e-01,-1.111351251602172852e+00
-1.768252730369567871e+00,-5.782527923583984375e-01
-1.086076259613037109e+00,-1.375263571739196777e+00
-1.540613055229187012e+00,6.917654871940612793e-01
3.627557516098022461e+00,-6.143669605255126953e+00
-6.473096460103988647e-02,-1.474326848983764648e+00
-3.540304601192474365e-01,-6.672055125236511230e-01
-2.506950378417968750e+00,-1.615724861621856689e-01
8.262784481048583984e-01,-1.026637315750122070e+00
-7.808626890182495117e-01,-1.316407680511474609e+00
4.965006113052368164e-01,-7.571621537208557129e-01
6.854855418205261230e-01,-1.697782158851623535e+00
-1.148867964744567871e+00,-1.177255034446716309e+00
-1.799870371818542480e+00,6.306794881820678711e-01
-1.983350157737731934e+00,-4.869459867477416992e-01
9.630424380302429199e-01,-3.085704088211059570e+00
8.610830903053283691e-01,-1.684739828109741211e+00
-1.259621381759643555e+00,-6.606857776641845703e-01
-5.939487218856811523e-01,-1.995428919792175293e+00
9.471785277128219604e-03,-1.753037452697753906e+00
-7.117605209350585938e-01,-1.922602176666259766e+00
7.741236686706542969e-01,-1.071964025497436523e+00
-1.701446890830993652e+00,-7.247445583343505859e-01
4.047782421112060547e-01,-3.486769795417785645e-01
4.463937580585479736e-01,-3.592516899108886719e+00
2.341862618923187256e-01,-1.573258757591247559e+00
-6.635079979896545410e-01,-1.908358931541442871e+00
1.269934058189392090e+00,-2.091521263122558594e+00
-7.682806253433227539e-01,-2.259804487228393555e+00
-4.990096390247344971e-01,-2.467613935470581055e+00
-1.203929424285888672e+00,-1.511654496192932129e+00
1.011181473731994629e+00,-1.972052097320556641e+00
-7.276082038879394531e-01,-1.411954402923583984e+00
-6.903463602066040039e-01,-2.202441215515136719e+00
-7.561551332473754883e-01,-1.475728392601013184e+00
-1.015021920204162598e+00,-2.491891831159591675e-01
3.629579842090606689e-01,-3.476562738418579102e+00
-9.118040204048156738e-01,-1.661832332611083984e+00
-6.666287183761596680e-01,-1.939081907272338867e+00
5.164905637502670288e-02,-8.822640180587768555e-01
-4.496655166149139404e-01,-1.300373792648315430e+00
8.961659669876098633e-01,-1.042725801467895508e+00
-7.402755618095397949e-01,-2.280365228652954102e+00
-1.036898732185363770e+00,-1.474113225936889648e+00
-1.429180502891540527e+00,-6.933833360671997070e-01
-1.479690432548522949e+00,-2.183650732040405273e-01
-5.441084504127502441e-01,8.791159391403198242e-01
-3.626410961151123047e-01,-2.283784389495849609e+00
-1.254258513450622559e+00,-3.312236070632934570e-01
9.570189714431762695e-01,-1.845619082450866699e+00
-1.101688146591186523e+00,-2.081972837448120117e+00
-9.805318117141723633e-01,-1.120393872261047363e+00
7.203405499458312988e-01,-8.382666707038879395e-01
-9.806507080793380737e-02,-1.462160825729370117e+00
-2.764261007308959961e+00,3.629010915756225586e-01
-7.895339131355285645e-01,-1.222611069679260254e+00
-5.900524854660034180e-01,-2.766222715377807617e+00
8.704417943954467773e-01,-9.422971010208129883e-01
-5.751880407333374023e-01,-1.831378459930419922e+00
7.614710927009582520e-01,-9.599038958549499512e-01
7.232375144958496094e-01,-1.158746480941772461e+00
7.596071958541870117e-01,-4.072315096855163574e-01
3.216560482978820801e-01,-1.762530326843261719e+00
-1.734246134757995605e+00,3.080658614635467529e-02
-1.282204836606979370e-01,-7.464153766632080078e-01
-9.349976181983947754e-01,-1.158555626869201660e+00
7.441973090171813965e-01,-1.190800309181213379e+00
-1.127670049667358398e+00,-1.828688502311706543e+00
-5.952637195587158203e-01,-1.930219531059265137e+00
9.528072476387023926e-01,-1.539534449577331543e+00
1.000133633613586426e+00,-1.843118309974670410e+00
1.844521284103393555e+00,-2.713969707489013672e+00
-7.220388054847717285e-01,-2.704474210739135742e+00
-1.824537068605422974e-01,-1.598251819610595703e+00
-2.487963438034057617e-01,-1.745583891868591309e+00
4.684777259826660156e-01,-1.225781083106994629e+00
-1.490240931510925293e+00,-4.029799103736877441e-01
-6.949704885482788086e-01,-2.236297130584716797e+00
-8.252596259117126465e-01,-1.534562826156616211e+00
-1.033734083175659180e+00,-1.216658711433410645e+00
-1.819203615188598633e+00,-4.990781545639038086e-01
-1.370493531227111816e+00,-1.483464956283569336e+00
1.101778268814086914e+00,-2.294524192810058594e+00
-1.038599252700805664e+00,-1.405700564384460449e+00
-5.603557229042053223e-01,-2.026915073394775391e+00
5.652018785476684570e-01,-2.443460941314697266e+00
-1.360274910926818848e+00,-1.259057879447937012e+00
1.048965096473693848e+00,-1.717362642288208008e+00
-6.949704885482788086e-01,-2.236297130584716797e+00
1.063817024230957031e+00,-1.427970647811889648e+00
-8.069272041320800781e-01,-2.232255220413208008e+00
7.276005744934082031e-01,-8.689733147621154785e-01
-1.003456830978393555e+00,-2.154614210128784180e+00
4.244048118591308594e+00,-5.153799057006835938e+00
-1.277953386306762695e-01,-4.146997332572937012e-01
-1.752878069877624512e+00,-8.554154634475708008e-01
1.156584501266479492e+00,-2.149436235427856445e+00
1.136150479316711426e+00,-1.332566142082214355e+00
-9.000353217124938965e-01,-1.763756275177001953e+00
5.007131099700927734e-01,-8.416213393211364746e-01
-3.064419031143188477e+00,7.296131551265716553e-02
-2.568855762481689453e+00,-4.030537009239196777e-01
-1.709556698799133301e+00,4.217019677162170410e-01
-5.791748166084289551e-01,-3.342701196670532227e+00
1.235197544097900391e+00,-3.312005758285522461e+00
-1.028251528739929199e+00,-3.093274831771850586e-01
-3.966035246849060059e-01,-3.548090696334838867e+00
-2.940514385700225830e-01,-7.576204538345336914e-01
-5.617612600326538086e-01,-6.365407705307006836e-01
-1.058975696563720703e+00,-1.398898363113403320e+00
7.399399280548095703e-01,-1.078954577445983887e+00
-1.991076111793518066e+00,3.218760490417480469e-01
-1.337902396917343140e-01,-2.916793107986450195e+00
-7.943848371505737305e-01,-1.494683504104614258e+00
1.687063097953796387e+00,-5.003948688507080078e+00
-1.514039158821105957e+00,-9.560144543647766113e-01
-1.959846913814544678e-01,-9.203527569770812988e-01
-8.820043206214904785e-01,-1.481681466102600098e+00
-9.751598238945007324e-01,-1.509443879127502441e+00
3.373546153306961060e-02,-1.222299098968505859e+00
-2.298713624477386475e-01,-7.962014079093933105e-01
-1.506381630897521973e+00,-7.355081439018249512e-01
7.308647632598876953e-01,-8.380086421966552734e-01
1.302696704864501953e+00,-3.698713064193725586e+00
-1.679118037223815918e+00,-6.291733384132385254e-01
-1.320411086082458496e+00,-2.558505773544311523e+00
-2.278362035751342773e+00,-6.026955842971801758e-01
-7.447173595428466797e-01,-3.179766893386840820e+00
1.451595902442932129e+00,-7.040249109268188477e-01
9.959790706634521484e-01,-1.163445830345153809e+00
-4.404756128787994385e-01,-2.473239183425903320e+00
-1.195948839187622070e+00,-1.326974272727966309e+00
1.196453094482421875e+00,-1.284342527389526367e+00
1.665714502334594727e+00,-8.003737926483154297e-01
-9.964406490325927734e-01,-2.940037727355957031e+00
-1.841319680213928223e+00,-1.962490320205688477e+00
-2.066947460174560547e+00,6.020791530609130859e-01
8.848082423210144043e-01,-1.614202737808227539e+00
-1.022492170333862305e+00,-1.574488162994384766e+00
1.046684570610523224e-02,-1.604795098304748535e+00
9.192345142364501953e-01,-1.285408020019531250e+00
-2.245513677597045898e+00,-6.767249703407287598e-01
8.366465568542480469e-01,-1.068359851837158203e+00
-2.895136475563049316e-01,-8.029947280883789062e-01
-1.781221032142639160e+00,-1.224611401557922363e+00
2.681736946105957031e-01,-2.837341785430908203e+00
-4.531739354133605957e-01,-1.931469321250915527e+00
-3.588282465934753418e-01,-1.140203833580017090e+00
7.067276537418365479e-02,-1.763242125511169434e+00
-8.777058720588684082e-01,-3.070950031280517578e+00
-3.789770007133483887e-01,-8.031409382820129395e-01
7.555693984031677246e-01,-1.885741591453552246e+00
9.048886299133300781e-01,-1.128248929977416992e+00
9.591947197914123535e-01,-1.030873656272888184e+00
8.103649616241455078e-01,-1.946185588836669922e+00
-7.758979201316833496e-01,-1.878659486770629883e+00
8.619899153709411621e-01,-9.778538346290588379e-01
-7.804745435714721680e-01,-1.856241345405578613e+00
1.239031910896301270e+00,-2.360389947891235352e+00
-2.110962152481079102e+00,-5.657684803009033203e-02
-2.142966985702514648e+00,-4.918800592422485352e-01
-1.100386261940002441e+00,-1.436673402786254883e+00
-1.059003114700317383e+00,-1.113164544105529785e+00
3.236872851848602295e-01,-2.242671489715576172e+00
-1.470631361007690430e+00,-6.987482309341430664e-01
-5.021788477897644043e-01,-2.032189846038818359e+00
-1.671978950500488281e+00,-2.044886946678161621e-01
-1.638577699661254883e+00,-3.435916304588317871e-01
8.729603290557861328e-01,-3.492368459701538086e-01
-7.412235736846923828e-01,-2.458074331283569336e+00
9.760243445634841919e-02,-2.040143728256225586e+00
9.058357477188110352e-01,-1.713467121124267578e+00
8.118745684623718262e-01,-1.022837042808532715e+00
1.100370958447456360e-01,-1.043691754341125488e+00
-3.583711385726928711e-01,-3.765689134597778320e-01
-3.659046888351440430e+00,5.690526366233825684e-01
9.797070026397705078e-01,-1.827138423919677734e+00
-1.101688146591186523e+00,-2.081972837448120117e+00
-1.086076259613037109e+00,-1.375263571739196777e+00
-1.672050356864929199e+00,-4.044570326805114746e-01
-7.692990899085998535e-01,-1.124314904212951660e+00
-2.252372741699218750e+00,-5.970925688743591309e-01
-1.047457337379455566e+00,-1.359424471855163574e+00
-5.399314165115356445e-01,-3.022424936294555664e+00
8.961659669876098633e-01,-1.042725801467895508e+00
-2.474621057510375977e+00,1.810319274663925171e-01
6.236777901649475098e-01,-1.078432440757751465e+00
-4.547177255153656006e-01,-5.390120744705200195e-01
-1.647289991378784180e+00,-2.082081139087677002e-01
3.731256127357482910e-01,-1.852694630622863770e+00
6.524612754583358765e-02,-1.774112105369567871e+00
-6.958680152893066406e-01,-1.761413097381591797e+00
-1.701446890830993652e+00,-7.247445583343505859e-01
9.916161298751831055e-01,-1.799817204475402832e+00
8.986179828643798828e-01,-1.952448368072509766e+00
-1.092185378074645996e+00,-1.158412456512451172e+00
-1.124151110649108887e+00,-3.296944856643676758e+00
1.017202019691467285e+00,-2.003396749496459961e+00
1.713758587837219238e+00,-2.525848388671875000e+00
9.335017800331115723e-01,-9.985362887382507324e-01
-1.492189466953277588e-01,-8.506125211715698242e-01
2.532539330422878265e-02,-2.035949707031250000e+00
-2.423108816146850586e-01,-7.097597718238830566e-01
9.201426506042480469e-01,-1.137913346290588379e+00
-3.572194814682006836e+00,3.804767727851867676e-01
-7.412766814231872559e-01,-2.339618682861328125e+00
-7.603960633277893066e-01,-2.560087442398071289e+00
6.863199919462203979e-02,-2.082844257354736328e+00
7.487012147903442383e-01,-1.468807101249694824e+00
3.191540539264678955e-01,-1.851998686790466309e+00
1.021411776542663574e+00,-1.401292443275451660e+00
2.968809127807617188e+00,-6.006614208221435547e+00
-9.578241705894470215e-01,-1.356715202331542969e+00
-1.796685934066772461e+00,-4.039602875709533691e-01
-7.744226455688476562e-01,-1.947586417198181152e+00
2.438719868659973145e-01,-1.838132619857788086e+00
9.227529764175415039e-01,-1.415357351303100586e+00
-3.697564601898193359e-01,-1.172209143638610840e+00
-3.452888131141662598e-01,-1.017731666564941406e+00
1.037687540054321289e+00,-1.271991252899169922e+00
-1.133820295333862305e+00,-1.320638895034790039e+00
-1.187193393707275391e+00,-1.476545095443725586e+00
-1.479690432548522949e+00,-2.183650732040405273e-01
4.125871956348419189e-01,-3.143506765365600586e+00
-1.805055618286132812e+00,-6.098680496215820312e-01
-3.167387247085571289e-01,-6.834315657615661621e-01
5.328164249658584595e-02,-1.504738211631774902e+00
-6.204251646995544434e-01,-1.852026581764221191e+00
-6.042437255382537842e-02,-1.434947371482849121e+00
8.286089301109313965e-01,-1.090737938880920410e+00
1.315725922584533691e+00,-2.107358217239379883e+00
1.419021338224411011e-01,-1.843698382377624512e+00
1.682650893926620483e-01,-1.473998904228210449e+00
-6.748931407928466797e-01,-2.108048677444458008e+00
1.047337055206298828e+00,-1.523119568824768066e+00
1.117563486099243164e+00,-1.660732865333557129e+00
-1.161133885383605957e+00,-3.329972028732299805e-01
2.018260359764099121e-01,-2.059412002563476562e+00
-5.554636120796203613e-01,-1.574549555778503418e+00
-1.100386261940002441e+00,-1.436673402786254883e+00
9.675035476684570312e-01,-1.777915596961975098e+00
9.731724262237548828e-01,-1.725633382797241211e+00
9.407838582992553711e-01,-2.844712734222412109e+00
-2.721636593341827393e-01,-2.296323537826538086e+00
-1.138343334197998047e+00,-1.244523644447326660e+00
-1.085544705390930176e+00,-1.232577562332153320e+00
-4.990096390247344971e-01,-2.467613935470581055e+00
2.072139739990234375e+00,-3.238064527511596680e+00
-3.075626134872436523e+00,6.256300210952758789e-01
-7.396196126937866211e-01,-2.522487163543701172e+00
1.034979581832885742e+00,-1.481441020965576172e+00
7.093871831893920898e-01,-8.998007178306579590e-01
-1.159740209579467773e+00,-9.700935482978820801e-01
4.087242186069488525e-01,-7.765917778015136719e-01
-1.686863541603088379e+00,-4.673768281936645508e-01
9.657297134399414062e-01,-7.997856140136718750e-01
-4.766256511211395264e-01,-5.302360057830810547e-01
8.257765769958496094e-01,-1.869152665138244629e+00
-1.766456723213195801e+00,-5.410150885581970215e-01
-9.055531620979309082e-01,-1.429356455802917480e+00
-1.047457337379455566e+00,-1.359424471855163574e+00
1.364917457103729248e-01,-1.346147537231445312e+00
8.701925873756408691e-01,-1.069352149963378906e+00
2.159771919250488281e-01,-1.556764245033264160e+00
7.537155747413635254e-01,-2.478494167327880859e+00
-7.511820197105407715e-01,-1.804910659790039062e+00
4.797989130020141602e-01,-8.542139530181884766e-01
-3.085139095783233643e-01,-1.048710346221923828e+00
1.046684570610523224e-02,-1.604795098304748535e+00
6.235685944557189941e-01,-6.502793431282043457e-01
-6.627066731452941895e-01,-2.155534029006958008e+00
9.416241645812988281e-01,-1.527845263481140137e+00
1.017202019691467285e+00,-2.003396749496459961e+00
-4.243880510330200195e-01,-2.015267372131347656e+00
-2.888523042201995850e-01,-1.582247376441955566e+00
9.563933610916137695e-01,-1.272503852844238281e+00
-5.760362148284912109e-01,-1.397434949874877930e+00
2.416122436523437500e+00,-4.292009353637695312e+00
-5.826395750045776367e-01,-1.339135766029357910e+00
1.400012016296386719e+00,-7.646527886390686035e-01
-7.652284502983093262e-01,-1.577908396720886230e+00
8.459939956665039062e-01,-1.148657679557800293e+00
-3.559268116950988770e-01,-6.397725343704223633e-01
-6.218711733818054199e-01,4.314651489257812500e-01
1.799444556236267090e-01,-1.973184227943420410e+00
-5.749861001968383789e-01,-2.132714748382568359e+00
-8.513651490211486816e-01,-2.413311481475830078e+00
8.595137596130371094e-01,-2.948693513870239258e+00
-5.073497891426086426e-01,-2.175417184829711914e+00
-1.335333228111267090e+00,-5.085081458091735840e-01
8.893492817878723145e-01,-1.674292802810668945e+00
-8.632322549819946289e-01,-1.381547808647155762e+00
-1.477019906044006348e+00,-3.806256055831909180e-01
-6.795929074287414551e-01,-1.939611077308654785e+00
8.556529283523559570e-01,-1.248529791831970215e+00
8.114401102066040039e-01,-1.029418587684631348e+00
-1.894121050834655762e+00,-7.304555773735046387e-01
-7.980451583862304688e-01,-2.213264465332031250e+00
8.149529099464416504e-01,-1.461675405502319336e+00
-7.872678637504577637e-01,-2.231688737869262695e+00
1.092309832572937012e+00,-2.933744907379150391e+00
-1.690243840217590332e+00,-1.964369416236877441e+00
9.857194423675537109e-01,-1.769758820533752441e+00
-8.252596259117126465e-01,-1.534562826156616211e+00
8.353596925735473633e-01,-3.607061624526977539e+00
2.488740682601928711e+00,-4.896820545196533203e+00
-1.830726563930511475e-01,-5.980319976806640625e-01
6.148796081542968750e-01,-8.701735138893127441e-01
-8.337512016296386719e-01,-1.865473628044128418e+00
8.824471831321716309e-01,-1.914871692657470703e+00
7.176038026809692383e-01,-8.843528032302856445e-01
-1.428298354148864746e-01,-6.897222399711608887e-01
1.162901520729064941e+00,-4.268258094787597656e+00
-3.517028689384460449e-01,-2.287274599075317383e+00
-2.311754673719406128e-01,-1.561531305313110352e+00
-8.685333728790283203e-01,-2.236500263214111328e+00
4.493593573570251465e-01,-2.250388383865356445e+00
3.736568391323089600e-01,-1.798591494560241699e+00
3.950392603874206543e-01,-2.520841836929321289e+00
-1.362852931022644043e+00,-6.193738579750061035e-01
-5.258628129959106445e-01,-1.478768706321716309e+00
-6.778146624565124512e-01,-2.419771671295166016e+00
9.696689248085021973e-02,-6.895371079444885254e-01
-4.750647544860839844e-01,-2.516789436340332031e+00
-1.771592259407043457e+00,-3.525348901748657227e-01
-4.789054393768310547e-01,-2.766902446746826172e+00
-5.937970280647277832e-01,-2.148847341537475586e+00
-1.454922854900360107e-01,-1.067674517631530762e+00
9.683755040168762207e-01,-6.356523036956787109e-01
-1.192632555961608887e+00,-5.364562273025512695e-01
9.706954360008239746e-01,-1.655844330787658691e+00
-7.003509402275085449e-01,-2.334697246551513672e+00
-1.853063941001892090e+00,5.402594804763793945e-01
1.299643963575363159e-01,-2.357491016387939453e+00
-6.962605714797973633e-01,-2.077631235122680664e+00
-8.697288632392883301e-01,-1.561236381530761719e+00
1.088580727577209473e+00,-1.991340279579162598e+00
-7.731660604476928711e-01,-1.500757932662963867e+00
5.310375094413757324e-01,-5.418676137924194336e-01
-4.496655166149139404e-01,-1.300373792648315430e+00
-6.952268481254577637e-01,-2.188250303268432617e+00
7.190668582916259766e-01,-5.694693922996520996e-01
-7.807285785675048828e-01,-1.994205713272094727e+00
-1.744910001754760742e+00,2.208246737718582153e-01
-1.830797553062438965e+00,-4.097113013267517090e-01
8.404576778411865234e-01,-9.072653651237487793e-01
3.959567070007324219e+00,-3.063274860382080078e+00
-1.302949905395507812e+00,-1.427082180976867676e+00
7.280924320220947266e-01,-1.338084578514099121e+00
-9.543148279190063477e-01,-1.182601332664489746e+00
-1.245867490768432617e+00,-2.735203266143798828e+00
-8.441117405891418457e-01,-1.410143613815307617e+00
8.243010938167572021e-02,-2.302448272705078125e+00
3.481022119522094727e+00,-5.563331127166748047e+00
-1.147394418716430664e+00,-1.784208774566650391e+00
-4.269029200077056885e-01,-1.909302711486816406e+00
-6.308357715606689453e-01,-6.980472207069396973e-01
-1.706884980201721191e+00,-3.069279193878173828e-01
-2.347664356231689453e+00,-7.287098169326782227e-01
2.281489074230194092e-01,-5.743529200553894043e-01
-6.606637835502624512e-01,-1.871997475624084473e+00
-7.416164278984069824e-01,-1.991600275039672852e+00
-6.696996688842773438e-01,-2.357382774353027344e+00
2.383275508880615234e+00,-5.798916339874267578e+00
9.528072476387023926e-01,-1.539534449577331543e+00
-6.304880380630493164e-01,-1.947199940681457520e+00
-4.262813329696655273e-01,-1.639678716659545898e+00
-2.848267316818237305e+00,5.401121377944946289e-01
-2.145909667015075684e-01,-7.992864251136779785e-01
-3.064419031143188477e+00,7.296131551265716553e-02
-6.437116861343383789e-01,-2.251422643661499023e+00
-1.742558479309082031e+00,-3.607479929924011230e-01
1.445556998252868652e+00,-7.152948975563049316e-01
-5.102923512458801270e-02,-1.840687632560729980e+00
-8.927507400512695312e-01,-1.119968771934509277e+00
-9.124998748302459717e-02,-1.887439787387847900e-01
-2.639714717864990234e+00,1.946118474006652832e+00
-8.192561268806457520e-01,-2.191542863845825195e+00
1.060828089714050293e+00,-1.353718161582946777e+00
-8.128414750099182129e-01,-2.321234464645385742e+00
5.763629078865051270e-01,-3.617207765579223633e+00
8.406166434288024902e-01,-1.042768001556396484e+00
9.395450949668884277e-01,-1.144502639770507812e+00
-5.782716870307922363e-01,-3.171121478080749512e-01
1.851538300514221191e+00,-1.808150172233581543e+00
-5.681564211845397949e-01,-2.673314332962036133e+00
2.039008378982543945e+00,-3.420358180999755859e+00
-1.271615982055664062e+00,-2.741052508354187012e-01
8.584879636764526367e-01,-9.653983712196350098e-01
-1.619341135025024414e+00,-3.837493062019348145e-01
-3.492393493652343750e-01,-1.228521823883056641e+00
-7.337384223937988281e-01,-1.408362030982971191e+00
6.210939884185791016e-01,-8.077259659767150879e-01
2.948879003524780273e-01,-2.350422859191894531e+00
-1.202851653099060059e+00,-1.498357295989990234e+00
-6.299153566360473633e-01,-1.672263145446777344e+00
-1.370493531227111816e+00,-1.483464956283569336e+00
-7.342608571052551270e-01,-1.837671518325805664e+00
-7.581073641777038574e-01,-1.273505091667175293e+00
-6.437116861343383789e-01,-2.251422643661499023e+00
-1.750939130783081055e+00,-6.580723524093627930e-01
-7.337384223937988281e-01,-1.408362030982971191e+00
-1.058824658393859863e+00,-1.544582128524780273e+00
2.614840269088745117e+00,-2.468625783920288086e+00
-8.967678546905517578e-01,-1.368122458457946777e+00
6.304045319557189941e-01,-7.965218424797058105e-01
-1.665090322494506836e+00,-8.698822855949401855e-01
9.759244322776794434e-01,-1.016747832298278809e+00
-1.649215221405029297e+00,-2.869379222393035889e-01
7.599999904632568359e-01,-1.672946572303771973e+00
-2.201045513153076172e+00,-7.242421507835388184e-01
8.404995799064636230e-01,-1.036984205245971680e+00
-6.829211711883544922e-01,-2.084805965423583984e+00
1.114451646804809570e+00,-1.860834002494812012e+00
-8.676581382751464844e-01,-2.000308275222778320e+00
-2.271038293838500977e+00,2.454017102718353271e-02
8.382741212844848633e-01,-1.234690070152282715e+00
-3.384228944778442383e-01,-1.041745066642761230e+00
5.792620778083801270e-01,-7.405502796173095703e-01
-9.118040204048156738e-01,-1.661832332611083984e+00
-3.045615851879119873e-01,-1.742822289466857910e+00
4.605179131031036377e-01,-1.932664215564727783e-01
1.048443913459777832e+00,-1.941481590270996094e+00
-9.712956547737121582e-01,-1.080947279930114746e+00
1.008949875831604004e+00,-1.130695700645446777e+00
9.371526241302490234e-01,-1.142895460128784180e+00
7.566378116607666016e-01,-1.966166734695434570e+00
1.083061695098876953e+00,-1.976924061775207520e+00
1.713758587837219238e+00,-2.525848388671875000e+00
-9.205117225646972656e-01,-2.330043077468872070e+00
-1.511972069740295410e+00,-7.950761914253234863e-01
-7.264319807291030884e-02,-3.446244955062866211e+00
-8.938627839088439941e-01,-3.590804934501647949e-01
-7.895339131355285645e-01,-1.222611069679260254e+00
-1.083926677703857422e+00,-1.631490111351013184e+00
-7.262644171714782715e-01,-1.441588521003723145e+00
-1.063161194324493408e-01,-5.400083065032958984e-01
-8.649733662605285645e-02,-6.302126049995422363e-01
5.216431617736816406e-01,-3.528087615966796875e+00
-1.085960030555725098e+00,-2.427137613296508789e+00
-4.236150264739990234e+00,4.590234756469726562e+00
-4.517247080802917480e-01,-2.191728353500366211e+00
-1.294011592864990234e+00,-3.701693415641784668e-01
-3.633941173553466797e+00,-6.803483963012695312e-01
-5.410928726196289062e-01,-1.938346743583679199e+00
-1.501010179519653320e+00,-8.152388334274291992e-01
5.721481442451477051e-01,-1.314771175384521484e+00
-8.123628497123718262e-01,-2.040661811828613281e+00
-1.028656482696533203e+00,-1.286504983901977539e+00
-5.806968688964843750e+00,3.553558111190795898e+00
-1.272223234176635742e+00,-3.317058086395263672e-01
-1.129104256629943848e+00,-1.163691043853759766e+00
-1.003797888755798340e+00,-2.331578016281127930e+00
-1.019027471542358398e+00,-1.167098641395568848e+00
1.520239710807800293e-01,-1.430126667022705078e+00
-1.138917207717895508e+00,-1.630208969116210938e+00
9.569363594055175781e-01,-1.776396870613098145e+00
1.665359020233154297e+00,-2.767319202423095703e+00
-7.981435060501098633e-01,-2.118526697158813477e+00
3.475500345230102539e+00,-4.914102077484130859e+00
1.112605452537536621e+00,-2.339100837707519531e+00
8.482828140258789062e-01,-1.316578984260559082e+00
3.548288345336914062e-01,-4.099341869354248047e+00
9.062935709953308105e-01,-1.504900574684143066e+00
-8.351148962974548340e-01,-2.365571022033691406e+00
8.542941808700561523e-01,-7.758941054344177246e-01
1.221748948097229004e+00,-6.012520194053649902e-01
1.140809774398803711e+00,-2.693195104598999023e+00
-1.475160956382751465e+00,-5.380095839500427246e-01
-2.587177157402038574e-01,-1.836281895637512207e+00
-3.075626134872436523e+00,6.256300210952758789e-01
-7.244837880134582520e-01,-2.713328838348388672e+00
-5.335210561752319336e-01,-1.859135925769805908e-01
-2.283941358327865601e-01,-9.518114924430847168e-01
-1.565045416355133057e-01,-1.085310101509094238e+00
-2.236274242401123047e+00,1.153100490570068359e+00
2.148114144802093506e-01,-6.184993386268615723e-01
-7.448452115058898926e-01,-1.516694545745849609e+00
-4.185260236263275146e-01,-1.643248081207275391e+00
1.037344455718994141e+00,-1.993745446205139160e+00
-1.697949767112731934e-01,-6.832880973815917969e-01
-2.476814836263656616e-01,-1.181045174598693848e+00
-3.776378929615020752e-01,-1.030563831329345703e+00
-1.457237005233764648e+00,6.091474294662475586e-01
-2.334242582321166992e+00,-7.285374402999877930e-01
9.154609441757202148e-01,-1.110412359237670898e+00
-7.396196126937866211e-01,-2.522487163543701172e+00
8.868421316146850586e-01,-2.104933977127075195e+00
-2.726525068283081055e-01,-3.258309125900268555e+00
9.450964927673339844e-01,-1.286458849906921387e+00
-1.273310780525207520e+00,-1.426735877990722656e+00
-6.902164220809936523e-01,-2.033184766769409180e+00
9.392244219779968262e-01,-1.595803618431091309e+00
1.021411776542663574e+00,-1.401292443275451660e+00
1.907198548316955566e+00,-3.758816480636596680e+00
-4.381653070449829102e-01,-8.934350609779357910e-01
-1.568131327629089355e+00,-4.735673666000366211e-01
-2.131139993667602539e+00,-1.761205494403839111e-01
-9.305449128150939941e-01,-1.569339990615844727e+00
-1.402454376220703125e+00,-2.355177253484725952e-01
1.140411376953125000e+00,-1.452018141746520996e+00
-6.795929074287414551e-01,-1.939611077308654785e+00
6.667484045028686523e-01,-5.246981382369995117e-01
-1.634443551301956177e-01,-8.984763026237487793e-01
-1.540597081184387207e+00,6.051852107048034668e-01
-5.244075655937194824e-01,-3.682274103164672852e+00
1.213642731308937073e-01,-1.899416208267211914e+00
-7.879233956336975098e-01,-1.946178674697875977e+00
4.488235950469970703e+00,-4.406250953674316406e+00
1.119285583496093750e+00,-1.586703538894653320e+00
-1.364852637052536011e-01,-1.841889142990112305e+00
1.166345953941345215e+00,-1.646381735801696777e+00
2.114598512649536133e+00,-3.043515682220458984e+00
9.897494316101074219e-01,-1.249727368354797363e+00
-1.454203605651855469e+00,-4.478900432586669922e-01
3.241634845733642578e+00,-6.134659290313720703e+00
9.036453813314437866e-02,-2.833229780197143555e+00
-5.613182783126831055e-01,-1.404877781867980957e+00
-1.179255604743957520e+00,-1.328895449638366699e+00
6.078541874885559082e-01,-2.490320682525634766e+00
-3.583711385726928711e-01,-3.765689134597778320e-01
5.551800131797790527e-01,-1.958075165748596191e+00
9.254368543624877930e-01,-1.397232413291931152e+00
-1.064046382904052734e+00,-3.460534214973449707e-01
-1.971056222915649414e+00,8.581543564796447754e-01
4.457177519798278809e-01,-1.961457490921020508e+00
-1.149907827377319336e+00,-1.787530541419982910e+00
1.682650893926620483e-01,-1.473998904228210449e+00
3.434684872627258301e-01,-8.356930613517761230e-01
-2.835124015808105469e+00,9.852467179298400879e-01
-1.542369604110717773e+00,6.635535955429077148e-01
5.425996780395507812e-01,-8.671610951423645020e-01
-1.003456830978393555e+00,-2.154614210128784180e+00
1.156642794609069824e+00,-3.231669187545776367e+00
3.576562404632568359e-01,-2.357047319412231445e+00
-7.463822364807128906e-01,-1.921546578407287598e+00
-1.708016991615295410e+00,-2.052524566650390625e+00
9.261592030525207520e-01,-8.180552124977111816e-01
1.302175074815750122e-01,-2.243905305862426758e+00
9.696689248085021973e-02,-6.895371079444885254e-01
-5.852951407432556152e-01,-1.530812025070190430e+00
9.909266233444213867e-01,-1.432981610298156738e+00
-2.329434603452682495e-01,-1.434258103370666504e+00
1.184890866279602051e+00,-6.089426875114440918e-01
-1.006445646286010742e+00,-1.767623901367187500e+00
7.131586670875549316e-01,-1.178989291191101074e+00
-1.040465831756591797e+00,-2.307197004556655884e-01
-1.768354892730712891e+00,-1.204231619834899902e+00
7.400037050247192383e-01,-1.685869097709655762e+00
-1.188769936561584473e+00,-1.878131270408630371e+00
4.159476161003112793e-01,-9.419987797737121582e-01
7.614710927009582520e-01,-9.599038958549499512e-01
-3.999905660748481750e-02,-3.905889987945556641e-01
-1.809431791305541992e+00,-1.262664645910263062e-01
6.633307933807373047e-01,-8.877626657485961914e-01
3.757560968399047852e+00,-4.154199123382568359e+00
-2.202261388301849365e-01,-1.217841982841491699e+00
-1.607417821884155273e+00,-8.827240467071533203e-01
-6.450267434120178223e-01,-1.432355999946594238e+00
-1.722954213619232178e-01,-1.625063538551330566e+00
4.451364874839782715e-01,-3.005413532257080078e+00
1.589556634426116943e-01,-2.074749708175659180e+00
-1.092185378074645996e+00,-1.158412456512451172e+00
-8.308913707733154297e-01,-1.271706819534301758e+00
9.918721914291381836e-01,-1.399620771408081055e+00
7.770308256149291992e-01,-9.191617369651794434e-01
6.588167548179626465e-01,-2.760878086090087891e+00
8.459939956665039062e-01,-1.148657679557800293e+00
-4.651368856430053711e-01,-7.064124941825866699e-01
-6.823571920394897461e-01,-1.891275286674499512e+00
-1.486707806587219238e+00,-5.487937927246093750e-01
1.213961616158485413e-01,-1.521346688270568848e+00
-1.045377612113952637e+00,-1.412922739982604980e+00
1.558171510696411133e-01,-1.438737511634826660e+00
-2.002735137939453125e-01,-9.532719850540161133e-01
-5.189036130905151367e-01,-1.500409603118896484e+00
-4.594473540782928467e-01,-1.808814287185668945e+00
2.142539978027343750e+00,-3.556612253189086914e+00
-3.098621368408203125e-01,-1.514753699302673340e+00
-1.282204836606979370e-01,-7.464153766632080078e-01
8.149529099464416504e-01,-1.461675405502319336e+00
1.064580321311950684e+00,-1.976466417312622070e+00
-8.803382515907287598e-01,-1.709844231605529785e+00
2.281489074230194092e-01,-5.743529200553894043e-01
-1.360816240310668945e+00,-4.090768694877624512e-01
-3.151340007781982422e+00,4.881578087806701660e-01
-6.817339062690734863e-01,-1.973466038703918457e+00
-1.448708176612854004e+00,-5.136105418205261230e-01
-3.483019173145294189e-01,-9.881167411804199219e-01
-5.101394057273864746e-01,-2.547667741775512695e+00
-1.799870371818542480e+00,6.306794881820678711e-01
-1.492872834205627441e+00,-5.717439055442810059e-01
-5.229564905166625977e-01,-1.317139387130737305e+00
8.114401102066040039e-01,-1.029418587684631348e+00
-9.245798587799072266e-01,-1.938129782676696777e+00
5.315022915601730347e-02,-1.583946228027343750e+00
4.768288135528564453e-01,-1.574673295021057129e+00
2.282247304916381836e+00,-3.766282796859741211e-01
9.371526241302490234e-01,-1.142895460128784180e+00
-6.473096460103988647e-02,-1.474326848983764648e+00
9.820248484611511230e-01,-1.273231983184814453e+00
1.632387191057205200e-01,-1.661133170127868652e+00
9.349610805511474609e-01,-1.517888069152832031e+00
8.975118398666381836e-01,-1.535393118858337402e+00
9.901142120361328125e-01,-1.626165270805358887e+00
3.641910851001739502e-01,-2.798029184341430664e+00
-2.855288982391357422e+00,-3.106173276901245117e-01
3.373546153306961060e-02,-1.222299098968505859e+00
-8.207765817642211914e-01,-1.468839406967163086e+00
3.241634845733642578e+00,-6.134659290313720703e+00
1.038966655731201172e+00,-1.271775603294372559e+00
-6.804323196411132812e-01,-2.713273763656616211e+00
8.359898328781127930e-01,-7.882435917854309082e-01
9.118547439575195312e-01,-1.378827691078186035e+00
-3.040795087814331055e+00,7.819438576698303223e-01
-4.362429678440093994e-01,-6.162759661674499512e-01
-5.171751379966735840e-01,-3.120969772338867188e+00
-1.195948839187622070e+00,-1.326974272727966309e+00
-6.696996688842773438e-01,-2.357382774353027344e+00
-6.545478701591491699e-01,-1.982862353324890137e+00
-7.181631922721862793e-01,-1.196397781372070312e+00
4.706427156925201416e-01,-3.840882539749145508e+00
-1.754872560501098633e+00,-7.067978382110595703e-01
-3.532634079456329346e-01,-1.828682541847229004e+00
-6.912229061126708984e-01,-1.663970589637756348e+00
1.428070187568664551e+00,-2.859924793243408203e+00
-5.130836367607116699e-01,-7.476704120635986328e-01
-6.397923231124877930e-01,-1.810109376907348633e+00
-6.555156111717224121e-01,-1.665585160255432129e+00
-6.925715208053588867e-01,-1.774827122688293457e+00
-1.437302470207214355e+00,-4.731656312942504883e-01
9.725860953330993652e-01,-1.377974629402160645e+00
-1.521949410438537598e+00,4.889549612998962402e-01
8.276757001876831055e-01,-8.257583975791931152e-01
5.389317274093627930e-01,-1.040996074676513672e+00
-1.374517202377319336e+00,-2.609109401702880859e+00
-2.407453536987304688e+00,-8.063078522682189941e-01
-1.809431791305541992e+00,-1.262664645910263062e-01
-8.319660425186157227e-01,-2.390546798706054688e+00
-3.424419403076171875e+00,-8.175110816955566406e-02
2.490766346454620361e-01,-1.682861208915710449e+00
-9.813110530376434326e-02,-1.864449858665466309e+00
1.179853796958923340e+00,-2.030166149139404297e+00
-2.302221536636352539e+00,4.104540944099426270e-01
8.834517002105712891e-01,-1.588873744010925293e+00
2.753308296203613281e+00,-3.119582414627075195e+00
7.561355829238891602e-01,-8.364489674568176270e-01
-2.156247615814208984e+00,-3.836050033569335938e-01
-1.153104186058044434e+00,-1.938729763031005859e+00
2.148114144802093506e-01,-6.184993386268615723e-01
1.112957119941711426e+00,-1.739529013633728027e+00
-8.255988955497741699e-01,-2.155788421630859375e+00
9.842779636383056641e-01,-1.708398580551147461e+00
7.292804121971130371e-01,-8.910811543464660645e-01
-5.998215675354003906e-01,-1.873790740966796875e+00
-3.078258335590362549e-01,-1.514949440956115723e+00
-6.057964563369750977e-01,-1.396501064300537109e-01
-2.461309194564819336e+00,3.408733606338500977e-01
4.109760284423828125e+00,-6.070736408233642578e+00
-8.979245424270629883e-01,-1.880456924438476562e+00
9.201426506042480469e-01,-1.137913346290588379e+00
8.257765769958496094e-01,-1.869152665138244629e+00
-1.371248960494995117e+00,-7.278349399566650391e-01
-7.788454890251159668e-01,-1.975484251976013184e+00
-2.191592693328857422e+00,1.628973633050918579e-01
2.559066116809844971e-01,-2.886906385421752930e+00
-1.828578710556030273e-01,-1.579079985618591309e+00
-8.881458044052124023e-01,-1.281690120697021484e+00
-6.903463602066040039e-01,-2.202441215515136719e+00
-5.387743711471557617e-01,-1.700689673423767090e+00
9.182588458061218262e-01,-1.206623196601867676e+00
-7.744226455688476562e-01,-1.947586417198181152e+00
2.818852424621582031e+00,-3.789460897445678711e+00
1.856011867523193359e+00,-3.414847373962402344e+00
7.325956821441650391e-01,-1.227878332138061523e+00
1.008195042610168457e+00,-1.303516030311584473e+00
-8.575067520141601562e-01,-2.400543689727783203e+00
-2.737815678119659424e-01,-2.019857883453369141e+00
-2.687473297119140625e+00,1.002567112445831299e-01
7.892812490463256836e-01,-6.580477356910705566e-01
-7.003509402275085449e-01,-2.334697246551513672e+00
-2.150439977645874023e+00,3.949978947639465332e-01
1.140809774398803711e+00,-2.693195104598999023e+00
-6.759297251701354980e-01,-1.208147883415222168e+00
-1.028251528739929199e+00,-3.093274831771850586e-01
7.225041389465332031e-01,-8.639377355575561523e-01
-9.531560540199279785e-01,-1.322485566139221191e+00
-7.356727123260498047e-01,-1.791621923446655273e+00
-9.569754600524902344e-01,-1.310889720916748047e+00
-1.511397004127502441e+00,-4.535877108573913574e-01
-7.070875167846679688e-01,-1.900704264640808105e+00
-2.499126195907592773e+00,-5.330481529235839844e-01
9.643902778625488281e-01,-1.113895535469055176e+00
-9.185215234756469727e-01,-2.415266036987304688e+00
4.296931743621826172e+00,-3.840909242630004883e+00
-9.574937820434570312e-01,-1.483737587928771973e+00
7.892812490463256836e-01,-6.580477356910705566e-01
9.118547439575195312e-01,-1.378827691078186035e+00
-8.028952479362487793e-01,-2.043178796768188477e+00
8.431184291839599609e-01,-1.467363715171813965e+00
9.379166364669799805e-01,-1.150080204010009766e+00
1.822057723999023438e+00,-3.716607332229614258e+00
6.794525384902954102e-01,-1.115044355392456055e+00
1.023189783096313477e+00,-1.944946408271789551e+00
1.067694902420043945e+00,-1.514945626258850098e+00
1.074760675430297852e+00,-1.674110054969787598e+00
4.664034247398376465e-01,-1.422637820243835449e+00
-1.083926677703857422e+00,-1.631490111351013184e+00
1.114451646804809570e+00,-1.860834002494812012e+00
-4.228346049785614014e-01,-1.965604066848754883e+00
9.297561049461364746e-01,-2.529566526412963867e+00
-6.259436011314392090e-01,-1.695847272872924805e+00
-1.442689776420593262e+00,-8.218883872032165527e-01
-1.866795301437377930e+00,6.980203986167907715e-01
1.084797263145446777e+00,-1.885510206222534180e+00
-2.980958521366119385e-01,-1.201027870178222656e+00
-5.270074605941772461e-01,-4.906262755393981934e-01
-1.615014076232910156e+00,-4.424068927764892578e-01
-8.881458044052124023e-01,-1.281690120697021484e+00
1.117232322692871094e+00,-2.315098047256469727e+00
-6.849760413169860840e-01,-1.627109527587890625e+00
7.847963571548461914e-01,-9.383875727653503418e-01
7.637281417846679688e-01,-1.423127055168151855e+00
8.103649616241455078e-01,-1.946185588836669922e+00
-3.040795087814331055e+00,7.819438576698303223e-01
-6.572538614273071289e-01,-2.259575128555297852e+00
-1.519199132919311523e+00,2.498655766248703003e-01
3.292547166347503662e-01,-1.835388064384460449e+00
6.825938820838928223e-01,-5.149583816528320312e-01
-1.381444692611694336e+00,-1.157073020935058594e+00
-2.205376386642456055e+00,-6.677683591842651367e-01
1.022642850875854492e+00,-1.260460615158081055e+00
-1.959232687950134277e+00,6.361637115478515625e-01
1.022642850875854492e+00,-1.260460615158081055e+00
9.433086514472961426e-01,-1.546794056892395020e+00
8.735414743423461914e-01,-1.404949188232421875e+00
9.042783379554748535e-01,-1.433878421783447266e+00
-1.047998070716857910e+00,-1.388345122337341309e+00
1.653026044368743896e-01,-1.500376582145690918e+00
-5.158376693725585938e-01,-1.566392540931701660e+00
-3.327231884002685547e+00,9.245024323463439941e-01
-5.698323845863342285e-01,-1.782551884651184082e+00
-6.774792075157165527e-01,-1.908064484596252441e+00
1.386050283908843994e-01,-1.743392586708068848e+00
1.632387191057205200e-01,-1.661133170127868652e+00
1.687063097953796387e+00,-5.003948688507080078e+00
-6.042437255382537842e-02,-1.434947371482849121e+00
-1.676193237304687500e+00,-4.684672951698303223e-01
6.635876893997192383e-01,-3.541342258453369141e+00
1.698503345251083374e-01,-8.920606970787048340e-01
9.821782708168029785e-01,-1.295982480049133301e+00
-4.803697764873504639e-01,-6.389039754867553711e-01
1.119285583496093750e+00,-1.586703538894653320e+00
-2.237737655639648438e+00,3.396613001823425293e-01
-1.188252568244934082e+00,3.521133065223693848e-01
-1.104544997215270996e+00,-1.504015207290649414e+00
-9.659146070480346680e-01,-1.456683754920959473e+00
9.099010229110717773e-01,-1.686269164085388184e+00
-6.519899964332580566e-01,-2.050016403198242188e+00
-7.145345211029052734e-01,-2.128524303436279297e+00
-1.236091494560241699e+00,-1.184597134590148926e+00
1.196453094482421875e+00,-1.284342527389526367e+00
1.041984409093856812e-01,-1.930274128913879395e+00
1.541444957256317139e-01,-2.420979499816894531e+00
-1.521949410438537598e+00,4.889549612998962402e-01
-1.085960030555725098e+00,-2.427137613296508789e+00
8.599922060966491699e-02,-1.561080455780029297e+00
-9.569683074951171875e-01,-1.236311316490173340e+00
3.612576723098754883e+00,-4.046930313110351562e+00
-2.475459814071655273e+00,-5.342156887054443359e-01
-1.035891652107238770e+00,-1.339317917823791504e+00
-7.957527041435241699e-01,-2.332092046737670898e+00
-3.910043835639953613e-01,-6.859646439552307129e-01
4.289479553699493408e-01,-6.171981692314147949e-01
7.311044931411743164e-01,-1.455342411994934082e+00
3.434976577758789062e+00,-3.466471195220947266e+00
-6.804323196411132812e-01,-2.713273763656616211e+00
-1.135696053504943848e+00,-1.221773743629455566e+00
-2.456871986389160156e+00,4.723231792449951172e-01
3.181014955043792725e-01,-3.511634469032287598e-01
1.002106547355651855e+00,-1.912652611732482910e+00
3.901994824409484863e-01,-3.183218955993652344e+00
1.139659166336059570e+00,-1.287946701049804688e+00
-1.559132456779479980e+00,-6.075566411018371582e-01
-9.346312880516052246e-01,-2.194047451019287109e+00
-1.641883969306945801e+00,-2.636907577514648438e+00
-2.311754673719406128e-01,-1.561531305313110352e+00
4.586491882801055908e-01,-1.559783577919006348e+00
-1.115074872970581055e+00,-1.230592608451843262e+00
-9.271677136421203613e-01,-2.161000251770019531e+00
-1.279613494873046875e+00,-2.412403374910354614e-01
-7.662598490715026855e-01,-1.577406644821166992e+00
6.501587033271789551e-01,-3.498835086822509766e+00
2.593166530132293701e-01,-7.379817962646484375e+00
7.684414982795715332e-01,-5.740807652473449707e-01
5.279518961906433105e-01,-2.467902898788452148e+00
-8.058834671974182129e-01,-2.054225921630859375e+00
8.958333730697631836e-01,-2.583658695220947266e+00
1.140411376953125000e+00,-1.452018141746520996e+00
3.894799053668975830e-01,-8.922606110572814941e-01
8.599922060966491699e-02,-1.561080455780029297e+00
-1.184087753295898438e+00,-3.166215181350708008e+00
7.591666579246520996e-01,-9.684109687805175781e-01
-4.192952811717987061e-01,-1.926407933235168457e+00
-8.482454419136047363e-01,-2.306910753250122070e+00
-2.821205258369445801e-01,-1.961955666542053223e+00
-1.290040254592895508e+00,-2.773333311080932617e+00
-9.569754600524902344e-01,-1.310889720916748047e+00
3.262225091457366943e-01,-3.595330715179443359e-01
-4.162406325340270996e-01,-2.011994123458862305e+00
7.079982757568359375e-01,-3.457637071609497070e+00
-1.111944437026977539e+00,-3.213548064231872559e-01
-4.551183581352233887e-01,-1.658195972442626953e+00
-7.976733446121215820e-01,-1.260167360305786133e+00
-1.271615982055664062e+00,-2.741052508354187012e-01
-1.346656322479248047e+00,-5.918685793876647949e-01
2.450594305992126465e-01,-2.352422475814819336e+00
8.877723813056945801e-01,-1.507669329643249512e+00
-4.061264395713806152e-01,-2.061579704284667969e+00
-2.245513677597045898e+00,-6.767249703407287598e-01
-1.335333228111267090e+00,-5.085081458091735840e-01
9.208073616027832031e-01,-9.655274748802185059e-01
-4.651368856430053711e-01,-7.064124941825866699e-01
8.982744812965393066e-01,-1.428445458412170410e+00
1.494682282209396362e-01,-1.471420288085937500e+00
-8.696121573448181152e-01,-2.033265829086303711e+00
-7.603960633277893066e-01,-2.560087442398071289e+00
-1.539925813674926758e+00,-1.447108238935470581e-01
-7.705154418945312500e-01,-1.168090939521789551e+00
7.768929004669189453e-01,-8.914636969566345215e-01
-2.254511833190917969e+00,1.087260603904724121e+00
-7.393902540206909180e-01,-2.210686206817626953e+00
9.054207801818847656e-01,-2.246251404285430908e-01
-5.441084504127502441e-01,8.791159391403198242e-01
-1.321085333824157715e+00,-7.167205214500427246e-01
2.519095540046691895e-01,-3.060270309448242188e+00
3.612576723098754883e+00,-4.046930313110351562e+00
-7.233159542083740234e-01,-1.125579357147216797e+00
-8.472118526697158813e-02,-1.883878827095031738e+00
3.548288345336914062e-01,-4.099341869354248047e+00
2.050310611724853516e+00,-2.870659828186035156e+00
1.688004732131958008e+00,-2.652532577514648438e+00
5.148000121116638184e-01,-1.885601878166198730e+00
-1.722087383270263672e+00,-2.473865300416946411e-01
-1.408310890197753906e+00,-3.262425065040588379e-01
-1.025919795036315918e+00,-2.865070819854736328e+00
4.422191083431243896e-01,-3.499642372131347656e+00
3.292547166347503662e-01,-1.835388064384460449e+00
1.437015533447265625e-01,-6.357906460762023926e-01
-5.890100598335266113e-01,-1.658717274665832520e+00
5.687216520309448242e-01,-1.582742333412170410e+00
-1.044451594352722168e+00,-2.462060213088989258e+00
-2.730764746665954590e-01,-1.180145859718322754e+00
-7.972306013107299805e-01,-1.278994560241699219e+00
-1.138332247734069824e+00,-3.687115311622619629e-01
-1.017861008644104004e+00,-1.322669744491577148e+00
-7.662598490715026855e-01,-1.577406644821166992e+00
8.735414743423461914e-01,-1.404949188232421875e+00
-1.271680831909179688e+00,-1.830595850944519043e+00
3.376063704490661621e-01,-1.591159582138061523e+00
8.006742596626281738e-01,-1.437663912773132324e+00
9.857194423675537109e-01,-1.769758820533752441e+00
-1.616914868354797363e+00,-7.133042216300964355e-01
-9.507851004600524902e-01,-1.258340239524841309e+00
-1.793930888175964355e+00,-8.223629593849182129e-01
-1.813503623008728027e+00,-1.783308833837509155e-01
-1.821566343307495117e+00,-5.299378037452697754e-01
2.442974328994750977e+00,-3.633737325668334961e+00
-1.512857675552368164e+00,-8.359233736991882324e-01
6.712392568588256836e-01,-6.995072364807128906e-01
-1.552859663963317871e+00,-4.246147274971008301e-01
-5.189983844757080078e-01,-2.889754295349121094e+00
-8.879815936088562012e-01,-2.062194108963012695e+00
-1.798185586929321289e+00,-2.042637616395950317e-01
-1.760758161544799805e+00,-3.301539421081542969e-01
2.948879003524780273e-01,-2.350422859191894531e+00
1.202396988868713379e+00,-2.081528663635253906e+00
-9.188192486763000488e-01,-1.282284617424011230e+00
9.906706809997558594e-01,-1.652550578117370605e+00
4.304540157318115234e+00,-3.662947654724121094e+00
9.727424383163452148e-01,-1.656449675559997559e+00
3.600324690341949463e-01,-2.304079532623291016e+00
9.671881198883056641e-01,-1.759297132492065430e+00
1.067562818527221680e+00,-2.694311380386352539e+00
1.824271678924560547e-01,-2.116852521896362305e+00
2.021161556243896484e+00,-2.900831937789916992e+00
-1.163870573043823242e+00,-1.197553277015686035e+00
8.091929554939270020e-01,-1.077354907989501953e+00
-1.690243840217590332e+00,-1.964369416236877441e+00
1.494682282209396362e-01,-1.471420288085937500e+00
-7.887943387031555176e-01,-1.354086518287658691e+00
-1.975268363952636719e+00,5.858794450759887695e-01
-1.122443079948425293e+00,-1.339679479598999023e+00
-4.789054393768310547e-01,-2.766902446746826172e+00
-1.326097965240478516e+00,-3.011331558227539062e-01
-1.644864380359649658e-01,-8.329209089279174805e-01
8.645332455635070801e-01,-1.411785602569580078e+00
-1.188769936561584473e+00,-1.878131270408630371e+00
-3.085139095783233643e-01,-1.048710346221923828e+00
-6.524886488914489746e-01,-2.599706172943115234e+00
-1.959172487258911133e+00,8.416983485221862793e-02
1.157615900039672852e+00,-3.600249290466308594e+00
-8.497349023818969727e-01,-2.765265703201293945e-01
-1.855005383491516113e+00,5.098004937171936035e-01
-8.942688703536987305e-01,-1.529700756072998047e+00
9.431874752044677734e-01,-1.521353483200073242e+00
5.214489698410034180e-01,-7.550141215324401855e-01
4.429890811443328857e-01,-5.891253352165222168e-01
3.869125545024871826e-01,-7.688946723937988281e-01
-5.101394057273864746e-01,-2.547667741775512695e+00
-2.958584427833557129e-01,-1.955471396446228027e+00
-9.325555562973022461e-01,-1.175822496414184570e+00
-8.323222398757934570e-01,-2.762967348098754883e+00
-1.260798573493957520e-01,-7.183111906051635742e-01
-8.624001741409301758e-01,-2.049765110015869141e+00
-9.820788502693176270e-01,-2.971905946731567383e+00
-1.971891283988952637e+00,-8.404462933540344238e-01
1.076523303985595703e+00,-1.689574599266052246e+00
-1.058906316757202148e+00,-2.793532133102416992e+00
-1.012470602989196777e+00,-1.430149912834167480e+00
-1.045364141464233398e-01,-1.361161112785339355e+00
-7.655417323112487793e-01,-2.152873754501342773e+00
6.569902896881103516e-01,-3.647696018218994141e+00
-5.600824356079101562e-01,-2.053833723068237305e+00
-6.288171410560607910e-01,-2.143499612808227539e+00
-2.423108816146850586e-01,-7.097597718238830566e-01
4.451364874839782715e-01,-3.005413532257080078e+00
7.298828959465026855e-01,-1.861065149307250977e+00
-2.315819263458251953e+00,-7.761538028717041016e-02
-1.153104186058044434e+00,-1.938729763031005859e+00
1.957879185676574707e+00,-4.598065853118896484e+00
1.156584501266479492e+00,-2.149436235427856445e+00
-1.027421578764915466e-01,-7.074953913688659668e-01
-6.397923231124877930e-01,-1.810109376907348633e+00
-1.080891966819763184e+00,-1.187249302864074707e+00
7.554323077201843262e-01,-9.846498370170593262e-01
2.352302335202693939e-02,-1.998627543449401855e+00
-4.998431205749511719e-01,-2.825452566146850586e+00
-9.556450247764587402e-01,-1.941658735275268555e+00
-9.688168764114379883e-01,-1.451088190078735352e+00
-1.142101168632507324e+00,-1.127739071846008301e+00
-5.591844320297241211e-01,-2.291274309158325195e+00
-2.524631738662719727e+00,-1.135275483131408691e+00
-1.038717508316040039e+00,-1.246639966964721680e+00
-3.734191358089447021e-01,-1.091304183006286621e+00
-3.444647789001464844e-01,-8.431733250617980957e-01
1.104671478271484375e+00,-1.311124563217163086e+00
8.082529306411743164e-01,-1.403458833694458008e+00
9.686659574508666992e-01,-1.320591449737548828e+00
-7.378998398780822754e-01,-2.264562845230102539e+00
2.352244406938552856e-01,-1.600553750991821289e+00
-1.939565062522888184e+00,-4.416276812553405762e-01
2.357101887464523315e-01,-2.459836244583129883e+00
1.275979876518249512e+00,-6.053267717361450195e-01
-1.927407234907150269e-01,-1.737959861755371094e+00
2.649125337600708008e+00,-5.596816062927246094e+00
5.763629078865051270e-01,-3.617207765579223633e+00
6.019471287727355957e-01,-2.076308250427246094e+00
-1.838044881820678711e+00,-6.052666306495666504e-01
9.719190746545791626e-02,-1.778666496276855469e+00
8.331546559929847717e-03,-1.757250189781188965e+00
8.650143742561340332e-01,-1.672627091407775879e+00
-9.751169681549072266e-01,-1.482796311378479004e+00
-6.952268481254577637e-01,-2.188250303268432617e+00
7.543219327926635742e-01,-1.114519357681274414e+00
-3.958368897438049316e-01,-9.533643722534179688e-01
-1.203929424285888672e+00,-1.511654496192932129e+00
9.791451692581176758e-01,-1.330112814903259277e+00
1.790068864822387695e+00,-3.203043937683105469e+00
-9.001917839050292969e-01,-2.072232961654663086e+00
3.561571985483169556e-02,-1.228700757026672363e+00
8.460409641265869141e-01,-3.011528968811035156e+00
-7.234276533126831055e-01,-1.990188360214233398e+00
-1.721437126398086548e-01,-5.102126002311706543e-01
1.088295817375183105e+00,-7.860096693038940430e-01
1.063388943672180176e+00,-2.244090795516967773e+00
-8.288047909736633301e-01,-1.230850100517272949e+00
-2.932089567184448242e+00,2.723203301429748535e-01
-2.757804095745086670e-01,-1.782534599304199219e+00
-8.051145076751708984e-01,-2.339412927627563477e+00
8.523144721984863281e-01,-1.372831463813781738e+00
9.023643732070922852e-01,-1.285076498985290527e+00
3.359797239303588867e+00,-3.502679109573364258e+00
-8.433525562286376953e-01,-1.426310658454895020e+00
-7.183352112770080566e-01,-1.264767050743103027e+00
-9.968271255493164062e-01,-1.390324711799621582e+00
9.182220697402954102e-01,-1.359150528907775879e+00
7.648384571075439453e-01,-8.275406360626220703e-01
1.599675416946411133e+00,-2.691801786422729492e+00
-1.272223234176635742e+00,-3.317058086395263672e-01
-3.071725368499755859e-01,-1.836308479309082031e+00
-6.895328164100646973e-01,-1.421422600746154785e+00
4.712916612625122070e-01,-8.208180069923400879e-01
-2.737815678119659424e-01,-2.019857883453369141e+00
1.749315410852432251e-01,-1.227485060691833496e+00
2.616107225418090820e+00,-3.327652692794799805e+00
-6.849760413169860840e-01,-1.627109527587890625e+00
-1.107641696929931641e+00,-1.273707151412963867e+00
-2.066458940505981445e+00,-6.401737332344055176e-01
-7.855255156755447388e-02,-2.555071711540222168e-01
-1.152858376502990723e+00,-1.210729956626892090e+00
-3.476273119449615479e-01,-7.844495773315429688e-01
-1.131151318550109863e+00,-6.326609849929809570e-01
-1.386851668357849121e+00,-1.276999115943908691e+00
4.355755448341369629e-01,-5.824233889579772949e-01
-4.999662041664123535e-01,-6.232246160507202148e-01
-1.752878069877624512e+00,-8.554154634475708008e-01
-1.326460480690002441e+00,-3.817864060401916504e-01
-6.759297251701354980e-01,-1.208147883415222168e+00
-2.035960435867309570e+00,8.449718356132507324e-01
-6.839139461517333984e-01,-2.001706838607788086e+00
-1.474696516990661621e+00,-3.894765973091125488e-01
7.190668582916259766e-01,-5.694693922996520996e-01
8.723292946815490723e-01,-1.562892198562622070e+00
-3.799715340137481689e-01,-1.182129979133605957e+00
2.663945198059082031e+00,-2.445112466812133789e+00
-7.145345211029052734e-01,-2.128524303436279297e+00
-4.084178507328033447e-01,-1.709543347358703613e+00
-1.289709925651550293e+00,-7.348040342330932617e-01
-4.079237878322601318e-01,-2.062124729156494141e+00
2.517641782760620117e+00,-3.595175027847290039e+00
-2.016549855470657349e-01,-1.286537289619445801e+00
9.858914017677307129e-01,-1.416205644607543945e+00
2.654839754104614258e-01,-2.951955795288085938e+00
1.122038722038269043e+00,-1.680786609649658203e+00
2.765704393386840820e+00,-4.159852504730224609e+00
-1.701696664094924927e-01,-8.570629954338073730e-01
-3.244795322418212891e+00,1.557951331138610840e+00
-8.482454419136047363e-01,-2.306910753250122070e+00
1.114048719406127930e+00,-2.922560691833496094e+00
3.779056668281555176e-01,-3.347676396369934082e-01
-6.081119775772094727e-01,-1.815033555030822754e+00
-8.058834671974182129e-01,-2.054225921630859375e+00
-8.272241950035095215e-01,-2.363262891769409180e+00
-2.927658557891845703e-01,-6.189235448837280273e-01
-1.687738776206970215e+00,-7.014367580413818359e-01
-2.593218564987182617e+00,-1.038266718387603760e-01
1.048430323600769043e+00,-1.872500061988830566e+00
1.333338171243667603e-01,-1.997184872627258301e+00
-4.430568516254425049e-01,-7.052304148674011230e-01
-1.163744926452636719e+00,-1.365886688232421875e+00
-1.689542382955551147e-01,-8.854322433471679688e-01
-7.972306013107299805e-01,-1.278994560241699219e+00
-2.142177581787109375e+00,5.966866612434387207e-01
-9.813110530376434326e-02,-1.864449858665466309e+00
-9.805318117141723633e-01,-1.120393872261047363e+00
1.708738684654235840e+00,-3.882076025009155273e+00
1.766300052404403687e-01,1.836281567811965942e-01
-8.777058720588684082e-01,-3.070950031280517578e+00
-6.635079979896545410e-01,-1.908358931541442871e+00
-1.620026826858520508e+00,-3.921619653701782227e-01
1.019161343574523926e+00,-1.863577485084533691e+00
1.229358196258544922e+00,-3.283805131912231445e+00
9.190915822982788086e-01,-1.665360808372497559e+00
6.483252048492431641e-01,-8.830078244209289551e-01
-2.593218564987182617e+00,-1.038266718387603760e-01
-7.807285785675048828e-01,-1.994205713272094727e+00
-5.634829998016357422e-01,-2.006640195846557617e+00
1.368238329887390137e+00,-8.526886105537414551e-01
-9.364539384841918945e-01,-1.679245114326477051e+00
-5.807583928108215332e-01,-2.214855432510375977e+00
-2.639714717864990234e+00,1.946118474006652832e+00
-7.356727123260498047e-01,-1.791621923446655273e+00
6.405336260795593262e-01,-2.044237375259399414e+00
-1.235905647277832031e+00,-1.832372307777404785e+00
1.150404691696166992e+00,-1.588728070259094238e+00
6.222662925720214844e-01,-9.743511676788330078e-01
-1.298432052135467529e-01,-1.421594023704528809e+00
-1.616914868354797363e+00,-7.133042216300964355e-01
-6.703529357910156250e-01,-1.734330058097839355e+00
-2.638562321662902832e-01,-7.310832738876342773e-01
-8.111619949340820312e-01,-2.289327621459960938e+00
-9.193821549415588379e-01,-1.293706059455871582e+00
7.555693984031677246e-01,-1.885741591453552246e+00
-2.115206241607666016e+00,7.788900136947631836e-01
9.835532307624816895e-01,-1.783423304557800293e+00
9.032629728317260742e-01,-1.226418614387512207e+00
-7.248250246047973633e-01,-2.005897521972656250e+00
-8.025959730148315430e-01,-2.328273296356201172e+00
-2.383551359176635742e+00,1.446130752563476562e+00
-7.081627249717712402e-01,-1.901096701622009277e+00
1.082407474517822266e+00,-1.870158672332763672e+00
6.538323163986206055e-01,-4.123911261558532715e-01
8.684638738632202148e-01,-1.658576369285583496e+00
-1.866795301437377930e+00,6.980203986167907715e-01
-2.156247615814208984e+00,-3.836050033569335938e-01
-5.993362069129943848e-01,-1.977927446365356445e+00
-1.321290850639343262e+00,-3.048449158668518066e-01
1.856011867523193359e+00,-3.414847373962402344e+00
-1.307024478912353516e+00,-3.780936002731323242e-01
-2.456871986389160156e+00,4.723231792449951172e-01
4.909891486167907715e-01,-1.199951291084289551e+00
3.181014955043792725e-01,-3.511634469032287598e-01
8.417194485664367676e-01,-1.054373860359191895e+00
-4.437068998813629150e-01,-1.408794283866882324e+00
-6.666287183761596680e-01,-1.939081907272338867e+00
-3.421602547168731689e-01,-1.437666177749633789e+00
-5.760362148284912109e-01,-1.397434949874877930e+00
-1.971056222915649414e+00,8.581543564796447754e-01
1.857711434364318848e+00,-3.008144617080688477e+00
-1.160940885543823242e+00,-1.420412063598632812e+00
-6.694340109825134277e-01,-2.548782587051391602e+00
-3.492393493652343750e-01,-1.228521823883056641e+00
-2.557132542133331299e-01,-1.920831561088562012e+00
8.062961101531982422e-01,-1.088362336158752441e+00
-1.874959945678710938e+00,3.152471780776977539e-01
-8.800089955329895020e-01,-1.993621110916137695e+00
7.399399280548095703e-01,-1.078954577445983887e+00
-2.864908576011657715e-01,-5.981955528259277344e-01
1.026710629463195801e+00,-1.393157482147216797e+00
-1.270510196685791016e+00,-1.558957695960998535e+00
-1.537413477897644043e+00,4.468372464179992676e-02
-1.500024437904357910e+00,6.231240034103393555e-01
-6.105992197990417480e-01,-1.802866697311401367e+00
-1.144916057586669922e+00,-1.257731437683105469e+00
8.046187162399291992e-01,-1.310075879096984863e+00
1.697021573781967163e-01,-2.101350069046020508e+00
9.442148208618164062e-01,-1.464363813400268555e+00
-9.452842473983764648e-01,-1.171990513801574707e+00
1.357553303241729736e-01,-1.652164936065673828e+00
-4.471959590911865234e+00,-8.319231867790222168e-02
1.133831620216369629e+00,-2.318585395812988281e+00
-4.882414340972900391e+00,1.141417860984802246e+00
-5.731195449829101562e+00,4.803943157196044922e+00
-6.180872321128845215e-01,-2.265618801116943359e+00
-1.312513947486877441e+00,-9.930542111396789551e-01
6.608957797288894653e-02,-1.435169816017150879e+00
-3.627566397190093994e-01,-1.271863698959350586e+00
-1.706884980201721191e+00,-3.069279193878173828e-01
-6.965234279632568359e-01,-1.961220502853393555e+00
-8.327765464782714844e-01,-1.354775071144104004e+00
2.172506153583526611e-01,-3.109846115112304688e+00
-5.165915489196777344e-01,-7.249733209609985352e-01
-3.548263609409332275e-01,-2.280231714248657227e+00
-9.444339275360107422e-01,-2.197758436203002930e+00
-5.175880193710327148e-01,-2.040493488311767578e+00
4.218706190586090088e-01,-3.588494062423706055e-01
-2.247704982757568359e+00,-8.904208242893218994e-02
1.074118137359619141e+00,-1.481265783309936523e+00
7.251748442649841309e-01,-8.215555548667907715e-01
1.067914009094238281e+00,-1.237357974052429199e+00
9.829356670379638672e-01,-1.232677459716796875e+00
4.456917196512222290e-02,4.785566926002502441e-01
-4.198039472103118896e-01,-2.096181869506835938e+00
-3.713943958282470703e-01,-2.892076969146728516e+00
-8.262178301811218262e-01,-1.526517271995544434e+00
2.633399963378906250e-01,-1.351064920425415039e+00
-7.735938429832458496e-01,-1.122717976570129395e+00
6.789283752441406250e-01,-4.903785228729248047e+00
-1.273301005363464355e+00,-1.599685788154602051e+00
8.650143742561340332e-01,-1.672627091407775879e+00
-7.447173595428466797e-01,-3.179766893386840820e+00
2.980291366577148438e+00,-4.912874221801757812e+00
7.561355829238891602e-01,-8.364489674568176270e-01
-6.253262162208557129e-01,-2.034576892852783203e+00
5.250352621078491211e-01,-8.167756795883178711e-01
2.988286316394805908e-01,-2.922356843948364258e+00
5.146133154630661011e-02,-1.566929697990417480e+00
-1.311110019683837891e+00,-6.602564454078674316e-01
9.791451692581176758e-01,-1.330112814903259277e+00
3.894799053668975830e-01,-8.922606110572814941e-01
-6.522842049598693848e-01,-2.277369976043701172e+00
-4.286384582519531250e-01,-1.722722172737121582e+00
2.168052047491073608e-01,-3.132730722427368164e-01
-1.676501274108886719e+00,-1.180977344512939453e+00
2.168052047491073608e-01,-3.132730722427368164e-01
1.099517345428466797e+00,-4.454785585403442383e-01
1.084797263145446777e+00,-1.885510206222534180e+00
-7.758979201316833496e-01,-1.878659486770629883e+00
5.146133154630661011e-02,-1.566929697990417480e+00
1.367241859436035156e+00,-3.575331926345825195e+00
-4.277226924896240234e-01,-7.572453022003173828e-01
7.615507394075393677e-02,-2.209630727767944336e+00
2.772982835769653320e+00,-3.013742923736572266e+00
7.939790487289428711e-01,-1.003958821296691895e+00
-1.618891835212707520e+00,-2.581989169120788574e-01
9.853606224060058594e-01,-1.630849838256835938e+00
-7.270561903715133667e-02,-1.446479439735412598e+00
-1.499164700508117676e+00,-1.162804841995239258e+00
-5.721278786659240723e-01,-1.699949979782104492e+00
8.439875841140747070e-01,-1.005528211593627930e+00
-5.981599092483520508e-01,-1.676104664802551270e+00
3.481546342372894287e-01,-2.255194902420043945e+00
-1.207883358001708984e+00,-1.780647754669189453e+00
9.982596635818481445e-01,-2.411192655563354492e+00
-1.194391921162605286e-01,-1.114364624023437500e+00
8.144115209579467773e-01,-8.816154003143310547e-01
-1.097045183181762695e+00,-1.691565632820129395e+00
5.891993045806884766e-01,-7.954639792442321777e-01
-2.883108139038085938e+00,9.049404263496398926e-01
1.078249454498291016e+00,-2.263370037078857422e+00
8.262784481048583984e-01,-1.026637315750122070e+00
7.551851272583007812e-01,-8.589926362037658691e-01
-2.668013334274291992e+00,6.362988352775573730e-01
4.791912436485290527e-01,-5.325512886047363281e-01
-3.139041185379028320e+00,7.727984786033630371e-01
-7.412405014038085938e-01,-2.844083309173583984e-01
1.132928013801574707e+00,-1.347649216651916504e+00
-1.824537068605422974e-01,-1.598251819610595703e+00
5.389317274093627930e-01,-1.040996074676513672e+00
1.077383875846862793e+00,-1.333599090576171875e+00
-2.572556734085083008e-01,-7.495327591896057129e-01
-2.407283522188663483e-02,-1.381569623947143555e+00
-2.746286690235137939e-01,-1.550985693931579590e+00
-4.882414340972900391e+00,1.141417860984802246e+00
-1.547151565551757812e+00,-5.453631877899169922e-01
1.229354858398437500e+00,-2.261205434799194336e+00
-1.805926322937011719e+00,4.641076326370239258e-01
-1.589394360780715942e-01,-7.157731652259826660e-01
8.615412116050720215e-01,-1.104251027107238770e+00
-2.563839673995971680e+00,1.062946081161499023e+00
-7.199354767799377441e-01,-1.952288150787353516e+00
-2.855288982391357422e+00,-3.106173276901245117e-01
1.967504024505615234e-01,-1.582302689552307129e+00
-1.471575856208801270e+00,-4.556456208229064941e-01
9.057867527008056641e-01,-1.523617148399353027e+00
1.123699784278869629e+00,-1.280431628227233887e+00
-6.731094717979431152e-01,-1.891302108764648438e+00
-3.393256068229675293e-01,-6.044745445251464844e-01
4.398424029350280762e-01,-4.883200526237487793e-01
2.477124214172363281e+00,-5.105031967163085938e+00
-4.436827003955841064e-01,-8.310949206352233887e-01
-6.695427894592285156e-01,-1.417751312255859375e+00
6.819457411766052246e-01,-3.019793629646301270e-01
-3.799715340137481689e-01,-1.182129979133605957e+00
-9.879261255264282227e-01,-2.957484722137451172e+00
-6.569305062294006348e-01,-2.067028045654296875e+00
5.214489698410034180e-01,-7.550141215324401855e-01
-2.775205612182617188e+00,-2.764013409614562988e-01
-8.813567757606506348e-01,-3.487771749496459961e-01
-9.188192486763000488e-01,-1.282284617424011230e+00
-3.027157187461853027e-01,-1.256084203720092773e+00
-5.091775059700012207e-01,-1.991832137107849121e+00
7.897059917449951172e-01,-1.354601740837097168e+00
-2.307189702987670898e+00,1.064246892929077148e+00
-1.428681850433349609e+00,-5.372535586357116699e-01
-2.142177581787109375e+00,5.966866612434387207e-01
-1.014999508857727051e+00,-3.208662867546081543e-01
-8.491034507751464844e-01,-2.242811203002929688e+00
-1.154318690299987793e+00,-1.789193272590637207e+00
1.368238329887390137e+00,-8.526886105537414551e-01
-7.448452115058898926e-01,-1.516694545745849609e+00
-2.331064462661743164e+00,-5.169419050216674805e-01
5.770069956779479980e-01,-7.756547331809997559e-01
-2.175491571426391602e+00,3.955270051956176758e-01
1.087219715118408203e+00,-1.575899243354797363e+00
-3.690136075019836426e-01,-7.949896454811096191e-01
8.759075403213500977e-01,-1.363450527191162109e+00
-7.388018369674682617e-01,-1.895647287368774414e+00
1.166570782661437988e+00,-4.665609002113342285e-01
-1.740446686744689941e-01,-8.905709981918334961e-01
1.187510967254638672e+00,-1.277886152267456055e+00
7.317782044410705566e-01,-1.457422018051147461e+00
-2.324022054672241211e+00,-2.392732352018356323e-02
9.589294195175170898e-01,-1.257120966911315918e+00
-5.713837146759033203e-01,-1.465341329574584961e+00
-8.841436505317687988e-01,-1.989049196243286133e+00
-6.562787294387817383e-01,-2.644748091697692871e-01
-8.974625468254089355e-01,-1.751705527305603027e+00
2.336956560611724854e-01,-2.246948957443237305e+00
-2.924211919307708740e-01,-1.178011894226074219e+00
-1.540899723768234253e-01,-1.036943674087524414e+00
1.766300052404403687e-01,1.836281567811965942e-01
4.609423577785491943e-01,-1.000919580459594727e+00
-1.104515552520751953e+00,-6.527469158172607422e-01
-2.407283522188663483e-02,-1.381569623947143555e+00
-1.766456723213195801e+00,-5.410150885581970215e-01
6.519445776939392090e-02,-1.722274303436279297e+00
8.503820896148681641e-01,-1.647956371307373047e+00
-3.517028689384460449e-01,-2.287274599075317383e+00
-1.075790762901306152e+00,-1.474233388900756836e+00
5.378865003585815430e-01,-9.484862685203552246e-01
-7.679533958435058594e-01,-1.874330878257751465e+00
-7.831484079360961914e-01,-1.225158214569091797e+00
1.749347925186157227e+00,-3.160800457000732422e+00
-9.910261034965515137e-01,-2.475645542144775391e+00
-1.116444468498229980e+00,-1.287043929100036621e+00
-7.610864639282226562e-01,-2.454895019531250000e+00
-1.692864537239074707e+00,-1.619359552860260010e-01
8.370277285575866699e-01,-1.566033244132995605e+00
1.207558870315551758e+00,-5.772665143013000488e-01
2.748012304306030273e+00,-3.138782739639282227e+00
-7.295602560043334961e-01,-1.232252717018127441e+00
-1.714076399803161621e-01,-1.010447621345520020e+00
8.752993345260620117e-01,-1.134592771530151367e+00
-2.119525671005249023e+00,-3.594452142715454102e-01
-1.346656322479248047e+00,-5.918685793876647949e-01
-1.425616890192031860e-01,-1.792716622352600098e+00
2.170592546463012695e+00,-3.980606079101562500e+00
-5.731195449829101562e+00,4.803943157196044922e+00
-1.742558479309082031e+00,-3.607479929924011230e-01
-8.744807243347167969e-01,-1.846305251121520996e+00
1.084840536117553711e+00,-1.648273229598999023e+00
-2.089272886514663696e-01,-1.279031753540039062e+00
7.770308256149291992e-01,-9.191617369651794434e-01
-2.375149250030517578e+00,2.025164216756820679e-01
1.588619232177734375e+00,-4.007969856262207031e+00
-1.223084688186645508e+00,-9.354471564292907715e-01
-1.920744776725769043e+00,-6.980575919151306152e-01
-3.552211523056030273e-01,-5.408200025558471680e-01
-1.812564581632614136e-01,-7.751452922821044922e-01
-2.695455551147460938e+00,6.515321731567382812e-01
1.698503345251083374e-01,-8.920606970787048340e-01
4.533220529556274414e-01,-8.372126221656799316e-01
1.400012016296386719e+00,-7.646527886390686035e-01
-4.731326997280120850e-01,-6.486076712608337402e-01
1.749315410852432251e-01,-1.227485060691833496e+00
1.193611979484558105e+00,-4.295492649078369141e+00
-1.320411086082458496e+00,-2.558505773544311523e+00
-1.647850990295410156e+00,-3.731878399848937988e-01
4.296931743621826172e+00,-3.840909242630004883e+00
7.573892474174499512e-01,-5.052754878997802734e+00
-1.653099417686462402e+00,5.394263267517089844e-01
6.285893917083740234e-02,-1.571853876113891602e+00
8.380219340324401855e-01,-1.789952754974365234e+00
-2.169012069702148438e+00,-4.546011090278625488e-01
1.184890866279602051e+00,-6.089426875114440918e-01
-9.847023487091064453e-01,-2.940693855285644531e+00
-1.185408830642700195e+00,-1.562862396240234375e+00
-6.323723196983337402e-01,-1.478441715240478516e+00
-1.660635352134704590e+00,-5.869737863540649414e-01
6.045190244913101196e-02,-1.558111548423767090e+00
-7.262359857559204102e-01,-3.233390092849731445e+00
2.459746360778808594e+00,-5.199097156524658203e+00
-6.823571920394897461e-01,-1.891275286674499512e+00
1.623136848211288452e-01,-2.283163785934448242e+00
8.343335390090942383e-01,-1.468548893928527832e+00
-1.273301005363464355e+00,-1.599685788154602051e+00
-1.838044881820678711e+00,-6.052666306495666504e-01
5.914482474327087402e-01,-1.056762218475341797e+00
7.400037050247192383e-01,-1.685869097709655762e+00
-1.687738776206970215e+00,-7.014367580413818359e-01
-1.687494874000549316e+00,-1.052249744534492493e-01
-2.218497037887573242e+00,-8.111761808395385742e-01
-3.384228944778442383e-01,-1.041745066642761230e+00
5.673699975013732910e-01,-1.576538562774658203e+00
-1.625324964523315430e+00,-7.470641136169433594e-01
-1.077937006950378418e+00,-2.565688490867614746e-01
-6.778146624565124512e-01,-2.419771671295166016e+00
-4.985734462738037109e+00,1.626936078071594238e+00
9.279245734214782715e-01,-7.366878390312194824e-01
9.897494316101074219e-01,-1.249727368354797363e+00
-1.079664468765258789e+00,-2.961080670356750488e-01
-8.803382515907287598e-01,-1.709844231605529785e+00
-1.454922854900360107e-01,-1.067674517631530762e+00
6.052350401878356934e-01,-2.144682884216308594e+00
6.347097456455230713e-02,-1.478545188903808594e+00
-1.063161194324493408e-01,-5.400083065032958984e-01
-1.724325180053710938e+00,-3.382116854190826416e-01
8.461083173751831055e-01,-1.646553754806518555e+00
1.102971673011779785e+00,-1.769327163696289062e+00
8.489807844161987305e-01,-1.134321093559265137e+00
-2.444257736206054688e+00,-5.226308107376098633e-01
1.711615771055221558e-01,-1.216272830963134766e+00
4.015077590942382812e+00,-3.272293090820312500e+00
-9.006510376930236816e-01,-2.188517332077026367e+00
-7.808626890182495117e-01,-1.316407680511474609e+00
-9.496096372604370117e-01,-1.562221288681030273e+00
-1.406530022621154785e+00,-3.206519603729248047e+00
-2.193315744400024414e+00,-5.279318094253540039e-01
-3.559268116950988770e-01,-6.397725343704223633e-01
9.643902778625488281e-01,-1.113895535469055176e+00
-7.610834240913391113e-01,-2.629216670989990234e+00
-9.205117225646972656e-01,-2.330043077468872070e+00
-6.288171410560607910e-01,-2.143499612808227539e+00
-1.463315170258283615e-02,-1.351716399192810059e+00
1.623136848211288452e-01,-2.283163785934448242e+00
-4.321996271610260010e-01,-1.607782363891601562e+00
9.412022829055786133e-01,-1.542827606201171875e+00
2.120351552963256836e+00,-3.695339918136596680e+00
-1.693275809288024902e+00,-5.561193823814392090e-01
8.382741212844848633e-01,-1.234690070152282715e+00
-2.862085342407226562e+00,9.473509192466735840e-01
-1.654808521270751953e+00,-8.664304614067077637e-01
-9.364539384841918945e-01,-1.679245114326477051e+00
6.559606194496154785e-01,-1.938521265983581543e+00
1.074760675430297852e+00,-1.674110054969787598e+00
-5.270074605941772461e-01,-4.906262755393981934e-01
2.291647195816040039e+00,-3.536740541458129883e+00
-6.912229061126708984e-01,-1.663970589637756348e+00
-1.754872560501098633e+00,-7.067978382110595703e-01
1.076523303985595703e+00,-1.689574599266052246e+00
-5.558332204818725586e-01,-1.655537605285644531e+00
-6.250493973493576050e-02,-1.909852385520935059e+00
2.614840269088745117e+00,-2.468625783920288086e+00
-1.540597081184387207e+00,6.051852107048034668e-01
8.231199532747268677e-02,-1.535809874534606934e+00
7.122589349746704102e-01,-8.253979682922363281e-01
-9.975153952836990356e-03,-7.510708570480346680e-01
1.063817024230957031e+00,-1.427970647811889648e+00
1.918425679206848145e+00,-4.026948928833007812e+00
-5.165915489196777344e-01,-7.249733209609985352e-01
5.652018785476684570e-01,-2.443460941314697266e+00
5.258768796920776367e-01,-2.252087593078613281e+00
2.532539330422878265e-02,-2.035949707031250000e+00
-2.895136475563049316e-01,-8.029947280883789062e-01
-1.506712079048156738e+00,-5.286394953727722168e-01
2.271828413009643555e+00,-3.389542341232299805e+00
-9.272586703300476074e-01,-2.427940607070922852e+00
-8.820043206214904785e-01,-1.481681466102600098e+00
-1.927407234907150269e-01,-1.737959861755371094e+00
-9.081449508666992188e-01,-1.196595430374145508e+00
-1.317453145980834961e+00,-1.683219790458679199e+00
-7.991979122161865234e-01,-2.133460998535156250e+00
-7.294276952743530273e-01,-2.142732620239257812e+00
-5.634829998016357422e-01,-2.006640195846557617e+00
-5.483090281486511230e-01,-2.765611648559570312e+00
5.536829680204391479e-02,-1.467517852783203125e+00
9.683755040168762207e-01,-6.356523036956787109e-01
1.033216595649719238e+00,-1.922341823577880859e+00
4.304540157318115234e+00,-3.662947654724121094e+00
1.060754776000976562e+00,-2.335059642791748047e+00
4.524413347244262695e-01,-8.318746685981750488e-01
-7.453357577323913574e-01,-2.263326883316040039e+00
-2.130923509597778320e+00,5.227959752082824707e-01
-6.809961795806884766e-01,-2.857674956321716309e-01
-1.389811277389526367e+00,-1.103136658668518066e+00
-1.152858376502990723e+00,-1.210729956626892090e+00
-1.813756227493286133e+00,-7.409307956695556641e-01
-2.471153140068054199e-01,-1.643264412879943848e+00
-1.786716580390930176e+00,5.742706060409545898e-01
-9.178543686866760254e-01,-2.282424688339233398e+00
-1.473977923393249512e+00,-7.071595788002014160e-01
1.133831620216369629e+00,-2.318585395812988281e+00
-2.184163570404052734e+00,4.990903139114379883e-01
-1.150563120841979980e+00,-1.667402267456054688e+00
4.667982757091522217e-01,-1.005865693092346191e+00
-9.659146070480346680e-01,-1.456683754920959473e+00
6.347097456455230713e-02,-1.478545188903808594e+00
-1.748546719551086426e+00,-3.315188288688659668e-01
-3.663364946842193604e-01,-8.049708604812622070e-01
-1.012470602989196777e+00,-1.430149912834167480e+00
-7.804745435714721680e-01,-1.856241345405578613e+00
-8.337185382843017578e-01,-1.228905558586120605e+00
-9.321728348731994629e-01,-1.715623378753662109e+00
3.216560482978820801e-01,-1.762530326843261719e+00
1.333869218826293945e+00,-4.889156818389892578e-01
2.564732432365417480e-01,-2.229572057723999023e+00
-1.258013248443603516e+00,7.475554347038269043e-01
1.269934058189392090e+00,-2.091521263122558594e+00
1.064580321311950684e+00,-1.976466417312622070e+00
-1.094791293144226074e+00,-1.639895439147949219e+00
-9.607594013214111328e-01,-1.112334847450256348e+00
-1.197163939476013184e+00,-1.214295268058776855e+00
-8.185151815414428711e-01,-1.280698060989379883e+00
-2.301992893218994141e+00,-5.132808685302734375e-01
1.081418991088867188e+00,-1.753250598907470703e+00
1.007516026496887207e+00,-2.689013719558715820e+00
9.546393156051635742e-01,-5.650961399078369141e-01
-6.308357715606689453e-01,-6.980472207069396973e-01
6.269423961639404297e-01,-2.651037454605102539e+00
-5.723245143890380859e-01,-2.017066717147827148e+00
3.387403726577758789e+00,-6.573990821838378906e+00
1.589298062026500702e-02,-1.808014512062072754e+00
9.433086514472961426e-01,-1.546794056892395020e+00
9.858914017677307129e-01,-1.416205644607543945e+00
-6.164053827524185181e-02,-1.587718486785888672e+00
-2.165563106536865234e+00,-5.768916010856628418e-02
4.282925128936767578e-01,-1.094650030136108398e+00
-7.802055478096008301e-01,-1.923404812812805176e+00
5.425996780395507812e-01,-8.671610951423645020e-01
4.624744355678558350e-01,-1.451682567596435547e+00
7.079982757568359375e-01,-3.457637071609497070e+00
-6.740575432777404785e-01,-2.177639722824096680e+00
-1.273310780525207520e+00,-1.426735877990722656e+00
1.050723195075988770e+00,-1.960444331169128418e+00
-7.735223770141601562e-01,-2.525226354598999023e+00
2.251809835433959961e+00,-3.046730756759643555e+00
2.021161556243896484e+00,-2.900831937789916992e+00
-8.712009191513061523e-01,-1.107109665870666504e+00
-7.704775333404541016e-01,-2.865585803985595703e+00
-9.968611598014831543e-01,-1.368482232093811035e+00
2.564732432365417480e-01,-2.229572057723999023e+00
-4.668187201023101807e-01,-8.515856266021728516e-01
8.727514147758483887e-01,-1.504810571670532227e+00
-8.225301504135131836e-01,-1.248569488525390625e+00
-7.092580795288085938e-01,-2.545402288436889648e+00
7.212404012680053711e-01,-1.176190733909606934e+00
-8.685699701309204102e-01,-1.381793379783630371e+00
5.833882093429565430e-01,-7.693586945533752441e-01
-1.458634287118911743e-01,-1.685271382331848145e+00
8.317080736160278320e-01,-1.310041189193725586e+00
9.139209389686584473e-01,-1.016594290733337402e+00
9.628497958183288574e-01,-5.526227951049804688e-01
1.179853796958923340e+00,-2.030166149139404297e+00
-1.303098917007446289e+00,-8.467628359794616699e-01
1.918425679206848145e+00,-4.026948928833007812e+00
-6.902164220809936523e-01,-2.033184766769409180e+00
-5.782716870307922363e-01,-3.171121478080749512e-01
-2.392995834350585938e+00,1.819117367267608643e-02
9.147098660469055176e-01,-1.637647032737731934e+00
9.764930233359336853e-03,-1.235209226608276367e+00
-4.551183581352233887e-01,-1.658195972442626953e+00
-9.024653434753417969e-01,-1.313117504119873047e+00
-7.337965369224548340e-01,-2.791464924812316895e-01
-6.522842049598693848e-01,-2.277369976043701172e+00
-9.751598238945007324e-01,-1.509443879127502441e+00
2.075245827436447144e-01,-1.633852243423461914e+00
-8.226767182350158691e-01,-2.633915424346923828e+00
-2.845104932785034180e-01,-9.897883534431457520e-01
2.589000165462493896e-01,-8.608567118644714355e-01
-1.454203605651855469e+00,-4.478900432586669922e-01
-2.747155725955963135e-01,-1.867220163345336914e+00
-3.532634079456329346e-01,-1.828682541847229004e+00
-6.858897805213928223e-01,-1.603734016418457031e+00
-2.328592777252197266e+00,7.922725677490234375e-01
-1.193197727203369141e+00,-1.768753886222839355e+00
1.697021573781967163e-01,-2.101350069046020508e+00
-8.128414750099182129e-01,-2.321234464645385742e+00
5.869258642196655273e-01,-4.222022056579589844e+00
-7.704775333404541016e-01,-2.865585803985595703e+00
4.717482924461364746e-01,-2.238611459732055664e+00
9.233927130699157715e-01,-1.265683770179748535e+00
7.406667470932006836e-01,-8.271323442459106445e-01
-4.929580092430114746e-01,-2.247613668441772461e+00
9.657297134399414062e-01,-7.997856140136718750e-01
-1.085420370101928711e+00,-1.451453804969787598e+00
-1.406530022621154785e+00,-3.206519603729248047e+00
-3.008635520935058594e+00,5.856186747550964355e-01
9.738100767135620117e-01,-1.815625786781311035e+00
1.996121108531951904e-01,-1.682165265083312988e+00
-1.475160956382751465e+00,-5.380095839500427246e-01
-1.252028822898864746e+00,-3.224435448646545410e-01
3.627557516098022461e+00,-6.143669605255126953e+00
1.205906748771667480e+00,-2.281336069107055664e+00
2.539679765701293945e+00,-4.152183532714843750e+00
-4.517247080802917480e-01,-2.191728353500366211e+00
-9.722546339035034180e-01,-1.437929749488830566e+00
-1.504221796989440918e+00,-2.026504278182983398e-01
-7.043017148971557617e-01,-2.773774147033691406e+00
-8.013989329338073730e-01,-2.158493995666503906e+00
-1.889653563499450684e+00,5.769398212432861328e-01
-5.423208475112915039e-01,-2.173991918563842773e+00
6.812351942062377930e-01,-1.266443133354187012e+00
-2.980958521366119385e-01,-1.201027870178222656e+00
6.888814270496368408e-02,-2.857688426971435547e+00
1.126240491867065430e+00,-4.063413739204406738e-01
9.614641666412353516e-01,-1.791039347648620605e+00
-5.703474879264831543e-01,-1.644086122512817383e+00
-6.662809848785400391e-01,-1.609943747520446777e+00
-3.457772254943847656e+00,4.383498430252075195e-01
-1.452873468399047852e+00,-1.212673902511596680e+00
-2.158733606338500977e-01,-7.190172076225280762e-01
7.275633215904235840e-01,-7.977334856986999512e-01
-1.091799020767211914e+00,-9.933276772499084473e-01
3.032786846160888672e+00,-2.617090225219726562e+00
-5.104721188545227051e-01,-3.169675350189208984e+00
1.614280194044113159e-01,-7.055654525756835938e-01
2.765704393386840820e+00,-4.159852504730224609e+00
-1.326460480690002441e+00,-3.817864060401916504e-01
9.192345142364501953e-01,-1.285408020019531250e+00
-5.896205902099609375e-01,-2.004209280014038086e+00
1.603636503219604492e+00,-3.433487415313720703e+00
-9.496096372604370117e-01,-1.562221288681030273e+00
-2.324022054672241211e+00,-2.392732352018356323e-02
-1.408310890197753906e+00,-3.262425065040588379e-01
7.537155747413635254e-01,-2.478494167327880859e+00
9.099010229110717773e-01,-1.686269164085388184e+00
-9.624870419502258301e-01,-2.624388694763183594e+00
-6.888596415519714355e-01,-1.753147602081298828e+00
-1.793930888175964355e+00,-8.223629593849182129e-01
-6.304864883422851562e-01,-1.736773014068603516e+00
-1.352305531501770020e+00,-1.143138766288757324e+00
8.222475647926330566e-01,-1.097458720207214355e+00
-1.096346616744995117e+00,-7.762303352355957031e-01
-1.061126112937927246e+00,-1.521975636482238770e+00
-1.842760562896728516e+00,-2.594481110572814941e-01
-6.757267713546752930e-01,-2.317092895507812500e+00
6.110122799873352051e-01,-1.349038481712341309e+00
-8.411422967910766602e-01,-1.650793194770812988e+00
-2.307189702987670898e+00,1.064246892929077148e+00
8.734462261199951172e-01,-1.585237026214599609e+00
5.258768796920776367e-01,-2.252087593078613281e+00
-1.902994036674499512e+00,-7.815042138099670410e-02
-2.193315744400024414e+00,-5.279318094253540039e-01
3.521992266178131104e-02,-1.266573071479797363e+00
-1.358371734619140625e+00,-7.044944763183593750e-01
-2.572556734085083008e-01,-7.495327591896057129e-01
-1.127103090286254883e+00,-1.355910420417785645e+00
-7.416164278984069824e-01,-1.991600275039672852e+00
-1.744895219802856445e+00,-6.873763203620910645e-01
-8.226767182350158691e-01,-2.633915424346923828e+00
-4.547177255153656006e-01,-5.390120744705200195e-01
3.532918691635131836e+00,-3.168517112731933594e+00
1.134777903556823730e+00,-1.657401680946350098e+00
3.977381438016891479e-02,-1.434910178184509277e+00
-1.676501274108886719e+00,-1.180977344512939453e+00
-1.877013325691223145e+00,-7.483879923820495605e-01
7.931313514709472656e-01,-1.444226741790771484e+00
-1.236091494560241699e+00,-1.184597134590148926e+00
-6.681332588195800781e-01,-1.809841871261596680e+00
-9.081449508666992188e-01,-1.196595430374145508e+00
-1.971891283988952637e+00,-8.404462933540344238e-01
-3.314155340194702148e-01,-2.299889326095581055e+00
-1.792436465620994568e-03,-2.293229579925537109e+00
8.752993345260620117e-01,-1.134592771530151367e+00
-7.491342425346374512e-01,-1.107106208801269531e+00
5.069846510887145996e-01,-8.264492154121398926e-01
1.333869218826293945e+00,-4.889156818389892578e-01
-6.105992197990417480e-01,-1.802866697311401367e+00
-1.768354892730712891e+00,-1.204231619834899902e+00
-1.948985308408737183e-01,-1.525003910064697266e+00
-1.448708176612854004e+00,-5.136105418205261230e-01
-1.691763877868652344e+00,-8.677881956100463867e-01
-1.842760562896728516e+00,-2.594481110572814941e-01
1.017257332801818848e+00,-1.128943443298339844e+00
-8.377522826194763184e-01,-1.254093647003173828e+00
-8.624001741409301758e-01,-2.049765110015869141e+00
-1.262633949518203735e-01,-1.097725272178649902e+00
-8.275829553604125977e-01,-2.538023233413696289e+00
8.482828140258789062e-01,-1.316578984260559082e+00
4.119783639907836914e-01,-5.954670906066894531e-01
-6.662809848785400391e-01,-1.609943747520446777e+00
-1.235905647277832031e+00,-1.832372307777404785e+00
-6.487277746200561523e-01,-2.089179754257202148e+00
1.348283529281616211e+00,-2.063864946365356445e+00
-8.974625468254089355e-01,-1.751705527305603027e+00
1.106853961944580078e+00,-4.338298797607421875e+00
-3.146151006221771240e-01,-1.176073074340820312e+00
-1.667122721672058105e+00,-6.822498440742492676e-01
-2.066469043493270874e-01,-7.861821651458740234e-01
-3.175087690353393555e+00,6.190955042839050293e-01
-7.706660628318786621e-01,-1.089354872703552246e+00
9.675035476684570312e-01,-1.777915596961975098e+00
7.599999904632568359e-01,-1.672946572303771973e+00
9.156572818756103516e-01,-1.733226656913757324e+00
-3.000175237655639648e+00,-9.952976554632186890e-02
-1.149966835975646973e+00,-1.169570803642272949e+00
2.616107225418090820e+00,-3.327652692794799805e+00
-6.962605714797973633e-01,-2.077631235122680664e+00
-5.826395750045776367e-01,-1.339135766029357910e+00
1.048430323600769043e+00,-1.872500061988830566e+00
-1.775428295135498047e+00,-2.651230692863464355e-01
-1.724325180053710938e+00,-3.382116854190826416e-01
1.427443623542785645e-01,-1.670172929763793945e+00
-1.194391921162605286e-01,-1.114364624023437500e+00
9.132695794105529785e-01,-1.307463645935058594e+00
-8.357236385345458984e-01,-1.359634995460510254e+00
3.716802597045898438e-01,-1.544092893600463867e+00
1.115733146667480469e+00,-1.195171475410461426e+00
9.563933610916137695e-01,-1.272503852844238281e+00
4.119783639907836914e-01,-5.954670906066894531e-01
7.225041389465332031e-01,-8.639377355575561523e-01
-7.506089210510253906e-01,-1.823338985443115234e+00
9.147098660469055176e-01,-1.637647032737731934e+00
4.909891486167907715e-01,-1.199951291084289551e+00
-1.402454376220703125e+00,-2.355177253484725952e-01
7.481344342231750488e-01,-8.079910874366760254e-01
-7.953458428382873535e-01,-2.268836498260498047e+00
-4.501084089279174805e-01,-1.426091790199279785e+00
-9.847023487091064453e-01,-2.940693855285644531e+00
-2.582338809967041016e+00,-6.771546006202697754e-01
-4.002885520458221436e-01,-9.948166012763977051e-01
7.311071157455444336e-01,-3.618462085723876953e+00
8.556529283523559570e-01,-1.248529791831970215e+00
1.168239831924438477e+00,-2.311533212661743164e+00
-6.005086898803710938e-01,-2.108058452606201172e+00
-7.831484079360961914e-01,-1.225158214569091797e+00
5.673699975013732910e-01,-1.576538562774658203e+00
-1.192632555961608887e+00,-5.364562273025512695e-01
2.282247304916381836e+00,-3.766282796859741211e-01
1.019161343574523926e+00,-1.863577485084533691e+00
-1.845919847488403320e+00,7.843980193138122559e-01
-2.294493198394775391e+00,5.499941706657409668e-01
1.022712707519531250e+00,-1.358419418334960938e+00
2.291647195816040039e+00,-3.536740541458129883e+00
-7.010870575904846191e-01,-2.295951128005981445e+00
2.271828413009643555e+00,-3.389542341232299805e+00
-8.173272609710693359e-01,-2.002240896224975586e+00
-7.981435060501098633e-01,-2.118526697158813477e+00
-1.187193393707275391e+00,-1.476545095443725586e+00
3.854044377803802490e-01,-2.964459061622619629e-01
3.641910851001739502e-01,-2.798029184341430664e+00
2.383275508880615234e+00,-5.798916339874267578e+00
8.138845562934875488e-01,-1.965085268020629883e+00
-2.375149250030517578e+00,2.025164216756820679e-01
2.188586473464965820e+00,-3.395557641983032227e+00
9.835532307624816895e-01,-1.783423304557800293e+00
-6.895328164100646973e-01,-1.421422600746154785e+00
-1.129104256629943848e+00,-1.163691043853759766e+00
9.894442558288574219e-01,-1.331385612487792969e+00
-1.463315170258283615e-02,-1.351716399192810059e+00
-1.582392811775207520e+00,-6.760401725769042969e-01
-1.352305531501770020e+00,-1.143138766288757324e+00
8.222475647926330566e-01,-1.097458720207214355e+00
-4.731326997280120850e-01,-6.486076712608337402e-01
-2.017977535724639893e-01,-1.516799330711364746e+00
-2.180486679077148438e+00,-9.526917338371276855e-02
9.139209389686584473e-01,-1.016594290733337402e+00
-3.314155340194702148e-01,-2.299889326095581055e+00
1.158726572990417480e+00,-1.330187916755676270e+00
9.614139795303344727e-01,-1.342403292655944824e+00
-1.371054172515869141e+00,-4.513860344886779785e-01
5.295810103416442871e-02,-1.723437905311584473e+00
-4.573625624179840088e-01,-1.642684817314147949e+00
-1.685989737510681152e+00,5.997793674468994141e-01
-1.496300697326660156e+00,-5.306827425956726074e-01
-5.799909830093383789e-01,-1.388855338096618652e+00
-9.507851004600524902e-01,-1.258340239524841309e+00
6.581432223320007324e-01,-8.404586315155029297e-01
-5.139556527137756348e-01,-2.431132793426513672e+00
-8.606249690055847168e-01,-1.101841688156127930e+00
3.831534832715988159e-02,-1.331047177314758301e+00
-5.281856283545494080e-03,-1.211106061935424805e+00
-4.297605156898498535e-01,-6.825131773948669434e-01
1.033216595649719238e+00,-1.922341823577880859e+00
-2.795380353927612305e-01,-1.909691333770751953e+00
-8.685699701309204102e-01,-1.381793379783630371e+00
-6.378152966499328613e-01,-2.127505064010620117e+00
-4.471959590911865234e+00,-8.319231867790222168e-02
-2.299009561538696289e+00,-8.234694600105285645e-02
-1.762761950492858887e+00,6.661821603775024414e-01
-9.712956547737121582e-01,-1.080947279930114746e+00
-1.162891387939453125e+00,-2.700646877288818359e+00
1.162901520729064941e+00,-4.268258094787597656e+00
-5.681564211845397949e-01,-2.673314332962036133e+00
-1.687494874000549316e+00,-1.052249744534492493e-01
-2.751889705657958984e+00,2.564632415771484375e+00
-1.271930575370788574e+00,-9.397290349006652832e-01
1.281536072492599487e-01,-2.246672868728637695e+00
9.251305460929870605e-01,-1.657318234443664551e+00
9.287732839584350586e-01,-1.949356436729431152e+00
9.392244219779968262e-01,-1.595803618431091309e+00
9.591947197914123535e-01,-1.030873656272888184e+00
9.959790706634521484e-01,-1.163445830345153809e+00
-5.446127653121948242e-01,-2.727757453918457031e+00
-2.152202427387237549e-01,-7.712792754173278809e-01
-9.733676910400390625e-01,-1.850650548934936523e+00
9.401030093431472778e-02,-2.532245397567749023e+00
1.060531497001647949e+00,-1.684056401252746582e+00
6.948153376579284668e-01,-2.070261716842651367e+00
-9.455340504646301270e-01,-1.344136118888854980e+00
-4.061264395713806152e-01,-2.061579704284667969e+00
-4.307969510555267334e-01,-1.877447724342346191e+00
3.236872851848602295e-01,-2.242671489715576172e+00
-1.047998070716857910e+00,-1.388345122337341309e+00
-3.453520536422729492e-01,-1.481399536132812500e+00
1.058736801147460938e+00,-1.949400424957275391e+00
-5.585129261016845703e-01,-2.676337957382202148e+00
-2.276441574096679688e+00,7.481650114059448242e-01
-1.847715973854064941e-01,-7.240263819694519043e-01
-6.152935624122619629e-01,-1.850603222846984863e+00
-1.751960217952728271e-01,-1.081636905670166016e+00
-8.714912533760070801e-01,-3.071281433105468750e+00
1.428070187568664551e+00,-2.859924793243408203e+00
8.226668238639831543e-01,-9.447095990180969238e-01
-2.848267316818237305e+00,5.401121377944946289e-01
-1.142901539802551270e+00,-1.595405101776123047e+00
5.755162239074707031e-02,-1.206542134284973145e+00
-8.582691550254821777e-01,-2.187993526458740234e+00
-9.846090078353881836e-01,-1.904763132333755493e-01
4.706427156925201416e-01,-3.840882539749145508e+00
2.851194620132446289e+00,-3.043715238571166992e+00
9.382237792015075684e-01,-8.349294662475585938e-01
-5.175880193710327148e-01,-2.040493488311767578e+00
-9.813233017921447754e-01,-1.294981956481933594e+00
-7.423908710479736328e-01,-1.104463815689086914e+00
-4.668187201023101807e-01,-8.515856266021728516e-01
-1.034279584884643555e+00,-3.239291191101074219e+00
-2.089272886514663696e-01,-1.279031753540039062e+00
-1.102020025253295898e+00,-3.257782459259033203e-01
-3.591949641704559326e-01,-1.831557035446166992e+00
4.131834983825683594e+00,-3.486349582672119141e+00
-2.721636593341827393e-01,-2.296323537826538086e+00
-7.423908710479736328e-01,-1.104463815689086914e+00
9.411451220512390137e-01,-2.516472339630126953e+00
-1.072992920875549316e+00,-1.317005157470703125e+00
-8.511884212493896484e-01,-1.147604584693908691e+00
9.998146295547485352e-01,-2.824543714523315430e+00
-5.791748166084289551e-01,-3.342701196670532227e+00
-3.166008889675140381e-01,-1.465669274330139160e+00
-7.705154418945312500e-01,-1.168090939521789551e+00
-2.246103435754776001e-01,-7.810117602348327637e-01
8.973059654235839844e-01,-1.717517852783203125e+00
-1.660635352134704590e+00,-5.869737863540649414e-01
-1.787181138992309570e+00,6.837081313133239746e-01
-2.668759822845458984e+00,4.786142706871032715e-01
1.135490164160728455e-01,-2.730412244796752930e+00
2.010163515806198120e-01,-1.968098521232604980e+00
-7.872678637504577637e-01,-2.231688737869262695e+00
-2.580103576183319092e-01,-1.641841888427734375e+00
-8.962539434432983398e-01,-1.681237339973449707e+00
-1.762723088264465332e+00,-6.534361839294433594e-01
-2.669800519943237305e-01,-1.559291839599609375e+00
1.051058530807495117e+00,-1.164555430412292480e+00
5.310375094413757324e-01,-5.418676137924194336e-01
3.667489290237426758e-01,-4.427788734436035156e+00
-2.444257736206054688e+00,-5.226308107376098633e-01
-6.888596415519714355e-01,-1.753147602081298828e+00
2.464146375656127930e+00,-5.040084362030029297e+00
3.741522789001464844e+00,-4.874393463134765625e+00
-2.206675529479980469e+00,4.522933959960937500e-01
1.021198511123657227e+00,-3.329293966293334961e+00
3.926297664642333984e+00,-3.167105197906494141e+00
-2.499126195907592773e+00,-5.330481529235839844e-01
1.822057723999023438e+00,-3.716607332229614258e+00
9.982596635818481445e-01,-2.411192655563354492e+00
4.605179131031036377e-01,-1.932664215564727783e-01
1.229354858398437500e+00,-2.261205434799194336e+00
-3.910043835639953613e-01,-6.859646439552307129e-01
-2.202373147010803223e-01,-1.884639859199523926e+00
-7.412766814231872559e-01,-2.339618682861328125e+00
4.189711570739746094e+00,-3.717605829238891602e+00
-1.138917207717895508e+00,-1.630208969116210938e+00
-7.691853642463684082e-01,-2.064216136932373047e+00
-6.307319998741149902e-01,-2.280609130859375000e+00
1.156642794609069824e+00,-3.231669187545776367e+00
3.521992266178131104e-02,-1.266573071479797363e+00
-1.504253029823303223e+00,5.818575620651245117e-01
-1.479485034942626953e+00,-8.833451867103576660e-01
5.735265612602233887e-01,-7.085372209548950195e-01
8.902575373649597168e-01,-1.481242775917053223e+00
1.047337055206298828e+00,-1.523119568824768066e+00
9.568220376968383789e-01,-9.626848101615905762e-01
3.741522789001464844e+00,-4.874393463134765625e+00
-1.072992920875549316e+00,-1.317005157470703125e+00
1.067280769348144531e+00,-1.985962986946105957e+00
-6.878663897514343262e-01,-2.029316425323486328e+00
7.441973090171813965e-01,-1.190800309181213379e+00
-1.796745061874389648e+00,-2.520227134227752686e-01
-1.457237005233764648e+00,6.091474294662475586e-01
2.578724622726440430e+00,-3.394551515579223633e+00
-8.487678170204162598e-01,-2.143988370895385742e+00
-5.723245143890380859e-01,-2.017066717147827148e+00
-1.815918326377868652e+00,1.697221547365188599e-01
-2.119525671005249023e+00,-3.594452142715454102e-01
8.417194485664367676e-01,-1.054373860359191895e+00
1.275979876518249512e+00,-6.053267717361450195e-01
-1.466604232788085938e+00,-8.150296211242675781e-01
1.008348345756530762e+00,-1.476306796073913574e+00
-7.412235736846923828e-01,-2.458074331283569336e+00
-1.162891387939453125e+00,-2.700646877288818359e+00
3.237871885299682617e+00,-3.499309301376342773e+00
6.567456126213073730e-01,-9.788985848426818848e-01
-7.340023517608642578e-01,-1.042918443679809570e+00
1.657672762870788574e+00,-3.714822530746459961e-01
-9.055531620979309082e-01,-1.429356455802917480e+00
5.073004961013793945e-01,-1.881154179573059082e+00
7.596071958541870117e-01,-4.072315096855163574e-01
4.507946968078613281e-01,-3.008529543876647949e-01
-6.846972107887268066e-01,-2.022874832153320312e+00
-6.057964563369750977e-01,-1.396501064300537109e-01
-5.617612600326538086e-01,-6.365407705307006836e-01
3.401286602020263672e-01,-1.840009450912475586e+00
6.140402555465698242e-01,-7.959631085395812988e-01
-7.342608571052551270e-01,-1.837671518325805664e+00
1.597047805786132812e+00,-3.180134057998657227e+00
-9.030558466911315918e-01,-1.273455500602722168e+00
-1.406037569046020508e+00,1.100949048995971680e-01
-6.323723196983337402e-01,-1.478441715240478516e+00
-1.562347412109375000e-01,-7.150437831878662109e-01
-1.432659864425659180e+00,-2.776689529418945312e-01
-8.262178301811218262e-01,-1.526517271995544434e+00
-1.143135316669940948e-02,-1.461596131324768066e+00
5.295810103416442871e-02,-1.723437905311584473e+00
3.854044377803802490e-01,-2.964459061622619629e-01
-9.879261255264282227e-01,-2.957484722137451172e+00
1.912598758935928345e-01,-1.478358030319213867e+00
-1.097031354904174805e+00,-1.347404360771179199e+00
-1.245326042175292969e+00,-3.163149952888488770e-01
-2.750663757324218750e-01,-2.284093856811523438e+00
2.540666759014129639e-01,-8.804407715797424316e-01
-8.473610281944274902e-01,-1.037152051925659180e+00
-9.080992639064788818e-02,-4.922579526901245117e-01
-1.504253029823303223e+00,5.818575620651245117e-01
4.584410190582275391e-01,-6.494213342666625977e-01
-1.229189515113830566e+00,-1.820863962173461914e+00
8.986179828643798828e-01,-1.952448368072509766e+00
-1.701696664094924927e-01,-8.570629954338073730e-01
3.557273745536804199e-02,-1.320681571960449219e+00
1.284519910812377930e+00,-4.213467597961425781e+00
-5.335210561752319336e-01,-1.859135925769805908e-01
-7.272044420242309570e-01,-2.272058963775634766e+00
-2.278362035751342773e+00,-6.026955842971801758e-01
-6.881533861160278320e-01,-2.270444154739379883e+00
-7.731660604476928711e-01,-1.500757932662963867e+00
-2.205376386642456055e+00,-6.677683591842651367e-01
-2.165563106536865234e+00,-5.768916010856628418e-02
9.105653762817382812e-01,-1.383596301078796387e+00
-1.124151110649108887e+00,-3.296944856643676758e+00
1.957879185676574707e+00,-4.598065853118896484e+00
8.749053478240966797e-01,-2.390813380479812622e-01
3.263921260833740234e+00,-3.628677129745483398e+00
9.301977753639221191e-01,-1.606168985366821289e+00
3.716802597045898438e-01,-1.544092893600463867e+00
9.620569944381713867e-01,-1.770472407341003418e+00
-5.102923512458801270e-02,-1.840687632560729980e+00
2.623259723186492920e-01,-1.044831633567810059e+00
7.379900813102722168e-01,-7.393686771392822266e-01
1.058736801147460938e+00,-1.949400424957275391e+00
-1.845919847488403320e+00,7.843980193138122559e-01
-4.998431205749511719e-01,-2.825452566146850586e+00
-2.696067094802856445e-01,-6.326222419738769531e-01
1.000133633613586426e+00,-1.843118309974670410e+00
2.477124214172363281e+00,-5.105031967163085938e+00
-1.261557340621948242e+00,-1.520330786705017090e+00
9.021854996681213379e-01,-1.716260790824890137e+00
-2.227078199386596680e+00,-1.512061655521392822e-01
-1.429180502891540527e+00,-6.933833360671997070e-01
9.829356670379638672e-01,-1.232677459716796875e+00
2.004767060279846191e-01,-1.960527062416076660e+00
9.058357477188110352e-01,-1.713467121124267578e+00
9.279245734214782715e-01,-7.366878390312194824e-01
-1.052804112434387207e+00,-2.981712222099304199e-01
5.310048907995223999e-02,-2.580799102783203125e+00
6.140402555465698242e-01,-7.959631085395812988e-01
1.011181473731994629e+00,-1.972052097320556641e+00
6.153262853622436523e-01,-1.989334821701049805e+00
-9.198784232139587402e-01,-1.365575313568115234e+00
1.162195920944213867e+00,-2.048569202423095703e+00
8.749053478240966797e-01,-2.390813380479812622e-01
1.100370958447456360e-01,-1.043691754341125488e+00
1.817204207181930542e-01,-4.366732239723205566e-01
3.243203163146972656e-01,-2.589725494384765625e+00
-1.712404489517211914e-01,-8.294882178306579590e-01
-7.691853642463684082e-01,-2.064216136932373047e+00
2.396423578262329102e+00,-3.535950899124145508e+00
-9.090572595596313477e-01,-1.377158045768737793e+00
-1.029102683067321777e+00,-2.232942342758178711e+00
-2.135600000619888306e-01,-1.091312766075134277e+00
5.721481442451477051e-01,-1.314771175384521484e+00
4.507946968078613281e-01,-3.008529543876647949e-01
8.437380790710449219e-01,-1.515315055847167969e+00
-5.995670557022094727e-01,-1.686351299285888672e+00
-8.896885514259338379e-01,-1.285223841667175293e+00
-4.899311065673828125e-01,-2.683507204055786133e+00
-2.735049486160278320e+00,-9.701672196388244629e-02
-1.284683942794799805e+00,5.029390752315521240e-02
1.067914009094238281e+00,-1.237357974052429199e+00
-1.430235803127288818e-01,-8.725200891494750977e-01
-4.509433805942535400e-01,-1.746325016021728516e+00
-2.016549855470657349e-01,-1.286537289619445801e+00
-7.695359587669372559e-01,-2.027941703796386719e+00
-1.626595973968505859e+00,8.225151896476745605e-01
8.221458792686462402e-01,-1.307165265083312988e+00
-5.048768520355224609e-01,-7.275980710983276367e-01
2.797434292733669281e-02,-1.570433497428894043e+00
-9.369810819625854492e-01,-1.405671834945678711e+00
7.871604561805725098e-01,-9.572973847389221191e-01
1.008949875831604004e+00,-1.130695700645446777e+00
-1.136364936828613281e+00,-1.386954426765441895e+00
2.540666759014129639e-01,-8.804407715797424316e-01
1.437015533447265625e-01,-6.357906460762023926e-01
4.218706190586090088e-01,-3.588494062423706055e-01
7.834444046020507812e-01,-1.325486183166503906e+00
-2.105481475591659546e-01,-4.953374266624450684e-01
-8.483585119247436523e-01,-2.230786323547363281e+00
3.299075663089752197e-01,-1.134131550788879395e+00
-1.299467921257019043e+00,-1.756991624832153320e+00
1.217378899455070496e-01,-1.666821479797363281e+00
-3.327231884002685547e+00,9.245024323463439941e-01
1.930126845836639404e-01,-1.967595338821411133e+00
2.539679765701293945e+00,-4.152183532714843750e+00
9.565418958663940430e-01,-1.733718037605285645e+00
6.567456126213073730e-01,-9.788985848426818848e-01
-9.499096870422363281e-02,-1.287034392356872559e+00
-7.088137865066528320e-01,-1.614367485046386719e+00
-6.337824463844299316e-01,-2.277547359466552734e+00
1.750036597251892090e+00,-4.658315658569335938e+00
-1.097031354904174805e+00,-1.347404360771179199e+00
-7.561551332473754883e-01,-1.475728392601013184e+00
-1.631351470947265625e+00,8.526954054832458496e-01
-1.031836628913879395e+00,-2.549695968627929688e+00
9.377623200416564941e-01,-1.105733156204223633e+00
7.131586670875549316e-01,-1.178989291191101074e+00
9.706954360008239746e-01,-1.655844330787658691e+00
4.524413347244262695e-01,-8.318746685981750488e-01
1.021786570549011230e+00,-9.744314551353454590e-01
-1.540899723768234253e-01,-1.036943674087524414e+00
7.494672536849975586e-01,-1.446049571037292480e+00
-8.478761315345764160e-01,-2.291475534439086914e+00
-1.289709925651550293e+00,-7.348040342330932617e-01
2.200707793235778809e-01,-1.486799716949462891e+00
1.132928013801574707e+00,-1.347649216651916504e+00
-1.325534939765930176e+00,-9.578480720520019531e-01
-4.196132123470306396e-01,-2.748349905014038086e+00
3.581831157207489014e-01,-1.507093667984008789e+00
9.040160775184631348e-01,-1.117826342582702637e+00
8.905564546585083008e-01,-1.038630723953247070e+00
1.106853961944580078e+00,-4.338298797607421875e+00
9.738100767135620117e-01,-1.815625786781311035e+00
2.894794046878814697e-01,-1.929993152618408203e+00
9.569363594055175781e-01,-1.776396870613098145e+00
-7.990655303001403809e-01,-2.864365816116333008e+00
-7.753478884696960449e-01,-1.428131937980651855e+00
-1.040465831756591797e+00,-2.307197004556655884e-01
-6.337824463844299316e-01,-2.277547359466552734e+00
8.534245491027832031e-01,-1.457098126411437988e+00
6.624528765678405762e-02,-1.659537553787231445e+00
1.661617010831832886e-01,-1.751402854919433594e+00
1.037374734878540039e+00,-1.795359253883361816e+00
-8.743426203727722168e-01,-2.392302274703979492e+00
1.173158645629882812e+00,-2.276733636856079102e+00
-4.592475891113281250e-01,-6.493645310401916504e-01
1.021198511123657227e+00,-3.329293966293334961e+00
1.122913599014282227e+00,-1.611711978912353516e+00
-2.557132542133331299e-01,-1.920831561088562012e+00
9.568444490432739258e-01,-1.767845988273620605e+00
-1.412531852722167969e+00,-9.681976437568664551e-01
4.109760284423828125e+00,-6.070736408233642578e+00
9.568220376968383789e-01,-9.626848101615905762e-01
-6.057953238487243652e-01,-2.340991258621215820e+00
9.074313044548034668e-01,-1.421992182731628418e+00
-1.934648752212524414e-01,-8.589476346969604492e-01
-1.848473072052001953e+00,-1.676721423864364624e-01
9.251305460929870605e-01,-1.657318234443664551e+00
-3.485130667686462402e-01,-6.713655591011047363e-01
-9.386054277420043945e-01,-1.230756640434265137e+00
-9.910261034965515137e-01,-2.475645542144775391e+00
-7.887943387031555176e-01,-1.354086518287658691e+00
-1.223084688186645508e+00,-9.354471564292907715e-01
-3.045615851879119873e-01,-1.742822289466857910e+00
-9.001429677009582520e-01,-1.509738206863403320e+00
-1.046676754951477051e+00,-1.671855449676513672e+00
1.463731527328491211e-01,-1.760331630706787109e+00
-1.334542632102966309e+00,-6.258336305618286133e-01
-1.751960217952728271e-01,-1.081636905670166016e+00
-8.733418583869934082e-01,-2.239286899566650391e+00
-7.735938429832458496e-01,-1.122717976570129395e+00
-2.264032602310180664e+00,-6.961751580238342285e-01
-9.323096275329589844e-02,-1.845132231712341309e+00
5.148000121116638184e-01,-1.885601878166198730e+00
-3.078258335590362549e-01,-1.514949440956115723e+00
-1.161579370498657227e+00,-4.312041997909545898e-01
9.054014086723327637e-02,-1.533257246017456055e+00
3.525552272796630859e+00,-4.147463321685791016e+00
-1.326097965240478516e+00,-3.011331558227539062e-01
1.168239831924438477e+00,-2.311533212661743164e+00
2.352244406938552856e-01,-1.600553750991821289e+00
1.067562818527221680e+00,-2.694311380386352539e+00
9.032629728317260742e-01,-1.226418614387512207e+00
-1.853063941001892090e+00,5.402594804763793945e-01
-5.244075655937194824e-01,-3.682274103164672852e+00
-4.899311065673828125e-01,-2.683507204055786133e+00
2.508541010320186615e-02,-1.434094548225402832e+00
-1.374517202377319336e+00,-2.609109401702880859e+00
-7.842774391174316406e-01,-1.684640288352966309e+00
1.234017238020896912e-01,-1.423795461654663086e+00
-1.900899171829223633e+00,-7.407007813453674316e-01
-6.097046136856079102e-01,-2.153533458709716797e+00
3.040400743484497070e+00,-3.878998279571533203e+00
-7.797444462776184082e-01,-2.075216293334960938e+00
-9.968611598014831543e-01,-1.368482232093811035e+00
-2.666696548461914062e+00,4.174298644065856934e-01
-1.303098917007446289e+00,-8.467628359794616699e-01
1.026932239532470703e+00,-1.820908188819885254e+00
8.462222814559936523e-01,-9.270991683006286621e-01
-2.347664356231689453e+00,-7.287098169326782227e-01
-1.196455121040344238e+00,-6.470748782157897949e-01
-1.426571011543273926e+00,-3.303533792495727539e-01
-1.203857302665710449e+00,-1.672676563262939453e+00
-1.507899761199951172e+00,-8.010667562484741211e-01
-6.287307739257812500e-01,-2.039087295532226562e+00
8.406166434288024902e-01,-1.042768001556396484e+00
-8.743426203727722168e-01,-2.392302274703979492e+00
-3.552211523056030273e-01,-5.408200025558471680e-01
-1.775428295135498047e+00,-2.651230692863464355e-01
-7.376456856727600098e-01,-2.179169416427612305e+00
-6.218711733818054199e-01,4.314651489257812500e-01
4.278744161128997803e-01,-5.893763899803161621e-01
-1.042677283287048340e+00,-1.294750690460205078e+00
2.018260359764099121e-01,-2.059412002563476562e+00
-3.890427052974700928e-01,-7.928162813186645508e-01
-5.625563263893127441e-01,-1.973497629165649414e+00
1.057752132415771484e+00,-1.798805952072143555e+00
9.576312303543090820e-01,-1.299781322479248047e+00
8.554210513830184937e-02,-2.903870105743408203e+00
9.505832195281982422e-01,-1.231200695037841797e+00
-2.979299724102020264e-01,-6.420736908912658691e-01
-8.494963049888610840e-01,-1.439067840576171875e+00
2.120351552963256836e+00,-3.695339918136596680e+00
-1.688292264938354492e+00,-9.825868606567382812e-01
-2.505187273025512695e+00,-3.177980780601501465e-01
-1.428681850433349609e+00,-5.372535586357116699e-01
1.661617010831832886e-01,-1.751402854919433594e+00
-2.932089567184448242e+00,2.723203301429748535e-01
-1.671978950500488281e+00,-2.044886946678161621e-01
-1.776896476745605469e+00,-1.818509817123413086e+00
2.980291366577148438e+00,-4.912874221801757812e+00
6.569902896881103516e-01,-3.647696018218994141e+00
2.707301378250122070e-01,-1.668218612670898438e+00
-1.079101085662841797e+00,-2.782873153686523438e+00
-8.573981374502182007e-02,-5.592291951179504395e-01
-9.690315127372741699e-01,-1.315876245498657227e+00
-1.752779841423034668e+00,-9.749910831451416016e-01
2.645823240280151367e+00,-6.449208736419677734e+00
1.229199886322021484e+00,-2.616865158081054688e+00
-1.136364936828613281e+00,-1.386954426765441895e+00
-8.084735274314880371e-01,-1.918713092803955078e+00
9.719190746545791626e-02,-1.778666496276855469e+00
-1.671361684799194336e+00,-2.384578138589859009e-01
6.285893917083740234e-02,-1.571853876113891602e+00
-8.813567757606506348e-01,-3.487771749496459961e-01
8.062961101531982422e-01,-1.088362336158752441e+00
3.190190076828002930e+00,-3.427982568740844727e+00
-8.487678170204162598e-01,-2.143988370895385742e+00
2.396423578262329102e+00,-3.535950899124145508e+00
5.755162239074707031e-02,-1.206542134284973145e+00
-1.189753174781799316e+00,-1.240722894668579102e+00
1.043202519416809082e+00,-2.523663520812988281e+00
1.954534411430358887e+00,-3.682769536972045898e+00
3.434976577758789062e+00,-3.466471195220947266e+00
1.010600566864013672e+00,-1.457734942436218262e+00
-2.284301817417144775e-01,-2.085952281951904297e+00
-4.002885520458221436e-01,-9.948166012763977051e-01
-3.411328196525573730e-01,-2.264796733856201172e+00
-7.980451583862304688e-01,-2.213264465332031250e+00
-5.272338390350341797e-01,-3.028513669967651367e+00
7.122589349746704102e-01,-8.253979682922363281e-01
9.836786985397338867e-01,-5.426412224769592285e-01
1.467081785202026367e+00,-7.546613812446594238e-01
-9.271677136421203613e-01,-2.161000251770019531e+00
-2.145909667015075684e-01,-7.992864251136779785e-01
6.995187997817993164e-01,-1.676964879035949707e+00
3.199466466903686523e-01,-1.211883425712585449e+00
9.142466783523559570e-01,-1.380651473999023438e+00
-2.552821934223175049e-01,-2.712574481964111328e+00
1.039982080459594727e+00,-1.845310091972351074e+00
-7.789360880851745605e-01,-1.209343314170837402e+00
-1.035769104957580566e+00,-2.090028524398803711e+00
-8.676581382751464844e-01,-2.000308275222778320e+00
1.081418991088867188e+00,-1.753250598907470703e+00
8.313943743705749512e-01,-2.148240089416503906e+00
-5.132160782814025879e-01,-3.329266548156738281e+00
8.734462261199951172e-01,-1.585237026214599609e+00
1.077383875846862793e+00,-1.333599090576171875e+00
8.080005049705505371e-01,-5.906457304954528809e-01
-2.563839673995971680e+00,1.062946081161499023e+00
-2.263700723648071289e+00,5.781763792037963867e-01
-7.885343432426452637e-01,-1.989318370819091797e+00
-2.284474074840545654e-01,-1.607731103897094727e+00
-4.942770004272460938e-01,-2.832057714462280273e+00
8.739513754844665527e-01,-1.065253615379333496e+00
8.542941808700561523e-01,-7.758941054344177246e-01
-9.806507080793380737e-02,-1.462160825729370117e+00
-4.501084089279174805e-01,-1.426091790199279785e+00
-8.712009191513061523e-01,-1.107109665870666504e+00
-1.812564581632614136e-01,-7.751452922821044922e-01
-9.569683074951171875e-01,-1.236311316490173340e+00
1.888448119163513184e+00,-1.870405912399291992e+00
-1.731400847434997559e+00,-6.252981424331665039e-01
-9.732708930969238281e-01,-2.695587158203125000e+00
-1.095701217651367188e+00,-1.122831344604492188e+00
6.610062718391418457e-01,-8.246216177940368652e-01
4.804084450006484985e-02,-8.461357951164245605e-01
-7.769830822944641113e-01,-2.050204515457153320e+00
-2.281237840652465820e+00,-3.239712715148925781e-01
-1.249653220176696777e+00,-4.872178435325622559e-01
-3.899435400962829590e-01,-6.091746091842651367e-01
-7.388018369674682617e-01,-1.895647287368774414e+00
-7.081558108329772949e-01,-2.333693981170654297e+00
1.523383378982543945e+00,-8.518375754356384277e-01
-1.184087753295898438e+00,-3.166215181350708008e+00
1.337833404541015625e+00,-3.596745967864990234e+00
-1.351107239723205566e+00,9.106028676033020020e-01
-2.550520896911621094e+00,2.093527764081954956e-01
5.508629083633422852e-01,-1.968130469322204590e+00
4.717482924461364746e-01,-2.238611459732055664e+00
-2.329434603452682495e-01,-1.434258103370666504e+00
-1.689542382955551147e-01,-8.854322433471679688e-01
-2.018086671829223633e+00,-3.992546200752258301e-01
9.182220697402954102e-01,-1.359150528907775879e+00
-3.393256068229675293e-01,-6.044745445251464844e-01
-1.097055554389953613e+00,-2.137857913970947266e+00
-1.464513659477233887e+00,-6.457454562187194824e-01
-8.014986515045166016e-01,-1.152462244033813477e+00
2.659639716148376465e-01,-3.101395368576049805e+00
-3.453520536422729492e-01,-1.481399536132812500e+00
-1.038717508316040039e+00,-1.246639966964721680e+00
8.684638738632202148e-01,-1.658576369285583496e+00
1.059696555137634277e+00,-2.012810707092285156e+00
7.648384571075439453e-01,-8.275406360626220703e-01
-2.508444309234619141e+00,3.383617401123046875e-01
1.596421957015991211e+00,-3.360428094863891602e+00
-2.985107004642486572e-01,-2.699587345123291016e+00
1.217378899455070496e-01,-1.666821479797363281e+00
6.222662925720214844e-01,-9.743511676788330078e-01
-9.499096870422363281e-02,-1.287034392356872559e+00
5.914482474327087402e-01,-1.056762218475341797e+00
1.067694902420043945e+00,-1.514945626258850098e+00
5.869258642196655273e-01,-4.222022056579589844e+00
-1.364004373550415039e+00,-1.253991723060607910e+00
-5.225908160209655762e-01,-3.538320779800415039e+00
-7.340023517608642578e-01,-1.042918443679809570e+00
-7.976733446121215820e-01,-1.260167360305786133e+00
-2.131139993667602539e+00,-1.761205494403839111e-01
-1.245867490768432617e+00,-2.735203266143798828e+00
7.897059917449951172e-01,-1.354601740837097168e+00
1.109822630882263184e+00,-1.329698443412780762e+00
2.558575630187988281e+00,-2.307047367095947266e+00
-1.004799962043762207e+00,-1.473369717597961426e+00
-8.051145076751708984e-01,-2.339412927627563477e+00
1.907198548316955566e+00,-3.758816480636596680e+00
8.921540975570678711e-01,-1.482464671134948730e+00
-1.003797888755798340e+00,-2.331578016281127930e+00
4.684777259826660156e-01,-1.225781083106994629e+00
8.164427280426025391e-01,-1.388017535209655762e+00
-4.586573839187622070e-01,-8.682938814163208008e-01
1.088295817375183105e+00,-7.860096693038940430e-01
-8.576330542564392090e-01,-2.322103738784790039e+00
-6.966758966445922852e-01,-1.990029454231262207e+00
-2.666696548461914062e+00,4.174298644065856934e-01
-2.594503879547119141e+00,-3.370599150657653809e-01
-1.874959945678710938e+00,3.152471780776977539e-01
1.150083661079406738e+00,-1.596741795539855957e+00
-9.306392073631286621e-01,-2.959924459457397461e+00
8.766402006149291992e-01,-1.083400487899780273e+00
7.247549295425415039e-01,-1.174750804901123047e+00
-1.798276066780090332e+00,-3.639085292816162109e-01
-1.203393563628196716e-01,-9.294441342353820801e-01
4.422191083431243896e-01,-3.499642372131347656e+00
1.213961616158485413e-01,-1.521346688270568848e+00
-1.136193394660949707e+00,-1.033569216728210449e+00
-2.152202427387237549e-01,-7.712792754173278809e-01
-9.712866544723510742e-01,-1.078333020210266113e+00
-1.430235803127288818e-01,-8.725200891494750977e-01
-7.695359587669372559e-01,-2.027941703796386719e+00
7.910847663879394531e-02,-1.567861318588256836e+00
1.168017029762268066e+00,-8.036362528800964355e-01
-1.061126112937927246e+00,-1.521975636482238770e+00
-2.121798753738403320e+00,4.089903235435485840e-01
8.665761351585388184e-01,-1.131462931632995605e+00
9.871313571929931641e-01,-1.375264644622802734e+00
-8.879815936088562012e-01,-2.062194108963012695e+00
7.551851272583007812e-01,-8.589926362037658691e-01
1.657672762870788574e+00,-3.714822530746459961e-01
-7.165503501892089844e-01,-2.182850837707519531e+00
1.020727515220642090e+00,-1.939167737960815430e+00
-5.807781815528869629e-01,-1.811487555503845215e+00
-1.815918326377868652e+00,1.697221547365188599e-01
-9.401351809501647949e-01,-2.685598433017730713e-01
1.061217784881591797e+00,-1.373917102813720703e+00
2.895861864089965820e-01,-7.829135060310363770e-01
-2.757804095745086670e-01,-1.782534599304199219e+00
8.877723813056945801e-01,-1.507669329643249512e+00
1.134777903556823730e+00,-1.657401680946350098e+00
8.799679279327392578e-01,-1.416141152381896973e+00
3.735868453979492188e+00,-3.183334112167358398e+00
-4.269029200077056885e-01,-1.909302711486816406e+00
5.325973629951477051e-01,-3.986731767654418945e+00
2.988286316394805908e-01,-2.922356843948364258e+00
1.000703573226928711e+00,-4.556564807891845703e+00
-5.387743711471557617e-01,-1.700689673423767090e+00
-6.569305062294006348e-01,-2.067028045654296875e+00
-1.161133885383605957e+00,-3.329972028732299805e-01
-9.206315129995346069e-02,-6.816963553428649902e-01
1.194400906562805176e+00,-4.864965677261352539e-01
-2.284301817417144775e-01,-2.085952281951904297e+00
-6.487277746200561523e-01,-2.089179754257202148e+00
3.134129047393798828e+00,-3.937246084213256836e+00
-1.540613055229187012e+00,6.917654871940612793e-01
-6.049819588661193848e-01,-1.837166428565979004e+00
-2.142966985702514648e+00,-4.918800592422485352e-01
1.018025398254394531e+00,-1.829225420951843262e+00
-3.505301237106323242e+00,6.817954778671264648e-01
-6.054170131683349609e-01,-1.766615033149719238e+00
-1.934283673763275146e-01,-7.485685944557189941e-01
-2.742461919784545898e+00,9.764413237571716309e-01
-1.793233633041381836e+00,-1.952986419200897217e-01
-2.669800519943237305e-01,-1.559291839599609375e+00
9.693964719772338867e-01,-1.207060456275939941e+00
1.451424121856689453e+00,-7.797620892524719238e-01
6.819457411766052246e-01,-3.019793629646301270e-01
-6.304864883422851562e-01,-1.736773014068603516e+00
-8.357236385345458984e-01,-1.359634995460510254e+00
1.196205429732799530e-02,-1.787014722824096680e+00
-1.329700112342834473e+00,-2.619910955429077148e+00
1.039662480354309082e+00,-2.194516181945800781e+00
-4.523826837539672852e-01,-2.051231145858764648e+00
-8.110685944557189941e-01,-1.996676564216613770e+00
7.359496355056762695e-01,-8.673793077468872070e-01
-1.076243162155151367e+00,-1.234341621398925781e+00
3.018079280853271484e+00,-3.468312025070190430e+00
-8.676525354385375977e-01,-2.009951114654541016e+00
-1.038599252700805664e+00,-1.405700564384460449e+00
-7.393902540206909180e-01,-2.210686206817626953e+00
9.416241645812988281e-01,-1.527845263481140137e+00
-6.524886488914489746e-01,-2.599706172943115234e+00
-1.711626350879669189e-01,-8.234376311302185059e-01
3.831146657466888428e-02,-1.686007857322692871e+00
-1.557817935943603516e+00,-1.997801214456558228e-01
1.451424121856689453e+00,-7.797620892524719238e-01
4.282925128936767578e-01,-1.094650030136108398e+00
-1.347912907600402832e+00,-1.361482977867126465e+00
-9.624870419502258301e-01,-2.624388694763183594e+00
8.502924442291259766e-01,-1.289659261703491211e+00
-1.920096635818481445e+00,-3.992367982864379883e-01
-1.232075810432434082e+00,-1.493300795555114746e+00
-9.522696733474731445e-01,-1.343483686447143555e+00
2.049534320831298828e+00,-7.949808239936828613e-01
-2.471153140068054199e-01,-1.643264412879943848e+00
9.821782708168029785e-01,-1.295982480049133301e+00
1.790068864822387695e+00,-3.203043937683105469e+00
4.572043418884277344e-01,-1.426776289939880371e+00
-3.428771495819091797e-01,-9.924304485321044922e-01
-6.695427894592285156e-01,-1.417751312255859375e+00
-1.336857795715332031e+00,-3.197056651115417480e-01
1.112605452537536621e+00,-2.339100837707519531e+00
4.375462532043457031e-01,-5.946345925331115723e-01
-8.841436505317687988e-01,-1.989049196243286133e+00
-4.594473540782928467e-01,-1.808814287185668945e+00
-1.337902396917343140e-01,-2.916793107986450195e+00
7.481344342231750488e-01,-8.079910874366760254e-01
7.646005153656005859e-01,-6.791449189186096191e-01
-1.020967125892639160e+00,-2.816696405410766602e+00
-1.744910001754760742e+00,2.208246737718582153e-01
1.233224049210548401e-01,-1.326913237571716309e+00
-7.617365121841430664e-01,-1.191944599151611328e+00
-1.701412916183471680e+00,-8.069390654563903809e-01
8.266984224319458008e-01,-9.878534674644470215e-01
-1.286911964416503906e+00,-5.884221792221069336e-01
-1.712404489517211914e-01,-8.294882178306579590e-01
1.043202519416809082e+00,-2.523663520812988281e+00
-1.166090488433837891e+00,-4.382774233818054199e-01
9.611106514930725098e-01,-1.467919707298278809e+00
-9.001917839050292969e-01,-2.072232961654663086e+00
1.930126845836639404e-01,-1.967595338821411133e+00
-9.176988005638122559e-01,-1.934054970741271973e+00
-1.690278500318527222e-01,-1.284951567649841309e+00
-7.131748199462890625e-01,-1.835030913352966309e+00
5.660293102264404297e-01,-2.506676673889160156e+00
5.315022915601730347e-02,-1.583946228027343750e+00
1.182269811630249023e+00,-1.318945169448852539e+00
9.106511473655700684e-01,-3.006836175918579102e-01
-6.060139536857604980e-01,-1.735189676284790039e+00
8.460409641265869141e-01,-3.011528968811035156e+00
6.589547544717788696e-02,-1.484359502792358398e+00
8.975118398666381836e-01,-1.535393118858337402e+00
2.450594305992126465e-01,-2.352422475814819336e+00
1.078249454498291016e+00,-2.263370037078857422e+00
-1.625324964523315430e+00,-7.470641136169433594e-01
1.119900584220886230e+00,-1.780037283897399902e+00
2.424723148345947266e+00,-4.649054527282714844e+00
1.048965096473693848e+00,-1.717362642288208008e+00
-5.279301404953002930e-01,-2.444393873214721680e+00
6.019471287727355957e-01,-2.076308250427246094e+00
-5.073497891426086426e-01,-2.175417184829711914e+00
-6.694340109825134277e-01,-2.548782587051391602e+00
-9.326971769332885742e-01,-1.361583471298217773e+00
-8.333684206008911133e-01,-2.145192146301269531e+00
-3.540304601192474365e-01,-6.672055125236511230e-01
5.063872337341308594e-01,-2.475346326828002930e+00
3.907245397567749023e-01,-1.985423326492309570e+00
-2.742461919784545898e+00,9.764413237571716309e-01
-1.532697916030883789e+00,-5.150190591812133789e-01
8.824471831321716309e-01,-1.914871692657470703e+00
2.334874570369720459e-01,-6.391276121139526367e-01
-7.788454890251159668e-01,-1.975484251976013184e+00
1.020727515220642090e+00,-1.939167737960815430e+00
2.159771919250488281e-01,-1.556764245033264160e+00
-1.240585923194885254e+00,-6.167415976524353027e-01
-2.175491571426391602e+00,3.955270051956176758e-01
-1.166199445724487305e+00,-1.892847776412963867e+00
-2.206675529479980469e+00,4.522933959960937500e-01
3.901994824409484863e-01,-3.183218955993652344e+00
1.444238424301147461e-01,-1.068362951278686523e+00
-1.171573996543884277e+00,-1.307290196418762207e+00
-1.428298354148864746e-01,-6.897222399711608887e-01
2.818852424621582031e+00,-3.789460897445678711e+00
-2.326330661773681641e+00,-4.827902913093566895e-01
-3.411328196525573730e-01,-2.264796733856201172e+00
1.039662480354309082e+00,-2.194516181945800781e+00
9.677991867065429688e-01,-1.526938676834106445e+00
8.958333730697631836e-01,-2.583658695220947266e+00
4.624744355678558350e-01,-1.451682567596435547e+00
4.806576073169708252e-01,-1.977883338928222656e+00
8.462222814559936523e-01,-9.270991683006286621e-01
-1.021276235580444336e+00,-2.386561393737792969e+00
-3.734191358089447021e-01,-1.091304183006286621e+00
-2.775205612182617188e+00,-2.764013409614562988e-01
-1.190513849258422852e+00,-7.961049675941467285e-01
-1.653099417686462402e+00,5.394263267517089844e-01
6.812351942062377930e-01,-1.266443133354187012e+00
8.502924442291259766e-01,-1.289659261703491211e+00
-2.745509147644042969e+00,6.877689361572265625e-01
1.162195920944213867e+00,-2.048569202423095703e+00
-1.358371734619140625e+00,-7.044944763183593750e-01
8.619899153709411621e-01,-9.778538346290588379e-01
-6.378152966499328613e-01,-2.127505064010620117e+00
1.083399057388305664e+00,-8.038769364356994629e-01
-8.275829553604125977e-01,-2.538023233413696289e+00
-5.998215675354003906e-01,-1.873790740966796875e+00
1.561754047870635986e-01,-2.583993196487426758e+00
-6.263107657432556152e-01,-1.656505823135375977e+00
-3.588282465934753418e-01,-1.140203833580017090e+00
-1.282515168190002441e+00,-4.393349289894104004e-01
-1.371054172515869141e+00,-4.513860344886779785e-01
-2.490268945693969727e+00,-8.709984421730041504e-01
-1.033734083175659180e+00,-1.216658711433410645e+00
7.311071157455444336e-01,-3.618462085723876953e+00
-3.261768579483032227e+00,6.869750618934631348e-01
6.589547544717788696e-02,-1.484359502792358398e+00
-8.914577960968017578e-01,-1.565074920654296875e+00
-7.156420946121215820e-01,-2.311039924621582031e+00
8.489807844161987305e-01,-1.134321093559265137e+00
-6.651442646980285645e-01,-1.874761700630187988e+00
-6.152935624122619629e-01,-1.850603222846984863e+00
1.117232322692871094e+00,-2.315098047256469727e+00
-4.743028283119201660e-01,-1.868434309959411621e+00
9.628497958183288574e-01,-5.526227951049804688e-01
-3.627566397190093994e-01,-1.271863698959350586e+00
-1.934648752212524414e-01,-8.589476346969604492e-01
-1.975451707839965820e+00,-2.687806487083435059e-01
-1.903008967638015747e-01,-6.915127635002136230e-01
1.561754047870635986e-01,-2.583993196487426758e+00
7.122431397438049316e-01,-1.344789028167724609e+00
-2.958584427833557129e-01,-1.955471396446228027e+00
-1.345371842384338379e+00,-3.125705718994140625e+00
-3.713943958282470703e-01,-2.892076969146728516e+00
-2.126967191696166992e+00,-3.883809447288513184e-01
-3.529382646083831787e-01,-2.262876987457275391e+00
8.221458792686462402e-01,-1.307165265083312988e+00
-7.776547670364379883e-01,-2.011172294616699219e+00
8.930036425590515137e-01,-1.267813324928283691e+00
1.038966655731201172e+00,-1.271775603294372559e+00
5.048840641975402832e-01,-8.269628286361694336e-01
-9.306392073631286621e-01,-2.959924459457397461e+00
4.441896378993988037e-01,-2.106462419033050537e-01
4.299993515014648438e-01,-4.822083115577697754e-01
-1.203393563628196716e-01,-9.294441342353820801e-01
-1.371249198913574219e+00,-7.278348207473754883e-01
4.611669480800628662e-01,-1.711422443389892578e+00
-9.600978493690490723e-01,-1.156661152839660645e+00
5.382094979286193848e-01,-4.005576610565185547e+00
