1.156572580337524414e+00,-5.084957480430603027e-01
1.371056675910949707e+00,-3.540976345539093018e-01
-1.006858110427856445e+00,-3.830326795578002930e-01
-1.115339756011962891e+00,-4.894407689571380615e-01
1.935849785804748535e-01,-7.808472514152526855e-01
-1.143164753913879395e+00,-2.290994673967361450e-01
5.612030625343322754e-01,8.154918551445007324e-01
-1.291270405054092407e-01,8.224142789840698242e-01
-4.066848456859588623e-01,-1.245430350303649902e+00
3.146147131919860840e-01,-1.477154850959777832e+00
-1.082636713981628418e+00,-1.873299479484558105e-01
2.242648363113403320e+00,-8.752621412277221680e-01
-2.095260322093963623e-01,-9.240357577800750732e-02
7.258746623992919922e-01,-2.123692333698272705e-01
-1.010624408721923828e+00,-3.845286667346954346e-01
-4.164853096008300781e-01,4.856379628181457520e-01
-1.125446200370788574e+00,-3.796633481979370117e-01
-4.286983609199523926e-01,2.149728834629058838e-01
4.233039021492004395e-01,-6.015964746475219727e-01
1.279241919517517090e+00,1.340120553970336914e+00
-5.119395256042480469e-02,-1.002345904707908630e-01
1.567088961601257324e+00,-6.640491485595703125e-01
6.566447764635086060e-02,4.020523130893707275e-01
-4.320273101329803467e-01,-1.380818963050842285e+00
2.096806526184082031e+00,6.102830171585083008e-01
3.584808707237243652e-01,3.799907922744750977e+00
1.620317220687866211e+00,-7.952625155448913574e-01
-1.035444855690002441e+00,-2.024248093366622925e-01
-2.623140811920166016e-01,2.868439555168151855e-01
3.268591463565826416e-01,-3.076292574405670166e-01
6.908077001571655273e-01,8.322396874427795410e-02
-2.648083209991455078e+00,-7.518370747566223145e-01
1.961405575275421143e-01,6.565056443214416504e-01
-1.276301026344299316e+00,-1.653024107217788696e-01
2.086948156356811523e+00,6.817284822463989258e-01
-1.648510932922363281e+00,-5.565438270568847656e-01
2.059165835380554199e-01,-7.982149720191955566e-01
-5.040074586868286133e-01,5.885450243949890137e-01
1.142881989479064941e+00,-1.538568496704101562e+00
3.179683089256286621e-01,-3.564441204071044922e-01
1.052759766578674316e+00,-1.226970076560974121e+00
-1.022433400154113770e+00,-5.060352683067321777e-01
5.192484855651855469e-01,1.294857859611511230e+00
1.268748283386230469e+00,-1.921865224838256836e+00
1.978019475936889648e-01,4.385140836238861084e-01
4.276780605316162109e+00,1.038386583328247070e+00
3.222602307796478271e-01,-2.925215065479278564e-01
1.081835389137268066e+00,1.317045927047729492e+00
1.195396482944488525e-02,-2.289870500564575195e+00
1.063022017478942871e+00,8.698197007179260254e-01
8.280840516090393066e-01,-2.006193399429321289e-01
4.420987963676452637e-01,4.824186265468597412e-01
1.194334149360656738e+00,-7.506119608879089355e-01
-2.029873609542846680e+00,-6.969792246818542480e-01
1.645874142646789551e+00,2.798913419246673584e-01
9.742690324783325195e-01,-1.242461800575256348e+00
9.713943004608154297e-01,-6.780449151992797852e-01
1.100861430168151855e+00,-4.109016060829162598e-01
-3.384914398193359375e-01,-4.651038944721221924e-01
1.603833913803100586e+00,-4.374519288539886475e-01
-4.139855802059173584e-01,4.800821840763092041e-01
7.507287859916687012e-01,3.775969445705413818e-01
-7.573724389076232910e-01,-4.562126994132995605e-01
-1.165722966194152832e+00,-5.315287038683891296e-03
-9.873331189155578613e-01,-7.576583027839660645e-01
1.290200829505920410e+00,2.660616159439086914e+00
-1.083920836448669434e+00,-1.833350025117397308e-02
1.650434255599975586e+00,1.487446784973144531e+00
3.697789669036865234e+00,-9.114220738410949707e-02
6.419374346733093262e-01,6.931420564651489258e-01
9.123496413230895996e-01,-1.035470843315124512e+00
7.975677251815795898e-01,-5.537195801734924316e-01
7.745594382286071777e-01,-3.808779716491699219e-01
-5.409216284751892090e-01,-3.376679718494415283e-01
1.052759766578674316e+00,-1.226970076560974121e+00
1.466910481452941895e+00,-2.282912254333496094e+00
7.679808735847473145e-01,2.422901839017868042e-01
-1.122922658920288086e+00,-2.248037010431289673e-01
-5.966377854347229004e-01,2.266657203435897827e-01
6.049349308013916016e-01,-2.061212621629238129e-02
-1.594741493463516235e-01,-1.377599090337753296e-01
2.760460376739501953e+00,-1.979074835777282715e+00
-1.645841717720031738e+00,-6.444995403289794922e-01
1.685033440589904785e+00,-9.627615809440612793e-01
8.777139782905578613e-01,1.118440389633178711e+00
-1.049119591712951660e+00,-3.724520653486251831e-02
-3.769894838333129883e-01,4.773906171321868896e-01
-2.554729580879211426e-01,-4.192689359188079834e-01
-1.243394732475280762e+00,2.507066130638122559e-01
-1.119765996932983398e+00,-1.151533871889114380e-01
2.316483497619628906e+00,1.152987360954284668e+00
6.064602136611938477e-01,1.841668337583541870e-01
5.857990384101867676e-01,6.163873076438903809e-01
9.957978725433349609e-01,8.614460378885269165e-02
4.055374115705490112e-02,1.674526631832122803e-01
3.201705694198608398e+00,4.701139926910400391e+00
8.207918405532836914e-01,1.052558064460754395e+00
1.350897550582885742e+00,-8.077377080917358398e-01
1.224864721298217773e+00,-1.701323390007019043e+00
1.041386246681213379e+00,1.170984029769897461e+00
-5.140033364295959473e-01,-3.201814591884613037e-01
1.403611302375793457e+00,-8.080201148986816406e-01
2.079303741455078125e+00,3.316354990005493164e+00
1.604322433471679688e+00,-1.142370700836181641e+00
-7.646268606185913086e-01,-4.862513840198516846e-01
-1.006046652793884277e+00,-3.409642279148101807e-01
8.027374744415283203e-01,-2.392119914293289185e-01
2.914553284645080566e-01,-1.174905300140380859e+00
5.715764760971069336e-01,-4.081262946128845215e-01
-5.026955008506774902e-01,6.400140523910522461e-01
1.421225786209106445e+00,2.978130578994750977e+00
-2.078891098499298096e-01,3.400252163410186768e-01
8.021916151046752930e-01,5.331864356994628906e-01
1.092563033103942871e+00,-1.965396761894226074e+00
3.291331231594085693e-01,6.107991337776184082e-01
1.704559564590454102e+00,4.324387907981872559e-01
-1.347134411334991455e-01,-2.730131447315216064e-01
1.913241744041442871e+00,-3.126417696475982666e-01
-1.001227125525474548e-01,-2.841787636280059814e-01
1.364631056785583496e+00,1.632235646247863770e+00
2.583201825618743896e-01,-6.161943078041076660e-01
-1.529619097709655762e+00,2.423390150070190430e+00
-1.230226755142211914e+00,-9.204697608947753906e-02
1.492985010147094727e+00,-1.665205001831054688e+00
-2.618483006954193115e-01,8.728340268135070801e-02
1.643416166305541992e+00,-8.342347741127014160e-01
-3.513881266117095947e-01,3.192257583141326904e-01
-3.230973184108734131e-01,-4.733632087707519531e+00
-2.110787332057952881e-01,8.542059063911437988e-01
-3.778370022773742676e-01,6.124386936426162720e-02
1.248376488685607910e+00,-1.326573014259338379e+00
-1.312896132469177246e+00,7.308845221996307373e-02
1.273283004760742188e+00,-2.316167056560516357e-01
-1.389038324356079102e+00,-9.104058146476745605e-01
3.575775027275085449e-01,4.793139696121215820e-01
2.094496726989746094e+00,2.431300163269042969e+00
-7.391004562377929688e-01,-9.426359534263610840e-01
-4.124209284782409668e-01,9.264139086008071899e-02
1.782110810279846191e+00,-1.814224004745483398e+00
-2.333539247512817383e+00,-8.088449835777282715e-01
-1.054588079452514648e+00,-4.080626070499420166e-01
8.777139782905578613e-01,1.118440389633178711e+00
-8.160896301269531250e-01,1.189343929290771484e+00
-5.858638286590576172e-01,-1.844829469919204712e-01
8.552501201629638672e-01,4.115888595581054688e+00
-1.022433400154113770e+00,-5.060352683067321777e-01
-9.460378289222717285e-01,-7.751538753509521484e-01
-1.082636713981628418e+00,-1.873299479484558105e-01
-1.045875668525695801e+00,-3.917842507362365723e-01
1.010446190834045410e+00,-4.546830356121063232e-01
1.599961161613464355e+00,-8.618233203887939453e-01
-7.361603379249572754e-01,-1.670022308826446533e-01
-6.326876580715179443e-03,4.195155203342437744e-01
1.762810945510864258e-01,-3.429848253726959229e-01
-1.002271533012390137e+00,-2.359898835420608521e-01
-9.506663084030151367e-01,-5.082746744155883789e-01
1.653084158897399902e+00,1.176868379116058350e-02
-1.690844774246215820e+00,-6.723425388336181641e-01
1.469981431961059570e+00,1.628874421119689941e+00
2.607600450515747070e+00,-7.932097911834716797e-01
1.393040895462036133e+00,2.051396369934082031e+00
-1.121005713939666748e-01,3.465079963207244873e-01
1.517585039138793945e+00,-1.060265183448791504e+00
-5.477787852287292480e-01,-1.511084437370300293e-01
-7.494678497314453125e-01,-8.088586330413818359e-01
2.426000684499740601e-02,3.271810412406921387e-01
6.295371651649475098e-01,-4.540646076202392578e-01
-1.039647102355957031e+00,-2.929376438260078430e-03
1.936126112937927246e+00,-3.898625373840332031e-01
-1.722106337547302246e-01,4.092169761657714844e+00
-7.851899862289428711e-01,-5.186773538589477539e-01
1.678439617156982422e+00,6.850731372833251953e-01
3.903648853302001953e+00,-1.379392266273498535e+00
1.743952631950378418e+00,8.614193201065063477e-01
-8.874548077583312988e-01,-4.902389347553253174e-01
1.964236855506896973e+00,-2.370629549026489258e+00
-1.108898520469665527e+00,1.732021927833557129e+00
1.805251240730285645e+00,-1.374389171600341797e+00
-5.409216284751892090e-01,-3.376679718494415283e-01
-3.029758930206298828e-01,1.184963941574096680e+00
-4.193977117538452148e-01,-1.108158230781555176e-01
-1.152539968490600586e+00,-2.617101185023784637e-02
3.822240531444549561e-01,-6.226909160614013672e-01
1.097509622573852539e+00,-3.488536775112152100e-01
-1.245043039321899414e+00,2.339621931314468384e-01
-1.774296998977661133e+00,-1.560424327850341797e+00
2.257057428359985352e-01,-1.220103144645690918e+00
-1.516234636306762695e+00,-1.042648673057556152e+00
-8.410837054252624512e-01,-2.782920934259891510e-02
-1.266281127929687500e+00,2.316293716430664062e-01
-7.994547486305236816e-01,-5.881739258766174316e-01
1.385653913021087646e-01,-1.315558075904846191e+00
4.600379168987274170e-01,2.995563447475433350e-01
1.313007593154907227e+00,7.050189971923828125e-01
1.313007593154907227e+00,7.050189971923828125e-01
-1.728029131889343262e+00,-6.102858781814575195e-01
8.282388448715209961e-01,-9.582557678222656250e-01
1.434782505035400391e+00,-6.350828409194946289e-01
-1.512595638632774353e-02,-1.512560963630676270e+00
7.101637125015258789e-01,-1.252420186996459961e+00
1.453188657760620117e+00,9.560064673423767090e-01
1.088399440050125122e-02,7.850040197372436523e-01
-1.078359127044677734e+00,-1.904192119836807251e-01
1.721369028091430664e+00,2.582299470901489258e+00
-2.483518719673156738e-01,4.648868143558502197e-01
1.535728216171264648e+00,-1.573422253131866455e-01
-9.778087139129638672e-01,-1.458041965961456299e-01
5.798671245574951172e-01,-1.512778043746948242e+00
-2.571039199829101562e+00,-9.920365810394287109e-01
-1.207820177078247070e+00,1.038969635963439941e+00
-7.808873653411865234e-01,2.806688845157623291e-02
-5.582619309425354004e-01,3.814414888620376587e-02
1.158291101455688477e+00,-4.029905200004577637e-01
2.408646643161773682e-01,2.551905810832977295e-01
-4.826938211917877197e-01,-7.513313293457031250e-01
1.086572408676147461e+00,-3.700986802577972412e-01
-3.502005040645599365e-01,-3.805170655250549316e-01
1.507453441619873047e+00,6.250636577606201172e-01
7.489470839500427246e-01,4.104269742965698242e-01
2.047002792358398438e+00,-1.344564795494079590e+00
8.399745821952819824e-01,-1.635498762130737305e+00
-1.589020341634750366e-01,2.722383141517639160e-01
-5.070226192474365234e-01,-4.153933823108673096e-01
1.084217309951782227e+00,5.503082871437072754e-01
1.118172168731689453e+00,1.620859265327453613e+00
4.153814613819122314e-01,-7.393153905868530273e-01
-8.612555861473083496e-01,-4.367668628692626953e-01
-1.053805112838745117e+00,3.989600658416748047e+00
-4.430744349956512451e-01,-1.095270216464996338e-01
-1.898851096630096436e-01,-7.628324627876281738e-02
-7.142158150672912598e-01,-9.336933493614196777e-02
1.347539424896240234e+00,-8.077636957168579102e-01
-3.095922768115997314e-01,1.155533194541931152e-01
-8.446833491325378418e-01,-6.528534889221191406e-01
-1.551828160881996155e-02,4.780710339546203613e-01
-5.918629765510559082e-01,6.074352562427520752e-02
-5.335107073187828064e-02,-7.875355333089828491e-02
1.021226406097412109e+00,-5.499356985092163086e-01
-1.087422132492065430e+00,1.805730611085891724e-01
-4.624114334583282471e-01,9.356512129306793213e-02
-5.525298118591308594e-01,6.696372032165527344e-01
-1.170837402343750000e+00,3.988888114690780640e-03
-9.137088060379028320e-01,-1.088893860578536987e-01
5.946696996688842773e-01,-1.015300869941711426e+00
-8.701571822166442871e-01,-1.059400439262390137e+00
-7.050973773002624512e-01,2.051424503326416016e+00
-1.076108217239379883e+00,-6.606790423393249512e-02
2.779184281826019287e-01,-4.508432149887084961e-01
-1.733234047889709473e+00,-7.725782990455627441e-01
8.517607450485229492e-01,-1.671465992927551270e+00
-8.581571578979492188e-01,3.548543900251388550e-02
-1.110653996467590332e+00,-1.428474299609661102e-02
-8.410837054252624512e-01,-2.782920934259891510e-02
2.248914241790771484e-01,-1.539698481559753418e+00
8.281536698341369629e-01,-1.657780289649963379e+00
-1.056493997573852539e+00,-2.211669385433197021e-01
-1.950349450111389160e+00,-1.476869940757751465e+00
-4.774405956268310547e-01,2.179579287767410278e-01
-1.181881070137023926e+00,-1.295789033174514771e-01
1.776622056961059570e+00,3.858168125152587891e-01
3.460327982902526855e-01,4.041905701160430908e-01
-1.010798692703247070e+00,-4.034536778926849365e-01
6.819187998771667480e-01,4.937701672315597534e-02
-1.120563507080078125e+00,-2.190348953008651733e-01
2.886825084686279297e+00,2.330120086669921875e+00
-4.453977644443511963e-01,-5.118044018745422363e-01
2.423785328865051270e-01,-1.740225791931152344e+00
-1.050114393234252930e+00,-1.714026480913162231e-01
1.027916744351387024e-01,1.643016040325164795e-01
8.682019114494323730e-01,-5.972626805305480957e-01
2.642011404037475586e+00,-1.017516732215881348e+00
4.647946655750274658e-01,-1.955556511878967285e+00
2.262169599533081055e+00,-2.551234960556030273e+00
-9.842240214347839355e-01,-1.607911288738250732e-01
5.578700900077819824e-01,7.097073793411254883e-01
3.920332491397857666e-01,-3.762015998363494873e-01
3.719781875610351562e+00,-2.412575006484985352e+00
4.407423436641693115e-01,-2.504106163978576660e-01
-1.306025385856628418e+00,2.077546268701553345e-01
-5.448986291885375977e-01,-1.198627352714538574e-01
4.896635711193084717e-01,-9.127480387687683105e-01
-1.203644633293151855e+00,2.422850392758846283e-02
1.441166996955871582e-01,-1.526446342468261719e+00
8.530735373497009277e-01,-6.319786906242370605e-01
1.061439275741577148e+00,-9.514698982238769531e-01
4.346034526824951172e-01,1.824658215045928955e-01
-1.581961214542388916e-01,-1.356347054243087769e-01
7.164764404296875000e-01,3.091446459293365479e-01
-1.966481804847717285e+00,-5.856537818908691406e-01
-1.071251630783081055e+00,6.824543476104736328e-01
1.664766907691955566e+00,-4.561614692211151123e-01
1.283401012420654297e+00,5.717184543609619141e-01
8.792129158973693848e-01,7.335190176963806152e-01
2.899700641632080078e+00,9.555766582489013672e-01
-1.082390546798706055e+00,-3.399530351161956787e-01
-6.832274198532104492e-01,-8.129452466964721680e-01
1.136500358581542969e+00,-4.093323051929473877e-01
2.580371797084808350e-01,-8.261469751596450806e-02
1.929628849029541016e+00,-6.665219664573669434e-01
-5.943346023559570312e-01,-1.107646346092224121e+00
1.181299090385437012e+00,-1.325178980827331543e+00
-8.598170429468154907e-02,3.784973323345184326e-01
1.435137748718261719e+00,-1.449618816375732422e+00
-8.481038808822631836e-01,-1.733961403369903564e-01
6.259555220603942871e-01,-1.004388451576232910e+00
-1.152917623519897461e+00,-2.126184292137622833e-02
1.832252264022827148e+00,-3.788068890571594238e-02
-3.950328007340431213e-02,-2.053609639406204224e-01
-7.428223490715026855e-01,-5.650114417076110840e-01
-4.920337498188018799e-01,-2.520977556705474854e-01
3.949172198772430420e-01,-7.041377425193786621e-01
-9.175285696983337402e-01,-5.245742201805114746e-01
-1.017345905303955078e+00,-4.363128840923309326e-01
2.884458541870117188e+00,9.587851166725158691e-01
-1.059247016906738281e+00,-3.654853105545043945e-01
7.934509962797164917e-02,2.459864616394042969e+00
9.765399694442749023e-01,-1.290788292884826660e+00
4.119712859392166138e-02,-5.624867677688598633e-01
6.335489153861999512e-01,-2.509119808673858643e-01
1.329911828041076660e+00,1.529621839523315430e+00
5.155695676803588867e-01,-4.382075667381286621e-01
1.205662727355957031e+00,1.257660388946533203e+00
-7.840178012847900391e-01,1.010025292634963989e-01
-4.018865227699279785e-01,-2.425869703292846680e+00
4.108700156211853027e-01,-1.030937314033508301e+00
8.114418387413024902e-01,-5.973498225212097168e-01
-9.129894971847534180e-01,-9.034356474876403809e-01
1.258223295211791992e+00,1.339997649192810059e+00
-2.662758156657218933e-02,8.193286508321762085e-02
4.688921868801116943e-01,9.931550621986389160e-01
3.296533524990081787e-01,8.463936448097229004e-01
-6.523272991180419922e-01,5.722355842590332031e-01
-2.033146858215332031e+00,-5.891344547271728516e-01
1.961405575275421143e-01,6.565056443214416504e-01
-6.197943910956382751e-02,7.768008708953857422e-01
1.175391197204589844e+00,-3.040131926536560059e-01
1.195750951766967773e+00,1.749382853507995605e+00
-1.078499436378479004e+00,-1.326306015253067017e-01
-1.800912022590637207e-01,-1.219790816307067871e+00
-5.662121772766113281e-01,-8.129494786262512207e-01
2.329724788665771484e+00,5.997940540313720703e+00
-1.309084653854370117e+00,1.901564598083496094e-01
-1.833102703094482422e-01,3.367267549037933350e-03
-1.035433411598205566e+00,-1.585485041141510010e-01
-7.787141799926757812e-01,-4.482990503311157227e-01
3.780781328678131104e-01,-2.283917903900146484e+00
-9.324591159820556641e-01,-4.995302259922027588e-01
-2.000300884246826172e+00,2.216902971267700195e+00
7.224876880645751953e-01,-1.055390596389770508e+00
-1.612499237060546875e+00,-1.399962663650512695e+00
1.660807371139526367e+00,6.247752904891967773e-01
-4.809741079807281494e-01,-8.902865648269653320e-02
-9.994123578071594238e-01,-8.412564992904663086e-01
9.082845449447631836e-01,1.862760931253433228e-01
-9.705939888954162598e-01,9.709974527359008789e-01
1.870526909828186035e+00,2.792357683181762695e+00
2.170473575592041016e+00,2.959083318710327148e-01
-1.246797889471054077e-01,-1.030188947916030884e-01
2.960182130336761475e-01,-7.367083430290222168e-01
-2.348777651786804199e-01,-2.517386436462402344e+00
1.201133847236633301e+00,-1.677024483680725098e+00
3.719781875610351562e+00,-2.412575006484985352e+00
-3.406421840190887451e-02,-7.143118381500244141e-01
2.423413097858428955e-01,4.968605935573577881e-02
1.090870261192321777e+00,-5.241497755050659180e-01
1.907260894775390625e+00,4.246082007884979248e-01
-1.149477720260620117e+00,-2.092519104480743408e-01
7.224824428558349609e-01,-1.001866698265075684e+00
-4.725930094718933105e-01,-2.487332075834274292e-01
-6.428807377815246582e-01,1.138048395514488220e-01
-4.707928299903869629e-01,2.342705249786376953e+00
9.926505088806152344e-01,-5.892638862133026123e-02
-1.833102703094482422e-01,3.367267549037933350e-03
1.198771119117736816e+00,-5.963075757026672363e-01
8.454555273056030273e-01,1.620016694068908691e+00
-2.474362850189208984e-01,3.307988166809082031e+00
-1.117432832717895508e+00,-1.977053098380565643e-02
1.323874711990356445e+00,-3.235689997673034668e-01
-7.252355217933654785e-01,1.994794756174087524e-01
-4.315568804740905762e-01,6.748306751251220703e-02
9.608149528503417969e-01,1.422895431518554688e+00
-1.021844983100891113e+00,1.122434511780738831e-01
-2.806734085083007812e+00,-1.667354702949523926e+00
-1.033824920654296875e+00,-1.998498588800430298e-01
-9.873331189155578613e-01,-7.576583027839660645e-01
-2.832587659358978271e-01,2.376261167228221893e-02
-1.209467768669128418e+00,2.052117735147476196e-01
-1.115818381309509277e+00,-3.242889940738677979e-01
1.319242358207702637e+00,-2.234368212521076202e-02
1.601695895195007324e+00,-1.501791477203369141e+00
1.742449164390563965e+00,-3.254383802413940430e-01
3.832179307937622070e+00,-1.786735892295837402e+00
1.805986404418945312e+00,6.071829795837402344e-01
-4.835604727268218994e-01,-1.129058361053466797e+00
-1.056087255477905273e+00,-8.154488205909729004e-01
7.663186192512512207e-01,3.077483177185058594e-01
-1.636657714843750000e-01,-1.936425268650054932e-01
7.154765725135803223e-01,1.309190869331359863e+00
-1.483695209026336670e-01,-1.189970672130584717e-01
5.862975716590881348e-01,-1.506310105323791504e-01
-1.028001785278320312e+00,-4.591283500194549561e-01
-3.170422017574310303e-01,1.166329756379127502e-01
-1.049940347671508789e+00,-1.782142370939254761e-01
-1.424415707588195801e+00,1.952094197273254395e+00
2.014357805252075195e+00,1.406845003366470337e-01
-1.002271533012390137e+00,-2.359898835420608521e-01
-8.737310171127319336e-01,-4.200301766395568848e-01
8.641410619020462036e-02,6.081555485725402832e-01
1.644360542297363281e+00,4.450432062149047852e-01
-1.451418638229370117e+00,-7.165529131889343262e-01
1.015641570091247559e+00,-2.587963044643402100e-01
-1.082390546798706055e+00,-3.399530351161956787e-01
3.201705694198608398e+00,4.701139926910400391e+00
-9.365102648735046387e-01,-4.511983394622802734e-01
2.057897806167602539e+00,-2.928516149520874023e+00
-2.253306210041046143e-01,8.324715495109558105e-01
7.857277989387512207e-01,-5.466912388801574707e-01
5.630608201026916504e-01,1.220129728317260742e+00
-1.087493300437927246e+00,-3.028379678726196289e-01
-6.542571187019348145e-01,4.200447797775268555e-01
-1.060876727104187012e+00,-9.824787825345993042e-02
3.307914257049560547e+00,-1.671908855438232422e+00
-1.222231984138488770e-01,8.098012208938598633e-02
-5.593554973602294922e-01,1.795856356620788574e+00
1.359104514122009277e+00,-1.855102539062500000e+00
-1.638498187065124512e+00,-3.937515020370483398e-01
-4.565456211566925049e-01,-8.112951517105102539e-01
-9.485400915145874023e-01,-3.320762395858764648e+00
-4.282518327236175537e-01,-8.497649431228637695e-02
1.479415595531463623e-01,-2.937285900115966797e+00
-1.719873309135437012e+00,-6.211166381835937500e-01
1.585538387298583984e+00,4.720486998558044434e-01
1.527778148651123047e+00,-4.075025022029876709e-01
-1.038004636764526367e+00,-4.085052907466888428e-01
1.047151163220405579e-01,-1.823619842529296875e+00
1.250860929489135742e+00,-1.618236780166625977e+00
2.514097929000854492e+00,-3.834553956985473633e-01
8.135139346122741699e-01,-7.975591421127319336e-01
-1.108686089515686035e+00,-6.529983878135681152e-02
-1.459097027778625488e+00,-2.885451018810272217e-01
-2.650058984756469727e+00,-1.043511271476745605e+00
2.905055999755859375e+00,1.726144433021545410e+00
-1.114969253540039062e+00,-5.069221854209899902e-01
5.297198295593261719e-01,1.212342262268066406e+00
1.464609026908874512e+00,3.565913438796997070e-01
2.100801467895507812e+00,-9.749353528022766113e-01
-1.074970006942749023e+00,-1.475176215171813965e-01
-8.050498366355895996e-01,-4.592765271663665771e-01
-2.050328969955444336e+00,-5.955529808998107910e-01
-6.023661494255065918e-01,-1.167507767677307129e-01
-2.994753718376159668e-01,-9.441725611686706543e-01
7.925921678543090820e-01,-1.785328984260559082e-01
-7.896884083747863770e-01,-1.108193635940551758e+00
-4.725930094718933105e-01,-2.487332075834274292e-01
-1.107319593429565430e+00,-6.667973101139068604e-02
-1.382877588272094727e+00,2.669621706008911133e-01
5.311394929885864258e-01,2.498860955238342285e-01
-1.158830523490905762e+00,-3.162732720375061035e-01
2.310245037078857422e+00,1.429074406623840332e+00
-6.321220397949218750e-01,-2.300648391246795654e-01
9.358239769935607910e-01,-8.879666328430175781e-01
-1.087889790534973145e+00,-3.063570559024810791e-01
1.963009476661682129e+00,-9.053326845169067383e-01
-2.451598942279815674e-01,-1.509214341640472412e-01
-4.308515489101409912e-01,1.502851396799087524e-01
-1.408241391181945801e+00,-9.120914936065673828e-01
-1.138664245605468750e+00,-2.313728332519531250e-01
-8.654744029045104980e-01,-1.004443645477294922e+00
8.614837527275085449e-01,-6.071866154670715332e-01
-3.765236139297485352e+00,-2.143963575363159180e+00
2.252633810043334961e+00,6.084436774253845215e-01
-1.938645958900451660e+00,-6.072952747344970703e-01
-9.637157320976257324e-01,8.603610098361968994e-02
1.325794339179992676e+00,-1.059499740600585938e+00
-1.049431443214416504e+00,-5.217778086662292480e-01
7.898278236389160156e-01,1.856101155281066895e+00
9.017162919044494629e-01,1.247043132781982422e+00
-1.134351253509521484e+00,-1.803055591881275177e-02
6.231907010078430176e-01,1.574816942214965820e+00
-3.994749486446380615e-01,5.780723877251148224e-03
-7.931894659996032715e-01,2.148515135049819946e-01
2.430403709411621094e+00,-5.327257513999938965e-01
-9.715755581855773926e-01,-2.607373595237731934e-01
8.306264877319335938e-03,1.477307230234146118e-01
1.224864721298217773e+00,-1.701323390007019043e+00
-1.821210086345672607e-01,-1.325293034315109253e-01
2.860181033611297607e-01,-2.570672631263732910e-01
-9.324606657028198242e-01,1.484476804733276367e+00
5.531874299049377441e-01,1.177060604095458984e+00
-9.697139263153076172e-01,-5.385463237762451172e-01
1.619753718376159668e+00,-8.986371755599975586e-01
-1.855505228042602539e+00,-7.279566526412963867e-01
-3.074653446674346924e-01,-1.200678825378417969e+00
2.366729974746704102e+00,2.359192848205566406e+00
-1.732811331748962402e-01,-9.173511862754821777e-01
-1.380621552467346191e+00,2.065404802560806274e-01
5.118653178215026855e-01,-6.542645692825317383e-01
1.898061394691467285e+00,5.091238021850585938e-01
-1.821210086345672607e-01,-1.325293034315109253e-01
-1.797486305236816406e+00,-9.504617452621459961e-01
-3.282815814018249512e-01,-9.869365692138671875e-01
1.122236371040344238e+00,-1.424894332885742188e+00
2.734959125518798828e+00,1.151809930801391602e+00
1.142258644104003906e+00,-2.024432897567749023e+00
-1.546112895011901855e+00,-8.514267206192016602e-01
-2.865839481353759766e+00,-1.409545898437500000e+00
-2.645373344421386719e+00,-7.536152005195617676e-01
-4.110449850559234619e-01,1.231408193707466125e-01
1.021561384201049805e+00,-2.696401476860046387e-01
8.405121415853500366e-02,-6.801374554634094238e-01
4.420987963676452637e-01,4.824186265468597412e-01
-7.016622424125671387e-01,6.055849045515060425e-02
-8.304427564144134521e-02,3.549928963184356689e-01
-1.368929266929626465e+00,1.920160293579101562e+00
-1.218751192092895508e+00,-5.393380522727966309e-01
-1.096418499946594238e+00,-2.335155457258224487e-01
-9.695621579885482788e-02,6.272560954093933105e-01
-1.063579916954040527e+00,-3.199296891689300537e-01
7.999258041381835938e-01,-6.320117115974426270e-01
-7.806355953216552734e-01,-4.209970235824584961e-01
-1.171280860900878906e+00,2.239691972732543945e+00
-1.766133666038513184e+00,-6.933413147926330566e-01
-9.322596788406372070e-01,-4.425013065338134766e-02
-5.026955008506774902e-01,6.400140523910522461e-01
8.994649648666381836e-01,1.977224469184875488e+00
1.069223642349243164e+00,-3.505659401416778564e-01
9.901553392410278320e-01,2.590616643428802490e-01
-1.087024211883544922e+00,-9.401575922966003418e-01
-8.047181367874145508e-01,-5.037016868591308594e-01
-5.121364593505859375e-01,-8.303321897983551025e-02
1.630308330059051514e-01,2.212287336587905884e-01
1.728682875633239746e+00,-1.066049814224243164e+00
-3.513257801532745361e-01,-1.932383477687835693e-01
1.373183608055114746e+00,-4.769480526447296143e-01
-1.719873309135437012e+00,-6.211166381835937500e-01
-1.036200404167175293e+00,1.256229728460311890e-01
1.202943325042724609e+00,-3.345769047737121582e-01
-6.516496539115905762e-01,-1.570337414741516113e-01
-1.039289951324462891e+00,-3.534993231296539307e-01
-1.057718873023986816e+00,-4.928527176380157471e-01
7.815836071968078613e-01,-4.872046470642089844e+00
1.403460144996643066e+00,-9.090023040771484375e-01
4.506764113903045654e-01,6.776067614555358887e-01
-1.035680651664733887e+00,6.245858967304229736e-04
4.314502179622650146e-01,8.595636487007141113e-01
2.367604732513427734e+00,-8.049064874649047852e-01
1.061439275741577148e+00,-9.514698982238769531e-01
-1.033897161483764648e+00,-1.502072960138320923e-01
-4.595907330513000488e-01,-1.152976304292678833e-01
2.856019139289855957e-01,1.215155005455017090e+00
3.427828848361968994e-02,-2.959476709365844727e-01
1.966900229454040527e+00,-1.339248418807983398e+00
3.920332491397857666e-01,-3.762015998363494873e-01
6.764980554580688477e-01,-5.278111100196838379e-01
-3.481547236442565918e-01,-1.007418870925903320e+00
-1.134351253509521484e+00,-1.803055591881275177e-02
-4.744527041912078857e-01,4.820862710475921631e-01
-4.106131941080093384e-02,2.966244697570800781e+00
-1.965983629226684570e+00,-2.717256247997283936e-01
-2.560070157051086426e-01,-3.918223679065704346e-01
-2.494279146194458008e+00,3.772569179534912109e+00
1.046437501907348633e+00,-1.008126735687255859e+00
-1.534117817878723145e+00,-8.281284570693969727e-01
-7.780975103378295898e-01,1.299871355295181274e-01
-6.307529211044311523e-01,1.466415077447891235e-01
9.721124172210693359e-01,3.480594158172607422e-01
1.421225786209106445e+00,2.978130578994750977e+00
8.408417701721191406e-01,1.493494749069213867e+00
-9.152990579605102539e-01,-2.888300456106662750e-02
8.207918405532836914e-01,1.052558064460754395e+00
-3.791117072105407715e-01,5.779732018709182739e-02
-1.064368724822998047e+00,-3.107046186923980713e-01
2.905055999755859375e+00,1.726144433021545410e+00
-8.344517350196838379e-01,-1.586484789848327637e+00
1.157754659652709961e+00,-9.453360438346862793e-01
1.296300768852233887e+00,1.621145963668823242e+00
-1.643210500478744507e-01,-2.131142467260360718e-01
2.127085208892822266e+00,1.156431794166564941e+00
-2.030190706253051758e+00,-6.971833705902099609e-01
1.345071792602539062e+00,-1.144609570503234863e+00
4.500042498111724854e-01,-1.653547167778015137e+00
-1.230226755142211914e+00,-9.204697608947753906e-02
-1.139149963855743408e-01,-2.767641842365264893e-01
4.637258946895599365e-01,-6.703382730484008789e-01
-3.287738561630249023e-01,4.554255306720733643e-01
1.795729160308837891e+00,1.529775381088256836e+00
8.840546011924743652e-01,-1.542160660028457642e-01
-4.186272025108337402e-01,-7.919567078351974487e-02
-1.204673200845718384e-01,-3.084224760532379150e-01
1.642215609550476074e+00,7.420944571495056152e-01
-1.625043511390686035e+00,-6.811805963516235352e-01
1.893551349639892578e+00,-9.403671026229858398e-01
-1.117733955383300781e+00,-7.935274392366409302e-02
-4.321911036968231201e-01,1.994117796421051025e-01
-1.233357310295104980e+00,-1.564953289926052094e-02
-4.793900251388549805e-01,2.916387096047401428e-02
-7.780975103378295898e-01,1.299871355295181274e-01
-9.994123578071594238e-01,-8.412564992904663086e-01
-6.024661064147949219e-01,3.277514874935150146e-01
-1.402758121490478516e+00,-7.513057589530944824e-01
1.157754659652709961e+00,-9.453360438346862793e-01
-2.961656451225280762e-01,5.565375089645385742e-01
-1.858632326126098633e+00,-8.278113007545471191e-01
-4.051506221294403076e-01,-1.253707706928253174e-01
-9.314661026000976562e-01,-2.448856979608535767e-01
9.119691848754882812e-01,-1.309581875801086426e+00
-1.170837402343750000e+00,3.988888114690780640e-03
-2.555926442146301270e-01,2.459965944290161133e-01
5.184088349342346191e-01,-4.834155738353729248e-01
-1.035088062286376953e+00,-4.140796363353729248e-01
-5.446369051933288574e-01,6.751328706741333008e-01
-1.012802004814147949e+00,-2.609450519084930420e-01
8.991152048110961914e-01,-3.886278718709945679e-02
-1.068302869796752930e+00,-2.388157099485397339e-01
-1.516234636306762695e+00,-1.042648673057556152e+00
1.572077870368957520e+00,-1.319013714790344238e+00
-8.670839071273803711e-01,-5.054087638854980469e-01
-1.718747019767761230e-01,-1.765601515769958496e+00
-8.202217817306518555e-01,1.046084880828857422e+00
2.658799290657043457e-01,-1.564133167266845703e+00
1.589191555976867676e-01,2.554482817649841309e-01
1.109578236937522888e-01,-1.294952034950256348e+00
-2.676673889160156250e+00,-7.181195020675659180e-01
-9.607511758804321289e-01,-4.705583751201629639e-01
-3.960230350494384766e-01,-7.863415479660034180e-01
-8.159669637680053711e-01,1.717994332313537598e+00
5.760699510574340820e-01,1.099643349647521973e+00
-5.007727146148681641e-01,1.224369406700134277e+00
2.876333236694335938e+00,-1.987780928611755371e+00
-9.782564640045166016e-01,-6.659055948257446289e-01
-2.886970341205596924e-01,-8.738226294517517090e-01
-1.006046652793884277e+00,-3.409642279148101807e-01
-6.974945664405822754e-01,2.257285356521606445e+00
3.506337881088256836e+00,1.167690515518188477e+00
-1.645841717720031738e+00,-6.444995403289794922e-01
1.462154030799865723e+00,-2.574853897094726562e+00
6.531139016151428223e-01,7.633004188537597656e-01
1.213201045989990234e+00,-3.640407323837280273e-01
-1.368608474731445312e+00,1.864108443260192871e-01
1.175391197204589844e+00,-3.040131926536560059e-01
-3.898406922817230225e-01,5.345699787139892578e-01
1.468354761600494385e-01,-1.524645209312438965e+00
4.610581099987030029e-01,-4.826072454452514648e-01
1.255474984645843506e-02,3.330323934555053711e+00
-1.068939685821533203e+00,-2.019369043409824371e-02
9.469090700149536133e-01,-1.014966964721679688e+00
-5.496922731399536133e-01,6.423372626304626465e-01
-2.253546416759490967e-01,5.548943281173706055e-01
-1.101155638694763184e+00,-2.216867655515670776e-01
8.526752591133117676e-01,-3.851410448551177979e-01
2.011273860931396484e+00,9.181267023086547852e-01
1.058259248733520508e+00,-3.193621039390563965e-01
1.106218695640563965e+00,-2.212149351835250854e-01
-1.236546039581298828e-01,-3.425427973270416260e-01
6.242606043815612793e-01,3.800544142723083496e-01
6.462997198104858398e-01,2.197980880737304688e+00
8.533449172973632812e-01,-1.938346624374389648e+00
1.468644142150878906e+00,2.098292589187622070e+00
-1.095909953117370605e+00,-5.713736414909362793e-01
2.315421402454376221e-01,1.297674417495727539e+00
-4.389344751834869385e-01,1.437649279832839966e-01
-5.489022731781005859e-01,-4.897182881832122803e-01
-1.337629675865173340e+00,3.084133863449096680e-01
1.740851521492004395e+00,-2.534377574920654297e-01
1.479415595531463623e-01,-2.937285900115966797e+00
-6.604045629501342773e-01,-7.039455175399780273e-01
-1.360341191291809082e+00,-9.769496321678161621e-01
1.531619071960449219e+00,-1.454856157302856445e+00
1.263637900352478027e+00,-4.121153354644775391e-01
2.058103799819946289e+00,5.320877432823181152e-01
-3.621854782104492188e-01,-8.113524317741394043e-02
-1.053805112838745117e+00,3.989600658416748047e+00
2.255589514970779419e-02,1.925860904157161713e-02
-6.343294978141784668e-01,-2.054179646074771881e-02
-5.818006396293640137e-01,-9.013868868350982666e-02
-1.152718067169189453e+00,-5.483464598655700684e-01
5.636029839515686035e-01,3.979572653770446777e-01
1.146547675132751465e+00,-1.543858796358108521e-01
-9.637157320976257324e-01,8.603610098361968994e-02
-3.998906910419464111e-01,5.135903358459472656e-01
1.514577388763427734e+00,5.466495156288146973e-01
1.053184747695922852e+00,1.253423392772674561e-01
1.047764062881469727e+00,-6.310406923294067383e-01
8.078583478927612305e-01,-1.351438045501708984e+00
2.614493966102600098e-01,3.016499578952789307e-01
-1.015955805778503418e+00,-4.459764659404754639e-01
-9.500826597213745117e-01,-2.061696946620941162e-01
-1.713571786880493164e+00,-8.756512999534606934e-01
1.278860688209533691e+00,9.683092832565307617e-01
1.207127213478088379e+00,-4.811213016510009766e-01
-4.734733104705810547e-01,1.976099252700805664e+00
2.549331784248352051e-01,-5.297270417213439941e-01
-4.763575792312622070e-01,1.950419545173645020e-01
-1.589463353157043457e-01,-4.110624492168426514e-01
-6.924948096275329590e-01,-1.108567714691162109e+00
2.492192745208740234e+00,1.917794942855834961e-01
1.158291101455688477e+00,-4.029905200004577637e-01
-2.136550843715667725e-02,-1.150807619094848633e+00
2.821225643157958984e+00,1.519354619085788727e-02
-1.025974750518798828e+00,-1.501997113227844238e-01
2.388095140457153320e+00,-1.063713550567626953e+00
-1.124983310699462891e+00,-4.849677532911300659e-02
1.673099994659423828e+00,5.322458148002624512e-01
-1.829338967800140381e-01,-5.707870125770568848e-01
4.469800889492034912e-01,-2.164549827575683594e-01
-3.291274011135101318e-01,8.317347764968872070e-01
-8.556864261627197266e-01,-4.723443090915679932e-01
1.127963900566101074e+00,-4.508697986602783203e-01
-8.684180378913879395e-01,-4.648747444152832031e-01
-1.718747019767761230e-01,-1.765601515769958496e+00
1.295396089553833008e+00,-1.224911808967590332e+00
-1.015713095664978027e+00,-4.044052213430404663e-02
-2.909646332263946533e-01,-3.703342378139495850e-01
3.002210259437561035e-01,-4.006247222423553467e-01
3.141960501670837402e-01,7.507286667823791504e-01
-4.057771861553192139e-01,-1.262944489717483521e-01
8.384276181459426880e-02,-1.372928261756896973e+00
-3.707421720027923584e-01,-1.408406905829906464e-02
4.550914466381072998e-01,-8.570779860019683838e-02
9.303503632545471191e-01,-1.292306423187255859e+00
-4.180636256933212280e-02,1.582034081220626831e-01
-7.733580470085144043e-01,2.230976969003677368e-01
-1.089923977851867676e+00,-4.267873764038085938e-01
-3.874743282794952393e-01,4.700921475887298584e-02
4.595917165279388428e-01,3.802239000797271729e-01
9.916212558746337891e-01,-4.912063181400299072e-01
-1.724671125411987305e+00,1.979040741920471191e+00
3.170369863510131836e+00,2.096547842025756836e+00
-1.050333023071289062e+00,-2.070847302675247192e-01
4.523728191852569580e-01,-2.234424948692321777e-01
5.652302503585815430e-01,-5.755681991577148438e-01
-2.035754919052124023e-01,-4.997400343418121338e-01
-3.707411289215087891e-01,3.959047496318817139e-01
8.282388448715209961e-01,-9.582557678222656250e-01
-2.050112485885620117e-01,1.974271088838577271e-01
-9.326905608177185059e-01,-5.071100592613220215e-01
-1.064368724822998047e+00,-3.107046186923980713e-01
-1.236599013209342957e-01,5.177451372146606445e-01
-1.097668051719665527e+00,-1.256719045341014862e-02
-3.089974164962768555e+00,-4.176347553730010986e-01
-1.439420461654663086e+00,-1.177090764045715332e+00
-1.020505428314208984e+00,-3.038483262062072754e-01
5.578444600105285645e-01,1.260161519050598145e+00
2.505980432033538818e-01,2.407735824584960938e+00
1.149180412292480469e+00,-7.204616069793701172e-01
-1.060876727104187012e+00,-9.824787825345993042e-02
1.642215609550476074e+00,7.420944571495056152e-01
-1.255068063735961914e+00,2.057510614395141602e-01
1.601905822753906250e-01,3.108361959457397461e-01
5.098438262939453125e-01,6.204268336296081543e-02
2.247839689254760742e+00,9.427747726440429688e-01
-9.715755581855773926e-01,-2.607373595237731934e-01
-1.097701072692871094e+00,-6.721036508679389954e-03
-1.600028157234191895e+00,-6.246691942214965820e-01
1.692703366279602051e+00,-1.202708125114440918e+00
-6.473439335823059082e-01,-1.139995217323303223e+00
1.260010600090026855e+00,-3.944836556911468506e-01
-9.485400915145874023e-01,-3.320762395858764648e+00
-1.046969532966613770e+00,-8.638872504234313965e-01
-1.407019853591918945e+00,-2.318504095077514648e+00
-8.443691730499267578e-01,-4.668876528739929199e-01
7.534657120704650879e-01,-8.147590160369873047e-01
1.328785300254821777e+00,-6.848575472831726074e-01
-1.440199911594390869e-01,-1.147938370704650879e-01
-9.895423054695129395e-02,-2.273354381322860718e-01
3.302756249904632568e-01,-4.833853542804718018e-01
2.340007781982421875e+00,-1.263354659080505371e+00
-1.204673200845718384e-01,-3.084224760532379150e-01
-1.582926750183105469e+00,-1.444265246391296387e+00
-1.335078477859497070e+00,1.419592142105102539e+00
9.318445920944213867e-01,-4.160914421081542969e-01
-1.156933903694152832e+00,-6.587514877319335938e-01
5.203194022178649902e-01,-3.038329482078552246e-01
-1.600028157234191895e+00,-6.246691942214965820e-01
6.764980554580688477e-01,-5.278111100196838379e-01
-7.058484852313995361e-02,-4.470722973346710205e-01
8.244953155517578125e-01,4.148238301277160645e-01
1.347539424896240234e+00,-8.077636957168579102e-01
1.274585008621215820e+00,8.369887471199035645e-01
-7.034169435501098633e-01,-2.540583133697509766e+00
2.580371797084808350e-01,-8.261469751596450806e-02
2.086948156356811523e+00,6.817284822463989258e-01
1.121195077896118164e+00,-4.775819182395935059e-01
-2.801612317562103271e-01,2.861283779144287109e+00
-2.856576204299926758e+00,-2.883016586303710938e+00
6.006134748458862305e-01,-5.142585039138793945e-01
3.796692937612533569e-02,2.419870495796203613e-01
1.882895112037658691e+00,8.959974050521850586e-01
-1.147021532058715820e+00,5.365514755249023438e-02
6.010371446609497070e-01,7.649968266487121582e-01
-4.710283577442169189e-01,2.322785258293151855e-01
-5.490630865097045898e-01,-4.311632812023162842e-01
8.643530607223510742e-01,4.964347779750823975e-01
-9.501662850379943848e-01,2.151435613632202148e+00
1.124930739402770996e+00,-4.525773525238037109e-01
-1.343129634857177734e+00,-1.276841044425964355e+00
-1.248963117599487305e+00,-2.695296891033649445e-02
3.296533524990081787e-01,8.463936448097229004e-01
5.115742683410644531e-01,-6.054995059967041016e-01
-1.589463353157043457e-01,-4.110624492168426514e-01
7.781860828399658203e-01,-5.313425064086914062e-01
-1.040861010551452637e+00,5.152367055416107178e-02
1.443130254745483398e+00,-2.813782393932342529e-01
-3.624539971351623535e-01,5.112425088882446289e-01
-6.775550842285156250e-01,-1.423816561698913574e+00
-1.976503133773803711e-01,-2.416427284479141235e-01
8.442355394363403320e-01,-6.635031104087829590e-01
-1.146604180335998535e+00,-4.233314692974090576e-01
8.424665331840515137e-01,-1.227931618690490723e+00
5.181232094764709473e-01,-1.386456847190856934e+00
1.855566859245300293e+00,-1.305233597755432129e+00
-1.005832195281982422e+00,-5.689016580581665039e-01
6.063555479049682617e-01,7.935383915901184082e-01
7.301951646804809570e-01,-1.344047665596008301e+00
5.227621793746948242e-01,-1.096787601709365845e-01
-8.159669637680053711e-01,1.717994332313537598e+00
-6.193732023239135742e-01,-1.400831937789916992e+00
1.468282341957092285e+00,-4.248517155647277832e-01
6.442999243736267090e-01,-5.190026760101318359e-01
-2.256527245044708252e-01,2.112771272659301758e-01
1.421036124229431152e-01,-1.260122954845428467e-01
-1.219445109367370605e+00,5.082751065492630005e-02
6.868412494659423828e-01,-1.091968655586242676e+00
1.136500358581542969e+00,-4.093323051929473877e-01
1.819485425949096680e+00,-1.523686796426773071e-01
7.114449739456176758e-01,8.339583873748779297e-01
-2.014249265193939209e-01,1.728358268737792969e+00
9.130030125379562378e-02,-8.686265349388122559e-01
-2.625250518321990967e-01,2.132233619689941406e+00
-1.051491141319274902e+00,-4.099742174148559570e-01
3.077709674835205078e+00,-9.610594511032104492e-01
7.187864184379577637e-01,6.689388155937194824e-01
-1.421491265296936035e+00,1.842907965183258057e-01
4.820324480533599854e-03,5.318000167608261108e-02
2.366729974746704102e+00,2.359192848205566406e+00
3.956573009490966797e-01,-3.975877463817596436e-01
4.500042498111724854e-01,-1.653547167778015137e+00
-1.357197999954223633e+00,1.486593782901763916e-01
4.455418288707733154e-01,-6.606972217559814453e-01
-9.219588041305541992e-01,1.916058063507080078e-01
-6.126002073287963867e-01,-1.307076215744018555e-01
-7.530803680419921875e-01,3.513837456703186035e-01
-2.626852095127105713e-01,-2.981088459491729736e-01
1.450764179229736328e+00,8.603951930999755859e-01
-1.324640661478042603e-01,3.540404736995697021e-01
6.005581617355346680e-01,9.553895890712738037e-02
-6.910406351089477539e-01,-2.770522534847259521e-01
1.929628849029541016e+00,-6.665219664573669434e-01
5.016990900039672852e-01,-5.709868073463439941e-01
-9.906871318817138672e-01,-3.764127194881439209e-01
-1.167928338050842285e+00,-3.184866309165954590e-01
-1.693085670471191406e+00,-5.453160405158996582e-01
8.517607450485229492e-01,-1.671465992927551270e+00
2.513753473758697510e-01,-6.270877718925476074e-01
-8.786661177873611450e-02,-6.873574852943420410e-01
-4.050320982933044434e-01,-2.734476141631603241e-02
7.898278236389160156e-01,1.856101155281066895e+00
8.004161715507507324e-01,-1.052682518959045410e+00
1.788380026817321777e+00,6.112541556358337402e-01
1.442472577095031738e+00,5.073027014732360840e-01
2.032800674438476562e+00,5.010999441146850586e-01
1.795631051063537598e+00,-1.427039980888366699e+00
-1.120120048522949219e+00,-5.891160368919372559e-01
8.463211059570312500e-01,-4.709183871746063232e-01
3.949172198772430420e-01,-7.041377425193786621e-01
-8.943519592285156250e-01,-8.136144876480102539e-01
1.211300969123840332e+00,3.701294958591461182e-01
-1.070639967918395996e+00,-3.645069301128387451e-01
8.004161715507507324e-01,-1.052682518959045410e+00
-1.108835935592651367e+00,-1.857376992702484131e-01
1.119062781333923340e+00,-1.385689139366149902e+00
-1.209467768669128418e+00,2.052117735147476196e-01
1.847116947174072266e+00,-9.169538617134094238e-01
-3.206138134002685547e+00,-1.694201350212097168e+00
-6.197943910956382751e-02,7.768008708953857422e-01
1.644375324249267578e+00,-1.665769666433334351e-01
-1.066407322883605957e+00,-4.846286475658416748e-01
-1.087889790534973145e+00,-3.063570559024810791e-01
1.309636831283569336e+00,-6.480146646499633789e-01
-4.700011909008026123e-01,1.977831572294235229e-01
1.956313490867614746e+00,3.286152184009552002e-01
1.886229753494262695e+00,7.060804367065429688e-01
-6.974945664405822754e-01,2.257285356521606445e+00
7.920308113098144531e-01,-2.683411836624145508e+00
-1.360341191291809082e+00,-9.769496321678161621e-01
-1.124752283096313477e+00,1.631169199943542480e+00
-8.951681852340698242e-02,-3.451948642730712891e+00
4.976578056812286377e-04,1.976232677698135376e-01
3.031522929668426514e-01,1.881271749734878540e-01
1.055933356285095215e+00,-8.934068679809570312e-01
-8.085952997207641602e-01,1.044810190796852112e-01
-5.326433181762695312e-01,2.849940299987792969e+00
-1.476214677095413208e-01,-1.416801452636718750e+00
1.648303508758544922e+00,6.392021775245666504e-01
-1.794188976287841797e+00,-2.075846910476684570e+00
1.832252264022827148e+00,-3.788068890571594238e-02
-2.941806055605411530e-02,1.549326181411743164e-01
1.189452767372131348e+00,-3.375119566917419434e-01
9.757754802703857422e-01,-6.625058650970458984e-01
-2.419709861278533936e-01,-9.680900722742080688e-03
-7.857209444046020508e-02,3.257697522640228271e-01
1.743952631950378418e+00,8.614193201065063477e-01
-1.382877588272094727e+00,2.669621706008911133e-01
-1.323575735092163086e+00,-8.893840312957763672e-01
1.936126112937927246e+00,-3.898625373840332031e-01
2.926270008087158203e+00,-1.855269908905029297e+00
3.448004007339477539e+00,6.971506401896476746e-03
1.467524290084838867e+00,-3.310878515243530273e+00
-1.088350892066955566e+00,1.102883458137512207e+00
-1.130971550941467285e+00,-1.033867076039314270e-01
2.708029747009277344e-01,-1.267693400382995605e+00
1.454246401786804199e+00,-1.293233871459960938e+00
-1.936639785766601562e+00,5.001617223024368286e-02
-1.207820177078247070e+00,1.038969635963439941e+00
2.413525581359863281e+00,-2.149388790130615234e+00
4.103695869445800781e+00,-2.005384206771850586e+00
7.053267955780029297e-01,2.084394693374633789e+00
-8.737449049949645996e-01,-4.795005619525909424e-01
1.196016430854797363e+00,-3.302235603332519531e-01
-6.082835048437118530e-02,-4.817030578851699829e-02
-1.022115349769592285e+00,-1.548508256673812866e-01
2.759622812271118164e+00,-7.027188539505004883e-01
-1.102672219276428223e+00,3.024298138916492462e-02
3.530312329530715942e-02,1.444868892431259155e-01
1.544791221618652344e+00,7.603211700916290283e-02
-4.916173815727233887e-01,-1.131945013999938965e+00
1.935849785804748535e-01,-7.808472514152526855e-01
-3.471982851624488831e-02,-1.306385397911071777e-01
-1.125215440988540649e-01,-3.331250548362731934e-01
1.130600690841674805e+00,-2.337363958358764648e+00
4.055374115705490112e-02,1.674526631832122803e-01
-5.161517262458801270e-01,-3.503852784633636475e-01
-1.264946460723876953e+00,3.313394263386726379e-03
-1.159271359443664551e+00,-1.735335215926170349e-03
-4.964030086994171143e-01,-3.199240863323211670e-01
1.256507635116577148e+00,-8.702512979507446289e-01
-1.430381178855895996e+00,1.483522653579711914e-01
1.308282971382141113e+00,-7.920950651168823242e-01
-1.115339756011962891e+00,-4.894407689571380615e-01
1.205662727355957031e+00,1.257660388946533203e+00
3.027098178863525391e+00,5.261847972869873047e-01
9.664485454559326172e-01,-3.121592700481414795e-01
7.489470839500427246e-01,4.104269742965698242e-01
-2.012768685817718506e-01,-6.669621467590332031e-01
1.740851521492004395e+00,-2.534377574920654297e-01
3.859940767288208008e-01,-7.236679792404174805e-01
9.993705749511718750e-01,1.240877628326416016e+00
1.585538387298583984e+00,4.720486998558044434e-01
-1.398445963859558105e+00,1.539950013160705566e+00
1.588109612464904785e+00,-2.068384170532226562e+00
-6.904399991035461426e-01,1.901629418134689331e-01
-1.349844574928283691e+00,-3.212083876132965088e-02
-1.193451046943664551e+00,1.653755828738212585e-02
-2.425794601440429688e-01,1.337524503469467163e-01
1.141270622611045837e-01,1.546730637550354004e+00
2.905654430389404297e+00,1.961753129959106445e+00
-1.028001785278320312e+00,-4.591283500194549561e-01
3.077709674835205078e+00,-9.610594511032104492e-01
1.121195077896118164e+00,-4.775819182395935059e-01
1.755422949790954590e+00,3.938140273094177246e-01
3.302756249904632568e-01,-4.833853542804718018e-01
3.362801551818847656e+00,8.880696296691894531e-01
1.247199058532714844e+00,-1.011227130889892578e+00
4.647946655750274658e-01,-1.955556511878967285e+00
-1.219445109367370605e+00,5.082751065492630005e-02
1.883915901184082031e+00,1.828203678131103516e+00
-7.657308578491210938e-01,2.336052358150482178e-01
1.208576485514640808e-01,9.882349967956542969e-01
9.931848049163818359e-01,1.234063386917114258e+00
-2.560070157051086426e-01,-3.918223679065704346e-01
-1.236546039581298828e-01,-3.425427973270416260e-01
6.627094745635986328e-01,-2.210836708545684814e-01
1.443130254745483398e+00,-2.813782393932342529e-01
-9.560127258300781250e-01,-5.231233239173889160e-01
-1.423210501670837402e+00,-1.695248037576675415e-01
7.361698150634765625e-01,3.814085125923156738e-01
2.437256097793579102e+00,-4.420157432556152344e+00
-9.271078109741210938e-01,-6.349331736564636230e-01
-1.710092067718505859e+00,-5.778065919876098633e-01
-1.933450102806091309e+00,9.894152730703353882e-02
-3.838813900947570801e-01,3.441884517669677734e-01
-7.450872659683227539e-01,7.202027738094329834e-02
-4.410411790013313293e-02,3.521419763565063477e-01
-1.142331957817077637e+00,-7.245925813913345337e-02
2.886825084686279297e+00,2.330120086669921875e+00
1.564199090003967285e+00,-1.572435498237609863e+00
1.049686551094055176e+00,-1.616881728172302246e+00
-8.874548077583312988e-01,-4.902389347553253174e-01
-5.858638286590576172e-01,-1.844829469919204712e-01
-2.153699994087219238e-01,-3.044048845767974854e-01
-1.039615392684936523e+00,-1.918821632862091064e-01
-2.107328176498413086e+00,-2.916944026947021484e+00
6.101104617118835449e-01,6.321963667869567871e-01
1.765700578689575195e+00,4.649683535099029541e-01
8.705332279205322266e-01,-7.371100187301635742e-01
-2.392014563083648682e-01,-4.530775547027587891e-01
-1.002137303352355957e+00,-1.712505817413330078e-01
7.251479625701904297e-01,7.954722046852111816e-01
2.255589514970779419e-02,1.925860904157161713e-02
-1.077480316162109375e+00,-2.180767208337783813e-01
1.004737854003906250e+00,-4.926455318927764893e-01
9.492855072021484375e-01,-9.909545183181762695e-01
7.114449739456176758e-01,8.339583873748779297e-01
-6.390996575355529785e-01,-1.279219746589660645e+00
2.492192745208740234e+00,1.917794942855834961e-01
1.029421016573905945e-01,5.276478528976440430e-01
-1.013280451297760010e-01,-6.659343093633651733e-02
6.179006695747375488e-01,-5.389068722724914551e-01
-8.137720823287963867e-02,-4.282696172595024109e-03
-1.091563582420349121e+00,-3.649915754795074463e-02
-1.110279440879821777e+00,-5.008280873298645020e-01
-1.184974908828735352e-01,-2.885824143886566162e-01
-2.179522514343261719e-01,-1.834332942962646484e-01
6.974982619285583496e-01,-1.092841744422912598e+00
-1.035768985748291016e+00,-1.448950767517089844e-01
-1.047626256942749023e+00,-3.893190026283264160e-01
5.689982175827026367e-01,1.174639463424682617e+00
-3.470218181610107422e-01,-7.087821960449218750e-01
5.458690524101257324e-01,-2.134814411401748657e-01
9.664485454559326172e-01,-3.121592700481414795e-01
-9.687122106552124023e-01,-4.878201782703399658e-01
-1.009013533592224121e+00,-4.496982395648956299e-01
-1.175205111503601074e+00,-7.659561634063720703e-01
-5.416467785835266113e-03,-1.076971650123596191e+00
7.945340871810913086e-01,1.211878061294555664e-01
8.843843340873718262e-01,-4.483746290206909180e-01
5.181232094764709473e-01,-1.386456847190856934e+00
-1.766133666038513184e+00,-6.933413147926330566e-01
3.356486558914184570e+00,7.107813358306884766e-01
1.381763219833374023e+00,-1.927493214607238770e+00
-1.082872271537780762e+00,-1.767531931400299072e-01
-1.399529337882995605e+00,6.363062858581542969e-01
1.116386890411376953e+00,2.050120234489440918e-01
-3.514521420001983643e-01,2.797719538211822510e-01
1.160617351531982422e+00,-4.688506424427032471e-01
-2.141397476196289062e+00,3.940904438495635986e-01
1.909829676151275635e-01,1.066814541816711426e+00
-1.361713767051696777e+00,-3.554831147193908691e-01
1.827733874320983887e+00,-5.688568353652954102e-01
1.288348078727722168e+00,-2.620239257812500000e-01
1.247199058532714844e+00,-1.011227130889892578e+00
-2.832587659358978271e-01,2.376261167228221893e-02
-1.150679349899291992e+00,2.013174071907997131e-02
-4.095375537872314453e-01,-5.209271609783172607e-02
-1.277250528335571289e+00,-1.060850739479064941e+00
1.194334149360656738e+00,-7.506119608879089355e-01
-4.178640842437744141e-01,1.484213620424270630e-01
-2.258099615573883057e-03,-4.333321750164031982e-02
-6.082835048437118530e-02,-4.817030578851699829e-02
-5.525298118591308594e-01,6.696372032165527344e-01
6.259555220603942871e-01,-1.004388451576232910e+00
-1.004879474639892578e+00,-3.622663617134094238e-01
-9.271078109741210938e-01,-6.349331736564636230e-01
1.109578236937522888e-01,-1.294952034950256348e+00
4.119712859392166138e-02,-5.624867677688598633e-01
-1.036778569221496582e+00,-2.401574105024337769e-01
4.787531793117523193e-01,-1.467130482196807861e-01
-1.876802921295166016e+00,-1.277775287628173828e+00
3.973852396011352539e-01,-2.021006345748901367e-01
-1.060497283935546875e+00,1.158724427223205566e+00
1.340145111083984375e+00,-4.241371154785156250e-01
-1.090836048126220703e+00,-3.147959709167480469e-02
-5.616828203201293945e-01,4.771321117877960205e-01
-3.787464797496795654e-01,2.293756961822509766e+00
-2.114223539829254150e-01,-5.352624058723449707e-01
9.282724857330322266e-01,7.529605627059936523e-01
1.467810034751892090e+00,-1.383382797241210938e+00
-1.087024211883544922e+00,-9.401575922966003418e-01
1.344573497772216797e-01,-1.307608246803283691e+00
3.926798701286315918e-01,9.531500935554504395e-01
-8.927195072174072266e-01,-4.818908572196960449e-01
1.145161271095275879e+00,-3.943032622337341309e-01
8.060383796691894531e-01,1.670049667358398438e+00
6.803820133209228516e-01,-6.758858561515808105e-01
-7.186095118522644043e-01,-4.192288517951965332e-01
-1.177717566490173340e+00,1.736658066511154175e-02
1.913241744041442871e+00,-3.126417696475982666e-01
1.114768862724304199e+00,-1.378538131713867188e+00
-8.251219987869262695e-01,-1.650299429893493652e-01
1.071013689041137695e+00,-1.434554100036621094e+00
-1.152718067169189453e+00,-5.483464598655700684e-01
3.420255661010742188e+00,-1.882414698600769043e+00
-9.528881311416625977e-01,-4.991967976093292236e-01
1.788380026817321777e+00,6.112541556358337402e-01
-7.896884083747863770e-01,-1.108193635940551758e+00
-1.774296998977661133e+00,-1.560424327850341797e+00
-1.551828160881996155e-02,4.780710339546203613e-01
-6.307529211044311523e-01,1.466415077447891235e-01
1.454095959663391113e+00,-7.746897935867309570e-01
-1.554288983345031738e+00,-1.072625741362571716e-01
-1.309084653854370117e+00,1.901564598083496094e-01
-7.690919935703277588e-02,4.141319692134857178e-01
-1.186285972595214844e+00,-1.457089304924011230e+00
5.743000656366348267e-02,-8.704647421836853027e-01
-2.767774462699890137e-02,-2.652821540832519531e-01
1.323586106300354004e+00,-1.434383034706115723e+00
-4.424271285533905029e-01,-9.812992811203002930e-01
-2.533016502857208252e-01,-3.179513812065124512e-01
-6.649417281150817871e-01,-9.776270389556884766e-01
5.952293872833251953e-01,1.892876744270324707e+00
2.982580959796905518e-01,-3.439228236675262451e-01
8.265631794929504395e-01,-1.194988846778869629e+00
-2.347808480262756348e-01,3.996939361095428467e-01
2.914553284645080566e-01,-1.174905300140380859e+00
8.213331103324890137e-01,2.219649076461791992e+00
3.472754955291748047e-01,-1.557194232940673828e+00
5.824020504951477051e-01,-1.082459330558776855e+00
-6.685823202133178711e-02,2.285293489694595337e-01
-1.305629968643188477e+00,6.465978026390075684e-01
6.073079109191894531e-01,1.458033323287963867e+00
-9.740171432495117188e-01,-4.454381465911865234e-01
6.448407769203186035e-01,-1.008811354637145996e+00
5.762403607368469238e-01,1.775599241256713867e+00
-6.647051572799682617e-01,-7.749816775321960449e-01
6.168254017829895020e-01,-1.233423352241516113e+00
1.576061844825744629e+00,-3.745906054973602295e-01
-1.090570211410522461e+00,-4.276106059551239014e-01
5.692707896232604980e-01,8.846809267997741699e-01
-4.467138350009918213e-01,8.034054636955261230e-01
1.421036124229431152e-01,-1.260122954845428467e-01
7.818284630775451660e-01,-1.282504320144653320e+00
-1.034643650054931641e+00,9.354376196861267090e-01
1.344899058341979980e+00,-8.841019272804260254e-01
9.419088959693908691e-01,6.393586397171020508e-01
1.644360542297363281e+00,4.450432062149047852e-01
-1.087422132492065430e+00,1.805730611085891724e-01
-3.089974164962768555e+00,-4.176347553730010986e-01
2.140922307968139648e+00,-7.800230383872985840e-01
-6.585721373558044434e-01,-1.448232531547546387e-01
6.067419052124023438e-01,3.304174542427062988e-01
2.759370803833007812e+00,-1.895338773727416992e+00
6.358503699302673340e-01,-2.563151419162750244e-01
-3.282815814018249512e-01,-9.869365692138671875e-01
-3.680399894714355469e+00,-2.620451450347900391e+00
2.488407611846923828e+00,-9.227505922317504883e-01
1.079909428954124451e-01,-6.382337212562561035e-01
-5.917630195617675781e-01,1.619108796119689941e+00
1.031785249710083008e+00,1.674770236015319824e+00
3.692848920822143555e+00,-2.502471506595611572e-01
-2.550331354141235352e-01,4.840971529483795166e-01
6.762806773185729980e-01,-5.270658731460571289e-01
9.849917888641357422e-01,-8.452628850936889648e-01
6.437827944755554199e-01,-8.944595456123352051e-01
-1.481241822242736816e+00,-2.069321393966674805e+00
-9.906871318817138672e-01,-3.764127194881439209e-01
8.078583478927612305e-01,-1.351438045501708984e+00
2.270242571830749512e-01,-5.305038094520568848e-01
1.727001190185546875e+00,2.145673751831054688e+00
-8.167563378810882568e-02,3.112817406654357910e-01
1.956313490867614746e+00,3.286152184009552002e-01
8.842939734458923340e-01,-1.142284512519836426e+00
1.605918526649475098e+00,5.497349500656127930e-01
-1.152127742767333984e+00,1.139752030372619629e+00
-6.269320845603942871e-02,-7.426401376724243164e-01
5.868270397186279297e-01,3.549584448337554932e-01
-1.291270405054092407e-01,8.224142789840698242e-01
1.415888905525207520e+00,3.681902408599853516e+00
1.022246956825256348e+00,-1.134913444519042969e+00
-1.068302869796752930e+00,-2.388157099485397339e-01
1.040618777275085449e+00,-1.463488698005676270e+00
-8.451527357101440430e-01,-1.363227605819702148e+00
-1.270797133445739746e+00,3.886313736438751221e-02
-1.233357310295104980e+00,-1.564953289926052094e-02
-4.661560058593750000e-01,1.743206024169921875e+00
-1.873801589012145996e+00,-4.270552098751068115e-01
4.130582511425018311e-01,-1.561412811279296875e+00
-1.653418183326721191e+00,-6.517726182937622070e-01
4.383385777473449707e-01,1.538695216178894043e+00
-1.041944503784179688e+00,-9.520519524812698364e-02
2.058103799819946289e+00,5.320877432823181152e-01
2.831592857837677002e-01,-3.508388996124267578e-02
5.489760637283325195e-01,7.203675508499145508e-01
-6.280766725540161133e-01,1.961294859647750854e-01
-7.595819830894470215e-01,-5.964591503143310547e-01
1.370977878570556641e+00,-1.324201822280883789e+00
5.155695676803588867e-01,-4.382075667381286621e-01
1.795631051063537598e+00,-1.427039980888366699e+00
7.890908718109130859e-01,-4.837774336338043213e-01
4.715589582920074463e-01,-3.350598812103271484e-01
8.842939734458923340e-01,-1.142284512519836426e+00
1.373183608055114746e+00,-4.769480526447296143e-01
5.489760637283325195e-01,7.203675508499145508e-01
1.145023703575134277e+00,-4.805518388748168945e-01
-1.938049077987670898e+00,-5.668594241142272949e-01
1.051799058914184570e+00,-3.475497066974639893e-01
-7.840178012847900391e-01,1.010025292634963989e-01
1.719908595085144043e+00,-1.153197288513183594e-01
-1.039647102355957031e+00,-2.929376438260078430e-03
8.687439560890197754e-01,1.205724239349365234e+00
-4.573230445384979248e-01,-4.793611764907836914e-01
2.808653593063354492e+00,-1.976330727338790894e-01
-1.084477424621582031e+00,-3.499914705753326416e-02
8.031004667282104492e-01,-2.116717845201492310e-01
-1.143767476081848145e+00,-2.705629169940948486e-01
1.116137385368347168e+00,-1.060927748680114746e+00
1.469981431961059570e+00,1.628874421119689941e+00
-1.006496191024780273e+00,-3.068230152130126953e-01
4.512783586978912354e-01,3.201251924037933350e-01
-5.572834610939025879e-01,6.712109446525573730e-01
1.468282341957092285e+00,-4.248517155647277832e-01
-6.577220559120178223e-01,-4.679204523563385010e-01
-6.329126656055450439e-02,8.859378695487976074e-01
-1.024308204650878906e+00,-4.867732822895050049e-01
6.332389712333679199e-01,5.119763612747192383e-01
-1.142946481704711914e+00,-1.258856505155563354e-01
-1.132799744606018066e+00,-7.153698801994323730e-02
-5.070226192474365234e-01,-4.153933823108673096e-01
-1.089923977851867676e+00,-4.267873764038085938e-01
-1.710092067718505859e+00,-5.778065919876098633e-01
1.297803521156311035e+00,-1.617970824241638184e+00
1.313183069229125977e+00,-2.132674306631088257e-01
-4.018865227699279785e-01,-2.425869703292846680e+00
-1.356557846069335938e+00,1.974806666374206543e+00
3.956573009490966797e-01,-3.975877463817596436e-01
1.436252117156982422e+00,-2.692399919033050537e-01
5.612030625343322754e-01,8.154918551445007324e-01
-5.658093467354774475e-02,5.511838793754577637e-01
-3.287738561630249023e-01,4.554255306720733643e-01
-9.497047662734985352e-01,-1.185715675354003906e+00
2.392050027847290039e+00,-1.614396214485168457e+00
8.552501201629638672e-01,4.115888595581054688e+00
2.843043953180313110e-02,-1.301158785820007324e+00
5.760699510574340820e-01,1.099643349647521973e+00
3.786243915557861328e+00,-4.591957569122314453e+00
2.059165835380554199e-01,-7.982149720191955566e-01
1.341953516006469727e+00,-1.802129894495010376e-01
-4.664396941661834717e-01,-9.779982268810272217e-02
1.114676356315612793e+00,-9.324195981025695801e-01
1.069223642349243164e+00,-3.505659401416778564e-01
2.621936321258544922e+00,4.941597938537597656e+00
5.511447191238403320e-01,1.049972534179687500e+00
7.605629563331604004e-01,1.959832906723022461e-01
1.926388978958129883e+00,-1.578953146934509277e+00
6.908077001571655273e-01,8.322396874427795410e-02
-2.035371959209442139e-01,-1.964557915925979614e-01
2.069298267364501953e+00,-6.871920228004455566e-01
-9.646729826927185059e-01,-5.214620232582092285e-01
-1.648510932922363281e+00,-5.565438270568847656e-01
1.395237684249877930e+00,-3.012506067752838135e-01
-2.133481025695800781e+00,-1.888973951339721680e+00
-1.235614180564880371e+00,-5.355387926101684570e-01
-1.014099001884460449e+00,-1.007962077856063843e-01
-6.150583624839782715e-01,-1.837051033973693848e+00
-9.446575641632080078e-01,-3.160225450992584229e-01
1.321165084838867188e+00,-1.477492451667785645e+00
-1.573973178863525391e+00,2.856268286705017090e-01
-1.880728483200073242e+00,1.817599534988403320e+00
-1.545718073844909668e+00,-6.127312183380126953e-01
2.335828542709350586e-01,1.705029368400573730e+00
-3.406421840190887451e-02,-7.143118381500244141e-01
3.356486558914184570e+00,7.107813358306884766e-01
8.107341527938842773e-01,-1.892479181289672852e+00
-1.012403726577758789e+00,2.784821987152099609e+00
8.306264877319335938e-03,1.477307230234146118e-01
-6.110372021794319153e-02,1.366889625787734985e-01
3.584808707237243652e-01,3.799907922744750977e+00
-2.561908662319183350e-01,4.481038451194763184e-01
6.671642065048217773e-01,-6.856651306152343750e-01
1.971582770347595215e-01,-6.050122380256652832e-01
-7.023003697395324707e-01,-5.674763321876525879e-01
-8.598170429468154907e-02,3.784973323345184326e-01
-4.286983609199523926e-01,2.149728834629058838e-01
6.630800664424896240e-02,-3.820824623107910156e-02
-1.089208841323852539e+00,3.277201175689697266e+00
3.100882768630981445e+00,-7.047923207283020020e-01
-1.152917623519897461e+00,-2.126184292137622833e-02
1.381763219833374023e+00,-1.927493214607238770e+00
-6.382554769515991211e-01,-5.916406512260437012e-01
1.195396482944488525e-02,-2.289870500564575195e+00
-1.030776262283325195e+00,-1.497870981693267822e-01
1.024118065834045410e+00,-3.866527974605560303e-01
7.995736598968505859e-01,-1.358400583267211914e+00
-9.523187875747680664e-01,-4.069584310054779053e-01
-1.039615392684936523e+00,-1.918821632862091064e-01
-1.721836447715759277e+00,-8.840619921684265137e-01
-5.400966405868530273e-01,6.168402433395385742e-01
9.746785163879394531e-01,1.971712827682495117e+00
2.103522777557373047e+00,9.290720820426940918e-01
1.595055699348449707e+00,-2.965295612812042236e-01
6.988219618797302246e-01,7.113237380981445312e-01
-1.124036192893981934e+00,-3.089716732501983643e-01
6.803820133209228516e-01,-6.758858561515808105e-01
-1.032855033874511719e+00,1.242728471755981445e+00
-1.745150089263916016e-01,2.721293866634368896e-01
-1.427591562271118164e+00,2.993299961090087891e+00
9.756275415420532227e-01,-3.591951370239257812e+00
-7.646268606185913086e-01,-4.862513840198516846e-01
7.084072232246398926e-01,-7.164858579635620117e-01
-3.765236139297485352e+00,-2.143963575363159180e+00
-1.065663456916809082e+00,-3.391866981983184814e-01
-1.187232285737991333e-01,-7.478882074356079102e-01
-1.107445120811462402e+00,-2.960571348667144775e-01
-1.838560461997985840e+00,-7.071621417999267578e-01
-1.066438794136047363e+00,-2.196619063615798950e-01
6.002019047737121582e-01,1.171291589736938477e+00
-2.615966796875000000e+00,-3.171330451965332031e+00
-3.419862687587738037e-01,-1.374916195869445801e+00
2.860181033611297607e-01,-2.570672631263732910e-01
9.916212558746337891e-01,-4.912063181400299072e-01
-9.129894971847534180e-01,-9.034356474876403809e-01
1.141270622611045837e-01,1.546730637550354004e+00
-3.502005040645599365e-01,-3.805170655250549316e-01
-9.671661853790283203e-01,-1.604998558759689331e-01
-1.108898520469665527e+00,1.732021927833557129e+00
-7.985318452119827271e-02,3.537795782089233398e+00
-3.384914398193359375e-01,-4.651038944721221924e-01
2.054134607315063477e+00,-6.905775070190429688e-01
-2.179522514343261719e-01,-1.834332942962646484e-01
-3.230775594711303711e-01,3.552600145339965820e-01
1.659973740577697754e+00,2.617644786834716797e+00
-2.562895119190216064e-01,2.879159450531005859e+00
-5.343570709228515625e-01,4.262869358062744141e-01
1.847116947174072266e+00,-9.169538617134094238e-01
-1.472355961799621582e+00,-8.968466520309448242e-01
-7.391004562377929688e-01,-9.426359534263610840e-01
8.614837527275085449e-01,-6.071866154670715332e-01
3.832179307937622070e+00,-1.786735892295837402e+00
-1.902628421783447266e+00,6.913482546806335449e-01
-7.867454290390014648e-01,-5.789660215377807617e-01
-2.347808480262756348e-01,3.996939361095428467e-01
3.588778078556060791e-01,-3.779861629009246826e-01
-1.011529445648193359e+00,-2.771589457988739014e-01
6.917086243629455566e-01,-8.585492521524429321e-02
-2.066983222961425781e+00,1.814253091812133789e+00
1.434782505035400391e+00,-6.350828409194946289e-01
-9.238319993019104004e-01,5.210705995559692383e-01
-7.668059468269348145e-01,1.564049720764160156e+00
1.730906844139099121e+00,1.016407757997512817e-01
-5.075635910034179688e-01,-3.176796734333038330e-01
1.979831814765930176e+00,-8.307257294654846191e-01
-3.823861777782440186e-01,3.554591536521911621e-02
-9.219588041305541992e-01,1.916058063507080078e-01
-5.834485590457916260e-02,7.244773507118225098e-01
1.696712732315063477e+00,1.038731217384338379e+00
-7.931894659996032715e-01,2.148515135049819946e-01
-2.766205310821533203e+00,-1.482467770576477051e+00
6.580073833465576172e-01,-4.428043663501739502e-01
1.319242358207702637e+00,-2.234368212521076202e-02
5.082219839096069336e-01,8.271985054016113281e-01
1.047258153557777405e-01,-1.393023133277893066e-01
-6.182887554168701172e-01,-9.632955789566040039e-01
-3.960230350494384766e-01,-7.863415479660034180e-01
7.361698150634765625e-01,3.814085125923156738e-01
4.600379168987274170e-01,2.995563447475433350e-01
-1.014573335647583008e+00,-1.992884725332260132e-01
-1.202227115631103516e+00,1.210005357861518860e-01
-1.052583813667297363e+00,-8.069200515747070312e-01
-1.090836048126220703e+00,-3.147959709167480469e-02
2.659243941307067871e-01,3.390160501003265381e-01
7.774186730384826660e-01,-7.193583250045776367e-01
1.087505340576171875e+00,-4.019975960254669189e-01
-1.601262390613555908e-01,-1.986702382564544678e-01
1.090870261192321777e+00,-5.241497755050659180e-01
-2.451598942279815674e-01,-1.509214341640472412e-01
-4.180636256933212280e-02,1.582034081220626831e-01
3.222602307796478271e-01,-2.925215065479278564e-01
1.019377037882804871e-01,-7.158059477806091309e-01
-1.734647870063781738e+00,-8.980524539947509766e-01
1.373139619827270508e-01,-4.878087341785430908e-01
-1.324640661478042603e-01,3.540404736995697021e-01
-8.251219987869262695e-01,-1.650299429893493652e-01
-1.041825175285339355e+00,-5.338020920753479004e-01
1.500573754310607910e+00,-3.870620429515838623e-01
-2.550331354141235352e-01,4.840971529483795166e-01
6.405662298202514648e-01,1.673155307769775391e+00
2.350457906723022461e+00,4.531722068786621094e-01
7.999258041381835938e-01,-6.320117115974426270e-01
6.253561973571777344e-01,1.935076713562011719e+00
-5.846968293190002441e-01,1.815281510353088379e-01
2.588447034358978271e-01,-1.355797290802001953e+00
-9.501662850379943848e-01,2.151435613632202148e+00
1.086572408676147461e+00,-3.700986802577972412e-01
2.790183424949645996e-01,-3.471946716308593750e-01
-1.177717566490173340e+00,1.736658066511154175e-02
1.620317220687866211e+00,-7.952625155448913574e-01
-4.330497384071350098e-01,1.366585493087768555e-01
-3.513257801532745361e-01,-1.932383477687835693e-01
-1.727314591407775879e+00,9.865047931671142578e-01
-1.132799744606018066e+00,-7.153698801994323730e-02
6.006134748458862305e-01,-5.142585039138793945e-01
-1.040672659873962402e+00,-3.349114954471588135e-01
-1.727531552314758301e-01,-2.676115036010742188e-01
-8.373515605926513672e-01,-4.910525977611541748e-01
-8.734155297279357910e-01,-5.015553236007690430e-01
-1.072341561317443848e+00,-1.750369071960449219e-01
-5.684010386466979980e-01,-1.089519143104553223e+00
2.624031066894531250e+00,1.234063029289245605e+00
-2.419709861278533936e-01,-9.680900722742080688e-03
1.127683520317077637e+00,-3.537588417530059814e-01
-2.615966796875000000e+00,-3.171330451965332031e+00
-1.060546159744262695e+00,-2.628060877323150635e-01
9.212446808815002441e-01,-1.675826787948608398e+00
-1.526511311531066895e+00,2.903951406478881836e-01
-9.635008573532104492e-01,-2.014745324850082397e-01
1.427917242050170898e+00,2.371847152709960938e+00
1.348000764846801758e-01,6.090316176414489746e-01
3.780781328678131104e-01,-2.283917903900146484e+00
1.454246401786804199e+00,-1.293233871459960938e+00
6.437827944755554199e-01,-8.944595456123352051e-01
5.954880714416503906e-01,-6.597158908843994141e-01
3.307811319828033447e-01,-3.396964669227600098e-01
-7.651046514511108398e-01,-1.641084194183349609e+00
1.246273279190063477e+00,-4.003085792064666748e-01
2.640621364116668701e-02,-7.196593284606933594e-01
6.026446819305419922e-01,-3.575190305709838867e-01
-1.661464214324951172e+00,-4.447906315326690674e-01
1.471758186817169189e-01,1.529720872640609741e-01
7.183880805969238281e-01,-4.634976387023925781e-01
5.136322379112243652e-01,-5.304958820343017578e-01
6.850387454032897949e-01,-2.523395717144012451e-01
1.898061394691467285e+00,5.091238021850585938e-01
-1.007536053657531738e+00,-2.510900795459747314e-01
-1.656312644481658936e-01,2.551974296569824219e+00
-9.152990579605102539e-01,-2.888300456106662750e-02
-4.498281478881835938e-01,1.479761153459548950e-01
2.940828084945678711e+00,-1.912455201148986816e+00
2.944897174835205078e+00,-6.981274485588073730e-02
1.696712732315063477e+00,1.038731217384338379e+00
1.395250201225280762e+00,-2.563346326351165771e-01
1.084217309951782227e+00,5.503082871437072754e-01
-2.247505784034729004e-01,-2.605866789817810059e-01
-1.589246839284896851e-01,-8.408102393150329590e-01
-1.096985936164855957e+00,-4.598995149135589600e-01
2.189437389373779297e+00,1.525111079216003418e+00
-9.365102648735046387e-01,-4.511983394622802734e-01
-2.043217182159423828e+00,-6.834946274757385254e-01
-1.273573994636535645e+00,2.651156485080718994e-01
1.373949408531188965e+00,4.658844769001007080e-01
2.384162425994873047e+00,-8.904055953025817871e-01
-2.561908662319183350e-01,4.481038451194763184e-01
-1.015955805778503418e+00,-4.459764659404754639e-01
1.250860929489135742e+00,-1.618236780166625977e+00
-9.506663084030151367e-01,-5.082746744155883789e-01
-7.643982768058776855e-01,2.102768570184707642e-01
5.190936326980590820e-01,-5.398515462875366211e-01
-6.859952211380004883e-01,1.258992195129394531e+00
-3.176171779632568359e-01,1.932918071746826172e+00
2.399633169174194336e+00,1.711320281028747559e+00
-3.075673103332519531e+00,-2.446484565734863281e+00
9.838582277297973633e-01,-8.291518092155456543e-01
-1.142331957817077637e+00,-7.245925813913345337e-02
-1.361713767051696777e+00,-3.554831147193908691e-01
1.641666769981384277e+00,7.883231043815612793e-01
1.261768817901611328e+00,-8.649314641952514648e-01
1.650434255599975586e+00,1.487446784973144531e+00
-1.046969532966613770e+00,-8.638872504234313965e-01
-4.111439734697341919e-02,-3.106903731822967529e-01
6.680021286010742188e-01,-3.386954665184020996e-01
7.301951646804809570e-01,-1.344047665596008301e+00
5.923606157302856445e-01,-1.443212330341339111e-01
-1.076108217239379883e+00,-6.606790423393249512e-02
8.705332279205322266e-01,-7.371100187301635742e-01
-2.057336091995239258e+00,-8.918417692184448242e-01
-1.659396529197692871e+00,-7.664359807968139648e-01
-7.490472793579101562e-01,-3.504480421543121338e-01
-1.049940347671508789e+00,-1.782142370939254761e-01
1.389519333839416504e+00,-1.491361379623413086e+00
-2.960585057735443115e-01,-9.020590186119079590e-01
2.334040641784667969e+00,1.729591369628906250e+00
-7.251752614974975586e-01,8.569270372390747070e-01
6.448407769203186035e-01,-1.008811354637145996e+00
1.379408001899719238e+00,1.789331316947937012e+00
-1.545718073844909668e+00,-6.127312183380126953e-01
4.880450069904327393e-01,1.183841824531555176e+00
-1.124752283096313477e+00,1.631169199943542480e+00
-1.253724932670593262e+00,1.846446245908737183e-01
1.650426626205444336e+00,5.393670201301574707e-01
7.840466499328613281e-01,-7.048242092132568359e-01
8.508222103118896484e-01,-2.623537182807922363e-01
8.994649648666381836e-01,1.977224469184875488e+00
7.717906832695007324e-01,-6.039409041404724121e-01
3.633900403976440430e+00,3.770350813865661621e-01
-1.173681735992431641e+00,-1.182431429624557495e-01
1.690617561340332031e+00,-1.618919253349304199e+00
-2.851235151290893555e+00,-1.152540922164916992e+00
1.263637900352478027e+00,-4.121153354644775391e-01
-7.251752614974975586e-01,8.569270372390747070e-01
-9.635008573532104492e-01,-2.014745324850082397e-01
1.002938628196716309e+00,-6.760054230690002441e-01
-9.441924691200256348e-01,-1.770295202732086182e-01
-1.033868789672851562e+00,-1.001928150653839111e-01
-1.725574970245361328e+00,-9.162352085113525391e-01
-7.016622424125671387e-01,6.055849045515060425e-02
-1.063576221466064453e+00,-4.028450250625610352e-01
-1.093153238296508789e+00,-3.064822256565093994e-01
-1.019679784774780273e+00,-3.911344110965728760e-01
-3.621854782104492188e-01,-8.113524317741394043e-02
1.436252117156982422e+00,-2.692399919033050537e-01
-1.143767476081848145e+00,-2.705629169940948486e-01
8.230800181627273560e-02,-6.898172497749328613e-01
-1.576006650924682617e+00,-3.563566207885742188e-01
5.715764760971069336e-01,-4.081262946128845215e-01
1.309546709060668945e+00,-1.720165759325027466e-01
-1.546277642250061035e+00,4.674105644226074219e+00
-9.724055528640747070e-01,-5.230334997177124023e-01
4.920791089534759521e-01,4.267244040966033936e-01
2.555340230464935303e-01,1.141724824905395508e+00
2.227451086044311523e+00,5.335747599601745605e-01
6.680021286010742188e-01,-3.386954665184020996e-01
-1.095925569534301758e+00,-6.249765157699584961e-01
4.863415062427520752e-01,-2.417705208063125610e-01
-1.016997575759887695e+00,4.227912425994873047e-02
-7.361603379249572754e-01,-1.670022308826446533e-01
-4.964030086994171143e-01,-3.199240863323211670e-01
1.427917242050170898e+00,2.371847152709960938e+00
9.103115200996398926e-01,-6.702710688114166260e-02
-5.078660845756530762e-01,1.041608452796936035e+00
-2.604206204414367676e-01,-3.284969925880432129e-01
-9.705939888954162598e-01,9.709974527359008789e-01
1.461505889892578125e+00,3.346098661422729492e-01
3.171732425689697266e+00,-4.633403420448303223e-01
-1.110943317413330078e+00,-5.726708471775054932e-02
-3.757882416248321533e-01,3.826534986495971680e+00
-1.110943317413330078e+00,-5.726708471775054932e-02
-8.432343602180480957e-01,-4.759856164455413818e-01
-8.230319619178771973e-01,-2.143597602844238281e-01
-9.778087139129638672e-01,-1.458041965961456299e-01
1.144846439361572266e+00,-5.139455795288085938e-01
-1.761706173419952393e-01,-1.849800050258636475e-01
4.064255952835083008e-01,-3.332161009311676025e-01
3.024299860000610352e+00,3.343543291091918945e+00
4.233039021492004395e-01,-6.015964746475219727e-01
8.313146829605102539e-01,-7.348803281784057617e-01
-5.121364593505859375e-01,-8.303321897983551025e-02
-1.727531552314758301e-01,-2.676115036010742188e-01
-1.794188976287841797e+00,-2.075846910476684570e+00
-8.137720823287963867e-02,-4.282696172595024109e-03
1.199305653572082520e+00,-4.956725537776947021e-01
-7.381055951118469238e-01,-1.010481953620910645e+00
-2.193843722343444824e-01,3.169589936733245850e-01
-1.035977363586425781e+00,-1.467903405427932739e-01
8.847200125455856323e-02,2.041050940752029419e-01
-1.065663456916809082e+00,-3.391866981983184814e-01
1.329911828041076660e+00,1.529621839523315430e+00
2.505980432033538818e-01,2.407735824584960938e+00
1.833843350410461426e+00,-7.619522213935852051e-01
1.181265950202941895e+00,-3.726451694965362549e-01
-9.310747981071472168e-01,-4.823084175586700439e-01
4.937473237514495850e-01,-7.280100584030151367e-01
6.237346529960632324e-01,-1.103222966194152832e+00
1.375874876976013184e+00,3.446787595748901367e-01
-1.936639785766601562e+00,5.001617223024368286e-02
-6.319813132286071777e-01,-4.220484495162963867e-01
-7.601736187934875488e-01,-6.698320508003234863e-01
-1.656312644481658936e-01,2.551974296569824219e+00
2.392050027847290039e+00,-1.614396214485168457e+00
-4.217848479747772217e-01,1.205295845866203308e-01
7.714473605155944824e-01,-2.831913828849792480e-01
-2.208142995834350586e+00,-1.114475965499877930e+00
2.607600450515747070e+00,-7.932097911834716797e-01
1.106134891510009766e+00,-3.912006020545959473e-01
1.395534276962280273e+00,-1.448360085487365723e+00
1.214693486690521240e-02,2.352502495050430298e-01
-3.898406922817230225e-01,5.345699787139892578e-01
-5.448986291885375977e-01,-1.198627352714538574e-01
-2.285688400268554688e+00,-8.383430242538452148e-01
9.212446808815002441e-01,-1.675826787948608398e+00
9.631711244583129883e-01,-3.297989964485168457e-01
1.522761583328247070e+00,1.942551255226135254e+00
-2.748392522335052490e-01,6.191845536231994629e-01
-1.115818381309509277e+00,-3.242889940738677979e-01
-5.923264026641845703e-01,-1.262686133384704590e+00
-1.095248818397521973e+00,-2.493715435266494751e-01
1.713907122611999512e+00,-3.902655839920043945e-01
1.435137748718261719e+00,-1.449618816375732422e+00
3.498528957366943359e+00,-1.702319025993347168e+00
-2.767774462699890137e-02,-2.652821540832519531e-01
-3.410041630268096924e-01,-1.597443819046020508e-01
8.021916151046752930e-01,5.331864356994628906e-01
1.550610661506652832e+00,-1.051103472709655762e+00
5.673370361328125000e-01,1.561572313308715820e+00
5.800983309745788574e-01,-2.019254267215728760e-01
-6.473439335823059082e-01,-1.139995217323303223e+00
7.815836071968078613e-01,-4.872046470642089844e+00
-1.002114534378051758e+00,8.627898097038269043e-01
-8.415098786354064941e-01,-8.943695425987243652e-01
9.591089487075805664e-01,-7.932841181755065918e-01
-1.237327933311462402e+00,-8.322529792785644531e-01
-1.124036192893981934e+00,-3.089716732501983643e-01
-3.541997373104095459e-01,2.600349187850952148e-01
-4.217848479747772217e-01,1.205295845866203308e-01
2.232634544372558594e+00,-3.021482467651367188e+00
-9.650409221649169922e-01,1.617822498083114624e-01
1.285381913185119629e-01,-6.853025555610656738e-01
1.414428114891052246e+00,-1.447263121604919434e+00
2.110418677330017090e-02,-7.033250927925109863e-01
2.791491508483886719e+00,-1.988292098045349121e+00
8.508222103118896484e-01,-2.623537182807922363e-01
-2.769305109977722168e-01,6.312949061393737793e-01
2.583201825618743896e-01,-6.161943078041076660e-01
-8.296768665313720703e-01,-1.039413571357727051e+00
6.231907010078430176e-01,1.574816942214965820e+00
3.089293241500854492e-01,-5.631897449493408203e-01
4.903883635997772217e-01,-3.275338709354400635e-01
4.383385777473449707e-01,1.538695216178894043e+00
7.976683974266052246e-01,1.491869926452636719e+00
-7.130864858627319336e-01,-6.677883267402648926e-01
-6.358801722526550293e-01,-4.061396121978759766e-01
1.948565542697906494e-01,-7.031452655792236328e-01
2.759622812271118164e+00,-7.027188539505004883e-01
3.926798701286315918e-01,9.531500935554504395e-01
-1.024788856506347656e+00,5.147225409746170044e-02
2.659243941307067871e-01,3.390160501003265381e-01
-7.806355953216552734e-01,-4.209970235824584961e-01
-1.756947338581085205e-01,-1.974162161350250244e-01
1.195512652397155762e+00,-9.895141124725341797e-01
1.049686551094055176e+00,-1.616881728172302246e+00
8.655347824096679688e-01,1.000475406646728516e+00
4.705078899860382080e-01,4.974505901336669922e-01
-1.380621552467346191e+00,2.065404802560806274e-01
6.462997198104858398e-01,2.197980880737304688e+00
9.426230192184448242e-01,-1.353120207786560059e+00
-1.825670480728149414e+00,2.184272527694702148e+00
-2.014249265193939209e-01,1.728358268737792969e+00
1.252582073211669922e+00,-2.483419328927993774e-01
-4.831777811050415039e-01,-1.180965781211853027e+00
-2.208142995834350586e+00,-1.114475965499877930e+00
3.179683089256286621e-01,-3.564441204071044922e-01
-1.732811331748962402e-01,-9.173511862754821777e-01
-6.150583624839782715e-01,-1.837051033973693848e+00
-1.766515612602233887e+00,-5.929433107376098633e-01
-1.634802699089050293e+00,-4.922118484973907471e-01
-3.448824286460876465e-01,-3.601917028427124023e-01
1.523348331451416016e+00,6.251872181892395020e-01
1.001737266778945923e-02,4.792114198207855225e-01
1.466910481452941895e+00,-2.282912254333496094e+00
-7.010588645935058594e-01,-1.555984854698181152e+00
-2.604206204414367676e-01,-3.284969925880432129e-01
-2.216958403587341309e-01,4.041777551174163818e-01
5.219493508338928223e-01,3.892825841903686523e-01
-4.268913865089416504e-01,-1.943204253911972046e-01
2.320585489273071289e+00,-1.644290924072265625e+00
-4.632014781236648560e-03,-1.176321059465408325e-01
4.519897401332855225e-01,7.765141129493713379e-01
5.539635419845581055e-01,1.171188712120056152e+00
8.602391481399536133e-01,-2.483236342668533325e-01
5.800983309745788574e-01,-2.019254267215728760e-01
-8.230319619178771973e-01,-2.143597602844238281e-01
2.340007781982421875e+00,-1.263354659080505371e+00
-4.051506221294403076e-01,-1.253707706928253174e-01
-7.541812658309936523e-01,-7.453452795743942261e-02
-9.528881311416625977e-01,-4.991967976093292236e-01
1.242479920387268066e+00,-2.858315706253051758e-01
7.398821711540222168e-01,-3.197088837623596191e-01
1.888446450233459473e+00,7.581281065940856934e-01
1.507453441619873047e+00,6.250636577606201172e-01
1.826654911041259766e+00,-5.772607326507568359e-01
-1.849249362945556641e+00,-8.270965814590454102e-01
1.146547675132751465e+00,-1.543858796358108521e-01
-6.231859922409057617e-01,-7.778310775756835938e-02
8.608132004737854004e-01,1.803717970848083496e+00
3.499192297458648682e-01,-1.738628149032592773e+00
1.081524848937988281e+00,-8.533003330230712891e-01
1.016389727592468262e+00,1.580194473266601562e+00
9.853277206420898438e-01,1.833137512207031250e+00
-7.595819830894470215e-01,-5.964591503143310547e-01
-1.176411747932434082e+00,-3.666497468948364258e-01
7.441886067390441895e-01,-3.734145164489746094e-01
-1.076192378997802734e+00,-2.107157707214355469e-01
-2.857379198074340820e+00,-8.725643157958984375e-01
-1.039289951324462891e+00,-3.534993231296539307e-01
-7.409508228302001953e-01,-9.379696846008300781e-01
-9.364752769470214844e-01,-5.193632841110229492e-01
-1.183803319931030273e+00,-7.117186188697814941e-01
2.080014944076538086e-01,-9.881905317306518555e-01
-1.768669605255126953e+00,-5.932459235191345215e-01
7.164764404296875000e-01,3.091446459293365479e-01
-1.165470004081726074e+00,-3.810334950685501099e-02
3.420255661010742188e+00,-1.882414698600769043e+00
-1.756947338581085205e-01,-1.974162161350250244e-01
3.707512319087982178e-01,3.862325847148895264e-01
8.454555273056030273e-01,1.620016694068908691e+00
8.526752591133117676e-01,-3.851410448551177979e-01
3.472754955291748047e-01,-1.557194232940673828e+00
4.790965616703033447e-01,1.419913053512573242e+00
-1.443378478288650513e-01,3.147092461585998535e-01
-8.424343466758728027e-01,-2.064106017351150513e-01
1.979831814765930176e+00,-8.307257294654846191e-01
-2.258099615573883057e-03,-4.333321750164031982e-02
6.087418794631958008e-01,-1.566925644874572754e+00
1.063022017478942871e+00,8.698197007179260254e-01
-1.366982460021972656e+00,-8.738014698028564453e-01
-1.368929266929626465e+00,1.920160293579101562e+00
-6.058831214904785156e-01,2.500853776931762695e+00
1.678439617156982422e+00,6.850731372833251953e-01
-8.722726702690124512e-01,-4.520185589790344238e-01
-4.706304669380187988e-01,2.568994760513305664e-01
-3.928854465484619141e-01,5.467302799224853516e-01
-3.513881266117095947e-01,3.192257583141326904e-01
2.588447034358978271e-01,-1.355797290802001953e+00
4.312772303819656372e-02,-6.960287094116210938e-01
4.346034526824951172e-01,1.824658215045928955e-01
1.142258644104003906e+00,-2.024432897567749023e+00
-1.121005713939666748e-01,3.465079963207244873e-01
1.045168399810791016e+00,-7.517802119255065918e-01
1.921626806259155273e+00,-3.089249134063720703e+00
2.086452960968017578e+00,-2.386521250009536743e-01
-1.001368761062622070e+00,-3.404881060123443604e-01
1.782110810279846191e+00,-1.814224004745483398e+00
1.030464291572570801e+00,-3.233250081539154053e-01
5.702394843101501465e-01,-4.664134085178375244e-01
9.765399694442749023e-01,-1.290788292884826660e+00
-7.337453961372375488e-01,-1.321196556091308594e+00
3.436448574066162109e-01,-7.138092517852783203e-01
9.213333129882812500e-01,8.405004143714904785e-01
-4.410411790013313293e-02,3.521419763565063477e-01
-6.182887554168701172e-01,-9.632955789566040039e-01
-4.897545576095581055e-01,-5.037212371826171875e-01
2.199005842208862305e+00,1.440245151519775391e+00
2.384162425994873047e+00,-8.904055953025817871e-01
-1.737954974174499512e+00,-9.622283577919006348e-01
-1.066407322883605957e+00,-4.846286475658416748e-01
-1.111111789941787720e-01,3.761395812034606934e-01
7.183880805969238281e-01,-4.634976387023925781e-01
7.251750826835632324e-01,2.721004188060760498e-01
-1.312896132469177246e+00,7.308845221996307373e-02
-8.359311223030090332e-01,-4.843649566173553467e-01
3.354669213294982910e-01,-1.658087968826293945e+00
1.643416166305541992e+00,-8.342347741127014160e-01
1.156572580337524414e+00,-5.084957480430603027e-01
3.085480332374572754e-01,8.737238645553588867e-01
9.202467799186706543e-01,-1.810500472784042358e-01
3.903648853302001953e+00,-1.379392266273498535e+00
8.118879199028015137e-01,-4.859075248241424561e-01
3.883329331874847412e-01,-6.980780512094497681e-03
-5.040074586868286133e-01,5.885450243949890137e-01
-1.095502853393554688e+00,-2.857166230678558350e-01
-8.481038808822631836e-01,-1.733961403369903564e-01
-1.068567991256713867e+00,-1.545782089233398438e-01
7.462693452835083008e-01,-1.348602294921875000e+00
-2.104255557060241699e-01,-2.521482706069946289e-01
1.907260894775390625e+00,4.246082007884979248e-01
-5.788556337356567383e-01,-1.139262676239013672e+00
-1.817439913749694824e+00,1.851287126541137695e+00
-6.018159389495849609e-01,-3.481645584106445312e-01
-2.206815958023071289e+00,-2.259278059005737305e+00
-8.451527357101440430e-01,-1.363227605819702148e+00
-3.451702594757080078e-01,-4.277114570140838623e-01
2.058997154235839844e+00,-3.932307958602905273e-01
-6.620128750801086426e-01,9.435457736253738403e-02
-6.360360383987426758e-01,1.358879506587982178e-01
-1.150217652320861816e+00,-8.957237750291824341e-02
1.161689162254333496e+00,-3.468585014343261719e-01
7.818284630775451660e-01,-1.282504320144653320e+00
-1.049119591712951660e+00,-3.724520653486251831e-02
-5.918629765510559082e-01,6.074352562427520752e-02
1.855566859245300293e+00,-1.305233597755432129e+00
-1.035727977752685547e+00,-2.375901192426681519e-01
-1.636927008628845215e+00,-7.302443981170654297e-01
2.071871757507324219e+00,-1.158018946647644043e+00
-2.217385470867156982e-01,5.425908416509628296e-02
-1.114415407180786133e+00,-1.185401678085327148e+00
8.476869463920593262e-01,-5.770850181579589844e-01
-2.918856963515281677e-02,6.826471090316772461e-01
-1.088238477706909180e+00,2.541126906871795654e-01
-1.219251990318298340e+00,-4.066492319107055664e-01
6.531139016151428223e-01,7.633004188537597656e-01
2.099351882934570312e+00,1.769189119338989258e+00
-6.703408807516098022e-02,-5.306265950202941895e-01
1.356355905532836914e+00,-1.515201687812805176e+00
-9.500826597213745117e-01,-2.061696946620941162e-01
-9.951845407485961914e-01,-2.626281082630157471e-01
-2.333539247512817383e+00,-8.088449835777282715e-01
1.213201045989990234e+00,-3.640407323837280273e-01
4.821752607822418213e-01,4.608268439769744873e-01
1.198771119117736816e+00,-5.963075757026672363e-01
-9.763920307159423828e-01,-1.728278547525405884e-01
-1.428102970123291016e+00,1.968696415424346924e-01
-1.666181325912475586e+00,-6.489889621734619141e-01
5.511447191238403320e-01,1.049972534179687500e+00
-2.540668286383152008e-02,-6.891871094703674316e-01
5.681029558181762695e-01,-2.455832511186599731e-01
-4.308515489101409912e-01,1.502851396799087524e-01
-2.960585057735443115e-01,-9.020590186119079590e-01
-2.529371678829193115e-01,1.439473628997802734e-01
-1.906711935997009277e+00,-7.963948249816894531e-01
4.863415062427520752e-01,-2.417705208063125610e-01
1.247068524360656738e+00,5.409476757049560547e-01
2.514097929000854492e+00,-3.834553956985473633e-01
-1.362485885620117188e-01,8.617250919342041016e-01
8.787120580673217773e-01,-3.399067819118499756e-01
-4.835405647754669189e-01,6.737585067749023438e-01
2.856315672397613525e-01,8.583182692527770996e-01
1.307300806045532227e+00,4.214240312576293945e-01
-3.882737159729003906e-01,4.953039586544036865e-01
1.589191555976867676e-01,2.554482817649841309e-01
1.644375324249267578e+00,-1.665769666433334351e-01
6.723663806915283203e-01,1.337059378623962402e+00
4.880450069904327393e-01,1.183841824531555176e+00
-8.325117826461791992e-02,3.736942291259765625e+00
7.252527475357055664e-01,-6.219716668128967285e-01
6.860897541046142578e-01,1.261492133140563965e+00
-1.034643650054931641e+00,9.354376196861267090e-01
-8.772404193878173828e-01,-4.943669140338897705e-01
1.813550889492034912e-01,-2.181266397237777710e-01
-1.920868515968322754e+00,-5.628042221069335938e-01
6.237346529960632324e-01,-1.103222966194152832e+00
2.549331784248352051e-01,-5.297270417213439941e-01
4.260064065456390381e-01,2.035684585571289062e+00
1.426011323928833008e-01,-7.328640818595886230e-01
-1.797486305236816406e+00,-9.504617452621459961e-01
5.327978730201721191e-01,-4.542857706546783447e-01
-1.040646910667419434e+00,-1.517275720834732056e-01
-4.650450646877288818e-01,-1.250699520111083984e+00
-1.023218750953674316e+00,-3.907250463962554932e-01
-2.006054401397705078e+00,-1.067193150520324707e+00
-1.508994102478027344e-01,3.060760796070098877e-01
9.844650030136108398e-01,2.686935186386108398e+00
1.414428114891052246e+00,-1.447263121604919434e+00
-1.141669631004333496e+00,-5.333877205848693848e-01
-3.436228632926940918e-01,4.606081545352935791e-01
6.651411652565002441e-01,-4.357173740863800049e-01
9.591089487075805664e-01,-7.932841181755065918e-01
1.189025640487670898e+00,-1.314913392066955566e+00
2.426000684499740601e-02,3.271810412406921387e-01
1.971653342247009277e+00,7.330956459045410156e-01
2.457899570465087891e+00,1.604113817214965820e+00
-1.012767434120178223e+00,-4.584020376205444336e-01
-4.565456211566925049e-01,-8.112951517105102539e-01
1.978019475936889648e-01,4.385140836238861084e-01
1.572077870368957520e+00,-1.319013714790344238e+00
-1.666246503591537476e-01,2.860182225704193115e-01
4.519897401332855225e-01,7.765141129493713379e-01
9.277848601341247559e-01,1.722957372665405273e+00
-1.589246839284896851e-01,-8.408102393150329590e-01
7.187864184379577637e-01,6.689388155937194824e-01
-1.737927079200744629e+00,-8.247236013412475586e-01
-1.538382172584533691e-01,1.355055809020996094e+00
1.130600690841674805e+00,-2.337363958358764648e+00
8.442355394363403320e-01,-6.635031104087829590e-01
9.263145327568054199e-01,1.408705472946166992e+00
-1.117140412330627441e+00,-3.535481393337249756e-01
-1.446369171142578125e+00,-9.101220965385437012e-01
-1.057061672210693359e+00,-2.372498959302902222e-01
-7.749556303024291992e-01,1.684531420469284058e-01
2.457899570465087891e+00,1.604113817214965820e+00
1.344899058341979980e+00,-8.841019272804260254e-01
4.939991533756256104e-01,-6.182937026023864746e-01
-1.023787975311279297e+00,8.025513887405395508e-01
1.376157760620117188e+00,-6.516877412796020508e-01
8.840546011924743652e-01,-1.542160660028457642e-01
1.415888905525207520e+00,3.681902408599853516e+00
7.840466499328613281e-01,-7.048242092132568359e-01
-4.920337498188018799e-01,-2.520977556705474854e-01
2.158629417419433594e+00,-7.884054780006408691e-01
-1.078702092170715332e+00,-3.942152559757232666e-01
-5.297591090202331543e-01,-3.525140881538391113e-02
5.977848172187805176e-01,-5.086871981620788574e-01
1.242479920387268066e+00,-2.858315706253051758e-01
4.725565612316131592e-01,-4.345106482505798340e-01
-4.514886736869812012e-01,3.576998710632324219e-01
1.142881989479064941e+00,-1.538568496704101562e+00
6.960473060607910156e-01,-4.243577122688293457e-01
-5.161517262458801270e-01,-3.503852784633636475e-01
-2.868712842464447021e-01,4.946925640106201172e+00
-9.936184883117675781e-01,-4.845045506954193115e-01
-1.149808049201965332e+00,-8.955521136522293091e-02
1.398012161254882812e+00,-3.268850743770599365e-01
1.130579590797424316e+00,-1.421227455139160156e+00
8.985899686813354492e-01,3.289167881011962891e+00
9.528819322586059570e-01,-8.363024592399597168e-01
-1.186948657035827637e+00,-2.298225611448287964e-01
-5.969364047050476074e-01,2.893415093421936035e-01
-8.163972496986389160e-01,-4.726181626319885254e-01
-1.546277642250061035e+00,4.674105644226074219e+00
1.373949408531188965e+00,4.658844769001007080e-01
8.280678391456604004e-01,-1.296528220176696777e+00
5.171251296997070312e-01,1.448767066001892090e+00
-1.659396529197692871e+00,-7.664359807968139648e-01
5.014925599098205566e-01,1.113978505134582520e+00
1.522761583328247070e+00,1.942551255226135254e+00
-4.236701428890228271e-01,-2.834328450262546539e-02
-2.748392522335052490e-01,6.191845536231994629e-01
-1.039696097373962402e+00,1.679290458559989929e-02
3.058233559131622314e-01,-3.645228445529937744e-01
6.442999243736267090e-01,-5.190026760101318359e-01
1.762810945510864258e-01,-3.429848253726959229e-01
4.787531793117523193e-01,-1.467130482196807861e-01
-7.985318452119827271e-02,3.537795782089233398e+00
-1.663806915283203125e+00,-6.347023844718933105e-01
1.021226406097412109e+00,-5.499356985092163086e-01
6.782820224761962891e-01,-1.400568485260009766e+00
2.831592857837677002e-01,-3.508388996124267578e-02
-1.488543450832366943e-01,-6.940698027610778809e-01
-1.070897340774536133e+00,6.134729087352752686e-02
1.100472211837768555e+00,1.332979202270507812e+00
1.825681447982788086e+00,-1.260919094085693359e+00
-8.085952997207641602e-01,1.044810190796852112e-01
-2.220623940229415894e-02,3.890061378479003906e-01
-1.065549015998840332e+00,-1.901349872350692749e-01
1.913313269615173340e+00,-1.383017301559448242e+00
1.491520166397094727e+00,9.436171054840087891e-01
-1.683803081512451172e+00,3.059727430343627930e+00
4.029092788696289062e-01,-5.863671898841857910e-01
1.203756332397460938e+00,5.539659261703491211e-01
-1.071251630783081055e+00,6.824543476104736328e-01
-4.354119002819061279e-01,-6.929888129234313965e-01
-9.314661026000976562e-01,-2.448856979608535767e-01
7.582315206527709961e-01,-4.151133596897125244e-01
-1.460516899824142456e-01,-2.563250064849853516e-01
4.395283699035644531e+00,-3.439752340316772461e+00
-1.661528944969177246e+00,-2.237259298563003540e-01
4.185565471649169922e+00,2.805525541305541992e+00
1.215520620346069336e+00,6.076010704040527344e+00
8.991152048110961914e-01,-3.886278718709945679e-02
9.957978725433349609e-01,8.614460378885269165e-02
-1.594741493463516235e-01,-1.377599090337753296e-01
5.983053892850875854e-02,-1.004643440246582031e-01
1.031785249710083008e+00,1.674770236015319824e+00
8.530735373497009277e-01,-6.319786906242370605e-01
6.192723512649536133e-01,-2.415343970060348511e-01
-5.268847346305847168e-01,-1.464257597923278809e+00
1.747258007526397705e-01,1.523160487413406372e-01
1.736406981945037842e-01,-1.040972352027893066e+00
1.685033440589904785e+00,-9.627615809440612793e-01
3.482643365859985352e-01,-6.878835558891296387e-01
-3.688183426856994629e-01,5.171815752983093262e-01
1.014580607414245605e+00,1.036449074745178223e+00
-1.085483074188232422e+00,-2.567591071128845215e-01
-1.358578681945800781e+00,2.289073169231414795e-01
-1.041998505592346191e+00,-3.153256773948669434e-01
-1.037319064140319824e+00,-2.455522269010543823e-01
8.419119715690612793e-01,2.792856693267822266e+00
1.149584874510765076e-01,-1.335026144981384277e+00
2.311907112598419189e-01,-1.561792850494384766e+00
1.341712951660156250e+00,-4.307803809642791748e-01
-3.778370022773742676e-01,6.124386936426162720e-02
3.393247425556182861e-01,-4.245829880237579346e-01
-1.154125332832336426e+00,-2.719275951385498047e+00
1.824360966682434082e+00,-1.241035699844360352e+00
-1.150217652320861816e+00,-8.957237750291824341e-02
1.467524290084838867e+00,-3.310878515243530273e+00
-2.164762020111083984e+00,-1.610782980918884277e+00
-1.273573994636535645e+00,2.651156485080718994e-01
8.545989394187927246e-01,-1.267040848731994629e+00
-4.949248135089874268e-01,1.886583119630813599e-01
-5.399274230003356934e-01,-1.251242280006408691e+00
-8.563656359910964966e-02,-7.043213397264480591e-02
7.491057515144348145e-01,3.046201542019844055e-02
-1.035727977752685547e+00,-2.375901192426681519e-01
-3.541997373104095459e-01,2.600349187850952148e-01
8.497863411903381348e-01,1.279321163892745972e-01
2.584243714809417725e-01,-5.754816532135009766e-01
-2.286229729652404785e-01,7.484530210494995117e-01
1.300356030464172363e+00,2.149386256933212280e-01
-2.286229729652404785e-01,7.484530210494995117e-01
-1.915135622024536133e+00,2.117626428604125977e+00
-9.724055528640747070e-01,-5.230334997177124023e-01
1.256507635116577148e+00,-8.702512979507446289e-01
-8.563656359910964966e-02,-7.043213397264480591e-02
-1.541983246803283691e+00,-7.419910430908203125e-01
3.575775027275085449e-01,4.793139696121215820e-01
-4.122319221496582031e-01,-9.071829319000244141e-01
-2.029873609542846680e+00,-6.969792246818542480e-01
-9.630858302116394043e-01,1.957379281520843506e-01
9.017162919044494629e-01,1.247043132781982422e+00
-1.050333023071289062e+00,-2.070847302675247192e-01
7.383713126182556152e-01,-4.299764335155487061e-01
1.470563530921936035e+00,2.244039624929428101e-01
6.483449935913085938e-01,-4.375737011432647705e-01
-1.152539968490600586e+00,-2.617101185023784637e-02
5.862975716590881348e-01,-1.506310105323791504e-01
-6.832274198532104492e-01,-8.129452466964721680e-01
1.893551349639892578e+00,-9.403671026229858398e-01
-1.481928706169128418e+00,-5.731113553047180176e-01
-9.504263103008270264e-02,1.772007346153259277e-01
-1.006808280944824219e+00,1.623580157756805420e-01
1.991068005561828613e+00,-7.384052872657775879e-01
-5.496922731399536133e-01,6.423372626304626465e-01
1.964726090431213379e+00,3.806983470916748047e+00
-1.260437011718750000e+00,-4.066569805145263672e-01
-1.147021532058715820e+00,5.365514755249023438e-02
-1.267752408981323242e+00,2.514698803424835205e-01
1.393040895462036133e+00,2.051396369934082031e+00
-5.256102681159973145e-01,5.710315704345703125e-01
1.477412343025207520e+00,2.356566905975341797e+00
-1.529619097709655762e+00,2.423390150070190430e+00
-1.161741375923156738e+00,-2.118872553110122681e-01
2.513753473758697510e-01,-6.270877718925476074e-01
-4.498281478881835938e-01,1.479761153459548950e-01
-1.040340423583984375e+00,-3.107239007949829102e-01
-4.565607905387878418e-01,3.285244703292846680e-01
-9.193952381610870361e-02,1.384549774229526520e-02
1.315978765487670898e-01,-5.460334420204162598e-01
4.185565471649169922e+00,2.805525541305541992e+00
2.252633810043334961e+00,6.084436774253845215e-01
-1.058322548866271973e+00,-5.575467348098754883e-01
7.278229594230651855e-01,1.705359697341918945e+00
-9.224989265203475952e-02,3.749907314777374268e-01
-1.083920836448669434e+00,-1.833350025117397308e-02
1.375336289405822754e+00,2.545635461807250977e+00
1.011916399002075195e+00,-8.137742877006530762e-01
2.624031066894531250e+00,1.234063029289245605e+00
-6.525952219963073730e-01,2.813071012496948242e-01
5.625196695327758789e-01,8.703861236572265625e-01
-9.104591608047485352e-01,-4.028369188308715820e-01
-1.087493300437927246e+00,-3.028379678726196289e-01
7.975677251815795898e-01,-5.537195801734924316e-01
-5.030063986778259277e-01,5.098678469657897949e-01
-3.367565572261810303e-01,8.608750104904174805e-01
-1.859655737876892090e+00,-1.718513965606689453e+00
5.311394929885864258e-01,2.498860955238342285e-01
5.210130810737609863e-01,8.199438452720642090e-01
-6.983287334442138672e-01,4.307572543621063232e-01
1.813550889492034912e-01,-2.181266397237777710e-01
2.037706851959228516e+00,-3.405886411666870117e+00
8.950960636138916016e-01,-1.069083809852600098e+00
-4.706304669380187988e-01,2.568994760513305664e-01
2.942939519882202148e+00,1.437663316726684570e+00
-1.341123819351196289e+00,1.984747290611267090e+00
7.441886067390441895e-01,-3.734145164489746094e-01
-3.950328007340431213e-02,-2.053609639406204224e-01
7.925921678543090820e-01,-1.785328984260559082e-01
-8.815596699714660645e-01,-3.103658854961395264e-01
1.116394475102424622e-01,3.615897655487060547e+00
6.601980924606323242e-01,1.202979207038879395e+00
9.277848601341247559e-01,1.722957372665405273e+00
-9.664204716682434082e-01,1.675216794013977051e+00
9.469090700149536133e-01,-1.014966964721679688e+00
2.242648363113403320e+00,-8.752621412277221680e-01
-1.023787975311279297e+00,8.025513887405395508e-01
6.671642065048217773e-01,-6.856651306152343750e-01
2.211044788360595703e+00,-7.416353821754455566e-01
-6.523272991180419922e-01,5.722355842590332031e-01
1.012221217155456543e+00,1.322747588157653809e+00
-1.015087246894836426e+00,-3.539523184299468994e-01
5.078178644180297852e-02,1.347617357969284058e-01
-9.842240214347839355e-01,-1.607911288738250732e-01
1.230304241180419922e+00,-8.036795854568481445e-01
-1.771903157234191895e+00,1.994548082351684570e+00
-3.825366199016571045e-01,2.235985845327377319e-01
-1.096418499946594238e+00,-2.335155457258224487e-01
-6.464895606040954590e-01,-8.784876763820648193e-02
1.354969263076782227e+00,1.484874248504638672e+00
-1.276301026344299316e+00,-1.653024107217788696e-01
4.550914466381072998e-01,-8.570779860019683838e-02
1.484486937522888184e+00,-8.868975639343261719e-01
-1.168790221214294434e+00,2.387816667556762695e+00
1.829514861106872559e+00,-4.761292040348052979e-01
-7.728918790817260742e-01,-6.119655966758728027e-01
5.974662899971008301e-01,-1.635110974311828613e-01
-7.534208893775939941e-02,1.201337501406669617e-01
-1.538382172584533691e-01,1.355055809020996094e+00
-4.126748442649841309e-01,8.429136872291564941e-02
2.702115476131439209e-01,9.170548915863037109e-01
-9.193952381610870361e-02,1.384549774229526520e-02
1.827733874320983887e+00,-5.688568353652954102e-01
-7.218438982963562012e-01,1.228966712951660156e-01
-1.116037845611572266e+00,-1.440909057855606079e-01
5.743000656366348267e-02,-8.704647421836853027e-01
1.044823169708251953e+00,-3.103892207145690918e-01
-4.793900251388549805e-01,2.916387096047401428e-02
1.094081521034240723e+00,-8.113042712211608887e-01
6.211849451065063477e-01,7.655515074729919434e-01
-1.690844774246215820e+00,-6.723425388336181641e-01
1.755710721015930176e+00,-1.590857505798339844e+00
9.110248684883117676e-01,-4.091691672801971436e-01
1.474471807479858398e+00,-1.937409043312072754e+00
8.359286785125732422e-01,8.597038984298706055e-01
-8.918418288230895996e-01,-4.905620515346527100e-01
-1.920707702636718750e+00,1.687699556350708008e+00
-2.030190706253051758e+00,-6.971833705902099609e-01
4.407423436641693115e-01,-2.504106163978576660e-01
-7.666864246129989624e-02,1.707507818937301636e-01
-1.126378774642944336e+00,-8.884730190038681030e-02
2.485542535781860352e+00,6.414916515350341797e-01
7.976683974266052246e-01,1.491869926452636719e+00
-1.800912022590637207e-01,-1.219790816307067871e+00
-1.757698059082031250e+00,-1.011206626892089844e+00
1.215520620346069336e+00,6.076010704040527344e+00
1.605918526649475098e+00,5.497349500656127930e-01
1.403611302375793457e+00,-8.080201148986816406e-01
-1.010798692703247070e+00,-4.034536778926849365e-01
6.488997340202331543e-01,-1.948633790016174316e-01
-1.202227115631103516e+00,1.210005357861518860e-01
1.869805455207824707e+00,1.282603144645690918e+00
-1.825865268707275391e+00,-7.914106845855712891e-01
2.240881621837615967e-01,7.642190456390380859e-01
2.087597370147705078e+00,-3.241616189479827881e-01
7.956293970346450806e-02,1.040793180465698242e+00
-3.885105550289154053e-01,3.559520542621612549e-01
1.355040311813354492e+00,1.947917342185974121e+00
-2.193843722343444824e-01,3.169589936733245850e-01
-4.110449850559234619e-01,1.231408193707466125e-01
-1.060497283935546875e+00,1.158724427223205566e+00
2.568178474903106689e-01,9.677704572677612305e-01
-2.529371678829193115e-01,1.439473628997802734e-01
-1.227392792701721191e+00,-6.471303105354309082e-01
2.926270008087158203e+00,-1.855269908905029297e+00
1.514577388763427734e+00,5.466495156288146973e-01
-2.851235151290893555e+00,-1.152540922164916992e+00
-1.037021279335021973e+00,-2.171951770782470703e+00
-7.201470136642456055e-01,3.537373304367065430e+00
-6.407522410154342651e-02,-1.590936034917831421e-01
-1.303250670433044434e+00,-2.299118041992187500e-01
2.794520139694213867e+00,5.261675119400024414e-01
-2.066983222961425781e+00,1.814253091812133789e+00
2.522390604019165039e+00,-2.384135246276855469e+00
1.604322433471679688e+00,-1.142370700836181641e+00
4.052667617797851562e-01,-3.335659503936767578e-01
1.865244865417480469e+00,-4.534469246864318848e-01
3.427762538194656372e-02,1.743265092372894287e-01
1.029044628143310547e+00,-2.774099349975585938e+00
-1.639001131057739258e+00,-1.739237427711486816e+00
7.774186730384826660e-01,-7.193583250045776367e-01
-7.333425879478454590e-01,-7.119726538658142090e-01
-6.516496539115905762e-01,-1.570337414741516113e-01
1.824360966682434082e+00,-1.241035699844360352e+00
2.058997154235839844e+00,-3.932307958602905273e-01
-7.943688035011291504e-01,1.505039632320404053e-01
-5.075635910034179688e-01,-3.176796734333038330e-01
1.971653342247009277e+00,7.330956459045410156e-01
-6.312504410743713379e-02,2.014147043228149414e+00
2.386024236679077148e+00,-8.115307092666625977e-01
4.512783586978912354e-01,3.201251924037933350e-01
-4.256345331668853760e-01,-1.950481384992599487e-01
1.506797313690185547e+00,7.001752257347106934e-01
-9.283127188682556152e-01,1.507621407508850098e+00
8.265631794929504395e-01,-1.194988846778869629e+00
4.114750862121582031e+00,1.933495163917541504e+00
-2.419014215469360352e+00,7.199046611785888672e-01
-1.066438794136047363e+00,-2.196619063615798950e-01
-9.676221013069152832e-01,1.729654192924499512e+00
1.500573754310607910e+00,-3.870620429515838623e-01
-6.685823202133178711e-02,2.285293489694595337e-01
-4.723912477493286133e-01,-6.403884291648864746e-01
-1.205466985702514648e-01,-1.466652303934097290e-01
-5.658093467354774475e-02,5.511838793754577637e-01
8.405209779739379883e-01,2.069509983062744141e+00
-9.443057179450988770e-01,-4.569145143032073975e-01
-1.038004636764526367e+00,-4.085052907466888428e-01
-1.066065788269042969e+00,-8.536482602357864380e-02
2.834543228149414062e+00,2.700241208076477051e-01
-2.487564682960510254e-01,1.402949988842010498e-01
-2.614514827728271484e+00,-6.513987183570861816e-01
1.078000068664550781e+00,-1.055386543273925781e+00
6.010371446609497070e-01,7.649968266487121582e-01
1.295270681381225586e+00,-3.243966102600097656e-01
2.968353509902954102e+00,-3.019757270812988281e+00
2.310483217239379883e+00,1.030126884579658508e-01
-5.616828203201293945e-01,4.771321117877960205e-01
-1.173681735992431641e+00,-1.182431429624557495e-01
1.022025227546691895e+00,-1.507327437400817871e+00
1.297803521156311035e+00,-1.617970824241638184e+00
9.213333129882812500e-01,8.405004143714904785e-01
-1.131085455417633057e-01,-6.560254842042922974e-04
-7.333425879478454590e-01,-7.119726538658142090e-01
2.779184281826019287e-01,-4.508432149887084961e-01
-8.612555861473083496e-01,-4.367668628692626953e-01
-1.708905458450317383e+00,-7.627609968185424805e-01
2.096806526184082031e+00,6.102830171585083008e-01
-1.006496191024780273e+00,-3.068230152130126953e-01
1.721369028091430664e+00,2.582299470901489258e+00
1.653084158897399902e+00,1.176868379116058350e-02
1.376157760620117188e+00,-6.516877412796020508e-01
-4.720137715339660645e-01,-2.236265838146209717e-01
-1.019679784774780273e+00,-3.911344110965728760e-01
2.555340230464935303e-01,1.141724824905395508e+00
-1.769331216812133789e+00,-7.739745378494262695e-01
6.026446819305419922e-01,-3.575190305709838867e-01
1.246273279190063477e+00,-4.003085792064666748e-01
-1.001368761062622070e+00,-3.404881060123443604e-01
3.752667009830474854e-01,-4.833444654941558838e-01
-1.173319518566131592e-01,-1.031726598739624023e+00
-1.938049077987670898e+00,-5.668594241142272949e-01
-1.427591562271118164e+00,2.993299961090087891e+00
-4.448057711124420166e-01,-6.110465154051780701e-03
-1.377208709716796875e+00,2.416939884424209595e-01
-2.078891098499298096e-01,3.400252163410186768e-01
-1.108835935592651367e+00,-1.857376992702484131e-01
-1.775308966636657715e+00,-9.385536909103393555e-01
1.747258007526397705e-01,1.523160487413406372e-01
-8.943519592285156250e-01,-8.136144876480102539e-01
-8.332577943801879883e-01,-8.214881420135498047e-01
-7.450872659683227539e-01,7.202027738094329834e-02
3.530312329530715942e-02,1.444868892431259155e-01
5.578700900077819824e-01,7.097073793411254883e-01
-1.778411269187927246e+00,-7.883921861648559570e-01
1.531619071960449219e+00,-1.454856157302856445e+00
1.189452767372131348e+00,-3.375119566917419434e-01
-6.018159389495849609e-01,-3.481645584106445312e-01
7.364088892936706543e-01,-2.862990796566009521e-01
1.887373447418212891e+00,-8.009636998176574707e-01
1.046437501907348633e+00,-1.008126735687255859e+00
8.494366407394409180e-01,-7.308409214019775391e-01
4.939991533756256104e-01,-6.182937026023864746e-01
4.304513335227966309e-01,-1.615808725357055664e+00
-1.488571166992187500e-01,-1.417730152606964111e-01
-1.305629968643188477e+00,6.465978026390075684e-01
-1.074376225471496582e+00,-3.879828751087188721e-01
-2.857379198074340820e+00,-8.725643157958984375e-01
-1.402758121490478516e+00,-7.513057589530944824e-01
-4.180823266506195068e-01,1.618001759052276611e-01
9.742690324783325195e-01,-1.242461800575256348e+00
9.210236668586730957e-01,1.467507123947143555e+00
-1.171280860900878906e+00,2.239691972732543945e+00
1.493679285049438477e+00,3.049821853637695312e-01
8.787120580673217773e-01,-3.399067819118499756e-01
2.049509286880493164e+00,8.154950737953186035e-01
1.006255075335502625e-01,-2.636227011680603027e-01
-9.745512008666992188e-01,2.225071668624877930e+00
1.295396089553833008e+00,-1.224911808967590332e+00
1.021561384201049805e+00,-2.696401476860046387e-01
-1.661528944969177246e+00,-2.237259298563003540e-01
1.122720003128051758e+00,1.555279970169067383e+00
2.087716579437255859e+00,-9.117300510406494141e-01
-4.124209284782409668e-01,9.264139086008071899e-02
1.181265950202941895e+00,-3.726451694965362549e-01
-1.205466985702514648e-01,-1.466652303934097290e-01
1.619133472442626953e+00,5.617314577102661133e-01
-5.059219002723693848e-01,7.776832580566406250e-01
1.030464291572570801e+00,-3.233250081539154053e-01
1.308282971382141113e+00,-7.920950651168823242e-01
4.158076643943786621e-01,-3.644081056118011475e-01
1.328785300254821777e+00,-6.848575472831726074e-01
-2.626852095127105713e-01,-2.981088459491729736e-01
-1.906789541244506836e+00,1.445974230766296387e+00
-6.836636662483215332e-01,-6.133588552474975586e-01
-2.242604494094848633e+00,4.532274723052978516e+00
-1.146604180335998535e+00,-4.233314692974090576e-01
-1.041825175285339355e+00,-5.338020920753479004e-01
1.357734203338623047e+00,-3.232332766056060791e-01
6.064602136611938477e-01,1.841668337583541870e-01
9.202767014503479004e-01,-4.039607644081115723e-01
6.109485030174255371e-01,7.160746455192565918e-01
3.082361459732055664e+00,4.308595359325408936e-01
-9.984046816825866699e-01,-4.203507602214813232e-01
-1.304408311843872070e+00,-7.738589644432067871e-01
-1.120369076728820801e+00,5.088047981262207031e-01
-5.917630195617675781e-01,1.619108796119689941e+00
-1.056087255477905273e+00,-8.154488205909729004e-01
3.389756977558135986e-01,-7.838045954704284668e-01
-2.362140893936157227e+00,-2.918046236038208008e+00
1.119077205657958984e-03,-7.038862109184265137e-01
-8.432343602180480957e-01,-4.759856164455413818e-01
-1.040646910667419434e+00,-1.517275720834732056e-01
3.822240531444549561e-01,-6.226909160614013672e-01
1.030909895896911621e+00,1.001884698867797852e+00
-3.754752576351165771e-01,1.135791316628456116e-01
1.286019563674926758e+00,-8.419416546821594238e-01
-5.343570709228515625e-01,4.262869358062744141e-01
-4.075841605663299561e-01,-1.020984351634979248e-01
-8.296768665313720703e-01,-1.039413571357727051e+00
8.792129158973693848e-01,7.335190176963806152e-01
1.024118065834045410e+00,-3.866527974605560303e-01
-1.118831634521484375e+00,-3.779003322124481201e-01
1.366174101829528809e+00,-1.264215707778930664e+00
-1.855505228042602539e+00,-7.279566526412963867e-01
-1.768669605255126953e+00,-5.932459235191345215e-01
5.480866432189941406e-01,3.518132269382476807e-01
1.017369627952575684e+00,-2.017898321151733398e+00
8.686521053314208984e-01,-5.623957514762878418e-01
-6.836636662483215332e-01,-6.133588552474975586e-01
-4.953024089336395264e-01,7.053725719451904297e-01
-1.003870725631713867e+00,-3.650503456592559814e-01
4.506764113903045654e-01,6.776067614555358887e-01
6.654408574104309082e-01,-1.384273886680603027e+00
-1.018722891807556152e+00,-3.327903151512145996e-02
1.441944479942321777e+00,-4.641454517841339111e-01
-5.551909208297729492e-01,7.648073434829711914e-01
1.355411410331726074e-01,-3.864147961139678955e-01
-9.719424843788146973e-01,-1.631788015365600586e-01
-1.003711819648742676e+00,2.625690400600433350e-01
-1.161744713783264160e+00,6.453702449798583984e-01
-1.096985936164855957e+00,-4.598995149135589600e-01
1.088272571563720703e+00,-2.526681311428546906e-02
-1.775308966636657715e+00,-9.385536909103393555e-01
7.995736598968505859e-01,-1.358400583267211914e+00
-4.661560058593750000e-01,1.743206024169921875e+00
9.318116307258605957e-01,9.290162324905395508e-01
-1.037218093872070312e+00,-3.615847826004028320e-01
-2.077973783016204834e-01,-4.166708886623382568e-02
3.089293241500854492e-01,-5.631897449493408203e-01
1.080028653144836426e+00,-3.935630023479461670e-01
-1.684877991676330566e+00,2.558693647384643555e+00
8.497863411903381348e-01,1.279321163892745972e-01
9.757754802703857422e-01,-6.625058650970458984e-01
-4.430744349956512451e-01,-1.095270216464996338e-01
1.311126112937927246e+00,-1.959377288818359375e+00
8.775852620601654053e-04,1.451669931411743164e-01
-2.686302959918975830e-01,2.067036032676696777e-01
6.002019047737121582e-01,1.171291589736938477e+00
-8.050498366355895996e-01,-4.592765271663665771e-01
2.640621364116668701e-02,-7.196593284606933594e-01
4.856840670108795166e-01,-3.866684734821319580e-01
2.079303741455078125e+00,3.316354990005493164e+00
2.388095140457153320e+00,-1.063713550567626953e+00
-4.354119002819061279e-01,-6.929888129234313965e-01
1.040618777275085449e+00,-1.463488698005676270e+00
-8.967400193214416504e-01,-2.151388645172119141e+00
1.017369627952575684e+00,-2.017898321151733398e+00
-4.588507115840911865e-01,-1.004742264747619629e+00
-1.056349992752075195e+00,-2.172501385211944580e-01
-1.281566023826599121e+00,2.447216361761093140e-01
2.257057428359985352e-01,-1.220103144645690918e+00
-2.141397476196289062e+00,3.940904438495635986e-01
1.047764062881469727e+00,-6.310406923294067383e-01
2.968353509902954102e+00,-3.019757270812988281e+00
1.839141964912414551e+00,2.345665216445922852e+00
-1.041213393211364746e+00,-4.346717298030853271e-01
-4.825239777565002441e-01,-9.670513123273849487e-02
2.335828542709350586e-01,1.705029368400573730e+00
5.514772534370422363e-01,1.031062006950378418e+00
-2.856576204299926758e+00,-2.883016586303710938e+00
-1.091712236404418945e+00,-5.061892271041870117e-01
-1.772468328475952148e+00,-1.122456312179565430e+00
2.843043953180313110e-02,-1.301158785820007324e+00
1.139455676078796387e+00,-6.355726122856140137e-01
6.602581739425659180e-01,8.500459790229797363e-01
8.533449172973632812e-01,-1.938346624374389648e+00
1.139974236488342285e+00,-1.203210115432739258e+00
6.206350922584533691e-01,1.795691609382629395e+00
1.836107969284057617e-01,-1.296470761299133301e+00
-6.987341046333312988e-01,2.546835690736770630e-03
4.920791089534759521e-01,4.267244040966033936e-01
-4.320273101329803467e-01,-1.380818963050842285e+00
-2.000300884246826172e+00,2.216902971267700195e+00
-1.144487023353576660e+00,-2.415209859609603882e-01
5.203194022178649902e-01,-3.038329482078552246e-01
4.748651683330535889e-01,-3.821481466293334961e-01
2.826127767562866211e+00,2.072277069091796875e+00
1.464609026908874512e+00,3.565913438796997070e-01
-9.521799534559249878e-02,2.261929214000701904e-01
-1.391833186149597168e+00,2.290051430463790894e-01
2.315421402454376221e-01,1.297674417495727539e+00
-2.050328969955444336e+00,-5.955529808998107910e-01
5.604443550109863281e-01,-2.339200019836425781e+00
-2.479305565357208252e-01,2.813293337821960449e-01
-2.006054401397705078e+00,-1.067193150520324707e+00
6.723663806915283203e-01,1.337059378623962402e+00
-1.022115349769592285e+00,-1.548508256673812866e-01
4.152309894561767578e-01,-7.166541814804077148e-01
-1.534117817878723145e+00,-8.281284570693969727e-01
1.295270681381225586e+00,-3.243966102600097656e-01
1.354969263076782227e+00,1.484874248504638672e+00
1.001737266778945923e-02,4.792114198207855225e-01
-1.277250528335571289e+00,-1.060850739479064941e+00
-9.310747981071472168e-01,-4.823084175586700439e-01
1.643928408622741699e+00,-1.488616108894348145e+00
8.286542892456054688e-01,-2.143647968769073486e-01
1.888446450233459473e+00,7.581281065940856934e-01
6.579002737998962402e-01,-8.653347194194793701e-02
9.012235999107360840e-01,3.042566478252410889e-01
-1.047345519065856934e+00,-5.532719194889068604e-02
2.856019139289855957e-01,1.215155005455017090e+00
1.230093598365783691e+00,-4.109291732311248779e-01
1.060015439987182617e+00,1.567481517791748047e+00
8.472959399223327637e-01,-1.104471683502197266e+00
-4.809741079807281494e-01,-8.902865648269653320e-02
1.524992108345031738e+00,-4.176274240016937256e-01
1.116394475102424622e-01,3.615897655487060547e+00
-1.000240206718444824e+00,-1.551155298948287964e-01
-8.332577943801879883e-01,-8.214881420135498047e-01
1.258223295211791992e+00,1.339997649192810059e+00
2.310483217239379883e+00,1.030126884579658508e-01
-1.965904831886291504e-01,3.418961167335510254e-02
7.417288422584533691e-01,-2.073782123625278473e-02
-4.565607905387878418e-01,3.285244703292846680e-01
1.024596452713012695e+00,-6.080152988433837891e-01
9.849917888641357422e-01,-8.452628850936889648e-01
1.742449164390563965e+00,-3.254383802413940430e-01
1.311126112937927246e+00,-1.959377288818359375e+00
1.208576485514640808e-01,9.882349967956542969e-01
-2.288335561752319336e+00,-5.427180528640747070e-01
-1.046128630638122559e+00,-3.922199308872222900e-01
-1.506254673004150391e-01,-7.905857264995574951e-02
1.300356030464172363e+00,2.149386256933212280e-01
2.154036283493041992e+00,-4.214203953742980957e-01
-7.142158150672912598e-01,-9.336933493614196777e-02
1.375874876976013184e+00,3.446787595748901367e-01
6.844680905342102051e-01,-1.174754649400711060e-01
7.364088892936706543e-01,-2.862990796566009521e-01
2.086452960968017578e+00,-2.386521250009536743e-01
1.731204688549041748e-01,-8.747192621231079102e-01
-7.089335918426513672e-01,-7.079553008079528809e-01
-1.126378774642944336e+00,-8.884730190038681030e-02
3.131359219551086426e-01,-3.862795531749725342e-01
-4.774405956268310547e-01,2.179579287767410278e-01
-1.906789541244506836e+00,1.445974230766296387e+00
4.029092788696289062e-01,-5.863671898841857910e-01
1.730906844139099121e+00,1.016407757997512817e-01
4.470526427030563354e-02,8.367972820997238159e-02
6.253561973571777344e-01,1.935076713562011719e+00
1.535728216171264648e+00,-1.573422253131866455e-01
1.060015439987182617e+00,1.567481517791748047e+00
-1.188909173011779785e+00,-1.090816855430603027e-01
4.941957890987396240e-01,6.514551639556884766e-01
1.045168399810791016e+00,-7.517802119255065918e-01
-1.080386340618133545e-01,1.606221348047256470e-01
1.418664455413818359e+00,-1.714310169219970703e+00
-1.014099001884460449e+00,-1.007962077856063843e-01
-4.156306684017181396e-01,5.867798924446105957e-01
4.748651683330535889e-01,-3.821481466293334961e-01
2.158629417419433594e+00,-7.884054780006408691e-01
7.849189639091491699e-01,-1.359519809484481812e-01
-1.141693472862243652e+00,-4.392984807491302490e-01
1.829514861106872559e+00,-4.761292040348052979e-01
-1.154890418052673340e+00,-1.641091465950012207e+00
2.662954479455947876e-02,1.110930964350700378e-01
1.790727138519287109e+00,-3.000643253326416016e-01
-7.614491879940032959e-02,3.099462687969207764e-01
3.900514364242553711e+00,7.770346403121948242e-01
3.437279164791107178e-01,-4.701014161109924316e-01
-9.687122106552124023e-01,-4.878201782703399658e-01
-4.573230445384979248e-01,-4.793611764907836914e-01
-9.607511758804321289e-01,-4.705583751201629639e-01
1.776622056961059570e+00,3.858168125152587891e-01
7.679808735847473145e-01,2.422901839017868042e-01
-1.906711935997009277e+00,-7.963948249816894531e-01
6.168254017829895020e-01,-1.233423352241516113e+00
3.973852396011352539e-01,-2.021006345748901367e-01
-1.012767434120178223e+00,-4.584020376205444336e-01
9.793634414672851562e-01,1.825755953788757324e+00
8.405209779739379883e-01,2.069509983062744141e+00
2.423413097858428955e-01,4.968605935573577881e-02
-9.504263103008270264e-02,1.772007346153259277e-01
-1.027550578117370605e+00,-2.217463105916976929e-01
5.300237536430358887e-01,7.083774209022521973e-01
-3.330489993095397949e-01,-1.431934535503387451e-01
-1.050973773002624512e+00,-2.802708148956298828e-01
-1.036778569221496582e+00,-2.401574105024337769e-01
-4.156306684017181396e-01,5.867798924446105957e-01
-1.253724932670593262e+00,1.846446245908737183e-01
1.259305000305175781e+00,-8.381503820419311523e-01
-1.037218093872070312e+00,-3.615847826004028320e-01
-4.236701428890228271e-01,-2.834328450262546539e-02
6.988219618797302246e-01,7.113237380981445312e-01
-1.357778072357177734e+00,3.139425814151763916e-01
1.103976726531982422e+00,-1.353929162025451660e+00
3.133493661880493164e-01,-3.911843299865722656e-01
2.522390604019165039e+00,-2.384135246276855469e+00
4.276780605316162109e+00,1.038386583328247070e+00
6.078036427497863770e-01,-6.914626955986022949e-01
-7.325130105018615723e-01,-1.240532159805297852e+00
-7.186095118522644043e-01,-4.192288517951965332e-01
-1.097735762596130371e+00,-5.554730296134948730e-01
1.453188657760620117e+00,9.560064673423767090e-01
6.211849451065063477e-01,7.655515074729919434e-01
-4.256345331668853760e-01,-1.950481384992599487e-01
6.073079109191894531e-01,1.458033323287963867e+00
-1.727314591407775879e+00,9.865047931671142578e-01
-1.117140412330627441e+00,-3.535481393337249756e-01
1.436155140399932861e-01,2.874595880508422852e+00
1.245367169380187988e+00,1.680343866348266602e+00
-1.060319542884826660e+00,-3.177232146263122559e-01
-1.769331216812133789e+00,-7.739745378494262695e-01
6.897686719894409180e-01,-8.906512856483459473e-01
-1.778411269187927246e+00,-7.883921861648559570e-01
1.054576992988586426e+00,-9.452794194221496582e-01
1.395237684249877930e+00,-3.012506067752838135e-01
9.492855072021484375e-01,-9.909545183181762695e-01
-2.277933955192565918e-01,8.997095227241516113e-01
-5.684010386466979980e-01,-1.089519143104553223e+00
-1.481241822242736816e+00,-2.069321393966674805e+00
-5.139414668083190918e-01,-4.660713076591491699e-01
1.869805455207824707e+00,1.282603144645690918e+00
-1.753743648529052734e+00,-6.955156326293945312e-01
-9.936184883117675781e-01,-4.845045506954193115e-01
5.681029558181762695e-01,-2.455832511186599731e-01
7.605629563331604004e-01,1.959832906723022461e-01
-1.050114393234252930e+00,-1.714026480913162231e-01
-1.131085455417633057e-01,-6.560254842042922974e-04
1.852091193199157715e+00,6.472480893135070801e-01
9.012235999107360840e-01,3.042566478252410889e-01
-1.047345519065856934e+00,-5.532719194889068604e-02
2.568178474903106689e-01,9.677704572677612305e-01
6.919265389442443848e-01,6.780557334423065186e-02
1.364631056785583496e+00,1.632235646247863770e+00
-1.003711819648742676e+00,2.625690400600433350e-01
1.731204688549041748e-01,-8.747192621231079102e-01
-1.134429335594177246e+00,-3.071406185626983643e-01
-1.031614780426025391e+00,-1.317409873008728027e-01
6.921734809875488281e-01,1.639312386512756348e+00
-6.731122732162475586e-02,-4.306038022041320801e-01
3.002210259437561035e-01,-4.006247222423553467e-01
-2.140726149082183838e-01,3.086848020553588867e+00
1.942909479141235352e+00,5.555583834648132324e-01
4.308358728885650635e-01,-1.799246966838836670e-01
7.398821711540222168e-01,-3.197088837623596191e-01
-8.581571578979492188e-01,3.548543900251388550e-02
4.896635711193084717e-01,-9.127480387687683105e-01
3.431083858013153076e-01,-5.232994556427001953e-01
-1.898851096630096436e-01,-7.628324627876281738e-02
-2.065122425556182861e-01,-1.464745216071605682e-02
1.546483635902404785e-01,4.267808198928833008e-01
-1.074376225471496582e+00,-3.879828751087188721e-01
-7.851899862289428711e-01,-5.186773538589477539e-01
1.441944479942321777e+00,-4.641454517841339111e-01
5.154589414596557617e-01,-8.107572793960571289e-01
4.395283699035644531e+00,-3.439752340316772461e+00
2.407635688781738281e+00,1.438217163085937500e+00
-3.718177080154418945e-01,3.117503166198730469e+00
6.332389712333679199e-01,5.119763612747192383e-01
2.939606189727783203e+00,-2.052239179611206055e+00
-1.186285972595214844e+00,-1.457089304924011230e+00
4.130582511425018311e-01,-1.561412811279296875e+00
-6.312504410743713379e-02,2.014147043228149414e+00
1.601487755775451660e+00,4.587894439697265625e+00
9.754878282546997070e-01,6.811891496181488037e-02
-7.994547486305236816e-01,-5.881739258766174316e-01
-8.729935884475708008e-01,-5.262318253517150879e-01
-1.393461346626281738e+00,-1.817966848611831665e-01
-9.523187875747680664e-01,-4.069584310054779053e-01
-1.159271359443664551e+00,-1.735335215926170349e-03
-1.130971550941467285e+00,-1.033867076039314270e-01
4.028329551219940186e-01,-1.676888942718505859e+00
-5.954194068908691406e-02,3.313368856906890869e-01
1.514056563377380371e+00,-3.576496243476867676e-01
-4.835604727268218994e-01,-1.129058361053466797e+00
-1.010624408721923828e+00,-3.845286667346954346e-01
-4.807664155960083008e-01,-2.286959141492843628e-01
1.100861430168151855e+00,-4.109016060829162598e-01
1.948565542697906494e-01,-7.031452655792236328e-01
2.582386136054992676e-01,-7.961190342903137207e-01
-2.012768685817718506e-01,-6.669621467590332031e-01
1.144846439361572266e+00,-5.139455795288085938e-01
1.805626451969146729e-01,-3.624674975872039795e-01
-1.150403261184692383e+00,-2.427223175764083862e-01
3.969139158725738525e-01,-1.581826448440551758e+00
1.809633970260620117e+00,3.020780801773071289e+00
-8.304427564144134521e-02,3.549928963184356689e-01
6.419098973274230957e-01,-4.755374491214752197e-01
-5.909032002091407776e-02,1.622751206159591675e-01
1.157977342605590820e+00,-2.468018531799316406e+00
-1.661464214324951172e+00,-4.447906315326690674e-01
-1.226940631866455078e+00,1.357509195804595947e-01
1.727001190185546875e+00,2.145673751831054688e+00
1.794585466384887695e+00,-1.175849556922912598e+00
-2.395460009574890137e-01,7.827155292034149170e-02
1.345071792602539062e+00,-1.144609570503234863e+00
-9.981036782264709473e-01,1.382447600364685059e+00
-7.651046514511108398e-01,-1.641084194183349609e+00
-2.056317329406738281e+00,-7.199014425277709961e-01
-1.675608396530151367e+00,5.249422788619995117e-01
3.482643365859985352e-01,-6.878835558891296387e-01
8.825746774673461914e-01,-2.799113094806671143e-01
5.272438526153564453e-01,4.722157716751098633e-01
-4.953024089336395264e-01,7.053725719451904297e-01
2.725547313690185547e+00,-3.606078863143920898e+00
6.488997340202331543e-01,-1.948633790016174316e-01
5.192484855651855469e-01,1.294857859611511230e+00
3.754425048828125000e-02,-7.026673555374145508e-01
-2.792949199676513672e+00,-9.085463881492614746e-01
-5.416467785835266113e-03,-1.076971650123596191e+00
5.272438526153564453e-01,4.722157716751098633e-01
-1.534133791923522949e+00,-3.675949871540069580e-01
1.117257714271545410e+00,-3.837703168392181396e-01
4.969366490840911865e-01,5.841230750083923340e-01
-1.096803665161132812e+00,-5.266629457473754883e-01
7.920308113098144531e-01,-2.683411836624145508e+00
-7.089323401451110840e-01,1.108202695846557617e+00
4.705078899860382080e-01,4.974505901336669922e-01
-7.466463744640350342e-02,3.642668426036834717e-01
-9.096637964248657227e-01,-5.224462747573852539e-01
1.865244865417480469e+00,-4.534469246864318848e-01
-2.474362850189208984e-01,3.307988166809082031e+00
2.094496726989746094e+00,2.431300163269042969e+00
-3.074653446674346924e-01,-1.200678825378417969e+00
-3.272708058357238770e-01,-5.911040306091308594e-01
1.071013689041137695e+00,-1.434554100036621094e+00
3.601262718439102173e-02,-4.930385053157806396e-01
1.673099994659423828e+00,5.322458148002624512e-01
1.664766907691955566e+00,-4.561614692211151123e-01
-3.268994763493537903e-02,-3.208931088447570801e-01
-1.136280179023742676e+00,-8.088533580303192139e-02
-4.467138350009918213e-01,8.034054636955261230e-01
-7.034169435501098633e-01,-2.540583133697509766e+00
2.834543228149414062e+00,2.700241208076477051e-01
8.286542892456054688e-01,-2.143647968769073486e-01
-1.870646715164184570e+00,-1.654364824295043945e+00
-2.684439897537231445e+00,-1.898510932922363281e+00
1.500183820724487305e+00,1.912122488021850586e+00
-1.324303746223449707e+00,-9.351960420608520508e-01
-2.676673889160156250e+00,-7.181195020675659180e-01
3.633900403976440430e+00,3.770350813865661621e-01
-1.725574970245361328e+00,-9.162352085113525391e-01
-1.481928706169128418e+00,-5.731113553047180176e-01
-6.329126656055450439e-02,8.859378695487976074e-01
-1.058322548866271973e+00,-5.575467348098754883e-01
1.214693486690521240e-02,2.352502495050430298e-01
-8.047181367874145508e-01,-5.037016868591308594e-01
1.564199090003967285e+00,-1.572435498237609863e+00
-2.785146713256835938e+00,-1.262439250946044922e+00
2.069298267364501953e+00,-6.871920228004455566e-01
9.398570060729980469e-01,-8.309635519981384277e-01
8.454012870788574219e-01,-1.195151925086975098e+00
-1.472355961799621582e+00,-8.968466520309448242e-01
-1.965904831886291504e-01,3.418961167335510254e-02
-1.584209203720092773e+00,3.942847728729248047e+00
1.106218695640563965e+00,-2.212149351835250854e-01
-5.966377854347229004e-01,2.266657203435897827e-01
-9.829778075218200684e-01,-1.510641425848007202e-01
-1.035768985748291016e+00,-1.448950767517089844e-01
-1.083250880241394043e+00,-1.318195760250091553e-01
-2.684439897537231445e+00,-1.898510932922363281e+00
1.117257714271545410e+00,-3.837703168392181396e-01
-1.125446200370788574e+00,-3.796633481979370117e-01
9.182973504066467285e-01,-1.314633607864379883e+00
-6.910406351089477539e-01,-2.770522534847259521e-01
1.748539566993713379e+00,5.760705471038818359e-01
-1.089208841323852539e+00,3.277201175689697266e+00
-1.879913210868835449e+00,-8.337533473968505859e-01
1.194054722785949707e+00,-1.484380483627319336e+00
3.389756977558135986e-01,-7.838045954704284668e-01
1.054162979125976562e+00,6.870788335800170898e-01
2.485542535781860352e+00,6.414916515350341797e-01
-1.039696097373962402e+00,1.679290458559989929e-02
-1.817439913749694824e+00,1.851287126541137695e+00
1.239386677742004395e+00,-1.930301487445831299e-01
-1.035444855690002441e+00,-2.024248093366622925e-01
1.588109612464904785e+00,-2.068384170532226562e+00
2.939606189727783203e+00,-2.052239179611206055e+00
-2.384457111358642578e+00,-9.317238330841064453e-01
-7.762766480445861816e-01,1.936527490615844727e-01
5.507129430770874023e-01,3.994020223617553711e-01
-1.448995590209960938e+00,1.164787888526916504e+00
1.288348078727722168e+00,-2.620239257812500000e-01
-3.448419272899627686e-01,-3.431327044963836670e-01
-7.530803680419921875e-01,3.513837456703186035e-01
-3.439444899559020996e-01,5.829055905342102051e-01
1.453782558441162109e+00,9.432713985443115234e-01
-3.176171779632568359e-01,1.932918071746826172e+00
3.031522929668426514e-01,1.881271749734878540e-01
-2.707798182964324951e-01,-3.504680991172790527e-01
-7.851638793945312500e-01,5.693720579147338867e-01
7.890908718109130859e-01,-4.837774336338043213e-01
-1.634105920791625977e+00,-6.809707880020141602e-01
7.038586735725402832e-01,-2.662859261035919189e-01
-5.007727146148681641e-01,1.224369406700134277e+00
4.052667617797851562e-01,-3.335659503936767578e-01
-1.308995634317398071e-01,3.223715126514434814e-01
6.040380001068115234e-01,5.751520991325378418e-01
1.341712951660156250e+00,-4.307803809642791748e-01
-1.246797889471054077e-01,-1.030188947916030884e-01
-6.731122732162475586e-02,-4.306038022041320801e-01
-2.277933955192565918e-01,8.997095227241516113e-01
2.037706851959228516e+00,-3.405886411666870117e+00
-3.874743282794952393e-01,4.700921475887298584e-02
1.019556283950805664e+00,-3.508108258247375488e-01
7.043911814689636230e-01,1.156051754951477051e+00
2.224029600620269775e-02,-7.977008819580078125e-01
-2.920052111148834229e-01,1.959589421749114990e-01
5.723499059677124023e-01,1.330193519592285156e+00
-9.695621579885482788e-02,6.272560954093933105e-01
-1.584209203720092773e+00,3.942847728729248047e+00
-4.139855802059173584e-01,4.800821840763092041e-01
2.276448965072631836e+00,-8.558385968208312988e-01
-1.423210501670837402e+00,-1.695248037576675415e-01
-1.508994102478027344e-01,3.060760796070098877e-01
-2.297112643718719482e-01,-6.682070344686508179e-02
-8.873051404953002930e-01,-1.031710863113403320e+00
-1.012403726577758789e+00,2.784821987152099609e+00
7.224876880645751953e-01,-1.055390596389770508e+00
3.448004007339477539e+00,6.971506401896476746e-03
8.476642966270446777e-01,-1.211053967475891113e+00
5.692707896232604980e-01,8.846809267997741699e-01
3.171732425689697266e+00,-4.633403420448303223e-01
1.030909895896911621e+00,1.001884698867797852e+00
-1.013574719429016113e+00,-2.729130685329437256e-01
2.437256097793579102e+00,-4.420157432556152344e+00
-1.737954974174499512e+00,-9.622283577919006348e-01
-1.895900964736938477e+00,2.379902124404907227e+00
-2.650058984756469727e+00,-1.043511271476745605e+00
-8.756090998649597168e-01,-5.125421881675720215e-01
-3.330489993095397949e-01,-1.431934535503387451e-01
-9.325402379035949707e-01,-5.432645082473754883e-01
-6.269320845603942871e-02,-7.426401376724243164e-01
-3.095922768115997314e-01,1.155533194541931152e-01
-6.343294978141784668e-01,-2.054179646074771881e-02
-1.150403261184692383e+00,-2.427223175764083862e-01
1.436155140399932861e-01,2.874595880508422852e+00
3.354669213294982910e-01,-1.658087968826293945e+00
-6.326876580715179443e-03,4.195155203342437744e-01
-1.167928338050842285e+00,-3.184866309165954590e-01
-1.859655737876892090e+00,-1.718513965606689453e+00
1.966900229454040527e+00,-1.339248418807983398e+00
-9.326905608177185059e-01,-5.071100592613220215e-01
2.310245037078857422e+00,1.429074406623840332e+00
1.819485425949096680e+00,-1.523686796426773071e-01
-1.037319064140319824e+00,-2.455522269010543823e-01
-3.103567361831665039e-01,-6.007158756256103516e-01
-1.349844574928283691e+00,-3.212083876132965088e-02
-2.419014215469360352e+00,7.199046611785888672e-01
-9.324606657028198242e-01,1.484476804733276367e+00
-3.622352182865142822e-01,-1.098809599876403809e+00
-7.851638793945312500e-01,5.693720579147338867e-01
-1.005832195281982422e+00,-5.689016580581665039e-01
-3.439604640007019043e-01,-4.249322116374969482e-01
6.884487867355346680e-01,-2.065542489290237427e-01
-1.159735441207885742e+00,-3.863584399223327637e-01
-1.895900964736938477e+00,2.379902124404907227e+00
-2.425794601440429688e-01,1.337524503469467163e-01
-2.253546416759490967e-01,5.548943281173706055e-01
-5.735243558883666992e-01,-9.546530842781066895e-01
-3.874160349369049072e-01,2.350729107856750488e-01
9.398570060729980469e-01,-8.309635519981384277e-01
-1.811284422874450684e+00,-8.187875747680664062e-01
5.663414597511291504e-01,6.574962735176086426e-01
1.704222917556762695e+00,-9.852393865585327148e-01
-1.161817312240600586e-01,-1.147219538688659668e-01
-4.664396941661834717e-01,-9.779982268810272217e-02
-3.439444899559020996e-01,5.829055905342102051e-01
-1.002960562705993652e+00,-1.378417909145355225e-01
5.652302503585815430e-01,-5.755681991577148438e-01
6.141002178192138672e-01,6.356484889984130859e-01
3.621513545513153076e-01,-1.398492932319641113e+00
1.144025087356567383e+00,6.678989529609680176e-01
-8.160896301269531250e-01,1.189343929290771484e+00
-1.041998505592346191e+00,-3.153256773948669434e-01
-3.460662961006164551e-01,3.524178862571716309e-01
2.391126453876495361e-01,-3.694287538528442383e-01
5.327978730201721191e-01,-4.542857706546783447e-01
8.682066202163696289e-01,-9.049821496009826660e-01
-1.896202087402343750e+00,3.417354583740234375e+00
-1.007705092430114746e+00,-9.897507727146148682e-02
-5.668552517890930176e-01,1.456660747528076172e+00
-3.188966214656829834e-02,8.093666285276412964e-03
1.097509622573852539e+00,-3.488536775112152100e-01
-1.309683203697204590e+00,8.559217303991317749e-02
-1.142946481704711914e+00,-1.258856505155563354e-01
1.077211380004882812e+00,-9.028351306915283203e-01
-2.920052111148834229e-01,1.959589421749114990e-01
-2.216958403587341309e-01,4.041777551174163818e-01
-3.688183426856994629e-01,5.171815752983093262e-01
-7.009640932083129883e-01,-2.224599570035934448e-01
1.088399440050125122e-02,7.850040197372436523e-01
1.201133847236633301e+00,-1.677024483680725098e+00
-3.707421720027923584e-01,-1.408406905829906464e-02
2.135856628417968750e+00,-9.991309642791748047e-01
-1.445820629596710205e-01,-2.641186416149139404e-01
3.024299860000610352e+00,3.343543291091918945e+00
-6.675280332565307617e-01,-5.059888958930969238e-01
-1.772468328475952148e+00,-1.122456312179565430e+00
-1.137300848960876465e+00,-3.147069811820983887e-01
-7.762766480445861816e-01,1.936527490615844727e-01
-1.259867846965789795e-01,1.985275745391845703e-01
4.570545852184295654e-01,-3.951333165168762207e-01
6.403744816780090332e-01,-9.280470609664916992e-01
-1.781583070755004883e+00,-8.453716039657592773e-01
1.019556283950805664e+00,-3.508108258247375488e-01
5.227621793746948242e-01,-1.096787601709365845e-01
-1.853388547897338867e-01,2.930303335189819336e+00
1.381264090538024902e+00,-1.755381584167480469e+00
-1.133516669273376465e+00,-1.227144151926040649e-01
-9.238319993019104004e-01,5.210705995559692383e-01
-9.740171432495117188e-01,-4.454381465911865234e-01
-4.180823266506195068e-01,1.618001759052276611e-01
-1.074970006942749023e+00,-1.475176215171813965e-01
-7.534208893775939941e-02,1.201337501406669617e-01
-6.023661494255065918e-01,-1.167507767677307129e-01
1.181299090385437012e+00,-1.325178980827331543e+00
4.260064065456390381e-01,2.035684585571289062e+00
-3.007936179637908936e-01,-1.836830973625183105e-01
-1.161741375923156738e+00,-2.118872553110122681e-01
1.053184747695922852e+00,1.253423392772674561e-01
8.384276181459426880e-02,-1.372928261756896973e+00
-3.207608461380004883e-01,-1.765756607055664062e-01
-1.143230438232421875e+00,-6.461350619792938232e-02
-1.108686089515686035e+00,-6.529983878135681152e-02
-1.154890418052673340e+00,-1.641091465950012207e+00
-1.041213393211364746e+00,-4.346717298030853271e-01
-3.100723624229431152e-01,-4.989263117313385010e-01
-9.646729826927185059e-01,-5.214620232582092285e-01
9.038740992546081543e-01,-2.001063585281372070e+00
6.049349308013916016e-01,-2.061212621629238129e-02
-7.668059468269348145e-01,1.564049720764160156e+00
6.403744816780090332e-01,-9.280470609664916992e-01
-8.914403915405273438e-01,-4.859924614429473877e-01
-1.347417980432510376e-01,-2.609626054763793945e-01
-1.195514351129531860e-01,-4.720419347286224365e-01
-9.933335781097412109e-01,-5.204037427902221680e-01
1.318320989608764648e+00,-1.557476520538330078e+00
-1.748008131980895996e+00,-2.559108734130859375e-01
1.708440184593200684e-01,5.735819935798645020e-01
-1.324303746223449707e+00,-9.351960420608520508e-01
-1.101643681526184082e+00,-3.775895833969116211e-01
-1.488543450832366943e-01,-6.940698027610778809e-01
-1.044573545455932617e+00,-4.428361058235168457e-01
1.041284561157226562e+00,6.625156104564666748e-02
-3.075673103332519531e+00,-2.446484565734863281e+00
-1.083250880241394043e+00,-1.318195760250091553e-01
2.044758200645446777e-01,-1.330888509750366211e+00
-9.381987452507019043e-01,-1.043149232864379883e-01
-3.951409161090850830e-01,2.669730484485626221e-01
1.269501686096191406e+00,6.608067154884338379e-01
-8.729935884475708008e-01,-5.262318253517150879e-01
3.047677129507064819e-02,2.775178253650665283e-01
5.592057108879089355e-01,4.548284411430358887e-01
1.755710721015930176e+00,-1.590857505798339844e+00
3.707512319087982178e-01,3.862325847148895264e-01
2.240881621837615967e-01,7.642190456390380859e-01
-6.577220559120178223e-01,-4.679204523563385010e-01
1.245192766189575195e+00,-3.817175328731536865e-01
1.174546360969543457e+00,-6.200599670410156250e-01
-7.252355217933654785e-01,1.994794756174087524e-01
6.009922027587890625e-01,7.543251514434814453e-01
-5.909032002091407776e-02,1.622751206159591675e-01
1.264415740966796875e+00,-1.181393265724182129e+00
3.393247425556182861e-01,-4.245829880237579346e-01
2.427501678466796875e+00,-5.804243087768554688e-01
-1.186391338706016541e-01,-7.773477435111999512e-01
-3.448824286460876465e-01,-3.601917028427124023e-01
-6.859952211380004883e-01,1.258992195129394531e+00
5.045998692512512207e-01,1.653306245803833008e+00
-1.451877802610397339e-01,-2.248999476432800293e-01
-2.865839481353759766e+00,-1.409545898437500000e+00
4.790965616703033447e-01,1.419913053512573242e+00
-1.097735762596130371e+00,-5.554730296134948730e-01
-2.104255557060241699e-01,-2.521482706069946289e-01
-1.183803319931030273e+00,-7.117186188697814941e-01
-1.149808049201965332e+00,-8.955521136522293091e-02
5.762403607368469238e-01,1.775599241256713867e+00
9.756275415420532227e-01,-3.591951370239257812e+00
3.621513545513153076e-01,-1.398492932319641113e+00
-1.483695209026336670e-01,-1.189970672130584717e-01
2.940828084945678711e+00,-1.912455201148986816e+00
8.135139346122741699e-01,-7.975591421127319336e-01
-2.800541520118713379e-01,-9.964059293270111084e-02
2.111994028091430664e+00,-1.650763601064682007e-01
4.153814613819122314e-01,-7.393153905868530273e-01
-1.987575054168701172e+00,-9.624227881431579590e-01
9.487737417221069336e-01,-8.823047280311584473e-01
8.686521053314208984e-01,-5.623957514762878418e-01
1.714551568031311035e+00,1.933767795562744141e+00
1.088272571563720703e+00,-2.526681311428546906e-02
-1.088200449943542480e+00,-4.031571447849273682e-01
-1.783645391464233398e+00,1.751783192157745361e-01
3.692848920822143555e+00,-2.502471506595611572e-01
3.141960501670837402e-01,7.507286667823791504e-01
2.333771437406539917e-02,4.797294437885284424e-01
2.100801467895507812e+00,-9.749353528022766113e-01
1.324190497398376465e+00,-2.502706348896026611e-01
6.023185253143310547e-01,-1.343083828687667847e-01
-1.270797133445739746e+00,3.886313736438751221e-02
1.318320989608764648e+00,-1.557476520538330078e+00
7.956293970346450806e-02,1.040793180465698242e+00
9.793634414672851562e-01,1.825755953788757324e+00
5.520894527435302734e-01,-1.134837508201599121e+00
-3.787464797496795654e-01,2.293756961822509766e+00
-4.149792194366455078e-01,5.383884906768798828e-01
1.016003370285034180e+00,-3.813408613204956055e-01
-3.470218181610107422e-01,-7.087821960449218750e-01
3.926558494567871094e-01,3.244903683662414551e-01
4.095312952995300293e-01,-6.132099032402038574e-01
-1.041954517364501953e+00,-3.087658584117889404e-01
-1.056493997573852539e+00,-2.211669385433197021e-01
-4.066848456859588623e-01,-1.245430350303649902e+00
-1.124644756317138672e+00,-1.139094829559326172e-01
6.049963086843490601e-02,4.194101393222808838e-01
1.202943325042724609e+00,-3.345769047737121582e-01
-1.708905458450317383e+00,-7.627609968185424805e-01
1.001893877983093262e+00,-5.282783508300781250e-02
2.346774578094482422e+00,1.007288217544555664e+00
6.601980924606323242e-01,1.202979207038879395e+00
-1.195514351129531860e-01,-4.720419347286224365e-01
2.099351882934570312e+00,1.769189119338989258e+00
9.993705749511718750e-01,1.240877628326416016e+00
3.867116451263427734e+00,-2.162846565246582031e+00
-2.164762020111083984e+00,-1.610782980918884277e+00
-7.337453961372375488e-01,-1.321196556091308594e+00
-2.909646332263946533e-01,-3.703342378139495850e-01
1.795664429664611816e+00,-1.808048129081726074e+00
-9.378620237112045288e-02,4.807026386260986328e-01
7.260940670967102051e-01,-4.014879763126373291e-01
1.876917839050292969e+00,-7.538933306932449341e-02
-1.407019853591918945e+00,-2.318504095077514648e+00
-1.156933903694152832e+00,-6.587514877319335938e-01
1.077211380004882812e+00,-9.028351306915283203e-01
1.262593746185302734e+00,-9.192813634872436523e-01
-6.620128750801086426e-01,9.435457736253738403e-02
1.283401012420654297e+00,5.717184543609619141e-01
-6.407522410154342651e-02,-1.590936034917831421e-01
-1.341123819351196289e+00,1.984747290611267090e+00
-1.070897340774536133e+00,6.134729087352752686e-02
-2.362080097198486328e+00,-8.380626440048217773e-01
1.194054722785949707e+00,-1.484380483627319336e+00
-1.811284422874450684e+00,-8.187875747680664062e-01
-2.395460009574890137e-01,7.827155292034149170e-02
8.244953155517578125e-01,4.148238301277160645e-01
-1.513594508171081543e+00,-5.042417645454406738e-01
-1.747031331062316895e+00,-9.276516437530517578e-01
-2.285688400268554688e+00,-8.383430242538452148e-01
-1.033897161483764648e+00,-1.502072960138320923e-01
-4.512345492839813232e-01,-9.181281924247741699e-01
6.078036427497863770e-01,-6.914626955986022949e-01
1.609099656343460083e-02,-9.673263430595397949e-01
1.114768862724304199e+00,-1.378538131713867188e+00
4.628950655460357666e-01,-1.967336654663085938e+00
-1.377208709716796875e+00,2.416939884424209595e-01
-1.060555815696716309e+00,5.281075239181518555e-01
-9.547228813171386719e-01,1.269565969705581665e-01
1.550610661506652832e+00,-1.051103472709655762e+00
-8.167563378810882568e-02,3.112817406654357910e-01
-5.489022731781005859e-01,-4.897182881832122803e-01
-3.041880726814270020e-01,-6.410247087478637695e-02
-9.895476698875427246e-01,-2.107130736112594604e-01
1.356322318315505981e-02,-1.317195534706115723e+00
-9.923853278160095215e-01,-5.309611558914184570e-01
5.264981985092163086e-01,5.571183562278747559e-01
1.710793137550354004e+00,-8.882310986518859863e-01
1.116137385368347168e+00,-1.060927748680114746e+00
-9.984046816825866699e-01,-4.203507602214813232e-01
-5.662121772766113281e-01,-8.129494786262512207e-01
3.513731062412261963e-01,-2.638308048248291016e+00
-1.000240206718444824e+00,-1.551155298948287964e-01
-1.040340423583984375e+00,-3.107239007949829102e-01
-8.928387761116027832e-01,8.242153525352478027e-01
1.375336289405822754e+00,2.545635461807250977e+00
1.195750951766967773e+00,1.749382853507995605e+00
1.215447545051574707e+00,-7.987155914306640625e-01
-4.115476459264755249e-02,-3.262451589107513428e-01
2.423785328865051270e-01,-1.740225791931152344e+00
-1.193268299102783203e+00,-3.706309199333190918e-02
-1.573973178863525391e+00,2.856268286705017090e-01
4.820324480533599854e-03,5.318000167608261108e-02
3.133493661880493164e-01,-3.911843299865722656e-01
5.480866432189941406e-01,3.518132269382476807e-01
-3.885105550289154053e-01,3.559520542621612549e-01
7.714473605155944824e-01,-2.831913828849792480e-01
-1.965983629226684570e+00,-2.717256247997283936e-01
1.217418193817138672e+00,-5.284651517868041992e-01
1.964236855506896973e+00,-2.370629549026489258e+00
1.621532917022705078e+00,4.389822483062744141e-01
-1.266281127929687500e+00,2.316293716430664062e-01
-2.050112485885620117e-01,1.974271088838577271e-01
1.038622140884399414e+00,-9.466634988784790039e-01
1.972544789314270020e+00,6.872557997703552246e-01
5.591880679130554199e-01,6.336272358894348145e-01
1.265267133712768555e-01,8.141098022460937500e-01
1.230304241180419922e+00,-8.036795854568481445e-01
1.460677504539489746e+00,-1.637481570243835449e+00
-1.027820348739624023e+00,1.069524168968200684e+00
2.232634544372558594e+00,-3.021482467651367188e+00
-1.755964517593383789e+00,-7.380228042602539062e-01
-2.494279146194458008e+00,3.772569179534912109e+00
1.960973381996154785e+00,1.757085561752319336e+00
-3.506411612033843994e-01,-4.023446142673492432e-01
-4.588507115840911865e-01,-1.004742264747619629e+00
6.917086243629455566e-01,-8.585492521524429321e-02
-1.666246503591537476e-01,2.860182225704193115e-01
2.537055730819702148e+00,6.630334258079528809e-01
-9.763920307159423828e-01,-1.728278547525405884e-01
-5.030063986778259277e-01,5.098678469657897949e-01
2.716999530792236328e+00,-1.261274099349975586e+00
1.720039248466491699e+00,6.599882841110229492e-01
7.908774614334106445e-01,8.268738985061645508e-01
-5.540136098861694336e-01,-1.402477502822875977e+00
1.805626451969146729e-01,-3.624674975872039795e-01
8.118879199028015137e-01,-4.859075248241424561e-01
-8.163972496986389160e-01,-4.726181626319885254e-01
-1.029825448989868164e+00,-5.370220541954040527e-01
-1.428102970123291016e+00,1.968696415424346924e-01
2.358906745910644531e+00,1.813515901565551758e+00
-1.546112895011901855e+00,-8.514267206192016602e-01
1.441166996955871582e-01,-1.526446342468261719e+00
-1.445820629596710205e-01,-2.641186416149139404e-01
-5.297591090202331543e-01,-3.525140881538391113e-02
-1.259867846965789795e-01,1.985275745391845703e-01
-7.943688035011291504e-01,1.505039632320404053e-01
-1.093153238296508789e+00,-3.064822256565093994e-01
-8.967400193214416504e-01,-2.151388645172119141e+00
1.645874142646789551e+00,2.798913419246673584e-01
1.285890102386474609e+00,-3.648499488830566406e+00
5.507129430770874023e-01,3.994020223617553711e-01
4.903883635997772217e-01,-3.275338709354400635e-01
2.103522777557373047e+00,9.290720820426940918e-01
2.759370803833007812e+00,-1.895338773727416992e+00
-8.815596699714660645e-01,-3.103658854961395264e-01
-1.143164753913879395e+00,-2.290994673967361450e-01
-1.966481804847717285e+00,-5.856537818908691406e-01
8.377164602279663086e-01,-2.683558166027069092e-01
1.356355905532836914e+00,-1.515201687812805176e+00
-1.721836447715759277e+00,-8.840619921684265137e-01
-8.684180378913879395e-01,-4.648747444152832031e-01
1.926388978958129883e+00,-1.578953146934509277e+00
-4.050320982933044434e-01,-2.734476141631603241e-02
-8.069989085197448730e-01,-1.624016165733337402e-01
5.607537627220153809e-01,2.777968943119049072e-01
-1.088238477706909180e+00,2.541126906871795654e-01
1.518004059791564941e+00,-1.452496290206909180e+00
9.303503632545471191e-01,-1.292306423187255859e+00
1.714551568031311035e+00,1.933767795562744141e+00
2.734959125518798828e+00,1.151809930801391602e+00
1.100472211837768555e+00,1.332979202270507812e+00
-1.079962491989135742e+00,-2.532683908939361572e-01
1.518729686737060547e+00,-2.767687559127807617e+00
-1.083998322486877441e+00,-6.476119905710220337e-02
-8.589526414871215820e-01,2.251786589622497559e-01
1.704559564590454102e+00,4.324387907981872559e-01
-1.596112549304962158e-01,2.592277824878692627e-01
-7.010588645935058594e-01,-1.555984854698181152e+00
-1.601262390613555908e-01,-1.986702382564544678e-01
9.901553392410278320e-01,2.590616643428802490e-01
-5.954194068908691406e-02,3.313368856906890869e-01
3.270787894725799561e-01,8.212763667106628418e-01
-3.460662961006164551e-01,3.524178862571716309e-01
8.682066202163696289e-01,-9.049821496009826660e-01
-8.640498667955398560e-02,-1.052941381931304932e-01
-2.148700714111328125e+00,1.235170006752014160e+00
1.230093598365783691e+00,-4.109291732311248779e-01
9.608149528503417969e-01,1.422895431518554688e+00
-1.053899168968200684e+00,-7.601217180490493774e-02
-1.012802004814147949e+00,-2.609450519084930420e-01
1.081524848937988281e+00,-8.533003330230712891e-01
-1.267752408981323242e+00,2.514698803424835205e-01
-1.448995590209960938e+00,1.164787888526916504e+00
9.855761528015136719e-01,-1.364280700683593750e+00
-1.091004610061645508e+00,-3.962742388248443604e-01
7.012602090835571289e-01,-5.765784978866577148e-01
1.054162979125976562e+00,6.870788335800170898e-01
-8.765794038772583008e-01,1.692475676536560059e+00
-1.062665820121765137e+00,-2.114868909120559692e-01
-2.250861227512359619e-01,2.589302957057952881e-01
-6.703408807516098022e-02,-5.306265950202941895e-01
-6.358801722526550293e-01,-4.061396121978759766e-01
-1.046128630638122559e+00,-3.922199308872222900e-01
-9.871794581413269043e-01,-1.163593679666519165e-01
-2.645373344421386719e+00,-7.536152005195617676e-01
1.079909428954124451e-01,-6.382337212562561035e-01
-8.265231251716613770e-01,-1.919461965560913086e+00
-5.399274230003356934e-01,-1.251242280006408691e+00
-9.651849269866943359e-01,-1.759148478507995605e+00
5.923606157302856445e-01,-1.443212330341339111e-01
8.950960636138916016e-01,-1.069083809852600098e+00
5.689982175827026367e-01,1.174639463424682617e+00
-1.451058387756347656e-01,4.115299582481384277e-01
-1.724671125411987305e+00,1.979040741920471191e+00
-4.512345492839813232e-01,-9.181281924247741699e-01
7.849189639091491699e-01,-1.359519809484481812e-01
-2.115335464477539062e+00,-9.622705578804016113e-01
-2.801612317562103271e-01,2.861283779144287109e+00
6.609697341918945312e-01,-4.788727462291717529e-01
3.027098178863525391e+00,5.261847972869873047e-01
-1.122922658920288086e+00,-2.248037010431289673e-01
3.170369863510131836e+00,2.096547842025756836e+00
6.289528608322143555e-01,-5.090684890747070312e-01
-5.076692253351211548e-02,3.030868768692016602e-01
2.105125427246093750e+00,2.802862405776977539e+00
1.103786945343017578e+00,1.500378251075744629e+00
-3.268994763493537903e-02,-3.208931088447570801e-01
-1.067243218421936035e+00,-2.815261781215667725e-01
-1.048436284065246582e+00,1.029368996620178223e+00
-6.983287334442138672e-01,4.307572543621063232e-01
6.579002737998962402e-01,-8.653347194194793701e-02
5.300237536430358887e-01,7.083774209022521973e-01
3.923689424991607666e-01,-6.486580371856689453e-01
3.215265274047851562e+00,-2.107707500457763672e+00
-1.148802638053894043e+00,-5.064151287078857422e-01
1.367575228214263916e-01,-1.281574487686157227e+00
1.352907061576843262e+00,-3.240494132041931152e-01
-1.220089316368103027e+00,1.988942772150039673e-01
9.883153438568115234e-01,-4.165211319923400879e-01
-1.973730087280273438e+00,-8.062278628349304199e-01
1.573217749595642090e+00,-9.140590429306030273e-01
8.463211059570312500e-01,-4.709183871746063232e-01
9.426230192184448242e-01,-1.353120207786560059e+00
-1.004879474639892578e+00,-3.622663617134094238e-01
6.087418794631958008e-01,-1.566925644874572754e+00
-1.495419144630432129e-01,3.088311851024627686e-01
-1.001227125525474548e-01,-2.841787636280059814e-01
1.105985999107360840e+00,4.796483218669891357e-01
-1.048436284065246582e+00,1.029368996620178223e+00
-3.754752576351165771e-01,1.135791316628456116e-01
2.014357805252075195e+00,1.406845003366470337e-01
1.643928408622741699e+00,-1.488616108894348145e+00
-1.001622557640075684e+00,-1.240158677101135254e-01
1.473023891448974609e+00,4.131493568420410156e-01
1.207127213478088379e+00,-4.811213016510009766e-01
1.127963900566101074e+00,-4.508697986602783203e-01
-1.446074843406677246e+00,8.379127979278564453e-01
1.006255075335502625e-01,-2.636227011680603027e-01
-1.035977363586425781e+00,-1.467903405427932739e-01
-1.636927008628845215e+00,-7.302443981170654297e-01
-3.745689392089843750e-01,-1.018563359975814819e-01
5.195791721343994141e-01,-7.406417727470397949e-01
5.210130810737609863e-01,8.199438452720642090e-01
5.857990384101867676e-01,6.163873076438903809e-01
-1.235614180564880371e+00,-5.355387926101684570e-01
-3.998906910419464111e-01,5.135903358459472656e-01
1.484486937522888184e+00,-8.868975639343261719e-01
1.019377037882804871e-01,-7.158059477806091309e-01
-1.476214677095413208e-01,-1.416801452636718750e+00
-1.357778072357177734e+00,3.139425814151763916e-01
-7.484911084175109863e-01,6.838309168815612793e-01
1.422577142715454102e+00,-2.229990720748901367e+00
9.419088959693908691e-01,6.393586397171020508e-01
-2.820781767368316650e-01,1.703092455863952637e-02
6.138944029808044434e-01,7.283436059951782227e-01
1.865500211715698242e+00,-8.833291381597518921e-02
-1.036200404167175293e+00,1.256229728460311890e-01
2.109698057174682617e-01,5.558039546012878418e-01
-3.874160349369049072e-01,2.350729107856750488e-01
-1.513594508171081543e+00,-5.042417645454406738e-01
5.578444600105285645e-01,1.260161519050598145e+00
-7.650067210197448730e-01,-4.857711493968963623e-01
2.071871757507324219e+00,-1.158018946647644043e+00
-6.675280332565307617e-01,-5.059888958930969238e-01
1.599961161613464355e+00,-8.618233203887939453e-01
-2.662758156657218933e-02,8.193286508321762085e-02
8.682019114494323730e-01,-5.972626805305480957e-01
-9.996049404144287109e-01,-8.095100522041320801e-01
-4.330497384071350098e-01,1.366585493087768555e-01
-1.718181729316711426e+00,5.876825004816055298e-02
-1.335078477859497070e+00,1.419592142105102539e+00
5.184088349342346191e-01,-4.834155738353729248e-01
-1.114415407180786133e+00,-1.185401678085327148e+00
-1.641296148300170898e-01,-1.616888791322708130e-01
-8.734155297279357910e-01,-5.015553236007690430e-01
-7.130864858627319336e-01,-6.677883267402648926e-01
-1.260437011718750000e+00,-4.066569805145263672e-01
1.506797313690185547e+00,7.001752257347106934e-01
-1.054588079452514648e+00,-4.080626070499420166e-01
-1.950349450111389160e+00,-1.476869940757751465e+00
-1.070639967918395996e+00,-3.645069301128387451e-01
4.897994697093963623e-01,-1.411048769950866699e+00
-3.451702594757080078e-01,-4.277114570140838623e-01
1.344573497772216797e-01,-1.307608246803283691e+00
6.782820224761962891e-01,-1.400568485260009766e+00
1.121856093406677246e+00,-3.560208976268768311e-01
1.051657676696777344e+00,-1.247112989425659180e+00
3.796692937612533569e-02,2.419870495796203613e-01
-8.897094130516052246e-01,-9.864531755447387695e-01
-2.554729580879211426e-01,-4.192689359188079834e-01
2.105125427246093750e+00,2.802862405776977539e+00
2.017902851104736328e+00,5.878194570541381836e-01
-1.554288983345031738e+00,-1.072625741362571716e-01
-2.537316381931304932e-01,4.446071684360504150e-01
1.261768817901611328e+00,-8.649314641952514648e-01
-1.091004610061645508e+00,-3.962742388248443604e-01
-4.095375537872314453e-01,-5.209271609783172607e-02
3.291331231594085693e-01,6.107991337776184082e-01
1.012221217155456543e+00,1.322747588157653809e+00
2.126519680023193359e+00,-7.781766057014465332e-01
1.500183820724487305e+00,1.912122488021850586e+00
-5.923264026641845703e-01,-1.262686133384704590e+00
-2.557539939880371094e-01,1.410394906997680664e-01
1.409396171569824219e+00,-1.305802464485168457e+00
-7.690919935703277588e-02,4.141319692134857178e-01
-2.057336091995239258e+00,-8.918417692184448242e-01
1.628117203712463379e+00,3.753783702850341797e-01
1.609099656343460083e-02,-9.673263430595397949e-01
-1.148802638053894043e+00,-5.064151287078857422e-01
-1.052604317665100098e+00,-2.217877358198165894e-01
-1.237327933311462402e+00,-8.322529792785644531e-01
-4.075841605663299561e-01,-1.020984351634979248e-01
-3.646579682826995850e-01,-3.159415125846862793e-01
-1.783645391464233398e+00,1.751783192157745361e-01
2.072798967361450195e+00,-1.704650878906250000e+00
3.883329331874847412e-01,-6.980780512094497681e-03
2.942939519882202148e+00,1.437663316726684570e+00
3.056102991104125977e-01,1.135339021682739258e+00
-7.201470136642456055e-01,3.537373304367065430e+00
-6.987341046333312988e-01,2.546835690736770630e-03
-1.001622557640075684e+00,-1.240158677101135254e-01
3.506337881088256836e+00,1.167690515518188477e+00
-1.159735441207885742e+00,-3.863584399223327637e-01
7.417288422584533691e-01,-2.073782123625278473e-02
-1.430381178855895996e+00,1.483522653579711914e-01
5.154589414596557617e-01,-8.107572793960571289e-01
-1.090738415718078613e+00,2.399014234542846680e-01
1.418664455413818359e+00,-1.714310169219970703e+00
5.190936326980590820e-01,-5.398515462875366211e-01
-3.978682458400726318e-01,-1.105398178100585938e+00
4.610581099987030029e-01,-4.826072454452514648e-01
-3.471982851624488831e-02,-1.306385397911071777e-01
4.688921868801116943e-01,9.931550621986389160e-01
6.921734809875488281e-01,1.639312386512756348e+00
2.821225643157958984e+00,1.519354619085788727e-02
1.442472577095031738e+00,5.073027014732360840e-01
-7.325130105018615723e-01,-1.240532159805297852e+00
3.134700536727905273e+00,1.831153988838195801e+00
-1.641296148300170898e-01,-1.616888791322708130e-01
1.271831274032592773e+00,-6.222506165504455566e-01
7.224824428558349609e-01,-1.001866698265075684e+00
-1.066065788269042969e+00,-8.536482602357864380e-02
8.300663232803344727e-01,-6.480765938758850098e-01
6.419098973274230957e-01,-4.755374491214752197e-01
-1.095925569534301758e+00,-6.249765157699584961e-01
1.450194716453552246e-01,-6.646825075149536133e-01
-1.161744713783264160e+00,6.453702449798583984e-01
5.983053892850875854e-02,-1.004643440246582031e-01
-3.951409161090850830e-01,2.669730484485626221e-01
1.118172168731689453e+00,1.620859265327453613e+00
-7.271482050418853760e-02,3.725759983062744141e-01
-3.978682458400726318e-01,-1.105398178100585938e+00
-6.234123706817626953e-01,-1.561855822801589966e-01
4.312772303819656372e-02,-6.960287094116210938e-01
2.753391742706298828e+00,-3.252130270004272461e+00
2.311907112598419189e-01,-1.561792850494384766e+00
1.104013204574584961e+00,-5.141353607177734375e-01
1.084226444363594055e-01,-8.253086209297180176e-01
-1.007705092430114746e+00,-9.897507727146148682e-02
9.292212724685668945e-01,-7.772142291069030762e-01
-1.023718595504760742e+00,-2.733101546764373779e-01
-1.060546159744262695e+00,-2.628060877323150635e-01
-4.763575792312622070e-01,1.950419545173645020e-01
1.518729686737060547e+00,-2.767687559127807617e+00
-1.002029255032539368e-01,8.544293642044067383e-01
-3.291274011135101318e-01,8.317347764968872070e-01
-1.596112549304962158e-01,2.592277824878692627e-01
1.641666293144226074e+00,7.883231639862060547e-01
-3.412541747093200684e-01,-2.689033150672912598e-01
8.568649291992187500e-01,5.138096213340759277e-01
-7.207779288291931152e-01,-1.461865544319152832e+00
