5.536977052688598633e-01,-9.921145439147949219e-01
4.438502192497253418e-01,-1.349530816078186035e+00
5.323377251625061035e-01,1.002902746200561523e+00
7.792529463768005371e-01,1.184457540512084961e+00
7.909226417541503906e-01,-4.356576129794120789e-02
5.007905960083007812e-01,1.176156997680664062e+00
-7.800332903861999512e-01,-6.112233996391296387e-01
-5.822466015815734863e-01,1.649369895458221436e-01
1.444245100021362305e+00,4.107869863510131836e-01
2.021366119384765625e+00,-4.050442576408386230e-01
4.414003789424896240e-01,1.130368232727050781e+00
9.190068840980529785e-01,-1.927371382713317871e+00
7.856024801731109619e-02,2.372777014970779419e-01
6.274001598358154297e-01,-5.217147469520568848e-01
5.476361513137817383e-01,9.921892285346984863e-01
-3.596961200237274170e-01,4.936409890651702881e-01
6.419184207916259766e-01,1.134217619895935059e+00
-1.699401736259460449e-01,5.016503334045410156e-01
7.763849496841430664e-01,-2.117923051118850708e-01
-8.694841861724853516e-01,-1.671602129936218262e+00
1.646109372377395630e-01,1.167524307966232300e-01
8.168144822120666504e-01,-1.446205854415893555e+00
-1.385469734668731689e-01,-1.525613069534301758e-01
1.548836350440979004e+00,4.785815477371215820e-01
1.424352079629898071e-01,-2.140244722366333008e+00
-4.521241664886474609e+00,-1.046673804521560669e-01
1.091163754463195801e+00,-9.355620741844177246e-01
4.512299001216888428e-01,1.100051403045654297e+00
-3.221135735511779785e-01,3.076079785823822021e-01
4.745741188526153564e-01,-3.239790499210357666e-01
7.923745363950729370e-02,-3.913123905658721924e-01
1.314450383186340332e+00,2.520854234695434570e+00
-2.390182763338088989e-01,-3.252302706241607666e-01
3.802822530269622803e-01,1.307319521903991699e+00
-3.802928030490875244e-01,-1.441847801208496094e+00
9.622020721435546875e-01,1.711382627487182617e+00
7.140154838562011719e-01,-3.009715378284454346e-01
-5.368500947952270508e-01,6.158534884452819824e-01
1.443358182907104492e+00,-1.180393338203430176e+00
4.548501372337341309e-01,-3.548537492752075195e-01
1.139560937881469727e+00,-8.304007649421691895e-01
6.728592514991760254e-01,1.003557324409484863e+00
-9.452162981033325195e-01,-3.535928726196289062e-01
2.189590692520141602e+00,-1.429433822631835938e+00
-1.890105605125427246e-01,-1.923319995403289795e-01
-5.616299510002136230e-01,-4.715261459350585938e+00
6.644294857978820801e-01,-1.788903772830963135e-01
-8.964766860008239746e-01,-8.185155391693115234e-01
2.524710416793823242e+00,-7.100850343704223633e-02
-9.464813470840454102e-01,-1.014936208724975586e+00
1.927696466445922852e-01,-4.409440457820892334e-01
-3.679584339261054993e-02,-9.777148067951202393e-02
8.718656301498413086e-01,-8.914171457290649414e-01
1.188780665397644043e+00,2.083936929702758789e+00
-1.519305538386106491e-02,-1.666723012924194336e+00
1.311965584754943848e+00,-7.103349566459655762e-01
7.176902890205383301e-01,-9.631994962692260742e-01
5.138019323348999023e-01,-7.766611576080322266e-01
4.056941270828247070e-01,3.779314756393432617e-01
5.384774208068847656e-01,-1.231043338775634766e+00
-3.388456404209136963e-01,4.983507394790649414e-01
2.522142529487609863e-01,-5.888245105743408203e-01
6.922577619552612305e-01,6.481963396072387695e-01
2.508460581302642822e-01,1.237497925758361816e+00
9.273748993873596191e-01,7.941678762435913086e-01
-2.678865909576416016e+00,-1.483086347579956055e+00
2.731452584266662598e-01,1.155139207839965820e+00
-1.075809717178344727e+00,-1.614691853523254395e+00
-1.608983129262924194e-01,-3.602318525314331055e+00
3.689927458763122559e-01,-4.394545555114746094e-01
1.077441930770874023e+00,-1.413395643234252930e+00
6.814457178115844727e-01,-6.344803571701049805e-01
4.315133094787597656e-01,-6.410812735557556152e-01
3.710293471813201904e-01,5.782224535942077637e-01
1.139560937881469727e+00,-8.304007649421691895e-01
2.471396207809448242e+00,-1.601395010948181152e+00
1.600038558244705200e-01,-6.529185771942138672e-01
5.266748070716857910e-01,1.127071261405944824e+00
-1.703528612852096558e-01,6.443318128585815430e-01
-4.829964041709899902e-01,-6.689147353172302246e-01
1.420662850141525269e-01,1.709047406911849976e-01
2.327438831329345703e+00,-2.555995464324951172e+00
1.040290474891662598e+00,1.627223491668701172e+00
1.270087957382202148e+00,-1.282282233238220215e+00
-7.917535305023193359e-01,-7.689396142959594727e-01
2.533640563488006592e-01,1.125291109085083008e+00
-3.995443284511566162e-01,5.405471101403236389e-02
3.014738559722900391e-01,2.295486479997634888e-01
3.211158514022827148e-02,1.309704542160034180e+00
3.309666216373443604e-01,1.171921014785766602e+00
-1.136796712875366211e+00,-2.545777559280395508e+00
6.713953614234924316e-02,-5.219582915306091309e-01
-6.872835159301757812e-01,-4.744119644165039062e-01
-2.351344227790832520e-01,-5.977542400360107422e-01
1.559475213289260864e-01,-1.831610128283500671e-02
-4.571751594543457031e+00,-3.088380575180053711e+00
-7.202160954475402832e-01,-7.287306189537048340e-01
1.055203080177307129e+00,-1.094649910926818848e+00
1.706735849380493164e+00,-1.572927236557006836e+00
-5.807669758796691895e-01,-1.532203555107116699e+00
1.646071672439575195e-01,5.697236657142639160e-01
9.931417703628540039e-01,-9.758937358856201172e-01
-3.212258815765380859e+00,-2.368382215499877930e+00
1.227745532989501953e+00,-1.379816889762878418e+00
6.542935967445373535e-01,2.111656516790390015e-01
4.723206758499145508e-01,9.551423788070678711e-01
2.982035577297210693e-01,-1.141432046890258789e+00
1.493269205093383789e+00,-1.501829177141189575e-01
4.727704524993896484e-01,-6.010015010833740234e-01
-3.877500295639038086e-01,5.214819312095642090e-01
-3.391574382781982422e+00,-1.936821460723876953e+00
-2.286823987960815430e-01,2.340229004621505737e-01
2.891833484172821045e-01,-7.475914359092712402e-01
2.252093315124511719e+00,-1.065087199211120605e+00
-2.744811177253723145e-01,-1.705415099859237671e-01
-2.327946573495864868e-01,-1.959673762321472168e+00
2.363147586584091187e-01,1.890725940465927124e-01
5.272055864334106445e-01,-2.183957815170288086e+00
2.786977887153625488e-01,9.682686626911163330e-02
-6.063050627708435059e-01,-1.822960019111633301e+00
7.903468608856201172e-01,-6.269772350788116455e-02
-2.401950836181640625e+00,1.711308121681213379e+00
3.807062506675720215e-01,1.321003913879394531e+00
1.813108325004577637e+00,-1.417393803596496582e+00
5.208230577409267426e-03,2.691017389297485352e-01
6.831933259963989258e-01,-1.812578797340393066e+00
-2.004828900098800659e-01,4.432213902473449707e-01
5.799857616424560547e+00,-1.094502449035644531e+00
-6.490505337715148926e-01,2.362983077764511108e-01
4.229803010821342468e-02,2.954781055450439453e-01
1.342137455940246582e+00,-1.615772485733032227e+00
2.261059135198593140e-01,1.341626763343811035e+00
4.294736087322235107e-01,-1.547793388366699219e+00
1.692258358001708984e+00,1.133993864059448242e+00
-1.879425346851348877e-01,-1.752713620662689209e-01
-2.276963472366333008e+00,-2.469896316528320312e+00
1.038350701332092285e+00,5.349681973457336426e-01
-5.597900226712226868e-02,4.848505556583404541e-01
2.094872713088989258e+00,-2.103492021560668945e+00
1.415270686149597168e+00,2.292816400527954102e+00
5.953364968299865723e-01,1.057812809944152832e+00
-7.917535305023193359e-01,-7.689396142959594727e-01
-1.322096705436706543e+00,7.971399426460266113e-01
2.861637473106384277e-01,7.060772180557250977e-01
-4.423940658569335938e+00,-6.502737402915954590e-01
6.728592514991760254e-01,1.003557324409484863e+00
8.613947033882141113e-01,9.192553162574768066e-01
4.414003789424896240e-01,1.130368232727050781e+00
5.608381032943725586e-01,1.000871777534484863e+00
4.222684204578399658e-01,-8.219115138053894043e-01
1.153745412826538086e+00,-1.061015725135803223e+00
3.077349066734313965e-01,8.362876772880554199e-01
-3.193279802799224854e-01,3.071976639330387115e-02
5.689308643341064453e-01,-5.398433282971382141e-02
4.139549136161804199e-01,1.060441493988037109e+00
6.216614246368408203e-01,9.539176225662231445e-01
-1.437559127807617188e-01,-1.246114730834960938e+00
1.026730418205261230e+00,1.635908484458923340e+00
-1.655877947807312012e+00,-1.005635023117065430e+00
4.617666900157928467e-01,-2.848675966262817383e+00
-2.009895324707031250e+00,-1.713639259338378906e+00
-2.701821327209472656e-01,1.222447305917739868e-01
1.233761906623840332e+00,-1.524912357330322266e+00
1.549437791109085083e-01,6.600237488746643066e-01
1.121786117553710938e+00,5.348907113075256348e-01
-2.752389311790466309e-01,-2.304245159029960632e-02
7.697018980979919434e-01,-2.498057335615158081e-01
3.589357137680053711e-01,1.050376176834106445e+00
-2.424585968255996704e-01,-1.596596240997314453e+00
-4.107473850250244141e+00,4.889006316661834717e-01
7.009322047233581543e-01,6.891388893127441406e-01
4.282873868942260742e-01,-1.539868950843811035e+00
1.232766389846801758e+00,-3.624414920806884766e+00
-4.770484864711761475e-01,-1.020378351211547852e+00
6.017730832099914551e-01,8.868341445922851562e-01
2.621176242828369141e+00,-2.412124633789062500e+00
-1.657618880271911621e+00,1.363512992858886719e+00
1.276872634887695312e+00,-1.945455193519592285e+00
3.710293471813201904e-01,5.782224535942077637e-01
-2.135702610015869141e+00,-5.829242467880249023e-01
1.039890199899673462e-01,3.939594626426696777e-01
2.800313830375671387e-01,1.221687674522399902e+00
2.284021228551864624e-01,1.049965098500251770e-01
3.885099291801452637e-01,-1.059356451034545898e+00
2.106801420450210571e-02,1.314001560211181641e+00
2.062254905700683594e+00,1.628667235374450684e+00
1.483918428421020508e+00,-7.773798704147338867e-02
1.334792137145996094e+00,1.390910744667053223e+00
2.276920974254608154e-01,1.037574887275695801e+00
1.676899939775466919e-02,1.304878711700439453e+00
1.095995187759399414e+00,3.920110762119293213e-01
1.343808650970458984e+00,5.678356438875198364e-02
2.395328432321548462e-01,-3.570092022418975830e-01
-3.701232671737670898e-01,-1.225624799728393555e+00
-3.701232671737670898e-01,-1.225624799728393555e+00
9.281188249588012695e-01,1.737508893013000488e+00
1.003929495811462402e+00,-1.353769063949584961e+00
8.188953995704650879e-01,-1.402438402175903320e+00
1.110871553421020508e+00,5.843118429183959961e-01
9.551160931587219238e-01,-6.395080089569091797e-01
-7.147628068923950195e-01,-9.674695730209350586e-01
-5.199176073074340820e-01,2.079708129167556763e-02
4.847050905227661133e-01,1.166499137878417969e+00
-2.661879062652587891e+00,-2.265451908111572266e+00
-3.515579700469970703e-01,2.884063124656677246e-01
-3.080488443374633789e-01,-1.088266611099243164e+00
3.556892573833465576e-01,1.038108587265014648e+00
1.519425511360168457e+00,-4.409564733505249023e-01
1.615807771682739258e+00,2.536085844039916992e+00
-9.709402322769165039e-01,1.328537464141845703e+00
1.148930341005325317e-01,7.163136005401611328e-01
-4.193962365388870239e-02,6.604515314102172852e-01
4.386604726314544678e-01,-1.014624238014221191e+00
-1.957491487264633179e-01,-3.070508837699890137e-01
3.639808297157287598e-01,5.601079463958740234e-01
-3.043399155139923096e-01,-1.587991833686828613e+00
2.853372693061828613e-01,3.947299420833587646e-01
-5.128376483917236328e-01,-1.486093044281005859e+00
2.872831821441650391e-01,-6.647191047668457031e-01
1.148310422897338867e+00,-1.514280200004577637e+00
1.802308201789855957e+00,-6.151294708251953125e-01
-1.740823984146118164e-01,1.377991735935211182e-01
3.642954230308532715e-01,5.222491025924682617e-01
-1.277683377265930176e+00,-2.491666078567504883e+00
-4.504818022251129150e-01,-1.333647727966308594e+00
9.095581769943237305e-01,-2.772244513034820557e-01
6.155989170074462891e-01,7.013596296310424805e-01
-3.804538249969482422e+00,1.000990986824035645e+00
1.553156375885009766e-01,3.356327712535858154e-01
9.358596801757812500e-02,2.002429664134979248e-01
2.496314942836761475e-01,7.576356530189514160e-01
1.004903554916381836e+00,-1.106067299842834473e+00
-6.980226188898086548e-02,3.673500418663024902e-01
7.762904167175292969e-01,9.684292078018188477e-01
-3.907543718814849854e-01,5.932986363768577576e-02
2.330068349838256836e-01,-4.026412963867187500e-03
1.597648561000823975e-01,4.295533895492553711e-02
6.493899822235107422e-01,-8.840874433517456055e-01
4.819894209504127502e-02,1.119239211082458496e+00
-6.855393201112747192e-02,5.229316353797912598e-01
-6.798322200775146484e-01,5.675016641616821289e-01
2.901251912117004395e-01,1.225156903266906738e+00
1.233364492654800415e-01,9.007802009582519531e-01
8.377786278724670410e-01,-4.356358349323272705e-01
1.178833007812500000e+00,8.419090509414672852e-01
-2.105338335037231445e+00,7.368010878562927246e-01
3.584058880805969238e-01,1.158928036689758301e+00
6.779171824455261230e-01,-2.556740865111351013e-02
1.161950111389160156e+00,1.807270288467407227e+00
1.846592545509338379e+00,-6.700750589370727539e-01
1.788109838962554932e-01,1.051484704017639160e+00
2.693359255790710449e-01,1.267360210418701172e+00
2.276920974254608154e-01,1.037574887275695801e+00
1.705536365509033203e+00,3.598905727267265320e-02
1.826338887214660645e+00,-6.641500592231750488e-01
4.205232262611389160e-01,1.097378373146057129e+00
2.348825216293334961e+00,1.807137131690979004e+00
-1.385599225759506226e-01,5.547729730606079102e-01
4.238137006759643555e-01,1.302978157997131348e+00
-2.491258233785629272e-01,-2.120058059692382812e+00
-8.521322906017303467e-02,-2.104259282350540161e-01
5.942203402519226074e-01,9.939887523651123047e-01
8.043849468231201172e-02,-3.649590015411376953e-01
5.022612214088439941e-01,1.187193036079406738e+00
-1.838005542755126953e+00,-2.895426511764526367e+00
2.624311447143554688e-01,5.592694282531738281e-01
1.790929675102233887e+00,-1.430700421333312988e-01
3.974798023700714111e-01,1.102995395660400391e+00
2.526221275329589844e-01,-4.632899165153503418e-01
7.244970202445983887e-01,-6.868526935577392578e-01
1.052715063095092773e+00,-2.645083189010620117e+00
2.040026664733886719e+00,-2.884843051433563232e-01
2.783936500549316406e+00,-2.330463409423828125e+00
4.221105575561523438e-01,1.050062298774719238e+00
-7.469412684440612793e-01,-6.093379259109497070e-01
4.498732089996337891e-01,-3.934786915779113770e-01
2.026439666748046875e+00,-4.095626354217529297e+00
3.909304141998291016e-01,-2.684403061866760254e-01
1.235335171222686768e-01,1.361177444458007812e+00
1.587002128362655640e-01,6.935659646987915039e-01
1.126151084899902344e+00,-2.933089733123779297e-01
2.789569497108459473e-01,1.321433424949645996e+00
1.610500335693359375e+00,4.407398402690887451e-02
1.055748701095581055e+00,-6.433923840522766113e-01
8.530210256576538086e-01,-1.088928580284118652e+00
1.255757212638854980e-01,-3.209081590175628662e-01
1.373038887977600098e-01,1.694910973310470581e-01
1.650688946247100830e-01,-5.498029589653015137e-01
9.912071824073791504e-01,2.110752582550048828e+00
-5.596891641616821289e-01,1.178370833396911621e+00
6.585645675659179688e-01,-1.452919960021972656e+00
-7.412768006324768066e-01,-6.880171895027160645e-01
-1.227896332740783691e+00,-1.210273027420043945e+00
-8.027321696281433105e-01,-3.259342908859252930e+00
5.555440783500671387e-01,1.119334101676940918e+00
1.001306295394897461e+00,6.548010110855102539e-01
4.387243092060089111e-01,-9.662470817565917969e-01
-5.729867219924926758e-01,-7.553151845932006836e-01
9.440885186195373535e-01,-1.828102231025695801e+00
1.281153559684753418e+00,5.862113237380981445e-01
1.510980129241943359e+00,-9.963201284408569336e-01
-2.777769267559051514e-01,1.069065630435943604e-01
1.404515981674194336e+00,-1.485911607742309570e+00
2.583411037921905518e-01,7.666439414024353027e-01
1.084458470344543457e+00,-4.883621931076049805e-01
3.306169807910919189e-01,1.150317668914794922e+00
2.076717317104339600e-01,-1.478443264961242676e+00
2.767473161220550537e-01,3.230722993612289429e-02
5.451173186302185059e-01,9.804533720016479492e-01
3.582610785961151123e-01,4.229836165904998779e-01
7.810007333755493164e-01,-2.827692627906799316e-01
6.485828161239624023e-01,9.687115550041198730e-01
6.768214702606201172e-01,1.031446814537048340e+00
-1.456412076950073242e+00,-3.959571599960327148e+00
5.742558240890502930e-01,1.089423179626464844e+00
-2.436915874481201172e+00,-9.520041942596435547e-02
1.311558008193969727e+00,-7.906170487403869629e-01
5.483922362327575684e-01,4.100052416324615479e-01
5.652928352355957031e-01,-5.668535232543945312e-01
-1.316697001457214355e+00,-8.799872398376464844e-01
6.242058277130126953e-01,-5.245632529258728027e-01
-6.773306727409362793e-01,-1.586525440216064453e+00
9.499540179967880249e-02,8.474279046058654785e-01
1.998358011245727539e+00,2.133595049381256104e-01
1.281753063201904297e+00,-2.949220240116119385e-01
9.993077516555786133e-01,-6.201031208038330078e-01
1.040233135223388672e+00,9.498223662376403809e-01
-8.046663403511047363e-01,-1.610555768013000488e+00
2.422699704766273499e-02,4.200704395771026611e-03
-7.413808107376098633e-01,-5.191100835800170898e-01
-6.539649367332458496e-01,-2.636785507202148438e-01
-4.255525469779968262e-01,7.265777587890625000e-01
1.031376004219055176e+00,2.174928665161132812e+00
-2.390182763338088989e-01,-3.252302706241607666e-01
-6.142227649688720703e-01,1.077634692192077637e-01
3.407638072967529297e-01,-1.276994824409484863e+00
-1.645861744880676270e+00,-1.185495495796203613e+00
4.070972502231597900e-01,1.114233136177062988e+00
1.326868295669555664e+00,2.600764930248260498e-01
3.675641417503356934e-01,5.962051749229431152e-01
-6.099282264709472656e+00,-2.517144680023193359e+00
1.125429347157478333e-01,1.349220871925354004e+00
1.759005710482597351e-02,1.703696399927139282e-01
4.421165287494659424e-01,1.086040496826171875e+00
5.167897939682006836e-01,9.269245266914367676e-01
2.490221977233886719e+00,-4.072403907775878906e-01
8.983299136161804199e-01,7.356120347976684570e-01
-2.081466913223266602e+00,2.107600450515747070e+00
9.949318170547485352e-01,-5.296112298965454102e-01
1.910954356193542480e+00,1.810460329055786133e+00
7.284563779830932617e-01,-1.476881861686706543e+00
2.869537472724914551e-01,2.004742175340652466e-01
1.017925143241882324e+00,8.454938530921936035e-01
-4.596490785479545593e-02,-5.217882990837097168e-01
-5.855898261070251465e-01,9.739190340042114258e-01
-3.147187471389770508e+00,-2.794628381729125977e+00
1.970629841089248657e-01,-2.339464664459228516e+00
1.510564535856246948e-01,1.278001666069030762e-01
8.983936905860900879e-01,-1.961545199155807495e-01
2.018883228302001953e+00,7.420623302459716797e-02
1.488939523696899414e+00,-1.303497433662414551e+00
2.026439666748046875e+00,-4.095626354217529297e+00
6.874723434448242188e-01,2.463086098432540894e-01
3.668205738067626953e-01,-6.835225969552993774e-03
5.397163033485412598e-01,-8.439397215843200684e-01
-3.065705001354217529e-01,-1.974342703819274902e+00
4.993207752704620361e-01,1.170936346054077148e+00
2.066739797592163086e+00,-1.491505026817321777e+00
2.241595834493637085e-01,5.380268692970275879e-01
-7.756136357784271240e-02,6.032516360282897949e-01
-1.564156889915466309e+00,4.304344058036804199e-01
-2.796334922313690186e-01,-9.155012965202331543e-01
1.759005710482597351e-02,1.703696399927139282e-01
5.481326580047607422e-01,-8.222486376762390137e-01
-1.401397228240966797e+00,-4.305042326450347900e-01
-3.003218412399291992e+00,3.935209810733795166e-01
3.122663497924804688e-01,1.127182602882385254e+00
4.431319534778594971e-01,-1.350923538208007812e+00
4.123819768428802490e-01,2.003425210714340210e-01
-9.673956036567687988e-02,4.804825782775878906e-01
-1.259404897689819336e+00,-8.210307359695434570e-01
3.745199739933013916e-01,1.025571823120117188e+00
2.222232341766357422e+00,2.464634656906127930e+00
4.655404388904571533e-01,1.066858410835266113e+00
9.273748993873596191e-01,7.941678762435913086e-01
-1.183381490409374237e-02,2.884139716625213623e-01
1.078736186027526855e-01,1.284042358398437500e+00
5.524665713310241699e-01,1.118345141410827637e+00
-4.162186682224273682e-01,-8.219093084335327148e-01
1.882826089859008789e+00,-1.223720788955688477e+00
5.085121989250183105e-01,-1.900051236152648926e+00
1.503505587577819824e+00,-3.522301435470581055e+00
-3.502036333084106445e-01,-1.516117811203002930e+00
1.371011614799499512e+00,4.839219748973846436e-01
9.522772431373596191e-01,1.118429660797119141e+00
1.757458150386810303e-01,-6.010149717330932617e-01
2.033991217613220215e-01,1.857206821441650391e-01
-1.014160633087158203e+00,-5.357503890991210938e-01
1.482274532318115234e-01,1.577373892068862915e-01
6.790239810943603516e-01,-4.954372644424438477e-01
6.362934708595275879e-01,1.010322332382202148e+00
-7.238966971635818481e-02,3.696210682392120361e-01
4.269120097160339355e-01,1.103197336196899414e+00
-1.846839904785156250e+00,1.547731399536132812e+00
6.215786933898925781e-02,-1.969625115394592285e+00
4.139549136161804199e-01,1.060441493988037109e+00
5.928128957748413086e-01,6.834720373153686523e-01
-2.962400019168853760e-01,-1.367161870002746582e-01
-2.300935536623001099e-01,-1.765185117721557617e+00
8.901784420013427734e-01,1.353817105293273926e+00
3.193653523921966553e-01,-1.215153336524963379e+00
5.555440783500671387e-01,1.119334101676940918e+00
-4.571751594543457031e+00,-3.088380575180053711e+00
5.940827131271362305e-01,9.211371541023254395e-01
3.067773818969726562e+00,-2.276837110519409180e+00
-7.057729959487915039e-01,2.435114234685897827e-01
6.152265071868896484e-01,-6.573233008384704590e-01
-8.191817998886108398e-01,-4.173555970191955566e-01
5.481449365615844727e-01,1.108180999755859375e+00
-2.712108194828033447e-01,7.738710045814514160e-01
4.048482477664947510e-01,1.164142489433288574e+00
1.278029203414916992e+00,-3.068474769592285156e+00
2.462002262473106384e-02,2.951242029666900635e-03
-1.855175256729125977e+00,6.385369300842285156e-01
2.147132635116577148e+00,-1.404512763023376465e+00
9.649088978767395020e-01,1.469593524932861328e+00
8.298761248588562012e-01,7.022807002067565918e-01
3.503708839416503906e+00,9.551398158073425293e-01
1.522308886051177979e-01,3.223695755004882812e-01
3.028838634490966797e+00,3.021405339241027832e-01
9.138473868370056152e-01,1.789920926094055176e+00
-3.306348323822021484e-01,-1.699294805526733398e+00
4.879920482635498047e-01,-1.239130735397338867e+00
5.804808139801025391e-01,1.087004184722900391e+00
1.594648122787475586e+00,-7.238991558551788330e-02
1.168317675590515137e+00,-9.122679829597473145e-01
1.475317031145095825e-01,-2.794760227203369141e+00
8.407599925994873047e-01,-5.569960474967956543e-01
3.256307840347290039e-01,1.152960062026977539e+00
2.365224957466125488e-01,6.000157594680786133e-01
1.666165709495544434e+00,2.561838626861572266e+00
-1.710687041282653809e+00,-3.799889802932739258e+00
8.086904883384704590e-01,1.131400227546691895e+00
-8.867074847221374512e-01,-4.107963740825653076e-01
-1.268799155950546265e-01,-1.459944725036621094e+00
9.023841619491577148e-01,-2.035472631454467773e+00
4.087652862071990967e-01,1.125923991203308105e+00
6.481297016143798828e-01,6.403470039367675781e-01
1.038596510887145996e+00,2.180867195129394531e+00
1.893914490938186646e-01,6.922600865364074707e-01
1.088195800781250000e+00,3.660272657871246338e-01
-3.838925063610076904e-02,-2.266854196786880493e-01
1.380853772163391113e+00,7.706431150436401367e-01
2.241595834493637085e-01,5.380268692970275879e-01
3.708044290542602539e-01,1.165819525718688965e+00
1.040196195244789124e-01,1.422837018966674805e+00
1.466566920280456543e-01,-2.198272496461868286e-01
5.703405141830444336e-01,1.166187882423400879e+00
-7.389550209045410156e-01,-2.125321626663208008e+00
2.852190732955932617e-01,7.525870800018310547e-01
9.320687651634216309e-01,-1.426955461502075195e+00
5.511985421180725098e-01,1.135952234268188477e+00
1.006974935531616211e+00,-2.180169105529785156e+00
1.310823112726211548e-01,2.771090567111968994e-01
-1.199955046176910400e-01,4.997516274452209473e-01
1.182111382484436035e+00,1.558068871498107910e+00
5.008348226547241211e-01,1.158945560455322266e+00
1.093872785568237305e+00,7.730827331542968750e-01
9.371573925018310547e-01,-1.036644101142883301e+00
2.339012861251831055e+00,2.755881071090698242e+00
-3.642394542694091797e-01,-1.526134252548217773e+00
1.032055497169494629e+00,2.119764328002929688e+00
1.565026938915252686e-01,1.110961794853210449e+00
1.136509180068969727e+00,-1.651787281036376953e+00
8.057609200477600098e-01,1.109782814979553223e+00
-1.777771949768066406e+00,-7.196691632270812988e-01
-1.045727491378784180e+00,-6.531634926795959473e-01
2.779277861118316650e-01,1.205163717269897461e+00
-1.694722414016723633e+00,9.207038283348083496e-01
1.193995773792266846e-01,3.129796087741851807e-01
-5.272255092859268188e-02,8.620590567588806152e-01
2.077535688877105713e-01,-2.834998369216918945e+00
5.208782553672790527e-01,9.405825138092041016e-01
-1.501974184066057205e-02,-1.834781095385551453e-02
1.706735849380493164e+00,-1.572927236557006836e+00
1.117042154073715210e-01,2.039671838283538818e-01
5.956080555915832520e-01,-1.711610853672027588e-01
-1.342086791992187500e+00,1.100255727767944336e+00
-9.119087457656860352e-01,-4.054449498653411865e-01
5.926653146743774414e-01,9.842780828475952148e-01
1.202811717987060547e+00,-1.279644489288330078e+00
1.121855974197387695e+00,1.845862388610839844e+00
1.399469614028930664e+00,3.797682225704193115e-01
-1.705240368843078613e+00,-1.906432867050170898e+00
8.599090576171875000e-01,2.528370022773742676e-01
1.111543104052543640e-01,1.458220720291137695e+00
3.323462009429931641e-01,-4.680204987525939941e-01
-2.810738384723663330e-01,-1.704224944114685059e+00
1.117042154073715210e-01,2.039671838283538818e-01
1.357860445976257324e+00,1.735151171684265137e+00
1.267059087753295898e+00,4.800259470939636230e-01
1.312375545501708984e+00,-9.411830306053161621e-01
-1.062417149543762207e+00,-3.153039932250976562e+00
2.335173606872558594e+00,-1.089418768882751465e+00
1.222101807594299316e+00,1.439069747924804688e+00
2.171398162841796875e+00,2.816115379333496094e+00
1.345985531806945801e+00,2.555932521820068359e+00
-1.157238110899925232e-01,4.886021614074707031e-01
2.534423470497131348e-01,-1.155291199684143066e+00
6.181367039680480957e-01,1.085178554058074951e-01
-3.679584339261054993e-02,-9.777148067951202393e-02
4.132522642612457275e-02,6.616134643554687500e-01
-2.718521356582641602e-01,8.088120818138122559e-02
-1.883512377738952637e+00,1.622003197669982910e+00
8.030803799629211426e-01,1.139010906219482422e+00
4.850922822952270508e-01,1.125668644905090332e+00
-8.117738962173461914e-01,1.299417465925216675e-01
5.314006805419921875e-01,1.082325816154479980e+00
1.034101724624633789e+00,-6.478151082992553711e-01
4.902028441429138184e-01,9.053627848625183105e-01
-2.016439676284790039e+00,1.362140655517578125e+00
1.114715814590454102e+00,1.810379028320312500e+00
1.895993351936340332e-01,9.296361207962036133e-01
-3.877500295639038086e-01,5.214819312095642090e-01
-1.935993194580078125e+00,-9.973133802413940430e-01
3.456643223762512207e-01,-9.823105335235595703e-01
-4.393998906016349792e-02,-5.620573759078979492e-01
1.234431862831115723e+00,1.014848470687866211e+00
6.898438334465026855e-01,6.829692721366882324e-01
2.886574268341064453e-01,1.536726951599121094e-01
-6.378290057182312012e-02,-3.541207015514373779e-01
1.425001144409179688e+00,-1.421519398689270020e+00
1.269866973161697388e-01,3.629990518093109131e-01
2.985341846942901611e-01,-1.891146063804626465e+00
9.138473868370056152e-01,1.789920926094055176e+00
1.041594985872507095e-02,1.091192483901977539e+00
3.763430714607238770e-01,-1.196964383125305176e+00
2.595573365688323975e-01,7.336121797561645508e-01
5.260406732559204102e-01,9.889601469039916992e-01
6.696950793266296387e-01,1.036167144775390625e+00
5.885565280914306641e+00,-2.201122194528579712e-01
1.114815473556518555e+00,-1.146936893463134766e+00
4.221382737159729004e-01,-4.553701877593994141e-01
1.352945622056722641e-02,9.444625973701477051e-01
-6.165148019790649414e-01,-5.626814365386962891e-01
1.044404029846191406e+00,-1.887609958648681641e+00
8.530210256576538086e-01,-1.088928580284118652e+00
5.491277575492858887e-01,1.003978371620178223e+00
6.124107539653778076e-02,5.072838664054870605e-01
-5.253681540489196777e-01,-1.358825415372848511e-01
4.459106922149658203e-01,8.118373155593872070e-02
1.313690423965454102e+00,-2.423087596893310547e+00
4.498732089996337891e-01,-3.934786915779113770e-01
1.125613212585449219e+00,-6.459482908248901367e-01
1.132772922515869141e+00,3.878549933433532715e-01
2.779277861118316650e-01,1.205163717269897461e+00
-3.870900273323059082e-01,5.599486231803894043e-01
-2.718579530715942383e+00,1.847749501466751099e-01
8.757842779159545898e-01,1.857104539871215820e+00
2.719124853610992432e-01,2.819126844406127930e-01
-4.138090133666992188e+00,2.733971834182739258e+00
1.094453573226928711e+00,-1.358510613441467285e+00
1.213830113410949707e+00,1.463259458541870117e+00
2.202969044446945190e-02,8.635424375534057617e-01
-1.093056797981262207e-01,6.384522318840026855e-01
-1.532905735075473785e-03,-6.753188967704772949e-01
-3.391574382781982422e+00,-1.936821460723876953e+00
-1.186500310897827148e+00,-7.845098972320556641e-01
1.934790760278701782e-01,9.495611190795898438e-01
-7.202160954475402832e-01,-7.287306189537048340e-01
4.365625232458114624e-02,3.066766262054443359e-01
5.235399603843688965e-01,1.121873974800109863e+00
-1.710687041282653809e+00,-3.799889802932739258e+00
1.980627417564392090e+00,8.104290962219238281e-01
7.277212738990783691e-01,-7.807704806327819824e-01
-6.832791566848754883e-01,-1.993614554405212402e+00
2.040564119815826416e-01,1.747911125421524048e-01
-1.912097811698913574e+00,-1.359395623207092285e+00
1.239940881729125977e+00,2.034228324890136719e+00
1.271275997161865234e+00,-1.749947547912597656e+00
1.904550433158874512e+00,-4.323726296424865723e-01
3.807062506675720215e-01,1.321003913879394531e+00
3.008982241153717041e-01,1.401544064283370972e-01
5.072420835494995117e-01,-6.176521182060241699e-01
-3.160061836242675781e-01,1.672570258378982544e-01
-9.784985184669494629e-01,-1.448192715644836426e+00
2.623372077941894531e-01,-9.447684288024902344e-01
1.606777608394622803e-01,3.028795719146728516e-01
3.471618592739105225e-01,1.409913301467895508e-01
-6.112950444221496582e-01,-1.435343384742736816e+00
1.071229457855224609e+00,1.585705637931823730e+00
9.948834180831909180e-01,-2.142013549804687500e+00
3.481465876102447510e-01,1.119490385055541992e+00
-1.584180593490600586e-01,4.932252764701843262e-01
3.318499624729156494e-01,1.252808213233947754e+00
-6.734570860862731934e-02,7.557191252708435059e-01
2.202969044446945190e-02,8.635424375534057617e-01
1.017925143241882324e+00,8.454938530921936035e-01
-2.677184641361236572e-01,4.766820073127746582e-01
1.014112234115600586e+00,1.297133326530456543e+00
7.277212738990783691e-01,-7.807704806327819824e-01
-4.652939736843109131e-01,3.341419696807861328e-01
1.280025005340576172e+00,1.835911393165588379e+00
1.136147901415824890e-01,3.595349192619323730e-01
6.108200550079345703e-01,7.319179773330688477e-01
1.278886556625366211e+00,-7.762172818183898926e-01
2.901251912117004395e-01,1.225156903266906738e+00
-1.167557090520858765e-01,3.346845507621765137e-01
6.624335050582885742e-01,-5.312186479568481445e-01
5.802816152572631836e-01,1.033746361732482910e+00
-7.051337957382202148e-01,5.451201796531677246e-01
4.292268157005310059e-01,1.028947234153747559e+00
-2.503798604011535645e-01,-8.270825743675231934e-01
4.717919826507568359e-01,1.103300452232360840e+00
1.334792137145996094e+00,1.390910744667053223e+00
7.881105542182922363e-01,-1.066008925437927246e+00
6.844862103462219238e-01,6.861521005630493164e-01
2.354438781738281250e+00,3.534873723983764648e-01
-1.172918081283569336e+00,8.780785799026489258e-01
1.853311419486999512e+00,-3.436671495437622070e-01
-4.586661607027053833e-02,-3.362638950347900391e-01
1.381494522094726562e+00,3.762523457407951355e-02
1.271779417991638184e+00,2.518893480300903320e+00
6.195845603942871094e-01,9.508249759674072266e-01
9.525595903396606445e-01,4.080773890018463135e-01
-1.474314689636230469e+00,1.071610331535339355e+00
-9.285431504249572754e-01,-4.956487417221069336e-01
-1.336402058601379395e+00,3.216800391674041748e-01
2.067644119262695312e+00,-2.672987699508666992e+00
7.882204055786132812e-01,9.968502521514892578e-01
1.470930576324462891e+00,2.356767281889915466e-02
4.723206758499145508e-01,9.551423788070678711e-01
-2.294786214828491211e+00,9.943299889564514160e-01
-9.957353472709655762e-01,-4.263135910034179688e+00
1.040290474891662598e+00,1.627223491668701172e+00
2.489806413650512695e+00,-1.745466709136962891e+00
-8.959841132164001465e-01,-6.178799271583557129e-01
5.384913086891174316e-01,-4.969486594200134277e-01
1.334384232759475708e-01,1.424252271652221680e+00
3.407638072967529297e-01,-1.276994824409484863e+00
-3.774933516979217529e-01,4.057925641536712646e-01
1.604700207710266113e+00,3.837117552757263184e-02
6.261035203933715820e-01,-4.935281872749328613e-01
-3.098435640335083008e+00,8.395697176456451416e-02
3.069784343242645264e-01,1.134308934211730957e+00
9.973970651626586914e-01,-1.430209398269653320e+00
-8.948773890733718872e-02,5.837744474411010742e-01
-4.022806584835052490e-01,2.372927367687225342e-01
4.824101328849792480e-01,1.139841794967651367e+00
3.360951840877532959e-01,-9.225001335144042969e-01
-5.289608836174011230e-01,-1.165337204933166504e+00
3.009102046489715576e-01,-1.131516337394714355e+00
2.329073995351791382e-01,-1.264297008514404297e+00
3.339683413505554199e-01,1.463551372289657593e-01
-6.319824457168579102e-01,9.698786139488220215e-01
-3.149300813674926758e+00,-1.300797760486602783e-01
2.141045570373535156e+00,-7.551447749137878418e-01
-2.040582895278930664e+00,-1.853492259979248047e+00
7.769097685813903809e-01,1.116883873939514160e+00
-4.587802886962890625e-01,-1.597710102796554565e-01
-1.089427694678306580e-01,4.985039234161376953e-01
4.963086545467376709e-01,5.075283050537109375e-01
-2.508185803890228271e-02,1.376779913902282715e+00
-3.244493901729583740e-01,-1.373027563095092773e+00
3.028838634490966797e+00,3.021405339241027832e-01
1.073849916458129883e+00,1.935910731554031372e-01
1.113018155097961426e+00,1.303336858749389648e+00
1.536549448966979980e+00,-1.820158362388610840e+00
4.961540997028350830e-01,-1.211715936660766602e+00
-9.749282002449035645e-01,-2.031949996948242188e+00
5.865427851676940918e-02,4.063492715358734131e-01
-3.804538249969482422e+00,1.000990986824035645e+00
6.826526671648025513e-02,-6.522417068481445312e-02
1.325990110635757446e-01,7.015864849090576172e-01
1.020952165126800537e-01,6.475382447242736816e-01
8.536411523818969727e-01,1.187582492828369141e+00
3.328645527362823486e-01,-3.495164811611175537e-01
-4.319289028644561768e-01,-6.896779537200927734e-01
1.565026938915252686e-01,1.110961794853210449e+00
-3.844905793666839600e-01,4.682695567607879639e-01
-2.253124862909317017e-01,-1.529312968254089355e+00
-2.130012214183807373e-01,-4.431515038013458252e-01
7.195596098899841309e-01,-8.703781366348266602e-01
1.189999222755432129e+00,-7.226454615592956543e-01
-1.289582401514053345e-01,-3.334591090679168701e-01
6.234436035156250000e-01,1.002957820892333984e+00
3.785734176635742188e-01,9.874902367591857910e-01
1.269984245300292969e+00,1.652631998062133789e+00
-7.986405491828918457e-01,-9.206514954566955566e-01
2.085040658712387085e-01,-1.797947406768798828e+00
-2.150043964385986328e+00,5.106136798858642578e-01
6.734696030616760254e-01,1.373799443244934082e-01
-1.600233614444732666e-01,5.288625955581665039e-01
1.008560299873352051e+00,2.037979960441589355e-01
1.236298680305480957e+00,6.520484685897827148e-01
1.509755551815032959e-01,-2.052818059921264648e+00
4.386604726314544678e-01,-1.014624238014221191e+00
1.172857165336608887e+00,1.321331411600112915e-01
6.438085436820983887e-01,-3.329088926315307617e+00
4.382346272468566895e-01,1.079140305519104004e+00
9.693237543106079102e-01,-2.391591310501098633e+00
3.295582532882690430e-01,1.172412991523742676e+00
-5.174565911293029785e-01,-2.072757720947265625e+00
4.371880888938903809e-01,2.732113003730773926e-01
1.779361516237258911e-01,-7.730636000633239746e-02
-7.105412483215332031e-01,3.678515553474426270e-01
5.565821528434753418e-01,8.863873481750488281e-01
6.146897077560424805e-01,-1.034516096115112305e+00
5.412368774414062500e-01,9.213448762893676758e-01
2.354438781738281250e+00,3.534873723983764648e-01
1.267903566360473633e+00,-1.589139938354492188e+00
3.452780842781066895e-01,1.018597245216369629e+00
2.287411242723464966e-01,2.875207364559173584e-01
7.020905613899230957e-01,-3.403265401721000671e-02
-6.924234628677368164e-01,-3.048593699932098389e-01
1.143507063388824463e-01,3.456248641014099121e-01
1.413178443908691406e+00,1.053838878870010376e-01
-1.055236347019672394e-02,3.766532540321350098e-01
4.444549083709716797e-01,-1.855793446302413940e-01
1.169941186904907227e+00,-7.577094435691833496e-01
1.134596168994903564e-01,5.245527625083923340e-02
-5.345906689763069153e-02,8.569138050079345703e-01
6.435095667839050293e-01,1.068624258041381836e+00
8.517819643020629883e-02,3.084090352058410645e-01
2.844417691230773926e-01,-2.307850867509841919e-01
2.740563154220581055e-01,-8.298497200012207031e-01
-1.918057322502136230e+00,1.820983767509460449e+00
-2.570586442947387695e+00,-3.434528589248657227e+00
4.937450885772705078e-01,1.084043025970458984e+00
3.922834396362304688e-01,-2.700748741626739502e-01
7.372402548789978027e-01,-4.842141270637512207e-01
3.556647002696990967e-01,1.004353612661361694e-01
-2.848525643348693848e-01,4.070646464824676514e-01
1.003929495811462402e+00,-1.353769063949584961e+00
-1.203871294856071472e-01,2.086440473794937134e-01
6.526796817779541016e-01,9.626796841621398926e-01
5.235399603843688965e-01,1.121873974800109863e+00
-4.409694671630859375e-01,1.532918661832809448e-01
2.441565096378326416e-01,1.223019480705261230e+00
1.013081073760986328e+00,3.394238710403442383e+00
1.337975144386291504e+00,1.278869867324829102e+00
4.978303015232086182e-01,1.047965526580810547e+00
-7.901275753974914551e-01,-3.839002847671508789e-01
-2.023111343383789062e+00,2.566317841410636902e-02
7.658398747444152832e-01,-7.559681534767150879e-01
4.048482477664947510e-01,1.164142489433288574e+00
-6.112950444221496582e-01,-1.435343384742736816e+00
9.187615662813186646e-02,1.299397230148315430e+00
-1.733406037092208862e-01,-2.210147529840469360e-01
1.231299489736557007e-01,-3.249487876892089844e-01
-9.670398235321044922e-01,-2.425705909729003906e+00
5.208782553672790527e-01,9.405825138092041016e-01
3.201669156551361084e-01,1.136759400367736816e+00
1.001403331756591797e+00,1.587001204490661621e+00
1.368621110916137695e+00,-2.283097505569458008e+00
1.298736453056335449e+00,7.307143807411193848e-01
4.567480087280273438e-01,-1.187305808067321777e+00
3.503708839416503906e+00,9.551398158073425293e-01
1.038387060165405273e+00,1.115063786506652832e+00
2.669278144836425781e+00,1.324157238006591797e+00
6.612956523895263672e-01,6.951199173927307129e-01
7.581186294555664062e-01,-1.175838947296142578e+00
9.356766343116760254e-01,-1.226270794868469238e+00
1.251393258571624756e-01,1.415563821792602539e-01
2.616108953952789307e-01,1.011741682887077332e-01
3.586657941341400146e-01,-3.934190571308135986e-01
8.417460322380065918e-01,-2.415204286575317383e+00
3.471618592739105225e-01,1.409913301467895508e-01
1.751455664634704590e+00,1.822356224060058594e+00
-1.166738390922546387e+00,1.668174266815185547e+00
3.125015497207641602e-01,-8.020241856575012207e-01
1.000951051712036133e+00,1.210896015167236328e+00
4.604799672961235046e-02,-1.629531383514404297e-01
1.001403331756591797e+00,1.587001204490661621e+00
1.125613212585449219e+00,-6.459482908248901367e-01
5.101524591445922852e-01,1.809649318456649780e-01
3.767615556716918945e-02,-1.738726019859313965e+00
1.004903554916381836e+00,-1.106067299842834473e+00
7.154490947723388672e-01,-3.742773234844207764e-01
2.897417783737182617e+00,7.231007218360900879e-01
-5.729867219924926758e-01,-7.553151845932006836e-01
-3.802928030490875244e-01,-1.441847801208496094e+00
5.587542653083801270e-01,-9.144149422645568848e-01
-2.315324306488037109e+00,5.699605345726013184e-01
2.984361171722412109e+00,2.360207557678222656e+00
1.807798743247985840e-01,8.393213152885437012e-02
-1.665863841772079468e-01,-6.985215842723846436e-02
-4.776972234249114990e-01,-1.112987995147705078e+00
2.578231394290924072e-01,1.237160086631774902e+00
-8.088417053222656250e-01,-5.853492021560668945e-01
-1.632404625415802002e-01,5.560712814331054688e-01
4.613732099533081055e-01,5.509999394416809082e-01
-1.099953651428222656e+00,-8.538459539413452148e-01
-1.978193998336791992e+00,1.125828027725219727e+00
3.929625749588012695e-01,-9.132344722747802734e-01
1.441434741020202637e+00,1.329768657684326172e+00
3.678906261920928955e-01,1.344630122184753418e+00
-6.539649367332458496e-01,-2.636785507202148438e-01
8.183705210685729980e-01,-4.502682685852050781e-01
1.008560299873352051e+00,2.037979960441589355e-01
6.582815051078796387e-01,-7.125124931335449219e-01
5.910442024469375610e-02,1.140945672988891602e+00
4.451575279235839844e-01,-1.728659033775329590e+00
-3.723191022872924805e-01,4.507123231887817383e-01
1.694639921188354492e+00,6.895737051963806152e-01
1.974188834428787231e-01,2.935808300971984863e-01
1.048889279365539551e+00,-6.643514633178710938e-01
6.897534132003784180e-01,1.603686809539794922e+00
1.648303389549255371e+00,-1.068690657615661621e+00
1.435223460197448730e+00,-3.983580470085144043e-01
1.094883680343627930e+00,-1.503185510635375977e+00
7.534683346748352051e-01,1.073486804962158203e+00
-7.801755666732788086e-01,-6.190236210823059082e-01
1.250452399253845215e+00,-7.334532141685485840e-01
6.958065032958984375e-01,-3.231560885906219482e-01
-1.474314689636230469e+00,1.071610331535339355e+00
1.624955296516418457e+00,6.416917443275451660e-01
9.941753149032592773e-01,-8.316332697868347168e-01
1.133818507194519043e+00,-6.709284186363220215e-01
-1.455592811107635498e-01,2.053513228893280029e-01
5.388590693473815918e-01,7.842538505792617798e-02
2.784752249717712402e-01,1.276673078536987305e+00
2.042733907699584961e+00,-1.508485555648803711e+00
4.387243092060089111e-01,-9.662470817565917969e-01
-5.963417291641235352e-01,-3.439494669437408447e-01
-8.869913816452026367e-01,-7.023460268974304199e-01
-2.152261734008789062e+00,-3.416895568370819092e-01
9.361331462860107422e-01,-4.440423473715782166e-02
-1.850914716720581055e+00,3.333524167537689209e-01
6.212850213050842285e-01,1.053284168243408203e+00
1.078596472740173340e+00,-2.623545885086059570e+00
-8.828441053628921509e-02,-1.069793105125427246e-01
1.882221698760986328e-01,1.422614216804504395e+00
7.606909424066543579e-02,-1.116140559315681458e-02
-1.705240368843078613e+00,-1.906432867050170898e+00
4.502888619899749756e-01,-4.359872639179229736e-01
1.904550433158874512e+00,-4.323726296424865723e-01
2.520723640918731689e-01,1.452300786972045898e+00
8.385641574859619141e-01,-2.566791474819183350e-01
5.151466652750968933e-02,1.052665948867797852e+00
1.341232657432556152e-01,6.528742313385009766e-01
-2.116258293390274048e-01,9.216813445091247559e-01
3.267069756984710693e-01,2.904987633228302002e-01
-6.461534500122070312e-01,-8.828566074371337891e-01
-2.663599252700805664e-01,1.390429437160491943e-01
1.181472390890121460e-01,-2.232225686311721802e-01
3.842059969902038574e-01,8.239752650260925293e-01
9.440885186195373535e-01,-1.828102231025695801e+00
8.176622986793518066e-01,-1.504952758550643921e-01
5.546157360076904297e-01,9.905309677124023438e-01
5.606174468994140625e-01,1.248929738998413086e+00
9.219865202903747559e-01,1.759142637252807617e+00
1.846592545509338379e+00,-6.700750589370727539e-01
6.280915737152099609e-01,1.507869064807891846e-01
4.425531923770904541e-01,1.260534524917602539e-01
2.737845107913017273e-02,4.773365259170532227e-01
-1.777771949768066406e+00,-7.196691632270812988e-01
9.793049693107604980e-01,-4.764772653579711914e-01
5.308601856231689453e-01,-1.203793644905090332e+00
2.662158906459808350e-01,-5.444377064704895020e-01
1.540580857545137405e-02,-2.061312198638916016e+00
1.554113388061523438e+00,-2.344507932662963867e+00
8.278719186782836914e-01,1.231314301490783691e+00
3.774943649768829346e-01,-9.315848350524902344e-01
7.810007333755493164e-01,-2.827692627906799316e-01
9.335996508598327637e-01,9.795434474945068359e-01
1.862651109695434570e-01,-7.824678421020507812e-01
5.737651586532592773e-01,1.077766895294189453e+00
9.793049693107604980e-01,-4.764772653579711914e-01
4.914077818393707275e-01,1.175471305847167969e+00
1.448266506195068359e+00,-9.624274969100952148e-01
1.078736186027526855e-01,1.284042358398437500e+00
1.242640137672424316e+00,-1.628369688987731934e+00
2.522516727447509766e+00,3.340373754501342773e+00
-6.142227649688720703e-01,1.077634692192077637e-01
-2.494979351758956909e-01,-1.154380559921264648e+00
7.541757822036743164e-01,1.170110821723937988e+00
5.511985421180725098e-01,1.135952234268188477e+00
9.109617471694946289e-01,-1.201397657394409180e+00
-1.144919916987419128e-01,5.483551621437072754e-01
-1.115613818168640137e+00,-2.050376176834106445e+00
-2.626835405826568604e-01,-1.323356628417968750e+00
-2.294786214828491211e+00,9.943299889564514160e-01
3.022272109985351562e+00,-7.143158316612243652e-01
1.113018155097961426e+00,1.303336858749389648e+00
-1.532759547233581543e+00,1.385956287384033203e+00
3.304858684539794922e+00,-9.148258715867996216e-03
1.626285612583160400e-01,2.306062728166580200e-03
-1.073628365993499756e-01,-3.276491761207580566e-01
7.592611312866210938e-01,-1.078030943870544434e+00
9.448444098234176636e-02,6.852539777755737305e-01
-1.282312870025634766e+00,-9.474846124649047852e-01
1.514785766601562500e+00,2.228639125823974609e-01
7.721592783927917480e-01,-3.766739368438720703e-01
2.038219451904296875e+00,1.265017509460449219e+00
2.076717317104339600e-01,-1.478443264961242676e+00
1.244651973247528076e-01,4.448084905743598938e-02
4.267914891242980957e-01,-1.148851871490478516e+00
5.579488277435302734e-01,-1.371481776237487793e+00
3.857311606407165527e-02,2.218995541334152222e-01
-2.266097217798233032e-01,1.078381165862083435e-01
-4.770484864711761475e-01,-1.020378351211547852e+00
1.040196195244789124e-01,1.422837018966674805e+00
1.127354025840759277e+00,1.411186337471008301e+00
-2.424585968255996704e-01,-1.596596240997314453e+00
2.092576265335083008e+00,-2.499152898788452148e+00
-7.402645796537399292e-02,-2.997512817382812500e+00
3.941207885742187500e+00,-1.684638977050781250e+00
-1.012495994567871094e+00,1.212012052536010742e+00
4.246962368488311768e-01,1.187898755073547363e+00
1.340868711471557617e+00,-6.536448001861572266e-02
1.320019006729125977e+00,-1.871460437774658203e+00
3.651536405086517334e-01,1.867753386497497559e+00
-9.709402322769165039e-01,1.328537464141845703e+00
2.088135480880737305e+00,-1.759678483009338379e+00
1.663834452629089355e+00,-3.592091083526611328e+00
-1.867721438407897949e+00,-1.011338353157043457e+00
6.094337701797485352e-01,9.114513397216796875e-01
3.508740663528442383e-01,-1.111058235168457031e+00
2.150998413562774658e-01,1.126596033573150635e-01
3.970953524112701416e-01,1.105740189552307129e+00
3.145240545272827148e-01,-2.953967809677124023e+00
3.663860261440277100e-01,1.124616622924804688e+00
-1.174390129745006561e-02,-4.787745699286460876e-02
1.456471066921949387e-02,-1.215865612030029297e+00
1.239674091339111328e+00,9.279374480247497559e-01
7.909226417541503906e-01,-4.356576129794120789e-02
2.213017642498016357e-01,4.947718232870101929e-03
3.417549431324005127e-01,1.448271572589874268e-01
2.938121557235717773e+00,-1.262868165969848633e+00
1.559475213289260864e-01,-1.831610128283500671e-02
3.416404426097869873e-01,5.457714796066284180e-01
3.294830024242401123e-01,1.340430378913879395e+00
2.853302061557769775e-01,1.210013031959533691e+00
2.906972467899322510e-01,5.572098493576049805e-01
9.932556748390197754e-01,-1.010646820068359375e+00
2.305372357368469238e-01,1.482618212699890137e+00
9.260770082473754883e-01,-9.832091331481933594e-01
7.792529463768005371e-01,1.184457540512084961e+00
-6.773306727409362793e-01,-1.586525440216064453e+00
-4.033941030502319336e-01,-2.505065917968750000e+00
2.913372814655303955e-01,-1.000121116638183594e+00
2.872831821441650391e-01,-6.647191047668457031e-01
1.121496200561523438e+00,7.074415683746337891e-01
-3.244493901729583740e-01,-1.373027563095092773e+00
9.262527227401733398e-01,-1.746128499507904053e-01
-8.229058384895324707e-01,-7.241076231002807617e-01
-3.306348323822021484e-01,-1.699294805526733398e+00
-1.269416809082031250e+00,1.605732083320617676e+00
2.009597539901733398e+00,-1.058172702789306641e+00
5.119719728827476501e-02,8.884881734848022461e-01
3.800997734069824219e-01,1.396553516387939453e+00
2.775432467460632324e-01,1.290913820266723633e+00
-7.223366200923919678e-02,2.998614013195037842e-01
-7.460302114486694336e-01,-3.267539665102958679e-02
-1.573082804679870605e+00,-3.132761478424072266e+00
6.362934708595275879e-01,1.010322332382202148e+00
1.078596472740173340e+00,-2.623545885086059570e+00
5.587542653083801270e-01,-9.144149422645568848e-01
-2.061452865600585938e-01,-1.892153620719909668e+00
3.586657941341400146e-01,-3.934190571308135986e-01
-7.422313094139099121e-01,-3.143968105316162109e+00
7.022722959518432617e-01,-8.494279980659484863e-01
2.040026664733886719e+00,-2.884843051433563232e-01
2.784752249717712402e-01,1.276673078536987305e+00
-1.567120552062988281e+00,-2.355625629425048828e+00
-7.273063808679580688e-02,9.806933999061584473e-01
-5.976216197013854980e-01,-2.320006042718887329e-01
-8.600208759307861328e-01,-7.304951548576354980e-01
2.719124853610992432e-01,2.819126844406127930e-01
3.339683413505554199e-01,1.463551372289657593e-01
7.051416039466857910e-01,-6.424192786216735840e-01
4.451575279235839844e-01,-1.728659033775329590e+00
6.528519988059997559e-01,9.564550518989562988e-01
5.010641813278198242e-01,1.405021667480468750e+00
2.393479943275451660e-01,-5.909049510955810547e-01
4.387021541595458984e+00,-2.579153537750244141e+00
7.927921414375305176e-01,9.595024585723876953e-01
8.616009950637817383e-01,1.739157080650329590e+00
2.736209332942962646e-01,1.856174707412719727e+00
-2.302667647600173950e-01,1.565917879343032837e-01
2.788066491484642029e-02,7.721568942070007324e-01
-2.435472756624221802e-01,5.662569776177406311e-02
3.456439077854156494e-01,1.172773241996765137e+00
-1.838005542755126953e+00,-2.895426511764526367e+00
1.814152956008911133e+00,-1.338733077049255371e+00
1.510276317596435547e+00,-8.277845978736877441e-01
6.017730832099914551e-01,8.868341445922851562e-01
2.861637473106384277e-01,7.060772180557250977e-01
3.309758901596069336e-01,2.634471654891967773e-01
4.289033412933349609e-01,1.074547410011291504e+00
3.133070945739746094e+00,1.929950118064880371e+00
4.335666000843048096e-01,-9.597368240356445312e-01
-2.262489050626754761e-01,-1.870281100273132324e+00
9.150058031082153320e-01,-7.302912473678588867e-01
3.936828374862670898e-01,9.367533028125762939e-02
3.664467632770538330e-01,1.015245199203491211e+00
1.603732705116271973e-01,-2.758594155311584473e-01
6.826526671648025513e-02,-6.522417068481445312e-02
4.405945539474487305e-01,1.094426035881042480e+00
4.167936146259307861e-01,-7.806488871574401855e-01
1.034946084022521973e+00,-1.546280145645141602e+00
-8.869913816452026367e-01,-7.023460268974304199e-01
1.521925449371337891e+00,6.557836532592773438e-01
1.509755551815032959e-01,-2.052818059921264648e+00
-3.310900926589965820e-01,-1.506983786821365356e-01
1.122968196868896484e-01,9.251362085342407227e-02
1.093935370445251465e+00,-7.569410204887390137e-01
8.873225003480911255e-02,6.332195550203323364e-02
3.254781365394592285e-01,1.082328200340270996e+00
7.232301235198974609e-01,1.102923750877380371e+00
3.366339802742004395e-01,1.095579192042350769e-01
1.628530025482177734e-01,2.369233965873718262e-01
9.430232048034667969e-01,-6.090739369392395020e-01
5.690026879310607910e-01,1.018085002899169922e+00
5.846956968307495117e-01,9.778156876564025879e-01
-9.472108483314514160e-01,-4.392834603786468506e-01
8.649694919586181641e-01,5.356149077415466309e-01
6.392850279808044434e-01,-4.897858500480651855e-01
2.913372814655303955e-01,-1.000121116638183594e+00
6.696654558181762695e-01,9.242653846740722656e-01
6.350460648536682129e-01,9.243625402450561523e-01
9.209424853324890137e-01,1.223454594612121582e+00
1.057143688201904297e+00,1.123002916574478149e-01
1.887874007225036621e-01,-1.085885047912597656e+00
3.521113693714141846e-01,-7.375594973564147949e-01
1.435223460197448730e+00,-3.983580470085144043e-01
1.114715814590454102e+00,1.810379028320312500e+00
-5.949301719665527344e-01,-3.317020416259765625e+00
2.152878522872924805e+00,-1.422698855400085449e+00
4.227486848831176758e-01,1.106022953987121582e+00
-4.765240550041198730e-01,1.640422105789184570e+00
-1.287149786949157715e-01,-4.684384465217590332e-01
-1.816656291484832764e-01,4.429510533809661865e-01
6.221972107887268066e-01,-1.087683677673339844e+00
-3.316196501255035400e-01,1.890440702438354492e+00
-6.468858122825622559e-01,-1.759945303201675415e-01
2.251236587762832642e-01,5.757243633270263672e-01
6.076716184616088867e-01,-1.181399464607238770e+00
3.327675163745880127e-01,-1.396014809608459473e+00
7.022722959518432617e-01,-8.494279980659484863e-01
-1.183381490409374237e-02,2.884139716625213623e-01
2.174136936664581299e-01,1.188717484474182129e+00
1.430899053812026978e-01,3.076588511466979980e-01
1.150379896163940430e+00,1.160893082618713379e+00
8.718656301498413086e-01,-8.914171457290649414e-01
-1.718346625566482544e-01,4.673942923545837402e-01
1.685223132371902466e-01,4.149294644594192505e-02
2.150998413562774658e-01,1.126596033573150635e-01
-6.798322200775146484e-01,5.675016641616821289e-01
1.084458470344543457e+00,-4.883621931076049805e-01
5.308823585510253906e-01,9.252988100051879883e-01
7.927921414375305176e-01,9.595024585723876953e-01
1.381494522094726562e+00,3.762523457407951355e-02
5.483922362327575684e-01,4.100052416324615479e-01
3.855218589305877686e-01,1.054525613784790039e+00
5.983365178108215332e-01,-3.909343779087066650e-01
1.677832961082458496e+00,1.871680021286010742e+00
5.375388860702514648e-01,-3.497079312801361084e-01
-1.044592738151550293e+00,1.164429187774658203e+00
4.766655266284942627e-01,-1.161056756973266602e+00
3.391982614994049072e-01,1.109462857246398926e+00
-3.413365781307220459e-01,6.598835587501525879e-01
-1.667114019393920898e+00,2.953408062458038330e-01
7.873298525810241699e-01,4.168249368667602539e-01
-1.100858211517333984e+00,-9.889252185821533203e-01
1.439721584320068359e+00,-1.825653076171875000e+00
1.234431862831115723e+00,1.014848470687866211e+00
1.379330396652221680e+00,4.692461341619491577e-02
-6.670182347297668457e-01,-5.668417811393737793e-01
5.672127604484558105e-01,8.602811694145202637e-01
5.057837367057800293e-01,-6.902941465377807617e-01
-1.604021787643432617e+00,-7.593467831611633301e-01
7.455564737319946289e-01,-4.905330538749694824e-01
7.186875343322753906e-01,3.709572851657867432e-01
2.507200241088867188e-01,1.229921460151672363e+00
5.272055864334106445e-01,-2.183957815170288086e+00
1.324909567832946777e+00,-8.700074553489685059e-01
2.906889915466308594e-01,7.665586471557617188e-01
1.377894878387451172e+00,-9.392899870872497559e-01
8.536411523818969727e-01,1.187582492828369141e+00
1.539752483367919922e+00,-3.115527629852294922e+00
6.843215227127075195e-01,8.698633909225463867e-01
5.308601856231689453e-01,-1.203793644905090332e+00
1.380853772163391113e+00,7.706431150436401367e-01
2.062254905700683594e+00,1.628667235374450684e+00
-3.907543718814849854e-01,5.932986363768577576e-02
-1.093056797981262207e-01,6.384522318840026855e-01
1.006260991096496582e+00,-1.056337594985961914e+00
4.423328042030334473e-01,1.398282766342163086e+00
1.125429347157478333e-01,1.349220871925354004e+00
-3.073377609252929688e-01,9.547586739063262939e-02
1.597173333168029785e+00,1.159229874610900879e+00
9.483446478843688965e-01,4.220443591475486755e-02
3.283694982528686523e-01,4.007960110902786255e-02
1.348616480827331543e+00,-1.484205365180969238e+00
9.846283197402954102e-01,7.456942200660705566e-01
2.652877569198608398e-01,2.912868261337280273e-01
1.001704216003417969e+00,6.707875728607177734e-01
-3.663185834884643555e-01,-1.404888749122619629e+00
4.742701649665832520e-01,-3.615265786647796631e-01
1.735109448432922363e+00,-1.023407697677612305e+00
-2.860454022884368896e-01,2.620778679847717285e-01
1.493269205093383789e+00,-1.501829177141189575e-01
-2.039979457855224609e+00,-9.195504188537597656e-01
1.728087306022644043e+00,-3.493683636188507080e-01
8.097537159919738770e-01,-4.579108953475952148e-01
-1.103038266301155090e-01,2.896535769104957581e-02
-4.185520410537719727e-01,1.483901619911193848e+00
-7.799665927886962891e-01,-4.740256667137145996e-01
6.764472126960754395e-01,9.104472398757934570e-01
1.815991878509521484e+00,-1.289535164833068848e+00
-1.455313682556152344e+00,-3.047329485416412354e-01
9.491636753082275391e-01,7.083279490470886230e-01
9.037800431251525879e-01,-6.633667945861816406e-01
4.991475641727447510e-01,-1.301432251930236816e+00
6.508597135543823242e-01,1.084784030914306641e+00
5.134236812591552734e-01,-5.688022375106811523e-01
-9.529536962509155273e-01,3.414784669876098633e-01
5.388590693473815918e-01,7.842538505792617798e-02
1.243430495262145996e+00,-7.150984406471252441e-01
-4.852755367755889893e-01,9.915681481361389160e-01
1.052012920379638672e+00,-1.086149096488952637e+00
-9.829884767532348633e-01,5.043891668319702148e-01
-2.300935536623001099e-01,-1.765185117721557617e+00
4.819894209504127502e-02,1.119239211082458496e+00
1.013081073760986328e+00,3.394238710403442383e+00
-1.930558085441589355e-01,-1.874053239822387695e+00
3.333332836627960205e-01,1.327370554208755493e-01
2.106404006481170654e-01,-4.646227359771728516e-01
2.072407722473144531e+00,-2.391294479370117188e+00
6.988425254821777344e-01,-5.943861007690429688e-01
1.267059087753295898e+00,4.800259470939636230e-01
3.010381937026977539e+00,2.678204298019409180e+00
8.292415142059326172e-01,-2.002186775207519531e+00
7.745587229728698730e-01,-9.425669908523559570e-02
-1.682592749595642090e+00,6.696258783340454102e-01
-1.312203168869018555e+00,-5.241824984550476074e-01
3.595847636461257935e-02,-3.647496938705444336e+00
-3.647001981735229492e-01,3.315687477588653564e-01
1.131923198699951172e+00,-7.112883329391479492e-01
1.056496739387512207e+00,-6.264071464538574219e-01
1.282484054565429688e+00,-4.770109653472900391e-01
2.457921981811523438e+00,1.401836872100830078e+00
5.546157360076904297e-01,9.905309677124023438e-01
1.189999222755432129e+00,-7.226454615592956543e-01
7.143473029136657715e-01,-8.372421562671661377e-02
-1.778491497039794922e+00,-1.695726394653320312e+00
-2.353946119546890259e-01,1.074864715337753296e-01
-1.115613818168640137e+00,-2.050376176834106445e+00
1.153480291366577148e+00,-5.745511054992675781e-01
-3.203307092189788818e-01,-1.529408931732177734e+00
-8.507413864135742188e-01,1.231854200363159180e+00
9.678332209587097168e-01,2.099851071834564209e-01
2.809101939201354980e-01,-4.872086048126220703e-01
-5.822466015815734863e-01,1.649369895458221436e-01
-2.990611076354980469e+00,-1.137697935104370117e+00
1.254041075706481934e+00,-1.555250167846679688e+00
4.717919826507568359e-01,1.103300452232360840e+00
1.374392151832580566e+00,-9.301311969757080078e-01
1.672861099243164062e+00,8.590900301933288574e-01
2.554464936256408691e-01,1.357144713401794434e+00
3.318499624729156494e-01,1.252808213233947754e+00
-1.991282105445861816e+00,6.002786755561828613e-01
8.964776396751403809e-01,1.873219966888427734e+00
1.626134753227233887e+00,-3.298802375793457031e-01
1.417192459106445312e+00,1.709306478500366211e+00
-1.114931344985961914e+00,-2.088220864534378052e-01
4.209226071834564209e-01,1.136647582054138184e+00
-9.749282002449035645e-01,-2.031949996948242188e+00
2.940522134304046631e-01,-5.491880699992179871e-02
-6.828160285949707031e-01,-6.538821458816528320e-01
-1.876556873321533203e-01,6.619813442230224609e-01
9.964878559112548828e-01,7.054840326309204102e-01
1.336388468742370605e+00,-1.617455124855041504e+00
6.242058277130126953e-01,-5.245632529258728027e-01
1.554113388061523438e+00,-2.344507932662963867e+00
6.231471300125122070e-01,-7.396646142005920410e-01
4.490379691123962402e-01,-4.447201490402221680e-01
1.153480291366577148e+00,-5.745511054992675781e-01
2.985341846942901611e-01,-1.891146063804626465e+00
-6.828160285949707031e-01,-6.538821458816528320e-01
6.369754076004028320e-01,-1.041849613189697266e+00
9.977362155914306641e-01,2.119690418243408203e+00
3.586620986461639404e-01,-1.038761377334594727e+00
9.499540179967880249e-02,8.474279046058654785e-01
-2.083923667669296265e-01,-1.244984269142150879e+00
3.589357137680053711e-01,1.050376176834106445e+00
-8.002978563308715820e-01,-6.365206241607666016e-01
1.912739127874374390e-01,5.711086988449096680e-01
1.663877069950103760e-01,-2.567497253417968750e+00
2.207233905792236328e-01,1.192939877510070801e+00
9.803998470306396484e-01,-5.532164573669433594e-01
5.726999044418334961e-01,1.127756834030151367e+00
1.078175306320190430e+00,-1.357233285903930664e+00
-1.655877947807312012e+00,-1.005635023117065430e+00
4.489089846611022949e-01,9.839219450950622559e-01
1.458852738142013550e-01,-5.355218425393104553e-02
-1.346113234758377075e-01,6.083328723907470703e-01
9.941753149032592773e-01,-8.316332697868347168e-01
6.357381939888000488e-01,5.508747100830078125e-01
-5.814796090126037598e-01,9.264528751373291016e-02
6.678585410118103027e-01,9.873082041740417480e-01
-1.013712048530578613e+00,-7.668596506118774414e-01
4.117704629898071289e-01,1.187743067741394043e+00
3.683721423149108887e-01,1.153068184852600098e+00
3.642954230308532715e-01,5.222491025924682617e-01
6.435095667839050293e-01,1.068624258041381836e+00
8.616009950637817383e-01,1.739157080650329590e+00
1.519984245300292969e+00,-1.259712934494018555e+00
-3.966569900512695312e-01,-5.991640090942382812e-01
1.998358011245727539e+00,2.133595049381256104e-01
-1.943373084068298340e+00,1.500009179115295410e+00
4.502888619899749756e-01,-4.359872639179229736e-01
3.387915194034576416e-01,-1.753985285758972168e+00
-7.800332903861999512e-01,-6.112233996391296387e-01
-3.889222741127014160e-01,1.020689308643341064e-01
-3.160061836242675781e-01,1.672570258378982544e-01
1.527620077133178711e+00,9.010810256004333496e-01
1.839575171470642090e+00,-2.177938938140869141e+00
-4.423940658569335938e+00,-6.502737402915954590e-01
1.313166737556457520e+00,1.198052912950515747e-01
-9.285431504249572754e-01,-4.956487417221069336e-01
1.295406460762023926e+00,-5.302570343017578125e+00
7.140154838562011719e-01,-3.009715378284454346e-01
-4.455205500125885010e-01,-5.571346282958984375e-01
4.917245730757713318e-02,5.177804827690124512e-01
8.162221908569335938e-01,-1.015182614326477051e+00
3.456643223762512207e-01,-9.823105335235595703e-01
-5.203343391418457031e+00,-2.765593767166137695e+00
-9.024910926818847656e-01,-5.335801243782043457e-01
1.278491765260696411e-01,-6.172538995742797852e-01
1.749114155769348145e+00,-2.350646018981933594e+00
7.923745363950729370e-02,-3.913123905658721924e-01
1.407132744789123535e-01,2.558861374855041504e-01
8.861097097396850586e-01,-1.796915173530578613e+00
6.710304617881774902e-01,9.495584368705749512e-01
9.622020721435546875e-01,1.711382627487182617e+00
4.831989705562591553e-01,-1.471645951271057129e+00
2.835898160934448242e+00,1.892835855484008789e+00
8.179443478584289551e-01,1.154809832572937012e+00
1.945956647396087646e-01,7.580722570419311523e-01
2.297005891799926758e+00,6.034530401229858398e-01
5.403909683227539062e-01,6.886895298957824707e-01
1.618470549583435059e+00,-1.214493870735168457e+00
-2.258083373308181763e-01,1.593159317970275879e+00
-1.783691048622131348e+00,1.875108242034912109e+00
8.506112098693847656e-01,1.424260258674621582e+00
-1.683273077011108398e+00,-4.173013865947723389e-01
6.874723434448242188e-01,2.463086098432540894e-01
-5.949301719665527344e-01,-3.317020416259765625e+00
2.067926645278930664e+00,-8.155319094657897949e-01
-2.366746187210083008e+00,4.827132225036621094e-01
-1.501974184066057205e-02,-1.834781095385551453e-02
6.709533184766769409e-02,6.806778162717819214e-02
-4.521241664886474609e+00,-1.046673804521560669e-01
-3.524751067161560059e-01,3.129004240036010742e-01
6.543459296226501465e-01,-4.162040352821350098e-01
7.264862060546875000e-01,-1.269260793924331665e-01
6.109511256217956543e-01,5.129585862159729004e-01
-2.777769267559051514e-01,1.069065630435943604e-01
-1.699401736259460449e-01,5.016503334045410156e-01
6.616706959903240204e-03,-1.586106717586517334e-01
-2.650634765625000000e+00,5.452743172645568848e-01
3.145641684532165527e-01,-3.130479574203491211e+00
3.306169807910919189e-01,1.150317668914794922e+00
2.152878522872924805e+00,-1.422698855400085449e+00
6.045820713043212891e-01,5.578902363777160645e-01
2.524710416793823242e+00,-7.100850343704223633e-02
3.905090093612670898e-01,1.089631199836730957e+00
1.021120622754096985e-01,-1.798565506935119629e+00
1.213551640510559082e+00,-7.706483602523803711e-01
5.982148647308349609e-01,8.176820278167724609e-01
4.289033412933349609e-01,1.074547410011291504e+00
1.282744646072387695e+00,1.667519569396972656e+00
-6.272372007369995117e-01,6.171965003013610840e-01
-1.953582882881164551e+00,-1.084883809089660645e+00
-6.309786438941955566e-01,-1.503837823867797852e+00
3.785279095172882080e-01,-1.399038076400756836e+00
-9.667984247207641602e-01,-6.932373642921447754e-01
5.379794836044311523e-01,1.115113854408264160e+00
7.455564737319946289e-01,-4.905330538749694824e-01
-3.784685134887695312e-01,6.845496892929077148e-01
-1.992281973361968994e-01,1.482301801443099976e-01
-2.821739196777343750e+00,1.731325745582580566e+00
3.910686254501342773e+00,-7.199229598045349121e-01
6.542935967445373535e-01,2.111656516790390015e-01
9.893091320991516113e-01,-7.476304173469543457e-01
2.339012861251831055e+00,2.755881071090698242e+00
5.423882007598876953e-01,1.050628900527954102e+00
6.722221374511718750e-01,1.197448968887329102e-01
5.502187609672546387e-01,1.118291020393371582e+00
1.008613824844360352e+00,1.856779456138610840e+00
4.696988165378570557e-01,1.087299585342407227e+00
-1.147363781929016113e+00,-5.128833055496215820e-01
3.214700222015380859e+00,2.232211828231811523e+00
6.796264052391052246e-01,9.018160104751586914e-01
5.956080555915832520e-01,-1.711610853672027588e-01
2.740563154220581055e-01,-8.298497200012207031e-01
1.040233135223388672e+00,9.498223662376403809e-01
-7.460302114486694336e-01,-3.267539665102958679e-02
2.853372693061828613e-01,3.947299420833587646e-01
3.316581845283508301e-01,7.680689096450805664e-01
-1.657618880271911621e+00,1.363512992858886719e+00
-3.340745210647583008e+00,4.731854498386383057e-01
4.056941270828247070e-01,3.779314756393432617e-01
8.228839635848999023e-01,-1.832070589065551758e+00
1.628530025482177734e-01,2.369233965873718262e-01
-2.341627329587936401e-01,4.076096415519714355e-01
-2.683003187179565430e+00,-2.240804672241210938e+00
-2.228868484497070312e+00,5.396524667739868164e-01
-3.405680060386657715e-01,6.370863318443298340e-01
1.242640137672424316e+00,-1.628369688987731934e+00
1.253373980522155762e+00,1.434049487113952637e+00
1.038350701332092285e+00,5.349681973457336426e-01
9.371573925018310547e-01,-1.036644101142883301e+00
1.503505587577819824e+00,-3.522301435470581055e+00
-1.868658363819122314e-01,1.257588982582092285e+00
1.131043791770935059e+00,3.860373795032501221e-01
-2.860454022884368896e-01,2.620778679847717285e-01
4.403759837150573730e-01,-3.550030887126922607e-01
5.407982468605041504e-01,9.806328415870666504e-01
4.799658432602882385e-02,-3.256973624229431152e-01
-1.757528662681579590e+00,2.210256576538085938e+00
8.188953995704650879e-01,-1.402438402175903320e+00
-4.494168236851692200e-02,9.240964055061340332e-01
-1.208204030990600586e+00,1.084051609039306641e+00
9.693177044391632080e-02,-1.389495730400085449e+00
3.421213328838348389e-01,6.046258807182312012e-01
1.062483787536621094e+00,-2.101889848709106445e+00
-3.600052744150161743e-02,4.662547707557678223e-01
5.151466652750968933e-02,1.052665948867797852e+00
-5.004898309707641602e-01,1.173789501190185547e-01
-6.691607236862182617e-01,-1.246617674827575684e+00
-5.272255092859268188e-02,8.620590567588806152e-01
2.123694896697998047e+00,2.759037971496582031e+00
1.171184480190277100e-01,9.477302432060241699e-03
-4.162186682224273682e-01,-8.219093084335327148e-01
4.688012897968292236e-01,-3.945439755916595459e-01
5.215566754341125488e-01,6.812983006238937378e-02
1.216013908386230469e+00,5.648756027221679688e-01
9.525595903396606445e-01,4.080773890018463135e-01
2.393479943275451660e-01,-5.909049510955810547e-01
2.395328432321548462e-01,-3.570092022418975830e-01
4.422549307346343994e-01,1.076112151145935059e+00
1.699672341346740723e-01,1.250273227691650391e+00
9.073723554611206055e-01,1.120295763015747070e+00
3.391982614994049072e-01,1.109462857246398926e+00
-1.218640953302383423e-01,-2.811972796916961670e-01
1.032175540924072266e+00,-6.752844452857971191e-01
-2.751745581626892090e-01,-1.503259778022766113e+00
1.930467784404754639e-01,1.853938549757003784e-01
5.397163033485412598e-01,-8.439397215843200684e-01
1.310823112726211548e-01,2.771090567111968994e-01
1.134596168994903564e-01,5.245527625083923340e-02
6.644294857978820801e-01,-1.788903772830963135e-01
7.544468641281127930e-01,2.717232890427112579e-02
1.322671651840209961e+00,1.742614269256591797e+00
5.882337093353271484e-01,2.264010757207870483e-01
-2.663599252700805664e-01,1.390429437160491943e-01
2.906889915466308594e-01,7.665586471557617188e-01
6.739543080329895020e-01,1.041491627693176270e+00
5.064650177955627441e-01,-1.301771998405456543e+00
-3.647001981735229492e-01,3.315687477588653564e-01
-1.594490885734558105e+00,-6.963461041450500488e-01
-1.363346099853515625e+00,-2.722595691680908203e+00
1.034101724624633789e+00,-6.478151082992553711e-01
-1.731991648674011230e+00,-5.909103155136108398e-01
1.573507189750671387e-01,-3.026774153113365173e-02
1.619031429290771484e+00,-2.875844240188598633e-01
-1.978193998336791992e+00,1.125828027725219727e+00
-3.043399155139923096e-01,-1.587991833686828613e+00
5.063602924346923828e-01,-3.254815340042114258e-01
2.507200241088867188e-01,1.229921460151672363e+00
1.091163754463195801e+00,-9.355620741844177246e-01
-1.292796730995178223e-01,5.031902194023132324e-01
1.269866973161697388e-01,3.629990518093109131e-01
-8.968911767005920410e-01,2.339251279830932617e+00
3.683721423149108887e-01,1.153068184852600098e+00
1.807798743247985840e-01,8.393213152885437012e-02
4.757687151432037354e-01,1.044087767601013184e+00
2.396463155746459961e-01,1.945889294147491455e-01
6.521227359771728516e-01,6.770624518394470215e-01
5.710782408714294434e-01,9.012795090675354004e-01
4.335341155529022217e-01,1.104230403900146484e+00
1.291056036949157715e+00,5.294575095176696777e-01
-1.109657645225524902e+00,-2.721137523651123047e+00
3.857311606407165527e-02,2.218995541334152222e-01
5.119570493698120117e-01,-1.152200698852539062e+00
3.214700222015380859e+00,2.232211828231811523e+00
5.036857724189758301e-01,1.067661523818969727e+00
1.842531919479370117e+00,-6.066651344299316406e-01
-1.438057720661163330e-01,1.580863952636718750e+00
4.050155580043792725e-01,9.775598645210266113e-01
-2.425284624099731445e+00,-1.848915457725524902e+00
-2.449582219123840332e-01,-2.862258255481719971e-01
2.490221977233886719e+00,-4.072403907775878906e-01
1.320019006729125977e+00,-1.871460437774658203e+00
1.282484054565429688e+00,-4.770109653472900391e-01
7.291108369827270508e-01,-3.885674178600311279e-01
4.373263418674468994e-01,-3.699313998222351074e-01
2.018614768981933594e+00,7.119534611701965332e-01
3.996880054473876953e-01,-1.612275481224060059e+00
7.459552884101867676e-01,-2.200354263186454773e-02
4.375547468662261963e-01,-4.930675029754638672e-01
8.328250050544738770e-01,1.600073814392089844e+00
-6.955852732062339783e-04,-3.236210644245147705e-01
5.801804065704345703e-01,-7.504515051841735840e-01
6.103193759918212891e-01,-4.833071827888488770e-01
6.116022467613220215e-01,-6.463754773139953613e-01
-2.810738384723663330e-01,-1.704224944114685059e+00
4.132311344146728516e-01,1.008274555206298828e+00
-2.170790672302246094e+00,2.668360471725463867e-01
1.934790760278701782e-01,9.495611190795898438e-01
-1.279320120811462402e-01,5.173622965812683105e-01
2.256978511810302734e+00,-2.786468505859375000e+00
6.199177503585815430e-01,-3.661220788955688477e+00
-6.691607236862182617e-01,-1.246617674827575684e+00
3.748598694801330566e-01,-1.558278799057006836e+00
-1.277683377265930176e+00,-2.491666078567504883e+00
-1.800755038857460022e-02,4.958689808845520020e-01
8.070282936096191406e-01,1.938317716121673584e-01
7.216403484344482422e-01,1.050904989242553711e+00
-1.526082158088684082e+00,-1.343832015991210938e+00
5.940827131271362305e-01,9.211371541023254395e-01
1.214841842651367188e+00,2.038378953933715820e+00
1.841133460402488708e-02,1.336089491844177246e+00
-1.618177443742752075e-01,-1.555312633514404297e+00
6.794174909591674805e-01,-2.518641948699951172e+00
-3.524751067161560059e-01,3.129004240036010742e-01
6.234436035156250000e-01,1.002957820892333984e+00
1.168317675590515137e+00,-9.122679829597473145e-01
6.216614246368408203e-01,9.539176225662231445e-01
-3.150126338005065918e-02,9.765477180480957031e-01
7.349538803100585938e-01,-5.868008136749267578e-01
-1.302782535552978516e+00,5.803741216659545898e-01
-1.993435978889465332e+00,4.063797593116760254e-01
-8.471067547798156738e-01,-2.003450870513916016e+00
3.687776803970336914e+00,3.030712127685546875e+00
1.146977066993713379e+00,-1.293997049331665039e+00
3.456439077854156494e-01,1.172773241996765137e+00
2.251236587762832642e-01,5.757243633270263672e-01
-5.590045452117919922e-01,-8.502987623214721680e-01
1.211438298225402832e+00,-8.168076872825622559e-01
-1.075809717178344727e+00,-1.614691853523254395e+00
1.038387060165405273e+00,1.115063786506652832e+00
3.323980569839477539e-01,4.800784587860107422e-02
4.017522931098937988e-01,-5.551143884658813477e-01
1.250452399253845215e+00,-7.334532141685485840e-01
7.146288752555847168e-01,-2.618657052516937256e-01
3.584058880805969238e-01,1.158928036689758301e+00
9.150058031082153320e-01,-7.302912473678588867e-01
1.403458833694458008e+00,1.977740049362182617e+00
1.365772366523742676e+00,1.512605547904968262e+00
3.774324059486389160e-02,9.136292934417724609e-01
4.269120097160339355e-01,1.103197336196899414e+00
1.522647023200988770e+00,-1.676046729087829590e+00
1.005623102188110352e+00,3.181171119213104248e-01
-1.426374793052673340e+00,-1.422921061515808105e+00
-8.279036879539489746e-01,7.635422945022583008e-01
1.815991878509521484e+00,-1.289535164833068848e+00
-1.465824365615844727e+00,-1.238859653472900391e+00
8.506112098693847656e-01,1.424260258674621582e+00
-9.916269183158874512e-01,-3.932969272136688232e-01
-1.532759547233581543e+00,1.385956287384033203e+00
7.059628516435623169e-02,1.296805858612060547e+00
4.857645630836486816e-01,-7.405468821525573730e-01
1.001328706741333008e+00,-7.243114709854125977e-01
2.896807789802551270e-01,-1.081525802612304688e+00
-1.935993194580078125e+00,-9.973133802413940430e-01
1.091938614845275879e+00,-7.606719136238098145e-01
-3.550966382026672363e-01,-2.885382652282714844e+00
3.073350787162780762e-01,1.325903058052062988e+00
1.679705739021301270e+00,-1.903360009193420410e+00
1.883702874183654785e+00,2.839214086532592773e+00
4.961540997028350830e-01,-1.211715936660766602e+00
-8.279036879539489746e-01,7.635422945022583008e-01
4.050155580043792725e-01,9.775598645210266113e-01
1.289560198783874512e+00,-1.426190972328186035e+00
2.608377933502197266e-01,7.551656961441040039e-01
4.507618248462677002e-01,1.092667937278747559e+00
1.396903276443481445e+00,1.610573053359985352e+00
4.132522642612457275e-02,6.616134643554687500e-01
6.221699118614196777e-01,1.033601284027099609e+00
5.500108003616333008e-01,1.049055576324462891e+00
5.858320593833923340e-01,9.805426001548767090e-01
5.865427851676940918e-02,4.063492715358734131e-01
3.387915194034576416e-01,-1.753985285758972168e+00
5.726999044418334961e-01,1.127756834030151367e+00
7.810642719268798828e-01,-4.865073040127754211e-02
6.988064646720886230e-01,1.316557288169860840e+00
4.727704524993896484e-01,-6.010015010833740234e-01
-3.826265633106231689e-01,-6.489953994750976562e-01
-3.409982204437255859e+00,1.489448547363281250e+00
6.754646897315979004e-01,9.952293634414672852e-01
2.713331282138824463e-01,-2.341761738061904907e-01
-5.752211809158325195e-01,-1.633182913064956665e-01
9.603799134492874146e-02,-1.886896252632141113e+00
4.017522931098937988e-01,-5.551143884658813477e-01
8.861314654350280762e-01,1.178011059761047363e+00
5.849216580390930176e-01,-5.117946863174438477e-01
8.661859482526779175e-02,1.179099082946777344e+00
3.077349066734313965e-01,8.362876772880554199e-01
2.906972467899322510e-01,5.572098493576049805e-01
-2.425284624099731445e+00,-1.848915457725524902e+00
-2.198940515518188477e-01,-7.784227132797241211e-01
-1.171732544898986816e+00,3.640349507331848145e-01
2.856585383415222168e-01,2.696369886398315430e-01
-5.855898261070251465e-01,9.739190340042114258e-01
1.386820971965789795e-01,-1.018366813659667969e+00
2.878704071044921875e-01,-3.700264692306518555e+00
3.511519134044647217e-01,1.137605190277099609e+00
-1.618975996971130371e+00,-8.378819227218627930e-01
3.511519134044647217e-01,1.137605190277099609e+00
6.655461192131042480e-01,6.841759085655212402e-01
4.675703644752502441e-01,8.750271201133728027e-01
3.556892573833465576e-01,1.038108587265014648e+00
5.917446613311767578e-01,-9.163306951522827148e-01
1.681803315877914429e-01,2.026946097612380981e-01
4.654774963855743408e-01,-3.959941267967224121e-01
-1.886667966842651367e+00,-2.313610315322875977e+00
7.763849496841430664e-01,-2.117923051118850708e-01
1.008862257003784180e+00,-6.571807861328125000e-01
2.886574268341064453e-01,1.536726951599121094e-01
2.396463155746459961e-01,1.945889294147491455e-01
2.038219451904296875e+00,1.265017509460449219e+00
8.873225003480911255e-02,6.332195550203323364e-02
5.993641614913940430e-01,-1.119921088218688965e+00
1.174374818801879883e+00,6.018542051315307617e-01
-2.028863579034805298e-01,2.695029377937316895e-01
3.941479325294494629e-01,1.101380825042724609e+00
-1.105420812964439392e-01,-1.253235340118408203e-01
5.423882007598876953e-01,1.050628900527954102e+00
-1.316697001457214355e+00,-8.799872398376464844e-01
-2.023111343383789062e+00,2.566317841410636902e-02
7.153456211090087891e-01,-1.118269801139831543e+00
3.894990384578704834e-01,-1.063418507575988770e+00
5.752049684524536133e-01,9.507936239242553711e-01
8.818579316139221191e-01,-2.744825482368469238e-01
8.794371485710144043e-01,-5.187112092971801758e-01
1.476620286703109741e-01,-9.043847322463989258e-01
3.651536405086517334e-01,1.867753386497497559e+00
6.451154351234436035e-01,2.036969661712646484e-01
6.946788430213928223e-01,9.101508855819702148e-01
-2.170790672302246094e+00,2.668360471725463867e-01
1.839575171470642090e+00,-2.177938938140869141e+00
1.980727612972259521e-01,1.738439947366714478e-01
3.805292844772338867e-01,-5.976904034614562988e-01
1.565861225128173828e+00,2.139589786529541016e+00
4.617666900157928467e-01,-2.848675966262817383e+00
4.975859820842742920e-01,-1.089249849319458008e+00
1.427019596099853516e+00,-1.573073863983154297e+00
-1.187868043780326843e-01,-7.457704842090606689e-02
-3.774933516979217529e-01,4.057925641536712646e-01
1.587002128362655640e-01,6.935659646987915039e-01
1.439965844154357910e+00,2.326733350753784180e+00
1.842531919479370117e+00,-6.066651344299316406e-01
2.234775722026824951e-01,-1.004319071769714355e+00
-1.615660429000854492e+00,-1.494830965995788574e+00
-4.725441932678222656e-01,2.061502635478973389e-01
5.524665713310241699e-01,1.118345141410827637e+00
1.465880632400512695e+00,6.266648173332214355e-01
5.223404765129089355e-01,1.113198995590209961e+00
5.627390146255493164e-01,-1.298979043960571289e+00
1.404515981674194336e+00,-1.485911607742309570e+00
1.716822624206542969e+00,-4.205355644226074219e+00
3.283694982528686523e-01,4.007960110902786255e-02
1.259083151817321777e-01,3.584048151969909668e-01
2.891833484172821045e-01,-7.475914359092712402e-01
1.238366365432739258e+00,-1.380986213684082031e+00
-1.096931815147399902e+00,-1.573984175920486450e-01
6.993569135665893555e-01,-5.265867114067077637e-01
1.298736453056335449e+00,7.307143807411193848e-01
5.885565280914306641e+00,-2.201122194528579712e-01
-5.331199765205383301e-01,1.037837386131286621e+00
9.414889812469482422e-01,9.490516185760498047e-01
8.679168820381164551e-01,-1.010747313499450684e+00
8.801996111869812012e-01,1.274210095405578613e+00
5.379794836044311523e-01,1.115113854408264160e+00
-1.438283920288085938e-01,4.048705995082855225e-01
1.980727612972259521e-01,1.738439947366714478e-01
3.177213668823242188e+00,-2.305314779281616211e+00
-1.460554264485836029e-02,1.002044796943664551e+00
1.077865004539489746e+00,2.889184653759002686e-01
1.509773612022399902e+00,-1.624280810356140137e+00
1.046293973922729492e+00,3.330163955688476562e-01
2.313396215438842773e+00,-2.786514997482299805e+00
2.896807789802551270e-01,-1.081525802612304688e+00
-4.891155958175659180e-01,3.306172192096710205e-01
7.903468608856201172e-01,-6.269772350788116455e-02
1.271144151687622070e+00,8.247346282005310059e-01
-1.694722414016723633e+00,9.207038283348083496e-01
6.782884001731872559e-01,2.496877312660217285e-02
4.618495702743530273e-01,-4.353518784046173096e-01
-1.114931344985961914e+00,-2.088220864534378052e-01
-7.229754924774169922e-01,-6.256365776062011719e-01
9.709318280220031738e-01,7.078498005867004395e-01
5.447522997856140137e-01,9.146425724029541016e-01
8.792216777801513672e-01,-1.156286746263504028e-01
3.145240545272827148e-01,-2.953967809677124023e+00
-6.670182347297668457e-01,-5.668417811393737793e-01
1.926832199096679688e-01,1.194550633430480957e+00
-1.218640953302383423e-01,-2.811972796916961670e-01
4.902028441429138184e-01,9.053627848625183105e-01
1.892578154802322388e-01,2.039563059806823730e-01
1.128458023071289062e+00,-1.375912308692932129e+00
1.510276317596435547e+00,-8.277845978736877441e-01
-1.222375512123107910e+00,-2.324809506535530090e-02
4.184184968471527100e-01,-3.923972845077514648e-01
1.111543104052543640e-01,1.458220720291137695e+00
-3.149300813674926758e+00,-1.300797760486602783e-01
1.357981562614440918e+00,-8.457089066505432129e-01
-2.119034767150878906e+00,1.955749034881591797e+00
-2.152261734008789062e+00,-3.416895568370819092e-01
-6.089069843292236328e-01,-6.053034663200378418e-01
1.201660633087158203e+00,9.736833572387695312e-01
1.565861225128173828e+00,2.139589786529541016e+00
4.548501372337341309e-01,-3.548537492752075195e-01
8.599090576171875000e-01,2.528370022773742676e-01
2.297005891799926758e+00,6.034530401229858398e-01
9.308862090110778809e-01,1.775889515876770020e+00
7.727721929550170898e-01,1.573968291282653809e+00
3.000640571117401123e-01,3.683364987373352051e-01
-3.865396082401275635e-01,-1.299059033393859863e+00
-9.665017127990722656e-01,-8.256638050079345703e-02
2.471396207809448242e+00,-1.601395010948181152e+00
1.847255229949951172e+00,6.954175829887390137e-01
2.856585383415222168e-01,2.696369886398315430e-01
-3.008312582969665527e-01,2.695074379444122314e-01
2.860790193080902100e-01,-3.404779136180877686e-01
1.820847690105438232e-01,3.931662142276763916e-01
1.784543037414550781e+00,-2.141318559646606445e+00
2.518462538719177246e-01,-3.379545733332633972e-02
-7.009961009025573730e-01,-5.217347145080566406e-01
-8.897049427032470703e-01,-4.457548260688781738e-01
6.736368536949157715e-01,-7.292891144752502441e-01
6.993569135665893555e-01,-5.265867114067077637e-01
4.675703644752502441e-01,8.750271201133728027e-01
8.417460322380065918e-01,-2.415204286575317383e+00
1.136147901415824890e-01,3.595349192619323730e-01
2.462647557258605957e-01,7.566536068916320801e-01
6.843215227127075195e-01,8.698633909225463867e-01
3.712309002876281738e-01,-1.345517992973327637e+00
-6.043046712875366211e-02,-5.430012941360473633e-03
-2.388137429952621460e-01,-1.337170600891113281e+00
-5.128376483917236328e-01,-1.486093044281005859e+00
5.980238318443298340e-01,-1.128060340881347656e+00
1.286387205123901367e+00,1.845302343368530273e+00
-4.319289028644561768e-01,-6.896779537200927734e-01
1.473273634910583496e-01,7.137650251388549805e-01
-1.655539035797119141e+00,-6.153651475906372070e-01
1.872622132301330566e+00,-8.603003621101379395e-02
9.126282334327697754e-01,-1.017956733703613281e+00
-1.470855593681335449e+00,-4.478088617324829102e-01
-1.475842952728271484e+00,-5.701743364334106445e-01
9.964878559112548828e-01,7.054840326309204102e-01
6.029131412506103516e-01,1.289255380630493164e+00
5.240363478660583496e-01,-6.857753992080688477e-01
4.671230018138885498e-01,1.164225220680236816e+00
1.549061059951782227e+00,2.873122930526733398e+00
5.260406732559204102e-01,9.889601469039916992e-01
1.088036298751831055e+00,5.889989733695983887e-01
6.110335588455200195e-01,9.826041460037231445e-01
9.255280494689941406e-01,1.240685224533081055e+00
1.210758328437805176e+00,-3.204263374209403992e-02
9.479281306266784668e-01,1.787946343421936035e+00
1.650688946247100830e-01,-5.498029589653015137e-01
2.989291548728942871e-01,1.286603331565856934e+00
1.539752483367919922e+00,-3.115527629852294922e+00
1.892578154802322388e-01,2.039563059806823730e-01
2.458469569683074951e-01,-1.533406376838684082e-01
-1.401397228240966797e+00,-4.305042326450347900e-01
3.360951840877532959e-01,-9.225001335144042969e-01
1.728087306022644043e+00,-3.493683636188507080e-01
-1.109426975250244141e+00,-3.096827268600463867e-01
-2.234413623809814453e-01,1.497999578714370728e-01
4.524148106575012207e-01,9.010385274887084961e-01
1.062483787536621094e+00,-2.101889848709106445e+00
1.685223132371902466e-01,4.149294644594192505e-02
1.529792547225952148e+00,-5.117210149765014648e-01
-9.464813470840454102e-01,-1.014936208724975586e+00
1.008608341217041016e+00,1.423157334327697754e+00
-1.883512377738952637e+00,1.622003197669982910e+00
-2.418402194976806641e+00,7.899727821350097656e-01
4.282873868942260742e-01,-1.539868950843811035e+00
6.565881371498107910e-01,7.350697517395019531e-01
-1.747016608715057373e-01,5.584986209869384766e-01
-3.806297183036804199e-01,4.184749424457550049e-01
-2.004828900098800659e-01,4.432213902473449707e-01
1.619031429290771484e+00,-2.875844240188598633e-01
8.167429566383361816e-01,3.433942794799804688e-01
1.255757212638854980e-01,-3.209081590175628662e-01
2.335173606872558594e+00,-1.089418768882751465e+00
-2.701821327209472656e-01,1.222447305917739868e-01
1.231399178504943848e+00,-9.658402204513549805e-01
2.787749290466308594e+00,-1.771769165992736816e+00
5.437238812446594238e-01,-2.487494230270385742e+00
5.468124151229858398e-01,9.989548325538635254e-01
2.094872713088989258e+00,-2.103492021560668945e+00
2.539205551147460938e-01,-1.046524524688720703e+00
1.479682475328445435e-01,1.074647009372711182e-01
1.311558008193969727e+00,-7.906170487403869629e-01
1.559719920158386230e+00,7.516845464706420898e-01
8.277897834777832031e-01,-2.995845675468444824e-01
1.011051893234252930e+00,-3.481562435626983643e-01
-2.435472756624221802e-01,5.662569776177406311e-02
1.216013908386230469e+00,5.648756027221679688e-01
3.616407513618469238e-01,4.961408376693725586e-01
-7.115208506584167480e-01,-1.792170643806457520e+00
6.794174909591674805e-01,-2.518641948699951172e+00
1.839310884475708008e+00,1.409681558609008789e+00
7.541757822036743164e-01,1.170110821723937988e+00
-2.793038189411163330e-01,1.239488571882247925e-01
5.801804065704345703e-01,-7.504515051841735840e-01
1.698217988014221191e-01,-5.924362540245056152e-01
2.261059135198593140e-01,1.341626763343811035e+00
6.730151176452636719e-01,6.922305226325988770e-01
1.852452278137207031e+00,-2.804610133171081543e-01
6.831933259963989258e-01,-1.812578797340393066e+00
5.536977052688598633e-01,-9.921145439147949219e-01
-4.326075017452239990e-01,-6.579060852527618408e-02
1.596870720386505127e-01,-4.111687839031219482e-01
1.232766389846801758e+00,-3.624414920806884766e+00
3.497776687145233154e-01,-6.115122437477111816e-01
3.270846009254455566e-01,-1.146675497293472290e-01
-5.368500947952270508e-01,6.158534884452819824e-01
5.216578245162963867e-01,1.156351447105407715e+00
2.583411037921905518e-01,7.666439414024353027e-01
4.100573956966400146e-01,1.106236696243286133e+00
1.232910633087158203e+00,-7.087028026580810547e-01
2.086979597806930542e-01,2.451703548431396484e-01
-3.065705001354217529e-01,-1.974342703819274902e+00
1.374070525169372559e+00,5.968499183654785156e-01
-1.771307229995727539e+00,1.936157941818237305e+00
6.320351362228393555e-01,9.567077457904815674e-02
2.548713445663452148e+00,1.768345952033996582e+00
1.672861099243164062e+00,8.590900301933288574e-01
3.499702215194702148e-01,4.130718708038330078e-01
-2.709800899028778076e-01,-1.569260239601135254e+00
3.792551457881927490e-01,7.718345522880554199e-02
3.739433884620666504e-01,1.405430734157562256e-01
4.097149372100830078e-01,1.175037741661071777e+00
3.630923032760620117e-01,-1.032369852066040039e+00
1.243430495262145996e+00,-7.150984406471252441e-01
2.533640563488006592e-01,1.125291109085083008e+00
2.330068349838256836e-01,-4.026412963867187500e-03
1.094883680343627930e+00,-1.503185510635375977e+00
4.655714631080627441e-01,1.052185654640197754e+00
1.312986612319946289e+00,1.578761458396911621e+00
7.899037599563598633e-01,-2.143911838531494141e+00
2.180492877960205078e-02,2.446185797452926636e-01
1.339891672134399414e+00,1.083289861679077148e+00
1.130788683891296387e+00,-7.615534663200378418e-01
-4.512745141983032227e-01,5.028473585844039917e-02
-1.084677204489707947e-01,1.176164031028747559e+00
6.997331380844116211e-01,1.230459451675415039e+00
-8.959841132164001465e-01,-6.178799271583557129e-01
-1.345617532730102539e+00,-1.984165787696838379e+00
4.615628123283386230e-01,1.420693993568420410e-01
1.608035445213317871e+00,-1.200696110725402832e+00
3.785734176635742188e-01,9.874902367591857910e-01
4.111654460430145264e-01,1.020474672317504883e+00
1.415270686149597168e+00,2.292816400527954102e+00
5.384913086891174316e-01,-4.969486594200134277e-01
3.924723267555236816e-01,-3.518733978271484375e-01
5.481326580047607422e-01,-8.222486376762390137e-01
3.848590850830078125e-01,9.039297103881835938e-01
1.331913322210311890e-01,1.414323925971984863e+00
8.672018051147460938e-01,1.689686179161071777e+00
-9.024910926818847656e-01,-5.335801243782043457e-01
7.411649227142333984e-01,3.000298738479614258e-01
7.682262659072875977e-01,-3.679693043231964111e-01
-1.199955046176910400e-01,4.997516274452209473e-01
1.005623102188110352e+00,3.181171119213104248e-01
-3.369903191924095154e-02,3.040316700935363770e-01
1.255435943603515625e+00,1.907877445220947266e+00
5.849216580390930176e-01,-5.117946863174438477e-01
2.863578200340270996e-01,-8.033219575881958008e-01
1.475317031145095825e-01,-2.794760227203369141e+00
-6.539885401725769043e-01,1.474247872829437256e-01
2.396113276481628418e-01,-9.027400016784667969e-01
-3.729154765605926514e-01,5.007001161575317383e-01
-7.475478649139404297e-01,-2.443713992834091187e-01
-9.481111913919448853e-02,-1.566112637519836426e+00
-3.519725799560546875e-01,4.676392674446105957e-01
-4.586661607027053833e-02,-3.362638950347900391e-01
-2.494979351758956909e-01,-1.154380559921264648e+00
-1.029054760932922363e+00,-5.157209038734436035e-01
-9.916269183158874512e-01,-3.932969272136688232e-01
-3.578475236892700195e+00,5.493471026420593262e-01
1.062718987464904785e+00,-7.676538825035095215e-01
-1.043825149536132812e+00,-5.521924495697021484e-01
-4.852755367755889893e-01,9.915681481361389160e-01
5.850885510444641113e-01,9.198482632637023926e-01
4.142862260341644287e-01,-7.694709300994873047e-02
9.892299175262451172e-01,2.118259191513061523e+00
8.794371485710144043e-01,-5.187112092971801758e-01
6.734696030616760254e-01,1.373799443244934082e-01
-4.569985270500183105e-01,-3.762889802455902100e-01
8.327800631523132324e-01,-4.631354287266731262e-02
1.357860445976257324e+00,1.735151171684265137e+00
1.281579583883285522e-01,5.404118448495864868e-02
4.538438618183135986e-01,1.107303977012634277e+00
1.655498385429382324e+00,5.885595083236694336e-01
5.790994763374328613e-01,1.033137321472167969e+00
1.504004836082458496e+00,1.950858712196350098e+00
-2.104028463363647461e-01,1.488125920295715332e-01
-2.874072790145874023e+00,-1.363061547279357910e+00
1.509773612022399902e+00,-1.624280810356140137e+00
8.146167397499084473e-01,1.181238770484924316e+00
-3.183877170085906982e-01,4.269191920757293701e-01
3.723120093345642090e-01,-5.566781163215637207e-01
8.679168820381164551e-01,-1.010747313499450684e+00
1.558184623718261719e+00,-9.330241680145263672e-01
-2.752389311790466309e-01,-2.304245159029960632e-02
-4.183070659637451172e-01,-1.425686955451965332e+00
-7.630217075347900391e-01,-2.009556293487548828e+00
6.748080253601074219e-01,9.795773625373840332e-01
8.298761248588562012e-01,7.022807002067565918e-01
-1.890105605125427246e-01,-1.923319995403289795e-01
7.881105542182922363e-01,-1.066008925437927246e+00
-1.971230059862136841e-01,1.564698815345764160e-01
-7.009961009025573730e-01,-5.217347145080566406e-01
-1.521981000900268555e+00,-7.585006952285766602e-01
8.070282936096191406e-01,1.938317716121673584e-01
-8.828441053628921509e-02,-1.069793105125427246e-01
1.205859184265136719e+00,1.668220996856689453e+00
-2.507331609725952148e+00,-7.293485403060913086e-01
2.938121557235717773e+00,-1.262868165969848633e+00
1.048889279365539551e+00,-6.643514633178710938e-01
-1.163444042205810547e+00,-7.930195927619934082e-01
6.030576825141906738e-01,1.079473853111267090e+00
1.132640719413757324e+00,1.437996387481689453e+00
4.959480464458465576e-01,1.055920720100402832e+00
1.389104966074228287e-02,8.655047416687011719e-01
-7.630217075347900391e-01,-2.009556293487548828e+00
1.052012920379638672e+00,-1.086149096488952637e+00
8.207964897155761719e-01,-2.948231995105743408e-01
-5.163360834121704102e-01,1.104267001152038574e+00
1.004508614540100098e+00,-1.309726715087890625e+00
2.623372077941894531e-01,-9.447684288024902344e-01
-2.990611076354980469e+00,-1.137697935104370117e+00
1.001328706741333008e+00,-7.243114709854125977e-01
3.582610785961151123e-01,4.229836165904998779e-01
9.466991424560546875e-01,-1.759868621826171875e+00
6.109755039215087891e-01,1.055350065231323242e+00
-2.273092046380043030e-02,6.473811268806457520e-01
1.864823400974273682e-01,7.211887836456298828e-02
3.712309002876281738e-01,-1.345517992973327637e+00
6.249956488609313965e-01,-6.033533811569213867e-01
-2.679074406623840332e-01,5.154926180839538574e-01
1.443358182907104492e+00,-1.180393338203430176e+00
4.209319353103637695e-01,-5.933482646942138672e-01
3.416404426097869873e-01,5.457714796066284180e-01
-4.671097755432128906e+00,7.271451354026794434e-01
6.449671387672424316e-01,9.815560579299926758e-01
3.472880423069000244e-01,1.158065080642700195e+00
4.795716404914855957e-01,-1.425829887390136719e+00
1.495638251304626465e+00,-9.346671700477600098e-01
-3.264888286590576172e+00,-7.101107835769653320e-01
7.904993295669555664e-01,-1.092925548553466797e+00
5.323504209518432617e-01,1.264072060585021973e+00
-2.449146211147308350e-01,6.255924105644226074e-01
6.165044307708740234e-01,6.031883955001831055e-01
-3.409982204437255859e+00,1.489448547363281250e+00
-1.618177443742752075e-01,-1.555312633514404297e+00
1.066205263137817383e+00,-6.621425747871398926e-01
-1.042365670204162598e+00,-6.742788553237915039e-01
1.365772366523742676e+00,1.512605547904968262e+00
-1.052911520004272461e+00,-4.138536155223846436e-01
-1.615660429000854492e+00,-1.494830965995788574e+00
-9.659648872911930084e-03,4.799572825431823730e-01
-4.725441932678222656e-01,2.061502635478973389e-01
3.949560821056365967e-01,1.025336742401123047e+00
6.975572109222412109e-01,-7.492546737194061279e-02
1.133818507194519043e+00,-6.709284186363220215e-01
5.689308643341064453e-01,-5.398433282971382141e-02
5.983365178108215332e-01,-3.909343779087066650e-01
-3.340745210647583008e+00,4.731854498386383057e-01
9.798684120178222656e-01,1.710233688354492188e+00
6.493899822235107422e-01,-8.840874433517456055e-01
1.740087032318115234e+00,-1.072278618812561035e+00
2.940522134304046631e-01,-5.491880699992179871e-02
1.469501733779907227e+00,1.567208766937255859e-02
2.386069148778915405e-01,1.160512685775756836e+00
-8.998338580131530762e-01,-8.505740761756896973e-01
7.226127386093139648e-01,-1.939659118652343750e+00
9.448444098234176636e-02,6.852539777755737305e-01
-2.984593808650970459e-01,3.347987681627273560e-02
4.694755971431732178e-01,1.114309549331665039e+00
1.208869338035583496e+00,-2.063371658325195312e+00
-1.503525614738464355e+00,1.192627996206283569e-01
-2.805885314941406250e+00,1.920161724090576172e+00
8.172079324722290039e-01,-2.397310882806777954e-01
-1.367850601673126221e-01,-1.533912658691406250e+00
-5.596891641616821289e-01,1.178370833396911621e+00
8.358319997787475586e-01,6.469996571540832520e-01
6.108200550079345703e-01,7.319179773330688477e-01
2.731294333934783936e-01,-5.331556200981140137e-01
2.372949719429016113e-01,1.856845319271087646e-01
2.912990331649780273e+00,-4.490356922149658203e+00
6.153965592384338379e-01,1.520103812217712402e+00
-2.471634626388549805e+00,-4.563620090484619141e+00
-5.835105419158935547e+00,-1.351511240005493164e+00
-2.503798604011535645e-01,-8.270825743675231934e-01
-2.351344227790832520e-01,-5.977542400360107422e-01
1.420662850141525269e-01,1.709047406911849976e-01
-3.316788747906684875e-02,-2.176881879568099976e-01
-1.312203168869018555e+00,-5.241824984550476074e-01
1.055748701095581055e+00,-6.433923840522766113e-01
-1.897576153278350830e-01,1.890869066119194031e-02
1.742170214653015137e+00,5.054221749305725098e-01
3.765407018363475800e-03,-3.188663721084594727e-01
1.191480755805969238e+00,-6.356275081634521484e-02
1.270087957382202148e+00,-1.282282233238220215e+00
8.135125041007995605e-01,-1.810663491487503052e-01
-3.728551566600799561e-01,4.364074766635894775e-01
-1.416214227676391602e+00,-1.237425088882446289e+00
5.293303728103637695e-01,1.071369647979736328e+00
7.465546578168869019e-02,1.390113830566406250e+00
5.098226666450500488e-01,1.063511729240417480e+00
4.384716153144836426e-01,1.089310169219970703e+00
-2.649528741836547852e+00,-4.747905731201171875e-01
1.390779852867126465e+00,8.704431354999542236e-02
1.710253357887268066e+00,3.231746703386306763e-02
4.651899039745330811e-01,-1.167160153388977051e+00
4.229803010821342468e-02,2.954781055450439453e-01
3.612586855888366699e-01,-3.702087998390197754e-01
3.110175848007202148e+00,1.180535316467285156e+00
1.096331119537353516e+00,-1.898365616798400879e+00
4.097149372100830078e-01,1.175037741661071777e+00
3.941207885742187500e+00,-1.684638977050781250e+00
2.528106212615966797e+00,1.966558933258056641e+00
1.841133460402488708e-02,1.336089491844177246e+00
1.147519946098327637e+00,-7.099629640579223633e-01
-1.708948463201522827e-01,5.504243373870849609e-01
1.490145444869995117e+00,5.991436839103698730e-01
1.999489665031433105e-01,1.338764280080795288e-01
-3.772653937339782715e-01,-2.204071432352066040e-01
4.655714631080627441e-01,1.052185654640197754e+00
-1.438283920288085938e-01,4.048705995082855225e-01
-3.774454817175865173e-04,-4.547525048255920410e-01
7.187710404396057129e-01,-8.930113911628723145e-02
-5.834024548530578613e-01,2.779878973960876465e-01
-1.084418818354606628e-01,-9.367204308509826660e-01
-5.834024548530578613e-01,2.779878973960876465e-01
-1.971560955047607422e+00,1.911176562309265137e+00
6.754646897315979004e-01,9.952293634414672852e-01
9.932556748390197754e-01,-1.010646820068359375e+00
1.999489665031433105e-01,1.338764280080795288e-01
1.143058180809020996e+00,1.551083564758300781e+00
-1.879425346851348877e-01,-1.752713620662689209e-01
8.317288756370544434e-01,7.783581018447875977e-01
1.188780665397644043e+00,2.083936929702758789e+00
-7.522151619195938110e-02,1.127658486366271973e+00
-1.045727491378784180e+00,-6.531634926795959473e-01
4.937450885772705078e-01,1.084043025970458984e+00
3.525993525981903076e-01,-6.180015802383422852e-01
-2.054387331008911133e-02,-1.005123734474182129e+00
4.149983525276184082e-01,-5.808594226837158203e-01
2.800313830375671387e-01,1.221687674522399902e+00
6.790239810943603516e-01,-4.954372644424438477e-01
1.001306295394897461e+00,6.548010110855102539e-01
9.948834180831909180e-01,-2.142013549804687500e+00
8.133391141891479492e-01,1.386811733245849609e+00
-7.636413723230361938e-02,7.295124232769012451e-02
3.804066777229309082e-02,1.119108438491821289e+00
9.289331436157226562e-01,-1.783550143241882324e+00
-8.948773890733718872e-02,5.837744474411010742e-01
-2.488770484924316406e+00,-1.711671113967895508e+00
7.206676006317138672e-01,1.288158535957336426e+00
2.578231394290924072e-01,1.237160086631774902e+00
7.777595892548561096e-04,1.287491559982299805e+00
-2.009895324707031250e+00,-1.713639259338378906e+00
-5.325800180435180664e-01,5.270928740501403809e-01
-2.321155071258544922e+00,-1.883750200271606445e+00
-2.401950836181640625e+00,1.711308121681213379e+00
4.921810030937194824e-01,1.201437473297119141e+00
6.280915737152099609e-01,1.507869064807891846e-01
-1.279320120811462402e-01,5.173622965812683105e-01
5.081463456153869629e-01,1.056596159934997559e+00
-2.181937545537948608e-01,5.275846719741821289e-01
5.579722672700881958e-02,7.691679894924163818e-02
5.908448696136474609e-01,2.538865208625793457e-01
-2.471634626388549805e+00,-4.563620090484619141e+00
-3.642394542694091797e-01,-1.526134252548217773e+00
8.166213035583496094e-01,1.106939554214477539e+00
-1.276094198226928711e+00,-2.628782093524932861e-01
-2.723914682865142822e-01,8.583256602287292480e-02
2.731452584266662598e-01,1.155139207839965820e+00
-2.323360919952392578e+00,-1.381806969642639160e+00
1.050368547439575195e+00,-7.622787356376647949e-01
-1.109657645225524902e+00,-2.721137523651123047e+00
-2.378858029842376709e-01,8.102250099182128906e-01
4.932965040206909180e-01,-5.527729392051696777e-01
5.214430689811706543e-01,8.406589627265930176e-01
5.481449365615844727e-01,1.108180999755859375e+00
6.814457178115844727e-01,-6.344803571701049805e-01
-4.537973105907440186e-01,5.565482378005981445e-01
-6.631779670715332031e-01,3.953104317188262939e-01
2.224115610122680664e+00,1.606857895851135254e+00
1.466566920280456543e-01,-2.198272496461868286e-01
5.719857215881347656e-01,-4.069683551788330078e-01
-3.272874653339385986e-01,8.587269186973571777e-01
4.142862260341644287e-01,-7.694709300994873047e-02
2.832303524017333984e+00,-1.676924467086791992e+00
9.348835349082946777e-01,-4.419628977775573730e-01
-1.747016608715057373e-01,5.584986209869384766e-01
-1.350710988044738770e+00,-3.110487699508666992e+00
-1.918941378593444824e+00,1.543421268463134766e+00
5.240363478660583496e-01,-6.857753992080688477e-01
2.767473161220550537e-01,3.230722993612289429e-02
-3.838925063610076904e-02,-2.266854196786880493e-01
4.961700737476348877e-01,7.142540216445922852e-01
-3.591201782226562500e+00,1.839603036642074585e-01
-1.177636861801147461e+00,-4.664523601531982422e-01
-1.521981000900268555e+00,-7.585006952285766602e-01
-1.295824766159057617e+00,1.291647195816040039e+00
9.973970651626586914e-01,-1.430209398269653320e+00
9.190068840980529785e-01,-1.927371382713317871e+00
-5.163360834121704102e-01,1.104267001152038574e+00
6.543459296226501465e-01,-4.162040352821350098e-01
1.036773562431335449e+00,-1.867899656295776367e+00
-4.255525469779968262e-01,7.265777587890625000e-01
-1.149765968322753906e+00,-7.977042794227600098e-01
5.580270886421203613e-01,1.017823576927185059e+00
2.761293947696685791e-02,-1.059518605470657349e-01
4.221105575561523438e-01,1.050062298774719238e+00
7.671269774436950684e-01,-7.340908050537109375e-01
-1.791463017463684082e+00,1.786505818367004395e+00
-1.385059803724288940e-01,4.677847325801849365e-01
4.850922822952270508e-01,1.125668644905090332e+00
1.584399640560150146e-01,6.968605518341064453e-01
-8.300650119781494141e-01,-1.855005741119384766e+00
3.802822530269622803e-01,1.307319521903991699e+00
4.444549083709716797e-01,-1.855793446302413940e-01
1.106731057167053223e+00,-1.068306088447570801e+00
-2.063649654388427734e+00,1.492048740386962891e+00
6.173127889633178711e-01,-1.471034288406372070e+00
9.064464569091796875e-01,6.976981759071350098e-01
2.737700045108795166e-01,-5.040146410465240479e-03
1.776809804141521454e-03,6.610924005508422852e-02
-2.507331609725952148e+00,-7.293485403060913086e-01
-5.249896273016929626e-02,4.936950802803039551e-01
-7.746470570564270020e-01,-1.825284063816070557e-01
5.579722672700881958e-02,7.691679894924163818e-02
6.076716184616088867e-01,-1.181399464607238770e+00
3.982506692409515381e-01,1.005997657775878906e-01
4.238010644912719727e-01,1.140655159950256348e+00
9.483446478843688965e-01,4.220443591475486755e-02
2.743424475193023682e-01,-1.102553725242614746e+00
-6.734570860862731934e-02,7.557191252708435059e-01
9.760575294494628906e-01,-8.961501121520996094e-01
4.090613424777984619e-01,-3.955837190151214600e-01
1.026730418205261230e+00,1.635908484458923340e+00
1.677201747894287109e+00,-2.048362970352172852e+00
3.161901533603668213e-01,-8.602304458618164062e-01
2.021102666854858398e+00,-1.106097936630249023e+00
-8.870752453804016113e-01,-7.398533821105957031e-01
5.373113155364990234e-01,9.481816291809082031e-01
-1.585695743560791016e+00,2.169308662414550781e+00
1.239940881729125977e+00,2.034228324890136719e+00
3.909304141998291016e-01,-2.684403061866760254e-01
-1.695953309535980225e-01,9.670801460742950439e-02
3.470203578472137451e-01,1.208094120025634766e+00
-6.161748766899108887e-01,-2.162151813507080078e+00
-7.229754924774169922e-01,-6.256365776062011719e-01
1.326868295669555664e+00,2.600764930248260498e-01
1.452768564224243164e+00,1.693516492843627930e+00
-5.835105419158935547e+00,-1.351511240005493164e+00
-3.203307092189788818e-01,-1.529408931732177734e+00
9.931417703628540039e-01,-9.758937358856201172e-01
5.942203402519226074e-01,9.939887523651123047e-01
6.834335923194885254e-01,-5.334268212318420410e-01
1.699672341346740723e-01,1.250273227691650391e+00
-8.244108557701110840e-01,-1.177597522735595703e+00
1.155651569366455078e+00,1.688842892646789551e+00
-3.408734798431396484e-01,-3.046808838844299316e-01
2.472279667854309082e-01,-2.260594129562377930e+00
-7.955249547958374023e-01,-1.506020724773406982e-01
-2.543004751205444336e-01,4.736261069774627686e-01
-1.831651210784912109e+00,-1.435472965240478516e+00
-2.028863579034805298e-01,2.695029377937316895e-01
-1.157238110899925232e-01,4.886021614074707031e-01
-1.044592738151550293e+00,1.164429187774658203e+00
-1.768580824136734009e-01,-1.116147935390472412e-01
-3.369903191924095154e-02,3.040316700935363770e-01
8.937270045280456543e-01,1.348240494728088379e+00
2.092576265335083008e+00,-2.499152898788452148e+00
-2.253124862909317017e-01,-1.529312968254089355e+00
1.883702874183654785e+00,2.839214086532592773e+00
2.605662584304809570e+00,1.018369555473327637e+00
-2.984569549560546875e+00,8.873447775840759277e-01
2.202826440334320068e-01,5.915481224656105042e-02
4.303629696369171143e-01,1.344955801963806152e+00
-4.820233881473541260e-01,-2.518352270126342773e+00
-1.757528662681579590e+00,2.210256576538085938e+00
2.217206716537475586e+00,-1.801681041717529297e+00
1.227745532989501953e+00,-1.379816889762878418e+00
4.711593091487884521e-01,-4.196428358554840088e-01
-3.596561551094055176e-01,-1.616477251052856445e+00
-1.606265455484390259e-02,-2.154150232672691345e-02
3.246726274490356445e+00,-1.063991427421569824e+00
2.152235746383666992e+00,1.503337383270263672e+00
1.032175540924072266e+00,-6.752844452857971191e-01
1.077435135841369629e+00,4.234853982925415039e-01
2.595573365688323975e-01,7.336121797561645508e-01
1.096331119537353516e+00,-1.898365616798400879e+00
-2.709800899028778076e-01,-1.569260239601135254e+00
4.603716731071472168e-02,6.046851277351379395e-01
3.421213328838348389e-01,6.046258807182312012e-01
-4.183070659637451172e-01,-1.425686955451965332e+00
-1.485366463661193848e+00,-1.468376964330673218e-01
2.560715377330780029e-01,-2.229516983032226562e+00
1.458852738142013550e-01,-5.355218425393104553e-02
1.885174959897994995e-01,3.957777619361877441e-01
-3.787940740585327148e-01,-1.231478571891784668e+00
-1.299545049667358398e+00,1.124975323677062988e+00
1.735109448432922363e+00,-1.023407697677612305e+00
-1.781710863113403320e+00,-4.802381515502929688e+00
-2.135039418935775757e-01,2.241880655288696289e+00
4.696988165378570557e-01,1.087299585342407227e+00
-1.303029179573059082e+00,1.267360687255859375e+00
5.064650177955627441e-01,-1.301771998405456543e+00
-1.103038266301155090e-01,2.896535769104957581e-02
2.250213027000427246e-01,5.990220308303833008e-01
1.883338689804077148e-01,1.539695262908935547e-01
-3.889222741127014160e-01,1.020689308643341064e-01
-1.986399412155151367e+00,-8.004536032676696777e-01
6.061221957206726074e-01,8.827633261680603027e-01
5.804808139801025391e-01,1.087004184722900391e+00
3.237899839878082275e-01,1.122865676879882812e+00
-4.023666679859161377e-01,-3.312989234924316406e+00
-3.343144059181213379e-02,3.052435219287872314e-01
1.287563562393188477e+00,2.555457830429077148e+00
9.784095287322998047e-01,-1.232902646064758301e+00
-8.088417053222656250e-01,-5.853492021560668945e-01
4.151884019374847412e-01,-1.469581961631774902e+00
2.981542110443115234e+00,-3.321414947509765625e+00
8.704429864883422852e-02,-2.175864696502685547e+00
-3.413365781307220459e-01,6.598835587501525879e-01
3.073350787162780762e-01,1.325903058052062988e+00
1.509829878807067871e+00,-7.789455056190490723e-01
1.519984245300292969e+00,-1.259712934494018555e+00
1.011051893234252930e+00,-3.481562435626983643e-01
5.726649612188339233e-02,1.020790413022041321e-01
1.077435135841369629e+00,4.234853982925415039e-01
6.779171824455261230e-01,-2.556740865111351013e-02
6.155989170074462891e-01,7.013596296310424805e-01
1.418467760086059570e+00,1.545238733291625977e+00
1.424352079629898071e-01,-2.140244722366333008e+00
4.489089846611022949e-01,9.839219450950622559e-01
-2.661879062652587891e+00,-2.265451908111572266e+00
-1.437559127807617188e-01,-1.246114730834960938e+00
1.004508614540100098e+00,-1.309726715087890625e+00
1.927388906478881836e-01,5.488979816436767578e-01
5.858320593833923340e-01,9.805426001548767090e-01
-5.752211809158325195e-01,-1.633182913064956665e-01
1.216141700744628906e+00,1.762443661689758301e+00
4.375547468662261963e-01,-4.930675029754638672e-01
3.996880054473876953e-01,-1.612275481224060059e+00
5.468124151229858398e-01,9.989548325538635254e-01
2.675465643405914307e-01,-3.430497348308563232e-01
1.122344255447387695e+00,1.766866743564605713e-01
9.977362155914306641e-01,2.119690418243408203e+00
-2.821739196777343750e+00,1.731325745582580566e+00
-5.170620232820510864e-02,5.271457433700561523e-01
5.044403672218322754e-02,1.424574971199035645e+00
-2.286823987960815430e-01,2.340229004621505737e-01
4.914077818393707275e-01,1.175471305847167969e+00
1.395626068115234375e+00,1.663249254226684570e+00
3.765407018363475800e-03,-3.188663721084594727e-01
9.335996508598327637e-01,9.795434474945068359e-01
9.288932681083679199e-01,9.109364151954650879e-01
2.788066491484642029e-02,7.721568942070007324e-01
-1.174390129745006561e-02,-4.787745699286460876e-02
-7.469412684440612793e-01,-6.093379259109497070e-01
1.205595135688781738e+00,1.715928435325622559e+00
1.536549448966979980e+00,-1.820158362388610840e+00
4.267914891242980957e-01,-1.148851871490478516e+00
6.320351362228393555e-01,9.567077457904815674e-02
3.410048484802246094e-01,-4.970402121543884277e-01
1.267532467842102051e+00,-2.157045841217041016e+00
1.094453573226928711e+00,-1.358510613441467285e+00
8.801753520965576172e-01,-7.056220173835754395e-01
8.207964897155761719e-01,-2.948231995105743408e-01
1.863631248474121094e+00,-3.751966655254364014e-01
1.659226864576339722e-01,1.596889197826385498e-01
-4.185520410537719727e-01,1.483901619911193848e+00
6.200698614120483398e-01,1.037463545799255371e+00
1.549061059951782227e+00,2.873122930526733398e+00
1.014112234115600586e+00,1.297133326530456543e+00
-1.256734877824783325e-01,4.800384044647216797e-01
1.311965584754943848e+00,-7.103349566459655762e-01
-1.387358188629150391e+00,-8.971663117408752441e-01
-2.016439676284790039e+00,1.362140655517578125e+00
-6.354194879531860352e-02,-1.474962234497070312e+00
2.396113276481628418e-01,-9.027400016784667969e-01
-4.552028477191925049e-01,-1.450890064239501953e+00
4.522416889667510986e-01,-4.840046167373657227e-04
-2.157772302627563477e+00,1.282491564750671387e+00
1.267903566360473633e+00,-1.589139938354492188e+00
2.534423470497131348e-01,-1.155291199684143066e+00
6.153965592384338379e-01,1.520103812217712402e+00
-1.754209399223327637e+00,-1.187086939811706543e+00
8.511996865272521973e-01,-1.908817052841186523e+00
-5.597900226712226868e-02,4.848505556583404541e-01
3.894990384578704834e-01,-1.063418507575988770e+00
1.883338689804077148e-01,1.539695262908935547e-01
-2.429333329200744629e-01,-1.558272600173950195e+00
1.415255367755889893e-01,-1.424413025379180908e-01
2.539205551147460938e-01,-1.046524524688720703e+00
9.260770082473754883e-01,-9.832091331481933594e-01
4.163793921470642090e-01,-4.483300447463989258e-01
9.356766343116760254e-01,-1.226270794868469238e+00
3.267069756984710693e-01,2.904987633228302002e-01
-1.345966100692749023e+00,1.960186123847961426e+00
9.419444799423217773e-01,6.469249725341796875e-01
-4.225955009460449219e+00,2.179766893386840820e+00
6.897534132003784180e-01,1.603686809539794922e+00
6.739543080329895020e-01,1.041491627693176270e+00
3.387792706489562988e-01,-2.058618545532226562e+00
6.713953614234924316e-02,-5.219582915306091309e-01
3.667956292629241943e-01,-8.436232805252075195e-01
-7.768582105636596680e-01,-5.729433894157409668e-01
-2.103495448827743530e-01,-3.122125625610351562e+00
6.684037446975708008e-01,8.276104927062988281e-01
8.790382146835327148e-01,1.285743355751037598e+00
-6.597998142242431641e-01,1.410657405853271484e+00
-1.682592749595642090e+00,6.696258783340454102e-01
9.522772431373596191e-01,1.118429660797119141e+00
8.512362837791442871e-01,-3.560087680816650391e-01
3.526516199111938477e+00,2.322144508361816406e+00
7.691519856452941895e-01,-7.070478051900863647e-03
6.655461192131042480e-01,6.841759085655212402e-01
4.538438618183135986e-01,1.107303977012634277e+00
2.284021228551864624e-01,1.049965098500251770e-01
-9.963618516921997070e-01,-1.253344178199768066e+00
-7.403562963008880615e-02,4.307183623313903809e-01
8.704881668090820312e-01,-9.205399155616760254e-01
-3.405680060386657715e-01,6.370863318443298340e-01
1.353728324174880981e-01,3.836787641048431396e-01
1.271144151687622070e+00,8.247346282005310059e-01
-1.227896332740783691e+00,-1.210273027420043945e+00
1.021120622754096985e-01,-1.798565506935119629e+00
6.463176012039184570e-01,1.090379595756530762e+00
1.334401845932006836e+00,-1.816780090332031250e+00
1.121855974197387695e+00,1.845862388610839844e+00
9.479281306266784668e-01,1.787946343421936035e+00
2.725304961204528809e-01,-4.533372521400451660e-01
2.385421037673950195e+00,-1.003492355346679688e+00
6.387566924095153809e-01,-8.034049272537231445e-01
9.419444799423217773e-01,6.469249725341796875e-01
-7.123908400535583496e-01,5.200006961822509766e-01
5.166394114494323730e-01,9.459206461906433105e-01
4.221382737159729004e-01,-4.553701877593994141e-01
1.778916120529174805e+00,-1.105813980102539062e+00
4.580711573362350464e-02,9.080513119697570801e-01
4.914509057998657227e-01,-4.898317456245422363e-01
-1.205139383673667908e-01,6.792805194854736328e-01
1.234668254852294922e+00,2.894986271858215332e-01
4.507444798946380615e-01,9.500451683998107910e-01
-1.097967177629470825e-01,1.031080365180969238e+00
-5.034999251365661621e-01,1.325511336326599121e+00
7.216403484344482422e-01,1.050904989242553711e+00
-4.107255935668945312e-01,-4.829128384590148926e-01
1.395626068115234375e+00,1.663249254226684570e+00
1.213551640510559082e+00,-7.706483602523803711e-01
-1.991282105445861816e+00,6.002786755561828613e-01
-1.433961987495422363e+00,-1.238437533378601074e+00
5.184265375137329102e-01,1.004931092262268066e+00
4.318290203809738159e-02,2.068152874708175659e-01
6.782884001731872559e-01,2.496877312660217285e-02
4.954927861690521240e-01,-8.014010787010192871e-01
-2.478829383850097656e+00,1.871658325195312500e+00
-3.774454817175865173e-04,-4.547525048255920410e-01
5.579488277435302734e-01,-1.371481776237487793e+00
1.553156375885009766e-01,3.356327712535858154e-01
2.194909572601318359e+00,-1.437305569648742676e+00
1.001056432723999023e-01,3.126494586467742920e-03
-1.274934560060501099e-01,3.130741119384765625e-01
-1.147363781929016113e+00,-5.128833055496215820e-01
6.481297016143798828e-01,6.403470039367675781e-01
7.459552884101867676e-01,-2.200354263186454773e-02
4.968096911907196045e-01,-5.572344064712524414e-01
-3.212258815765380859e+00,-2.368382215499877930e+00
9.693237543106079102e-01,-2.391591310501098633e+00
8.358319997787475586e-01,6.469996571540832520e-01
1.374392151832580566e+00,-9.301311969757080078e-01
2.402690887451171875e+00,8.363701701164245605e-01
2.385421037673950195e+00,-1.003492355346679688e+00
7.339983582496643066e-01,9.155269861221313477e-01
4.539094567298889160e-01,1.075271248817443848e+00
2.685496583580970764e-02,1.316083431243896484e+00
1.483918428421020508e+00,-7.773798704147338867e-02
-3.316196501255035400e-01,1.890440702438354492e+00
7.195596098899841309e-01,-8.703781366348266602e-01
2.981542110443115234e+00,-3.321414947509765625e+00
-2.693445205688476562e+00,-3.018245458602905273e+00
6.356216073036193848e-01,9.970261454582214355e-01
2.646464109420776367e-01,2.003275454044342041e-01
-1.683273077011108398e+00,-4.173013865947723389e-01
-1.016843080520629883e+00,-4.795576333999633789e-01
2.984361171722412109e+00,2.360207557678222656e+00
7.682388424873352051e-01,1.164618730545043945e+00
1.525333523750305176e+00,1.673614382743835449e+00
1.313166737556457520e+00,1.198052912950515747e-01
6.377397179603576660e-01,-8.864331245422363281e-01
-8.308594822883605957e-01,-6.865960359573364258e-01
2.141045570373535156e+00,-7.551447749137878418e-01
1.187901377677917480e+00,-1.468619346618652344e+00
-1.312956929206848145e+00,-3.452133536338806152e-01
1.344644546508789062e+00,2.227891236543655396e-03
3.269045650959014893e-01,1.133560091257095337e-01
2.713331282138824463e-01,-2.341761738061904907e-01
1.548836350440979004e+00,4.785815477371215820e-01
-2.081466913223266602e+00,2.107600450515747070e+00
6.571116447448730469e-01,1.056663751602172852e+00
4.604799672961235046e-02,-1.629531383514404297e-01
5.254813432693481445e-01,-5.310593247413635254e-01
-1.716998696327209473e+00,-3.135880947113037109e+00
-1.268799155950546265e-01,-1.459944725036621094e+00
-1.423868238925933838e-01,4.127686470746994019e-02
9.264472872018814087e-02,1.381489753723144531e+00
-4.587802886962890625e-01,-1.597710102796554565e-01
1.038596510887145996e+00,2.180867195129394531e+00
2.501835584640502930e+00,-5.605648159980773926e-01
-2.637287676334381104e-01,2.713982462882995605e-01
1.504004836082458496e+00,1.950858712196350098e+00
-1.029054760932922363e+00,-5.157209038734436035e-01
3.970953524112701416e-01,1.105740189552307129e+00
9.005970954895019531e-01,-2.586466968059539795e-01
1.213830113410949707e+00,1.463259458541870117e+00
4.151884019374847412e-01,-1.469581961631774902e+00
-8.300650119781494141e-01,-1.855005741119384766e+00
-9.665017127990722656e-01,-8.256638050079345703e-02
1.150379896163940430e+00,1.160893082618713379e+00
5.752049684524536133e-01,9.507936239242553711e-01
1.419253706932067871e+00,-1.731077671051025391e+00
3.050579726696014404e-01,-1.068643450736999512e+00
-2.388137429952621460e-01,-1.337170600891113281e+00
1.966334879398345947e-02,-2.703989446163177490e-01
-3.258534893393516541e-02,-7.803745865821838379e-01
2.231105715036392212e-01,1.183488130569458008e+00
-5.253681540489196777e-01,-1.358825415372848511e-01
4.421739280223846436e-01,-1.062907338142395020e+00
-4.887037277221679688e-01,-1.559400796890258789e+00
1.233172535896301270e+00,-5.497275590896606445e-01
2.869537472724914551e-01,2.004742175340652466e-01
5.249841213226318359e-01,-1.299141645431518555e+00
-3.591201782226562500e+00,1.839603036642074585e-01
5.874334573745727539e-01,9.384644031524658203e-01
9.288932681083679199e-01,9.109364151954650879e-01
-8.046663403511047363e-01,-1.610555768013000488e+00
8.704429864883422852e-02,-2.175864696502685547e+00
-2.901078760623931885e-02,2.354417294263839722e-01
-5.632813572883605957e-01,-6.024954319000244141e-01
-2.181937545537948608e-01,5.275846719741821289e-01
7.244067788124084473e-01,-1.017573118209838867e+00
1.056496739387512207e+00,-6.264071464538574219e-01
5.085121989250183105e-01,-1.900051236152648926e+00
2.194909572601318359e+00,-1.437305569648742676e+00
-5.976216197013854980e-01,-2.320006042718887329e-01
8.192578554153442383e-01,2.529430866241455078e+00
5.821806192398071289e-01,1.009659171104431152e+00
1.520208120346069336e-01,1.676459163427352905e-01
-1.084418818354606628e-01,-9.367204308509826660e-01
8.624383062124252319e-02,-1.705570459365844727e+00
2.496314942836761475e-01,7.576356530189514160e-01
1.476620286703109741e-01,-9.043847322463989258e-01
6.908604502677917480e-01,-5.776036977767944336e-01
3.410048484802246094e-01,-4.970402121543884277e-01
5.437238812446594238e-01,-2.487494230270385742e+00
1.066702365875244141e+00,-5.408613756299018860e-02
1.160021066665649414e+00,4.276888072490692139e-01
3.470203578472137451e-01,1.208094120025634766e+00
4.148627817630767822e-01,-3.751397132873535156e-01
-1.385599225759506226e-01,5.547729730606079102e-01
-1.345966100692749023e+00,1.960186123847961426e+00
8.172079324722290039e-01,-2.397310882806777954e-01
9.693177044391632080e-02,-1.389495730400085449e+00
3.049401938915252686e-01,7.237893342971801758e-02
-1.731991648674011230e+00,-5.909103155136108398e-01
-3.080488443374633789e-01,-1.088266611099243164e+00
-4.887037277221679688e-01,-1.559400796890258789e+00
3.533969521522521973e-01,1.307241678237915039e+00
4.226020872592926025e-01,-4.181734621524810791e-01
1.231399178504943848e+00,-9.658402204513549805e-01
-5.786835402250289917e-02,7.143814116716384888e-02
1.735718607902526855e+00,-1.427199363708496094e+00
1.945956647396087646e-01,7.580722570419311523e-01
-3.643040657043457031e-01,4.121312499046325684e-01
5.254813432693481445e-01,-5.310593247413635254e-01
9.466991424560546875e-01,-1.759868621826171875e+00
7.900413870811462402e-01,-2.666051983833312988e-01
6.743911504745483398e-01,1.515552401542663574e+00
6.173127889633178711e-01,-1.471034288406372070e+00
1.605604410171508789e+00,1.079543471336364746e+00
7.078288495540618896e-02,-4.133951291441917419e-02
-2.957709431648254395e-01,-1.431527972221374512e+00
-2.358490228652954102e-01,8.726120740175247192e-02
-4.934751093387603760e-01,-3.865803003311157227e+00
3.088927268981933594e-01,-3.725363612174987793e-01
6.696654558181762695e-01,9.242653846740722656e-01
1.912739127874374390e-01,5.711086988449096680e-01
6.195845603942871094e-01,9.508249759674072266e-01
-2.491258233785629272e-01,-2.120058059692382812e+00
1.600038558244705200e-01,-6.529185771942138672e-01
1.255435943603515625e+00,1.907877445220947266e+00
9.037800431251525879e-01,-6.633667945861816406e-01
5.375388860702514648e-01,-3.497079312801361084e-01
6.748080253601074219e-01,9.795773625373840332e-01
-1.436245322227478027e+00,-6.888841986656188965e-01
-1.986399412155151367e+00,-8.004536032676696777e-01
3.668205738067626953e-01,-6.835225969552993774e-03
-7.636413723230361938e-02,7.295124232769012451e-02
4.076629281044006348e-01,1.048613071441650391e+00
5.495856404304504395e-01,-4.835464954376220703e-01
1.114135161042213440e-01,3.511829376220703125e-01
4.734450280666351318e-01,1.067969202995300293e+00
3.855218589305877686e-01,1.054525613784790039e+00
-3.643040657043457031e-01,4.121312499046325684e-01
7.059628516435623169e-02,1.296805858612060547e+00
9.571151733398437500e-01,-8.287180662155151367e-01
5.184265375137329102e-01,1.004931092262268066e+00
-9.659648872911930084e-03,4.799572825431823730e-01
-9.667984247207641602e-01,-6.932373642921447754e-01
-6.161813810467720032e-02,1.401971340179443359e+00
1.566829204559326172e+00,-1.050428509712219238e+00
6.804303526878356934e-01,-2.849441394209861755e-02
2.217206716537475586e+00,-1.801681041717529297e+00
-5.616299510002136230e-01,-4.715261459350585938e+00
7.226504683494567871e-01,-3.619877099990844727e-01
1.444330692291259766e+00,7.347869277000427246e-01
7.186875343322753906e-01,3.709572851657867432e-01
8.238176107406616211e-01,1.083547711372375488e+00
-7.147628068923950195e-01,-9.674695730209350586e-01
4.090613424777984619e-01,-3.955837190151214600e-01
1.885174959897994995e-01,3.957777619361877441e-01
-7.799665927886962891e-01,-4.740256667137145996e-01
-8.968911767005920410e-01,2.339251279830932617e+00
6.030576825141906738e-01,1.079473853111267090e+00
-2.510378599166870117e+00,9.209331125020980835e-02
-1.709339261054992676e+00,-1.239069223403930664e+00
5.007385611534118652e-01,1.030016183853149414e+00
1.216141700744628906e+00,1.762443661689758301e+00
1.181578159332275391e+00,-5.141500234603881836e-01
1.205595135688781738e+00,1.715928435325622559e+00
8.562151193618774414e-01,-1.180264592170715332e+00
4.831989705562591553e-01,-1.471645951271057129e+00
1.034946084022521973e+00,-1.546280145645141602e+00
-7.091478705406188965e-01,2.020099461078643799e-01
1.291056036949157715e+00,5.294575095176696777e-01
2.457921981811523438e+00,1.401836872100830078e+00
3.711314201354980469e-01,5.106931924819946289e-01
-8.244108557701110840e-01,-1.177597522735595703e+00
1.152109861373901367e+00,1.835771203041076660e+00
6.449671387672424316e-01,9.815560579299926758e-01
7.682262659072875977e-01,-3.679693043231964111e-01
1.278491765260696411e-01,-6.172538995742797852e-01
3.974798023700714111e-01,1.102995395660400391e+00
5.726649612188339233e-02,1.020790413022041321e-01
-3.694482147693634033e-01,-1.474000930786132812e+00
-3.258534893393516541e-02,-7.803745865821838379e-01
2.231105715036392212e-01,1.183488130569458008e+00
-1.768580824136734009e-01,-1.116147935390472412e-01
7.519110292196273804e-02,-4.032781422138214111e-01
-6.063050627708435059e-01,-1.822960019111633301e+00
-1.097967177629470825e-01,1.031080365180969238e+00
1.066702365875244141e+00,-5.408613756299018860e-02
5.550270080566406250e-01,1.142409205436706543e+00
3.479153215885162354e-01,1.071471333503723145e+00
-1.656387090682983398e+00,-7.332906126976013184e-01
5.043669939041137695e-01,1.958194375038146973e-01
7.020905613899230957e-01,-3.403265401721000671e-02
-2.890643835067749023e+00,4.801479279994964600e-01
-3.789926171302795410e-01,-1.555233955383300781e+00
5.654724240303039551e-01,-3.306465148925781250e-01
-6.043046712875366211e-02,-5.430012941360473633e-03
1.788109838962554932e-01,1.051484704017639160e+00
1.126151084899902344e+00,-2.933089733123779297e-01
3.036959767341613770e-01,-4.236871302127838135e-01
9.358596801757812500e-02,2.002429664134979248e-01
1.331937219947576523e-02,2.050080001354217529e-01
-2.257746160030364990e-01,-1.658025532960891724e-01
6.200698614120483398e-01,1.037463545799255371e+00
7.009322047233581543e-01,6.891388893127441406e-01
4.914509057998657227e-01,-4.898317456245422363e-01
9.882494807243347168e-01,-3.274560868740081787e-01
2.912990331649780273e+00,-4.490356922149658203e+00
-6.935521960258483887e-01,-1.749819397926330566e+00
-2.652189254760742188e+00,3.214914202690124512e-01
-1.013712048530578613e+00,-7.668596506118774414e-01
2.406236171722412109e+00,-2.712404727935791016e+00
1.597173333168029785e+00,1.159229874610900879e+00
1.626134753227233887e+00,-3.298802375793457031e-01
-1.485366463661193848e+00,-1.468376964330673218e-01
-4.174459457397460938e+00,-1.405437588691711426e+00
-1.209287568926811218e-01,-6.106383204460144043e-01
1.095995187759399414e+00,3.920110762119293213e-01
5.859298706054687500e-01,9.266645312309265137e-01
5.105980038642883301e-01,1.379067420959472656e+00
5.982148647308349609e-01,8.176820278167724609e-01
2.853302061557769775e-01,1.210013031959533691e+00
4.246962368488311768e-01,1.187898755073547363e+00
1.720257639884948730e+00,-2.533665001392364502e-01
-2.432122677564620972e-01,8.234830200672149658e-02
6.833686232566833496e-01,-1.718346834182739258e+00
1.371011614799499512e+00,4.839219748973846436e-01
5.476361513137817383e-01,9.921892285346984863e-01
3.781273663043975830e-01,4.192719757556915283e-01
5.138019323348999023e-01,-7.766611576080322266e-01
8.792216777801513672e-01,-1.156286746263504028e-01
7.635584473609924316e-01,-9.655176103115081787e-02
1.121496200561523438e+00,7.074415683746337891e-01
5.917446613311767578e-01,-9.163306951522827148e-01
6.187167167663574219e-01,1.006798073649406433e-02
5.638162493705749512e-01,1.174833536148071289e+00
1.638951539993286133e+00,-3.354038596153259277e-01
-2.884390354156494141e+00,-1.974554657936096191e+00
-2.718521356582641602e-01,8.088120818138122559e-02
7.715955376625061035e-01,-1.953799575567245483e-01
-4.848627001047134399e-02,5.208379775285720825e-02
3.170260667800903320e+00,-1.429857850074768066e+00
8.328250050544738770e-01,1.600073814392089844e+00
8.883199840784072876e-02,1.256414413452148438e+00
-1.778491497039794922e+00,-1.695726394653320312e+00
1.178696632385253906e+00,-1.535451531410217285e+00
-6.246911827474832535e-03,2.652383148670196533e-01
1.271275997161865234e+00,-1.749947547912597656e+00
-1.289995074272155762e+00,1.057215571403503418e+00
2.018614768981933594e+00,7.119534611701965332e-01
1.191556334495544434e+00,2.105190277099609375e+00
-2.632534205913543701e-01,1.363663077354431152e+00
8.135125041007995605e-01,-1.810663491487503052e-01
2.994599044322967529e-01,-9.685498476028442383e-01
3.803822100162506104e-01,-3.301364779472351074e-01
-7.123908400535583496e-01,5.200006961822509766e-01
3.955966234207153320e+00,-2.909080743789672852e+00
6.834335923194885254e-01,-5.334268212318420410e-01
-9.452162981033325195e-01,-3.535928726196289062e-01
6.854347586631774902e-01,2.135913968086242676e-01
1.543021559715270996e+00,2.800355195999145508e+00
1.057143688201904297e+00,1.123002916574478149e-01
3.803822100162506104e-01,-3.301364779472351074e-01
7.923150658607482910e-01,1.402052521705627441e+00
3.905034661293029785e-01,-9.620302915573120117e-01
4.156745374202728271e-01,-4.266526103019714355e-01
7.361516952514648438e-01,1.193097472190856934e+00
3.022272109985351562e+00,-7.143158316612243652e-01
-1.165737748146057129e+00,6.846285462379455566e-01
4.184184968471527100e-01,-3.923972845077514648e-01
-2.635711729526519775e-01,9.809815138578414917e-02
5.901559591293334961e-01,9.612267017364501953e-01
-3.596561551094055176e-01,-1.616477251052856445e+00
-3.003218412399291992e+00,3.935209810733795166e-01
-2.276963472366333008e+00,-2.469896316528320312e+00
1.399469614028930664e+00,3.797682225704193115e-01
7.320067882537841797e-01,4.881562888622283936e-01
1.377894878387451172e+00,-9.392899870872497559e-01
5.134895443916320801e-01,2.386071532964706421e-01
-5.174565911293029785e-01,-2.072757720947265625e+00
6.585645675659179688e-01,-1.452919960021972656e+00
3.341193497180938721e-01,5.159555003046989441e-02
3.842957913875579834e-01,1.213032722473144531e+00
-9.529536962509155273e-01,3.414784669876098633e-01
2.897417783737182617e+00,7.231007218360900879e-01
-4.023666679859161377e-01,-3.312989234924316406e+00
3.050579726696014404e-01,-1.068643450736999512e+00
2.194658517837524414e+00,1.632447242736816406e+00
2.774036884307861328e+00,2.867702960968017578e+00
-1.545471072196960449e+00,-1.413265824317932129e+00
1.389699459075927734e+00,1.023754596710205078e+00
1.271779417991638184e+00,2.518893480300903320e+00
-3.550966382026672363e-01,-2.885382652282714844e+00
1.396903276443481445e+00,1.610573053359985352e+00
8.133391141891479492e-01,1.386811733245849609e+00
-5.814796090126037598e-01,9.264528751373291016e-02
8.166213035583496094e-01,1.106939554214477539e+00
-1.187868043780326843e-01,-7.457704842090606689e-02
6.898438334465026855e-01,6.829692721366882324e-01
1.814152956008911133e+00,-1.338733077049255371e+00
1.948433876037597656e+00,2.823157310485839844e+00
8.861097097396850586e-01,-1.796915173530578613e+00
1.005422472953796387e+00,-8.712391257286071777e-01
1.276022672653198242e+00,-6.499670743942260742e-01
1.253373980522155762e+00,1.434049487113952637e+00
-2.901078760623931885e-02,2.354417294263839722e-01
-2.852857351303100586e+00,1.423370361328125000e+00
2.329073995351791382e-01,-1.264297008514404297e+00
-1.703528612852096558e-01,6.443318128585815430e-01
3.560971319675445557e-01,1.035542726516723633e+00
5.690026879310607910e-01,1.018085002899169922e+00
3.762273192405700684e-01,1.138701558113098145e+00
2.774036884307861328e+00,2.867702960968017578e+00
3.905034661293029785e-01,-9.620302915573120117e-01
6.419184207916259766e-01,1.134217619895935059e+00
1.187919616699218750e+00,-7.835547327995300293e-01
3.842059969902038574e-01,8.239752650260925293e-01
-4.696021080017089844e-01,-1.901819348335266113e+00
-2.650634765625000000e+00,5.452743172645568848e-01
1.251878261566162109e+00,1.912489175796508789e+00
1.148534536361694336e+00,-9.480268955230712891e-01
8.512362837791442871e-01,-3.560087680816650391e-01
-1.115829467773437500e+00,-1.081393241882324219e+00
-6.161748766899108887e-01,-2.162151813507080078e+00
3.949560821056365967e-01,1.025336742401123047e+00
-1.771307229995727539e+00,1.936157941818237305e+00
-4.120551049709320068e-01,-1.405383586883544922e+00
4.512299001216888428e-01,1.100051403045654297e+00
2.009597539901733398e+00,-1.058172702789306641e+00
2.406236171722412109e+00,-2.712404727935791016e+00
1.446876049041748047e+00,2.284491300582885742e+00
-1.382600143551826477e-02,8.905693888664245605e-01
3.385635912418365479e-01,-3.815243542194366455e-01
-9.025896191596984863e-01,1.795448899269104004e+00
3.327675163745880127e-01,-1.396014809608459473e+00
3.121655583381652832e-01,3.628705739974975586e-01
-2.116258293390274048e-01,9.216813445091247559e-01
-4.334388971328735352e-01,3.919163942337036133e-01
-7.010153532028198242e-01,-8.651640415191650391e-01
-1.993435978889465332e+00,4.063797593116760254e-01
-1.073628365993499756e-01,-3.276491761207580566e-01
2.835976779460906982e-01,2.835245728492736816e-01
-5.080990195274353027e-01,8.479208946228027344e-01
6.231471300125122070e-01,-7.396646142005920410e-01
1.044916272163391113e+00,1.609284400939941406e+00
-3.479859232902526855e-02,-2.388015761971473694e-02
-1.336402058601379395e+00,3.216800391674041748e-01
4.711593091487884521e-01,-4.196428358554840088e-01
-2.426396459341049194e-01,1.242570877075195312e-01
-8.013648986816406250e-01,-6.616910099983215332e-01
4.651899039745330811e-01,-1.167160153388977051e+00
1.510564535856246948e-01,1.278001666069030762e-01
5.043669939041137695e-01,1.958194375038146973e-01
-7.091478705406188965e-01,2.020099461078643799e-01
2.832303524017333984e+00,-1.676924467086791992e+00
8.517819643020629883e-02,3.084090352058410645e-01
2.989731132984161377e-01,-9.424257874488830566e-01
-9.081861376762390137e-01,-4.794000983238220215e-01
8.723155856132507324e-01,1.362898573279380798e-02
-1.209805235266685486e-01,3.274227380752563477e-01
-8.840445876121520996e-01,-3.059377670288085938e-01
-8.117738962173461914e-01,1.299417465925216675e-01
-2.852857351303100586e+00,1.423370361328125000e+00
-3.388456404209136963e-01,4.983507394790649414e-01
1.076929092407226562e+00,-2.168258666992187500e+00
5.010641813278198242e-01,1.405021667480468750e+00
-2.104028463363647461e-01,1.488125920295715332e-01
6.476586312055587769e-02,2.407531887292861938e-01
1.815573453903198242e+00,1.127894759178161621e+00
-2.366746187210083008e+00,4.827132225036621094e-01
9.949318170547485352e-01,-5.296112298965454102e-01
-7.402645796537399292e-02,-2.997512817382812500e+00
1.635179162025451660e+00,-1.069790005683898926e+00
5.134236812591552734e-01,-5.688022375106811523e-01
2.878704071044921875e-01,-3.700264692306518555e+00
-9.963618516921997070e-01,-1.253344178199768066e+00
4.984593093395233154e-01,9.893136024475097656e-01
4.387021541595458984e+00,-2.579153537750244141e+00
1.839310884475708008e+00,1.409681558609008789e+00
-2.311555862426757812e+00,2.028858661651611328e+00
1.666165709495544434e+00,2.561838626861572266e+00
6.154309511184692383e-01,9.505068063735961914e-01
1.114135161042213440e-01,3.511829376220703125e-01
6.963469982147216797e-01,9.729251265525817871e-01
9.678332209587097168e-01,2.099851071834564209e-01
-6.980226188898086548e-02,3.673500418663024902e-01
1.325990110635757446e-01,7.015864849090576172e-01
5.638162493705749512e-01,1.174833536148071289e+00
-2.510378599166870117e+00,9.209331125020980835e-02
1.852452278137207031e+00,-2.804610133171081543e-01
-3.193279802799224854e-01,3.071976639330387115e-02
5.606174468994140625e-01,1.248929738998413086e+00
2.224115610122680664e+00,1.606857895851135254e+00
1.313690423965454102e+00,-2.423087596893310547e+00
6.526796817779541016e-01,9.626796841621398926e-01
-7.389550209045410156e-01,-2.125321626663208008e+00
-5.963417291641235352e-01,-3.439494669437408447e-01
4.384716153144836426e-01,1.089310169219970703e+00
7.643904685974121094e-01,4.983951449394226074e-01
3.800997734069824219e-01,1.396553516387939453e+00
-2.135039418935775757e-01,2.241880655288696289e+00
-1.342086791992187500e+00,1.100255727767944336e+00
1.338029980659484863e+00,4.253696501255035400e-01
-5.080990195274353027e-01,8.479208946228027344e-01
7.534683346748352051e-01,1.073486804962158203e+00
3.519016206264495850e-01,4.148212075233459473e-01
6.469120979309082031e-01,-5.984256267547607422e-01
6.342017054557800293e-01,1.258966565132141113e+00
-2.311555862426757812e+00,2.028858661651611328e+00
-7.223366200923919678e-02,2.998614013195037842e-01
-4.022806584835052490e-01,2.372927367687225342e-01
1.172572135925292969e+00,4.958612620830535889e-01
-1.961254477500915527e-01,1.371206939220428467e-01
1.005422472953796387e+00,-8.712391257286071777e-01
1.261988401412963867e+00,1.795612215995788574e+00
-7.851752042770385742e-01,-6.004314422607421875e-01
1.232572197914123535e+00,-1.208592772483825684e+00
1.351135671138763428e-01,1.291700750589370728e-01
4.917245730757713318e-02,5.177804827690124512e-01
-4.334388971328735352e-01,3.919163942337036133e-01
2.451565861701965332e-01,7.265263795852661133e-01
7.372402548789978027e-01,-4.842141270637512207e-01
-8.087256550788879395e-01,-6.534026861190795898e-01
1.316424727439880371e+00,-2.114860564470291138e-01
-8.825561404228210449e-01,-2.056577682495117188e+00
-1.322096705436706543e+00,7.971399426460266113e-01
5.098226666450500488e-01,1.063511729240417480e+00
-2.363379895687103271e-01,4.290889799594879150e-01
6.928045153617858887e-01,2.588591873645782471e-01
1.281579583883285522e-01,5.404118448495864868e-02
9.461022019386291504e-01,-1.361758708953857422e+00
-3.103973388671875000e+00,2.160213470458984375e+00
2.337628155946731567e-01,7.641885876655578613e-01
-1.795914769172668457e+00,4.822131991386413574e-01
2.414470762014389038e-01,1.404320001602172852e-01
3.885099291801452637e-01,-1.059356451034545898e+00
2.530458867549896240e-01,1.323394894599914551e+00
4.117704629898071289e-01,1.187743067741394043e+00
7.402080893516540527e-01,-9.871844053268432617e-01
-1.209805235266685486e-01,3.274227380752563477e-01
-3.008312582969665527e-01,2.695074379444122314e-01
-3.728551566600799561e-01,4.364074766635894775e-01
4.322291314601898193e-01,8.165268898010253906e-01
-5.199176073074340820e-01,2.079708129167556763e-02
1.488939523696899414e+00,-1.303497433662414551e+00
-1.055236347019672394e-02,3.766532540321350098e-01
9.962769746780395508e-01,-1.951092600822448730e+00
2.749154865741729736e-01,1.682447344064712524e-01
-1.886667966842651367e+00,-2.313610315322875977e+00
6.802092790603637695e-01,5.291220545768737793e-01
1.525333523750305176e+00,1.673614382743835449e+00
5.156912207603454590e-01,1.135897278785705566e+00
-1.382600143551826477e-02,8.905693888664245605e-01
-1.072572171688079834e-01,1.154055371880531311e-01
5.604486465454101562e-01,-5.181401968002319336e-01
1.158647179603576660e+00,-4.802485108375549316e-01
1.215141654014587402e+00,1.680150985717773438e+00
2.989731132984161377e-01,-9.424257874488830566e-01
6.958065032958984375e-01,-3.231560885906219482e-01
-2.241153478622436523e+00,4.438895881175994873e-01
1.498783588409423828e+00,-1.482733726501464844e+00
3.968230783939361572e-01,1.186711311340332031e+00
-4.494168236851692200e-02,9.240964055061340332e-01
6.764472126960754395e-01,9.104472398757934570e-01
-1.256734877824783325e-01,4.800384044647216797e-01
4.087652862071990967e-01,1.125923991203308105e+00
1.776809804141521454e-03,6.610924005508422852e-02
1.893914490938186646e-01,6.922600865364074707e-01
1.510980129241943359e+00,-9.963201284408569336e-01
-4.569985270500183105e-01,-3.762889802455902100e-01
1.416251361370086670e-01,3.136851489543914795e-01
4.921810030937194824e-01,1.201437473297119141e+00
-2.130012214183807373e-01,-4.431515038013458252e-01
1.413178443908691406e+00,1.053838878870010376e-01
1.190913319587707520e-01,3.467124402523040771e-01
3.023367226123809814e-01,1.179967403411865234e+00
3.256307840347290039e-01,1.152960062026977539e+00
1.605604410171508789e+00,1.079543471336364746e+00
6.356216073036193848e-01,9.970261454582214355e-01
3.633940517902374268e-01,2.721020877361297607e-01
6.710304617881774902e-01,9.495584368705749512e-01
2.192563772201538086e+00,-9.574295282363891602e-01
-4.829964041709899902e-01,-6.689147353172302246e-01
-1.208204030990600586e+00,1.084051609039306641e+00
1.158647179603576660e+00,-4.802485108375549316e-01
5.227065086364746094e-01,9.264370203018188477e-01
2.990092933177947998e-01,1.037747859954833984e-01
4.294471144676208496e-01,2.261470258235931396e-01
6.666167974472045898e-01,9.826679825782775879e-01
1.566709995269775391e+00,-1.183382272720336914e+00
6.409253478050231934e-01,1.295981168746948242e+00
-2.534233033657073975e-01,-2.686641216278076172e-01
1.389699459075927734e+00,1.023754596710205078e+00
5.777598619461059570e-01,1.054015755653381348e+00
1.469501733779907227e+00,1.567208766937255859e-02
6.533102989196777344e-01,9.763497710227966309e-01
-2.696200609207153320e-01,-4.779461026191711426e-01
3.687776803970336914e+00,3.030712127685546875e+00
3.762273192405700684e-01,1.138701558113098145e+00
1.650474786758422852e+00,-2.267405539751052856e-01
2.989732027053833008e-01,9.542983174324035645e-01
-2.149891406297683716e-01,1.511132419109344482e-01
-4.042555093765258789e-01,-1.277846574783325195e+00
5.859298706054687500e-01,9.266645312309265137e-01
-1.649494767189025879e-01,-6.607753038406372070e-02
2.236192524433135986e-01,-2.688101530075073242e-01
1.677201747894287109e+00,-2.048362970352172852e+00
2.458469569683074951e-01,-1.533406376838684082e-01
-3.408734798431396484e-01,-3.046808838844299316e-01
6.357381939888000488e-01,5.508747100830078125e-01
4.632135927677154541e-01,-1.130619764328002930e+00
5.159611701965332031e-01,-1.115878343582153320e+00
4.123819768428802490e-01,2.003425210714340210e-01
-7.503930926322937012e-01,-6.787591576576232910e-01
-4.848627001047134399e-02,5.208379775285720825e-02
1.165108561515808105e+00,-1.506870508193969727e+00
3.612586855888366699e-01,-3.702087998390197754e-01
-7.212817203253507614e-03,-2.890104532241821289e+00
7.315797209739685059e-01,1.233985126018524170e-01
3.000640571117401123e-01,3.683364987373352051e-01
-1.302782535552978516e+00,5.803741216659545898e-01
-1.712113142013549805e+00,8.561092615127563477e-01
2.124315351247787476e-01,1.683248281478881836e-01
2.171398162841796875e+00,2.816115379333496094e+00
-1.109426975250244141e+00,-3.096827268600463867e-01
8.238176107406616211e-01,1.083547711372375488e+00
2.086979597806930542e-01,2.451703548431396484e-01
9.255280494689941406e-01,1.240685224533081055e+00
3.472880423069000244e-01,1.158065080642700195e+00
-1.455313682556152344e+00,-3.047329485416412354e-01
3.910686254501342773e+00,-7.199229598045349121e-01
1.316424727439880371e+00,-2.114860564470291138e-01
1.482274532318115234e-01,1.577373892068862915e-01
2.256978511810302734e+00,-2.786468505859375000e+00
8.407599925994873047e-01,-5.569960474967956543e-01
1.433489471673965454e-01,2.340295910835266113e-01
3.227211534976959229e-01,-2.277721166610717773e+00
9.095581769943237305e-01,-2.772244513034820557e-01
1.432567477226257324e+00,1.999881505966186523e+00
9.156594276428222656e-01,-1.155710101127624512e+00
6.387566924095153809e-01,-8.034049272537231445e-01
-1.689923882484436035e+00,-1.682514667510986328e+00
-4.107255935668945312e-01,-4.829128384590148926e-01
6.165782809257507324e-01,1.052805066108703613e+00
1.304436326026916504e-01,1.806060910224914551e+00
3.595847636461257935e-02,-3.647496938705444336e+00
-6.924234628677368164e-01,-3.048593699932098389e-01
-1.003621697425842285e+00,-9.538982808589935303e-02
9.023841619491577148e-01,-2.035472631454467773e+00
-5.518453717231750488e-01,-6.758521795272827148e-01
7.811424732208251953e-01,-4.419751763343811035e-01
2.554464936256408691e-01,1.357144713401794434e+00
1.566709995269775391e+00,-1.183382272720336914e+00
-7.955249547958374023e-01,-1.506020724773406982e-01
-1.436245322227478027e+00,-6.888841986656188965e-01
1.374641299247741699e+00,-4.635695815086364746e-01
-1.667114019393920898e+00,2.953408062458038330e-01
-3.733139634132385254e-01,4.179570674896240234e-01
4.540143907070159912e-01,-7.569044828414916992e-01
8.649694919586181641e-01,5.356149077415466309e-01
-9.495822340250015259e-02,-1.145327836275100708e-01
8.524436354637145996e-01,-2.732284367084503174e-01
5.056582093238830566e-01,9.898123741149902344e-01
4.205232262611389160e-01,1.097378373146057129e+00
1.444245100021362305e+00,4.107869863510131836e-01
3.462480008602142334e-01,1.132014513015747070e+00
-2.199644148349761963e-01,-8.248518407344818115e-02
3.763430714607238770e-01,-1.196964383125305176e+00
1.418467760086059570e+00,1.545238733291625977e+00
-3.094802498817443848e-01,-6.464187502861022949e-01
-8.530040979385375977e-01,-2.518618822097778320e+00
-1.177636861801147461e+00,-4.664523601531982422e-01
4.294471144676208496e-01,2.261470258235931396e-01
-1.345617532730102539e+00,-1.984165787696838379e+00
-8.229058384895324707e-01,-7.241076231002807617e-01
1.778156518936157227e+00,-3.192182540893554688e+00
2.528106212615966797e+00,1.966558933258056641e+00
1.559719920158386230e+00,7.516845464706420898e-01
2.287411242723464966e-01,2.875207364559173584e-01
2.117985248565673828e+00,-2.168822050094604492e+00
-3.832327723503112793e-01,1.333725899457931519e-01
5.103596448898315430e-01,-7.345955371856689453e-01
2.207614332437515259e-01,-1.448507547378540039e+00
2.669278144836425781e+00,1.324157238006591797e+00
1.000951051712036133e+00,1.210896015167236328e+00
7.402080893516540527e-01,-9.871844053268432617e-01
9.819378852844238281e-01,-1.025377154350280762e+00
3.792551457881927490e-01,7.718345522880554199e-02
-7.412768006324768066e-01,-6.880171895027160645e-01
2.202826440334320068e-01,5.915481224656105042e-02
-1.918941378593444824e+00,1.543421268463134766e+00
2.386069148778915405e-01,1.160512685775756836e+00
1.413509488105773926e+00,2.265556573867797852e+00
1.148534536361694336e+00,-9.480268955230712891e-01
1.261988401412963867e+00,1.795612215995788574e+00
-6.246911827474832535e-03,2.652383148670196533e-01
3.767615556716918945e-02,-1.738726019859313965e+00
8.284389972686767578e-01,1.407353281974792480e+00
1.373426198959350586e+00,1.637247443199157715e+00
1.439965844154357910e+00,2.326733350753784180e+00
5.491277575492858887e-01,1.003978371620178223e+00
7.836006283760070801e-01,7.897408604621887207e-01
7.226504683494567871e-01,-3.619877099990844727e-01
1.118353962898254395e+00,6.239560991525650024e-02
1.324909567832946777e+00,-8.700074553489685059e-01
1.986984968185424805e+00,-2.976900935173034668e-01
5.044403672218322754e-02,1.424574971199035645e+00
-6.908626556396484375e-01,1.226456403732299805e+00
-9.295490384101867676e-01,1.178663492202758789e+00
1.238366365432739258e+00,-1.380986213684082031e+00
-2.353946119546890259e-01,1.074864715337753296e-01
4.963086545467376709e-01,5.075283050537109375e-01
-2.842492982745170593e-02,3.480468690395355225e-01
4.163495004177093506e-01,9.857812523841857910e-01
1.311009883880615234e+00,1.535820066928863525e-01
6.261989474296569824e-01,1.012547492980957031e+00
-2.174108661711215973e-02,-1.159796118736267090e-01
1.276629447937011719e+00,-1.146950006484985352e+00
1.078175306320190430e+00,-1.357233285903930664e+00
6.684037446975708008e-01,8.276104927062988281e-01
3.675641417503356934e-01,5.962051749229431152e-01
2.760947227478027344e+00,-3.411914706230163574e-01
5.874334573745727539e-01,9.384644031524658203e-01
5.081463456153869629e-01,1.056596159934997559e+00
-7.712711095809936523e-01,9.697350859642028809e-01
-2.323360919952392578e+00,-1.381806969642639160e+00
-1.645861744880676270e+00,-1.185495495796203613e+00
1.093348383903503418e+00,-7.783492207527160645e-01
3.305981457233428955e-01,6.063241511583328247e-02
1.790929675102233887e+00,-1.430700421333312988e-01
2.890523970127105713e-01,1.278977155685424805e+00
-2.258083373308181763e-01,1.593159317970275879e+00
7.606909424066543579e-02,-1.116140559315681458e-02
6.804303526878356934e-01,-2.849441394209861755e-02
2.725304961204528809e-01,-4.533372521400451660e-01
-2.543004751205444336e-01,4.736261069774627686e-01
3.805292844772338867e-01,-5.976904034614562988e-01
8.757842779159545898e-01,1.857104539871215820e+00
-2.723133862018585205e-01,-1.699201226234436035e+00
2.621176242828369141e+00,-2.412124633789062500e+00
2.969868481159210205e-01,-6.079545021057128906e-01
1.676899939775466919e-02,1.304878711700439453e+00
-1.203871294856071472e-01,2.086440473794937134e-01
9.059043526649475098e-01,-1.166655063629150391e+00
-4.931764006614685059e-01,-1.717420339584350586e+00
-6.821071505546569824e-01,-4.701320528984069824e-01
-3.683439493179321289e-01,-2.518222630023956299e-01
7.671269774436950684e-01,-7.340908050537109375e-01
1.713971853256225586e+00,-1.310329437255859375e+00
-9.987766742706298828e-01,1.150024175643920898e+00
3.177213668823242188e+00,-2.305314779281616211e+00
1.165035605430603027e+00,1.586147785186767578e+00
-4.138090133666992188e+00,2.733971834182739258e+00
-1.140643596649169922e+00,-1.277709245681762695e+00
3.373451232910156250e-01,3.896131515502929688e-01
7.339983582496643066e-01,9.155269861221313477e-01
4.799658432602882385e-02,-3.256973624229431152e-01
-1.971230059862136841e-01,1.564698815345764160e-01
-5.453357696533203125e-01,-1.961587309837341309e+00
3.848590850830078125e-01,9.039297103881835938e-01
-4.537973105907440186e-01,5.565482378005981445e-01
8.056157827377319336e-01,-2.502429485321044922e+00
-3.257312476634979248e-01,-1.445267558097839355e+00
-8.743729591369628906e-01,-6.969994902610778809e-01
1.564804792404174805e+00,5.819641947746276855e-01
6.187167167663574219e-01,1.006798073649406433e-02
3.497776687145233154e-01,-6.115122437477111816e-01
6.165044307708740234e-01,6.031883955001831055e-01
7.293637394905090332e-01,1.046043992042541504e+00
1.331913322210311890e-01,1.414323925971984863e+00
-1.498169660568237305e+00,-1.542650938034057617e+00
1.222101807594299316e+00,1.439069747924804688e+00
1.610500335693359375e+00,4.407398402690887451e-02
2.749154865741729736e-01,1.682447344064712524e-01
-2.273092046380043030e-02,6.473811268806457520e-01
-1.072572171688079834e-01,1.154055371880531311e-01
4.603716731071472168e-02,6.046851277351379395e-01
5.500108003616333008e-01,1.049055576324462891e+00
2.402690887451171875e+00,8.363701701164245605e-01
-1.519305538386106491e-02,-1.666723012924194336e+00
3.419519186019897461e+00,-5.529726147651672363e-01
3.385635912418365479e-01,-3.815243542194366455e-01
4.618495702743530273e-01,-4.353518784046173096e-01
-6.309786438941955566e-01,-1.503837823867797852e+00
2.072407722473144531e+00,-2.391294479370117188e+00
4.961700737476348877e-01,7.142540216445922852e-01
5.007905960083007812e-01,1.176156997680664062e+00
9.912071824073791504e-01,2.110752582550048828e+00
3.413550555706024170e-01,-1.127189278602600098e+00
1.608035445213317871e+00,-1.200696110725402832e+00
1.282744646072387695e+00,1.667519569396972656e+00
5.412368774414062500e-01,9.213448762893676758e-01
1.749114155769348145e+00,-2.350646018981933594e+00
2.737845107913017273e-02,4.773365259170532227e-01
2.888586521148681641e-01,7.898337841033935547e-01
2.705941796302795410e-01,-3.229938447475433350e-01
-1.084677204489707947e-01,1.176164031028747559e+00
1.631329417228698730e+00,-1.215442061424255371e+00
1.169941186904907227e+00,-7.577094435691833496e-01
-1.689923882484436035e+00,-1.682514667510986328e+00
-1.062417149543762207e+00,-3.153039932250976562e+00
-8.998338580131530762e-01,-8.505740761756896973e-01
5.146138668060302734e-01,1.083968400955200195e+00
2.618137836456298828e+00,-1.827837944030761719e+00
3.301667571067810059e-01,1.148496508598327637e+00
-4.362291097640991211e-02,9.247674942016601562e-01
-2.327946573495864868e-01,-1.959673762321472168e+00
-1.670284867286682129e-01,1.482318937778472900e-01
1.847255229949951172e+00,6.954175829887390137e-01
1.930467784404754639e-01,1.853938549757003784e-01
-4.393998906016349792e-02,-5.620573759078979492e-01
-2.432122677564620972e-01,8.234830200672149658e-02
-3.348169922828674316e-01,-1.093195676803588867e-01
-2.363379895687103271e-01,4.290889799594879150e-01
9.461022019386291504e-01,-1.361758708953857422e+00
1.842919886112213135e-01,1.366131901741027832e-01
-1.460601449012756348e+00,1.755326032638549805e+00
4.421739280223846436e-01,-1.062907338142395020e+00
-1.259404897689819336e+00,-8.210307359695434570e-01
3.217327296733856201e-01,1.110339999198913574e+00
4.292268157005310059e-01,1.028947234153747559e+00
9.126282334327697754e-01,-1.017956733703613281e+00
7.777595892548561096e-04,1.287491559982299805e+00
-9.025896191596984863e-01,1.795448899269104004e+00
1.333363056182861328e+00,-8.606788516044616699e-01
6.205307841300964355e-01,1.074243545532226562e+00
8.582775592803955078e-01,-4.328708350658416748e-01
-1.115829467773437500e+00,-1.081393241882324219e+00
-1.550931572914123535e+00,1.020790696144104004e+00
4.483227133750915527e-01,1.111274361610412598e+00
-2.136938720941543579e-01,1.953905969858169556e-01
4.615628123283386230e-01,1.420693993568420410e-01
5.447522997856140137e-01,9.146425724029541016e-01
5.821806192398071289e-01,1.009659171104431152e+00
3.424017131328582764e-01,1.012043476104736328e+00
1.345985531806945801e+00,2.555932521820068359e+00
7.745587229728698730e-01,-9.425669908523559570e-02
1.892418265342712402e+00,-1.636924222111701965e-02
1.490145444869995117e+00,5.991436839103698730e-01
2.052209615707397461e+00,9.124090075492858887e-01
7.146288752555847168e-01,-2.618657052516937256e-01
9.348835349082946777e-01,-4.419628977775573730e-01
-9.472108483314514160e-01,-4.392834603786468506e-01
-3.234681189060211182e-01,1.504807025194168091e-01
-1.918057322502136230e+00,1.820983767509460449e+00
7.836006283760070801e-01,7.897408604621887207e-01
7.900413870811462402e-01,-2.666051983833312988e-01
1.462084770202636719e+00,2.095551729202270508e+00
-2.315324306488037109e+00,5.699605345726013184e-01
7.656856179237365723e-01,-2.534738183021545410e-01
-4.033941030502319336e-01,-2.505065917968750000e+00
5.266748070716857910e-01,1.127071261405944824e+00
-2.570586442947387695e+00,-3.434528589248657227e+00
6.666030883789062500e-01,-5.821959972381591797e-01
-2.994044721126556396e-01,4.624155536293983459e-02
-3.321619510650634766e+00,-3.406253576278686523e+00
-5.014085769653320312e-01,-1.508038759231567383e+00
3.341193497180938721e-01,5.159555003046989441e-02
4.590486288070678711e-01,1.075125336647033691e+00
-1.142498850822448730e+00,1.194128274917602539e+00
-3.272874653339385986e-01,8.587269186973571777e-01
1.966334879398345947e-02,-2.703989446163177490e-01
5.495856404304504395e-01,-4.835464954376220703e-01
7.940669357776641846e-02,-8.645698428153991699e-02
2.357745647430419922e+00,-2.984343767166137695e+00
7.494370341300964355e-01,1.119922995567321777e+00
1.383144140243530273e+00,3.400728851556777954e-02
4.366101920604705811e-01,-1.521474480628967285e+00
5.097074061632156372e-02,1.266067862510681152e+00
3.406749963760375977e-01,-8.323100805282592773e-01
1.348355531692504883e+00,2.042828559875488281e+00
1.198652267456054688e+00,-1.254248142242431641e+00
3.774943649768829346e-01,-9.315848350524902344e-01
1.357981562614440918e+00,-8.457089066505432129e-01
5.308823585510253906e-01,9.252988100051879883e-01
1.529792547225952148e+00,-5.117210149765014648e-01
-2.265066504478454590e-01,1.571879684925079346e-01
2.786977887153625488e-01,9.682686626911163330e-02
-1.069516301155090332e+00,-8.833262324333190918e-01
-1.142498850822448730e+00,1.194128274917602539e+00
-7.403562963008880615e-02,4.307183623313903809e-01
6.215786933898925781e-02,-1.969625115394592285e+00
1.419253706932067871e+00,-1.731077671051025391e+00
3.232357501983642578e-01,1.053251504898071289e+00
-8.415675163269042969e-02,-1.702377200126647949e+00
2.085040658712387085e-01,-1.797947406768798828e+00
6.146897077560424805e-01,-1.034516096115112305e+00
-6.459327936172485352e-01,1.799752950668334961e+00
4.522416889667510986e-01,-4.840046167373657227e-04
3.941479325294494629e-01,1.101380825042724609e+00
1.312986612319946289e+00,1.578761458396911621e+00
7.974133640527725220e-02,4.016989171504974365e-01
9.867433309555053711e-01,-3.087265491485595703e-01
5.719857215881347656e-01,-4.069683551788330078e-01
-6.872835159301757812e-01,-4.744119644165039062e-01
8.179443478584289551e-01,1.154809832572937012e+00
-3.844905793666839600e-01,4.682695567607879639e-01
1.106731057167053223e+00,-1.068306088447570801e+00
7.544468641281127930e-01,2.717232890427112579e-02
1.514785766601562500e+00,2.228639125823974609e-01
-6.161813810467720032e-02,1.401971340179443359e+00
-5.998957157135009766e-01,7.812563776969909668e-01
2.487697601318359375e+00,-1.625836491584777832e+00
-9.829884767532348633e-01,5.043891668319702148e-01
-2.464388310909271240e-02,2.812474071979522705e-01
-7.809945344924926758e-01,-5.643663406372070312e-01
-1.310806423425674438e-01,-1.400264024734497070e+00
1.041594985872507095e-02,1.091192483901977539e+00
-3.312641084194183350e-01,-2.133986204862594604e-01
-1.961254477500915527e-01,1.371206939220428467e-01
8.284389972686767578e-01,1.407353281974792480e+00
-7.901275753974914551e-01,-3.839002847671508789e-01
6.987102031707763672e-01,6.219604611396789551e-01
7.899037599563598633e-01,-2.143911838531494141e+00
6.802092790603637695e-01,5.291220545768737793e-01
1.153745412826538086e+00,-1.061015725135803223e+00
2.422699704766273499e-02,4.200704395771026611e-03
7.244970202445983887e-01,-6.868526935577392578e-01
1.011090278625488281e+00,8.891251683235168457e-01
-1.292796730995178223e-01,5.031902194023132324e-01
2.516269087791442871e-01,1.710990548133850098e+00
-1.166738390922546387e+00,1.668174266815185547e+00
6.624335050582885742e-01,-5.312186479568481445e-01
1.339891672134399414e+00,1.083289861679077148e+00
1.791655421257019043e-01,1.791469901800155640e-01
5.710782408714294434e-01,9.012795090675354004e-01
9.709318280220031738e-01,7.078498005867004395e-01
7.206676006317138672e-01,1.288158535957336426e+00
-3.787940740585327148e-01,-1.231478571891784668e+00
5.953364968299865723e-01,1.057812809944152832e+00
2.348825216293334961e+00,1.807137131690979004e+00
5.737651586532592773e-01,1.077766895294189453e+00
1.484296917915344238e+00,-3.493590652942657471e-01
3.499702215194702148e-01,4.130718708038330078e-01
1.379330396652221680e+00,4.692461341619491577e-02
1.740087032318115234e+00,-1.072278618812561035e+00
3.648124933242797852e-01,-1.025791049003601074e+00
1.174928665161132812e+00,-1.437175273895263672e+00
-1.665863841772079468e-01,-6.985215842723846436e-02
1.039673328399658203e+00,7.920445799827575684e-01
3.014738559722900391e-01,2.295486479997634888e-01
-3.321619510650634766e+00,-3.406253576278686523e+00
-4.405181407928466797e-01,-1.541505694389343262e+00
4.423328042030334473e-01,1.398282766342163086e+00
-3.503088951110839844e-01,3.144453167915344238e-01
1.211438298225402832e+00,-8.168076872825622559e-01
6.205307841300964355e-01,1.074243545532226562e+00
1.430899053812026978e-01,3.076588511466979980e-01
-2.744811177253723145e-01,-1.705415099859237671e-01
-1.149765968322753906e+00,-7.977042794227600098e-01
8.756819367408752441e-01,-1.744780778884887695e+00
-1.545471072196960449e+00,-1.413265824317932129e+00
1.465880632400512695e+00,6.266648173332214355e-01
-6.452243030071258545e-02,3.003119528293609619e-01
7.341800928115844727e-01,-9.658414125442504883e-01
-3.073377609252929688e-01,9.547586739063262939e-02
1.403458833694458008e+00,1.977740049362182617e+00
-1.078074499964714050e-01,-1.935710906982421875e+00
1.118353962898254395e+00,6.239560991525650024e-02
7.494370341300964355e-01,1.119922995567321777e+00
4.671751260757446289e-01,1.099846124649047852e+00
8.801996111869812012e-01,1.274210095405578613e+00
1.353728324174880981e-01,3.836787641048431396e-01
2.772562503814697266e-01,3.884902298450469971e-01
1.304436326026916504e-01,1.806060910224914551e+00
1.692080974578857422e+00,-1.857591032981872559e+00
3.270846009254455566e-01,-1.146675497293472290e-01
-1.350710988044738770e+00,-3.110487699508666992e+00
-4.957886636257171631e-01,-2.630148828029632568e-01
-2.984569549560546875e+00,8.873447775840759277e-01
3.269045650959014893e-01,1.133560091257095337e-01
3.232357501983642578e-01,1.053251504898071289e+00
-9.957353472709655762e-01,-4.263135910034179688e+00
6.342017054557800293e-01,1.258966565132141113e+00
-5.632813572883605957e-01,-6.024954319000244141e-01
2.305372357368469238e-01,1.482618212699890137e+00
9.882494807243347168e-01,-3.274560868740081787e-01
-4.561564698815345764e-02,1.147714614868164062e+00
1.735718607902526855e+00,-1.427199363708496094e+00
7.349538803100585938e-01,-5.868008136749267578e-01
1.267479777336120605e+00,3.855030238628387451e-01
6.261035203933715820e-01,-4.935281872749328613e-01
2.213017642498016357e-01,4.947718232870101929e-03
-7.413808107376098633e-01,-5.191100835800170898e-01
-1.656387090682983398e+00,-7.332906126976013184e-01
6.438085436820983887e-01,-3.329088926315307617e+00
2.662158906459808350e-01,-5.444377064704895020e-01
1.444330692291259766e+00,7.347869277000427246e-01
-1.719436049461364746e+00,-3.787032127380371094e+00
1.791655421257019043e-01,1.791469901800155640e-01
5.451037287712097168e-01,-1.151304721832275391e+00
2.066739797592163086e+00,-1.491505026817321777e+00
3.237899839878082275e-01,1.122865676879882812e+00
1.039663910865783691e+00,-6.682046651840209961e-01
7.715955376625061035e-01,-1.953799575567245483e-01
8.861314654350280762e-01,1.178011059761047363e+00
7.587733268737792969e-01,-7.009121775627136230e-02
-5.034999251365661621e-01,1.325511336326599121e+00
-3.316788747906684875e-02,-2.176881879568099976e-01
-2.149891406297683716e-01,1.511132419109344482e-01
-4.504818022251129150e-01,-1.333647727966308594e+00
-2.754327654838562012e-01,8.889925479888916016e-02
1.267479777336120605e+00,3.855030238628387451e-01
2.605428993701934814e-01,7.346130609512329102e-01
8.167429566383361816e-01,3.433942794799804688e-01
2.777230978012084961e+00,-2.969467163085937500e+00
1.710253357887268066e+00,3.231746703386306763e-02
5.420102477073669434e-01,-1.071116805076599121e+00
1.032496094703674316e+00,1.538060605525970459e-04
2.337628155946731567e-01,7.641885876655578613e-01
8.979471921920776367e-01,-5.782796144485473633e-01
4.269703924655914307e-01,1.056315779685974121e+00
5.036857724189758301e-01,1.067661523818969727e+00
-1.600233614444732666e-01,5.288625955581665039e-01
2.618137836456298828e+00,-1.827837944030761719e+00
-5.666943788528442383e-01,9.607699513435363770e-02
-7.105412483215332031e-01,3.678515553474426270e-01
-1.670284867286682129e-01,1.482318937778472900e-01
-5.590047240257263184e-01,-8.502991199493408203e-01
2.583775818347930908e-01,2.937091290950775146e-01
-1.810356527566909790e-01,-5.138428807258605957e-01
1.847763180732727051e+00,8.483987450599670410e-01
