2.556487083435058594e+00,2.762187957763671875e+00
2.551592350006103516e+00,2.777519702911376953e+00
-7.379143834114074707e-01,1.710475325584411621e+00
8.658148050308227539e-01,4.144483089447021484e+00
1.772930622100830078e+00,3.369059085845947266e+00
-9.371464848518371582e-01,1.883019328117370605e+00
2.226502418518066406e+00,2.523915290832519531e+00
2.180293351411819458e-01,3.968930840492248535e-01
1.275116443634033203e+00,4.597226142883300781e+00
1.697092533111572266e+00,4.542168617248535156e+00
-9.498655200004577637e-01,1.737340331077575684e+00
2.905560255050659180e+00,3.193684101104736328e+00
2.086452960968017578e+00,3.924715757369995117e+00
2.100812673568725586e+00,2.706741333007812500e+00
1.227184772491455078e+00,3.608812570571899414e+00
-2.012956440448760986e-01,7.849004864692687988e-01
5.919311642646789551e-01,3.275188446044921875e+00
9.796983599662780762e-01,2.031869649887084961e+00
1.925637722015380859e+00,2.939208745956420898e+00
2.397083997726440430e+00,7.259830236434936523e-01
1.224793434143066406e+00,1.778573155403137207e+00
2.462555646896362305e+00,3.438394546508789062e+00
1.362136125564575195e+00,1.568552494049072266e+00
1.230536699295043945e+00,4.641674041748046875e+00
3.332450151443481445e+00,1.812619447708129883e+00
6.562407493591308594e+00,-1.088334202766418457e+00
2.418476819992065430e+00,3.563415288925170898e+00
-8.785541653633117676e-01,1.595923304557800293e+00
4.449037909507751465e-01,1.011366367340087891e+00
1.985575437545776367e+00,2.487508058547973633e+00
1.675097942352294922e+00,1.618606209754943848e+00
-9.353641867637634277e-01,6.637011051177978516e+00
1.805549621582031250e+00,1.554265022277832031e+00
-5.133516192436218262e-01,1.486211419105529785e+00
3.109307050704956055e+00,1.837778091430664062e+00
-1.635600328445434570e+00,3.075469732284545898e+00
1.915015697479248047e+00,2.900860071182250977e+00
-1.393465995788574219e-01,9.507610797882080078e-01
2.201904773712158203e+00,4.001147747039794922e+00
1.756624698638916016e+00,2.383318662643432617e+00
2.141937494277954102e+00,3.507741928100585938e+00
7.952361702919006348e-01,3.545536518096923828e+00
2.419400691986083984e+00,1.444214701652526855e+00
2.019571304321289062e+00,3.937148094177246094e+00
1.825485944747924805e+00,1.878714442253112793e+00
4.409990787506103516e+00,1.924081921577453613e+00
1.850685119628906250e+00,2.486554145812988281e+00
2.405109405517578125e+00,7.843165397644042969e-01
1.571174383163452148e+00,4.877903938293457031e+00
2.172041177749633789e+00,6.833897829055786133e-01
1.850049734115600586e+00,2.174689054489135742e+00
1.934287548065185547e+00,2.021808147430419922e+00
2.420315980911254883e+00,3.107579231262207031e+00
-7.569165825843811035e-01,6.078258991241455078e+00
3.234907388687133789e+00,2.751448392868041992e+00
2.005087137222290039e+00,3.897038459777832031e+00
2.090515613555908203e+00,2.987067222595214844e+00
2.541067838668823242e+00,2.946727514266967773e+00
1.551002502441406250e+00,5.023033142089843750e+00
2.348897695541381836e+00,2.566042661666870117e+00
-1.332560479640960693e-01,9.730955362319946289e-01
1.790466070175170898e+00,1.741967082023620605e+00
1.235661029815673828e+00,2.867779731750488281e+00
-4.976582527160644531e-01,1.479430437088012695e+00
1.339388132095336914e+00,4.023849964141845703e+00
6.491911411285400391e+00,-9.895614385604858398e-01
-4.013445973396301270e-01,1.423367619514465332e+00
2.344805240631103516e+00,6.089062690734863281e-01
3.646198272705078125e+00,1.924541354179382324e+00
2.366001129150390625e+00,2.359346151351928711e+00
2.595707178115844727e+00,3.224373817443847656e+00
2.086271524429321289e+00,2.966176271438598633e+00
2.324598073959350586e+00,2.660155534744262695e+00
1.929354816675186157e-01,3.261110067367553711e+00
2.141937494277954102e+00,3.507741928100585938e+00
2.233700275421142578e+00,4.423526763916015625e+00
2.707369565963745117e+00,2.256393909454345703e+00
7.716138362884521484e-01,3.221325635910034180e+00
-4.360173940658569336e-01,1.321345686912536621e+00
1.757172822952270508e+00,1.675837993621826172e+00
8.673191666603088379e-01,2.184058904647827148e+00
2.402806997299194336e+00,4.149035453796386719e+00
9.674297273159027100e-02,5.241910457611083984e+00
2.484464406967163086e+00,4.052948951721191406e+00
3.537403345108032227e+00,1.195866465568542480e+00
-8.739282488822937012e-01,1.170045733451843262e+00
2.861127853393554688e-01,6.559283733367919922e-01
5.535635948181152344e-01,2.635789394378662109e+00
-4.405887424945831299e-02,9.949229955673217773e-01
-4.410842061042785645e-01,1.319620847702026367e+00
3.174528598785400391e+00,1.982862591743469238e+00
2.302384853363037109e+00,2.385030746459960938e+00
2.816919088363647461e+00,1.500100493431091309e+00
2.390672445297241211e+00,2.223986148834228516e+00
1.317384243011474609e+00,1.971081614494323730e+00
1.015038967132568359e+01,-2.463013172149658203e+00
2.337098598480224609e+00,1.207893610000610352e+00
2.859228610992431641e+00,3.414897441864013672e+00
2.533112049102783203e+00,4.507598876953125000e+00
3.968757152557373047e+00,9.843324422836303711e-01
2.351897358894348145e-01,2.346817970275878906e+00
2.648536920547485352e+00,3.356403350830078125e+00
6.405062675476074219e+00,-3.142966926097869873e-01
2.741373062133789062e+00,3.410970449447631836e+00
1.242329597473144531e+00,2.808382034301757812e+00
-3.691274523735046387e-01,1.854608178138732910e+00
2.618798732757568359e+00,2.411996603012084961e+00
1.747234582901000977e+00,3.885375261306762695e+00
2.311654806137084961e+00,2.805251598358154297e+00
-4.470240473747253418e-01,8.359763622283935547e-01
7.148570537567138672e+00,-1.060047745704650879e+00
7.422731518745422363e-01,1.464224934577941895e+00
3.935591936111450195e+00,1.174112439155578613e+00
2.220790863037109375e+00,4.551073551177978516e+00
2.136300802230834961e+00,1.605215072631835938e+00
3.149140357971191406e+00,1.552693605422973633e+00
8.807390928268432617e-01,2.234602928161621094e+00
3.303693294525146484e+00,2.283387184143066406e+00
1.008230924606323242e+00,2.259490489959716797e+00
4.070936679840087891e+00,1.301327466964721680e+00
1.848160505294799805e+00,3.650034189224243164e+00
-8.493919968605041504e-01,-2.406024634838104248e-01
-4.491378068923950195e-01,1.862100481986999512e+00
2.206490755081176758e+00,4.224692344665527344e+00
8.905662894248962402e-01,1.686581492424011230e+00
2.558370828628540039e+00,3.346722841262817383e+00
4.120111465454101562e-03,1.195885419845581055e+00
1.483743906021118164e+00,8.174890518188476562e+00
-5.642829835414886475e-02,3.983688354492187500e-01
3.775148689746856689e-01,1.912896037101745605e+00
2.493246555328369141e+00,4.335382938385009766e+00
-7.984336018562316895e-01,1.600445628166198730e+00
2.638990402221679688e+00,2.837104558944702148e+00
7.176042199134826660e-01,5.091986656188964844e+00
1.907810449600219727e+00,2.152928829193115234e+00
5.483760833740234375e+00,5.044405460357666016e-01
1.418179750442504883e+00,4.273509502410888672e+00
-7.903094589710235596e-02,1.683186769485473633e+00
2.442005634307861328e+00,4.770723819732666016e+00
-6.541572213172912598e-01,6.651116847991943359e+00
1.029268503189086914e+00,3.816240549087524414e+00
3.537403345108032227e+00,1.195866465568542480e+00
2.895868539810180664e+00,1.036578059196472168e+00
8.468558192253112793e-01,3.003641366958618164e+00
1.292016696929931641e+01,-4.919707775115966797e+00
7.952361702919006348e-01,3.545536518096923828e+00
1.470963716506958008e+00,4.592301368713378906e+00
-9.498655200004577637e-01,1.737340331077575684e+00
1.242345571517944336e+00,3.599875450134277344e+00
3.050880432128906250e+00,2.829509735107421875e+00
2.564386606216430664e+00,3.522864580154418945e+00
1.201048612594604492e+00,2.944355726242065430e+00
-1.357685029506683350e-01,7.861852645874023438e-01
1.836976528167724609e+00,2.583741903305053711e+00
-8.700415492057800293e-01,1.541966676712036133e+00
9.652002453804016113e-01,3.378689050674438477e+00
3.317812681198120117e+00,2.357849597930908203e+00
4.275374710559844971e-01,4.718947887420654297e+00
4.314370632171630859e+00,1.048706769943237305e+00
3.251036643981933594e+00,3.096592426300048828e+00
4.647765636444091797e+00,9.858064651489257812e-01
1.697521358728408813e-01,1.133661746978759766e+00
2.431748628616333008e+00,3.896887540817260742e+00
7.858647108078002930e-01,2.915941715240478516e+00
1.477669477462768555e+00,4.814122200012207031e+00
1.449786663055419922e+00,1.598195552825927734e+00
2.103817701339721680e+00,3.171314001083374023e+00
-1.019114732742309570e+00,1.064158916473388672e+00
3.269816637039184570e+00,2.154861450195312500e+00
5.704364776611328125e+00,-3.061007559299468994e-01
1.384710550308227539e+00,3.350231170654296875e+00
2.399252653121948242e+00,2.534616947174072266e+00
3.426271677017211914e+00,3.529990434646606445e+00
3.098590612411499023e+00,1.858213186264038086e+00
1.365094184875488281e+00,3.728211879730224609e+00
2.374132394790649414e+00,4.478682994842529297e+00
2.844172716140747070e+00,1.480483889579772949e+00
2.776030302047729492e+00,3.100652933120727539e+00
1.929354816675186157e-01,3.261110067367553711e+00
-2.093662321567535400e-01,3.521526157855987549e-01
1.841848790645599365e-01,2.391617774963378906e+00
-8.940530419349670410e-01,1.614948391914367676e+00
1.131245255470275879e+00,2.290243148803710938e+00
2.401723623275756836e+00,2.635278940200805664e+00
-5.519218444824218750e-01,1.303429365158081055e+00
2.418122589588165283e-01,6.800229072570800781e+00
1.824378967285156250e+00,4.426198005676269531e+00
5.298395156860351562e-01,5.840085983276367188e+00
-5.398735404014587402e-01,1.594851732254028320e+00
-4.749788641929626465e-01,1.199771881103515625e+00
1.556808948516845703e+00,4.223124504089355469e+00
1.750912427902221680e+00,4.090656757354736328e+00
2.256209611892700195e+00,2.653481721878051758e+00
2.594357728958129883e+00,1.496518731117248535e+00
2.594357728958129883e+00,1.496518731117248535e+00
-4.330313205718994141e+00,1.162611484527587891e+01
2.213878393173217773e+00,3.361478328704833984e+00
2.623911380767822266e+00,3.442203521728515625e+00
1.397463083267211914e+00,4.723981857299804688e+00
1.838557004928588867e+00,3.799343109130859375e+00
1.952592849731445312e+00,3.764470100402832031e+00
-1.186464726924896240e-02,3.883829116821289062e-01
-6.859623789787292480e-01,1.987044215202331543e+00
6.026649475097656250e+00,-1.723550260066986084e-01
4.507769346237182617e-01,8.904891014099121094e-01
3.070086240768432617e+00,2.197810888290405273e+00
-3.507725298404693604e-01,1.644304990768432617e+00
1.898328542709350586e+00,4.538932323455810547e+00
-2.371935844421386719e+00,9.562528610229492188e+00
-5.189507007598876953e-01,8.545334339141845703e-01
-1.105352789163589478e-01,1.463504314422607422e+00
-1.631167232990264893e-01,1.554248332977294922e+00
2.429680585861206055e+00,2.620047807693481445e+00
1.806346654891967773e+00,1.891461968421936035e+00
7.019575238227844238e-01,2.799582242965698242e+00
2.467836141586303711e+00,2.396324634552001953e+00
2.493748068809509277e-02,2.824573516845703125e+00
3.503883600234985352e+00,1.661188483238220215e+00
2.728553533554077148e+00,2.372098922729492188e+00
2.405499935150146484e+00,3.768036127090454102e+00
2.003163099288940430e+00,4.543078899383544922e+00
1.411036252975463867e+00,1.463428735733032227e+00
-4.653760194778442383e-01,2.630993127822875977e+00
4.027765750885009766e+00,1.934605956077575684e+00
3.151502370834350586e+00,1.372831225395202637e+00
1.734190702438354492e+00,3.090984821319580078e+00
1.457503557205200195e+00,3.701078414916992188e+00
4.735249519348144531e+00,-6.048556566238403320e-01
2.757353782653808594e-01,2.285110712051391602e+00
1.903744935989379883e+00,3.287798643112182617e+00
1.202979460358619690e-01,2.038515806198120117e+00
2.198184013366699219e+00,3.199364185333251953e+00
2.486235648393630981e-02,1.417670130729675293e+00
1.258494853973388672e+00,4.096381664276123047e+00
-1.426243782043457031e-01,6.837180852890014648e-01
1.145300626754760742e+00,2.407188415527343750e+00
8.342025876045227051e-01,1.857445240020751953e+00
2.417063474655151367e+00,2.786622285842895508e+00
-7.900989651679992676e-01,1.247828483581542969e+00
-4.959396719932556152e-01,1.179148197174072266e+00
-6.005594134330749512e-01,8.755284547805786133e-01
-7.433772087097167969e-01,1.644396424293518066e+00
-7.038761377334594727e-01,1.124847173690795898e+00
2.057570219039916992e+00,3.519617795944213867e+00
7.164790630340576172e-01,4.555403232574462891e+00
-4.877963662147521973e-01,3.794139027595520020e-01
-9.416373372077941895e-01,1.387732505798339844e+00
1.820290803909301758e+00,3.080879449844360352e+00
8.579060435295104980e-03,5.571289539337158203e+00
1.928222417831420898e+00,4.351765155792236328e+00
-5.645208954811096191e-01,1.183270335197448730e+00
-8.318289518356323242e-01,1.308574914932250977e+00
-5.398735404014587402e-01,1.594851732254028320e+00
1.493602275848388672e+00,4.630124092102050781e+00
2.043335437774658203e+00,4.467706680297851562e+00
-7.058253288269042969e-01,1.545304536819458008e+00
2.847007513046264648e-01,6.696611404418945312e+00
-3.904742002487182617e-02,1.276401281356811523e+00
-5.043609738349914551e-01,2.044184923171997070e+00
3.552882194519042969e+00,1.635153055191040039e+00
1.954981565475463867e+00,1.393624544143676758e+00
1.018801808357238770e+00,3.414620637893676758e+00
2.095334291458129883e+00,2.353335142135620117e+00
-4.888216853141784668e-01,2.146735906600952148e+00
4.527475833892822266e+00,1.005449175834655762e+00
-1.076487302780151367e-01,2.767381668090820312e+00
1.937455415725708008e+00,4.748507499694824219e+00
-8.522676229476928711e-01,1.727514266967773438e+00
1.681557893753051758e+00,2.216927528381347656e+00
2.163724184036254883e+00,3.185819149017333984e+00
2.567758560180664062e+00,3.055534362792968750e+00
1.865154027938842773e+00,5.189527988433837891e+00
2.257075071334838867e+00,4.174130916595458984e+00
-4.062502980232238770e-01,1.612167358398437500e+00
2.802526950836181641e+00,1.934765577316284180e+00
1.892218112945556641e+00,2.769038438796997070e+00
3.115559101104736328e+00,4.013288974761962891e+00
1.758437395095825195e+00,2.351679325103759766e+00
-4.308111071586608887e-01,1.411591529846191406e+00
7.486554980278015137e-01,2.753638744354248047e+00
1.726501464843750000e+00,4.024426937103271484e+00
-4.900645613670349121e-01,1.753715991973876953e+00
1.744560480117797852e+00,5.259200096130371094e+00
1.980780601501464844e+00,3.439965486526489258e+00
2.323796749114990234e+00,3.477592706680297852e+00
2.058939695358276367e+00,2.197219610214233398e+00
1.805583477020263672e+00,3.257978439331054688e+00
2.465049743652343750e+00,2.310933113098144531e+00
-8.306233286857604980e-01,6.530324935913085938e+00
-1.039364337921142578e-01,1.412770748138427734e+00
2.885219812393188477e+00,3.429225444793701172e+00
3.288297653198242188e+00,1.810097098350524902e+00
2.053500652313232422e+00,3.934546709060668945e+00
3.815987825393676758e+00,1.719336748123168945e+00
-8.265514373779296875e-01,1.662368416786193848e+00
1.362604379653930664e+00,4.345993518829345703e+00
2.491373777389526367e+00,2.681703329086303711e+00
2.052009820938110352e+00,1.499274969100952148e+00
2.582327365875244141e+00,3.213180780410766602e+00
1.348120927810668945e+00,4.685871124267578125e+00
2.233708143234252930e+00,4.062749385833740234e+00
1.155524924397468567e-01,1.007176518440246582e+00
2.522091388702392578e+00,3.722473859786987305e+00
-3.704729080200195312e-01,1.528152346611022949e+00
2.163341045379638672e+00,3.625931262969970703e+00
-4.911677837371826172e-01,1.690715074539184570e+00
3.040589332580566406e+00,2.448861360549926758e+00
1.055913686752319336e+00,2.475845336914062500e+00
8.004926443099975586e-01,3.153445720672607422e+00
-1.721250116825103760e-01,2.727732658386230469e+00
1.809101819992065430e+00,3.447130203247070312e+00
9.159891605377197266e-01,3.400992393493652344e+00
6.575665473937988281e-01,3.336875915527343750e+00
3.746364355087280273e+00,1.614653944969177246e+00
-7.109817862510681152e-01,2.104293107986450195e+00
2.675364494323730469e+00,-2.452836930751800537e-01
2.280342578887939453e+00,3.977402925491333008e+00
1.574406147003173828e+00,4.286312103271484375e+00
2.340247869491577148e+00,2.485393762588500977e+00
3.625919580459594727e+00,1.067036628723144531e+00
2.047156572341918945e+00,3.069088459014892578e+00
3.766957759857177734e+00,1.153481006622314453e+00
-5.829033255577087402e-01,1.225788593292236328e+00
1.476942777633666992e+00,5.681297302246093750e+00
1.818467855453491211e+00,4.105434894561767578e+00
2.011777400970458984e+00,3.428337812423706055e+00
1.134409666061401367e+00,4.447174549102783203e+00
3.654005050659179688e+00,1.138684749603271484e+00
1.140637874603271484e+00,1.770782351493835449e+00
2.480729341506958008e+00,1.572564721107482910e+00
2.412714004516601562e+00,1.963294982910156250e+00
-2.919262647628784180e-01,1.260285019874572754e+00
-2.533270120620727539e+00,6.750649452209472656e+00
1.805549621582031250e+00,1.554265022277832031e+00
3.265841007232666016e-01,4.447211325168609619e-01
2.478208541870117188e+00,2.732300996780395508e+00
3.841093301773071289e+00,1.119156599044799805e+00
-7.126623392105102539e-01,1.663517355918884277e+00
1.407984733581542969e+00,4.452996730804443359e+00
4.240016937255859375e-01,2.950045585632324219e+00
9.350523948669433594e+00,-2.239870071411132812e+00
-5.256342887878417969e-01,1.368504643440246582e+00
2.186643362045288086e+00,3.328918457031250000e+00
-7.145121693611145020e-01,1.743961334228515625e+00
-7.606824636459350586e-01,1.668418049812316895e+00
1.774834394454956055e+00,5.269463062286376953e+00
1.094544172286987305e+00,3.496985912322998047e+00
-6.594088673591613770e-01,5.606355071067810059e-01
2.053330421447753906e+00,3.641188621520996094e+00
5.649238824844360352e-01,6.166829586029052734e+00
2.568825006484985352e+00,2.996005296707153320e+00
4.533136188983917236e-01,2.577126979827880859e+00
1.027927875518798828e+00,4.128354549407958984e+00
2.385175228118896484e+00,2.493309497833251953e+00
-4.618332386016845703e-01,6.944017410278320312e-01
6.073215484619140625e+00,-2.822356522083282471e-01
3.531103610992431641e+00,1.756175398826599121e+00
1.647848844528198242e+00,2.957940816879272461e+00
1.694935560226440430e+00,3.210517406463623047e+00
1.470861434936523438e+00,5.529175281524658203e+00
2.041785001754760742e+00,3.885298967361450195e+00
3.115559101104736328e+00,4.013288974761962891e+00
1.294376373291015625e+00,2.584364652633666992e+00
1.141658782958984375e+00,2.039510011672973633e+00
2.416217565536499023e+00,3.046528816223144531e+00
3.526016712188720703e+00,1.472321391105651855e+00
-3.852949738502502441e-01,1.964847922325134277e+00
1.960889101028442383e+00,3.892873525619506836e+00
-1.422093510627746582e-01,2.751535177230834961e+00
-4.870818555355072021e-02,1.389661431312561035e+00
9.024571776390075684e-01,-6.165323257446289062e-01
1.768138647079467773e+00,1.412022590637207031e+00
2.186643362045288086e+00,3.328918457031250000e+00
2.016279220581054688e+00,2.702958583831787109e+00
3.882334470748901367e+00,2.423787266016006470e-01
4.884042263031005859e+00,-2.986531555652618408e-01
-4.650924205780029297e-01,1.559864759445190430e+00
2.003123521804809570e+00,2.926599979400634766e+00
1.019705533981323242e+00,2.471662521362304688e+00
-1.159954518079757690e-01,1.302443861961364746e+00
3.429917097091674805e+00,7.700944542884826660e-01
-2.584919631481170654e-01,1.598104834556579590e+00
-7.164156436920166016e-01,8.169870376586914062e+00
-3.651964664459228516e-01,1.993267655372619629e+00
1.339388132095336914e+00,4.023849964141845703e+00
4.602268934249877930e-01,1.800345897674560547e+00
-5.145059823989868164e-01,1.192880749702453613e+00
-7.536116838455200195e-01,1.820081949234008789e+00
3.417716264724731445e+00,2.094667673110961914e+00
2.145735502243041992e+00,4.386789798736572266e+00
3.555115461349487305e+00,2.192144155502319336e+00
3.688824892044067383e+00,3.485421657562255859e+00
3.205736875534057617e+00,2.066334009170532227e+00
1.415483236312866211e+00,4.553082942962646484e+00
1.134037256240844727e+00,4.576988220214843750e+00
2.048056840896606445e+00,1.722413301467895508e+00
7.093340754508972168e-01,1.990073442459106445e+00
3.329322576522827148e+00,1.606603622436523438e+00
9.805753827095031738e-01,2.150518417358398438e+00
1.966312646865844727e+00,3.361823558807373047e+00
8.539813756942749023e-01,3.172869443893432617e+00
3.422303199768066406e-01,1.575713872909545898e+00
-8.847116827964782715e-01,1.294592142105102539e+00
-3.549608886241912842e-01,1.745735406875610352e-01
3.205701828002929688e+00,2.576991319656372070e+00
-8.700415492057800293e-01,1.541966676712036133e+00
1.381548643112182617e+00,2.980324745178222656e+00
1.870826482772827148e+00,1.148564815521240234e+00
3.496818780899047852e+00,1.925372123718261719e+00
7.695105075836181641e-01,4.476356506347656250e+00
2.577219486236572266e+00,2.540206432342529297e+00
-8.265514373779296875e-01,1.662368416786193848e+00
1.015038967132568359e+01,-2.463013172149658203e+00
9.101426005363464355e-01,2.920725822448730469e+00
2.513176679611206055e+00,5.513434886932373047e+00
3.389799892902374268e-01,5.186775922775268555e-01
2.179080247879028320e+00,3.400904893875122070e+00
2.666362762451171875e+00,2.245927572250366211e+00
-1.023371219635009766e+00,1.623561859130859375e+00
-4.714058041572570801e-01,9.340513944625854492e-01
-8.722984194755554199e-01,1.783089518547058105e+00
3.323480367660522461e+00,3.741465568542480469e+00
1.154947042465209961e+00,1.766819477081298828e+00
-4.168752431869506836e-01,5.600022077560424805e-01
2.155855178833007812e+00,4.627501487731933594e+00
-1.023132801055908203e+00,4.669786930084228516e+00
8.939675688743591309e-01,2.859619617462158203e+00
7.517597675323486328e-01,7.019396305084228516e+00
5.129433870315551758e-01,2.472511768341064453e+00
1.516403913497924805e+00,6.061481475830078125e+00
1.976757049560546875e-01,5.201867580413818359e+00
3.313122272491455078e+00,1.768557667732238770e+00
2.720049142837524414e+00,3.051118612289428711e+00
-9.128355383872985840e-01,1.882196784019470215e+00
1.706067323684692383e+00,5.370484352111816406e+00
2.376354217529296875e+00,4.251221179962158203e+00
3.420834064483642578e+00,1.948551654815673828e+00
2.135632038116455078e+00,3.366071939468383789e+00
-1.142201185226440430e+00,1.722727298736572266e+00
-6.974970698356628418e-01,2.830337285995483398e+00
-1.153289079666137695e+00,8.672570228576660156e+00
4.666014671325683594e+00,1.491180300712585449e+00
7.818696647882461548e-02,4.015913486480712891e+00
2.849270582199096680e+00,2.106804370880126953e+00
3.180365085601806641e+00,2.480317354202270508e+00
2.677755594253540039e+00,3.218806505203247070e+00
-5.506058335304260254e-01,1.964648604393005371e+00
1.523782253265380859e+00,3.636926651000976562e+00
-3.151388764381408691e-01,5.356674671173095703e+00
6.362549066543579102e-01,2.948318481445312500e+00
1.840439796447753906e+00,4.369856834411621094e+00
1.958436012268066406e+00,3.499168872833251953e+00
1.223010301589965820e+00,4.697270393371582031e+00
-1.422093510627746582e-01,2.751535177230834961e+00
-1.375545501708984375e+00,1.645510196685791016e+00
-8.728273510932922363e-01,1.197980523109436035e+00
2.107077360153198242e+00,1.672467470169067383e+00
-1.501523494720458984e+00,1.672500133514404297e+00
4.138163089752197266e+00,1.435739398002624512e+00
1.188697338104248047e+00,3.124051809310913086e+00
2.726080417633056641e+00,3.782453775405883789e+00
-1.189854621887207031e+00,1.964863181114196777e+00
2.790586948394775391e+00,3.552552700042724609e+00
5.036411881446838379e-01,2.043144702911376953e+00
-2.364876866340637207e-01,1.216776132583618164e+00
9.913673996925354004e-01,4.996161937713623047e+00
-1.775769948959350586e+00,1.454921960830688477e+00
1.140510320663452148e+00,4.764322280883789062e+00
2.231633186340332031e+00,3.565571308135986328e+00
-1.087613105773925781e+00,8.776468276977539062e+00
3.284662723541259766e+00,2.109428405761718750e+00
-1.978986859321594238e-01,5.141740322113037109e+00
-1.030249357223510742e+00,1.264366745948791504e+00
2.470995426177978516e+00,3.478875637054443359e+00
1.258408546447753906e+00,4.668716907501220703e+00
2.894855499267578125e+00,1.453666687011718750e+00
3.087675571441650391e+00,1.401551604270935059e+00
-1.158458232879638672e+00,1.410195827484130859e+00
2.574794054031372070e+00,1.533829331398010254e+00
3.930930793285369873e-01,2.267599344253540039e+00
-6.221122145652770996e-01,1.431613326072692871e+00
4.035291671752929688e+00,2.292618751525878906e+00
-1.228369712829589844e+00,1.500111222267150879e+00
1.215647220611572266e+00,2.113797187805175781e+00
2.533112049102783203e+00,4.507598876953125000e+00
2.335333824157714844e+00,4.432884693145751953e+00
1.845628023147583008e+00,2.801328897476196289e+00
2.850538015365600586e+00,1.609428882598876953e+00
2.988166093826293945e+00,1.646842122077941895e+00
-1.561401844024658203e+00,1.348378181457519531e+00
2.733693361282348633e+00,3.754889488220214844e+00
1.053571403026580811e-01,5.634897232055664062e+00
1.283380985260009766e+00,5.386340618133544922e+00
4.828741550445556641e+00,7.818069458007812500e-01
1.554763793945312500e+00,3.335886478424072266e+00
-7.532801628112792969e-01,1.429358124732971191e+00
1.646022796630859375e+00,2.367355346679687500e+00
3.218254804611206055e+00,2.019833326339721680e+00
2.335333824157714844e+00,4.432884693145751953e+00
-9.801682829856872559e-02,6.116508007049560547e+00
1.627001285552978516e+00,4.532836437225341797e+00
2.336925983428955078e+00,4.236903190612792969e+00
3.995848894119262695e+00,1.750783681869506836e+00
2.282662391662597656e+00,4.832532405853271484e+00
9.201167821884155273e-01,5.255524635314941406e+00
-1.279599905014038086e+00,8.469597816467285156e+00
-7.214433550834655762e-01,6.660624980926513672e+00
-8.992654085159301758e-02,1.399421215057373047e+00
2.932430267333984375e+00,2.546864271163940430e+00
1.378010272979736328e+00,2.959713220596313477e+00
1.934287548065185547e+00,2.021808147430419922e+00
-6.794773340225219727e-01,1.612812280654907227e+00
-6.451173126697540283e-02,9.904271364212036133e-01
-1.167865753173828125e+00,4.984834194183349609e-01
1.011268943548202515e-01,3.825349092483520508e+00
-1.013450384140014648e+00,1.513615131378173828e+00
-4.698629677295684814e-02,4.582125842571258545e-01
-1.549022436141967773e+00,2.027164936065673828e+00
1.928487062454223633e+00,3.676888704299926758e+00
1.176152706146240234e+00,3.229499578475952148e+00
1.441378593444824219e-01,3.946112394332885742e-01
-6.669288873672485352e-02,5.664114952087402344e+00
-1.418798685073852539e+00,1.151041865348815918e+00
-4.470240473747253418e-01,8.359763622283935547e-01
2.837176322937011719e+00,1.967312812805175781e+00
2.482302427291870117e+00,2.700167417526245117e+00
2.114002227783203125e+00,2.274945497512817383e+00
9.069138765335083008e-01,5.008145809173583984e+00
1.490185022354125977e+00,4.226094722747802734e+00
8.199282884597778320e-01,2.467393875122070312e+00
1.376302719116210938e+00,1.882280707359313965e+00
2.342075347900390625e+00,3.755290508270263672e+00
1.321132034063339233e-01,2.419251918792724609e+00
2.626132726669311523e+00,2.976011276245117188e+00
1.976757049560546875e-01,5.201867580413818359e+00
-1.163505315780639648e+00,8.585461378097534180e-01
2.579199314117431641e+00,2.513430118560791016e+00
8.797037601470947266e-01,2.869854211807250977e+00
9.599156379699707031e-01,3.332162141799926758e+00
5.601227283477783203e-01,4.521185398101806641e+00
1.406730651855468750e+00,8.518810272216796875e+00
2.126092910766601562e+00,3.681446790695190430e+00
2.064769744873046875e+00,2.317048788070678711e+00
-1.232461690902709961e+00,1.414724230766296387e+00
2.756844282150268555e+00,1.678526639938354492e+00
2.822854280471801758e+00,3.415817499160766602e+00
2.323796749114990234e+00,3.477592706680297852e+00
-1.038786172866821289e+00,1.545894384384155273e+00
-1.972811818122863770e-01,1.768632769584655762e+00
1.963431358337402344e+00,1.337565898895263672e+00
1.264007091522216797e+00,2.162232637405395508e+00
2.545086860656738281e+00,3.361433029174804688e+00
1.892218112945556641e+00,2.769038438796997070e+00
1.972690582275390625e+00,3.459935665130615234e+00
1.335427045822143555e+00,3.934828996658325195e+00
-1.158458232879638672e+00,1.410195827484130859e+00
-8.211411535739898682e-02,1.084742665290832520e+00
5.102675437927246094e+00,-6.793184280395507812e-01
-1.671445369720458984e+00,7.630103588104248047e+00
1.599245309829711914e+00,4.531258583068847656e+00
5.345637798309326172e+00,-1.257680535316467285e+00
2.204286336898803711e+00,3.778074264526367188e+00
5.895568728446960449e-01,4.603819847106933594e+00
-7.197374701499938965e-01,1.388350009918212891e+00
-3.183139860630035400e-01,1.357308268547058105e+00
3.307744026184082031e+00,1.642561674118041992e+00
7.148570537567138672e+00,-1.060047745704650879e+00
3.179981946945190430e+00,1.389853954315185547e+00
-6.601979732513427734e-01,1.222662091255187988e+00
2.337098598480224609e+00,1.207893610000610352e+00
3.529338836669921875e-01,1.765916943550109863e+00
-1.106607437133789062e+00,1.566161274909973145e+00
4.666014671325683594e+00,1.491180300712585449e+00
9.850594401359558105e-01,5.204206943511962891e+00
2.086476325988769531e+00,3.600186586380004883e+00
3.790833234786987305e+00,1.312516212463378906e+00
7.142066359519958496e-01,2.103452205657958984e+00
3.648376941680908203e+00,1.616796970367431641e+00
-1.018971920013427734e+00,5.940762519836425781e+00
2.376669883728027344e+00,3.646481037139892578e+00
1.734762907028198242e+00,4.294384956359863281e+00
-4.491378068923950195e-01,1.862100481986999512e+00
6.024226546287536621e-01,2.342538118362426758e+00
2.041467428207397461e+00,2.813690900802612305e+00
1.220053061842918396e-01,9.003597497940063477e-01
2.117418766021728516e+00,5.905755758285522461e-01
2.070665597915649414e+00,3.854574441909790039e+00
1.504738032817840576e-01,2.088286876678466797e+00
9.117835164070129395e-01,2.710008859634399414e+00
3.294623374938964844e+00,2.203100681304931641e+00
2.632314562797546387e-01,4.996951580047607422e+00
2.706831455230712891e+00,3.492100954055786133e+00
-7.320013046264648438e-01,1.541693449020385742e+00
7.956362962722778320e-01,2.011639118194580078e+00
-9.043012261390686035e-01,1.652170658111572266e+00
-1.586035788059234619e-01,1.385958075523376465e+00
-7.197374701499938965e-01,1.388350009918212891e+00
1.027927875518798828e+00,4.128354549407958984e+00
1.059311151504516602e+00,1.775100231170654297e+00
-2.032053172588348389e-01,3.765069246292114258e+00
2.086476325988769531e+00,3.600186586380004883e+00
8.406676352024078369e-03,3.040326833724975586e-01
-2.794580936431884766e+00,9.566615104675292969e+00
1.714271306991577148e-01,2.281270265579223633e+00
1.359787225723266602e+00,2.816804647445678711e+00
2.207038402557373047e+00,4.221968650817871094e+00
-7.433772087097167969e-01,1.644396424293518066e+00
3.278914690017700195e-01,1.483978033065795898e+00
2.307331085205078125e+00,3.279606103897094727e+00
1.045495152473449707e+00,3.186913967132568359e+00
-2.661604881286621094e-01,1.353540897369384766e+00
-4.793705940246582031e-01,1.390407681465148926e+00
1.822807073593139648e+00,3.488710880279541016e+00
-8.507708907127380371e-01,1.727164268493652344e+00
5.298395156860351562e-01,5.840085983276367188e+00
2.436271190643310547e+00,3.171244859695434570e+00
1.359433650970458984e+00,3.323995590209960938e+00
1.207939624786376953e+00,5.501106739044189453e+00
-8.298186957836151123e-02,1.129620075225830078e+00
1.478788852691650391e+00,4.731587886810302734e+00
1.579016685485839844e+00,1.673384308815002441e+00
1.816512346267700195e+00,4.405611038208007812e+00
-9.134346842765808105e-01,7.316307067871093750e+00
8.512008190155029297e-01,2.955826759338378906e+00
1.677574396133422852e+00,3.527481079101562500e+00
2.455724716186523438e+00,1.214452624320983887e+00
3.054562330245971680e+00,1.385185599327087402e+00
-1.673631370067596436e-01,7.580959796905517578e-01
2.460002660751342773e+00,4.139998912811279297e+00
8.698956966400146484e-01,3.765119791030883789e+00
9.977183938026428223e-01,3.559240102767944336e+00
-3.691274523735046387e-01,1.854608178138732910e+00
3.613915205001831055e+00,5.458225607872009277e-01
5.471263885498046875e+00,4.622086286544799805e-01
9.674297273159027100e-02,5.241910457611083984e+00
1.838156700134277344e+00,4.309710979461669922e+00
2.241648435592651367e+00,2.452203989028930664e+00
2.112630367279052734e+00,2.546082973480224609e+00
-2.818728089332580566e-01,1.498538494110107422e+00
2.478208541870117188e+00,2.732300996780395508e+00
-1.519728600978851318e-01,9.146062135696411133e-01
1.476204395294189453e+00,4.478268146514892578e+00
1.999013185501098633e+00,2.611171722412109375e+00
5.881343364715576172e+00,-1.033010125160217285e+00
-5.080356001853942871e-01,1.216518282890319824e+00
2.200268268585205078e+00,3.576950550079345703e+00
-5.196545720100402832e-01,9.475399255752563477e-01
3.296250998973846436e-01,3.903805315494537354e-01
-6.028192639350891113e-01,1.552745223045349121e+00
2.232366085052490234e+00,2.693261384963989258e+00
3.364864349365234375e+00,1.566352605819702148e+00
2.422487497329711914e+00,2.416174888610839844e+00
3.017960071563720703e+00,2.685503959655761719e+00
9.490641355514526367e-01,2.746340513229370117e+00
2.159727573394775391e+00,1.170345902442932129e+00
5.367242813110351562e+00,-5.823161602020263672e-01
2.030162572860717773e+00,4.796689510345458984e+00
4.672381877899169922e+00,6.840355396270751953e-01
5.866158604621887207e-01,3.579661369323730469e+00
1.861875534057617188e+00,1.526556730270385742e+00
1.013696044683456421e-01,1.071527361869812012e+00
9.577788114547729492e-01,2.800222158432006836e+00
-4.790640473365783691e-01,1.078722357749938965e+00
2.877973318099975586e+00,1.913401126861572266e+00
1.516403913497924805e+00,6.061481475830078125e+00
1.468230724334716797e+00,3.613208055496215820e+00
7.109931707382202148e-01,5.049273490905761719e+00
2.199881792068481445e+00,4.029926776885986328e+00
2.455173492431640625e+00,2.928153514862060547e+00
3.069629907608032227e+00,1.614990115165710449e+00
1.133689731359481812e-01,1.956065893173217773e+00
4.735249519348144531e+00,-6.048556566238403320e-01
1.467228174209594727e+00,2.109324455261230469e+00
-5.796225070953369141e-01,1.584551095962524414e+00
7.585908770561218262e-01,2.733447074890136719e+00
8.883813023567199707e-01,4.714769840240478516e+00
1.969969034194946289e+00,2.530692338943481445e+00
1.887672901153564453e+00,1.621136903762817383e+00
-1.030249357223510742e+00,1.264366745948791504e+00
-2.264210283756256104e-01,6.569002270698547363e-01
2.998785972595214844e+00,1.914674162864685059e+00
1.592825174331665039e+00,1.608491301536560059e+00
2.439567089080810547e+00,3.096805334091186523e+00
1.875175714492797852e+00,3.617157459259033203e+00
1.508726596832275391e+00,1.700719118118286133e+00
1.042003393173217773e+00,3.500866651535034180e+00
-6.588411927223205566e-01,1.329100131988525391e+00
-7.532018423080444336e-02,5.999086856842041016e+00
2.173509836196899414e+00,9.100500345230102539e-01
2.740256547927856445e+00,2.786912202835083008e+00
2.920794963836669922e+00,-2.336502075195312500e-03
1.739689826965332031e+00,2.947678565979003906e+00
-1.135988533496856689e-01,1.183839797973632812e+00
1.454884052276611328e+00,3.739026784896850586e+00
1.307302951812744141e+00,4.555964946746826172e+00
2.599832773208618164e+00,2.480039119720458984e+00
2.429680585861206055e+00,2.620047807693481445e+00
1.462601661682128906e+00,3.656239748001098633e+00
3.337178230285644531e+00,2.807469367980957031e+00
7.844218611717224121e-01,2.939173936843872070e+00
2.574128150939941406e+00,3.342629194259643555e+00
-6.130285859107971191e-01,1.389910101890563965e+00
2.558645486831665039e+00,3.324573040008544922e+00
1.477332830429077148e+00,4.529067516326904297e+00
1.205553770065307617e+00,1.956287860870361328e+00
-1.870813965797424316e-02,6.581516265869140625e-01
5.703898072242736816e-01,2.522432565689086914e+00
2.382676124572753906e+00,2.546953678131103516e+00
1.190632820129394531e+00,3.354171991348266602e+00
1.207939624786376953e+00,5.501106739044189453e+00
2.282647848129272461e+00,3.801241397857666016e+00
-6.419895291328430176e-01,1.269982218742370605e+00
4.401275217533111572e-01,2.430967569351196289e+00
1.537742853164672852e+00,2.874460220336914062e+00
1.630711078643798828e+00,1.394809842109680176e+00
3.259779512882232666e-01,2.185462474822998047e+00
1.621574401855468750e+00,4.563219547271728516e+00
2.884482741355895996e-01,1.680826663970947266e+00
1.745868206024169922e+00,2.543926477432250977e+00
1.905780315399169922e+00,3.522543430328369141e+00
8.716512918472290039e-01,1.954040169715881348e+00
-5.879310965538024902e-01,1.314210653305053711e+00
6.791039705276489258e-01,3.281090974807739258e+00
5.474308729171752930e-01,1.836755871772766113e+00
1.605186462402343750e+00,2.446605920791625977e+00
2.643867969512939453e+00,3.238530635833740234e+00
-1.202829122543334961e+00,6.018222570419311523e-01
3.946707487106323242e+00,1.452841758728027344e+00
5.030205845832824707e-01,2.861619949340820312e+00
1.947222948074340820e+00,2.522819042205810547e+00
1.777158260345458984e+00,2.734462499618530273e+00
1.186256408691406250e+00,3.450764417648315430e+00
9.611380696296691895e-01,1.300785899162292480e+00
2.213878393173217773e+00,3.361478328704833984e+00
8.435266613960266113e-01,1.196342229843139648e+00
8.627898693084716797e-01,3.343599557876586914e+00
-1.106607437133789062e+00,1.566161274909973145e+00
2.034254968166351318e-01,5.288431048393249512e-01
-8.114178180694580078e-01,1.561972379684448242e+00
-3.049685716629028320e+00,2.766349792480468750e+00
8.216993808746337891e-01,5.484064579010009766e+00
-1.356225013732910156e+00,1.518523335456848145e+00
2.450765848159790039e+00,1.546582221984863281e+00
2.641247034072875977e+00,2.903282642364501953e-03
2.341456651687622070e+00,3.490373134613037109e+00
-8.722984194755554199e-01,1.783089518547058105e+00
3.294623374938964844e+00,2.203100681304931641e+00
-9.422847628593444824e-01,1.082296729087829590e+00
-6.794381141662597656e-01,1.362193346023559570e+00
1.601478815078735352e+00,2.220541477203369141e+00
3.287056684494018555e+00,1.453374981880187988e+00
-1.228369712829589844e+00,1.500111222267150879e+00
-9.873848557472229004e-01,1.626518249511718750e+00
5.531717091798782349e-02,5.847163677215576172e+00
2.780383825302124023e+00,3.391364812850952148e+00
1.254546880722045898e+00,5.434226036071777344e+00
2.199508905410766602e+00,2.971959829330444336e+00
7.517597675323486328e-01,7.019396305084228516e+00
1.018872499465942383e+00,5.260661125183105469e+00
2.841130495071411133e-01,7.141983509063720703e+00
1.252398252487182617e+00,3.478516817092895508e+00
1.958488941192626953e+00,3.173973083496093750e+00
2.326364994049072266e+00,3.414602756500244141e+00
8.628555536270141602e-01,2.215284824371337891e+00
1.108920574188232422e+00,2.616041183471679688e+00
1.890954256057739258e+00,2.722084522247314453e+00
2.628241777420043945e+00,3.418171644210815430e+00
9.117835164070129395e-01,2.710008859634399414e+00
1.032652929425239563e-01,6.417195320129394531e+00
-6.713572740554809570e-01,6.757843494415283203e-01
2.369351625442504883e+00,2.970665216445922852e+00
4.484716355800628662e-01,3.685499906539916992e+00
1.496368169784545898e+00,2.246466875076293945e+00
5.531717091798782349e-02,5.847163677215576172e+00
1.972690582275390625e+00,3.459935665130615234e+00
1.502660274505615234e+00,2.385897636413574219e+00
2.658133983612060547e+00,2.434439182281494141e+00
2.198184013366699219e+00,3.199364185333251953e+00
1.766823768615722656e+00,3.653020858764648438e+00
1.005779743194580078e+00,7.205494880676269531e+00
2.052009820938110352e+00,1.499274969100952148e+00
3.109307050704956055e+00,1.837778091430664062e+00
2.407816171646118164e+00,2.894005537033081055e+00
5.009640693664550781e+00,-7.863202095031738281e-01
-1.932297646999359131e-01,7.526323795318603516e+00
1.062057018280029297e+00,2.347496271133422852e+00
1.430156230926513672e+00,1.689795017242431641e+00
3.222368717193603516e+00,1.449971079826354980e+00
-8.881506323814392090e-01,1.312167048454284668e+00
2.466044664382934570e+00,1.574604272842407227e+00
4.448892921209335327e-02,1.361378669738769531e+00
8.169845938682556152e-01,2.940274238586425781e+00
2.353638648986816406e+00,2.383749485015869141e+00
3.290652275085449219e+00,6.406320333480834961e-01
2.437695741653442383e+00,2.668186426162719727e+00
5.837817192077636719e-01,5.820458412170410156e+00
-5.021764039993286133e-01,2.015856027603149414e+00
2.412714004516601562e+00,1.963294982910156250e+00
1.690114021301269531e+00,3.311216592788696289e+00
1.454884052276611328e+00,3.739026784896850586e+00
2.059945821762084961e+00,2.946860313415527344e+00
-3.947529792785644531e-01,1.238967895507812500e+00
2.582138299942016602e+00,2.797284841537475586e+00
8.624461293220520020e-02,7.702075242996215820e-01
8.755720257759094238e-01,5.477964878082275391e+00
6.314556598663330078e-01,2.350708961486816406e+00
1.990419626235961914e+00,3.358763456344604492e+00
7.279040217399597168e-01,3.817093610763549805e+00
1.974633932113647461e+00,3.839070081710815430e+00
1.723586082458496094e+00,4.158494949340820312e+00
2.460168838500976562e+00,3.126285076141357422e+00
1.157647848129272461e+00,4.376943111419677734e+00
2.768708467483520508e+00,1.540593504905700684e+00
1.842354297637939453e+00,3.895642757415771484e+00
2.011466264724731445e+00,2.668219566345214844e+00
2.455724716186523438e+00,1.214452624320983887e+00
8.386909365653991699e-01,5.204615592956542969e+00
2.226661443710327148e+00,3.325369596481323242e+00
1.867549419403076172e+00,3.370790004730224609e+00
9.764108657836914062e-01,1.405312895774841309e+00
1.811529874801635742e+00,2.356560230255126953e+00
-6.099364757537841797e-01,1.518638014793395996e+00
1.890514850616455078e+00,4.113765239715576172e+00
2.491373777389526367e+00,2.681703329086303711e+00
2.740156412124633789e+00,2.026457309722900391e+00
2.661797761917114258e+00,1.693492412567138672e+00
1.781745433807373047e+00,-1.101296782493591309e+00
1.558896064758300781e+00,3.444830417633056641e+00
2.954022884368896484e+00,1.127249121665954590e+00
7.391594052314758301e-01,3.146938085556030273e+00
2.583190202713012695e+00,3.536630392074584961e+00
1.602823972702026367e+00,1.854985833168029785e+00
-5.040169954299926758e-01,1.464919209480285645e+00
1.334375858306884766e+00,2.073912858963012695e+00
4.828741550445556641e+00,7.818069458007812500e-01
1.848796844482421875e+00,2.576519966125488281e+00
1.734762907028198242e+00,4.294384956359863281e+00
-6.297603249549865723e-01,1.472446560859680176e+00
1.681522846221923828e+00,2.954926729202270508e+00
-6.773808598518371582e-01,1.183038115501403809e+00
8.748700022697448730e-01,2.751466512680053711e+00
-4.791972637176513672e-01,1.065645813941955566e+00
1.738481521606445312e+00,4.635641098022460938e+00
2.263283967971801758e+00,7.244304418563842773e-01
2.492059022188186646e-02,1.007947444915771484e+00
2.106774568557739258e+00,2.185483455657958984e+00
-6.847155094146728516e-01,1.237186670303344727e+00
2.582327365875244141e+00,3.213180780410766602e+00
1.677720069885253906e+00,3.578450202941894531e+00
-5.101022124290466309e-01,1.700758814811706543e+00
6.131236553192138672e-01,3.381160736083984375e+00
-4.289725780487060547e+00,1.143311595916748047e+01
1.928222417831420898e+00,4.351765155792236328e+00
1.535469532012939453e+00,3.117859601974487305e+00
1.451938867568969727e+00,3.355693817138671875e+00
2.070549279451370239e-01,2.149849176406860352e+00
2.894855499267578125e+00,1.453666687011718750e+00
1.947732925415039062e+00,3.537956237792968750e+00
2.373979330062866211e+00,2.531032562255859375e+00
2.157832384109497070e+00,2.566680431365966797e+00
3.148104429244995117e+00,1.703281402587890625e+00
2.604519844055175781e+00,3.345336437225341797e+00
7.001683712005615234e-01,4.494645118713378906e+00
2.267563343048095703e+00,2.944332838058471680e+00
1.809101819992065430e+00,3.447130203247070312e+00
9.593629837036132812e-01,3.311604261398315430e+00
2.876492738723754883e+00,2.624695062637329102e+00
-1.035686492919921875e+00,1.598821282386779785e+00
1.947732925415039062e+00,3.537956237792968750e+00
-1.086953878402709961e+00,1.688895225524902344e+00
2.426293134689331055e+00,4.140078544616699219e+00
-5.145059823989868164e-01,1.192880749702453613e+00
2.636977672576904297e+00,3.825621128082275391e+00
-2.212293863296508789e+00,1.026960945129394531e+01
3.265841007232666016e-01,4.447211325168609619e-01
2.797103881835937500e+00,2.185628652572631836e+00
1.163054943084716797e+00,4.222811222076416016e+00
-1.189854621887207031e+00,1.964863181114196777e+00
2.297281742095947266e+00,3.232161283493041992e+00
-1.762483119964599609e-01,1.280591607093811035e+00
3.706494092941284180e+00,1.397593021392822266e+00
3.291279554367065430e+00,1.997433662414550781e+00
3.613915205001831055e+00,5.458225607872009277e-01
1.640583992004394531e+00,5.747767448425292969e+00
7.109931707382202148e-01,5.049273490905761719e+00
-6.315847635269165039e-01,9.220241308212280273e-01
1.396887063980102539e+00,5.795736312866210938e+00
1.422144174575805664e+00,1.899449348449707031e+00
1.520473003387451172e+00,1.762564659118652344e+00
2.355911493301391602e+00,3.443558931350708008e+00
-4.395245909690856934e-01,1.479155540466308594e+00
4.176425933837890625e+00,6.814303398132324219e-01
1.494622945785522461e+00,4.944538116455078125e+00
1.636940717697143555e+00,2.041219711303710938e+00
2.794906497001647949e-02,6.394270420074462891e+00
3.040589332580566406e+00,2.448861360549926758e+00
9.808400273323059082e-01,1.876659393310546875e+00
2.817559719085693359e+00,1.954378485679626465e+00
2.628972530364990234e+00,2.953207969665527344e+00
2.469202041625976562e+00,3.783158540725708008e+00
1.337966680526733398e+00,1.700445652008056641e+00
3.098590612411499023e+00,1.858213186264038086e+00
-8.728273510932922363e-01,1.197980523109436035e+00
7.772694826126098633e-01,5.249148368835449219e+00
3.269816637039184570e+00,2.154861450195312500e+00
2.976013422012329102e+00,4.444748401641845703e+00
3.891412258148193359e+00,2.280496597290039062e+00
1.933601379394531250e+00,5.140694141387939453e+00
-7.338717579841613770e-02,1.124534845352172852e+00
-1.000540971755981445e+00,1.419511795043945312e+00
1.894042015075683594e+00,4.039406299591064453e+00
2.806169509887695312e+00,3.371205329895019531e+00
-8.545009493827819824e-01,1.732112765312194824e+00
-5.189507007598876953e-01,8.545334339141845703e-01
2.294057607650756836e+00,4.650854110717773438e+00
3.683233261108398438e+00,3.408292055130004883e+00
5.673726558685302734e+00,-2.596276104450225830e-01
1.479135990142822266e+00,3.406307458877563477e+00
2.728099822998046875e+00,2.768604040145874023e+00
9.200193881988525391e-01,2.099308252334594727e+00
-5.268220305442810059e-01,1.476364612579345703e+00
4.116945743560791016e+00,2.180162906646728516e+00
-3.480447530746459961e-01,1.766994118690490723e+00
1.408243656158447266e+00,1.805879592895507812e+00
3.711439132690429688e+00,2.508654594421386719e+00
1.285639762878417969e+00,4.460149765014648438e+00
1.772930622100830078e+00,3.369059085845947266e+00
1.272487640380859375e+00,2.195132732391357422e+00
9.481760859489440918e-01,2.454201936721801758e+00
2.178116321563720703e+00,5.413784980773925781e+00
1.317384243011474609e+00,1.971081614494323730e+00
-3.090506494045257568e-01,2.565017461776733398e+00
-7.508302330970764160e-01,1.587124466896057129e+00
-8.999573588371276855e-01,1.319771051406860352e+00
-3.462077677249908447e-01,2.978593826293945312e+00
2.411256313323974609e+00,3.436015367507934570e+00
-7.351689338684082031e-01,1.300951361656188965e+00
2.354576110839843750e+00,3.378938913345336914e+00
8.658148050308227539e-01,4.144483089447021484e+00
3.766957759857177734e+00,1.153481006622314453e+00
3.751482009887695312e+00,1.832749962806701660e+00
2.680745840072631836e+00,3.006339550018310547e+00
2.728553533554077148e+00,2.372098922729492188e+00
1.274386644363403320e+00,5.080577850341796875e+00
2.877973318099975586e+00,1.913401126861572266e+00
1.758445262908935547e+00,3.548677921295166016e+00
3.488054275512695312e+00,1.371983408927917480e+00
3.313122272491455078e+00,1.768557667732238770e+00
-3.546912968158721924e-01,6.986255645751953125e-01
2.005305051803588867e+00,4.284190177917480469e+00
1.516633987426757812e+00,3.758733034133911133e+00
-6.951364278793334961e-01,1.872762322425842285e+00
-5.959728956222534180e-01,1.403955936431884766e+00
7.122566699981689453e-01,1.569197654724121094e+00
2.069129467010498047e+00,1.128543853759765625e+00
4.618296623229980469e+00,1.621750950813293457e+00
8.539813756942749023e-01,3.172869443893432617e+00
2.583190202713012695e+00,3.536630392074584961e+00
2.407816171646118164e+00,2.894005537033081055e+00
3.410043478012084961e+00,1.741012573242187500e+00
1.890954256057739258e+00,2.722084522247314453e+00
4.344932079315185547e+00,1.881395697593688965e+00
2.522633552551269531e+00,3.234492301940917969e+00
1.865154027938842773e+00,5.189527988433837891e+00
-6.099364757537841797e-01,1.518638014793395996e+00
4.826355934143066406e+00,9.144436120986938477e-01
-3.487710654735565186e-01,1.558498144149780273e+00
1.968981504440307617e+00,1.482581973075866699e+00
3.791224956512451172e+00,1.288863182067871094e+00
1.599245309829711914e+00,4.531258583068847656e+00
9.490641355514526367e-01,2.746340513229370117e+00
2.361659049987792969e+00,3.203387737274169922e+00
2.582138299942016602e+00,2.797284841537475586e+00
1.252369642257690430e+00,3.902477025985717773e+00
-7.143648266792297363e-01,3.233090877532958984e+00
2.773360252380371094e+00,2.407120704650878906e+00
2.336832046508789062e+00,5.190567493438720703e+00
1.012139439582824707e+00,3.981965065002441406e+00
2.441591769456863403e-01,5.168527603149414062e+00
-8.475828170776367188e-01,1.654004812240600586e+00
7.061185687780380249e-02,1.130659103393554688e+00
1.440547943115234375e+00,3.811982870101928711e+00
1.399157285690307617e+00,1.740316867828369141e+00
-7.457976937294006348e-01,1.753912806510925293e+00
4.527475833892822266e+00,1.005449175834655762e+00
2.352195739746093750e+00,4.665244102478027344e+00
2.277725934982299805e+00,4.380134582519531250e+00
1.365094184875488281e+00,3.728211879730224609e+00
8.468558192253112793e-01,3.003641366958618164e+00
1.649981260299682617e+00,4.831765174865722656e+00
-8.993887305259704590e-01,1.616282463073730469e+00
-3.141797780990600586e-01,8.137325286865234375e+00
2.360290527343750000e+00,2.775532245635986328e+00
3.301369905471801758e+00,1.759666442871093750e+00
2.161679267883300781e+00,3.541039466857910156e+00
9.147706627845764160e-01,2.427264451980590820e+00
-8.121486902236938477e-01,1.440988421440124512e+00
2.313949346542358398e+00,8.919318914413452148e-01
1.467228174209594727e+00,2.109324455261230469e+00
-8.633473515510559082e-01,1.624179720878601074e+00
2.421161174774169922e+00,2.945675849914550781e+00
2.466146469116210938e+00,3.567876338958740234e+00
2.661797761917114258e+00,1.693492412567138672e+00
1.083837509155273438e+00,5.136837482452392578e+00
2.599832773208618164e+00,2.480039119720458984e+00
1.583925962448120117e+00,1.620576262474060059e+00
8.957161307334899902e-01,2.236847639083862305e+00
2.000657558441162109e+00,3.353465318679809570e+00
1.992851495742797852e+00,3.036150217056274414e+00
-6.018060445785522461e-01,1.227042436599731445e+00
8.952802419662475586e-01,4.480297565460205078e+00
9.759567975997924805e-01,2.595607757568359375e+00
6.094549894332885742e-01,2.128273725509643555e+00
2.051887750625610352e+00,3.821056127548217773e+00
8.535242676734924316e-01,3.276969432830810547e+00
1.102580070495605469e+00,3.427736520767211914e+00
2.543371200561523438e+00,1.424285411834716797e+00
1.502933263778686523e+00,3.786778688430786133e+00
1.977496862411499023e+00,3.138727903366088867e+00
2.680745840072631836e+00,3.006339550018310547e+00
8.609981536865234375e-01,2.978235244750976562e+00
8.973290920257568359e-01,2.987303495407104492e+00
3.775483071804046631e-01,3.489624023437500000e+00
1.605902433395385742e+00,4.033282279968261719e+00
2.902079343795776367e+00,2.372619152069091797e+00
2.535147905349731445e+00,2.565465688705444336e+00
1.723586082458496094e+00,4.158494949340820312e+00
-6.669288873672485352e-02,5.664114952087402344e+00
4.153420925140380859e+00,1.576755285263061523e+00
2.080792665481567383e+00,4.154117107391357422e+00
-9.468162655830383301e-01,1.418783664703369141e+00
-7.854052782058715820e-01,7.658285498619079590e-01
2.725059747695922852e+00,2.300030469894409180e+00
-1.274722516536712646e-01,1.148760318756103516e+00
2.995540380477905273e+00,2.508047103881835938e+00
-1.035432815551757812e+00,1.061425328254699707e+00
1.790942907333374023e+00,1.359268546104431152e+00
-5.583549141883850098e-01,2.469331264495849609e+00
2.761276006698608398e+00,2.711085796356201172e+00
2.366804122924804688e+00,2.536084651947021484e+00
2.522633552551269531e+00,3.234492301940917969e+00
4.602268934249877930e-01,1.800345897674560547e+00
-8.258249163627624512e-01,1.156903862953186035e+00
3.057008981704711914e-01,1.994369983673095703e+00
8.074930906295776367e-01,5.249430179595947266e+00
2.420315980911254883e+00,3.107579231262207031e+00
-1.174344420433044434e-01,1.157417774200439453e+00
1.021649360656738281e+00,2.069813013076782227e+00
9.200193881988525391e-01,2.099308252334594727e+00
-6.005594134330749512e-01,8.755284547805786133e-01
2.163341045379638672e+00,3.625931262969970703e+00
9.804683327674865723e-01,2.875625610351562500e+00
1.012139439582824707e+00,3.981965065002441406e+00
1.816512346267700195e+00,4.405611038208007812e+00
1.574406147003173828e+00,4.286312103271484375e+00
-9.388787150382995605e-01,1.202219247817993164e+00
1.740030050277709961e+00,2.527667760848999023e+00
-2.940047383308410645e-01,6.860741615295410156e+00
1.997220516204833984e+00,2.385770559310913086e+00
-7.694793343544006348e-01,9.927524328231811523e-01
2.118868827819824219e+00,2.719617843627929688e+00
-5.899170637130737305e-01,1.536070108413696289e+00
3.574013710021972656e-03,1.085882425308227539e+00
8.057857751846313477e-01,-9.645243883132934570e-01
9.778115153312683105e-01,2.631690502166748047e+00
2.044648170471191406e+00,3.460159778594970703e+00
2.321412086486816406e+00,4.043799877166748047e+00
9.069138765335083008e-01,5.008145809173583984e+00
1.868646144866943359e+00,4.206682205200195312e+00
1.983317375183105469e+00,1.327517867088317871e+00
8.775562644004821777e-01,2.923787593841552734e+00
2.472446680068969727e+00,2.662589311599731445e+00
2.929153203964233398e+00,1.515780329704284668e+00
2.103189468383789062e+00,3.528820514678955078e+00
1.149273633956909180e+00,3.382166624069213867e+00
-4.563402533531188965e-01,1.536934614181518555e+00
3.303693294525146484e+00,2.283387184143066406e+00
2.326235771179199219e+00,4.215185642242431641e+00
1.082534074783325195e+00,2.548902511596679688e+00
2.225917339324951172e+00,3.925933122634887695e+00
8.883813023567199707e-01,4.714769840240478516e+00
3.074370861053466797e+00,3.436813354492187500e+00
1.102692842483520508e+00,3.257096290588378906e+00
2.373979330062866211e+00,2.531032562255859375e+00
1.223010301589965820e+00,4.697270393371582031e+00
2.418122589588165283e-01,6.800229072570800781e+00
-1.426243782043457031e-01,6.837180852890014648e-01
-3.183139860630035400e-01,1.357308268547058105e+00
2.411788940429687500e+00,3.245643377304077148e+00
-4.953239560127258301e-01,2.350766897201538086e+00
-5.256342887878417969e-01,1.368504643440246582e+00
1.448386013507843018e-01,8.980317115783691406e-01
8.498306274414062500e-01,5.243742942810058594e+00
1.597992658615112305e+00,3.672151803970336914e+00
1.281355857849121094e+00,2.430483102798461914e+00
2.346144437789916992e+00,3.916379690170288086e+00
1.306743144989013672e+00,4.367047786712646484e+00
1.753703594207763672e+00,4.461925506591796875e+00
1.339730501174926758e+00,4.249793052673339844e+00
2.766783952713012695e+00,1.864475250244140625e+00
1.944698810577392578e+00,2.492877483367919922e+00
1.900463104248046875e+00,3.997830152511596680e+00
4.149327278137207031e-01,9.172068834304809570e-01
1.747234582901000977e+00,3.885375261306762695e+00
3.307179689407348633e+00,1.407838702201843262e+00
1.711184024810791016e+00,4.418251037597656250e+00
1.792367458343505859e+00,3.609266281127929688e+00
2.442971229553222656e+00,2.421347141265869141e+00
-5.256704092025756836e-01,1.026720404624938965e+00
2.870975017547607422e+00,1.690624594688415527e+00
8.676896095275878906e-01,3.150125980377197266e+00
2.048712730407714844e+00,4.010260581970214844e+00
3.339606285095214844e+00,1.155207753181457520e+00
5.219616889953613281e-01,2.966206312179565430e+00
2.074387073516845703e+00,3.831486701965332031e+00
2.517937898635864258e+00,2.854572057723999023e+00
6.491960287094116211e-01,3.344637155532836914e+00
3.005400419235229492e+00,1.746972084045410156e+00
-1.766512989997863770e-01,1.009997487068176270e+00
1.811529874801635742e+00,2.356560230255126953e+00
2.059817552566528320e+00,4.044414520263671875e+00
-6.489196419715881348e-01,9.126611948013305664e-01
2.373523473739624023e+00,3.466764926910400391e+00
2.621797800064086914e+00,3.883696794509887695e-01
3.496818780899047852e+00,1.925372123718261719e+00
-7.900989651679992676e-01,1.247828483581542969e+00
-3.049685716629028320e+00,2.766349792480468750e+00
3.113601922988891602e+00,2.799496650695800781e+00
1.094828367233276367e+00,2.508733510971069336e+00
1.762069940567016602e+00,2.082629680633544922e+00
2.800658702850341797e+00,4.940124511718750000e+00
2.208616971969604492e+00,2.603786706924438477e+00
1.627001285552978516e+00,4.532836437225341797e+00
-7.276511788368225098e-01,8.017798423767089844e+00
2.924788713455200195e+00,3.202037096023559570e+00
1.627292633056640625e+00,4.129080772399902344e+00
-5.741587877273559570e-01,6.308536529541015625e-01
3.623120546340942383e+00,1.119974732398986816e+00
3.539268732070922852e+00,2.008059263229370117e+00
1.023500919342041016e+00,7.867965102195739746e-01
2.180531501770019531e+00,3.369198083877563477e+00
2.084519386291503906e+00,3.156953811645507812e+00
2.267067432403564453e+00,4.388529300689697266e+00
2.356514334678649902e-02,7.155492305755615234e+00
-5.101022124290466309e-01,1.700758814811706543e+00
1.875175714492797852e+00,3.617157459259033203e+00
1.667575597763061523e+00,2.791332960128784180e+00
4.959188461303710938e+00,8.183077573776245117e-01
1.283331632614135742e+00,2.019021749496459961e+00
3.706494092941284180e+00,1.397593021392822266e+00
2.131474494934082031e+00,4.056090831756591797e+00
3.404867887496948242e+00,1.776045441627502441e+00
-1.234545946121215820e+00,1.112019658088684082e+00
1.556338548660278320e+00,4.019337177276611328e+00
1.896729946136474609e+00,2.873520851135253906e+00
2.180293351411819458e-01,3.968930840492248535e-01
7.108667850494384766e+00,-1.323176264762878418e+00
2.261999130249023438e+00,3.764548063278198242e+00
-8.507708907127380371e-01,1.727164268493652344e+00
2.254253149032592773e+00,4.005417823791503906e+00
8.967567682266235352e-01,5.670218467712402344e+00
-4.401487112045288086e-01,1.582623839378356934e+00
-9.043012261390686035e-01,1.652170658111572266e+00
-6.662931442260742188e-01,4.224196970462799072e-01
5.097627043724060059e-01,4.496410369873046875e+00
1.929104089736938477e+00,4.516220569610595703e+00
2.824477553367614746e-01,5.646319389343261719e+00
2.504165172576904297e+00,1.123285293579101562e+00
-5.822969675064086914e-01,1.661480903625488281e+00
3.069629907608032227e+00,1.614990115165710449e+00
1.168211936950683594e+00,2.347665071487426758e+00
2.908041477203369141e+00,1.683846831321716309e+00
-3.265055119991302490e-01,1.601192712783813477e+00
1.355859041213989258e+00,4.392753601074218750e+00
2.476933717727661133e+00,3.289229154586791992e+00
2.047156572341918945e+00,3.069088459014892578e+00
2.604519844055175781e+00,3.345336437225341797e+00
2.122249364852905273e+00,3.037904024124145508e+00
1.983642816543579102e+00,2.738158702850341797e+00
2.131474494934082031e+00,4.056090831756591797e+00
2.626132726669311523e+00,2.976011276245117188e+00
2.908041477203369141e+00,1.683846831321716309e+00
2.482850551605224609e+00,3.047038078308105469e+00
-5.155417919158935547e-01,5.718191146850585938e+00
2.429259061813354492e+00,2.626287460327148438e+00
-5.829033255577087402e-01,1.225788593292236328e+00
2.815440416336059570e+00,2.360587358474731445e+00
-1.019114732742309570e+00,1.064158916473388672e+00
3.214238405227661133e+00,1.452491879463195801e+00
-4.687863588333129883e-01,2.230599164962768555e+00
3.649344205856323242e+00,2.137410640716552734e+00
-1.005239963531494141e+00,1.323503255844116211e+00
1.922127723693847656e+00,3.753461837768554688e+00
6.709527969360351562e-01,3.179681062698364258e+00
2.203980684280395508e+00,3.352413892745971680e+00
4.314370632171630859e+00,1.048706769943237305e+00
9.070710539817810059e-01,2.812438726425170898e+00
1.331782341003417969e+00,2.074270248413085938e+00
-5.935211777687072754e-01,1.003276467323303223e+00
2.226661443710327148e+00,3.325369596481323242e+00
1.216142416000366211e+00,2.777920007705688477e+00
-1.065906286239624023e-01,3.066477775573730469e-01
1.188866138458251953e+00,4.108201980590820312e+00
2.318844795227050781e+00,2.235728025436401367e+00
-1.075969934463500977e+00,1.461096286773681641e+00
-8.325037956237792969e-01,1.335333585739135742e+00
-4.653760194778442383e-01,2.630993127822875977e+00
6.791039705276489258e-01,3.281090974807739258e+00
2.441591769456863403e-01,5.168527603149414062e+00
2.319600582122802734e+00,4.240314006805419922e+00
2.802466630935668945e+00,2.177445888519287109e+00
1.476942777633666992e+00,5.681297302246093750e+00
2.477187395095825195e+00,1.447427392005920410e+00
1.848796844482421875e+00,2.576519966125488281e+00
2.872477531433105469e+00,2.870920419692993164e+00
2.226502418518066406e+00,2.523915290832519531e+00
5.125539898872375488e-01,7.089745998382568359e-01
1.220053061842918396e-01,9.003597497940063477e-01
1.164843797683715820e+00,4.860325813293457031e+00
2.454774141311645508e+00,4.175734996795654297e+00
1.292016696929931641e+01,-4.919707775115966797e+00
1.727716684341430664e+00,3.897034168243408203e+00
3.054562330245971680e+00,1.385185599327087402e+00
4.107808589935302734e+00,4.174038887023925781e+00
1.915015697479248047e+00,2.900860071182250977e+00
3.287546157836914062e+00,2.188107728958129883e+00
-2.486269176006317139e-01,1.946150779724121094e+00
2.562605857849121094e+00,3.532346725463867188e+00
2.482302427291870117e+00,2.700167417526245117e+00
9.869809150695800781e+00,-1.980395317077636719e+00
2.307598352432250977e+00,1.570240259170532227e+00
2.675509214401245117e+00,2.315922737121582031e+00
2.811872005462646484e+00,4.168648242950439453e+00
1.675097942352294922e+00,1.618606209754943848e+00
7.391192317008972168e-01,2.105977773666381836e+00
3.080389022827148438e+00,3.554068088531494141e+00
7.633756399154663086e-01,3.499916076660156250e+00
-1.635600328445434570e+00,3.075469732284545898e+00
2.603158712387084961e+00,2.998628139495849609e+00
-2.597716450691223145e-02,7.290488243103027344e+00
1.202758252620697021e-01,3.435307502746582031e+00
-4.170992374420166016e-01,1.778411746025085449e+00
1.148468732833862305e+00,5.639782905578613281e+00
-7.106333971023559570e-01,1.832139968872070312e+00
2.350553274154663086e+00,4.206073284149169922e+00
-6.872627735137939453e-01,1.369076728820800781e+00
-5.131272077560424805e-01,6.512327194213867188e-01
-5.087419748306274414e-01,4.193749904632568359e+00
3.250309228897094727e+00,1.576543688774108887e+00
1.294376373291015625e+00,2.584364652633666992e+00
4.153420925140380859e+00,1.576755285263061523e+00
1.946959495544433594e+00,4.758612632751464844e+00
2.791279315948486328e+00,-2.922552525997161865e-01
1.215647220611572266e+00,2.113797187805175781e+00
9.745466709136962891e-01,1.907026648521423340e+00
6.562407493591308594e+00,-1.088334202766418457e+00
3.474246859550476074e-01,9.932646751403808594e-01
2.054441928863525391e+00,2.645100355148315430e+00
1.739517211914062500e+00,2.834057331085205078e+00
9.678373336791992188e-01,3.151772022247314453e+00
1.155524924397468567e-01,1.007176518440246582e+00
9.796983599662780762e-01,2.031869649887084961e+00
1.262827873229980469e+00,2.033659458160400391e+00
2.891547918319702148e+00,-2.048535048961639404e-01
3.829718351364135742e+00,2.011193513870239258e+00
-4.911677837371826172e-01,1.690715074539184570e+00
2.080792665481567383e+00,4.154117107391357422e+00
2.614988684654235840e-01,3.348078489303588867e+00
1.571174383163452148e+00,4.877903938293457031e+00
-4.786649346351623535e-01,1.655261993408203125e+00
2.785160303115844727e+00,2.798409461975097656e+00
2.057318449020385742e+00,3.869469404220581055e+00
1.155731201171875000e+00,3.494827747344970703e+00
-8.993887305259704590e-01,1.616282463073730469e+00
4.086393713951110840e-01,6.428375720977783203e+00
-6.473925709724426270e-02,6.538656949996948242e-01
3.141558885574340820e+00,1.512725830078125000e+00
3.803475141525268555e+00,1.587539434432983398e+00
2.424579381942749023e+00,2.662162780761718750e+00
2.893932580947875977e+00,1.316972732543945312e+00
-1.180312633514404297e+00,1.828213810920715332e+00
2.103189468383789062e+00,3.528820514678955078e+00
-6.178661584854125977e-01,9.553654193878173828e-01
1.131794452667236328e+00,1.957119703292846680e+00
4.826854705810546875e+00,-4.843513667583465576e-01
1.520076513290405273e+00,6.417747497558593750e+00
1.242329597473144531e+00,2.808382034301757812e+00
2.375256061553955078e+00,3.706164836883544922e+00
-1.087613105773925781e+00,8.776468276977539062e+00
9.403440356254577637e-01,3.313527584075927734e+00
1.379242658615112305e+00,3.137394189834594727e+00
-1.321367263793945312e+00,2.103129863739013672e+00
8.182591199874877930e-02,5.023276329040527344e+00
-8.526126742362976074e-01,1.602617144584655762e+00
3.166495084762573242e+00,1.743201851844787598e+00
-5.039473176002502441e-01,8.476112365722656250e+00
1.230341672897338867e+00,5.293472766876220703e+00
1.845628023147583008e+00,2.801328897476196289e+00
2.643867969512939453e+00,3.238530635833740234e+00
1.134409666061401367e+00,4.447174549102783203e+00
2.069129467010498047e+00,1.128543853759765625e+00
2.493748068809509277e-02,2.824573516845703125e+00
-1.077009201049804688e+00,1.470243334770202637e+00
2.844172716140747070e+00,1.480483889579772949e+00
5.807815551757812500e+00,-6.854908466339111328e-01
1.551002502441406250e+00,5.023033142089843750e+00
2.776595830917358398e+00,3.345393180847167969e+00
6.094549894332885742e-01,2.128273725509643555e+00
4.018476605415344238e-02,1.509029626846313477e+00
6.949189186096191406e+00,-4.279660880565643311e-01
5.116319656372070312e+00,-4.492495954036712646e-01
-6.667817234992980957e-01,8.801460266113281250e-01
2.636977672576904297e+00,3.825621128082275391e+00
7.681859731674194336e-01,5.183794975280761719e+00
1.418179750442504883e+00,4.273509502410888672e+00
2.231633186340332031e+00,3.565571308135986328e+00
3.688824892044067383e+00,3.485421657562255859e+00
-8.383003473281860352e-01,1.127344250679016113e+00
1.380068302154541016e+00,3.643670558929443359e+00
4.149327278137207031e-01,9.172068834304809570e-01
2.174151420593261719e+00,2.629032611846923828e+00
9.589244127273559570e-01,3.007208347320556641e+00
1.578582763671875000e+00,1.987608790397644043e+00
-9.076711535453796387e-01,5.804936289787292480e-01
2.623911380767822266e+00,3.442203521728515625e+00
1.365221261978149414e+00,2.469489574432373047e+00
2.835920572280883789e+00,1.553825974464416504e+00
3.495514392852783203e+00,2.684126138687133789e+00
1.778444051742553711e-01,2.761791944503784180e+00
3.008982658386230469e+00,3.282216787338256836e+00
-9.704262018203735352e-03,1.554833173751831055e+00
-6.773808598518371582e-01,1.183038115501403809e+00
3.435937166213989258e-01,4.023309946060180664e-01
2.654398918151855469e+00,5.371311902999877930e-01
-6.221122145652770996e-01,1.431613326072692871e+00
-1.923861742019653320e+00,9.356615066528320312e+00
2.170609951019287109e+00,2.990844011306762695e+00
3.417716264724731445e+00,2.094667673110961914e+00
2.359101295471191406e+00,2.738509416580200195e+00
1.220697879791259766e+00,2.314112901687622070e+00
1.336539030075073242e+00,4.608001232147216797e+00
1.677574396133422852e+00,3.527481079101562500e+00
2.773360252380371094e+00,2.407120704650878906e+00
2.256209611892700195e+00,2.653481721878051758e+00
7.957345247268676758e-01,2.797894477844238281e+00
-6.229810118675231934e-01,1.345010519027709961e+00
9.812583327293395996e-01,4.263180255889892578e+00
-5.899170637130737305e-01,1.536070108413696289e+00
1.572462320327758789e+00,1.617254853248596191e+00
2.051366329193115234e+00,3.231610059738159180e+00
2.392961740493774414e+00,2.296816110610961914e+00
6.918501853942871094e-01,1.983221173286437988e+00
2.416217565536499023e+00,3.046528816223144531e+00
5.036411881446838379e-01,2.043144702911376953e+00
8.716512918472290039e-01,1.954040169715881348e+00
1.850685119628906250e+00,2.486554145812988281e+00
1.674166917800903320e+00,3.346904754638671875e+00
-2.706660628318786621e-01,6.025012016296386719e+00
1.729274749755859375e+00,2.695395708084106445e+00
2.492059022188186646e-02,1.007947444915771484e+00
1.082534074783325195e+00,2.548902511596679688e+00
8.775793910026550293e-01,3.649363756179809570e+00
2.259342908859252930e+00,3.177394866943359375e+00
1.023500919342041016e+00,7.867965102195739746e-01
2.973165750503540039e+00,1.395360827445983887e+00
3.666419982910156250e+00,1.528884768486022949e+00
1.928487062454223633e+00,3.676888704299926758e+00
2.999202013015747070e+00,1.610744476318359375e+00
8.571848273277282715e-01,2.235501289367675781e+00
1.708461284637451172e+00,3.919570922851562500e+00
3.290652275085449219e+00,6.406320333480834961e-01
2.467836141586303711e+00,2.396324634552001953e+00
1.697455883026123047e+00,2.207678556442260742e+00
-4.563402533531188965e-01,1.536934614181518555e+00
2.418476819992065430e+00,3.563415288925170898e+00
7.210772633552551270e-01,2.094016551971435547e+00
1.321132034063339233e-01,2.419251918792724609e+00
-1.351177453994750977e+00,9.205515384674072266e-01
-8.325037956237792969e-01,1.335333585739135742e+00
1.062057018280029297e+00,2.347496271133422852e+00
-1.169505596160888672e+00,1.542097926139831543e+00
8.762723803520202637e-01,2.537967920303344727e+00
1.674625396728515625e+00,3.980367898941040039e+00
1.172230482101440430e+00,3.297519922256469727e+00
-1.139578104019165039e+00,1.652093768119812012e+00
1.120121240615844727e+00,4.633156776428222656e+00
4.396490573883056641e+00,1.772694826126098633e+00
2.469202041625976562e+00,3.783158540725708008e+00
2.487481117248535156e+00,2.753664255142211914e+00
-5.039473176002502441e-01,8.476112365722656250e+00
-1.001572370529174805e+00,1.713154911994934082e+00
2.076230764389038086e+00,4.602478027343750000e+00
-1.227392673492431641e+00,1.498205184936523438e+00
1.222023248672485352e+00,3.429402112960815430e+00
3.487539768218994141e+00,2.019211053848266602e+00
1.929274797439575195e+00,1.825347661972045898e+00
1.774834394454956055e+00,5.269463062286376953e+00
2.806169509887695312e+00,3.371205329895019531e+00
2.267067432403564453e+00,4.388529300689697266e+00
2.165921926498413086e+00,3.937103986740112305e+00
2.161930799484252930e+00,2.924448728561401367e+00
1.175543546676635742e+00,6.378602504730224609e+00
2.992597579956054688e+00,2.979569435119628906e+00
1.812156438827514648e+00,3.578433990478515625e+00
2.131777763366699219e+00,3.084754467010498047e+00
-1.134428262710571289e+00,4.193248271942138672e+00
1.947612762451171875e+00,2.243470907211303711e+00
2.248501539230346680e+00,3.214731216430664062e+00
1.922728061676025391e+00,2.959831237792968750e+00
2.067420721054077148e+00,2.770089864730834961e+00
3.218254804611206055e+00,2.019833326339721680e+00
-4.565300345420837402e-01,1.790493845939636230e+00
4.364360332489013672e+00,-1.149990558624267578e-01
-6.601979732513427734e-01,1.222662091255187988e+00
-4.203740358352661133e-01,1.142644643783569336e+00
2.650486230850219727e+00,4.279426097869873047e+00
3.670142650604248047e+00,2.846123456954956055e+00
2.654398918151855469e+00,5.371311902999877930e-01
2.336821317672729492e+00,3.520722627639770508e+00
4.027765750885009766e+00,1.934605956077575684e+00
4.100717902183532715e-01,2.256073951721191406e+00
1.707987070083618164e+00,3.174953460693359375e+00
8.831459879875183105e-01,3.704475879669189453e+00
4.095364093780517578e+00,9.628237485885620117e-01
9.101426005363464355e-01,2.920725822448730469e+00
-1.014117479324340820e+00,6.705292701721191406e+00
-7.199604511260986328e-01,1.181002974510192871e+00
2.960760354995727539e+00,1.641622781753540039e+00
2.996832132339477539e+00,3.214853286743164062e+00
3.474246859550476074e-01,9.932646751403808594e-01
1.042003393173217773e+00,3.500866651535034180e+00
2.376354217529296875e+00,4.251221179962158203e+00
9.652002453804016113e-01,3.378689050674438477e+00
-4.706333875656127930e-01,1.295225620269775391e+00
1.933160305023193359e+00,3.177818775177001953e+00
-4.624114036560058594e-01,7.621881365776062012e-01
-4.768398404121398926e-01,5.726948976516723633e-01
3.821369647979736328e+00,1.516371250152587891e+00
-3.296535968780517578e+00,1.210162830352783203e+01
2.210665225982666016e+00,3.473638296127319336e+00
-7.457976937294006348e-01,1.753912806510925293e+00
-5.583549141883850098e-01,2.469331264495849609e+00
2.196225166320800781e+00,2.070335149765014648e+00
2.308638811111450195e+00,3.615916490554809570e+00
2.344805240631103516e+00,6.089062690734863281e-01
1.018872499465942383e+00,5.260661125183105469e+00
1.277763605117797852e+00,2.459601163864135742e+00
2.223924875259399414e+00,2.619290828704833984e+00
1.842354297637939453e+00,3.895642757415771484e+00
1.699759721755981445e+00,3.218584775924682617e+00
-9.416373372077941895e-01,1.387732505798339844e+00
2.161679267883300781e+00,3.541039466857910156e+00
-1.103641986846923828e+00,7.283862113952636719e+00
4.864225685596466064e-01,4.975430965423583984e+00
1.257077217102050781e+00,2.686433315277099609e+00
-8.847116827964782715e-01,1.294592142105102539e+00
2.116365432739257812e+00,3.919770717620849609e+00
1.418347597122192383e+00,3.553556442260742188e+00
3.461355447769165039e+00,1.255451917648315430e+00
-7.462027072906494141e-01,6.002244949340820312e-01
2.048712730407714844e+00,4.010260581970214844e+00
4.130718231201171875e+00,7.002221941947937012e-01
-5.087419748306274414e-01,4.193749904632568359e+00
2.152686119079589844e+00,1.608618736267089844e+00
-6.315847635269165039e-01,9.220241308212280273e-01
-6.680331230163574219e-01,1.081884264945983887e+00
2.412725687026977539e+00,2.752430438995361328e+00
2.332521915435791016e+00,3.345587491989135742e+00
2.602767944335937500e+00,2.623733282089233398e+00
2.837176322937011719e+00,1.967312812805175781e+00
2.181195497512817383e+00,3.247235059738159180e+00
4.600296020507812500e+00,2.113910198211669922e+00
-1.045015335083007812e+00,1.475216865539550781e+00
2.493529796600341797e+00,4.619678974151611328e+00
-1.092537641525268555e+00,7.987047195434570312e+00
2.455173492431640625e+00,2.928153514862060547e+00
-7.462027072906494141e-01,6.002244949340820312e-01
1.222023248672485352e+00,3.429402112960815430e+00
2.529106616973876953e+00,4.112285614013671875e+00
9.549771547317504883e-01,3.390998125076293945e+00
1.013083338737487793e+00,3.932647228240966797e+00
4.256668388843536377e-01,6.291639328002929688e+00
-6.794773340225219727e-01,1.612812280654907227e+00
3.376793563365936279e-01,4.062967300415039062e+00
-1.382323503494262695e+00,1.967488646507263184e+00
1.280863285064697266e+00,3.694034814834594727e+00
1.133689731359481812e-01,1.956065893173217773e+00
2.872477531433105469e+00,2.870920419692993164e+00
6.709527969360351562e-01,3.179681062698364258e+00
2.094542503356933594e+00,4.437242031097412109e+00
-1.111546754837036133e+00,3.685537576675415039e+00
2.311654806137084961e+00,2.805251598358154297e+00
2.815709829330444336e+00,2.473083496093750000e+00
4.737283229827880859e+00,8.736100792884826660e-02
7.474467158317565918e-01,3.617992877960205078e+00
1.352881193161010742e+00,2.095890045166015625e+00
2.158775329589843750e+00,1.674843192100524902e+00
3.267649412155151367e+00,1.894865989685058594e+00
2.223924875259399414e+00,2.619290828704833984e+00
7.656173110008239746e-01,3.874548912048339844e+00
1.998184204101562500e+00,2.805054426193237305e+00
-1.741407871246337891e+00,1.085853099822998047e+00
1.201048612594604492e+00,2.944355726242065430e+00
-3.462077677249908447e-01,2.978593826293945312e+00
3.487539768218994141e+00,2.019211053848266602e+00
1.803506135940551758e+00,3.843050241470336914e+00
-1.112928837537765503e-01,7.181063890457153320e-01
4.515127837657928467e-01,2.585313081741333008e+00
-4.618332386016845703e-01,6.944017410278320312e-01
2.798969507217407227e+00,2.194840669631958008e+00
3.686519861221313477e+00,2.142548561096191406e+00
-7.439141869544982910e-01,1.387824535369873047e+00
4.383609771728515625e+00,1.512801200151443481e-01
-7.439141869544982910e-01,1.387824535369873047e+00
1.318046808242797852e+00,3.139461755752563477e+00
1.463207721710205078e+00,2.841873884201049805e+00
-3.507725298404693604e-01,1.644304990768432617e+00
2.491441726684570312e+00,3.043967247009277344e+00
9.014661312103271484e-01,2.000438213348388672e+00
1.982349872589111328e+00,2.603538990020751953e+00
5.391116619110107422e+00,2.001621425151824951e-01
1.925637722015380859e+00,2.939208745956420898e+00
1.916781187057495117e+00,3.336429595947265625e+00
8.199282884597778320e-01,2.467393875122070312e+00
8.762723803520202637e-01,2.537967920303344727e+00
2.794906497001647949e-02,6.394270420074462891e+00
1.992851495742797852e+00,3.036150217056274414e+00
2.612061023712158203e+00,2.768425703048706055e+00
1.283299922943115234e+00,4.445557117462158203e+00
5.169317722320556641e-01,1.417361259460449219e+00
-6.863862872123718262e-01,1.267137050628662109e+00
1.666874885559082031e+00,1.800460338592529297e+00
9.403440356254577637e-01,3.313527584075927734e+00
3.625919580459594727e+00,1.067036628723144531e+00
2.641247034072875977e+00,2.903282642364501953e-03
2.437288045883178711e+00,3.060679435729980469e+00
2.669231176376342773e+00,2.652332067489624023e+00
9.368234872817993164e-01,3.055308580398559570e+00
2.143405914306640625e+00,3.360701084136962891e+00
2.182548761367797852e+00,3.829991340637207031e+00
2.819866418838500977e+00,2.570430994033813477e+00
-8.545009493827819824e-01,1.732112765312194824e+00
1.209641933441162109e+00,2.807636499404907227e+00
1.254027605056762695e+00,4.079419136047363281e+00
4.364360332489013672e+00,-1.149990558624267578e-01
2.454774141311645508e+00,4.175734996795654297e+00
7.480290532112121582e-01,2.303668260574340820e+00
1.387926101684570312e+00,1.826357364654541016e+00
-6.116157770156860352e-01,7.197584152221679688e+00
3.251036643981933594e+00,3.096592426300048828e+00
2.606596231460571289e+00,2.629101753234863281e+00
2.309889316558837891e+00,4.189145088195800781e+00
1.577708721160888672e+00,1.813196897506713867e+00
-1.519728600978851318e-01,9.146062135696411133e-01
7.486554980278015137e-01,2.753638744354248047e+00
-8.818355202674865723e-01,7.518211841583251953e+00
2.076230764389038086e+00,4.602478027343750000e+00
2.714673519134521484e+00,2.516808986663818359e+00
4.636812686920166016e+00,6.192793846130371094e-01
1.414518058300018311e-01,5.538224577903747559e-01
-7.536116838455200195e-01,1.820081949234008789e+00
1.076794028282165527e+00,4.956226348876953125e+00
-7.163275480270385742e-01,1.670132637023925781e+00
3.133314609527587891e+00,1.974866628646850586e+00
2.522091388702392578e+00,3.722473859786987305e+00
3.159559488296508789e+00,4.320337295532226562e+00
1.281355857849121094e+00,2.430483102798461914e+00
4.124905467033386230e-01,2.318874835968017578e+00
3.935591936111450195e+00,1.174112439155578613e+00
2.703883171081542969e+00,4.004951477050781250e+00
2.534522771835327148e+00,1.140088200569152832e+00
2.311810970306396484e+00,3.135298967361450195e+00
1.254546880722045898e+00,5.434226036071777344e+00
1.406730651855468750e+00,8.518810272216796875e+00
-4.672737121582031250e-01,1.146240830421447754e+00
1.084076285362243652e+00,3.505155563354492188e+00
2.203413963317871094e+00,3.609614610671997070e+00
-5.083497762680053711e-01,3.259366273880004883e+00
-1.180312633514404297e+00,1.828213810920715332e+00
7.803034782409667969e-02,1.399876594543457031e+00
7.480290532112121582e-01,2.303668260574340820e+00
2.429790258407592773e+00,5.089762210845947266e+00
-6.583300828933715820e-01,1.225311398506164551e+00
1.753151416778564453e+00,4.234009742736816406e+00
2.240397691726684570e+00,4.003341674804687500e+00
1.566683053970336914e+00,3.668469429016113281e+00
2.748427391052246094e+00,4.970788955688476562e+00
2.602767944335937500e+00,2.623733282089233398e+00
1.120038852095603943e-01,6.660695075988769531e-01
1.848160505294799805e+00,3.650034189224243164e+00
1.232335805892944336e+00,4.873778820037841797e+00
2.574794054031372070e+00,1.533829331398010254e+00
1.709822416305541992e+00,3.253183126449584961e+00
2.242278099060058594e+00,3.007709026336669922e+00
2.504165172576904297e+00,1.123285293579101562e+00
3.004426717758178711e+00,2.070184707641601562e+00
1.420355081558227539e+00,4.138323307037353516e+00
1.070420742034912109e+00,2.959491968154907227e+00
1.743043184280395508e+00,4.053495883941650391e+00
4.116945743560791016e+00,2.180162906646728516e+00
1.983317375183105469e+00,1.327517867088317871e+00
-7.634357810020446777e-01,1.221089720726013184e+00
1.572462320327758789e+00,1.617254853248596191e+00
1.176152706146240234e+00,3.229499578475952148e+00
9.824183583259582520e-01,2.000860929489135742e+00
2.192312240600585938e+00,3.269956588745117188e+00
2.277725934982299805e+00,4.380134582519531250e+00
3.654544591903686523e+00,6.366651058197021484e-01
1.889027833938598633e+00,2.527872562408447266e+00
-7.532801628112792969e-01,1.429358124732971191e+00
5.367242813110351562e+00,-5.823161602020263672e-01
2.008583545684814453e+00,4.026474475860595703e+00
-4.356591701507568359e-01,5.193464756011962891e-01
1.781745433807373047e+00,-1.101296782493591309e+00
2.398177862167358398e+00,1.985263705253601074e+00
1.143466234207153320e+00,4.855435371398925781e+00
-6.116157770156860352e-01,7.197584152221679688e+00
1.756624698638916016e+00,2.383318662643432617e+00
1.554763793945312500e+00,3.335886478424072266e+00
1.148468732833862305e+00,5.639782905578613281e+00
1.816014200448989868e-01,5.076160430908203125e+00
2.833982706069946289e-01,4.795294761657714844e+00
1.293511867523193359e+00,5.237223148345947266e+00
2.929803133010864258e+00,1.795822858810424805e+00
1.996438741683959961e+00,1.104658246040344238e+00
2.233700275421142578e+00,4.423526763916015625e+00
1.018430709838867188e+00,4.934763908386230469e+00
4.515127837657928467e-01,2.585313081741333008e+00
3.897805511951446533e-01,9.690364599227905273e-01
1.896857261657714844e+00,2.868485689163208008e+00
3.527421355247497559e-01,2.542478322982788086e+00
2.319782257080078125e+00,3.920322895050048828e+00
1.413218259811401367e+00,2.113558769226074219e+00
2.362252950668334961e+00,2.301794767379760742e+00
2.859161376953125000e+00,1.740461111068725586e+00
2.394592285156250000e+00,3.188713788986206055e+00
2.311810970306396484e+00,3.135298967361450195e+00
1.463207721710205078e+00,2.841873884201049805e+00
2.628241777420043945e+00,3.418171644210815430e+00
1.714271306991577148e-01,2.281270265579223633e+00
1.277909040451049805e+00,3.000467300415039062e+00
1.102692842483520508e+00,3.257096290588378906e+00
2.649302005767822266e+00,2.661555767059326172e+00
2.423640012741088867e+00,2.733150243759155273e+00
3.527976512908935547e+00,2.087267398834228516e+00
3.503883600234985352e+00,1.661188483238220215e+00
2.527379035949707031e+00,2.911706686019897461e+00
4.536981135606765747e-02,5.937412738800048828e+00
1.887672901153564453e+00,1.621136903762817383e+00
-6.067366003990173340e-01,1.725766181945800781e+00
3.280085325241088867e+00,1.662240743637084961e+00
1.657400131225585938e+00,5.135675907135009766e+00
2.315175294876098633e+00,3.583028316497802734e+00
3.436542510986328125e+00,1.468357205390930176e+00
3.577653646469116211e+00,1.657964587211608887e+00
1.355859041213989258e+00,4.392753601074218750e+00
-1.058301448822021484e+00,1.805031776428222656e+00
2.303448915481567383e+00,2.900251388549804688e+00
-8.252061605453491211e-01,1.776860713958740234e+00
-1.099623441696166992e+00,7.334873199462890625e+00
9.599156379699707031e-01,3.332162141799926758e+00
1.367980957031250000e+00,4.831394195556640625e+00
9.318924546241760254e-01,3.310024499893188477e+00
3.841140270233154297e-01,3.566108465194702148e+00
1.344850063323974609e+00,3.491559982299804688e+00
7.663220912218093872e-02,5.121665477752685547e+00
2.465049743652343750e+00,2.310933113098144531e+00
-2.823788225650787354e-01,1.692251801490783691e+00
3.074370861053466797e+00,3.436813354492187500e+00
9.824183583259582520e-01,2.000860929489135742e+00
2.176033735275268555e+00,2.545403718948364258e+00
3.882334470748901367e+00,2.423787266016006470e-01
2.232366085052490234e+00,2.693261384963989258e+00
1.711184024810791016e+00,4.418251037597656250e+00
2.703650712966918945e+00,1.343610286712646484e+00
8.938277959823608398e-01,1.579069495201110840e+00
1.301702499389648438e+00,2.537661075592041016e+00
3.008982658386230469e+00,3.282216787338256836e+00
1.021649360656738281e+00,2.069813013076782227e+00
1.793701887130737305e+00,4.186042308807373047e+00
2.172041177749633789e+00,6.833897829055786133e-01
7.554867267608642578e-01,4.663531303405761719e+00
-1.167865753173828125e+00,4.984834194183349609e-01
2.535325765609741211e+00,6.754866242408752441e-02
2.399252653121948242e+00,2.534616947174072266e+00
1.311182737350463867e+00,2.960555791854858398e+00
-1.580976843833923340e-01,1.032817959785461426e+00
3.611445426940917969e-03,8.064512014389038086e-01
4.120111465454101562e-03,1.195885419845581055e+00
1.708461284637451172e+00,3.919570922851562500e+00
1.308904647827148438e+00,3.268078565597534180e+00
2.058939695358276367e+00,2.197219610214233398e+00
2.282662391662597656e+00,4.832532405853271484e+00
1.697521358728408813e-01,1.133661746978759766e+00
2.167003393173217773e+00,3.373264312744140625e+00
2.064709424972534180e+00,4.172153472900390625e+00
3.455005407333374023e+00,2.392380714416503906e+00
1.184162139892578125e+00,3.598645448684692383e+00
2.442005634307861328e+00,4.770723819732666016e+00
2.562566518783569336e+00,2.862647771835327148e+00
2.117415666580200195e+00,3.267970800399780273e+00
2.280342578887939453e+00,3.977402925491333008e+00
9.417830705642700195e-01,5.490148067474365234e+00
1.881063699722290039e+00,3.451129198074340820e+00
2.071153640747070312e+00,3.890007495880126953e+00
1.399157285690307617e+00,1.740316867828369141e+00
1.336539030075073242e+00,4.608001232147216797e+00
-1.388147175312042236e-01,2.815465688705444336e+00
4.005676746368408203e+00,1.269850373268127441e+00
2.996832132339477539e+00,3.214853286743164062e+00
1.040913760662078857e-01,6.929795742034912109e+00
1.163054943084716797e+00,4.222811222076416016e+00
3.178659081459045410e-01,1.131854534149169922e+00
2.248501539230346680e+00,3.214731216430664062e+00
1.732989549636840820e+00,1.794970154762268066e+00
-7.984336018562316895e-01,1.600445628166198730e+00
1.491912364959716797e+00,3.180103063583374023e+00
1.794916152954101562e+00,5.148254394531250000e+00
2.558370828628540039e+00,3.346722841262817383e+00
2.556487083435058594e+00,2.762187957763671875e+00
2.676286935806274414e+00,2.311648607254028320e+00
2.408540487289428711e+00,2.895720720291137695e+00
3.426271677017211914e+00,3.529990434646606445e+00
2.385217666625976562e+00,3.210853338241577148e+00
2.149268627166748047e+00,1.486263155937194824e+00
-1.393465995788574219e-01,9.507610797882080078e-01
-8.100433349609375000e-01,1.910788059234619141e+00
-3.704729080200195312e-01,1.528152346611022949e+00
-1.606307506561279297e+00,1.262207031250000000e+00
2.019849538803100586e+00,4.247446060180664062e+00
4.341241121292114258e-01,2.345568656921386719e+00
3.526016712188720703e+00,1.472321391105651855e+00
1.162175178527832031e+00,4.037177085876464844e+00
-1.395322084426879883e+00,8.232854604721069336e-01
1.415556907653808594e+00,2.913887500762939453e+00
-2.206712961196899414e-04,6.773642539978027344e+00
8.967567682266235352e-01,5.670218467712402344e+00
-1.115812063217163086e-01,2.737997293472290039e+00
3.241286039352416992e+00,2.114875316619873047e+00
1.140661001205444336e+00,2.788162708282470703e+00
1.123503923416137695e+00,2.712262868881225586e+00
-9.617636799812316895e-01,1.694414019584655762e+00
2.586117267608642578e+00,2.809426307678222656e+00
2.059817552566528320e+00,4.044414520263671875e+00
-8.739282488822937012e-01,1.170045733451843262e+00
1.145300626754760742e+00,2.407188415527343750e+00
2.460168838500976562e+00,3.126285076141357422e+00
-1.169845581054687500e+00,1.471768975257873535e+00
4.643523991107940674e-01,5.087080001831054688e+00
2.380055665969848633e+00,3.395947933197021484e+00
2.299984693527221680e+00,3.449625730514526367e+00
9.816704392433166504e-01,5.218407630920410156e+00
2.209853887557983398e+00,3.611938714981079102e+00
-3.102987110614776611e-01,4.015499353408813477e-01
-1.035456657409667969e+00,1.011084198951721191e+00
2.636424899101257324e-01,3.542196989059448242e+00
2.241648435592651367e+00,2.452203989028930664e+00
4.284323215484619141e+00,9.867497682571411133e-01
1.593598604202270508e+00,3.777524709701538086e+00
2.115656614303588867e+00,3.913815021514892578e+00
-6.588411927223205566e-01,1.329100131988525391e+00
-4.877929091453552246e-01,1.466349244117736816e+00
-6.541572213172912598e-01,6.651116847991943359e+00
2.112630367279052734e+00,2.546082973480224609e+00
1.829663038253784180e+00,2.281281709671020508e+00
2.016279220581054688e+00,2.702958583831787109e+00
-4.825071692466735840e-01,1.402883648872375488e+00
-7.531479597091674805e-01,1.426728129386901855e+00
6.474496722221374512e-01,4.254475116729736328e+00
2.307598352432250977e+00,1.570240259170532227e+00
1.308656454086303711e+00,2.958545207977294922e+00
1.719964504241943359e+00,2.368100643157958984e+00
-2.364876866340637207e-01,1.216776132583618164e+00
1.418347597122192383e+00,3.553556442260742188e+00
6.753337383270263672e-01,1.811846852302551270e+00
-1.029152870178222656e-01,5.679451942443847656e+00
1.998184204101562500e+00,2.805054426193237305e+00
2.064503192901611328e+00,2.419916152954101562e+00
3.420834064483642578e+00,1.948551654815673828e+00
2.562915682792663574e-01,4.365750849246978760e-01
1.919310808181762695e+00,2.353128671646118164e+00
-3.088245987892150879e-01,8.642613887786865234e-01
1.670000314712524414e+00,1.390767335891723633e+00
2.496042013168334961e+00,2.562702417373657227e+00
-1.241855025291442871e-01,7.171944379806518555e-01
1.579016685485839844e+00,1.673384308815002441e+00
2.797103881835937500e+00,2.185628652572631836e+00
2.545612812042236328e+00,1.606715321540832520e+00
2.152686119079589844e+00,1.608618736267089844e+00
4.708028316497802734e+00,-2.673280537128448486e-01
1.845496177673339844e+00,3.269203662872314453e+00
2.707278013229370117e+00,1.594481945037841797e+00
-6.489196419715881348e-01,9.126611948013305664e-01
9.756376147270202637e-01,3.072747945785522461e+00
1.684177398681640625e+00,3.266844749450683594e+00
-6.915676593780517578e-01,6.007160186767578125e+00
2.182548761367797852e+00,3.829991340637207031e+00
1.739689826965332031e+00,2.947678565979003906e+00
1.837985038757324219e+00,1.361122012138366699e+00
1.669799566268920898e+00,3.549014806747436523e+00
-9.801682829856872559e-02,6.116508007049560547e+00
1.982513189315795898e+00,3.016998052597045898e+00
-7.931217551231384277e-01,1.531850695610046387e+00
1.145634174346923828e+00,5.058094501495361328e+00
1.060569286346435547e+00,3.436671495437622070e+00
-6.446937918663024902e-01,7.049252510070800781e+00
1.102580785751342773e+00,1.851626873016357422e+00
6.813332557678222656e+00,-1.053107500076293945e+00
2.240397691726684570e+00,4.003341674804687500e+00
5.363683700561523438e-01,3.446455478668212891e+00
-1.018187254667282104e-01,6.151908636093139648e-01
2.031654119491577148e+00,2.989672899246215820e+00
2.203413963317871094e+00,3.609614610671997070e+00
2.161740541458129883e+00,4.177126407623291016e+00
1.449786663055419922e+00,1.598195552825927734e+00
3.199969053268432617e+00,1.987494111061096191e+00
4.037491321563720703e+00,1.322328567504882812e+00
1.203636646270751953e+00,4.033166408538818359e+00
8.939675688743591309e-01,2.859619617462158203e+00
1.825485944747924805e+00,1.878714442253112793e+00
2.436271190643310547e+00,3.171244859695434570e+00
1.198196172714233398e+00,1.821019649505615234e+00
2.362252950668334961e+00,2.301794767379760742e+00
3.455456018447875977e+00,1.387269854545593262e+00
1.707987070083618164e+00,3.174953460693359375e+00
1.602823972702026367e+00,1.854985833168029785e+00
3.315647840499877930e-01,5.564184188842773438e+00
1.821570634841918945e+00,-5.919592380523681641e-01
2.178116321563720703e+00,5.413784980773925781e+00
1.990419626235961914e+00,3.358763456344604492e+00
3.709729433059692383e+00,1.499611377716064453e+00
8.395290374755859375e-01,3.387266874313354492e+00
7.267987728118896484e-01,5.126392364501953125e+00
-7.584873437881469727e-01,1.572592020034790039e+00
-4.438828229904174805e-01,1.295158505439758301e+00
4.037491321563720703e+00,1.322328567504882812e+00
2.373523473739624023e+00,3.466764926910400391e+00
1.782684326171875000e+00,3.566051959991455078e+00
-4.075126051902770996e-01,1.047168493270874023e+00
2.369278907775878906e+00,3.530677080154418945e+00
2.070665597915649414e+00,3.854574441909790039e+00
7.108667850494384766e+00,-1.323176264762878418e+00
2.332521915435791016e+00,3.345587491989135742e+00
-1.721250116825103760e-01,2.727732658386230469e+00
3.020935297012329102e+00,3.547867536544799805e+00
-9.073782563209533691e-01,1.637196302413940430e+00
-4.980027079582214355e-01,1.452515840530395508e+00
2.007016181945800781e+00,3.426171064376831055e+00
2.649302005767822266e+00,2.661555767059326172e+00
2.125709533691406250e+00,3.023729562759399414e+00
-1.744004786014556885e-01,9.460237026214599609e-01
2.201904773712158203e+00,4.001147747039794922e+00
2.213528871536254883e+00,2.912083387374877930e+00
-3.090506494045257568e-01,2.565017461776733398e+00
5.744465351104736328e+00,-4.243486225605010986e-01
8.921241164207458496e-01,3.390227556228637695e+00
-4.792932868003845215e-01,1.786164641380310059e+00
2.046098947525024414e+00,3.213111162185668945e+00
2.169193267822265625e+00,3.879596233367919922e+00
5.548971176147460938e+00,-6.461037397384643555e-01
2.139798402786254883e+00,3.050913810729980469e+00
8.895331621170043945e-01,3.368293523788452148e+00
6.771586835384368896e-02,1.153810024261474609e+00
1.373413562774658203e+00,3.676401853561401367e+00
4.737283229827880859e+00,8.736100792884826660e-02
2.960760354995727539e+00,1.641622781753540039e+00
1.794246196746826172e+00,3.616115808486938477e+00
2.561088562011718750e+00,1.527061700820922852e+00
4.864225685596466064e-01,4.975430965423583984e+00
2.611797332763671875e+00,1.754660606384277344e+00
4.636812686920166016e+00,6.192793846130371094e-01
3.654212355613708496e-01,2.067820787429809570e+00
1.414518058300018311e-01,5.538224577903747559e-01
-7.896978855133056641e-01,1.456717252731323242e+00
1.592924118041992188e+00,2.512573242187500000e+00
1.867549419403076172e+00,3.370790004730224609e+00
1.836976528167724609e+00,2.583741903305053711e+00
1.740030050277709961e+00,2.527667760848999023e+00
5.807815551757812500e+00,-6.854908466339111328e-01
2.972095012664794922e-01,4.952414989471435547e+00
2.417063474655151367e+00,2.786622285842895508e+00
2.081936836242675781e+00,4.274378299713134766e+00
1.168211936950683594e+00,2.347665071487426758e+00
1.442049503326416016e+00,4.305100917816162109e+00
-6.165831089019775391e-01,1.681696891784667969e+00
2.163027763366699219e+00,7.054976224899291992e-01
2.167474031448364258e+00,3.141601085662841797e+00
-4.395245909690856934e-01,1.479155540466308594e+00
3.672141730785369873e-01,8.458900451660156250e-01
-4.059640169143676758e-01,1.877868294715881348e+00
2.694470405578613281e+00,3.234982490539550781e+00
2.207178354263305664e+00,4.976131916046142578e-01
4.462047100067138672e+00,-4.140435159206390381e-01
2.102822065353393555e+00,3.089796543121337891e+00
2.410121679306030273e+00,2.602674961090087891e+00
-1.039364337921142578e-01,1.412770748138427734e+00
1.309314489364624023e+00,3.617131948471069336e+00
1.359787225723266602e+00,2.816804647445678711e+00
2.065216541290283203e+00,2.679098606109619141e+00
1.059535026550292969e+00,2.584892988204956055e+00
3.207345962524414062e+00,3.755460977554321289e+00
-7.188262343406677246e-01,2.449110746383666992e+00
6.105072021484375000e+00,4.987385272979736328e-01
8.404862403869628906e+00,-2.162297248840332031e+00
1.822807073593139648e+00,3.488710880279541016e+00
2.390672445297241211e+00,2.223986148834228516e+00
8.673191666603088379e-01,2.184058904647827148e+00
1.580557823181152344e+00,2.038653612136840820e+00
3.623120546340942383e+00,1.119974732398986816e+00
1.980780601501464844e+00,3.439965486526489258e+00
1.408082485198974609e+00,1.701251745223999023e+00
1.521625280380249023e+00,4.872959136962890625e+00
1.879089355468750000e+00,2.146540403366088867e+00
1.584713697433471680e+00,3.246186256408691406e+00
2.484464406967163086e+00,4.052948951721191406e+00
1.863423109054565430e+00,3.941102027893066406e+00
4.720320552587509155e-02,6.027626395225524902e-01
3.655463695526123047e+00,1.126823186874389648e+00
6.341148018836975098e-01,2.784518241882324219e+00
-2.750096023082733154e-01,1.086463332176208496e+00
4.564386606216430664e-01,2.943350791931152344e+00
-9.729940295219421387e-01,1.681159138679504395e+00
1.614344835281372070e+00,-3.145590722560882568e-01
1.539225339889526367e+00,4.331342697143554688e+00
1.675067663192749023e+00,4.561148166656494141e+00
2.067317485809326172e+00,2.695999860763549805e+00
3.775148689746856689e-01,1.912896037101745605e+00
1.709650039672851562e+00,2.563697099685668945e+00
5.167216658592224121e-01,6.617304325103759766e+00
2.966058969497680664e+00,3.285854339599609375e+00
-9.617636799812316895e-01,1.694414019584655762e+00
1.933601379394531250e+00,5.140694141387939453e+00
-5.124940872192382812e-01,7.737779140472412109e+00
-7.199604511260986328e-01,1.181002974510192871e+00
2.095051527023315430e+00,3.925256729125976562e+00
-9.308387339115142822e-02,1.248277425765991211e+00
1.082404613494873047e+00,4.777750968933105469e+00
7.965807318687438965e-01,2.335103988647460938e+00
2.226097583770751953e+00,1.970614790916442871e+00
-1.169845581054687500e+00,1.471768975257873535e+00
7.803034782409667969e-02,1.399876594543457031e+00
2.193162918090820312e+00,3.238945245742797852e+00
1.619941234588623047e+00,2.643900156021118164e+00
9.385968744754791260e-02,5.587810277938842773e-01
3.141639947891235352e+00,2.667822122573852539e+00
9.385968744754791260e-02,5.587810277938842773e-01
-4.804413914680480957e-01,3.988561034202575684e-01
7.474467158317565918e-01,3.617992877960205078e+00
2.411256313323974609e+00,3.436015367507934570e+00
7.965807318687438965e-01,2.335103988647460938e+00
4.192895889282226562e-01,4.854819297790527344e+00
1.907810449600219727e+00,2.152928829193115234e+00
1.388754129409790039e+00,3.892675161361694336e+00
-7.569165825843811035e-01,6.078258991241455078e+00
-1.197107315063476562e+00,8.919366598129272461e-01
3.087675571441650391e+00,1.401551604270935059e+00
5.030205845832824707e-01,2.861619949340820312e+00
2.166429996490478516e+00,3.111729383468627930e+00
3.302474021911621094e+00,2.611898422241210938e+00
2.046580553054809570e+00,2.981513023376464844e+00
-8.940530419349670410e-01,1.614948391914367676e+00
1.966312646865844727e+00,3.361823558807373047e+00
1.362604379653930664e+00,4.345993518829345703e+00
2.706831455230712891e+00,3.492100954055786133e+00
-6.806352138519287109e-01,4.172005176544189453e+00
2.434365749359130859e+00,2.696537971496582031e+00
-1.134153604507446289e+00,1.094909191131591797e+00
2.739696264266967773e+00,3.284110784530639648e+00
-5.196545720100402832e-01,9.475399255752563477e-01
7.352820873260498047e+00,-5.916812419891357422e-01
-6.339952349662780762e-03,3.496956586837768555e+00
-8.881506323814392090e-01,1.312167048454284668e+00
-6.980732679367065430e-01,9.886283874511718750e-01
4.647765636444091797e+00,9.858064651489257812e-01
-2.924137711524963379e-01,7.835994958877563477e-01
3.604809999465942383e+00,1.797021865844726562e+00
-8.493919968605041504e-01,-2.406024634838104248e-01
-1.635509490966796875e+00,1.735065579414367676e+00
1.535469532012939453e+00,3.117859601974487305e+00
-4.203740358352661133e-01,1.142644643783569336e+00
-1.706813573837280273e+00,1.401527285575866699e+00
-3.807498216629028320e-01,9.033757448196411133e-01
8.982280492782592773e-01,1.816000223159790039e+00
1.321628093719482422e+00,2.523040771484375000e+00
6.105072021484375000e+00,4.987385272979736328e-01
3.284662723541259766e+00,2.109428405761718750e+00
9.548823237419128418e-01,4.568690299987792969e+00
3.913040876388549805e+00,4.704117178916931152e-01
3.155280053615570068e-01,1.025715470314025879e+00
-4.013445973396301270e-01,1.423367619514465332e+00
7.177035808563232422e+00,-7.483909130096435547e-01
2.276160001754760742e+00,3.511359930038452148e+00
4.396490573883056641e+00,1.772694826126098633e+00
1.069230511784553528e-01,1.506591081619262695e+00
2.960276842117309570e+00,1.814998745918273926e+00
1.229436397552490234e+00,2.900837182998657227e+00
-1.023371219635009766e+00,1.623561859130859375e+00
2.086271524429321289e+00,2.966176271438598633e+00
1.548708677291870117e+00,9.122438430786132812e-01
2.652224898338317871e-01,5.676941275596618652e-01
-1.322264671325683594e-01,7.399110794067382812e+00
2.107077360153198242e+00,1.672467470169067383e+00
2.101112127304077148e+00,2.488912820816040039e+00
-1.487216353416442871e-01,8.102878928184509277e-01
1.684177398681640625e+00,3.266844749450683594e+00
2.169049739837646484e+00,4.491750240325927734e+00
1.992110729217529297e+00,3.497206687927246094e+00
-1.580976843833923340e-01,1.032817959785461426e+00
4.258123874664306641e+00,1.622475385665893555e+00
-5.531575083732604980e-01,4.910397529602050781e-01
2.303448915481567383e+00,2.900251388549804688e+00
1.055913686752319336e+00,2.475845336914062500e+00
1.958436012268066406e+00,3.499168872833251953e+00
1.751479625701904297e+00,3.244372129440307617e+00
6.394240379333496094e+00,-5.765504837036132812e-01
3.191951990127563477e+00,1.791779041290283203e+00
3.455456018447875977e+00,1.387269854545593262e+00
2.379815340042114258e+00,1.363695740699768066e+00
2.200268268585205078e+00,3.576950550079345703e+00
2.905560255050659180e+00,3.193684101104736328e+00
-4.075126051902770996e-01,1.047168493270874023e+00
2.054441928863525391e+00,2.645100355148315430e+00
2.807256460189819336e+00,2.965771436691284180e+00
-2.919262647628784180e-01,1.260285019874572754e+00
2.258257389068603516e+00,7.287437915802001953e-01
1.005137681961059570e+00,2.902088165283203125e+00
1.202135801315307617e+00,1.696950435638427734e+00
-4.062502980232238770e-01,1.612167358398437500e+00
2.234618663787841797e+00,3.160636186599731445e+00
-4.359971284866333008e-01,2.942016720771789551e-01
9.696159958839416504e-01,1.512061953544616699e+00
-1.013450384140014648e+00,1.513615131378173828e+00
6.754612922668457031e-01,2.358093023300170898e+00
3.862728118896484375e+00,1.095220923423767090e+00
-5.133516192436218262e-01,1.486211419105529785e+00
1.745868206024169922e+00,2.543926477432250977e+00
2.400506258010864258e+00,3.370699405670166016e+00
2.389041423797607422e+00,1.093691349029541016e+00
2.550293207168579102e+00,2.924053192138671875e+00
1.307533740997314453e+00,3.642301797866821289e+00
1.507894515991210938e+00,3.029603958129882812e+00
7.937411069869995117e-01,1.617782115936279297e+00
1.821570634841918945e+00,-5.919592380523681641e-01
-7.600660622119903564e-02,1.339393973350524902e+00
1.845272302627563477e+00,1.376238584518432617e+00
8.982280492782592773e-01,1.816000223159790039e+00
2.761276006698608398e+00,2.711085796356201172e+00
9.074035882949829102e-01,2.110874414443969727e+00
-3.041923940181732178e-01,1.944233298301696777e+00
1.597992658615112305e+00,3.672151803970336914e+00
2.491766214370727539e+00,3.105930328369140625e+00
-1.586035788059234619e-01,1.385958075523376465e+00
2.509576320648193359e+00,3.704565286636352539e+00
1.996250152587890625e+00,2.711467504501342773e+00
4.275374710559844971e-01,4.718947887420654297e+00
2.290745019912719727e+00,4.138976097106933594e+00
2.489795207977294922e+00,2.926265001296997070e+00
1.975434780120849609e+00,3.922189712524414062e+00
3.374148845672607422e+00,1.314852714538574219e+00
-1.833974719047546387e-01,1.824129104614257812e+00
-9.013752341270446777e-01,1.061257243156433105e+00
-1.018971920013427734e+00,5.940762519836425781e+00
1.758437395095825195e+00,2.351679325103759766e+00
9.561660289764404297e-01,1.905083417892456055e+00
-5.432301163673400879e-01,1.327547073364257812e+00
3.411614179611206055e+00,1.664056420326232910e+00
3.004426717758178711e+00,2.070184707641601562e+00
1.407984733581542969e+00,4.452996730804443359e+00
3.570350706577301025e-01,6.150629997253417969e+00
8.404862403869628906e+00,-2.162297248840332031e+00
3.404867887496948242e+00,1.776045441627502441e+00
2.648536920547485352e+00,3.356403350830078125e+00
1.018801808357238770e+00,3.414620637893676758e+00
2.137800455093383789e+00,3.262186527252197266e+00
-6.229810118675231934e-01,1.345010519027709961e+00
4.275316715240478516e+00,9.368337392807006836e-01
-2.043836116790771484e-01,4.989638328552246094e+00
2.626162052154541016e+00,2.131512641906738281e+00
2.716890096664428711e+00,2.454851150512695312e+00
1.651590824127197266e+00,1.286792159080505371e+00
-1.181158423423767090e-02,9.841456413269042969e-01
5.158622741699218750e+00,5.669189691543579102e-01
5.169317722320556641e-01,1.417361259460449219e+00
-8.992654085159301758e-02,1.399421215057373047e+00
-7.694793343544006348e-01,9.927524328231811523e-01
2.076749801635742188e+00,1.720044493675231934e+00
6.753337383270263672e-01,1.811846852302551270e+00
6.957355141639709473e-01,5.032516956329345703e+00
2.976013422012329102e+00,4.444748401641845703e+00
2.998785972595214844e+00,1.914674162864685059e+00
-1.092537641525268555e+00,7.987047195434570312e+00
8.798784613609313965e-01,6.586459159851074219e+00
4.883550167083740234e+00,-1.221458613872528076e-01
9.821946620941162109e-01,2.390827417373657227e+00
-4.391836524009704590e-01,2.173280477523803711e+00
3.953700542449951172e+00,1.769470453262329102e+00
-9.076711535453796387e-01,5.804936289787292480e-01
2.264072656631469727e+00,4.850846290588378906e+00
2.741373062133789062e+00,3.410970449447631836e+00
1.985640525817871094e+00,2.383277416229248047e+00
3.390639543533325195e+00,2.071711540222167969e+00
8.773807883262634277e-01,2.239584922790527344e+00
1.787872791290283203e+00,4.931262493133544922e+00
7.598468661308288574e-02,6.647967338562011719e+00
2.051366329193115234e+00,3.231610059738159180e+00
1.515280485153198242e+00,4.027341842651367188e+00
8.797037601470947266e-01,2.869854211807250977e+00
2.966058969497680664e+00,3.285854339599609375e+00
3.241286039352416992e+00,2.114875316619873047e+00
-4.179317951202392578e-01,1.653008580207824707e+00
1.778444051742553711e-01,2.761791944503784180e+00
3.199969053268432617e+00,1.987494111061096191e+00
2.584664583206176758e+00,7.097229957580566406e-01
3.429314613342285156e+00,2.190596103668212891e+00
1.331782341003417969e+00,2.074270248413085938e+00
3.294820189476013184e-01,2.676624059677124023e+00
3.145973682403564453e+00,2.543528318405151367e+00
2.690768957138061523e+00,1.359214305877685547e+00
1.900463104248046875e+00,3.997830152511596680e+00
6.832900047302246094e+00,8.422455191612243652e-02
-7.788765430450439453e-01,1.385020732879638672e+00
-8.526126742362976074e-01,1.602617144584655762e+00
2.468830347061157227e+00,1.275018453598022461e+00
2.259342908859252930e+00,3.177394866943359375e+00
2.442971229553222656e+00,2.421347141265869141e+00
4.706313312053680420e-01,3.054709196090698242e+00
7.975584268569946289e-01,2.198941230773925781e+00
5.125539898872375488e-01,7.089745998382568359e-01
4.556833267211914062e+00,5.227453708648681641e-01
1.155688047409057617e+00,3.398688316345214844e+00
-9.128355383872985840e-01,1.882196784019470215e+00
-3.339081108570098877e-01,1.447057723999023438e+00
4.149141311645507812e+00,2.303682327270507812e+00
8.605461120605468750e-01,1.826862692832946777e+00
-1.070170879364013672e+00,7.198655128479003906e+00
2.453300237655639648e+00,3.612210988998413086e+00
2.466044664382934570e+00,1.574604272842407227e+00
2.582061052322387695e+00,2.736396074295043945e+00
2.555113077163696289e+00,5.014428138732910156e+00
3.928207397460937500e+00,1.947563529014587402e+00
3.574013710021972656e-03,1.085882425308227539e+00
-1.045015335083007812e+00,1.475216865539550781e+00
2.255864858627319336e+00,4.238376140594482422e+00
2.319600582122802734e+00,4.240314006805419922e+00
2.071153640747070312e+00,3.890007495880126953e+00
2.060764551162719727e+00,3.626241445541381836e+00
1.515280485153198242e+00,4.027341842651367188e+00
1.820290803909301758e+00,3.080879449844360352e+00
1.457503557205200195e+00,3.701078414916992188e+00
2.063468694686889648e-01,5.826995849609375000e+00
3.332450151443481445e+00,1.812619447708129883e+00
9.070710539817810059e-01,2.812438726425170898e+00
6.026649475097656250e+00,-1.723550260066986084e-01
3.317812681198120117e+00,2.357849597930908203e+00
2.369278907775878906e+00,3.530677080154418945e+00
-2.659629285335540771e-01,2.866692066192626953e+00
1.280863285064697266e+00,3.694034814834594727e+00
2.158775329589843750e+00,1.674843192100524902e+00
-1.123476505279541016e+00,7.185264587402343750e+00
2.131777763366699219e+00,3.084754467010498047e+00
2.992597579956054688e+00,2.979569435119628906e+00
1.184162139892578125e+00,3.598645448684692383e+00
1.546928167343139648e+00,2.292728900909423828e+00
1.794013738632202148e+00,4.203429222106933594e+00
-5.155417919158935547e-01,5.718191146850585938e+00
4.826854705810546875e+00,-4.843513667583465576e-01
8.790605664253234863e-01,2.669241189956665039e+00
-1.077299118041992188e+00,1.161075472831726074e+00
7.422731518745422363e-01,1.464224934577941895e+00
-1.086953878402709961e+00,1.688895225524902344e+00
2.304806113243103027e-01,5.787621498107910156e+00
1.879089355468750000e+00,2.146540403366088867e+00
9.593629837036132812e-01,3.311604261398315430e+00
1.418200016021728516e+00,4.563201904296875000e+00
1.440547943115234375e+00,3.811982870101928711e+00
1.408243656158447266e+00,1.805879592895507812e+00
2.802526950836181641e+00,1.934765577316284180e+00
-2.322165071964263916e-01,6.379045009613037109e+00
2.199881792068481445e+00,4.029926776885986328e+00
2.817559719085693359e+00,1.954378485679626465e+00
1.415556907653808594e+00,2.913887500762939453e+00
1.576947212219238281e+00,2.272546529769897461e+00
2.700427532196044922e+00,3.233470916748046875e+00
2.204286336898803711e+00,3.778074264526367188e+00
1.761409521102905273e+00,3.211388826370239258e+00
1.782684326171875000e+00,3.566051959991455078e+00
1.598245859146118164e+00,3.963917016983032227e+00
1.110415220260620117e+00,2.257044792175292969e+00
-5.256704092025756836e-01,1.026720404624938965e+00
7.717034220695495605e-01,3.250864028930664062e+00
-1.099623441696166992e+00,7.334873199462890625e+00
-2.032053172588348389e-01,3.765069246292114258e+00
9.551644325256347656e-03,1.289933681488037109e+00
2.005087137222290039e+00,3.897038459777832031e+00
3.899131298065185547e+00,7.500313520431518555e-01
1.441378593444824219e-01,3.946112394332885742e-01
2.851605176925659180e+00,2.260975837707519531e+00
1.919310808181762695e+00,2.353128671646118164e+00
3.262642383575439453e+00,2.128778457641601562e+00
1.410736083984375000e+00,4.599988460540771484e+00
3.896532297134399414e+00,-3.532004356384277344e-02
2.282647848129272461e+00,3.801241397857666016e+00
2.932430267333984375e+00,2.546864271163940430e+00
-7.188262343406677246e-01,2.449110746383666992e+00
3.923999786376953125e+00,9.563882350921630859e-01
2.666830539703369141e+00,3.149083137512207031e+00
-7.903094589710235596e-02,1.683186769485473633e+00
2.669231176376342773e+00,2.652332067489624023e+00
7.975584268569946289e-01,2.198941230773925781e+00
3.260794878005981445e+00,1.855742454528808594e+00
-4.383634328842163086e-01,8.215677738189697266e-01
2.562566518783569336e+00,2.862647771835327148e+00
2.354576110839843750e+00,3.378938913345336914e+00
2.100068569183349609e+00,2.752174854278564453e+00
2.326364994049072266e+00,3.414602756500244141e+00
1.738481521606445312e+00,4.635641098022460938e+00
-1.302365064620971680e+00,9.396708011627197266e-01
1.489143371582031250e+00,4.230797290802001953e+00
4.763663768768310547e+00,-7.048082351684570312e-01
7.279040217399597168e-01,3.817093610763549805e+00
8.775793910026550293e-01,3.649363756179809570e+00
2.854352712631225586e+00,2.886719465255737305e+00
2.302384853363037109e+00,2.385030746459960938e+00
2.544000864028930664e+00,2.622902631759643555e+00
2.161048412322998047e+00,2.589609622955322266e+00
3.852926015853881836e+00,2.050347328186035156e+00
1.163258075714111328e+00,3.743555307388305664e+00
-9.869211316108703613e-01,4.214939117431640625e+00
-9.808838963508605957e-01,1.092548131942749023e+00
-5.741587877273559570e-01,6.308536529541015625e-01
1.134037256240844727e+00,4.576988220214843750e+00
1.796853065490722656e+00,3.647758722305297852e+00
-1.899625957012176514e-01,8.042601585388183594e+00
1.247009515762329102e+00,2.807391405105590820e+00
1.318046808242797852e+00,3.139461755752563477e+00
-7.931217551231384277e-01,1.531850695610046387e+00
1.131245255470275879e+00,2.290243148803710938e+00
3.752026796340942383e+00,1.225626826286315918e+00
3.427124768495559692e-02,1.719715356826782227e+00
2.255852222442626953e+00,3.414692163467407227e+00
-6.667817234992980957e-01,8.801460266113281250e-01
1.149810999631881714e-01,2.134337186813354492e+00
1.232335805892944336e+00,4.873778820037841797e+00
2.053500652313232422e+00,3.934546709060668945e+00
2.785160303115844727e+00,2.798409461975097656e+00
5.172135829925537109e-01,3.542306423187255859e+00
2.251295566558837891e+00,4.196156501770019531e+00
1.053571403026580811e-01,5.634897232055664062e+00
7.663220912218093872e-02,5.121665477752685547e+00
2.127307653427124023e+00,2.495262384414672852e+00
2.286849021911621094e+00,4.946540832519531250e+00
2.241155862808227539e+00,2.911807060241699219e+00
1.489143371582031250e+00,4.230797290802001953e+00
-6.161925196647644043e-01,7.476505637168884277e-01
9.913962483406066895e-01,3.184826612472534180e+00
2.064769744873046875e+00,2.317048788070678711e+00
2.088203668594360352e+00,4.567875862121582031e+00
-1.607683181762695312e+00,8.836026191711425781e-01
2.537545680999755859e+00,2.770675659179687500e+00
-6.611937284469604492e-01,1.111117362976074219e+00
1.433645486831665039e+00,4.525183677673339844e+00
1.071673512458801270e+00,3.106623411178588867e+00
-1.208379745483398438e+00,1.223371624946594238e+00
-8.746308684349060059e-01,8.926130533218383789e-01
8.831459879875183105e-01,3.704475879669189453e+00
2.667824506759643555e+00,2.148159027099609375e+00
2.304806113243103027e-01,5.787621498107910156e+00
2.057318449020385742e+00,3.869469404220581055e+00
-6.662931442260742188e-01,4.224196970462799072e-01
4.089299201965332031e+00,1.034942388534545898e+00
7.488150000572204590e-01,3.024787902832031250e+00
7.644166350364685059e-01,1.865369439125061035e+00
1.709822416305541992e+00,3.253183126449584961e+00
2.637315273284912109e+00,2.617230415344238281e+00
-6.306379437446594238e-01,3.263261914253234863e-01
2.193162918090820312e+00,3.238945245742797852e+00
2.628972530364990234e+00,2.953207969665527344e+00
2.757353782653808594e-01,2.285110712051391602e+00
2.327016115188598633e+00,4.272054672241210938e+00
1.141926288604736328e+00,2.179703474044799805e+00
6.127072572708129883e-01,1.474018812179565430e+00
3.166495084762573242e+00,1.743201851844787598e+00
1.523782253265380859e+00,3.636926651000976562e+00
1.812156438827514648e+00,3.578433990478515625e+00
2.311126947402954102e+00,3.002101659774780273e+00
6.405062675476074219e+00,-3.142966926097869873e-01
2.574128150939941406e+00,3.342629194259643555e+00
1.309314489364624023e+00,3.617131948471069336e+00
2.254253149032592773e+00,4.005417823791503906e+00
9.396921992301940918e-01,6.711559772491455078e+00
2.286849021911621094e+00,4.946540832519531250e+00
9.844612479209899902e-01,3.779288053512573242e+00
-6.126723289489746094e-01,1.780035734176635742e+00
-5.580350756645202637e-01,1.192137598991394043e+00
1.824378967285156250e+00,4.426198005676269531e+00
-1.035432815551757812e+00,1.061425328254699707e+00
2.439567089080810547e+00,3.096805334091186523e+00
2.555113077163696289e+00,5.014428138732910156e+00
5.765527725219726562e+00,6.018842458724975586e-01
-2.389050126075744629e-01,2.846950292587280273e+00
5.473653078079223633e-01,2.493416786193847656e+00
3.250309228897094727e+00,1.576543688774108887e+00
3.022432088851928711e+00,1.636484622955322266e+00
-1.932297646999359131e-01,7.526323795318603516e+00
1.059481143951416016e+00,4.608732223510742188e+00
3.723386228084564209e-01,5.829458236694335938e+00
1.727716684341430664e+00,3.897034168243408203e+00
2.355067014694213867e+00,2.927058935165405273e+00
3.062978506088256836e+00,1.424838185310363770e+00
2.030162572860717773e+00,4.796689510345458984e+00
2.239902019500732422e+00,3.777813196182250977e+00
4.366862773895263672e+00,2.761780619621276855e-01
1.853458166122436523e+00,3.898782253265380859e+00
9.842957854270935059e-01,2.467152357101440430e+00
1.352881193161010742e+00,2.095890045166015625e+00
1.230536699295043945e+00,4.641674041748046875e+00
-6.594088673591613770e-01,5.606355071067810059e-01
-7.522907853126525879e-01,1.910954594612121582e+00
1.496368169784545898e+00,2.246466875076293945e+00
2.373081445693969727e+00,2.714933872222900391e+00
4.576346397399902344e+00,1.076243281364440918e+00
3.180365085601806641e+00,2.480317354202270508e+00
1.229601621627807617e+00,1.622673153877258301e+00
-5.278841257095336914e-01,1.191300272941589355e+00
1.861875534057617188e+00,1.526556730270385742e+00
-3.151388764381408691e-01,5.356674671173095703e+00
1.701245307922363281e+00,5.054494380950927734e+00
4.854903221130371094e-01,1.013975858688354492e+00
-6.446937918663024902e-01,7.049252510070800781e+00
2.545612812042236328e+00,1.606715321540832520e+00
-5.268220305442810059e-01,1.476364612579345703e+00
1.987107515335083008e+00,3.178106307983398438e+00
5.895568728446960449e-01,4.603819847106933594e+00
2.582061052322387695e+00,2.736396074295043945e+00
3.862728118896484375e+00,1.095220923423767090e+00
1.996438741683959961e+00,1.104658246040344238e+00
8.074930906295776367e-01,5.249430179595947266e+00
9.368234872817993164e-01,3.055308580398559570e+00
2.361673355102539062e+00,4.029644012451171875e+00
2.576390743255615234e+00,3.403961181640625000e+00
3.527976512908935547e+00,2.087267398834228516e+00
2.195378065109252930e+00,2.536426544189453125e+00
2.824726343154907227e+00,2.694320917129516602e+00
-4.918476939201354980e-01,1.733649492263793945e+00
1.963431358337402344e+00,1.337565898895263672e+00
2.472624778747558594e+00,2.761386871337890625e+00
3.362067937850952148e+00,1.507756233215332031e+00
2.130172967910766602e+00,3.990190982818603516e+00
4.533136188983917236e-01,2.577126979827880859e+00
2.480765819549560547e+00,3.027893543243408203e+00
6.394240379333496094e+00,-5.765504837036132812e-01
-1.163524866104125977e+00,1.595449090003967285e+00
1.418200016021728516e+00,4.563201904296875000e+00
3.654005050659179688e+00,1.138684749603271484e+00
3.928207397460937500e+00,1.947563529014587402e+00
8.752578496932983398e-01,2.197372913360595703e+00
1.886982202529907227e+00,1.486601114273071289e+00
-3.807498216629028320e-01,9.033757448196411133e-01
2.520171880722045898e+00,3.125860929489135742e+00
2.084519386291503906e+00,3.156953811645507812e+00
3.555115461349487305e+00,2.192144155502319336e+00
2.327016115188598633e+00,4.272054672241210938e+00
1.968981504440307617e+00,1.482581973075866699e+00
-5.072706699371337891e+00,8.276279449462890625e+00
-1.000310420989990234e+00,1.430989384651184082e+00
9.727202653884887695e-01,2.315137863159179688e+00
3.141639947891235352e+00,2.667822122573852539e+00
2.914870023727416992e+00,2.641581535339355469e+00
1.202979460358619690e-01,2.038515806198120117e+00
2.819866418838500977e+00,2.570430994033813477e+00
2.057684898376464844e+00,3.096520423889160156e+00
1.576947212219238281e+00,2.272546529769897461e+00
3.455005407333374023e+00,2.392380714416503906e+00
1.505301475524902344e+00,3.439759969711303711e+00
1.403295993804931641e+00,3.749338626861572266e+00
-5.432301163673400879e-01,1.327547073364257812e+00
2.093650817871093750e+00,2.389219999313354492e+00
-3.904742002487182617e-02,1.276401281356811523e+00
-1.302365064620971680e+00,9.396708011627197266e-01
2.102822065353393555e+00,3.089796543121337891e+00
3.495514392852783203e+00,2.684126138687133789e+00
1.449501514434814453e+00,2.239111900329589844e+00
2.999202013015747070e+00,1.610744476318359375e+00
3.070086240768432617e+00,2.197810888290405273e+00
3.362067937850952148e+00,1.507756233215332031e+00
-6.488826870918273926e-01,1.587026000022888184e+00
2.280421495437622070e+00,2.063446283340454102e+00
2.167003393173217773e+00,3.373264312744140625e+00
2.163271188735961914e+00,2.392822980880737305e+00
2.122912645339965820e+00,4.273676872253417969e+00
-4.170992374420166016e-01,1.778411746025085449e+00
5.628892034292221069e-02,7.751788496971130371e-01
2.373081445693969727e+00,2.714933872222900391e+00
3.020935297012329102e+00,3.547867536544799805e+00
1.997980594635009766e+00,3.810647726058959961e+00
7.161647677421569824e-01,3.939236164093017578e+00
2.550293207168579102e+00,2.924053192138671875e+00
9.747548103332519531e-01,5.200918197631835938e+00
1.402272462844848633e+00,2.276620388031005859e+00
2.924347639083862305e+00,1.826528787612915039e+00
1.246936798095703125e+00,1.645188570022583008e+00
4.692935943603515625e+00,1.858339786529541016e+00
1.959511280059814453e+00,2.607148170471191406e+00
8.609981536865234375e-01,2.978235244750976562e+00
-4.687863588333129883e-01,2.230599164962768555e+00
8.512008190155029297e-01,2.955826759338378906e+00
3.552882194519042969e+00,1.635153055191040039e+00
2.707369565963745117e+00,2.256393909454345703e+00
-1.029152870178222656e-01,5.679451942443847656e+00
2.074387073516845703e+00,3.831486701965332031e+00
1.997220516204833984e+00,2.385770559310913086e+00
1.203636646270751953e+00,4.033166408538818359e+00
3.616672515869140625e+00,1.243733763694763184e+00
4.556833267211914062e+00,5.227453708648681641e-01
1.141658782958984375e+00,2.039510011672973633e+00
2.434365749359130859e+00,2.696537971496582031e+00
-8.246949911117553711e-01,1.211038112640380859e+00
2.412317752838134766e+00,2.526720046997070312e+00
2.442619204521179199e-01,2.058771610260009766e+00
-1.026355981826782227e+00,1.114570021629333496e+00
-9.388787150382995605e-01,1.202219247817993164e+00
5.628892034292221069e-02,7.751788496971130371e-01
-6.680331230163574219e-01,1.081884264945983887e+00
2.346767425537109375e+00,3.382338523864746094e+00
7.488150000572204590e-01,3.024787902832031250e+00
3.654212355613708496e-01,2.067820787429809570e+00
2.893932580947875977e+00,1.316972732543945312e+00
-7.247223258018493652e-01,1.199676632881164551e+00
2.191639661788940430e+00,4.103376388549804688e+00
1.709246397018432617e+00,2.394096612930297852e+00
2.264072656631469727e+00,4.850846290588378906e+00
4.409990787506103516e+00,1.924081921577453613e+00
2.038229942321777344e+00,3.615965366363525391e+00
9.391849637031555176e-01,5.215102195739746094e+00
1.149273633956909180e+00,3.382166624069213867e+00
5.937311649322509766e-01,3.840003490447998047e+00
1.952592849731445312e+00,3.764470100402832031e+00
1.996250152587890625e+00,2.711467504501342773e+00
3.294820189476013184e-01,2.676624059677124023e+00
2.870975017547607422e+00,1.690624594688415527e+00
-1.351177453994750977e+00,9.205515384674072266e-01
8.395290374755859375e-01,3.387266874313354492e+00
4.965972900390625000e+00,-2.443998754024505615e-01
3.827146530151367188e+00,1.286812424659729004e+00
-8.316152095794677734e-01,2.165999174118041992e+00
-1.123476505279541016e+00,7.185264587402343750e+00
2.082230806350708008e+00,3.996269226074218750e+00
-2.322165071964263916e-01,6.379045009613037109e+00
2.295535564422607422e+00,3.442654371261596680e+00
2.603158712387084961e+00,2.998628139495849609e+00
2.466146469116210938e+00,3.567876338958740234e+00
1.318998187780380249e-01,5.349334478378295898e-01
1.120121240615844727e+00,4.633156776428222656e+00
2.356514334678649902e-02,7.155492305755615234e+00
-3.945238590240478516e-01,3.070517301559448242e+00
4.275316715240478516e+00,9.368337392807006836e-01
-3.849751949310302734e+00,9.645809173583984375e+00
8.921241164207458496e-01,3.390227556228637695e+00
1.719964504241943359e+00,2.368100643157958984e+00
2.675509214401245117e+00,2.315922737121582031e+00
-8.522676229476928711e-01,1.727514266967773438e+00
2.060764551162719727e+00,3.626241445541381836e+00
3.147635698318481445e+00,1.975771069526672363e+00
2.824726343154907227e+00,2.694320917129516602e+00
-4.918476939201354980e-01,1.733649492263793945e+00
2.076749801635742188e+00,1.720044493675231934e+00
1.880388736724853516e+00,2.345325469970703125e+00
4.070936679840087891e+00,1.301327466964721680e+00
-1.208379745483398438e+00,1.223371624946594238e+00
1.505301475524902344e+00,3.439759969711303711e+00
-6.035702824592590332e-01,2.030428647994995117e+00
-2.408178448677062988e-01,1.715543389320373535e+00
3.243343591690063477e+00,1.359770536422729492e+00
1.372097492218017578e+00,3.004963397979736328e+00
1.537742853164672852e+00,2.874460220336914062e+00
4.075203418731689453e+00,-2.463608086109161377e-01
3.083409070968627930e+00,2.141791343688964844e+00
2.052715063095092773e+00,2.461159706115722656e+00
2.423640012741088867e+00,2.733150243759155273e+00
-5.645208954811096191e-01,1.183270335197448730e+00
1.726501464843750000e+00,4.024426937103271484e+00
1.675139427185058594e+00,2.461858987808227539e+00
1.903744935989379883e+00,3.287798643112182617e+00
1.982928752899169922e+00,3.014031887054443359e+00
1.999450683593750000e+00,1.519236922264099121e+00
7.717034220695495605e-01,3.250864028930664062e+00
1.384710550308227539e+00,3.350231170654296875e+00
2.537545680999755859e+00,2.770675659179687500e+00
1.941254138946533203e+00,3.520018577575683594e+00
3.207345962524414062e+00,3.755460977554321289e+00
3.883130073547363281e+00,1.423494696617126465e+00
4.531737327575683594e+00,-2.831439673900604248e-01
2.318844795227050781e+00,2.235728025436401367e+00
2.450653553009033203e+00,4.172581195831298828e+00
8.498306274414062500e-01,5.243742942810058594e+00
1.929104089736938477e+00,4.516220569610595703e+00
2.584664583206176758e+00,7.097229957580566406e-01
8.185291290283203125e+00,-1.858462810516357422e+00
2.826033115386962891e+00,2.274832725524902344e+00
1.556808948516845703e+00,4.223124504089355469e+00
1.108902335166931152e+00,3.229456424713134766e+00
-8.728286623954772949e-01,3.082543611526489258e+00
1.155731201171875000e+00,3.494827747344970703e+00
-8.999573588371276855e-01,1.319771051406860352e+00
-1.000540971755981445e+00,1.419511795043945312e+00
2.020614624023437500e+00,4.970682621002197266e+00
1.252667427062988281e+00,1.696853876113891602e+00
2.635075092315673828e+00,3.829151630401611328e+00
1.415483236312866211e+00,4.553082942962646484e+00
1.227184772491455078e+00,3.608812570571899414e+00
-2.519136369228363037e-01,2.732744693756103516e+00
2.541067838668823242e+00,2.946727514266967773e+00
1.743043184280395508e+00,4.053495883941650391e+00
1.809370756149291992e+00,3.770727396011352539e+00
1.274386644363403320e+00,5.080577850341796875e+00
2.491441726684570312e+00,3.043967247009277344e+00
1.646948099136352539e+00,2.737503528594970703e+00
8.466582894325256348e-01,3.887001037597656250e+00
1.980092048645019531e+00,4.817152500152587891e+00
6.404006958007812500e+00,-3.388164341449737549e-01
-6.451173126697540283e-02,9.904271364212036133e-01
2.129613161087036133e+00,3.197338581085205078e+00
1.138581514358520508e+00,1.997762441635131836e+00
2.254014253616333008e+00,5.402200222015380859e+00
-1.134428262710571289e+00,4.193248271942138672e+00
-1.087719917297363281e+00,1.243066072463989258e+00
4.959188461303710938e+00,8.183077573776245117e-01
2.740437746047973633e+00,3.459233522415161133e+00
7.739404439926147461e-01,1.873132348060607910e+00
2.376669883728027344e+00,3.646481037139892578e+00
2.521107435226440430e+00,1.542971134185791016e+00
1.175543546676635742e+00,6.378602504730224609e+00
-5.231711864471435547e-01,6.449134349822998047e+00
-1.038799524307250977e+00,1.527143359184265137e+00
1.863423109054565430e+00,3.941102027893066406e+00
2.506273508071899414e+00,2.993246793746948242e+00
1.859601020812988281e+00,2.964535951614379883e+00
-6.161925196647644043e-01,7.476505637168884277e-01
2.100073099136352539e+00,5.198583126068115234e+00
2.137800455093383789e+00,3.262186527252197266e+00
2.419400691986083984e+00,1.444214701652526855e+00
1.627392292022705078e+00,3.785091876983642578e+00
-1.144255638122558594e+00,7.982694625854492188e+00
1.605902433395385742e+00,4.033282279968261719e+00
1.859601020812988281e+00,2.964535951614379883e+00
-8.107124567031860352e-01,4.198385238647460938e+00
2.273389101028442383e+00,2.540349245071411133e+00
2.235464572906494141e+00,2.589765787124633789e+00
4.473516941070556641e-01,4.256708145141601562e+00
1.640583992004394531e+00,5.747767448425292969e+00
-8.394551277160644531e-01,1.332458138465881348e+00
1.889027833938598633e+00,2.527872562408447266e+00
1.022281944751739502e-01,1.130844473838806152e+00
8.224852681159973145e-01,3.333167552947998047e+00
3.390639543533325195e+00,2.071711540222167969e+00
4.884042263031005859e+00,-2.986531555652618408e-01
5.483760833740234375e+00,5.044405460357666016e-01
1.283380985260009766e+00,5.386340618133544922e+00
1.724347352981567383e+00,3.573174715042114258e+00
2.225917339324951172e+00,3.925933122634887695e+00
1.585391283035278320e+00,3.206876993179321289e+00
2.558645486831665039e+00,3.324573040008544922e+00
2.885219812393188477e+00,3.429225444793701172e+00
1.133380413055419922e+00,2.656305313110351562e+00
-1.435657024383544922e+00,1.985887885093688965e+00
-1.766512989997863770e-01,1.009997487068176270e+00
1.005779743194580078e+00,7.205494880676269531e+00
4.149141311645507812e+00,2.303682327270507812e+00
2.576390743255615234e+00,3.403961181640625000e+00
-3.279185295104980469e-01,8.565347671508789062e+00
-1.401592731475830078e+00,9.246533393859863281e+00
4.800771236419677734e+00,6.976736783981323242e-01
9.215516448020935059e-01,5.992076396942138672e+00
-9.134346842765808105e-01,7.316307067871093750e+00
4.600296020507812500e+00,2.113910198211669922e+00
4.256668388843536377e-01,6.291639328002929688e+00
-6.806352138519287109e-01,4.172005176544189453e+00
-1.065906286239624023e-01,3.066477775573730469e-01
9.548823237419128418e-01,4.568690299987792969e+00
1.577708721160888672e+00,1.813196897506713867e+00
1.490185022354125977e+00,4.226094722747802734e+00
2.352195739746093750e+00,4.665244102478027344e+00
-1.145212888717651367e+00,8.944654464721679688e+00
3.080389022827148438e+00,3.554068088531494141e+00
2.487037658691406250e+00,4.052904129028320312e+00
2.371420860290527344e+00,4.871875286102294922e+00
7.681859731674194336e-01,5.183794975280761719e+00
8.752578496932983398e-01,2.197372913360595703e+00
4.954915046691894531e+00,-3.157294094562530518e-01
3.017960071563720703e+00,2.685503959655761719e+00
-4.360173940658569336e-01,1.321345686912536621e+00
-1.158989191055297852e+00,1.877267479896545410e+00
8.535242676734924316e-01,3.276969432830810547e+00
-8.722361922264099121e-01,1.545069694519042969e+00
-1.401592731475830078e+00,9.246533393859863281e+00
2.273389101028442383e+00,2.540349245071411133e+00
5.919311642646789551e-01,3.275188446044921875e+00
1.851205825805664062e+00,3.464559316635131836e+00
-6.847155094146728516e-01,1.237186670303344727e+00
3.027592420578002930e+00,1.525793552398681641e+00
2.891547918319702148e+00,-2.048535048961639404e-01
-2.327097654342651367e-01,6.002907276153564453e+00
2.181923151016235352e+00,3.779104709625244141e+00
1.796853065490722656e+00,3.647758722305297852e+00
2.393484830856323242e+00,6.023994088172912598e-01
3.411614179611206055e+00,1.664056420326232910e+00
-7.896978855133056641e-01,1.456717252731323242e+00
-1.395322084426879883e+00,8.232854604721069336e-01
2.532261610031127930e+00,1.961800456047058105e+00
-8.785541653633117676e-01,1.595923304557800293e+00
2.005305051803588867e+00,4.284190177917480469e+00
2.450653553009033203e+00,4.172581195831298828e+00
-1.224728822708129883e+00,7.919360160827636719e+00
-5.808081030845642090e-01,1.259116530418395996e+00
1.557679653167724609e+00,2.508253097534179688e+00
-8.359966874122619629e-01,8.880648612976074219e-01
2.366804122924804688e+00,2.536084651947021484e+00
1.262797355651855469e+00,5.028885841369628906e+00
-4.791972637176513672e-01,1.065645813941955566e+00
-1.510547101497650146e-01,5.491247177124023438e-01
1.698003768920898438e+00,3.590321540832519531e+00
-4.768398404121398926e-01,5.726948976516723633e-01
1.520473003387451172e+00,1.762564659118652344e+00
2.545932233333587646e-01,2.559982299804687500e+00
-4.212210178375244141e-01,1.188178181648254395e+00
2.122249364852905273e+00,3.037904024124145508e+00
3.121066093444824219e-01,5.109384059906005859e+00
1.833857297897338867e+00,2.359055995941162109e+00
-1.673631370067596436e-01,7.580959796905517578e-01
1.985640525817871094e+00,2.383277416229248047e+00
1.162554264068603516e+00,1.403613448143005371e+00
2.096125125885009766e+00,1.120984196662902832e+00
2.067317485809326172e+00,2.695999860763549805e+00
1.647848844528198242e+00,2.957940816879272461e+00
1.372097492218017578e+00,3.004963397979736328e+00
1.318998187780380249e-01,5.349334478378295898e-01
2.169049739837646484e+00,4.491750240325927734e+00
5.474308729171752930e-01,1.836755871772766113e+00
2.303678274154663086e+00,2.264921665191650391e+00
3.031932115554809570e+00,1.137635111808776855e+00
1.064590692520141602e+00,3.223399400711059570e+00
4.802121818065643311e-01,1.282281279563903809e+00
2.825780868530273438e+00,1.349200487136840820e+00
-4.698629677295684814e-02,4.582125842571258545e-01
4.954915046691894531e+00,-3.157294094562530518e-01
-1.332560479640960693e-01,9.730955362319946289e-01
2.947009325027465820e+00,3.306075811386108398e+00
-7.143648266792297363e-01,3.233090877532958984e+00
1.102580785751342773e+00,1.851626873016357422e+00
1.915359497070312500e+00,3.228755474090576172e+00
7.931183576583862305e-01,4.968969821929931641e+00
2.791279315948486328e+00,-2.922552525997161865e-01
2.053330421447753906e+00,3.641188621520996094e+00
3.891412258148193359e+00,2.280496597290039062e+00
1.921110391616821289e+00,3.817472696304321289e+00
3.005400419235229492e+00,1.746972084045410156e+00
3.686519861221313477e+00,2.142548561096191406e+00
3.752026796340942383e+00,1.225626826286315918e+00
8.527176976203918457e-01,3.374187946319580078e+00
2.336832046508789062e+00,5.190567493438720703e+00
1.040913760662078857e-01,6.929795742034912109e+00
-4.742658138275146484e-01,3.831461966037750244e-01
-1.153289079666137695e+00,8.672570228576660156e+00
9.892299771308898926e-01,3.498149871826171875e+00
2.442619204521179199e-01,2.058771610260009766e+00
1.369527339935302734e+00,4.573886394500732422e+00
1.556338548660278320e+00,4.019337177276611328e+00
2.486235648393630981e-02,1.417670130729675293e+00
-5.796225070953369141e-01,1.584551095962524414e+00
8.466582894325256348e-01,3.887001037597656250e+00
4.965972900390625000e+00,-2.443998754024505615e-01
1.794916152954101562e+00,5.148254394531250000e+00
-1.357685029506683350e-01,7.861852645874023438e-01
6.131236553192138672e-01,3.381160736083984375e+00
-1.322264671325683594e-01,7.399110794067382812e+00
2.545086860656738281e+00,3.361433029174804688e+00
8.627898693084716797e-01,3.343599557876586914e+00
4.138163089752197266e+00,1.435739398002624512e+00
2.740156412124633789e+00,2.026457309722900391e+00
-9.729940295219421387e-01,1.681159138679504395e+00
1.538895368576049805e+00,4.031138896942138672e+00
-6.951364278793334961e-01,1.872762322425842285e+00
-7.788765430450439453e-01,1.385020732879638672e+00
2.850538015365600586e+00,1.609428882598876953e+00
1.584972143173217773e+00,5.381840229034423828e+00
-4.212210178375244141e-01,1.188178181648254395e+00
1.157647848129272461e+00,4.376943111419677734e+00
3.101747035980224609e-01,3.524205923080444336e+00
1.840237855911254883e+00,2.437587261199951172e+00
5.480626821517944336e-01,3.453611373901367188e+00
-4.742658138275146484e-01,3.831461966037750244e-01
7.122566699981689453e-01,1.569197654724121094e+00
3.296250998973846436e-01,3.903805315494537354e-01
1.068147659301757812e+00,3.817540884017944336e+00
9.820055365562438965e-01,1.628001451492309570e+00
2.487037658691406250e+00,4.052904129028320312e+00
-1.236479282379150391e-01,6.079340934753417969e+00
2.332193613052368164e+00,2.125929832458496094e+00
2.357932806015014648e+00,4.033453941345214844e+00
7.086812257766723633e-01,1.986056685447692871e+00
-2.486269176006317139e-01,1.946150779724121094e+00
-1.510547101497650146e-01,5.491247177124023438e-01
8.227726221084594727e-01,2.582084894180297852e+00
1.777158260345458984e+00,2.734462499618530273e+00
1.813553094863891602e+00,1.986136198043823242e+00
1.448898792266845703e+00,4.702700138092041016e+00
2.496360540390014648e+00,3.165713310241699219e+00
2.895868539810180664e+00,1.036578059196472168e+00
4.564386606216430664e-01,2.943350791931152344e+00
8.517335057258605957e-01,1.678069114685058594e+00
1.570516347885131836e+00,2.773302793502807617e+00
1.982513189315795898e+00,3.016998052597045898e+00
1.974618673324584961e+00,3.343709945678710938e+00
4.434431076049804688e+00,-1.005131006240844727e+00
7.796907424926757812e-01,2.418212175369262695e+00
-5.477227270603179932e-02,7.794890403747558594e-01
7.254946231842041016e-01,2.151030063629150391e+00
2.401723623275756836e+00,2.635278940200805664e+00
-4.050496816635131836e-01,1.575082302093505859e+00
-1.075969934463500977e+00,1.461096286773681641e+00
2.271867990493774414e+00,3.621002674102783203e+00
4.802121818065643311e-01,1.282281279563903809e+00
3.897805511951446533e-01,9.690364599227905273e-01
4.720320552587509155e-02,6.027626395225524902e-01
1.453676462173461914e+00,2.341045141220092773e+00
-1.186464726924896240e-02,3.883829116821289062e-01
2.041785001754760742e+00,3.885298967361450195e+00
2.884482741355895996e-01,1.680826663970947266e+00
2.907553195953369141e+00,3.313410520553588867e+00
8.339805006980895996e-01,2.718118906021118164e+00
5.391116619110107422e+00,2.001621425151824951e-01
1.459336280822753906e+00,3.237530231475830078e+00
3.723386228084564209e-01,5.829458236694335938e+00
3.232335448265075684e-01,2.688261032104492188e+00
-5.808081030845642090e-01,1.259116530418395996e+00
1.311788320541381836e+00,1.765977859497070312e+00
2.226749181747436523e+00,2.996390342712402344e+00
1.881529092788696289e+00,3.738421440124511719e+00
7.660111784934997559e-02,5.978960990905761719e+00
2.303678274154663086e+00,2.264921665191650391e+00
2.011466264724731445e+00,2.668219566345214844e+00
3.468856573104858398e+00,-5.205349922180175781e-01
2.344665050506591797e+00,4.306856632232666016e+00
-4.568905830383300781e-01,1.689385175704956055e+00
1.365221261978149414e+00,2.469489574432373047e+00
8.676896095275878906e-01,3.150125980377197266e+00
9.551644325256347656e-03,1.289933681488037109e+00
-5.506058335304260254e-01,1.964648604393005371e+00
7.937411069869995117e-01,1.617782115936279297e+00
6.362549066543579102e-01,2.948318481445312500e+00
2.233708143234252930e+00,4.062749385833740234e+00
1.837985038757324219e+00,1.361122012138366699e+00
2.391762882471084595e-01,2.235539436340332031e+00
-1.635509490966796875e+00,1.735065579414367676e+00
1.592825174331665039e+00,1.608491301536560059e+00
1.621574401855468750e+00,4.563219547271728516e+00
-4.157632589340209961e-03,2.418946027755737305e+00
-1.176753044128417969e+00,1.762349724769592285e+00
-1.142201185226440430e+00,1.722727298736572266e+00
9.747548103332519531e-01,5.200918197631835938e+00
-2.389050126075744629e-01,2.846950292587280273e+00
1.267952203750610352e+00,4.806464195251464844e+00
7.633756399154663086e-01,3.499916076660156250e+00
1.908716917037963867e+00,4.968083381652832031e+00
1.757172822952270508e+00,1.675837993621826172e+00
2.835920572280883789e+00,1.553825974464416504e+00
1.881529092788696289e+00,3.738421440124511719e+00
6.276298761367797852e-01,3.078300952911376953e+00
7.416621446609497070e-01,2.705610513687133789e+00
8.447338342666625977e-01,2.734706640243530273e+00
8.578997850418090820e-01,3.506687879562377930e+00
2.133354663848876953e+00,4.290630340576171875e+00
-1.515229701995849609e+00,2.899418592453002930e+00
1.504605531692504883e+00,1.784109592437744141e+00
9.215516448020935059e-01,5.992076396942138672e+00
3.964256644248962402e-01,3.739810228347778320e+00
1.442049503326416016e+00,4.305100917816162109e+00
3.281724452972412109e-01,3.296640157699584961e+00
1.625525712966918945e+00,1.681409120559692383e+00
-3.296535968780517578e+00,1.210162830352783203e+01
-8.722361922264099121e-01,1.545069694519042969e+00
1.757623195648193359e+00,4.267483711242675781e+00
-1.404622077941894531e+00,1.434695124626159668e+00
1.128221988677978516e+00,1.601571917533874512e+00
2.056314945220947266e+00,8.734092712402343750e-01
1.108902335166931152e+00,3.229456424713134766e+00
1.486835718154907227e+00,1.690569639205932617e+00
2.186141729354858398e+00,2.606193065643310547e+00
2.290745019912719727e+00,4.138976097106933594e+00
2.176033735275268555e+00,2.545403718948364258e+00
2.626162052154541016e+00,2.131512641906738281e+00
1.216142416000366211e+00,2.777920007705688477e+00
2.384688377380371094e+00,2.813169240951538086e+00
2.622754573822021484e+00,2.972113370895385742e+00
1.019705533981323242e+00,2.471662521362304688e+00
2.744807481765747070e+00,1.562313318252563477e+00
1.138581514358520508e+00,1.997762441635131836e+00
2.251061201095581055e+00,3.661539077758789062e+00
1.709650039672851562e+00,2.563697099685668945e+00
3.557504177093505859e+00,2.278884172439575195e+00
1.433435678482055664e+00,3.275108814239501953e+00
1.293511867523193359e+00,5.237223148345947266e+00
-4.624114036560058594e-01,7.621881365776062012e-01
2.768390655517578125e+00,1.642204403877258301e+00
8.133226633071899414e-01,2.321586847305297852e+00
-1.279599905014038086e+00,8.469597816467285156e+00
2.703650712966918945e+00,1.343610286712646484e+00
5.937311649322509766e-01,3.840003490447998047e+00
4.341241121292114258e-01,2.345568656921386719e+00
3.841140270233154297e-01,3.566108465194702148e+00
-4.792932868003845215e-01,1.786164641380310059e+00
3.339606285095214844e+00,1.155207753181457520e+00
1.520076513290405273e+00,6.417747497558593750e+00
1.448898792266845703e+00,4.702700138092041016e+00
9.805753827095031738e-01,2.150518417358398438e+00
2.650486230850219727e+00,4.279426097869873047e+00
2.135632038116455078e+00,3.366071939468383789e+00
6.880655884742736816e-01,2.194034099578857422e+00
2.876661300659179688e+00,2.122229814529418945e+00
1.734190702438354492e+00,3.090984821319580078e+00
-7.890121340751647949e-01,7.339661598205566406e+00
1.986561059951782227e+00,3.153780460357666016e+00
2.241155862808227539e+00,2.911807060241699219e+00
3.751173734664916992e+00,1.015508890151977539e+00
2.667824506759643555e+00,2.148159027099609375e+00
6.556479334831237793e-01,2.877199888229370117e+00
-6.513940095901489258e-01,1.285569429397583008e+00
3.539268732070922852e+00,2.008059263229370117e+00
1.630711078643798828e+00,1.394809842109680176e+00
1.830608129501342773e+00,1.165773153305053711e+00
2.677755594253540039e+00,3.218806505203247070e+00
2.612707853317260742e+00,2.146939516067504883e+00
1.851553916931152344e+00,3.070194005966186523e+00
-4.401487112045288086e-01,1.582623839378356934e+00
2.133354663848876953e+00,4.290630340576171875e+00
1.651590824127197266e+00,1.286792159080505371e+00
3.616672515869140625e+00,1.243733763694763184e+00
1.809738159179687500e+00,3.797998189926147461e+00
8.057857751846313477e-01,-9.645243883132934570e-01
1.218053624033927917e-01,8.345510959625244141e-01
2.324788093566894531e+00,2.391789913177490234e+00
1.502933263778686523e+00,3.786778688430786133e+00
1.484947919845581055e+00,1.718505501747131348e+00
1.624089479446411133e+00,2.993273735046386719e+00
1.091017723083496094e+00,3.270586729049682617e+00
-7.058253288269042969e-01,1.545304536819458008e+00
1.275116443634033203e+00,4.597226142883300781e+00
-4.022778868675231934e-01,1.667130112648010254e+00
1.478720188140869141e+00,1.554690241813659668e+00
2.579199314117431641e+00,2.513430118560791016e+00
2.063468694686889648e-01,5.826995849609375000e+00
3.249215841293334961e+00,2.407962083816528320e+00
4.077543735504150391e+00,1.468473076820373535e+00
3.191951990127563477e+00,1.791779041290283203e+00
8.447338342666625977e-01,2.734706640243530273e+00
4.284323215484619141e+00,9.867497682571411133e-01
3.488054275512695312e+00,1.371983408927917480e+00
3.364256620407104492e+00,3.794631719589233398e+00
-5.124940872192382812e-01,7.737779140472412109e+00
9.417830705642700195e-01,5.490148067474365234e+00
4.401275217533111572e-01,2.430967569351196289e+00
2.421577930450439453e+00,4.782298564910888672e+00
3.060930967330932617e-01,8.494924306869506836e-01
2.257527112960815430e+00,2.988236665725708008e+00
3.361714839935302734e+00,2.426373243331909180e+00
2.841130495071411133e-01,7.141983509063720703e+00
4.484716355800628662e-01,3.685499906539916992e+00
2.271867990493774414e+00,3.621002674102783203e+00
2.360694885253906250e+00,3.413280487060546875e+00
1.140661001205444336e+00,2.788162708282470703e+00
3.288297653198242188e+00,1.810097098350524902e+00
9.821946620941162109e-01,2.390827417373657227e+00
-5.531575083732604980e-01,4.910397529602050781e-01
-6.165831089019775391e-01,1.681696891784667969e+00
-1.145521640777587891e+00,7.558541297912597656e+00
2.181923151016235352e+00,3.779104709625244141e+00
-1.236479282379150391e-01,6.079340934753417969e+00
7.739404439926147461e-01,1.873132348060607910e+00
2.658133983612060547e+00,2.434439182281494141e+00
-4.561887979507446289e-01,3.627091169357299805e+00
3.928204774856567383e-01,6.951502799987792969e+00
-8.818355202674865723e-01,7.518211841583251953e+00
-1.038786172866821289e+00,1.545894384384155273e+00
1.402085304260253906e+00,3.650365591049194336e+00
2.038229942321777344e+00,3.615965366363525391e+00
1.796189546585083008e+00,3.945233583450317383e+00
2.326235771179199219e+00,4.215185642242431641e+00
2.137173414230346680e+00,6.149795055389404297e+00
-1.077299118041992188e+00,1.161075472831726074e+00
-1.641732692718505859e+00,6.876322031021118164e-01
-2.061285018920898438e+00,8.569302558898925781e-01
2.703883171081542969e+00,4.004951477050781250e+00
1.283331632614135742e+00,2.019021749496459961e+00
9.577788114547729492e-01,2.800222158432006836e+00
3.684853315353393555e-01,2.066560268402099609e+00
-1.659598350524902344e+00,1.291975140571594238e+00
1.963205337524414062e+00,5.283538341522216797e+00
1.132399797439575195e+00,3.633785963058471680e+00
2.022491693496704102e+00,2.165270090103149414e+00
2.746632575988769531e+00,4.198374271392822266e+00
2.203980684280395508e+00,3.352413892745971680e+00
1.163258075714111328e+00,3.743555307388305664e+00
4.240016937255859375e-01,2.950045585632324219e+00
2.042318105697631836e+00,6.121939182281494141e+00
-1.163524866104125977e+00,1.595449090003967285e+00
-1.706813573837280273e+00,1.401527285575866699e+00
-1.210614919662475586e+00,9.695574045181274414e-01
7.177035808563232422e+00,-7.483909130096435547e-01
3.841093301773071289e+00,1.119156599044799805e+00
2.307997465133666992e+00,3.787368535995483398e+00
1.209684610366821289e+00,2.962447166442871094e+00
1.937455415725708008e+00,4.748507499694824219e+00
-4.771479964256286621e-01,1.541648507118225098e+00
-6.872627735137939453e-01,1.369076728820800781e+00
1.334375858306884766e+00,2.073912858963012695e+00
1.709246397018432617e+00,2.394096612930297852e+00
2.127307653427124023e+00,2.495262384414672852e+00
-1.181158423423767090e-02,9.841456413269042969e-01
1.387926101684570312e+00,1.826357364654541016e+00
-1.671445369720458984e+00,7.630103588104248047e+00
2.777084827423095703e+00,2.617756843566894531e+00
2.374132394790649414e+00,4.478682994842529297e+00
2.240571975708007812e+00,2.170678853988647461e+00
-4.749788641929626465e-01,1.199771881103515625e+00
8.435266613960266113e-01,1.196342229843139648e+00
2.158056020736694336e+00,3.371875524520874023e+00
3.165313243865966797e+00,1.614263176918029785e+00
2.524166822433471680e+00,1.828867316246032715e+00
1.850020408630371094e+00,1.401916861534118652e+00
2.234618663787841797e+00,3.160636186599731445e+00
1.922009706497192383e+00,3.736189365386962891e+00
-2.362779080867767334e-01,1.363940596580505371e+00
2.429790258407592773e+00,5.089762210845947266e+00
6.661975979804992676e-01,4.635426998138427734e+00
5.345637798309326172e+00,-1.257680535316467285e+00
2.426860570907592773e+00,1.155047535896301270e+00
2.644690573215484619e-01,2.817615032196044922e+00
9.844612479209899902e-01,3.779288053512573242e+00
1.578582763671875000e+00,1.987608790397644043e+00
1.198196172714233398e+00,1.821019649505615234e+00
3.393182039260864258e+00,1.857224702835083008e+00
-4.825071692466735840e-01,1.402883648872375488e+00
1.548708677291870117e+00,9.122438430786132812e-01
2.262397766113281250e+00,3.521440982818603516e+00
3.630695343017578125e+00,1.996992111206054688e+00
3.205152511596679688e+00,9.790614843368530273e-01
1.172628879547119141e+00,6.060831546783447266e+00
1.646948099136352539e+00,2.737503528594970703e+00
2.385217666625976562e+00,3.210853338241577148e+00
1.373413562774658203e+00,3.676401853561401367e+00
9.362483620643615723e-01,3.956774473190307617e+00
-7.531479597091674805e-01,1.426728129386901855e+00
4.915778636932373047e+00,9.396699666976928711e-01
9.201167821884155273e-01,5.255524635314941406e+00
1.744560480117797852e+00,5.259200096130371094e+00
8.339805006980895996e-01,2.718118906021118164e+00
-4.980027079582214355e-01,1.452515840530395508e+00
1.311788320541381836e+00,1.765977859497070312e+00
-4.179317951202392578e-01,1.653008580207824707e+00
-1.382323503494262695e+00,1.967488646507263184e+00
9.396921992301940918e-01,6.711559772491455078e+00
3.234907388687133789e+00,2.751448392868041992e+00
1.765442609786987305e+00,6.920331954956054688e+00
1.557679653167724609e+00,2.508253097534179688e+00
2.242278099060058594e+00,3.007709026336669922e+00
3.803475141525268555e+00,1.587539434432983398e+00
2.800658702850341797e+00,4.940124511718750000e+00
1.751479625701904297e+00,3.244372129440307617e+00
-9.371464848518371582e-01,1.883019328117370605e+00
-8.306233286857604980e-01,6.530324935913085938e+00
2.653377056121826172e+00,3.237181425094604492e+00
2.115656614303588867e+00,3.913815021514892578e+00
4.086393713951110840e-01,6.428375720977783203e+00
1.190632820129394531e+00,3.354171991348266602e+00
2.811872005462646484e+00,4.168648242950439453e+00
2.070549279451370239e-01,2.149849176406860352e+00
1.095546603202819824e+00,2.436089992523193359e+00
1.463740110397338867e+00,1.922424912452697754e+00
-1.035456657409667969e+00,1.011084198951721191e+00
2.105834007263183594e+00,3.755349159240722656e+00
1.905780315399169922e+00,3.522543430328369141e+00
3.751173734664916992e+00,1.015508890151977539e+00
3.995848894119262695e+00,1.750783681869506836e+00
2.163027763366699219e+00,7.054976224899291992e-01
8.833315968513488770e-01,3.062737941741943359e+00
2.084502220153808594e+00,4.339518547058105469e+00
-3.772006630897521973e-01,1.439087629318237305e+00
1.143177032470703125e+00,2.147060155868530273e+00
3.149140357971191406e+00,1.552693605422973633e+00
1.146506547927856445e+00,1.256589174270629883e+00
1.018430709838867188e+00,4.934763908386230469e+00
6.918501853942871094e-01,1.983221173286437988e+00
2.114002227783203125e+00,2.274945497512817383e+00
1.252667427062988281e+00,1.696853876113891602e+00
2.280056953430175781e+00,1.884047865867614746e+00
8.517335057258605957e-01,1.678069114685058594e+00
1.974618673324584961e+00,3.343709945678710938e+00
7.641466259956359863e-01,2.142853736877441406e+00
-8.005554676055908203e-01,8.772703409194946289e-01
2.472624778747558594e+00,2.761386871337890625e+00
3.429917097091674805e+00,7.700944542884826660e-01
-6.001743674278259277e-01,1.187771677970886230e+00
-4.793705940246582031e-01,1.390407681465148926e+00
2.315175294876098633e+00,3.583028316497802734e+00
-6.980732679367065430e-01,9.886283874511718750e-01
-8.359966874122619629e-01,8.880648612976074219e-01
2.048488855361938477e+00,4.081487655639648438e+00
8.230723142623901367e-01,3.661468267440795898e+00
1.907850027084350586e+00,3.285406351089477539e+00
2.393484830856323242e+00,6.023994088172912598e-01
2.390590190887451172e+00,1.351176500320434570e+00
-8.585500121116638184e-01,1.527394533157348633e+00
1.080770492553710938e+00,1.444722771644592285e+00
1.593598604202270508e+00,3.777524709701538086e+00
1.070420742034912109e+00,2.959491968154907227e+00
-1.000310420989990234e+00,1.430989384651184082e+00
-7.546222805976867676e-01,1.391409873962402344e+00
-7.214433550834655762e-01,6.660624980926513672e+00
1.627292633056640625e+00,4.129080772399902344e+00
1.309160470962524414e+00,5.487713336944580078e+00
1.082404613494873047e+00,4.777750968933105469e+00
1.112898349761962891e+00,5.607810020446777344e+00
1.699759721755981445e+00,3.218584775924682617e+00
1.992110729217529297e+00,3.497206687927246094e+00
2.543371200561523438e+00,1.424285411834716797e+00
3.604059666395187378e-02,9.158185720443725586e-01
-1.202829122543334961e+00,6.018222570419311523e-01
1.402085304260253906e+00,3.650365591049194336e+00
1.997980594635009766e+00,3.810647726058959961e+00
-7.904533743858337402e-01,7.132110595703125000e+00
5.009640693664550781e+00,-7.863202095031738281e-01
1.919608592987060547e+00,3.140363216400146484e+00
3.751482009887695312e+00,1.832749962806701660e+00
7.716138362884521484e-01,3.221325635910034180e+00
3.946707487106323242e+00,1.452841758728027344e+00
1.943019151687622070e+00,3.139305591583251953e+00
1.211433410644531250e+00,1.734656095504760742e+00
5.869927406311035156e+00,-2.145251631736755371e-02
1.981506586074829102e+00,8.963662385940551758e-01
1.133380413055419922e+00,2.656305313110351562e+00
-7.911095023155212402e-01,1.667696952819824219e+00
-5.074498653411865234e-01,1.122925639152526855e+00
-1.487216353416442871e-01,8.102878928184509277e-01
2.195378065109252930e+00,2.536426544189453125e+00
2.412317752838134766e+00,2.526720046997070312e+00
1.462544202804565430e+00,3.193087100982666016e+00
2.710247993469238281e+00,4.135047435760498047e+00
3.411882221698760986e-01,3.456007719039916992e+00
1.831206798553466797e+00,3.736389398574829102e+00
2.464745998382568359e+00,2.810703754425048828e+00
-7.111296057701110840e-01,1.145459413528442383e+00
2.379955530166625977e+00,2.479345798492431641e+00
-5.410860776901245117e-01,6.786476135253906250e+00
2.497914552688598633e+00,3.506303548812866211e+00
2.267563343048095703e+00,2.944332838058471680e+00
2.008583545684814453e+00,4.026474475860595703e+00
9.804683327674865723e-01,2.875625610351562500e+00
1.793701887130737305e+00,4.186042308807373047e+00
1.198714017868041992e+00,1.674247145652770996e+00
1.008230924606323242e+00,2.259490489959716797e+00
3.703217506408691406e+00,1.088624358177185059e+00
-5.074498653411865234e-01,1.122925639152526855e+00
3.427124768495559692e-02,1.719715356826782227e+00
3.205701828002929688e+00,2.576991319656372070e+00
2.361673355102539062e+00,4.029644012451171875e+00
-4.964442849159240723e-01,1.356616854667663574e+00
3.715250968933105469e+00,1.728754758834838867e+00
2.740256547927856445e+00,2.786912202835083008e+00
2.382676124572753906e+00,2.546953678131103516e+00
-8.014781475067138672e-01,1.103557825088500977e+00
1.410736083984375000e+00,4.599988460540771484e+00
-6.863862872123718262e-01,1.267137050628662109e+00
4.643523991107940674e-01,5.087080001831054688e+00
7.332003116607666016e-02,1.804931998252868652e+00
1.869449377059936523e+00,3.339894771575927734e+00
2.101112127304077148e+00,2.488912820816040039e+00
2.816919088363647461e+00,1.500100493431091309e+00
1.202758252620697021e-01,3.435307502746582031e+00
-2.264210283756256104e-01,6.569002270698547363e-01
2.400506258010864258e+00,3.370699405670166016e+00
1.674166917800903320e+00,3.346904754638671875e+00
1.494622945785522461e+00,4.944538116455078125e+00
-7.247223258018493652e-01,1.199676632881164551e+00
-6.385605931282043457e-01,7.228380441665649414e-01
2.384345531463623047e+00,4.627896308898925781e+00
2.621797800064086914e+00,3.883696794509887695e-01
5.365173816680908203e-01,1.725921154022216797e+00
2.197094917297363281e+00,2.183048725128173828e+00
3.127974033355712891e+00,2.270039558410644531e+00
-1.163505315780639648e+00,8.585461378097534180e-01
1.742076873779296875e+00,1.278059363365173340e+00
9.820055365562438965e-01,1.628001451492309570e+00
-4.561887979507446289e-01,3.627091169357299805e+00
2.450765848159790039e+00,1.546582221984863281e+00
1.356848239898681641e+00,2.997430086135864258e+00
2.380055665969848633e+00,3.395947933197021484e+00
1.459336280822753906e+00,3.237530231475830078e+00
2.564386606216430664e+00,3.522864580154418945e+00
1.140637874603271484e+00,1.770782351493835449e+00
2.163724184036254883e+00,3.185819149017333984e+00
1.195509910583496094e+00,4.349909782409667969e+00
7.210772633552551270e-01,2.094016551971435547e+00
-8.999213576316833496e-01,1.525200843811035156e+00
-6.713572740554809570e-01,6.757843494415283203e-01
2.307331085205078125e+00,3.279606103897094727e+00
9.816704392433166504e-01,5.218407630920410156e+00
1.016482114791870117e+00,2.119799613952636719e+00
1.172230482101440430e+00,3.297519922256469727e+00
1.420355081558227539e+00,4.138323307037353516e+00
-6.339952349662780762e-03,3.496956586837768555e+00
3.145973682403564453e+00,2.543528318405151367e+00
1.029268503189086914e+00,3.816240549087524414e+00
2.847007513046264648e-01,6.696611404418945312e+00
-1.035686492919921875e+00,1.598821282386779785e+00
1.920544147491455078e+00,4.346235752105712891e+00
-1.115812063217163086e-01,2.737997293472290039e+00
1.868646144866943359e+00,4.206682205200195312e+00
2.081936836242675781e+00,4.274378299713134766e+00
2.856867790222167969e+00,2.682237863540649414e+00
2.356268167495727539e+00,4.017661094665527344e+00
1.430156230926513672e+00,1.689795017242431641e+00
1.244895458221435547e+00,4.517467498779296875e+00
5.535635948181152344e-01,2.635789394378662109e+00
5.869927406311035156e+00,-2.145251631736755371e-02
4.038510799407958984e+00,1.740329742431640625e+00
-4.953239560127258301e-01,2.350766897201538086e+00
3.798776268959045410e-01,1.042355060577392578e+00
2.308638811111450195e+00,3.615916490554809570e+00
8.230723142623901367e-01,3.661468267440795898e+00
3.057008981704711914e-01,1.994369983673095703e+00
2.136300802230834961e+00,1.605215072631835938e+00
2.258257389068603516e+00,7.287437915802001953e-01
3.105999946594238281e+00,3.669905424118041992e+00
4.800771236419677734e+00,6.976736783981323242e-01
1.076794028282165527e+00,4.956226348876953125e+00
6.889081001281738281e-01,1.641792178153991699e+00
2.396254539489746094e+00,2.979001522064208984e+00
1.448386013507843018e-01,8.980317115783691406e-01
-1.103641986846923828e+00,7.283862113952636719e+00
3.090245485305786133e+00,2.515297651290893555e+00
1.796189546585083008e+00,3.945233583450317383e+00
3.411882221698760986e-01,3.456007719039916992e+00
-6.141650676727294922e-01,1.629052877426147461e+00
-5.083497762680053711e-01,3.259366273880004883e+00
1.149810999631881714e-01,2.134337186813354492e+00
1.511539936065673828e+00,4.691712379455566406e+00
-6.513940095901489258e-01,1.285569429397583008e+00
2.437476873397827148e+00,3.800940752029418945e+00
2.149268627166748047e+00,1.486263155937194824e+00
4.258123874664306641e+00,1.622475385665893555e+00
2.542528390884399414e+00,1.982874393463134766e+00
4.883550167083740234e+00,-1.221458613872528076e-01
9.842957854270935059e-01,2.467152357101440430e+00
-4.964442849159240723e-01,1.356616854667663574e+00
5.471263885498046875e+00,4.622086286544799805e-01
5.480626821517944336e-01,3.453611373901367188e+00
1.886982202529907227e+00,1.486601114273071289e+00
-7.351689338684082031e-01,1.300951361656188965e+00
1.941254138946533203e+00,3.520018577575683594e+00
-8.108133077621459961e-01,1.265049219131469727e+00
2.122912645339965820e+00,4.273676872253417969e+00
1.933160305023193359e+00,3.177818775177001953e+00
1.406183481216430664e+00,4.381545543670654297e+00
1.999013185501098633e+00,2.611171722412109375e+00
1.272487640380859375e+00,2.195132732391357422e+00
2.480729341506958008e+00,1.572564721107482910e+00
3.243343591690063477e+00,1.359770536422729492e+00
3.337178230285644531e+00,2.807469367980957031e+00
2.157832384109497070e+00,2.566680431365966797e+00
9.391849637031555176e-01,5.215102195739746094e+00
4.369418621063232422e+00,1.247366309165954590e+00
1.016482114791870117e+00,2.119799613952636719e+00
2.688419818878173828e+00,2.707159280776977539e+00
1.960889101028442383e+00,3.892873525619506836e+00
-3.339081108570098877e-01,1.447057723999023438e+00
2.134592771530151367e+00,3.435936212539672852e+00
2.129613161087036133e+00,3.197338581085205078e+00
7.656173110008239746e-01,3.874548912048339844e+00
1.629979133605957031e+00,3.184581279754638672e+00
-8.746308684349060059e-01,8.926130533218383789e-01
1.580557823181152344e+00,2.038653612136840820e+00
1.128221988677978516e+00,1.601571917533874512e+00
3.151502370834350586e+00,1.372831225395202637e+00
1.525956153869628906e+00,9.975217580795288086e-01
1.406183481216430664e+00,4.381545543670654297e+00
7.420566082000732422e-01,2.523065328598022461e+00
1.308904647827148438e+00,3.268078565597534180e+00
2.174712181091308594e+00,4.482701778411865234e+00
1.675067663192749023e+00,4.561148166656494141e+00
2.663408517837524414e+00,2.649655818939208984e+00
1.477564096450805664e+00,3.646730422973632812e+00
7.796907424926757812e-01,2.418212175369262695e+00
2.224678516387939453e+00,3.375306367874145508e+00
-4.314832091331481934e-01,1.485416889190673828e+00
-1.001572370529174805e+00,1.713154911994934082e+00
-1.135988533496856689e-01,1.183839797973632812e+00
2.084502220153808594e+00,4.339518547058105469e+00
1.920754313468933105e-01,2.851454913616180420e-01
-1.870813965797424316e-02,6.581516265869140625e-01
1.146506547927856445e+00,1.256589174270629883e+00
2.196225881576538086e+00,2.070335626602172852e+00
6.592535376548767090e-01,2.723197698593139648e+00
2.040972471237182617e+00,2.198211908340454102e+00
3.383010327816009521e-01,5.883071422576904297e+00
