4.859795570373535156e-01,-1.255851387977600098e+00
4.790571331977844238e-01,-1.479960680007934570e+00
5.445478558540344238e-01,7.794806957244873047e-01
8.683557510375976562e-01,8.006167411804199219e-01
8.030866980552673340e-01,-2.922842204570770264e-01
4.464877843856811523e-01,9.574902057647705078e-01
-7.112774252891540527e-01,-5.745961070060729980e-01
-1.158958196640014648e+00,2.974184453487396240e-01
1.483265042304992676e+00,7.488304376602172852e-02
1.733936071395874023e+00,-7.145521640777587891e-01
3.669857978820800781e-01,9.047825336456298828e-01
8.859081268310546875e-01,-2.327404022216796875e+00
1.058430075645446777e-01,1.385425478219985962e-01
2.403834313154220581e-01,-7.243761420249938965e-01
5.107455849647521973e-01,8.098996877670288086e-01
-5.985096693038940430e-01,4.647304713726043701e-01
6.107820868492126465e-01,8.697708249092102051e-01
4.675163701176643372e-02,-6.920178234577178955e-02
5.736618041992187500e-01,-5.142553448677062988e-01
-6.802852153778076172e-01,-8.357821702957153320e-01
1.202900856733322144e-01,-9.629156440496444702e-03
9.936400651931762695e-01,-1.331185460090637207e+00
-3.102741837501525879e-01,-6.633095443248748779e-02
1.654371619224548340e+00,4.600098729133605957e-02
-7.044768929481506348e-01,-1.853757262229919434e+00
-4.822962284088134766e+00,-7.422296702861785889e-02
1.090205550193786621e+00,-1.394774198532104492e+00
3.823009133338928223e-01,8.785096406936645508e-01
-4.904605150222778320e-01,2.828567922115325928e-01
2.451993674039840698e-01,-4.962791800498962402e-01
1.019090339541435242e-01,-7.391448020935058594e-01
2.027424097061157227e+00,2.352660417556762695e+00
-2.635794281959533691e-01,-3.477764129638671875e-01
4.300090670585632324e-01,1.087167382240295410e+00
-7.230316996574401855e-01,-1.996436953544616699e+00
1.192234635353088379e+00,1.411830663681030273e+00
3.384897112846374512e-01,-5.473346114158630371e-01
-5.008447170257568359e-01,5.789077877998352051e-01
1.366652846336364746e+00,-1.485042214393615723e+00
2.022877335548400879e-01,-4.896374344825744629e-01
1.114376425743103027e+00,-1.146283030509948730e+00
6.835691928863525391e-01,7.593758702278137207e-01
-9.127385616302490234e-01,-4.437779486179351807e-01
1.611254334449768066e+00,-1.671694755554199219e+00
-3.504987955093383789e-01,-2.066023647785186768e-01
-1.581994533538818359e+00,-4.970957279205322266e+00
2.035974264144897461e-01,-4.261056780815124512e-01
-1.010968208312988281e+00,-7.564699053764343262e-01
2.600641489028930664e+00,-5.768228769302368164e-01
-1.388471007347106934e+00,-1.126774311065673828e+00
1.488714069128036499e-01,-8.506345748901367188e-01
-7.171356081962585449e-01,-3.371748030185699463e-01
4.571616053581237793e-01,-1.005061984062194824e+00
1.720286250114440918e+00,1.827653050422668457e+00
9.878237545490264893e-02,-1.917832136154174805e+00
1.202284455299377441e+00,-8.919693231582641602e-01
6.361474990844726562e-01,-1.618807554244995117e+00
4.469119310379028320e-01,-1.159269809722900391e+00
3.320037126541137695e-01,2.787694036960601807e-01
4.829241037368774414e-01,-1.396138787269592285e+00
-6.147602200508117676e-01,4.612619578838348389e-01
-3.142983913421630859e-01,-8.584092259407043457e-01
5.368707776069641113e-01,6.948674321174621582e-01
2.259041070938110352e-01,1.025375604629516602e+00
8.796257972717285156e-01,4.584072530269622803e-01
-2.671126365661621094e+00,-1.303686618804931641e+00
2.598549723625183105e-01,8.821560144424438477e-01
-1.209702610969543457e+00,-1.674199342727661133e+00
-7.358127236366271973e-01,-3.965769767761230469e+00
1.705542653799057007e-01,-5.804087519645690918e-01
8.633182644844055176e-01,-1.358749389648437500e+00
4.424341320991516113e-01,-8.844619989395141602e-01
2.128179222345352173e-01,-6.313652396202087402e-01
5.935969352722167969e-01,2.174837291240692139e-01
1.114376425743103027e+00,-1.146283030509948730e+00
2.133858680725097656e+00,-1.634470224380493164e+00
-3.005474619567394257e-02,-7.767143845558166504e-01
5.533679723739624023e-01,8.730250000953674316e-01
-1.890623569488525391e-01,5.746836662292480469e-01
-4.420700073242187500e-01,-1.122712850570678711e+00
1.367312669754028320e-01,9.157872200012207031e-02
1.899574756622314453e+00,-2.399073600769042969e+00
1.287549138069152832e+00,1.374442815780639648e+00
1.278954148292541504e+00,-1.940557718276977539e+00
-6.869937777519226074e-01,-7.846906781196594238e-01
2.446689158678054810e-01,9.303683638572692871e-01
-6.584748625755310059e-01,4.759423434734344482e-02
4.793798327445983887e-01,1.412922590970993042e-01
8.738981559872627258e-03,1.076839804649353027e+00
3.054568171501159668e-01,9.665408730506896973e-01
-1.027748942375183105e+00,-1.536418437957763672e+00
1.229906454682350159e-03,-5.589072108268737793e-01
-4.503184556961059570e-01,-6.558858156204223633e-01
-2.249243855476379395e-01,-1.190739274024963379e+00
-4.649758934974670410e-01,-3.732829168438911438e-02
-5.838911533355712891e+00,-3.086746931076049805e+00
-6.481382846832275391e-01,-8.291850686073303223e-01
1.078878760337829590e+00,-1.657895684242248535e+00
1.615392923355102539e+00,-1.852380514144897461e+00
-9.012120366096496582e-01,-1.896759629249572754e+00
2.154356092214584351e-01,3.928709030151367188e-01
1.068175196647644043e+00,-1.596088290214538574e+00
-3.743714809417724609e+00,-2.298941373825073242e+00
1.267143368721008301e+00,-2.326453208923339844e+00
6.987175345420837402e-01,-2.073652595281600952e-01
4.191491603851318359e-01,7.516349554061889648e-01
2.275008559226989746e-01,-1.103713393211364746e+00
1.027373909950256348e+00,-4.283673465251922607e-01
2.248559743165969849e-01,-6.116935610771179199e-01
-4.738233685493469238e-01,-1.069738268852233887e-01
-3.785431861877441406e+00,-1.829720020294189453e+00
-3.772580027580261230e-01,1.871750503778457642e-01
-3.282409310340881348e-01,-6.983135342597961426e-01
2.078889131546020508e+00,-1.272516608238220215e+00
-8.199148774147033691e-01,-1.178356409072875977e-01
-3.881973624229431152e-01,-2.036703348159790039e+00
2.223480194807052612e-01,5.642385035753250122e-02
5.379433631896972656e-01,-2.319904088973999023e+00
2.602825164794921875e-01,-2.746758982539176941e-02
-1.016041755676269531e+00,-2.112268686294555664e+00
7.739312648773193359e-01,-3.534492850303649902e-01
-2.201502561569213867e+00,1.916431188583374023e+00
3.827436566352844238e-01,1.005347609519958496e+00
1.735663652420043945e+00,-1.596521735191345215e+00
-2.795178443193435669e-02,1.980542093515396118e-01
6.433333754539489746e-01,-1.957460284233093262e+00
-2.792127728462219238e-01,3.931351602077484131e-01
5.147592067718505859e+00,-1.764198422431945801e+00
-1.061980843544006348e+00,3.852417171001434326e-01
6.335176527500152588e-02,2.420406192541122437e-01
1.506632804870605469e+00,-1.186065912246704102e+00
1.900944113731384277e-01,1.060172438621520996e+00
3.964284062385559082e-01,-1.505619525909423828e+00
2.009741306304931641e+00,6.036025285720825195e-01
-3.902623057365417480e-01,-1.571923047304153442e-01
-2.666382789611816406e+00,-2.191542387008666992e+00
1.081347107887268066e+00,3.253575265407562256e-01
-1.279166936874389648e-01,3.956595063209533691e-01
1.925474524497985840e+00,-1.969997525215148926e+00
2.012277603149414062e+00,1.945402264595031738e+00
5.356911420822143555e-01,8.436219096183776855e-01
-6.869937777519226074e-01,-7.846906781196594238e-01
-8.685501813888549805e-01,-8.561154007911682129e-01
2.491980046033859253e-01,4.986993372440338135e-01
-5.434694290161132812e+00,-1.821633338928222656e+00
6.835691928863525391e-01,7.593758702278137207e-01
9.006985425949096680e-01,5.290848016738891602e-01
3.669857978820800781e-01,9.047825336456298828e-01
5.679025650024414062e-01,7.656348943710327148e-01
1.758963912725448608e-01,-1.921698808670043945e+00
1.158176064491271973e+00,-1.594890952110290527e+00
3.091880679130554199e-01,5.141145586967468262e-01
-6.306366920471191406e-01,1.701922342181205750e-02
3.991832137107849121e-01,-3.490730226039886475e-01
3.783692717552185059e-01,8.649641871452331543e-01
6.019580364227294922e-01,7.429335713386535645e-01
-4.248700737953186035e-01,-1.473522305488586426e+00
1.320407629013061523e+00,1.386754393577575684e+00
-1.865858554840087891e+00,-1.277337789535522461e+00
4.807039499282836914e-01,-2.691127777099609375e+00
-1.218084573745727539e+00,-3.261859655380249023e+00
-5.148292183876037598e-01,1.142991185188293457e-01
1.160386800765991211e+00,-1.941138029098510742e+00
1.505515575408935547e-01,5.021845698356628418e-01
1.132833242416381836e+00,2.425576746463775635e-01
-1.841057687997817993e-01,-8.474019169807434082e-02
1.887520104646682739e-01,-6.311475634574890137e-01
1.802683174610137939e-01,9.189581274986267090e-01
-4.006063938140869141e-01,-2.481548786163330078e+00
-2.300309181213378906e+00,-2.825106382369995117e-01
5.949403643608093262e-01,6.454921960830688477e-01
-4.660414457321166992e-01,-9.591113328933715820e-01
1.025673866271972656e+00,-4.215514183044433594e+00
-6.549450159072875977e-01,-1.217187285423278809e+00
6.024394631385803223e-01,6.513367295265197754e-01
2.655979633331298828e+00,-2.917652368545532227e+00
-1.590515732765197754e+00,1.272073030471801758e+00
2.426691800355911255e-01,-2.028079509735107422e+00
5.935969352722167969e-01,2.174837291240692139e-01
-1.631733298301696777e+00,3.661461770534515381e-01
1.016664877533912659e-01,3.427037596702575684e-01
2.306703478097915649e-01,9.917162656784057617e-01
6.206946969032287598e-01,-5.000010132789611816e-01
3.433623909950256348e-01,-1.015394330024719238e+00
-9.070612490177154541e-03,1.067710757255554199e+00
2.447766542434692383e+00,1.007575273513793945e+00
9.982298612594604492e-01,-4.883117675781250000e-01
1.562327623367309570e+00,9.390799403190612793e-01
1.470325291156768799e-01,6.889488697052001953e-01
3.137596696615219116e-02,1.071331620216369629e+00
1.070139408111572266e+00,2.069374173879623413e-01
8.227669596672058105e-01,-4.087742865085601807e-01
-5.148236155509948730e-01,-7.270110845565795898e-01
-4.043914675712585449e-01,-9.867671132087707520e-01
-4.043914675712585449e-01,-9.867671132087707520e-01
1.202113866806030273e+00,1.474905490875244141e+00
8.437728285789489746e-01,-1.202802777290344238e+00
9.361327290534973145e-01,-1.270174860954284668e+00
1.598365187644958496e+00,-2.568672597408294678e-01
1.095785856246948242e+00,-7.930257320404052734e-01
-8.257514834403991699e-01,-1.061891436576843262e+00
-1.034196853637695312e+00,1.218183636665344238e-01
3.998795747756958008e-01,9.129149913787841797e-01
-2.866063117980957031e+00,-1.955718755722045898e+00
-5.641067624092102051e-01,2.842390537261962891e-01
-5.725572109222412109e-01,-1.390478849411010742e+00
3.454670310020446777e-01,8.584989309310913086e-01
1.556186795234680176e+00,-7.176012396812438965e-01
2.262592077255249023e+00,2.167505264282226562e+00
-1.098648548126220703e+00,1.296715736389160156e+00
-8.888239040970802307e-03,9.715193510055541992e-01
1.997753232717514038e-02,5.149170756340026855e-01
2.239855676889419556e-01,-1.534739136695861816e+00
-2.464650720357894897e-01,-2.976079285144805908e-01
8.437520265579223633e-01,3.591707348823547363e-01
-4.531395435333251953e-01,-1.847082853317260742e+00
4.359727501869201660e-01,2.072652578353881836e-01
-6.183337569236755371e-01,-8.799101710319519043e-01
-2.636730670928955078e-01,-7.318303585052490234e-01
8.873484730720520020e-01,-1.506978392601013184e+00
1.356092333793640137e+00,-1.072883009910583496e+00
-2.577853202819824219e-01,4.919756948947906494e-02
5.894846916198730469e-01,1.271108031272888184e+00
-1.433985590934753418e+00,-1.803205370903015137e+00
-7.341338992118835449e-01,-1.601046800613403320e+00
6.727036237716674805e-01,-6.368228793144226074e-01
5.670932531356811523e-01,5.752546787261962891e-01
-3.540942430496215820e+00,1.112768173217773438e+00
1.629042625427246094e-01,3.814613819122314453e-01
7.933413237333297729e-02,1.215495169162750244e-01
2.300959229469299316e-01,5.840083956718444824e-01
9.695919156074523926e-01,-1.584698200225830078e+00
-1.268456131219863892e-01,2.905089855194091797e-01
1.128559708595275879e+00,1.709507405757904053e-01
-6.549178957939147949e-01,4.996583610773086548e-02
1.043495312333106995e-01,-1.660112589597702026e-01
4.969494789838790894e-02,-3.328267857432365417e-02
2.426415830850601196e-01,-1.754251956939697266e+00
1.367487944662570953e-03,9.355278015136718750e-01
-1.135326027870178223e-01,4.513793885707855225e-01
-6.431060433387756348e-01,6.032264232635498047e-01
2.136458307504653931e-01,9.920840263366699219e-01
1.484760791063308716e-01,8.321610093116760254e-01
9.120140671730041504e-01,-8.967130780220031738e-01
1.184341549873352051e+00,4.920202791690826416e-01
-1.332699894905090332e+00,6.845535635948181152e-01
2.968634963035583496e-01,9.319016933441162109e-01
4.994462132453918457e-01,-3.752728402614593506e-01
1.529214501380920410e+00,1.444265127182006836e+00
1.312081098556518555e+00,-1.045358538627624512e+00
1.780472695827484131e-01,6.539894938468933105e-01
1.776841431856155396e-01,9.813516139984130859e-01
1.470325291156768799e-01,6.889488697052001953e-01
1.575046777725219727e+00,-3.601851463317871094e-01
1.336079359054565430e+00,-1.034697413444519043e+00
3.800709247589111328e-01,8.633465170860290527e-01
2.657289981842041016e+00,1.235803604125976562e+00
-2.194792479276657104e-01,4.499933123588562012e-01
3.805447220802307129e-01,9.612668156623840332e-01
-3.440937399864196777e-01,-2.180712223052978516e+00
-5.825596451759338379e-01,-9.003852009773254395e-01
5.738225579261779785e-01,7.744012475013732910e-01
1.317655295133590698e-01,-7.412074208259582520e-01
4.640477895736694336e-01,9.160349965095520020e-01
-2.217551708221435547e+00,-2.663327217102050781e+00
6.252176761627197266e-01,3.066368401050567627e-01
1.838607668876647949e+00,-5.118580460548400879e-01
3.463450074195861816e-01,8.863455057144165039e-01
5.190412327647209167e-02,-4.468451440334320068e-01
4.305011630058288574e-01,-9.174541234970092773e-01
5.691459178924560547e-01,-1.679858207702636719e+00
1.983980536460876465e+00,-7.105549573898315430e-01
2.414277553558349609e+00,-2.619470596313476562e+00
3.557128310203552246e-01,8.484845161437988281e-01
-5.413604378700256348e-01,-6.574678421020507812e-01
1.977815926074981689e-01,-5.581780076026916504e-01
1.749638319015502930e+00,-4.576464176177978516e+00
-6.133724451065063477e-01,-5.131659507751464844e-01
5.805233120918273926e-02,1.059045910835266113e+00
2.034304589033126831e-01,4.891505837440490723e-01
1.263877272605895996e+00,-5.178760886192321777e-01
2.136992067098617554e-01,1.024852991104125977e+00
1.461498975753784180e+00,-3.342379331588745117e-01
1.028766870498657227e+00,-9.203256368637084961e-01
5.961853861808776855e-01,-1.149212241172790527e+00
-4.741886258125305176e-01,-8.630797266960144043e-01
1.427653282880783081e-01,8.913771808147430420e-02
5.064310505986213684e-02,-8.901426792144775391e-01
1.405125498771667480e+00,1.981530427932739258e+00
2.735601663589477539e-01,7.596441507339477539e-01
5.695121884346008301e-01,-1.923672199249267578e+00
-4.246270656585693359e-01,-8.306411504745483398e-01
-1.365303039550781250e+00,-1.312252283096313477e+00
-1.161167979240417480e+00,-2.754504442214965820e+00
4.881410598754882812e-01,8.742700219154357910e-01
9.239456057548522949e-01,3.254160583019256592e-01
2.505450248718261719e-01,-1.657852768898010254e+00
-4.477931261062622070e-01,-2.696144282817840576e-01
7.824051976203918457e-01,-2.379329204559326172e+00
1.516189575195312500e+00,2.673210203647613525e-01
1.454462051391601562e+00,-1.330922961235046387e+00
-5.335033535957336426e-01,8.788894116878509521e-02
1.422377347946166992e+00,-2.043655395507812500e+00
2.381766736507415771e-01,6.008976101875305176e-01
5.439666509628295898e-01,-8.870623707771301270e-01
3.642497658729553223e-01,8.961917161941528320e-01
-3.715559840202331543e-01,-1.545607447624206543e+00
5.176122188568115234e-01,-4.743584990501403809e-01
5.449423789978027344e-01,7.127422094345092773e-01
4.769866466522216797e-01,2.237308770418167114e-01
7.779123187065124512e-01,-5.367223620414733887e-01
6.251323819160461426e-01,6.992089748382568359e-01
7.058196663856506348e-01,7.190123796463012695e-01
-1.817603468894958496e+00,-3.513640165328979492e+00
5.067408680915832520e-01,8.425803184509277344e-01
-3.610812187194824219e+00,-2.602261602878570557e-01
1.191329121589660645e+00,-1.013560414314270020e+00
5.616979002952575684e-01,-1.991470158100128174e-01
2.270103394985198975e-01,-6.909568905830383301e-01
-1.528060555458068848e+00,-1.007869005203247070e+00
3.179534077644348145e-01,-6.481063365936279297e-01
-1.016453742980957031e+00,-1.773689270019531250e+00
-2.469848692417144775e-01,6.860177516937255859e-01
1.997703790664672852e+00,-2.600031197071075439e-01
1.419295310974121094e+00,-5.196199417114257812e-01
4.875438809394836426e-01,-8.080096840858459473e-01
1.024994015693664551e+00,6.261194348335266113e-01
-1.710051655769348145e+00,-1.164947986602783203e+00
-5.595161020755767822e-02,-1.152614057064056396e-01
-7.347033619880676270e-01,-3.566874861717224121e-01
-9.332652091979980469e-01,-2.478725463151931763e-01
-4.221665859222412109e-01,6.388304233551025391e-01
1.607939481735229492e+00,2.140054464340209961e+00
-2.635794281959533691e-01,-3.477764129638671875e-01
-9.481735229492187500e-01,1.850459873676300049e-01
3.129534125328063965e-01,-1.543042302131652832e+00
-2.065005779266357422e+00,-1.344222903251647949e+00
3.325167298316955566e-01,8.984315395355224609e-01
1.332941889762878418e+00,-2.873819693922996521e-02
7.360877394676208496e-01,3.964120447635650635e-01
-6.879406452178955078e+00,-1.511021971702575684e+00
6.950025260448455811e-02,1.049815773963928223e+00
-3.358682245016098022e-02,1.119191348552703857e-01
3.908330798149108887e-01,8.669204115867614746e-01
5.181859135627746582e-01,7.244496941566467285e-01
2.334800958633422852e+00,-7.905492782592773438e-01
6.472183465957641602e-01,6.704254150390625000e-01
-1.869976639747619629e+00,2.342408895492553711e+00
8.848225474357604980e-01,-7.340357899665832520e-01
2.085590362548828125e+00,9.929730892181396484e-01
-8.655515909194946289e-01,-1.914667248725891113e+00
1.194825172424316406e-01,4.342907965183258057e-01
9.833557605743408203e-01,6.857135295867919922e-01
-9.144887328147888184e-02,-1.043629288673400879e+00
-9.740825295448303223e-01,9.599541425704956055e-01
-3.071226835250854492e+00,-2.196174860000610352e+00
-2.037469148635864258e-01,-2.687291622161865234e+00
1.187762618064880371e-01,5.776895582675933838e-02
6.924765706062316895e-01,-4.416936933994293213e-01
2.018579721450805664e+00,-3.847805857658386230e-01
1.238998293876647949e+00,-1.371805548667907715e+00
1.749638319015502930e+00,-4.576464176177978516e+00
7.248462438583374023e-01,8.683573454618453979e-03
2.690132260322570801e-01,-1.538869589567184448e-01
5.431088805198669434e-01,-1.221586704254150391e+00
-3.041188716888427734e-01,-2.388422012329101562e+00
4.734663963317871094e-01,9.044047594070434570e-01
1.173473000526428223e+00,-6.506723165512084961e-01
2.279095947742462158e-01,4.289843738079071045e-01
-1.146298646926879883e-01,6.249570846557617188e-01
-2.356671094894409180e+00,6.201742887496948242e-01
-3.430574536323547363e-01,-1.104371309280395508e+00
-3.358682245016098022e-02,1.119191348552703857e-01
4.668436646461486816e-01,-1.238770961761474609e+00
-1.519385457038879395e+00,-6.721325516700744629e-01
-2.151981353759765625e+00,9.729083180427551270e-01
1.854901611804962158e-01,9.101351499557495117e-01
4.378508329391479492e-01,-1.609868645668029785e+00
3.986648321151733398e-01,1.589098945260047913e-02
-2.459138780832290649e-01,4.296877682209014893e-01
-1.354577302932739258e+00,-7.938470244407653809e-01
2.160245776176452637e-01,8.976583480834960938e-01
3.183329582214355469e+00,1.681902289390563965e+00
4.041644334793090820e-01,8.658220171928405762e-01
8.796257972717285156e-01,4.584072530269622803e-01
8.743423968553543091e-03,2.231407314538955688e-01
4.632584378123283386e-02,1.019935488700866699e+00
5.797774791717529297e-01,9.603971838951110840e-01
-5.441376566886901855e-01,-1.213278532028198242e+00
1.615852236747741699e+00,-1.286237001419067383e+00
-6.087436079978942871e-01,-1.766938447952270508e+00
1.380724072456359863e+00,-4.269164085388183594e+00
-4.508889317512512207e-01,-1.797964215278625488e+00
1.154064774513244629e+00,1.162964850664138794e-01
9.965754747390747070e-01,7.300769686698913574e-01
1.866794191300868988e-02,-7.769187092781066895e-01
1.835208684206008911e-01,9.128398448228836060e-02
-4.985105991363525391e-01,-1.931367039680480957e+00
1.162929087877273560e-01,7.543137669563293457e-02
4.084624052047729492e-01,-6.312593221664428711e-01
6.145359873771667480e-01,7.772992253303527832e-01
-1.192963570356369019e-01,2.915779054164886475e-01
3.641180396080017090e-01,8.881320953369140625e-01
-1.832296848297119141e+00,1.600755691528320312e+00
2.401819229125976562e-01,-2.538828611373901367e+00
3.783692717552185059e-01,8.649641871452331543e-01
5.519763827323913574e-01,5.495275855064392090e-01
-7.864739298820495605e-01,-4.957038536667823792e-02
-3.889225721359252930e-01,-2.020860433578491211e+00
1.206787109375000000e+00,1.077275633811950684e+00
2.731599211692810059e-01,-1.301493048667907715e+00
4.881410598754882812e-01,8.742700219154357910e-01
-5.838911533355712891e+00,-3.086746931076049805e+00
6.115705966949462891e-01,6.273619532585144043e-01
3.059908866882324219e+00,-2.568737745285034180e+00
-8.197636008262634277e-01,3.673862218856811523e-01
4.826586246490478516e-01,-1.017718672752380371e+00
-8.994879722595214844e-01,-3.706410229206085205e-01
5.217478275299072266e-01,8.716101646423339844e-01
-3.046401143074035645e-01,-2.547980546951293945e-01
3.196867108345031738e-01,9.273735284805297852e-01
1.179658889770507812e+00,-3.773484706878662109e+00
-1.617903560400009155e-01,5.961501970887184143e-02
-1.473932504653930664e+00,6.583092808723449707e-01
1.248143196105957031e+00,-6.997952461242675781e-01
1.007902145385742188e+00,1.397982835769653320e+00
7.967673540115356445e-01,-9.515312314033508301e-02
3.300519466400146484e+00,-1.765972822904586792e-01
1.202201098203659058e-01,3.743164539337158203e-01
2.932062625885009766e+00,-4.444839656352996826e-01
1.223006844520568848e+00,1.480262041091918945e+00
-4.069146513938903809e-01,-1.931766986846923828e+00
4.575545787811279297e-01,-1.441297054290771484e+00
5.680907368659973145e-01,8.314128518104553223e-01
1.284084439277648926e+00,-3.558097183704376221e-01
1.171289682388305664e+00,-1.311258792877197266e+00
-4.095953106880187988e-01,-3.161749839782714844e+00
8.504597544670104980e-01,-9.612520933151245117e-01
2.391709238290786743e-01,9.307227134704589844e-01
6.900123357772827148e-01,1.028985023498535156e+00
2.325413465499877930e+00,2.155105352401733398e+00
-2.055604934692382812e+00,-3.468384742736816406e+00
8.646736145019531250e-01,7.568769454956054688e-01
-9.296046495437622070e-01,-4.233122169971466064e-01
-1.866764873266220093e-01,-2.217545032501220703e+00
8.392709493637084961e-01,-2.090780019760131836e+00
3.411199450492858887e-01,9.014602899551391602e-01
5.469183325767517090e-01,6.352831125259399414e-01
1.586042046546936035e+00,2.168801784515380859e+00
1.870754808187484741e-01,5.233067870140075684e-01
1.018138766288757324e+00,1.567782014608383179e-01
1.949335187673568726e-01,-8.478991985321044922e-01
1.393197059631347656e+00,4.079726040363311768e-01
2.279095947742462158e-01,4.289843738079071045e-01
2.963988780975341797e-01,9.354288578033447266e-01
1.130783110857009888e-01,1.053011298179626465e+00
-4.277155399322509766e-01,-7.652325034141540527e-01
5.687293410301208496e-01,8.609935641288757324e-01
-9.998800754547119141e-01,-1.829306125640869141e+00
4.949346184730529785e-01,-3.348556756973266602e-01
9.235814213752746582e-01,-1.446418881416320801e+00
4.905396699905395508e-01,8.656778335571289062e-01
9.712536334991455078e-01,-2.384536504745483398e+00
1.448080390691757202e-01,1.442556977272033691e-01
-2.189212143421173096e-01,4.422153234481811523e-01
1.500427246093750000e+00,1.178369760513305664e+00
4.526338577270507812e-01,8.935588002204895020e-01
1.416057944297790527e+00,5.292083621025085449e-01
9.694829583168029785e-01,-1.521699786186218262e+00
4.059905052185058594e+00,2.032902479171752930e+00
-5.959051251411437988e-01,-1.839100122451782227e+00
1.474742531776428223e+00,2.001106023788452148e+00
4.563366249203681946e-02,8.267775177955627441e-01
1.041716814041137695e+00,-2.102350473403930664e+00
8.692784905433654785e-01,7.742291092872619629e-01
-1.901221036911010742e+00,-8.295004367828369141e-01
-1.054074048995971680e+00,-6.698259711265563965e-01
2.156648486852645874e-01,9.820216894149780273e-01
-1.207702517509460449e+00,-4.317507445812225342e-01
9.716284275054931641e-02,2.266339510679244995e-01
-1.188439577817916870e-01,7.031401395797729492e-01
-4.381483197212219238e-01,-3.314947843551635742e+00
4.888138175010681152e-01,7.944210767745971680e-01
-1.602775789797306061e-02,-7.690146565437316895e-02
1.615392923355102539e+00,-1.852380514144897461e+00
9.951429069042205811e-02,1.229117065668106079e-01
2.925034165382385254e-01,-4.558932185173034668e-01
-9.428315162658691406e-01,-4.368191361427307129e-01
-9.349918961524963379e-01,-4.811807870864868164e-01
1.488187551498413086e+00,4.630566537380218506e-01
1.169654369354248047e+00,-1.950280547142028809e+00
1.441525936126708984e+00,1.481068372726440430e+00
1.318689942359924316e+00,7.631054520606994629e-02
-2.447694063186645508e+00,-2.331609487533569336e+00
7.352325916290283203e-01,1.324194967746734619e-01
1.094675213098526001e-01,1.116761326789855957e+00
5.306037068367004395e-01,-5.975825190544128418e-01
-4.903921484947204590e-01,-2.205174684524536133e+00
9.951429069042205811e-02,1.229117065668106079e-01
1.619090914726257324e+00,1.232063174247741699e+00
1.080604553222656250e+00,1.099520027637481689e-01
1.378942012786865234e+00,-1.417649269104003906e+00
-1.573079466819763184e+00,-3.224123954772949219e+00
2.120785474777221680e+00,-1.283889651298522949e+00
1.403507471084594727e+00,1.033895492553710938e+00
3.028223276138305664e+00,2.217067718505859375e+00
2.120295763015747070e+00,2.390696287155151367e+00
-2.016085386276245117e-01,4.353465437889099121e-01
2.332880496978759766e-01,-1.276779532432556152e+00
7.461407780647277832e-01,-3.365889489650726318e-01
-7.171356081962585449e-01,-3.371748030185699463e-01
5.017968267202377319e-02,5.762089490890502930e-01
-5.499175786972045898e-01,8.376474678516387939e-02
-1.777475833892822266e+00,1.677301168441772461e+00
8.653178215026855469e-01,8.959980010986328125e-01
4.380165934562683105e-01,9.056707620620727539e-01
-7.494720220565795898e-01,1.328300088644027710e-01
4.830843210220336914e-01,8.832193613052368164e-01
4.694561958312988281e-01,-7.802658677101135254e-01
4.942375421524047852e-01,7.202796339988708496e-01
-1.880980968475341797e+00,1.266601562500000000e+00
1.430986046791076660e+00,1.571458935737609863e+00
1.506133675575256348e-01,7.747739553451538086e-01
-4.738233685493469238e-01,-1.069738268852233887e-01
-1.965797424316406250e+00,-9.942463040351867676e-01
2.191938608884811401e-01,-1.219618916511535645e+00
-5.942542850971221924e-02,-1.050857782363891602e+00
1.568747043609619141e+00,6.155052781105041504e-01
5.933643579483032227e-01,6.386781334877014160e-01
2.926265597343444824e-01,3.085855580866336823e-02
-2.433580607175827026e-01,-4.179947376251220703e-01
1.420051693916320801e+00,-1.993777394294738770e+00
1.848680377006530762e-01,2.754636108875274658e-01
3.879346251487731934e-01,-2.123502016067504883e+00
1.223006844520568848e+00,1.480262041091918945e+00
1.786103695631027222e-01,9.035089015960693359e-01
3.016851544380187988e-01,-1.286231875419616699e+00
2.264456152915954590e-01,5.508559942245483398e-01
5.041431188583374023e-01,8.038141131401062012e-01
6.753423213958740234e-01,7.703206539154052734e-01
5.827635288238525391e+00,-1.272334814071655273e+00
1.081444859504699707e+00,-1.731373786926269531e+00
-4.638215899467468262e-01,-5.425851941108703613e-01
1.894402205944061279e-01,8.940990567207336426e-01
-5.305499434471130371e-01,-8.211412429809570312e-01
1.052581787109375000e+00,-2.866782903671264648e+00
5.961853861808776855e-01,-1.149212241172790527e+00
5.204902291297912598e-01,8.134056329727172852e-01
1.143217384815216064e-01,4.039002954959869385e-01
-1.297283887863159180e+00,-3.360784947872161865e-01
1.505940780043601990e-02,-2.966981232166290283e-01
1.114666700363159180e+00,-2.432871341705322266e+00
1.977815926074981689e-01,-5.581780076026916504e-01
1.069265961647033691e+00,-9.272977709770202637e-01
1.084572792053222656e+00,1.424301564693450928e-01
2.156648486852645874e-01,9.820216894149780273e-01
-4.902932047843933105e-01,-5.376826971769332886e-03
-3.009922742843627930e+00,1.222504377365112305e+00
9.490638971328735352e-01,1.825869798660278320e+00
4.229553937911987305e-01,1.344409584999084473e-01
-3.603651762008666992e+00,2.905696392059326172e+00
6.856541037559509277e-01,-1.115277647972106934e+00
1.412020683288574219e+00,1.044279575347900391e+00
-1.883301734924316406e-01,8.836967945098876953e-01
-1.239861175417900085e-01,6.228767633438110352e-01
-1.068604141473770142e-01,-8.509453535079956055e-01
-3.785431861877441406e+00,-1.829720020294189453e+00
-1.292419791221618652e+00,-7.523013949394226074e-01
1.652017980813980103e-01,7.478430867195129395e-01
-6.481382846832275391e-01,-8.291850686073303223e-01
5.986375361680984497e-02,2.478171736001968384e-01
4.787303209304809570e-01,8.744385838508605957e-01
-2.055604934692382812e+00,-3.468384742736816406e+00
2.056799411773681641e+00,3.171317875385284424e-01
5.490648746490478516e-01,-9.800925850868225098e-01
-1.070624947547912598e+00,-2.173717737197875977e+00
1.879908293485641479e-01,7.654327154159545898e-02
-1.335993409156799316e+00,-3.150592803955078125e+00
1.744468569755554199e+00,1.831815242767333984e+00
8.303902745246887207e-01,-1.583098173141479492e+00
1.758259773254394531e+00,-6.620801687240600586e-01
3.827436566352844238e-01,1.005347609519958496e+00
2.840660214424133301e-01,-2.967855706810951233e-02
5.379757285118103027e-01,-1.021908640861511230e+00
-5.487970113754272461e-01,3.794828355312347412e-01
-1.138605713844299316e+00,-1.642110228538513184e+00
2.104796618223190308e-01,-9.243613481521606445e-01
9.939498454332351685e-02,3.630258738994598389e-01
2.895277142524719238e-01,-1.837716624140739441e-02
-9.270114898681640625e-01,-1.638643383979797363e+00
1.383986711502075195e+00,1.288535833358764648e+00
9.709894657135009766e-01,-2.408407449722290039e+00
3.051362633705139160e-01,9.595153331756591797e-01
2.670924365520477295e-02,-4.355333372950553894e-02
2.742910385131835938e-01,1.031252384185791016e+00
-5.055965110659599304e-02,5.669503808021545410e-01
-1.883301734924316406e-01,8.836967945098876953e-01
9.833557605743408203e-01,6.857135295867919922e-01
-3.228982090950012207e-01,-1.531278714537620544e-02
1.306633710861206055e+00,1.125681757926940918e+00
5.490648746490478516e-01,-9.800925850868225098e-01
-6.289262175559997559e-01,3.259979188442230225e-01
1.575024008750915527e+00,1.606013774871826172e+00
1.422537714242935181e-01,2.492605298757553101e-01
5.549247860908508301e-01,5.954312086105346680e-01
1.184186816215515137e+00,-9.914100766181945801e-01
2.136458307504653931e-01,9.920840263366699219e-01
-3.505183458328247070e-01,3.044750094413757324e-01
3.155019879341125488e-01,-6.343384385108947754e-01
5.618078708648681641e-01,8.210300803184509277e-01
-6.533753871917724609e-01,5.831673145294189453e-01
4.015169739723205566e-01,8.455207943916320801e-01
-3.079438805580139160e-01,-1.075165152549743652e+00
4.417271018028259277e-01,8.757610917091369629e-01
1.562327623367309570e+00,9.390799403190612793e-01
6.472059488296508789e-01,-1.408790946006774902e+00
5.861022472381591797e-01,6.540104746818542480e-01
2.121636152267456055e+00,-1.167438477277755737e-01
-9.889544844627380371e-01,-8.650976419448852539e-01
1.685995578765869141e+00,-5.899482369422912598e-01
-2.960615158081054688e-01,-4.022963345050811768e-01
8.439647555351257324e-01,-4.093126356601715088e-01
1.999884605407714844e+00,2.461957693099975586e+00
6.192120313644409180e-01,7.071648836135864258e-01
7.520569562911987305e-01,-1.269063800573348999e-01
-1.387416362762451172e+00,1.063844084739685059e+00
-1.050114631652832031e+00,-5.197387933731079102e-01
-8.465123176574707031e-01,8.053331971168518066e-01
1.912169456481933594e+00,-3.015059709548950195e+00
7.959441542625427246e-01,7.160345911979675293e-01
1.326079726219177246e+00,-1.941974908113479614e-01
4.191491603851318359e-01,7.516349554061889648e-01
-1.278903126716613770e+00,-6.796836256980895996e-01
-1.582168221473693848e+00,-3.905583858489990234e+00
1.287549138069152832e+00,1.374442815780639648e+00
2.294730663299560547e+00,-1.922999501228332520e+00
-9.386539459228515625e-01,-6.159731149673461914e-01
3.363877534866333008e-01,-1.162102222442626953e+00
1.438684016466140747e-01,1.089398622512817383e+00
3.129534125328063965e-01,-1.543042302131652832e+00
-6.621205806732177734e-01,4.876829385757446289e-01
1.465410113334655762e+00,-3.466811776161193848e-01
3.089134097099304199e-01,-6.195177435874938965e-01
-2.851002931594848633e+00,1.383298039436340332e+00
2.631788253784179688e-01,9.335407614707946777e-01
8.137279152870178223e-01,-1.253162980079650879e+00
-2.977064251899719238e-01,5.950263142585754395e-01
-6.962249279022216797e-01,2.899151444435119629e-01
4.160819649696350098e-01,9.125868678092956543e-01
5.287862420082092285e-01,-1.157228827476501465e+00
-7.744669318199157715e-01,-1.493055224418640137e+00
2.636925578117370605e-01,-1.199894070625305176e+00
2.757619023323059082e-01,-1.468706130981445312e+00
3.086588382720947266e-01,-2.165207266807556152e-02
-2.172670215368270874e-01,-5.362856388092041016e-01
-2.291506767272949219e+00,-7.718083262443542480e-01
1.968456745147705078e+00,-1.020386695861816406e+00
-1.622871875762939453e+00,-2.712610006332397461e+00
8.646981716156005859e-01,7.887499332427978516e-01
-2.993125319480895996e-01,-1.726313829421997070e+00
-2.447165548801422119e-01,4.422960281372070312e-01
3.797420859336853027e-01,4.307300448417663574e-01
-5.288037285208702087e-02,1.151633381843566895e+00
-5.226965546607971191e-01,-1.619457602500915527e+00
2.932062625885009766e+00,-4.444839656352996826e-01
8.443884849548339844e-01,1.982279866933822632e-01
1.546836018562316895e+00,1.177377462387084961e+00
1.634288787841796875e+00,-1.782352447509765625e+00
4.887708425521850586e-01,-1.428666472434997559e+00
-2.029166698455810547e+00,-1.576286077499389648e+00
9.660291671752929688e-02,3.158614039421081543e-01
-3.540942430496215820e+00,1.112768173217773438e+00
1.461531966924667358e-03,-1.589203178882598877e-01
1.254894584417343140e-01,5.907222628593444824e-01
1.321812421083450317e-01,5.107114911079406738e-01
8.718637824058532715e-01,8.273444175720214844e-01
-4.053617715835571289e-01,-5.155780315399169922e-01
-4.342601895332336426e-01,-1.139323115348815918e+00
4.563366249203681946e-02,8.267775177955627441e-01
-6.025272607803344727e-01,4.424233138561248779e-01
-3.150132298469543457e-01,-2.199389457702636719e+00
-1.547532826662063599e-01,-1.309059023857116699e+00
6.749298572540283203e-01,-1.639513015747070312e+00
1.034685969352722168e+00,-9.338088035583496094e-01
-1.769043505191802979e-01,-1.933005154132843018e-01
5.794970989227294922e-01,7.993282079696655273e-01
3.307986259460449219e-01,8.063705563545227051e-01
1.608662843704223633e+00,1.389895439147949219e+00
-7.599021792411804199e-01,-9.356924295425415039e-01
2.863816022872924805e-01,-2.119064092636108398e+00
-1.673049569129943848e+00,6.768987774848937988e-01
5.266379117965698242e-01,-3.897457122802734375e-01
-1.616854667663574219e-01,4.661613404750823975e-01
1.204506397247314453e+00,-1.149546653032302856e-01
1.344945430755615234e+00,2.877654135227203369e-01
3.274327516555786133e-01,-2.377972126007080078e+00
2.239855676889419556e-01,-1.534739136695861816e+00
1.046638488769531250e+00,5.779375880956649780e-02
3.803455233573913574e-01,-3.414407014846801758e+00
5.479410290718078613e-01,7.934558391571044922e-01
5.267558693885803223e-01,-2.443834781646728516e+00
2.701898217201232910e-01,9.441927075386047363e-01
-5.397403240203857422e-01,-2.638611316680908203e+00
1.168169379234313965e+00,3.057769238948822021e-01
-4.514390826225280762e-01,-1.369183808565139771e-01
-7.845668792724609375e-01,4.966041743755340576e-01
5.776354670524597168e-01,6.286130547523498535e-01
-4.341499805450439453e-01,-6.183040142059326172e-01
5.661442875862121582e-01,6.428483128547668457e-01
2.121636152267456055e+00,-1.167438477277755737e-01
1.473719596862792969e+00,-1.793483018875122070e+00
2.245226353406906128e-01,8.599896430969238281e-01
2.185574322938919067e-01,1.653013825416564941e-01
4.980705976486206055e-01,-4.221991896629333496e-01
-7.887595891952514648e-01,-1.680263429880142212e-01
1.266482770442962646e-01,2.648205757141113281e-01
1.508751153945922852e+00,-2.629856765270233154e-01
-2.548041380941867828e-02,3.138599097728729248e-01
3.945045471191406250e-01,-3.922550082206726074e-01
1.127512097358703613e+00,-1.053738594055175781e+00
-1.441925764083862305e-03,-3.268895670771598816e-02
-8.570811152458190918e-02,6.650588512420654297e-01
6.334519386291503906e-01,8.048108816146850586e-01
1.268085986375808716e-01,2.098764479160308838e-01
-8.767933249473571777e-01,-6.860350966453552246e-01
5.825842618942260742e-01,-1.349111080169677734e+00
-1.793859004974365234e+00,1.951845407485961914e+00
-2.323726177215576172e+00,-3.411051750183105469e+00
4.354128837585449219e-01,8.748030066490173340e-01
-5.571514964103698730e-01,-4.956062436103820801e-01
4.732863903045654297e-01,-4.887445569038391113e-01
8.424297571182250977e-01,-3.174291849136352539e-01
-6.651684641838073730e-01,-1.226386055350303650e-02
8.437728285789489746e-01,-1.202802777290344238e+00
-2.276209741830825806e-01,1.713419258594512939e-01
6.415386199951171875e-01,6.954252719879150391e-01
4.787303209304809570e-01,8.744385838508605957e-01
-8.223252296447753906e-01,2.098397314548492432e-01
2.065561562776565552e-01,9.635384082794189453e-01
1.595873832702636719e+00,3.045266628265380859e+00
1.515617966651916504e+00,7.957704663276672363e-01
4.540945887565612793e-01,8.305529952049255371e-01
-9.731244444847106934e-01,-3.989252448081970215e-01
-2.924304246902465820e+00,-8.333307504653930664e-02
4.435071349143981934e-01,-9.731828570365905762e-01
3.196867108345031738e-01,9.273735284805297852e-01
-9.270114898681640625e-01,-1.638643383979797363e+00
3.927147388458251953e-02,1.104585528373718262e+00
-3.649367690086364746e-01,-2.659084796905517578e-01
2.208213210105895996e-01,-7.601695060729980469e-01
-1.159026622772216797e+00,-1.744547009468078613e+00
4.888138175010681152e-01,7.944210767745971680e-01
2.289046049118041992e-01,9.458540081977844238e-01
1.323979377746582031e+00,1.302142381668090820e+00
1.272149085998535156e+00,-2.444870948791503906e+00
1.410363793373107910e+00,2.618663012981414795e-01
4.602128863334655762e-01,-1.357847452163696289e+00
3.300519466400146484e+00,-1.765972822904586792e-01
1.027905344963073730e+00,6.910889744758605957e-01
3.207572698593139648e+00,4.441644549369812012e-01
5.810227990150451660e-01,6.466726660728454590e-01
7.771301865577697754e-01,-8.832385540008544922e-01
9.680483937263488770e-01,-1.321585774421691895e+00
4.006676003336906433e-02,2.318716421723365784e-02
5.911296606063842773e-01,-5.265423059463500977e-01
1.549766361713409424e-01,-5.604677200317382812e-01
7.405168414115905762e-01,-1.786575794219970703e+00
2.895277142524719238e-01,-1.837716624140739441e-02
2.048807144165039062e+00,1.084261775016784668e+00
-1.328827977180480957e+00,1.596588134765625000e+00
6.489238739013671875e-01,-1.257964134216308594e+00
1.273789405822753906e+00,9.430890083312988281e-01
2.055310159921646118e-01,-6.110690832138061523e-01
1.323979377746582031e+00,1.302142381668090820e+00
1.069265961647033691e+00,-9.272977709770202637e-01
7.387947291135787964e-02,-4.395173192024230957e-01
9.289664030075073242e-02,-1.082309365272521973e+00
9.695919156074523926e-01,-1.584698200225830078e+00
-6.794800758361816406e-01,-9.089587330818176270e-01
2.749134778976440430e+00,8.197513222694396973e-02
-4.477931261062622070e-01,-2.696144282817840576e-01
-7.230316996574401855e-01,-1.996436953544616699e+00
6.043758392333984375e-01,-1.197169423103332520e+00
-2.270166635513305664e+00,8.861333727836608887e-01
3.707046031951904297e+00,1.483245015144348145e+00
5.642597079277038574e-01,-5.034827589988708496e-01
-2.549182772636413574e-01,-9.258207678794860840e-02
-7.253333926200866699e-01,-1.380427360534667969e+00
1.896335929632186890e-01,9.777393937110900879e-01
-5.420243144035339355e-01,-5.307617783546447754e-01
-2.308659553527832031e-01,4.716943204402923584e-01
4.337198734283447266e-01,4.137612283229827881e-01
-2.604091763496398926e-01,-7.524616718292236328e-01
-2.157408714294433594e+00,1.218017697334289551e+00
5.351668596267700195e-01,-1.217752933502197266e+00
1.583133101463317871e+00,8.775212764739990234e-01
3.064847588539123535e-01,1.014190435409545898e+00
-9.332652091979980469e-01,-2.478725463151931763e-01
5.612222552299499512e-01,-5.487796664237976074e-01
1.204506397247314453e+00,-1.149546653032302856e-01
4.878625273704528809e-01,-9.101877212524414062e-01
2.075421512126922607e-01,9.327882528305053711e-01
4.572260975837707520e-01,-1.844342470169067383e+00
-6.358346939086914062e-01,4.198645055294036865e-01
1.714190959930419922e+00,2.768640220165252686e-01
2.259495854377746582e-01,1.456824094057083130e-01
1.007318258285522461e+00,-9.297893047332763672e-01
7.506600022315979004e-01,1.635917544364929199e+00
1.168115615844726562e+00,-9.177709817886352539e-01
1.455263018608093262e+00,-6.183509826660156250e-01
7.994290590286254883e-01,-1.404627442359924316e+00
7.155691385269165039e-01,7.436981201171875000e-01
-7.287282943725585938e-01,-5.562860965728759766e-01
1.121871352195739746e+00,-8.948500156402587891e-01
4.244523048400878906e-01,-5.523112416267395020e-01
-1.387416362762451172e+00,1.063844084739685059e+00
1.632804632186889648e+00,2.554823160171508789e-01
1.011256694793701172e+00,-1.246663331985473633e+00
1.085768580436706543e+00,-9.264182448387145996e-01
-2.540574371814727783e-01,2.044139206409454346e-01
2.097537666559219360e-01,-3.731230199337005615e-01
1.059609502553939819e-01,1.593380451202392578e+00
9.146535992622375488e-01,-6.905435919761657715e-01
2.505450248718261719e-01,-1.657852768898010254e+00
-9.200407266616821289e-01,-2.046882510185241699e-01
-9.911146163940429688e-01,-6.847108602523803711e-01
-2.041067123413085938e+00,3.411406874656677246e-01
1.035121560096740723e+00,-1.554345339536666870e-01
-1.488000273704528809e+00,-4.844646453857421875e-01
6.249109506607055664e-01,8.003929257392883301e-01
8.700121045112609863e-01,-2.929580926895141602e+00
-3.741406202316284180e-01,-7.921624183654785156e-01
1.404742896556854248e-01,1.112882733345031738e+00
-8.166166394948959351e-02,-7.576718926429748535e-02
-2.447694063186645508e+00,-2.331609487533569336e+00
2.017780989408493042e-01,-5.416097044944763184e-01
1.758259773254394531e+00,-6.620801687240600586e-01
1.771617829799652100e-01,1.088047981262207031e+00
6.200190782546997070e-01,-5.352905392646789551e-01
-5.160082131624221802e-03,8.284095525741577148e-01
1.290800422430038452e-01,5.263488292694091797e-01
-1.319659948348999023e-01,-4.370383322238922119e-01
3.335046172142028809e-01,1.738092750310897827e-01
-7.580366730690002441e-01,-1.031241059303283691e+00
-4.110838174819946289e-01,9.652145206928253174e-02
-3.859819769859313965e-01,-8.097534775733947754e-01
3.450564146041870117e-01,5.913208723068237305e-01
7.824051976203918457e-01,-2.379329204559326172e+00
8.209488987922668457e-01,-4.485542774200439453e-01
4.857043623924255371e-01,8.218508362770080566e-01
5.615082383155822754e-01,9.135075211524963379e-01
1.121924400329589844e+00,1.521392941474914551e+00
1.312081098556518555e+00,-1.045358538627624512e+00
6.179658174514770508e-01,-3.978508710861206055e-01
4.905784726142883301e-01,1.063153520226478577e-02
1.070793531835079193e-02,3.621055185794830322e-01
-1.901221036911010742e+00,-8.295004367828369141e-01
8.604210615158081055e-01,-6.997324824333190918e-01
-4.882788658142089844e-01,-7.931496500968933105e-01
-4.159287214279174805e-01,-7.459817528724670410e-01
-3.456863164901733398e-01,-2.278675556182861328e+00
1.515376806259155273e+00,-2.950582265853881836e+00
8.990447521209716797e-01,8.316272497177124023e-01
5.062929391860961914e-01,-1.149182438850402832e+00
7.779123187065124512e-01,-5.367223620414733887e-01
9.445835947990417480e-01,6.242014765739440918e-01
1.793871633708477020e-02,-1.458598971366882324e+00
5.505403280258178711e-01,8.288646936416625977e-01
8.604210615158081055e-01,-6.997324824333190918e-01
4.010661840438842773e-01,9.274972081184387207e-01
1.266319751739501953e+00,-1.196035623550415039e+00
4.632584378123283386e-02,1.019935488700866699e+00
1.180534005165100098e+00,-1.999226450920104980e+00
3.956100463867187500e+00,2.618839502334594727e+00
-9.481735229492187500e-01,1.850459873676300049e-01
-5.870552062988281250e-01,-1.499487400054931641e+00
8.395192623138427734e-01,8.199941515922546387e-01
4.905396699905395508e-01,8.656778335571289062e-01
9.357905387878417969e-01,-1.372536897659301758e+00
-2.011320590972900391e-01,4.747058749198913574e-01
-1.654943466186523438e+00,-2.236886501312255859e+00
-6.576683521270751953e-01,-1.573578000068664551e+00
-1.278903126716613770e+00,-6.796836256980895996e-01
2.835903644561767578e+00,-1.163279056549072266e+00
1.546836018562316895e+00,1.177377462387084961e+00
-1.397629022598266602e+00,1.242542982101440430e+00
3.553062200546264648e+00,-9.248584508895874023e-01
-4.861711263656616211e-01,2.709541469812393188e-02
-1.504359990358352661e-01,-2.961689829826354980e-01
5.675124526023864746e-01,-1.167929053306579590e+00
4.088795930147171021e-02,6.459513902664184570e-01
-2.787102460861206055e+00,4.693164825439453125e-01
1.540264606475830078e+00,-1.342719644308090210e-01
-4.256437420845031738e-01,-8.928588628768920898e-01
2.587260007858276367e+00,6.980967521667480469e-01
-3.715559840202331543e-01,-1.545607447624206543e+00
-5.984767805784940720e-03,-3.752324357628822327e-02
3.697072267532348633e-01,-1.269750118255615234e+00
5.642950534820556641e-01,-1.605743765830993652e+00
-4.821397736668586731e-02,1.780339330434799194e-01
-4.948517084121704102e-01,6.594624370336532593e-02
-6.549450159072875977e-01,-1.217187285423278809e+00
1.130783110857009888e-01,1.053011298179626465e+00
1.402040958404541016e+00,9.278032183647155762e-01
-4.006063938140869141e-01,-2.481548786163330078e+00
1.944336295127868652e+00,-2.666598320007324219e+00
-6.854994297027587891e-01,-3.745506763458251953e+00
3.143011093139648438e+00,-1.763847827911376953e+00
-1.074440717697143555e+00,1.182390689849853516e+00
3.351666331291198730e-01,9.470196366310119629e-01
1.119324207305908203e+00,-6.116978526115417480e-01
7.027718424797058105e-01,-1.487865209579467773e+00
4.050189852714538574e-01,1.707103729248046875e+00
-1.098648548126220703e+00,1.296715736389160156e+00
2.205625057220458984e+00,-2.023017644882202148e+00
1.454545259475708008e+00,-4.031663894653320312e+00
-2.123569250106811523e+00,-8.052261471748352051e-01
5.957117676734924316e-01,6.719337701797485352e-01
2.965146899223327637e-01,-1.696395397186279297e+00
1.856104731559753418e-01,-1.612059026956558228e-02
3.397083282470703125e-01,8.670841455459594727e-01
-4.800469279289245605e-01,-3.481738090515136719e+00
1.913870275020599365e-01,9.081979990005493164e-01
-3.682531118392944336e-01,-5.278469994664192200e-02
1.233127564191818237e-01,-2.561752080917358398e+00
1.424399375915527344e+00,1.943264305591583252e-01
8.030866980552673340e-01,-2.922842204570770264e-01
1.740383654832839966e-01,-9.158514440059661865e-02
3.202923536300659180e-01,-7.995940744876861572e-03
2.464892864227294922e+00,-1.431415438652038574e+00
-4.649758934974670410e-01,-3.732829168438911438e-02
5.399031043052673340e-01,3.807056546211242676e-01
2.524563670158386230e-01,1.069148778915405273e+00
2.120828926563262939e-01,9.981057047843933105e-01
6.373862624168395996e-01,3.393178284168243408e-01
1.030733466148376465e+00,-1.587173581123352051e+00
1.683879196643829346e-01,1.105164170265197754e+00
9.993425607681274414e-01,-1.677846312522888184e+00
8.683557510375976562e-01,8.006167411804199219e-01
-1.016453742980957031e+00,-1.773689270019531250e+00
-7.498587965965270996e-01,-3.215475559234619141e+00
2.707646489143371582e-01,-1.714695572853088379e+00
-2.636730670928955078e-01,-7.318303585052490234e-01
1.259501695632934570e+00,3.499645888805389404e-01
-5.226965546607971191e-01,-1.619457602500915527e+00
6.153497099876403809e-01,-5.843324065208435059e-01
-6.158569455146789551e-01,-7.610612511634826660e-01
-4.069146513938903809e-01,-1.931766986846923828e+00
-1.409821391105651855e+00,1.711133718490600586e+00
1.672200083732604980e+00,-1.100025296211242676e+00
2.702574729919433594e-01,7.110162973403930664e-01
3.191131949424743652e-01,1.137224555015563965e+00
2.050836682319641113e-01,1.008109092712402344e+00
-1.261048018932342529e-01,2.331976592540740967e-01
-1.725198745727539062e+00,-2.070675790309906006e-01
-1.981623530387878418e+00,-2.922499656677246094e+00
6.145359873771667480e-01,7.772992253303527832e-01
8.700121045112609863e-01,-2.929580926895141602e+00
6.043758392333984375e-01,-1.197169423103332520e+00
-3.487883210182189941e-01,-2.185347080230712891e+00
1.549766361713409424e-01,-5.604677200317382812e-01
-1.258792757987976074e+00,-3.596583366394042969e+00
8.551473617553710938e-01,-1.653536081314086914e+00
1.983980536460876465e+00,-7.105549573898315430e-01
1.059609502553939819e-01,1.593380451202392578e+00
-2.006257057189941406e+00,-1.982843756675720215e+00
1.513934135437011719e-01,4.659186601638793945e-01
-1.162030935287475586e+00,-1.962268352508544922e-01
-1.115993618965148926e+00,-7.230181097984313965e-01
4.229553937911987305e-01,1.344409584999084473e-01
3.086588382720947266e-01,-2.165207266807556152e-02
3.857140541076660156e-01,-8.451725840568542480e-01
4.572260975837707520e-01,-1.844342470169067383e+00
6.159778237342834473e-01,7.352373600006103516e-01
4.055660367012023926e-01,1.234806537628173828e+00
-2.304124683141708374e-01,-6.546787619590759277e-01
3.829722881317138672e+00,-3.357013225555419922e+00
8.242754936218261719e-01,6.748996376991271973e-01
1.117888092994689941e+00,1.542929410934448242e+00
7.192944735288619995e-02,1.342865347862243652e+00
-3.984346389770507812e-01,6.281626224517822266e-02
-4.093250259757041931e-03,7.160016298294067383e-01
-5.568989515304565430e-01,5.028668045997619629e-02
2.989368438720703125e-01,9.430285692214965820e-01
-2.217551708221435547e+00,-2.663327217102050781e+00
1.698004961013793945e+00,-1.464773774147033691e+00
1.316507816314697266e+00,-1.217284798622131348e+00
6.024394631385803223e-01,6.513367295265197754e-01
2.491980046033859253e-01,4.986993372440338135e-01
3.230127096176147461e-01,9.652344882488250732e-02
3.561806678771972656e-01,8.676233291625976562e-01
3.731554746627807617e+00,1.042808175086975098e+00
5.037641525268554688e-01,-1.195559263229370117e+00
-3.562140464782714844e-01,-2.192526578903198242e+00
1.088696002960205078e+00,-1.196951150894165039e+00
4.810737371444702148e-01,8.560942858457565308e-02
3.466975688934326172e-01,8.639999628067016602e-01
-4.846390485763549805e-01,-8.057844042778015137e-01
1.461531966924667358e-03,-1.589203178882598877e-01
3.860143423080444336e-01,8.913027048110961914e-01
5.932875871658325195e-01,-1.347783565521240234e+00
7.265823483467102051e-01,-1.267144441604614258e+00
-9.911146163940429688e-01,-6.847108602523803711e-01
1.560141205787658691e+00,2.550998032093048096e-01
3.274327516555786133e-01,-2.377972126007080078e+00
-3.078472614288330078e-01,-8.128404021263122559e-01
1.530907750129699707e-01,6.803950667381286621e-02
1.087583661079406738e+00,-9.900545477867126465e-01
4.899412393569946289e-01,-9.575787186622619629e-01
2.167270332574844360e-01,8.775894641876220703e-01
8.136301636695861816e-01,8.109208941459655762e-01
5.284283757209777832e-01,1.063407398760318756e-02
1.605980396270751953e-01,1.825652569532394409e-01
9.224248528480529785e-01,-8.200896978378295898e-01
5.613399744033813477e-01,7.961714863777160645e-01
5.804150104522705078e-01,7.734581232070922852e-01
-9.816159605979919434e-01,-5.002902746200561523e-01
7.893358469009399414e-01,-1.826973110437393188e-01
3.715398311614990234e-01,-6.578293442726135254e-01
2.707646489143371582e-01,-1.714695572853088379e+00
6.542838811874389648e-01,6.729763150215148926e-01
6.204218864440917969e-01,7.235146760940551758e-01
9.456098079681396484e-01,8.426246047019958496e-01
1.063680529594421387e+00,-5.500539764761924744e-02
1.502489000558853149e-01,-1.233817219734191895e+00
1.335681974887847900e-01,-1.106616735458374023e+00
1.455263018608093262e+00,-6.183509826660156250e-01
1.430986046791076660e+00,1.571458935737609863e+00
-1.026117563247680664e+00,-3.282204389572143555e+00
1.273298263549804688e+00,-7.105511426925659180e-01
3.663689494132995605e-01,8.990444540977478027e-01
-2.812370061874389648e-01,1.667978167533874512e+00
-2.515678405761718750e-01,-8.335701823234558105e-01
-2.947370409965515137e-01,3.996200263500213623e-01
2.137866318225860596e-01,-1.721369147300720215e+00
-7.664045095443725586e-01,1.125284314155578613e+00
-1.319869399070739746e+00,-1.401031315326690674e-01
7.289730310440063477e-01,1.110232353210449219e+00
-6.630860567092895508e-01,-2.301400184631347656e+00
3.369719386100769043e-01,-1.589503884315490723e+00
8.551473617553710938e-01,-1.653536081314086914e+00
8.743423968553543091e-03,2.231407314538955688e-01
2.082496285438537598e-01,9.879640936851501465e-01
1.906484216451644897e-01,1.999348700046539307e-01
1.370457172393798828e+00,6.834000945091247559e-01
4.571616053581237793e-01,-1.005061984062194824e+00
-2.092390805482864380e-01,4.248498082160949707e-01
4.623510688543319702e-02,-1.082216799259185791e-01
1.856104731559753418e-01,-1.612059026956558228e-02
-6.431060433387756348e-01,6.032264232635498047e-01
5.439666509628295898e-01,-8.870623707771301270e-01
4.867441654205322266e-01,7.977676391601562500e-01
8.242754936218261719e-01,6.748996376991271973e-01
8.439647555351257324e-01,-4.093126356601715088e-01
5.616979002952575684e-01,-1.991470158100128174e-01
3.755505681037902832e-01,8.676633834838867188e-01
4.560731053352355957e-01,-4.784618020057678223e-01
2.233817815780639648e+00,1.263139963150024414e+00
-6.197356581687927246e-01,-4.356461763381958008e-01
-9.957768321037292480e-01,1.184594154357910156e+00
4.421094059944152832e-01,-1.347040414810180664e+00
2.486635893583297729e-01,9.354487657546997070e-01
-3.864419460296630859e-01,4.611120522022247314e-01
-2.159122943878173828e+00,6.099100112915039062e-01
6.914347410202026367e-01,-1.033611893653869629e-01
-1.390117049217224121e+00,-1.225546240806579590e+00
1.437034368515014648e+00,-2.338077306747436523e+00
1.568747043609619141e+00,6.155052781105041504e-01
8.605144023895263672e-01,-4.105583727359771729e-01
-7.104817032814025879e-01,-2.701514959335327148e-01
6.036003232002258301e-01,5.881974101066589355e-01
4.223746657371520996e-01,-1.141864299774169922e+00
-1.711643099784851074e+00,-8.002492189407348633e-01
5.078391432762145996e-01,-7.189161181449890137e-01
4.792361259460449219e-01,6.615991592407226562e-01
2.047042697668075562e-01,1.004252791404724121e+00
5.379433631896972656e-01,-2.319904088973999023e+00
1.393849849700927734e+00,-1.401952266693115234e+00
2.521521449089050293e-01,5.907138586044311523e-01
1.319811940193176270e+00,-1.331755757331848145e+00
8.718637824058532715e-01,8.273444175720214844e-01
1.312266111373901367e+00,-3.539748907089233398e+00
6.629902124404907227e-01,5.974614024162292480e-01
-4.882788658142089844e-01,-7.931496500968933105e-01
1.393197059631347656e+00,4.079726040363311768e-01
2.447766542434692383e+00,1.007575273513793945e+00
-6.549178957939147949e-01,4.996583610773086548e-02
-1.239861175417900085e-01,6.228767633438110352e-01
1.031592011451721191e+00,-1.541352510452270508e+00
4.507117867469787598e-01,1.447890877723693848e+00
6.950025260448455811e-02,1.049815773963928223e+00
-5.697582960128784180e-01,9.497699141502380371e-02
2.125230550765991211e+00,6.812655329704284668e-01
8.892157077789306641e-01,-2.992409840226173401e-02
2.916339635848999023e-01,-8.975450694561004639e-02
1.444622039794921875e+00,-1.719589233398437500e+00
7.974457144737243652e-01,5.445902347564697266e-01
4.033560156822204590e-01,1.492060422897338867e-01
1.030282378196716309e+00,3.799992203712463379e-01
-4.042402505874633789e-01,-1.700985312461853027e+00
2.103965878486633301e-01,-4.741880893707275391e-01
1.267318844795227051e+00,-8.707157969474792480e-01
-4.673472046852111816e-01,2.268234193325042725e-01
1.027373909950256348e+00,-4.283673465251922607e-01
-2.275138139724731445e+00,-9.473832249641418457e-01
1.616541028022766113e+00,-5.439680218696594238e-01
8.885399699211120605e-01,-9.137812256813049316e-01
-1.559921056032180786e-01,-2.208482474088668823e-03
-3.620058894157409668e-01,1.587280392646789551e+00
-1.421321511268615723e+00,-5.190653204917907715e-01
5.940709114074707031e-01,4.809241592884063721e-01
1.650402545928955078e+00,-1.311211585998535156e+00
-1.628814458847045898e+00,-5.824359655380249023e-01
9.215455651283264160e-01,3.066562712192535400e-01
9.425730705261230469e-01,-1.055058479309082031e+00
4.944036006927490234e-01,-1.446979403495788574e+00
6.413751840591430664e-01,8.200194239616394043e-01
-6.274487376213073730e-01,-6.404756903648376465e-01
-8.717254400253295898e-01,6.156053543090820312e-01
2.097537666559219360e-01,-3.731230199337005615e-01
1.122456431388854980e+00,-8.360807895660400391e-01
-9.566786885261535645e-01,1.082932710647583008e+00
1.058143496513366699e+00,-1.717780351638793945e+00
-1.195326209068298340e+00,-9.383528232574462891e-01
-3.889225721359252930e-01,-2.020860433578491211e+00
1.367487944662570953e-03,9.355278015136718750e-01
1.595873832702636719e+00,3.045266628265380859e+00
1.991194039583206177e-01,-2.006899356842041016e+00
2.539281249046325684e-01,5.701569914817810059e-01
9.837716072797775269e-02,-6.333160400390625000e-01
1.878499269485473633e+00,-2.767755270004272461e+00
3.670408129692077637e-01,-8.818514347076416016e-01
1.080604553222656250e+00,1.099520027637481689e-01
4.792600154876708984e+00,1.630192756652832031e+00
4.742152690887451172e-01,-2.233585834503173828e+00
6.701143383979797363e-01,-2.783198654651641846e-01
-1.319070577621459961e+00,8.059716224670410156e-01
-1.563944578170776367e+00,-7.238698601722717285e-01
-5.739508867263793945e-01,-4.347234249114990234e+00
-5.599635243415832520e-01,2.992371320724487305e-01
1.079971432685852051e+00,-9.512779116630554199e-01
9.764169454574584961e-01,-9.328368306159973145e-01
7.497439980506896973e-01,-7.682347893714904785e-01
2.972304821014404297e+00,5.930559635162353516e-01
4.857043623924255371e-01,8.218508362770080566e-01
1.034685969352722168e+00,-9.338088035583496094e-01
5.382123589515686035e-01,-3.750605285167694092e-01
-1.627277374267578125e+00,-2.627962112426757812e+00
-4.569922685623168945e-01,7.401488721370697021e-02
-1.654943466186523438e+00,-2.236886501312255859e+00
1.172909021377563477e+00,-7.884863018989562988e-01
-4.716838598251342773e-01,-1.890780925750732422e+00
-1.096047759056091309e+00,1.429789185523986816e+00
7.671414017677307129e-01,6.120692938566207886e-02
9.281705319881439209e-02,-5.721028447151184082e-01
-1.158958196640014648e+00,2.974184453487396240e-01
-3.069360017776489258e+00,-7.060531377792358398e-01
6.846445202827453613e-01,-1.004149913787841797e+00
4.417271018028259277e-01,8.757610917091369629e-01
1.358151912689208984e+00,-1.328480720520019531e+00
1.669656872749328613e+00,4.042534828186035156e-01
2.209143936634063721e-01,1.073528885841369629e+00
2.742910385131835938e-01,1.031252384185791016e+00
-1.578977346420288086e+00,8.163287639617919922e-01
1.287095785140991211e+00,1.507633805274963379e+00
1.634501934051513672e+00,-6.304177641868591309e-01
1.552014946937561035e+00,1.345517754554748535e+00
-1.386311769485473633e+00,-4.070574641227722168e-01
3.113092184066772461e-01,9.181489944458007812e-01
-2.029166698455810547e+00,-1.576286077499389648e+00
2.060957998037338257e-01,-1.844324022531509399e-01
-5.810313224792480469e-01,-6.955077052116394043e-01
-2.309697121381759644e-01,6.226831674575805664e-01
9.710906147956848145e-01,3.867878913879394531e-01
1.345830559730529785e+00,-2.317697048187255859e+00
3.179534077644348145e-01,-6.481063365936279297e-01
1.515376806259155273e+00,-2.950582265853881836e+00
5.170999169349670410e-01,-1.051603436470031738e+00
2.356155514717102051e-01,-5.645834803581237793e-01
1.172909021377563477e+00,-7.884863018989562988e-01
3.879346251487731934e-01,-2.123502016067504883e+00
-5.810313224792480469e-01,-6.955077052116394043e-01
6.981449127197265625e-01,-1.996687531471252441e+00
1.388083934783935547e+00,2.031175374984741211e+00
4.248493909835815430e-01,-1.109995841979980469e+00
-2.469848692417144775e-01,6.860177516937255859e-01
-4.412813186645507812e-01,-1.465907812118530273e+00
1.802683174610137939e-01,9.189581274986267090e-01
-1.131367444992065430e+00,-6.929990053176879883e-01
5.490300059318542480e-01,3.310466408729553223e-01
-2.821389436721801758e-01,-2.950561046600341797e+00
1.599024385213851929e-01,9.814660549163818359e-01
1.742477566003799438e-01,-8.886412382125854492e-01
5.707707405090332031e-01,8.719098567962646484e-01
8.736193180084228516e-01,-1.340650320053100586e+00
-1.865858554840087891e+00,-1.277337789535522461e+00
4.691174030303955078e-01,8.055672645568847656e-01
-6.226429939270019531e-01,-2.739138305187225342e-01
-2.774266004562377930e-01,6.131700873374938965e-01
1.011256694793701172e+00,-1.246663331985473633e+00
5.908926129341125488e-01,-2.242854237556457520e-02
-1.278683185577392578e+00,4.154101610183715820e-01
6.530455946922302246e-01,7.361121773719787598e-01
-3.229960799217224121e-01,-5.777410864830017090e-01
3.486065864562988281e-01,9.493873119354248047e-01
2.974517941474914551e-01,9.443727135658264160e-01
5.894846916198730469e-01,1.271108031272888184e+00
6.334519386291503906e-01,8.048108816146850586e-01
1.117888092994689941e+00,1.542929410934448242e+00
1.432867169380187988e+00,-1.597098946571350098e+00
3.395583629608154297e-01,-1.512482047080993652e+00
1.997703790664672852e+00,-2.600031197071075439e-01
-1.831083774566650391e+00,1.547306299209594727e+00
2.017780989408493042e-01,-5.416097044944763184e-01
4.173159599304199219e-01,-1.973601937294006348e+00
-7.112774252891540527e-01,-5.745961070060729980e-01
-6.784847974777221680e-01,1.031783372163772583e-01
-5.487970113754272461e-01,3.794828355312347412e-01
1.858483195304870605e+00,4.327954649925231934e-01
1.665617108345031738e+00,-2.391505956649780273e+00
-5.434694290161132812e+00,-1.821633338928222656e+00
7.825013995170593262e-01,-3.781638741493225098e-01
-1.050114631652832031e+00,-5.197387933731079102e-01
1.171766877174377441e+00,-6.201683998107910156e+00
3.384897112846374512e-01,-5.473346114158630371e-01
-4.289974570274353027e-01,-1.242722153663635254e+00
1.037589162588119507e-01,4.051538109779357910e-01
5.685716271400451660e-01,-1.098929762840270996e+00
2.191938608884811401e-01,-1.219618916511535645e+00
-5.358456134796142578e+00,-3.463844299316406250e+00
-9.318404197692871094e-01,-5.632050633430480957e-01
-9.242397546768188477e-02,-6.607209444046020508e-01
1.586972236633300781e+00,-2.689749717712402344e+00
1.019090339541435242e-01,-7.391448020935058594e-01
1.729774624109268188e-01,1.478572338819503784e-01
5.639301538467407227e-01,-2.440168857574462891e+00
6.453078985214233398e-01,6.894237399101257324e-01
1.192234635353088379e+00,1.411830663681030273e+00
4.690024256706237793e-01,-1.661499738693237305e+00
3.080800056457519531e+00,1.068492889404296875e+00
8.907614350318908691e-01,9.428383111953735352e-01
3.415179848670959473e-01,8.372874259948730469e-01
2.317885637283325195e+00,6.699534505605697632e-02
5.115633010864257812e-01,5.678331851959228516e-01
1.529702901840209961e+00,-1.484747290611267090e+00
-1.916791647672653198e-01,1.457104802131652832e+00
-1.528649687767028809e+00,2.044063091278076172e+00
1.123685956001281738e+00,1.207580327987670898e+00
-2.051580667495727539e+00,-5.273870825767517090e-01
7.248462438583374023e-01,8.683573454618453979e-03
-1.026117563247680664e+00,-3.282204389572143555e+00
1.916994929313659668e+00,-1.014107465744018555e+00
-1.706571817398071289e+00,5.742803812026977539e-01
-1.602775789797306061e-02,-7.690146565437316895e-02
-2.412428706884384155e-02,-3.275661543011665344e-02
-4.822962284088134766e+00,-7.422296702861785889e-02
-5.411493778228759766e-01,2.703717648983001709e-01
4.615045189857482910e-01,-5.216427445411682129e-01
6.540650725364685059e-01,-2.248182743787765503e-01
7.495310902595520020e-01,6.019613742828369141e-01
-5.335033535957336426e-01,8.788894116878509521e-02
4.675163701176643372e-02,-6.920178234577178955e-02
9.869667887687683105e-02,-1.310239881277084351e-01
-2.728433847427368164e+00,9.266835451126098633e-01
-3.640636205673217773e-01,-3.417973041534423828e+00
3.642497658729553223e-01,8.961917161941528320e-01
1.273298263549804688e+00,-7.105511426925659180e-01
9.701700806617736816e-01,3.436287045478820801e-01
2.600641489028930664e+00,-5.768228769302368164e-01
3.216764330863952637e-01,8.917233943939208984e-01
2.324195504188537598e-01,-1.893904924392700195e+00
1.120397567749023438e+00,-9.922398924827575684e-01
6.297857761383056641e-01,5.197355747222900391e-01
3.561806678771972656e-01,8.676233291625976562e-01
1.608175039291381836e+00,1.378562450408935547e+00
-1.143475770950317383e+00,7.924494147300720215e-01
-2.088178396224975586e+00,-1.137850642204284668e+00
-8.544019460678100586e-01,-1.682579159736633301e+00
4.143892526626586914e-01,-1.415001869201660156e+00
-3.908278346061706543e-01,-5.633465051651000977e-01
5.273056030273437500e-01,8.653202652931213379e-01
5.078391432762145996e-01,-7.189161181449890137e-01
-1.096060156822204590e+00,8.915440440177917480e-01
-3.236349821090698242e-01,2.626771107316017151e-02
-2.911088705062866211e+00,2.092193126678466797e+00
3.978940725326538086e+00,-2.023905754089355469e+00
6.987175345420837402e-01,-2.073652595281600952e-01
9.285223484039306641e-01,-1.078595519065856934e+00
4.059905052185058594e+00,2.032902479171752930e+00
5.099201798439025879e-01,8.372515439987182617e-01
6.463493108749389648e-01,4.012336954474449158e-02
4.724836349487304688e-01,8.782463669776916504e-01
1.380211710929870605e+00,1.533635854721069336e+00
3.881432414054870605e-01,8.924408555030822754e-01
-1.176449179649353027e+00,-5.764545202255249023e-01
4.400152206420898438e+00,1.369500279426574707e+00
6.093162298202514648e-01,4.955245554447174072e-01
2.925034165382385254e-01,-4.558932185173034668e-01
5.825842618942260742e-01,-1.349111080169677734e+00
1.024994015693664551e+00,6.261194348335266113e-01
-1.725198745727539062e+00,-2.070675790309906006e-01
4.359727501869201660e-01,2.072652578353881836e-01
3.054062724113464355e-01,8.202797770500183105e-01
-1.590515732765197754e+00,1.272073030471801758e+00
-4.097203731536865234e+00,8.398577570915222168e-01
3.320037126541137695e-01,2.787694036960601807e-01
7.567825317382812500e-01,-2.192427396774291992e+00
1.605980396270751953e-01,1.825652569532394409e-01
-2.443177849054336548e-01,3.728358447551727295e-01
-2.859322071075439453e+00,-1.909329652786254883e+00
-2.245765686035156250e+00,9.182751178741455078e-01
-3.163399696350097656e-01,4.813381433486938477e-01
1.180534005165100098e+00,-1.999226450920104980e+00
1.409901499748229980e+00,9.659277200698852539e-01
1.081347107887268066e+00,3.253575265407562256e-01
9.694829583168029785e-01,-1.521699786186218262e+00
1.380724072456359863e+00,-4.269164085388183594e+00
-2.855029702186584473e-01,8.881328105926513672e-01
1.057060241699218750e+00,1.986884325742721558e-01
-4.673472046852111816e-01,2.268234193325042725e-01
1.994301974773406982e-01,-5.665966272354125977e-01
5.277247428894042969e-01,7.454192638397216797e-01
1.588818728923797607e-01,-7.033872008323669434e-01
-1.353525161743164062e+00,1.962863445281982422e+00
9.361327290534973145e-01,-1.270174860954284668e+00
-1.241366341710090637e-01,6.476501822471618652e-01
-1.148076772689819336e+00,1.038790822029113770e+00
8.201948553323745728e-02,-2.795517206192016602e+00
6.970006823539733887e-01,2.858832478523254395e-01
9.617239832878112793e-01,-2.512288808822631836e+00
-6.514304876327514648e-02,3.581625223159790039e-01
-5.160082131624221802e-03,8.284095525741577148e-01
-8.746639490127563477e-01,1.346528083086013794e-01
-9.266420602798461914e-01,-1.435139298439025879e+00
-1.188439577817916870e-01,7.031401395797729492e-01
2.925956010818481445e+00,2.136262178421020508e+00
4.921309351921081543e-01,-1.016410589218139648e+00
-5.441376566886901855e-01,-1.213278532028198242e+00
-5.660331249237060547e-01,-5.250153541564941406e-01
2.093099653720855713e-01,-2.232068926095962524e-01
1.268826842308044434e+00,5.550927519798278809e-01
7.520569562911987305e-01,-1.269063800573348999e-01
-2.304124683141708374e-01,-6.546787619590759277e-01
-5.148236155509948730e-01,-7.270110845565795898e-01
3.492682576179504395e-01,8.691025376319885254e-01
1.694495081901550293e-01,9.835089445114135742e-01
9.950933456420898438e-01,7.458047270774841309e-01
2.486635893583297729e-01,9.354487657546997070e-01
-2.046464830636978149e-01,-2.336332052946090698e-01
9.777821898460388184e-01,-9.546847343444824219e-01
-4.831763505935668945e-01,-1.782817602157592773e+00
1.818566024303436279e-01,9.456582367420196533e-02
5.431088805198669434e-01,-1.221586704254150391e+00
1.448080390691757202e-01,1.442556977272033691e-01
-1.441925764083862305e-03,-3.268895670771598816e-02
2.035974264144897461e-01,-4.261056780815124512e-01
5.222035646438598633e-01,-4.377578496932983398e-01
1.603880524635314941e+00,1.403633236885070801e+00
1.153637990355491638e-01,-6.210359334945678711e-01
-4.110838174819946289e-01,9.652145206928253174e-02
2.521521449089050293e-01,5.907138586044311523e-01
7.598183751106262207e-01,6.075068116188049316e-01
5.755683183670043945e-01,-1.733090519905090332e+00
-5.599635243415832520e-01,2.992371320724487305e-01
-1.343515634536743164e+00,-5.960010886192321777e-01
-1.832632303237915039e+00,-2.760610342025756836e+00
4.694561958312988281e-01,-7.802658677101135254e-01
-1.933354973793029785e+00,-7.386739253997802734e-01
4.336654022336006165e-02,-1.668817847967147827e-01
1.067786216735839844e+00,-6.770484447479248047e-01
-2.157408714294433594e+00,1.218017697334289551e+00
-4.531395435333251953e-01,-1.847082853317260742e+00
-5.347635746002197266e-01,-4.262026250362396240e-01
2.047042697668075562e-01,1.004252791404724121e+00
1.090205550193786621e+00,-1.394774198532104492e+00
2.050625234842300415e-01,1.467798464000225067e-02
1.848680377006530762e-01,2.754636108875274658e-01
-1.747213453054428101e-01,2.436213970184326172e+00
2.974517941474914551e-01,9.443727135658264160e-01
5.642597079277038574e-01,-5.034827589988708496e-01
4.556319713592529297e-01,8.347527384757995605e-01
2.450693100690841675e-01,7.768088579177856445e-02
5.907249450683593750e-01,6.276143789291381836e-01
5.823603868484497070e-01,6.614246368408203125e-01
5.569695830345153809e-01,7.817403078079223633e-01
1.058330774307250977e+00,1.427210718393325806e-01
-1.693838119506835938e+00,-3.245031595230102539e+00
-4.821397736668586731e-02,1.780339330434799194e-01
-4.581021666526794434e-01,-7.272455096244812012e-01
4.400152206420898438e+00,1.369500279426574707e+00
4.510175585746765137e-01,8.625850081443786621e-01
1.305773138999938965e+00,-1.063752532005310059e+00
-1.145993247628211975e-01,1.439211010932922363e+00
3.492266535758972168e-01,8.246196508407592773e-01
-2.571167230606079102e+00,-1.683058023452758789e+00
-9.993192553520202637e-01,-4.979508742690086365e-02
2.334800958633422852e+00,-7.905492782592773438e-01
7.027718424797058105e-01,-1.487865209579467773e+00
7.497439980506896973e-01,-7.682347893714904785e-01
4.678051471710205078e-01,-6.127273440361022949e-01
-5.262277722358703613e-01,-5.013793110847473145e-01
2.098882913589477539e+00,2.479492574930191040e-01
3.526474237442016602e-01,-1.967874407768249512e+00
7.137681245803833008e-01,-6.112784147262573242e-03
2.525623440742492676e-01,-6.713191270828247070e-01
1.130019426345825195e+00,1.314847111701965332e+00
2.511152997612953186e-02,-3.736343681812286377e-01
5.220884680747985840e-01,-1.057443618774414062e+00
3.659939765930175781e-01,-5.985680222511291504e-01
4.098260402679443359e-01,-1.038972496986389160e+00
-4.903921484947204590e-01,-2.205174684524536133e+00
3.886786699295043945e-01,8.402517437934875488e-01
-3.377882480621337891e+00,1.698447614908218384e-01
1.652017980813980103e-01,7.478430867195129395e-01
-1.701837927103042603e-01,4.523530006408691406e-01
2.072601079940795898e+00,-2.975006341934204102e+00
1.965178102254867554e-01,-4.043549060821533203e+00
-9.266420602798461914e-01,-1.435139298439025879e+00
4.569027423858642578e-01,-1.714305877685546875e+00
-1.433985590934753418e+00,-1.803205370903015137e+00
2.421742230653762817e-01,1.174321621656417847e-01
6.720190644264221191e-01,1.444864422082901001e-01
7.509021759033203125e-01,8.005272746086120605e-01
-1.334740996360778809e+00,-2.323846101760864258e+00
6.115705966949462891e-01,6.273619532585144043e-01
1.735351443290710449e+00,1.768964648246765137e+00
-7.974206469953060150e-03,1.099514007568359375e+00
-2.414526343345642090e-01,-2.289245367050170898e+00
5.703521966934204102e-01,-2.871195077896118164e+00
-5.411493778228759766e-01,2.703717648983001709e-01
5.794970989227294922e-01,7.993282079696655273e-01
1.171289682388305664e+00,-1.311258792877197266e+00
6.019580364227294922e-01,7.429335713386535645e-01
-1.280628740787506104e-01,9.497111439704895020e-01
4.543288946151733398e-01,-8.598040342330932617e-01
-9.572170376777648926e-01,-9.524506330490112305e-01
-1.873133659362792969e+00,6.953329443931579590e-01
-1.806690812110900879e+00,-1.472990632057189941e+00
5.576102733612060547e+00,1.979138255119323730e+00
1.003079295158386230e+00,-1.446090936660766602e+00
2.989368438720703125e-01,9.430285692214965820e-01
7.289730310440063477e-01,1.110232353210449219e+00
-5.045689344406127930e-01,-9.857248663902282715e-01
1.050020217895507812e+00,-1.664051651954650879e+00
-1.209702610969543457e+00,-1.674199342727661133e+00
1.027905344963073730e+00,6.910889744758605957e-01
3.243247270584106445e-01,-6.472416222095489502e-02
2.189451158046722412e-01,-6.774451732635498047e-01
1.121871352195739746e+00,-8.948500156402587891e-01
3.758502602577209473e-01,-6.018449068069458008e-01
2.968634963035583496e-01,9.319016933441162109e-01
1.088696002960205078e+00,-1.196951150894165039e+00
1.841383934020996094e+00,1.753692507743835449e+00
1.578362703323364258e+00,1.053012728691101074e+00
4.023224115371704102e-01,7.142837047576904297e-01
3.641180396080017090e-01,8.881320953369140625e-01
1.582257866859436035e+00,-1.734959006309509277e+00
9.871454834938049316e-01,1.958175897598266602e-01
-1.468108773231506348e+00,-2.162067413330078125e+00
-5.528044700622558594e-01,1.054055690765380859e+00
1.650402545928955078e+00,-1.311211585998535156e+00
-1.510046720504760742e+00,-8.761365413665771484e-01
1.123685956001281738e+00,1.207580327987670898e+00
-8.837661743164062500e-01,-4.139770865440368652e-01
-1.397629022598266602e+00,1.242542982101440430e+00
3.514565899968147278e-02,1.100295186042785645e+00
-3.912695050239562988e-01,-6.844120025634765625e-01
1.011320233345031738e+00,-1.064271330833435059e+00
2.270810157060623169e-01,-1.015885114669799805e+00
-1.965797424316406250e+00,-9.942463040351867676e-01
1.077017426490783691e+00,-1.104643702507019043e+00
-9.857453703880310059e-01,-3.934631824493408203e+00
3.388796448707580566e-01,9.893107414245605469e-01
1.688638687133789062e+00,-1.787145733833312988e+00
2.693566560745239258e+00,2.412047863006591797e+00
4.887708425521850586e-01,-1.428666472434997559e+00
-5.528044700622558594e-01,1.054055690765380859e+00
3.492266535758972168e-01,8.246196508407592773e-01
1.219358682632446289e+00,-1.929370045661926270e+00
3.306789994239807129e-01,8.275741934776306152e-01
5.200604796409606934e-01,8.260837197303771973e-01
1.629344344139099121e+00,1.140493154525756836e+00
5.017968267202377319e-02,5.762089490890502930e-01
6.346313953399658203e-01,7.955556511878967285e-01
5.118092894554138184e-01,8.486230969429016113e-01
5.734690427780151367e-01,7.701071500778198242e-01
9.660291671752929688e-02,3.158614039421081543e-01
4.173159599304199219e-01,-1.973601937294006348e+00
5.707707405090332031e-01,8.719098567962646484e-01
7.929391860961914062e-01,-3.465013504028320312e-01
8.045442700386047363e-01,1.283522009849548340e+00
2.248559743165969849e-01,-6.116935610771179199e-01
-3.746639490127563477e-01,-1.232502818107604980e+00
-4.327508449554443359e+00,1.678312897682189941e+00
6.785776019096374512e-01,7.430102229118347168e-01
-8.490508794784545898e-01,-6.656540632247924805e-01
-1.310344934463500977e+00,-1.961553394794464111e-01
-5.433534383773803711e-01,-1.914125919342041016e+00
2.189451158046722412e-01,-6.774451732635498047e-01
9.002122879028320312e-01,8.796817064285278320e-01
3.086373805999755859e-01,-6.392602324485778809e-01
3.795350342988967896e-02,9.548186659812927246e-01
3.091880679130554199e-01,5.141145586967468262e-01
6.373862624168395996e-01,3.393178284168243408e-01
-2.571167230606079102e+00,-1.683058023452758789e+00
1.641371101140975952e-01,-8.659349679946899414e-01
-7.416141629219055176e-01,7.239344716072082520e-01
3.081492781639099121e-01,1.390817761421203613e-01
-9.740825295448303223e-01,9.599541425704956055e-01
-2.177244275808334351e-01,-1.942647218704223633e+00
-2.889005541801452637e-01,-4.102104187011718750e+00
3.234705924987792969e-01,9.605188369750976562e-01
-1.723451256752014160e+00,-9.073109626770019531e-01
3.234705924987792969e-01,9.605188369750976562e-01
5.809833407402038574e-01,6.266644001007080078e-01
3.265494108200073242e-01,7.747046351432800293e-01
3.454670310020446777e-01,8.584989309310913086e-01
5.474718809127807617e-01,-1.234268546104431152e+00
1.966233104467391968e-01,1.306069940328598022e-01
2.493216842412948608e-01,-5.261986255645751953e-01
-3.385728359222412109e+00,-3.269188165664672852e+00
5.736618041992187500e-01,-5.142553448677062988e-01
9.895351529121398926e-01,-9.589711427688598633e-01
2.926265597343444824e-01,3.085855580866336823e-02
2.450693100690841675e-01,7.768088579177856445e-02
2.587260007858276367e+00,6.980967521667480469e-01
4.899412393569946289e-01,-9.575787186622619629e-01
-5.406978130340576172e-01,-2.216603040695190430e+00
1.222324609756469727e+00,4.239642918109893799e-01
-3.474475741386413574e-01,2.148324698209762573e-01
3.240078091621398926e-01,8.972979187965393066e-01
-6.177128553390502930e-01,-1.956777721643447876e-01
5.099201798439025879e-01,8.372515439987182617e-01
-1.528060555458068848e+00,-1.007869005203247070e+00
-2.924304246902465820e+00,-8.333307504653930664e-02
5.654113292694091797e-01,-1.418049812316894531e+00
2.293411344289779663e-01,-1.422692179679870605e+00
5.635057687759399414e-01,7.241686582565307617e-01
9.243505001068115234e-01,-8.577772974967956543e-01
8.825908899307250977e-01,-9.705112576484680176e-01
9.263406693935394287e-02,-1.571195840835571289e+00
4.050189852714538574e-01,1.707103729248046875e+00
6.948454976081848145e-01,-2.172516733407974243e-01
7.730607390403747559e-01,5.424480438232421875e-01
-3.377882480621337891e+00,1.698447614908218384e-01
1.665617108345031738e+00,-2.391505956649780273e+00
1.861525177955627441e-01,4.984146356582641602e-02
1.529928296804428101e-01,-6.753833293914794922e-01
2.134935617446899414e+00,1.707345128059387207e+00
4.807039499282836914e-01,-2.691127777099609375e+00
2.125908434391021729e-01,-1.195988416671752930e+00
1.501342773437500000e+00,-1.410120248794555664e+00
-2.948232293128967285e-01,-2.313030511140823364e-02
-6.621205806732177734e-01,4.876829385757446289e-01
2.034304589033126831e-01,4.891505837440490723e-01
2.067923784255981445e+00,2.045696258544921875e+00
1.305773138999938965e+00,-1.063752532005310059e+00
1.783366948366165161e-01,-1.278110861778259277e+00
-2.258436679840087891e+00,-1.757528901100158691e+00
-7.422847151756286621e-01,3.752894699573516846e-01
5.797774791717529297e-01,9.603971838951110840e-01
1.529686808586120605e+00,2.153244167566299438e-01
4.964220523834228516e-01,8.905882239341735840e-01
-6.170077919960021973e-01,-1.928903818130493164e+00
1.422377347946166992e+00,-2.043655395507812500e+00
1.411862969398498535e+00,-4.769457340240478516e+00
2.916339635848999023e-01,-8.975450694561004639e-02
1.616809815168380737e-01,2.908419966697692871e-01
-3.282409310340881348e-01,-6.983135342597961426e-01
1.355559706687927246e+00,-1.746778249740600586e+00
-1.377936124801635742e+00,-4.133475720882415771e-01
4.415678977966308594e-01,-6.554111838340759277e-01
1.410363793373107910e+00,2.618663012981414795e-01
5.827635288238525391e+00,-1.272334814071655273e+00
-8.477233052253723145e-01,1.269528746604919434e+00
1.010679006576538086e+00,5.527240633964538574e-01
9.957779645919799805e-01,-1.021756529808044434e+00
1.192699670791625977e+00,7.816190719604492188e-01
5.273056030273437500e-01,8.653202652931213379e-01
-4.028021693229675293e-01,3.666057884693145752e-01
1.861525177955627441e-01,4.984146356582641602e-02
2.930427551269531250e+00,-2.552798032760620117e+00
7.561410218477249146e-02,8.674959540367126465e-01
7.634209394454956055e-01,-3.396736681461334229e-01
1.576714754104614258e+00,-1.601902723312377930e+00
7.325147986412048340e-01,2.090197056531906128e-03
2.165984869003295898e+00,-3.278667211532592773e+00
2.270810157060623169e-01,-1.015885114669799805e+00
-8.241360187530517578e-01,3.173733055591583252e-01
7.739312648773193359e-01,-3.534492850303649902e-01
1.340920209884643555e+00,4.787111580371856689e-01
-1.207702517509460449e+00,-4.317507445812225342e-01
5.051710009574890137e-01,-3.728043138980865479e-01
2.325157523155212402e-01,-5.624464154243469238e-01
-1.386311769485473633e+00,-4.070574641227722168e-01
-3.897090554237365723e-01,-1.704844236373901367e+00
1.047474861145019531e+00,2.365160435438156128e-01
5.610293149948120117e-01,7.056934237480163574e-01
6.457707285881042480e-01,-3.404485881328582764e-01
-4.800469279289245605e-01,-3.481738090515136719e+00
-7.104817032814025879e-01,-2.701514959335327148e-01
2.177235037088394165e-01,9.292474389076232910e-01
-2.046464830636978149e-01,-2.336332052946090698e-01
4.942375421524047852e-01,7.202796339988708496e-01
1.730346232652664185e-01,1.191193163394927979e-01
8.669986128807067871e-01,-1.478742361068725586e+00
1.316507816314697266e+00,-1.217284798622131348e+00
-1.344706296920776367e+00,-9.334185719490051270e-01
-5.006336569786071777e-01,-4.924123883247375488e-01
1.094675213098526001e-01,1.116761326789855957e+00
-2.291506767272949219e+00,-7.718083262443542480e-01
1.233472585678100586e+00,-1.113076210021972656e+00
-1.959511160850524902e+00,2.106207132339477539e+00
-2.041067123413085938e+00,3.411406874656677246e-01
-5.069144964218139648e-01,-1.003432631492614746e+00
1.866616249084472656e+00,1.194429993629455566e-01
2.134935617446899414e+00,1.707345128059387207e+00
2.022877335548400879e-01,-4.896374344825744629e-01
7.352325916290283203e-01,1.324194967746734619e-01
2.317885637283325195e+00,6.699534505605697632e-02
1.264389157295227051e+00,1.458633184432983398e+00
1.024142503738403320e+00,1.491863012313842773e+00
4.054860472679138184e-01,2.106745094060897827e-01
-4.993191361427307129e-01,-9.224444627761840820e-01
-1.042017579078674316e+00,-6.406090259552001953e-01
2.133858680725097656e+00,-1.634470224380493164e+00
1.891474723815917969e+00,2.503772974014282227e-01
3.081492781639099121e-01,1.390817761421203613e-01
-5.108525156974792480e-01,2.189992368221282959e-01
5.462039709091186523e-01,-4.998852014541625977e-01
2.038523405790328979e-01,3.578329980373382568e-01
1.585771322250366211e+00,-2.398205518722534180e+00
1.444614678621292114e-01,-1.212477684020996094e-01
-4.882964491844177246e-01,-5.338234305381774902e-01
-9.124319553375244141e-01,-4.439832270145416260e-01
2.066885232925415039e-01,-9.823580384254455566e-01
4.415678977966308594e-01,-6.554111838340759277e-01
3.265494108200073242e-01,7.747046351432800293e-01
7.405168414115905762e-01,-1.786575794219970703e+00
1.422537714242935181e-01,2.492605298757553101e-01
2.253705263137817383e-01,5.970498323440551758e-01
6.629902124404907227e-01,5.974614024162292480e-01
3.570543527603149414e-01,-1.419980168342590332e+00
1.826591342687606812e-01,-1.025146365165710449e+00
-6.423178911209106445e-01,-1.566219687461853027e+00
-6.183337569236755371e-01,-8.799101710319519043e-01
-6.250311732292175293e-01,-2.331108093261718750e+00
1.542834520339965820e+00,1.448416113853454590e+00
-4.342601895332336426e-01,-1.139323115348815918e+00
1.273878961801528931e-01,1.047818779945373535e+00
-1.869181394577026367e+00,-7.644675970077514648e-01
1.703427553176879883e+00,-4.114899337291717529e-01
1.003764867782592773e+00,-1.466552138328552246e+00
-1.521150708198547363e+00,-6.525739431381225586e-01
-1.997778415679931641e+00,-1.105676889419555664e+00
9.710906147956848145e-01,3.867878913879394531e-01
6.598442196846008301e-01,8.993695378303527832e-01
4.779471158981323242e-01,-1.080158233642578125e+00
4.101330041885375977e-01,9.191114306449890137e-01
2.472960948944091797e+00,2.704308986663818359e+00
5.041431188583374023e-01,8.038141131401062012e-01
1.123872041702270508e+00,3.892511725425720215e-01
6.041083931922912598e-01,7.794101834297180176e-01
1.018357992172241211e+00,9.279535412788391113e-01
8.363702893257141113e-01,-1.930675953626632690e-01
1.248169183731079102e+00,1.455297708511352539e+00
5.064310505986213684e-02,-8.901426792144775391e-01
2.783723473548889160e-01,9.941977262496948242e-01
1.312266111373901367e+00,-3.539748907089233398e+00
1.730346232652664185e-01,1.191193163394927979e-01
-4.847515821456909180e-01,-8.081519603729248047e-01
-1.519385457038879395e+00,-6.721325516700744629e-01
5.287862420082092285e-01,-1.157228827476501465e+00
1.616541028022766113e+00,-5.439680218696594238e-01
-1.029273390769958496e+00,-5.624809265136718750e-01
-4.317864179611206055e-01,6.908382475376129150e-02
3.268412947654724121e-01,7.931485772132873535e-01
9.617239832878112793e-01,-2.512288808822631836e+00
4.623510688543319702e-02,-1.082216799259185791e-01
1.552592873573303223e+00,-7.787121534347534180e-01
-1.388471007347106934e+00,-1.126774311065673828e+00
1.372290611267089844e+00,1.206834673881530762e+00
-1.777475833892822266e+00,1.677301168441772461e+00
-2.488538742065429688e+00,7.315646409988403320e-01
-4.660414457321166992e-01,-9.591113328933715820e-01
5.864492654800415039e-01,5.803835988044738770e-01
-2.258805930614471436e-01,4.719761312007904053e-01
-6.570715308189392090e-01,4.944830536842346191e-01
-2.792127728462219238e-01,3.931351602077484131e-01
1.067786216735839844e+00,-6.770484447479248047e-01
7.044328451156616211e-01,-2.937792614102363586e-02
-4.741886258125305176e-01,-8.630797266960144043e-01
2.120785474777221680e+00,-1.283889651298522949e+00
-5.148292183876037598e-01,1.142991185188293457e-01
1.208453059196472168e+00,-1.422555685043334961e+00
2.437222003936767578e+00,-1.784136652946472168e+00
-7.619849592447280884e-02,-3.240191698074340820e+00
4.894968867301940918e-01,8.124563097953796387e-01
1.925474524497985840e+00,-1.969997525215148926e+00
2.878518700599670410e-01,-1.052355408668518066e+00
3.829754590988159180e-01,-7.178575992584228516e-01
1.191329121589660645e+00,-1.013560414314270020e+00
1.569232583045959473e+00,3.310969471931457520e-01
7.884347438812255859e-01,-5.401496887207031250e-01
6.340476870536804199e-01,-7.688907384872436523e-01
-5.568989515304565430e-01,5.028668045997619629e-02
1.268826842308044434e+00,5.550927519798278809e-01
3.044852018356323242e-01,3.868345022201538086e-01
-1.140957474708557129e+00,-2.088972568511962891e+00
5.703521966934204102e-01,-2.871195077896118164e+00
1.733240962028503418e+00,1.337373375892639160e+00
8.395192623138427734e-01,8.199941515922546387e-01
-5.330192446708679199e-01,1.164139211177825928e-01
5.220884680747985840e-01,-1.057443618774414062e+00
-3.181300684809684753e-02,-7.029673457145690918e-01
1.900944113731384277e-01,1.060172438621520996e+00
6.040692329406738281e-01,6.000678539276123047e-01
1.734925746917724609e+00,-5.762130618095397949e-01
6.433333754539489746e-01,-1.957460284233093262e+00
4.859795570373535156e-01,-1.255851387977600098e+00
-7.348256707191467285e-01,-2.462290078401565552e-01
1.352463960647583008e-01,-8.608877658843994141e-01
1.025673866271972656e+00,-4.215514183044433594e+00
1.109631061553955078e-01,-7.211111187934875488e-01
-4.693113565444946289e-01,-3.448340892791748047e-01
-5.008447170257568359e-01,5.789077877998352051e-01
4.901225566864013672e-01,8.742877244949340820e-01
2.381766736507415771e-01,6.008976101875305176e-01
3.430467247962951660e-01,8.982766270637512207e-01
1.120066642761230469e+00,-8.297330141067504883e-01
2.124582380056381226e-01,1.346496790647506714e-01
-3.041188716888427734e-01,-2.388422012329101562e+00
9.803160429000854492e-01,2.082978338003158569e-01
-1.590141773223876953e+00,2.100869178771972656e+00
6.733182668685913086e-01,5.236612632870674133e-03
2.617813825607299805e+00,8.281323909759521484e-01
1.669656872749328613e+00,4.042534828186035156e-01
4.475880265235900879e-01,2.100610584020614624e-01
-2.692673802375793457e-01,-2.513684988021850586e+00
-1.108758673071861267e-01,5.987161397933959961e-01
-1.254429817199707031e-01,6.097963452339172363e-01
3.499633669853210449e-01,9.281720519065856934e-01
2.981756329536437988e-01,-1.199813365936279297e+00
1.122456431388854980e+00,-8.360807895660400391e-01
2.446689158678054810e-01,9.303683638572692871e-01
1.043495312333106995e-01,-1.660112589597702026e-01
7.994290590286254883e-01,-1.404627442359924316e+00
4.175319075584411621e-01,8.493207097053527832e-01
1.447204351425170898e+00,1.282560467720031738e+00
7.237032055854797363e-01,-1.903987288475036621e+00
3.337197937071323395e-03,1.716279685497283936e-01
1.743951797485351562e+00,6.230186223983764648e-01
1.060568213462829590e+00,-1.034031271934509277e+00
-8.819410800933837891e-01,6.662674993276596069e-02
-5.878613144159317017e-02,9.460806846618652344e-01
7.164193391799926758e-01,9.582296013832092285e-01
-9.386539459228515625e-01,-6.159731149673461914e-01
-1.863471150398254395e+00,-1.919959306716918945e+00
4.703890085220336914e-01,-3.673185035586357117e-02
1.558178424835205078e+00,-1.516923546791076660e+00
3.307986259460449219e-01,8.063705563545227051e-01
3.899078369140625000e-01,8.268989324569702148e-01
2.012277603149414062e+00,1.945402264595031738e+00
3.363877534866333008e-01,-1.162102222442626953e+00
-5.458502173423767090e-01,-5.107901096343994141e-01
4.668436646461486816e-01,-1.238770961761474609e+00
2.804166674613952637e-01,8.529701828956604004e-01
1.210189461708068848e-01,1.065448522567749023e+00
1.246393442153930664e+00,1.374390602111816406e+00
-9.318404197692871094e-01,-5.632050633430480957e-01
7.095303535461425781e-01,-3.324792906641960144e-02
5.230340957641601562e-01,-6.018049120903015137e-01
-2.189212143421173096e-01,4.422153234481811523e-01
9.871454834938049316e-01,1.958175897598266602e-01
1.342000439763069153e-03,2.367961704730987549e-01
1.726911664009094238e+00,1.606809258460998535e+00
3.086373805999755859e-01,-6.392602324485778809e-01
9.756875783205032349e-02,-1.023560166358947754e+00
-4.095953106880187988e-01,-3.161749839782714844e+00
-1.049276590347290039e+00,2.499564588069915771e-01
8.632548153400421143e-02,-1.255755662918090820e+00
-4.597365260124206543e-01,-9.017111361026763916e-02
-1.045289516448974609e+00,-2.915255725383758545e-01
1.079445481300354004e-01,-1.687142729759216309e+00
-6.442615985870361328e-01,4.444478452205657959e-01
-2.960615158081054688e-01,-4.022963345050811768e-01
-5.870552062988281250e-01,-1.499487400054931641e+00
-1.100852370262145996e+00,-5.322543382644653320e-01
-8.837661743164062500e-01,-4.139770865440368652e-01
-4.242456436157226562e+00,9.740464091300964355e-01
9.570999145507812500e-01,-1.055456042289733887e+00
-1.185947537422180176e+00,-6.618273258209228516e-01
-9.566786885261535645e-01,1.082932710647583008e+00
5.449693202972412109e-01,7.771316766738891602e-01
2.449374049901962280e-01,-3.128386139869689941e-01
1.424418807029724121e+00,2.030801534652709961e+00
8.825908899307250977e-01,-9.705112576484680176e-01
5.266379117965698242e-01,-3.897457122802734375e-01
-1.171224236488342285e+00,-4.583752527832984924e-02
7.444949746131896973e-01,-3.353363275527954102e-01
1.619090914726257324e+00,1.232063174247741699e+00
4.181668758392333984e-01,-8.372172117233276367e-01
3.794929981231689453e-01,9.073256850242614746e-01
1.609583973884582520e+00,1.680805087089538574e-01
5.764158368110656738e-01,7.925950884819030762e-01
1.959893941879272461e+00,1.470954895019531250e+00
-4.229534268379211426e-01,6.639550626277923584e-02
-2.796427488327026367e+00,-1.197211503982543945e+00
1.576714754104614258e+00,-1.601902723312377930e+00
9.175442457199096680e-01,8.559858798980712891e-01
-6.962993741035461426e-01,3.891168236732482910e-01
1.858249902725219727e-01,-6.449795961380004883e-01
9.957779645919799805e-01,-1.021756529808044434e+00
1.417045474052429199e+00,-1.252670168876647949e+00
-1.841057687997817993e-01,-8.474019169807434082e-02
-7.174789905548095703e-01,-1.717447400093078613e+00
-1.408287286758422852e+00,-2.268968105316162109e+00
6.553152799606323242e-01,7.355809211730957031e-01
7.967673540115356445e-01,-9.515312314033508301e-02
-3.504987955093383789e-01,-2.066023647785186768e-01
6.472059488296508789e-01,-1.408790946006774902e+00
-3.459003567695617676e-01,2.993893995881080627e-02
-4.882964491844177246e-01,-5.338234305381774902e-01
-1.656827688217163086e+00,-8.695189952850341797e-01
6.720190644264221191e-01,1.444864422082901001e-01
-3.741406202316284180e-01,-7.921624183654785156e-01
1.467984676361083984e+00,1.357228159904479980e+00
-1.657423496246337891e+00,1.457069367170333862e-01
2.464892864227294922e+00,-1.431415438652038574e+00
1.007318258285522461e+00,-9.297893047332763672e-01
-1.225995659828186035e+00,-7.570248842239379883e-01
5.939105153083801270e-01,8.623217344284057617e-01
1.455930352210998535e+00,1.193891048431396484e+00
4.373154640197753906e-01,8.703671693801879883e-01
-1.634314060211181641e-01,6.693295836448669434e-01
-1.408287286758422852e+00,-2.268968105316162109e+00
1.058143496513366699e+00,-1.717780351638793945e+00
7.409262061119079590e-01,-4.989439845085144043e-01
-9.277838468551635742e-01,1.238550305366516113e+00
8.610051870346069336e-01,-1.180727720260620117e+00
2.104796618223190308e-01,-9.243613481521606445e-01
-3.069360017776489258e+00,-7.060531377792358398e-01
1.011320233345031738e+00,-1.064271330833435059e+00
4.769866466522216797e-01,2.237308770418167114e-01
8.635993003845214844e-01,-2.436384439468383789e+00
5.781658291816711426e-01,8.537316918373107910e-01
6.876918673515319824e-02,5.011284947395324707e-01
5.521368980407714844e-01,-4.870309233665466309e-01
3.570543527603149414e-01,-1.419980168342590332e+00
4.238278865814208984e-01,-9.699142575263977051e-01
-5.619646906852722168e-01,1.084249280393123627e-02
1.366652846336364746e+00,-1.485042214393615723e+00
1.688201576471328735e-01,-6.164304614067077637e-01
5.399031043052673340e-01,3.807056546211242676e-01
-5.143638134002685547e+00,1.153036475181579590e+00
6.386759877204895020e-01,7.445654273033142090e-01
2.923326492309570312e-01,9.452309608459472656e-01
4.991798996925354004e-01,-1.608007431030273438e+00
1.288111805915832520e+00,-1.157101988792419434e+00
-3.846601247787475586e+00,-1.335331320762634277e+00
5.509351491928100586e-01,-1.018680334091186523e+00
5.523982644081115723e-01,8.868533372879028320e-01
-2.365381568670272827e-01,5.582506656646728516e-01
5.637914538383483887e-01,7.095913887023925781e-01
-4.327508449554443359e+00,1.678312897682189941e+00
-2.414526343345642090e-01,-2.289245367050170898e+00
1.028640389442443848e+00,-9.152899980545043945e-01
-1.148278474807739258e+00,-6.588734984397888184e-01
1.578362703323364258e+00,1.053012728691101074e+00
-8.531761169433593750e-01,-4.161261618137359619e-01
-2.258436679840087891e+00,-1.757528901100158691e+00
-3.031104430556297302e-02,3.829561471939086914e-01
-7.422847151756286621e-01,3.752894699573516846e-01
1.953704953193664551e-01,9.089880585670471191e-01
1.956672966480255127e-01,-4.937566518783569336e-01
1.085768580436706543e+00,-9.264182448387145996e-01
3.991832137107849121e-01,-3.490730226039886475e-01
4.560731053352355957e-01,-4.784618020057678223e-01
-4.097203731536865234e+00,8.398577570915222168e-01
1.247865796089172363e+00,1.383393526077270508e+00
2.426415830850601196e-01,-1.754251956939697266e+00
1.202010035514831543e+00,-7.971239686012268066e-01
2.060957998037338257e-01,-1.844324022531509399e-01
1.332949161529541016e+00,-2.314008623361587524e-01
2.040127664804458618e-01,9.378281235694885254e-01
-1.044037342071533203e+00,-7.819786667823791504e-01
4.933810234069824219e-01,-1.411257743835449219e+00
4.088795930147171021e-02,6.459513902664184570e-01
-6.023817658424377441e-01,1.538202911615371704e-02
4.096379876136779785e-01,8.935036659240722656e-01
1.176010131835937500e+00,-2.796426773071289062e+00
-8.751053810119628906e-01,-9.667664170265197754e-01
-2.697426080703735352e+00,2.221345901489257812e+00
5.802690386772155762e-01,-4.817273616790771484e-01
-3.322979807853698730e-01,-8.329910635948181152e-01
2.735601663589477539e-01,7.596441507339477539e-01
9.122962951660156250e-01,2.444403767585754395e-01
5.549247860908508301e-01,5.954312086105346680e-01
6.275618672370910645e-01,-6.347903609275817871e-01
2.711694836616516113e-01,3.360087424516677856e-02
2.557381629943847656e+00,-5.097144603729248047e+00
8.412818312644958496e-01,1.450913190841674805e+00
-3.368807554244995117e+00,-4.536498546600341797e+00
-7.331453800201416016e+00,-8.961923718452453613e-01
-3.079438805580139160e-01,-1.075165152549743652e+00
-2.249243855476379395e-01,-1.190739274024963379e+00
1.367312669754028320e-01,9.157872200012207031e-02
1.422625929117202759e-01,-3.450130224227905273e-01
-1.563944578170776367e+00,-7.238698601722717285e-01
1.028766870498657227e+00,-9.203256368637084961e-01
2.930793166160583496e-01,-8.246536850929260254e-01
1.754500389099121094e+00,9.726837277412414551e-02
3.275578841567039490e-03,-3.655176460742950439e-01
9.044923782348632812e-01,-2.480571419000625610e-01
1.278954148292541504e+00,-1.940557718276977539e+00
8.226163983345031738e-01,-4.959685206413269043e-01
-6.427319049835205078e-01,4.139942228794097900e-01
-1.441701412200927734e+00,-1.001192092895507812e+00
5.066651105880737305e-01,8.503692746162414551e-01
2.811318263411521912e-02,1.156452536582946777e+00
4.579024910926818848e-01,8.486954569816589355e-01
3.921476602554321289e-01,8.745673894882202148e-01
-3.048847198486328125e+00,-1.042960405349731445e+00
8.216475248336791992e-01,-3.832734525203704834e-01
1.590650439262390137e+00,-3.511735498905181885e-01
3.653612136840820312e-01,-1.302207589149475098e+00
6.335176527500152588e-02,2.420406192541122437e-01
1.514592170715332031e-01,-5.136314034461975098e-01
4.006633758544921875e+00,-1.112041920423507690e-01
9.384499192237854004e-01,-2.146954536437988281e+00
3.499633669853210449e-01,9.281720519065856934e-01
3.143011093139648438e+00,-1.763847827911376953e+00
2.936059474945068359e+00,1.368419647216796875e+00
-7.974206469953060150e-03,1.099514007568359375e+00
1.082822442054748535e+00,-9.517403841018676758e-01
-2.233289629220962524e-01,4.798216223716735840e-01
1.502891659736633301e+00,1.955298930406570435e-01
1.804456263780593872e-01,2.727781608700752258e-02
-3.359214067459106445e-01,-9.017335772514343262e-01
4.175319075584411621e-01,8.493207097053527832e-01
-4.028021693229675293e-01,3.666057884693145752e-01
9.319238364696502686e-02,-8.507212996482849121e-01
5.434980988502502441e-01,-4.084759652614593506e-01
-9.266303181648254395e-01,3.407363295555114746e-01
-1.246177684515714645e-02,-2.166717052459716797e+00
-9.266303181648254395e-01,3.407363295555114746e-01
-1.608910918235778809e+00,1.925266385078430176e+00
6.785776019096374512e-01,7.430102229118347168e-01
1.030733466148376465e+00,-1.587173581123352051e+00
1.804456263780593872e-01,2.727781608700752258e-02
1.461474299430847168e+00,1.173443436622619629e+00
-3.902623057365417480e-01,-1.571923047304153442e-01
1.020810604095458984e+00,2.001842707395553589e-01
1.720286250114440918e+00,1.827653050422668457e+00
-6.583729386329650879e-02,8.321900367736816406e-01
-1.054074048995971680e+00,-6.698259711265563965e-01
4.354128837585449219e-01,8.748030066490173340e-01
5.239296555519104004e-01,-1.003641366958618164e+00
8.417212218046188354e-02,-2.124798536300659180e+00
1.695763319730758667e-01,-6.015324592590332031e-01
2.306703478097915649e-01,9.917162656784057617e-01
4.084624052047729492e-01,-6.312593221664428711e-01
9.239456057548522949e-01,3.254160583019256592e-01
9.709894657135009766e-01,-2.408407449722290039e+00
9.440373182296752930e-01,1.132092475891113281e+00
-1.183792129158973694e-01,2.186372503638267517e-02
1.187649369239807129e-01,9.066407680511474609e-01
9.050359725952148438e-01,-2.429763793945312500e+00
-2.977064251899719238e-01,5.950263142585754395e-01
-4.108776092529296875e+00,-3.027154922485351562e+00
7.826367616653442383e-01,9.128192663192749023e-01
1.896335929632186890e-01,9.777393937110900879e-01
1.923425868153572083e-02,1.058228492736816406e+00
-1.218084573745727539e+00,-3.261859655380249023e+00
-6.045047044754028320e-01,6.576281785964965820e-01
-2.617103576660156250e+00,-1.670446634292602539e+00
-2.201502561569213867e+00,1.916431188583374023e+00
4.368131756782531738e-01,9.265044331550598145e-01
6.179658174514770508e-01,-3.978508710861206055e-01
-1.701837927103042603e-01,4.523530006408691406e-01
4.645420908927917480e-01,8.415598869323730469e-01
-5.499097704887390137e-01,1.969232782721519470e-02
-3.419274091720581055e-02,-2.287223935127258301e-03
5.787686705589294434e-01,-2.814022004604339600e-01
-3.368807554244995117e+00,-4.536498546600341797e+00
-5.959051251411437988e-01,-1.839100122451782227e+00
8.745142221450805664e-01,7.456355690956115723e-01
-1.395856499671936035e+00,-7.860494852066040039e-01
-5.562008619308471680e-01,8.369565010070800781e-02
2.598549723625183105e-01,8.821560144424438477e-01
-2.802970647811889648e+00,-1.531040668487548828e+00
1.004903793334960938e+00,-1.028461337089538574e+00
-1.693838119506835938e+00,-3.245031595230102539e+00
-1.982942670583724976e-01,6.231019496917724609e-01
-6.311113834381103516e-01,-6.352252960205078125e-01
5.503901839256286621e-01,5.957225561141967773e-01
5.217478275299072266e-01,8.716101646423339844e-01
4.424341320991516113e-01,-8.844619989395141602e-01
-5.318713188171386719e-01,-4.717929288744926453e-02
-8.556975126266479492e-01,4.914932250976562500e-01
2.621391773223876953e+00,9.386476278305053711e-01
-4.277155399322509766e-01,-7.652325034141540527e-01
-6.362041831016540527e-01,-5.405678153038024902e-01
-6.520412117242813110e-02,-3.063668906688690186e-01
2.449374049901962280e-01,-3.128386139869689941e-01
2.711529493331909180e+00,-2.072244882583618164e+00
5.876513719558715820e-01,-8.655577301979064941e-01
-2.258805930614471436e-01,4.719761312007904053e-01
-1.793212532997131348e+00,-3.324459075927734375e+00
-1.837757945060729980e+00,1.533910393714904785e+00
4.779471158981323242e-01,-1.080158233642578125e+00
5.176122188568115234e-01,-4.743584990501403809e-01
1.949335187673568726e-01,-8.478991985321044922e-01
4.907619953155517578e-01,5.452727079391479492e-01
-4.770447254180908203e+00,4.468379318714141846e-01
-5.357015728950500488e-01,-1.792629241943359375e+00
-1.656827688217163086e+00,-8.695189952850341797e-01
-1.460548043251037598e+00,1.404517054557800293e+00
8.137279152870178223e-01,-1.253162980079650879e+00
8.859081268310546875e-01,-2.327404022216796875e+00
-9.277838468551635742e-01,1.238550305366516113e+00
4.615045189857482910e-01,-5.216427445411682129e-01
-8.061183691024780273e-01,-3.562692403793334961e+00
-4.221665859222412109e-01,6.388304233551025391e-01
-1.168617844581604004e+00,-7.567636370658874512e-01
5.425584316253662109e-01,7.769179940223693848e-01
-4.055361747741699219e-01,-5.671110376715660095e-02
3.557128310203552246e-01,8.484845161437988281e-01
4.486795067787170410e-01,-9.331735372543334961e-01
-1.682749867439270020e+00,2.025991439819335938e+00
-4.667280316352844238e-01,4.282541871070861816e-01
4.380165934562683105e-01,9.056707620620727539e-01
1.917950212955474854e-01,5.107526779174804688e-01
-1.674764752388000488e+00,-1.216562390327453613e+00
4.300090670585632324e-01,1.087167382240295410e+00
3.945045471191406250e-01,-3.922550082206726074e-01
1.116541147232055664e+00,-1.701376438140869141e+00
-1.943398356437683105e+00,1.382740378379821777e+00
6.165161728858947754e-01,-2.134250164031982422e+00
9.806498885154724121e-01,4.220087528228759766e-01
4.231855869293212891e-01,-7.192790508270263672e-01
-7.141490280628204346e-02,-1.085419207811355591e-02
-1.657423496246337891e+00,1.457069367170333862e-01
-1.182833760976791382e-01,4.051317274570465088e-01
-1.079523921012878418e+00,-2.912836074829101562e-01
-3.419274091720581055e-02,-2.287223935127258301e-03
-6.630860567092895508e-01,-2.301400184631347656e+00
4.660670757293701172e-01,6.754456460475921631e-02
3.661202192306518555e-01,9.188747406005859375e-01
8.892157077789306641e-01,-2.992409840226173401e-02
2.733258605003356934e-01,-1.730502128601074219e+00
-5.055965110659599304e-02,5.669503808021545410e-01
1.090356826782226562e+00,-1.193453192710876465e+00
-5.271177887916564941e-01,-5.084126591682434082e-01
1.320407629013061523e+00,1.386754393577575684e+00
1.937188267707824707e+00,-1.468855857849121094e+00
1.349895149469375610e-01,-1.159367561340332031e+00
1.784429788589477539e+00,-1.101557493209838867e+00
-1.125870823860168457e+00,-7.602835297584533691e-01
5.342348814010620117e-01,7.786161899566650391e-01
-1.389892697334289551e+00,2.093312025070190430e+00
1.744468569755554199e+00,1.831815242767333984e+00
-6.133724451065063477e-01,-5.131659507751464844e-01
1.808054000139236450e-02,3.132317215204238892e-03
2.836270928382873535e-01,9.665793180465698242e-01
-5.143790245056152344e-01,-2.852311134338378906e+00
-3.897090554237365723e-01,-1.704844236373901367e+00
1.332941889762878418e+00,-2.873819693922996521e-02
1.765258550643920898e+00,1.262872576713562012e+00
-7.331453800201416016e+00,-8.961923718452453613e-01
-4.716838598251342773e-01,-1.890780925750732422e+00
1.068175196647644043e+00,-1.596088290214538574e+00
5.738225579261779785e-01,7.744012475013732910e-01
4.002619385719299316e-01,-7.451391220092773438e-01
1.694495081901550293e-01,9.835089445114135742e-01
-1.034510135650634766e+00,-1.330316066741943359e+00
1.279544115066528320e+00,1.292159199714660645e+00
-2.224274128675460815e-01,-1.500395894050598145e+00
-2.166750729084014893e-01,-2.674401760101318359e+00
-1.530759215354919434e+00,-3.057399094104766846e-01
-3.836568593978881836e-01,2.574462443590164185e-03
-2.493962287902832031e+00,-1.804786682128906250e+00
-3.474475741386413574e-01,2.148324698209762573e-01
-2.016085386276245117e-01,4.353465437889099121e-01
-9.957768321037292480e-01,1.184594154357910156e+00
-6.258847117424011230e-01,-1.622080206871032715e-01
1.342000439763069153e-03,2.367961704730987549e-01
1.134373068809509277e+00,9.882078170776367188e-01
1.944336295127868652e+00,-2.666598320007324219e+00
-3.150132298469543457e-01,-2.199389457702636719e+00
2.693566560745239258e+00,2.412047863006591797e+00
2.804813861846923828e+00,2.682722508907318115e-01
-3.095807552337646484e+00,7.429433465003967285e-01
1.286174207925796509e-01,-6.724630296230316162e-02
5.408608317375183105e-01,1.045340180397033691e+00
-7.981871962547302246e-01,-3.079147577285766602e+00
-1.353525161743164062e+00,1.962863445281982422e+00
2.264887809753417969e+00,-2.169068813323974609e+00
1.267143368721008301e+00,-2.326453208923339844e+00
2.243213951587677002e-01,-5.735599398612976074e-01
-6.234120130538940430e-01,-2.138332128524780273e+00
-1.980844512581825256e-02,-1.069837659597396851e-01
2.923884153366088867e+00,-1.438807010650634766e+00
2.444152593612670898e+00,8.395999670028686523e-01
9.777821898460388184e-01,-9.546847343444824219e-01
1.017010807991027832e+00,2.126432657241821289e-01
2.264456152915954590e-01,5.508559942245483398e-01
9.384499192237854004e-01,-2.146954536437988281e+00
-2.692673802375793457e-01,-2.513684988021850586e+00
-2.014766782522201538e-01,7.630137801170349121e-01
6.970006823539733887e-01,2.858832478523254395e-01
-7.174789905548095703e-01,-1.717447400093078613e+00
-1.680846452713012695e+00,-4.459840655326843262e-01
4.034613370895385742e-01,-2.699405431747436523e+00
-6.226429939270019531e-01,-2.739138305187225342e-01
2.250135391950607300e-01,3.488432168960571289e-01
-4.968522787094116211e-01,-9.610475301742553711e-01
-9.020090699195861816e-01,-4.094609320163726807e-01
1.267318844795227051e+00,-8.707157969474792480e-01
-2.459352254867553711e+00,-4.672258377075195312e+00
-3.066759109497070312e-01,1.148738861083984375e+00
3.881432414054870605e-01,8.924408555030822754e-01
-1.515205144882202148e+00,1.421061396598815918e+00
5.755683183670043945e-01,-1.733090519905090332e+00
-1.559921056032180786e-01,-2.208482474088668823e-03
8.911609649658203125e-01,3.373136222362518311e-01
1.462043523788452148e-01,4.587695375084877014e-02
-6.784847974777221680e-01,1.031783372163772583e-01
-2.049642086029052734e+00,-9.243913888931274414e-01
6.329890489578247070e-01,6.136409640312194824e-01
5.680907368659973145e-01,8.314128518104553223e-01
3.209397792816162109e-01,9.192532300949096680e-01
-1.164892673492431641e+00,-3.932227134704589844e+00
-2.259515412151813507e-02,2.377451360225677490e-01
2.010992050170898438e+00,2.465684413909912109e+00
9.259969592094421387e-01,-1.082705259323120117e+00
-5.420243144035339355e-01,-5.307617783546447754e-01
3.592878580093383789e-01,-1.688044667243957520e+00
2.722814559936523438e+00,-3.686540126800537109e+00
-9.568195939064025879e-01,-2.693632364273071289e+00
-3.864419460296630859e-01,4.611120522022247314e-01
3.388796448707580566e-01,9.893107414245605469e-01
1.331940412521362305e+00,-1.211027741432189941e+00
1.432867169380187988e+00,-1.597098946571350098e+00
6.340476870536804199e-01,-7.688907384872436523e-01
-3.193052858114242554e-02,2.649240940809249878e-02
1.017010807991027832e+00,2.126432657241821289e-01
4.994462132453918457e-01,-3.752728402614593506e-01
5.670932531356811523e-01,5.752546787261962891e-01
1.653461217880249023e+00,1.037593007087707520e+00
-7.044768929481506348e-01,-1.853757262229919434e+00
4.691174030303955078e-01,8.055672645568847656e-01
-2.866063117980957031e+00,-1.955718755722045898e+00
-4.248700737953186035e-01,-1.473522305488586426e+00
8.610051870346069336e-01,-1.180727720260620117e+00
2.282898873090744019e-01,4.315757453441619873e-01
5.734690427780151367e-01,7.701071500778198242e-01
-1.310344934463500977e+00,-1.961553394794464111e-01
1.600792169570922852e+00,1.516447544097900391e+00
2.525623440742492676e-01,-6.713191270828247070e-01
3.526474237442016602e-01,-1.967874407768249512e+00
4.894968867301940918e-01,8.124563097953796387e-01
1.532689183950424194e-01,-5.956364870071411133e-01
9.359795451164245605e-01,1.347541511058807373e-01
1.388083934783935547e+00,2.031175374984741211e+00
-2.911088705062866211e+00,2.092193126678466797e+00
2.142322659492492676e-01,-5.145360156893730164e-02
8.372024446725845337e-02,1.100530624389648438e+00
-3.772580027580261230e-01,1.871750503778457642e-01
4.010661840438842773e-01,9.274972081184387207e-01
1.686312437057495117e+00,1.177465915679931641e+00
3.275578841567039490e-03,-3.655176460742950439e-01
9.445835947990417480e-01,6.242014765739440918e-01
1.089580059051513672e+00,5.710389614105224609e-01
-4.093250259757041931e-03,7.160016298294067383e-01
-3.682531118392944336e-01,-5.278469994664192200e-02
-5.413604378700256348e-01,-6.574678421020507812e-01
1.478838324546813965e+00,1.390020728111267090e+00
1.634288787841796875e+00,-1.782352447509765625e+00
3.697072267532348633e-01,-1.269750118255615234e+00
6.733182668685913086e-01,5.236612632870674133e-03
1.733472496271133423e-01,-6.442298293113708496e-01
1.128523230552673340e+00,-2.592380762100219727e+00
6.856541037559509277e-01,-1.115277647972106934e+00
9.232122898101806641e-01,-9.644014239311218262e-01
7.409262061119079590e-01,-4.989439845085144043e-01
1.790703892707824707e+00,-6.671977043151855469e-01
1.298911124467849731e-01,7.425265759229660034e-02
-3.620058894157409668e-01,1.587280392646789551e+00
6.511999964714050293e-01,7.983884811401367188e-01
2.472960948944091797e+00,2.704308986663818359e+00
1.306633710861206055e+00,1.125681757926940918e+00
-2.123782187700271606e-01,4.227175116539001465e-01
1.202284455299377441e+00,-8.919693231582641602e-01
-1.381439447402954102e+00,-7.504775524139404297e-01
-1.880980968475341797e+00,1.266601562500000000e+00
8.229230344295501709e-02,-1.804241061210632324e+00
8.632548153400421143e-02,-1.255755662918090820e+00
-7.122387290000915527e-01,-1.691134810447692871e+00
3.225873708724975586e-01,-2.387192398309707642e-01
-2.273715972900390625e+00,1.222872972488403320e+00
1.473719596862792969e+00,-1.793483018875122070e+00
2.332880496978759766e-01,-1.276779532432556152e+00
8.412818312644958496e-01,1.450913190841674805e+00
-2.092153072357177734e+00,-1.439611434936523438e+00
7.329164743423461914e-01,-2.181507587432861328e+00
-1.279166936874389648e-01,3.956595063209533691e-01
2.293411344289779663e-01,-1.422692179679870605e+00
1.462043523788452148e-01,4.587695375084877014e-02
-4.326248764991760254e-01,-2.039912462234497070e+00
-9.962186813354492188e-01,6.345618367195129395e-01
2.878518700599670410e-01,-1.052355408668518066e+00
9.993425607681274414e-01,-1.677846312522888184e+00
2.000338882207870483e-01,-5.666717886924743652e-01
9.680483937263488770e-01,-1.321585774421691895e+00
3.335046172142028809e-01,1.738092750310897827e-01
-1.148885965347290039e+00,2.105614423751831055e+00
9.674634337425231934e-01,2.799880504608154297e-01
-4.145767211914062500e+00,2.638727664947509766e+00
7.506600022315979004e-01,1.635917544364929199e+00
7.598183751106262207e-01,6.075068116188049316e-01
3.181957602500915527e-01,-1.828311324119567871e+00
1.229906454682350159e-03,-5.589072108268737793e-01
1.063530296087265015e-01,-1.208831906318664551e+00
-5.396537780761718750e-01,-5.321297049522399902e-01
-9.697088599205017090e-01,-3.358616113662719727e+00
7.089346051216125488e-01,4.953734576702117920e-01
1.044509887695312500e+00,8.253360986709594727e-01
-7.704527974128723145e-01,1.713720202445983887e+00
-1.319070577621459961e+00,8.059716224670410156e-01
9.965754747390747070e-01,7.300769686698913574e-01
7.324492335319519043e-01,-5.411269664764404297e-01
4.113260746002197266e+00,1.238722205162048340e+00
5.214594006538391113e-01,6.249076873064041138e-02
5.809833407402038574e-01,6.266644001007080078e-01
3.794929981231689453e-01,9.073256850242614746e-01
6.206946969032287598e-01,-5.000010132789611816e-01
-1.185297250747680664e+00,-1.872713208198547363e+00
-1.410664170980453491e-01,3.633408248424530029e-01
4.976859092712402344e-01,-1.041106104850769043e+00
-3.163399696350097656e-01,4.813381433486938477e-01
1.147970557212829590e-01,3.512721061706542969e-01
1.340920209884643555e+00,4.787111580371856689e-01
-1.365303039550781250e+00,-1.312252283096313477e+00
2.324195504188537598e-01,-1.893904924392700195e+00
6.177333593368530273e-01,8.710280656814575195e-01
1.411142349243164062e+00,-9.365354776382446289e-01
1.441525936126708984e+00,1.481068372726440430e+00
1.248169183731079102e+00,1.455297708511352539e+00
8.187059313058853149e-02,-5.088372230529785156e-01
2.065447092056274414e+00,-1.123975515365600586e+00
4.297959804534912109e-01,-9.933219552040100098e-01
9.674634337425231934e-01,2.799880504608154297e-01
-1.116093993186950684e+00,6.937507987022399902e-01
4.937539696693420410e-01,7.810699343681335449e-01
-4.638215899467468262e-01,-5.425851941108703613e-01
1.211077213287353516e+00,-8.182011842727661133e-01
3.538768887519836426e-01,7.089141011238098145e-01
4.115678668022155762e-01,-1.159608960151672363e+00
-2.014823406934738159e-01,9.883355498313903809e-01
4.511168599128723145e-01,-2.787436842918395996e-01
3.656958937644958496e-01,8.121050000190734863e-01
-5.261217430233955383e-02,8.698133826255798340e-01
-5.448532104492187500e-01,1.536424994468688965e+00
7.509021759033203125e-01,8.005272746086120605e-01
-3.088889122009277344e-01,-1.350578308105468750e+00
1.686312437057495117e+00,1.177465915679931641e+00
1.120397567749023438e+00,-9.922398924827575684e-01
-1.578977346420288086e+00,8.163287639617919922e-01
-1.676626801490783691e+00,-1.386227488517761230e+00
4.879164099693298340e-01,8.196013569831848145e-01
5.392148345708847046e-02,1.312432289123535156e-01
5.051710009574890137e-01,-3.728043138980865479e-01
-4.881049394607543945e-01,-5.707296133041381836e-01
-2.197224617004394531e+00,1.735238790512084961e+00
9.319238364696502686e-02,-8.507212996482849121e-01
5.642950534820556641e-01,-1.605743765830993652e+00
1.629042625427246094e-01,3.814613819122314453e-01
1.912112951278686523e+00,-1.530341029167175293e+00
2.428278326988220215e-02,-1.105807125568389893e-01
-2.346724867820739746e-01,2.553550601005554199e-01
-1.176449179649353027e+00,-5.764545202255249023e-01
5.469183325767517090e-01,6.352831125259399414e-01
7.137681245803833008e-01,-6.112784147262573242e-03
2.393861263990402222e-01,-5.998412370681762695e-01
-3.743714809417724609e+00,-2.298941373825073242e+00
5.267558693885803223e-01,-2.443834781646728516e+00
9.122962951660156250e-01,2.444403767585754395e-01
1.358151912689208984e+00,-1.328480720520019531e+00
2.477638006210327148e+00,2.600088715553283691e-01
2.065447092056274414e+00,-1.123975515365600586e+00
8.159612417221069336e-01,5.164608955383300781e-01
3.835169672966003418e-01,8.718717694282531738e-01
3.189947083592414856e-02,1.054736971855163574e+00
9.982298612594604492e-01,-4.883117675781250000e-01
-7.664045095443725586e-01,1.125284314155578613e+00
6.749298572540283203e-01,-1.639513015747070312e+00
2.722814559936523438e+00,-3.686540126800537109e+00
-2.579519271850585938e+00,-2.050259351730346680e+00
6.035806536674499512e-01,7.735036015510559082e-01
1.493077725172042847e-01,4.233544766902923584e-01
-2.051580667495727539e+00,-5.273870825767517090e-01
-8.762302994728088379e-01,-5.214189291000366211e-01
3.707046031951904297e+00,1.483245015144348145e+00
8.526071310043334961e-01,7.938601970672607422e-01
1.800546884536743164e+00,1.090433716773986816e+00
7.825013995170593262e-01,-3.781638741493225098e-01
4.770757555961608887e-01,-1.178057909011840820e+00
-8.711341023445129395e-01,-6.225867271423339844e-01
1.968456745147705078e+00,-1.020386695861816406e+00
1.108328342437744141e+00,-1.092664957046508789e+00
-1.349295258522033691e+00,-6.689825057983398438e-01
8.543585538864135742e-01,-5.424671173095703125e-01
5.031111240386962891e-01,2.926668152213096619e-02
-8.490508794784545898e-01,-6.656540632247924805e-01
1.654371619224548340e+00,4.600098729133605957e-02
-1.869976639747619629e+00,2.342408895492553711e+00
6.320124268531799316e-01,7.276493906974792480e-01
2.055310159921646118e-01,-6.110690832138061523e-01
2.433758825063705444e-01,-6.011934876441955566e-01
-2.067637920379638672e+00,-2.767225027084350586e+00
-1.866764873266220093e-01,-2.217545032501220703e+00
-1.409772485494613647e-01,-1.869358122348785400e-03
9.890118241310119629e-02,1.024944663047790527e+00
-2.993125319480895996e-01,-1.726313829421997070e+00
1.586042046546936035e+00,2.168801784515380859e+00
2.494405031204223633e+00,-9.402897953987121582e-01
-4.722489118576049805e-01,2.800486683845520020e-01
1.959893941879272461e+00,1.470954895019531250e+00
-1.100852370262145996e+00,-5.322543382644653320e-01
3.397083282470703125e-01,8.670841455459594727e-01
6.355922222137451172e-01,-5.845912098884582520e-01
1.412020683288574219e+00,1.044279575347900391e+00
3.592878580093383789e-01,-1.688044667243957520e+00
-1.674764752388000488e+00,-1.216562390327453613e+00
-1.042017579078674316e+00,-6.406090259552001953e-01
1.370457172393798828e+00,6.834000945091247559e-01
5.635057687759399414e-01,7.241686582565307617e-01
1.766393780708312988e+00,-2.078073501586914062e+00
1.976872682571411133e-01,-8.373891115188598633e-01
-6.423178911209106445e-01,-1.566219687461853027e+00
1.746317446231842041e-01,-7.865544557571411133e-01
-1.762939244508743286e-01,-9.759494662284851074e-01
2.362624108791351318e-01,9.481148123741149902e-01
-1.297283887863159180e+00,-3.360784947872161865e-01
3.002139329910278320e-01,-1.870095133781433105e+00
-8.148298859596252441e-01,-1.879762411117553711e+00
8.133009672164916992e-01,-7.652491331100463867e-01
1.194825172424316406e-01,4.342907965183258057e-01
4.645820260047912598e-01,-1.437952518463134766e+00
-4.770447254180908203e+00,4.468379318714141846e-01
5.707215666770935059e-01,7.242731451988220215e-01
1.089580059051513672e+00,5.710389614105224609e-01
-1.710051655769348145e+00,-1.164947986602783203e+00
-9.568195939064025879e-01,-2.693632364273071289e+00
-1.115996539592742920e-01,1.807077527046203613e-01
-4.465854763984680176e-01,-1.001723051071166992e+00
-5.499097704887390137e-01,1.969232782721519470e-02
5.914062857627868652e-01,-1.459721565246582031e+00
9.764169454574584961e-01,-9.328368306159973145e-01
-6.087436079978942871e-01,-1.766938447952270508e+00
1.912112951278686523e+00,-1.530341029167175293e+00
-1.162030935287475586e+00,-1.962268352508544922e-01
1.936401247978210449e+00,2.357370138168334961e+00
5.741379261016845703e-01,7.605164051055908203e-01
1.156255304813385010e-01,8.214493095874786377e-02
-1.246177684515714645e-02,-2.166717052459716797e+00
1.750663965940475464e-01,-1.668738603591918945e+00
2.300959229469299316e-01,5.840083956718444824e-01
9.263406693935394287e-02,-1.571195840835571289e+00
2.334159761667251587e-01,-7.957243919372558594e-01
1.733472496271133423e-01,-6.442298293113708496e-01
-7.619849592447280884e-02,-3.240191698074340820e+00
9.459818005561828613e-01,-1.498673260211944580e-01
9.730793237686157227e-01,1.836694926023483276e-01
2.836270928382873535e-01,9.665793180465698242e-01
1.648673862218856812e-01,-4.983154535293579102e-01
-2.194792479276657104e-01,4.499933123588562012e-01
-1.148885965347290039e+00,2.105614423751831055e+00
5.802690386772155762e-01,-4.817273616790771484e-01
8.201948553323745728e-02,-2.795517206192016602e+00
-1.987431570887565613e-02,-2.134038954973220825e-01
-1.933354973793029785e+00,-7.386739253997802734e-01
-5.725572109222412109e-01,-1.390478849411010742e+00
-8.148298859596252441e-01,-1.879762411117553711e+00
3.386539220809936523e-01,9.864760041236877441e-01
-4.747499227523803711e-01,-5.608673691749572754e-01
1.208453059196472168e+00,-1.422555685043334961e+00
-1.242732629179954529e-01,1.490484178066253662e-02
1.751821756362915039e+00,-1.658552169799804688e+00
3.415179848670959473e-01,8.372874259948730469e-01
-6.701353788375854492e-01,4.559662044048309326e-01
2.433758825063705444e-01,-6.011934876441955566e-01
8.635993003845214844e-01,-2.436384439468383789e+00
1.965689808130264282e-01,-7.950434684753417969e-01
7.009712457656860352e-01,8.766779303550720215e-01
6.165161728858947754e-01,-2.134250164031982422e+00
2.184694766998291016e+00,5.198484659194946289e-01
-1.577479206025600433e-02,-1.643045246601104736e-01
-6.080241799354553223e-01,-1.686909198760986328e+00
-4.901047348976135254e-01,9.439332038164138794e-02
-1.126560688018798828e+00,-4.993613243103027344e+00
1.195336133241653442e-01,-5.607219338417053223e-01
6.542838811874389648e-01,6.729763150215148926e-01
5.490300059318542480e-01,3.310466408729553223e-01
6.192120313644409180e-01,7.071648836135864258e-01
-3.440937399864196777e-01,-2.180712223052978516e+00
-3.005474619567394257e-02,-7.767143845558166504e-01
1.726911664009094238e+00,1.606809258460998535e+00
9.425730705261230469e-01,-1.055058479309082031e+00
-6.197356581687927246e-01,-4.356461763381958008e-01
6.553152799606323242e-01,7.355809211730957031e-01
-1.822033405303955078e+00,-1.056965231895446777e+00
-2.049642086029052734e+00,-9.243913888931274414e-01
2.690132260322570801e-01,-1.538869589567184448e-01
-1.183792129158973694e-01,2.186372503638267517e-02
3.747625350952148438e-01,8.430349230766296387e-01
-5.356017351150512695e-01,-6.012899279594421387e-01
1.303616017103195190e-01,2.734734117984771729e-01
4.414489865303039551e-01,8.477779626846313477e-01
3.755505681037902832e-01,8.676633834838867188e-01
-6.701353788375854492e-01,4.559662044048309326e-01
3.514565899968147278e-02,1.100295186042785645e+00
1.072286963462829590e+00,-1.537255048751831055e+00
4.879164099693298340e-01,8.196013569831848145e-01
-3.031104430556297302e-02,3.829561471939086914e-01
-3.908278346061706543e-01,-5.633465051651000977e-01
-4.126311838626861572e-02,1.153986096382141113e+00
1.399376273155212402e+00,-1.408388257026672363e+00
1.781402230262756348e-01,-4.818431138992309570e-01
2.264887809753417969e+00,-2.169068813323974609e+00
-1.581994533538818359e+00,-4.970957279205322266e+00
4.715877175331115723e-01,-6.041507720947265625e-01
1.458285927772521973e+00,3.420563042163848877e-01
4.792361259460449219e-01,6.615991592407226562e-01
8.690228462219238281e-01,7.554597854614257812e-01
-8.257514834403991699e-01,-1.061891436576843262e+00
-5.271177887916564941e-01,-5.084126591682434082e-01
2.250135391950607300e-01,3.488432168960571289e-01
-1.421321511268615723e+00,-5.190653204917907715e-01
-1.747213453054428101e-01,2.436213970184326172e+00
5.939105153083801270e-01,8.623217344284057617e-01
-2.359843730926513672e+00,-5.180301144719123840e-02
-1.127225160598754883e+00,-2.544033050537109375e+00
4.668462276458740234e-01,8.511484265327453613e-01
1.600792169570922852e+00,1.516447544097900391e+00
8.041864037513732910e-01,-8.150948882102966309e-01
1.478838324546813965e+00,1.390020728111267090e+00
6.332476139068603516e-01,-1.113496065139770508e+00
4.690024256706237793e-01,-1.661499738693237305e+00
7.265823483467102051e-01,-1.267144441604614258e+00
-1.080809354782104492e+00,4.423746168613433838e-01
1.058330774307250977e+00,1.427210718393325806e-01
2.972304821014404297e+00,5.930559635162353516e-01
4.468504190444946289e-01,3.447386026382446289e-01
-1.034510135650634766e+00,-1.330316066741943359e+00
1.466005444526672363e+00,1.559408783912658691e+00
6.386759877204895020e-01,7.445654273033142090e-01
5.230340957641601562e-01,-6.018049120903015137e-01
-9.242397546768188477e-02,-6.607209444046020508e-01
3.463450074195861816e-01,8.863455057144165039e-01
-3.193052858114242554e-02,2.649240940809249878e-02
-6.063932180404663086e-01,-1.684469223022460938e+00
-1.762939244508743286e-01,-9.759494662284851074e-01
2.362624108791351318e-01,9.481148123741149902e-01
-6.258847117424011230e-01,-1.622080206871032715e-01
1.298074722290039062e-01,-7.009644508361816406e-01
-1.016041755676269531e+00,-2.112268686294555664e+00
-5.261217430233955383e-02,8.698133826255798340e-01
9.459818005561828613e-01,-1.498673260211944580e-01
5.323276519775390625e-01,9.126918911933898926e-01
3.198397159576416016e-01,9.162271022796630859e-01
-1.300368189811706543e+00,-5.700015425682067871e-01
3.947811126708984375e-01,-3.941147401928901672e-02
4.980705976486206055e-01,-4.221991896629333496e-01
-2.433326244354248047e+00,9.873581528663635254e-01
-5.850008726119995117e-01,-1.921637058258056641e+00
2.363713085651397705e-01,-3.994238674640655518e-01
1.826591342687606812e-01,-1.025146365165710449e+00
1.780472695827484131e-01,6.539894938468933105e-01
1.263877272605895996e+00,-5.178760886192321777e-01
9.105355292558670044e-02,-5.136323571205139160e-01
7.933413237333297729e-02,1.215495169162750244e-01
3.656541928648948669e-03,1.490649282932281494e-01
-3.893170952796936035e-01,-2.117156982421875000e-01
6.511999964714050293e-01,7.983884811401367188e-01
5.949403643608093262e-01,6.454921960830688477e-01
4.115678668022155762e-01,-1.159608960151672363e+00
6.317456960678100586e-01,-6.873373985290527344e-01
2.557381629943847656e+00,-5.097144603729248047e+00
-9.943278431892395020e-01,-2.013259887695312500e+00
-3.521648168563842773e+00,4.757510721683502197e-01
-3.229960799217224121e-01,-5.777410864830017090e-01
2.139650583267211914e+00,-2.822594642639160156e+00
2.125230550765991211e+00,6.812655329704284668e-01
1.634501934051513672e+00,-6.304177641868591309e-01
-1.680846452713012695e+00,-4.459840655326843262e-01
-4.824282646179199219e+00,-7.622722387313842773e-01
-1.398581266403198242e-01,-1.194974660873413086e+00
1.070139408111572266e+00,2.069374173879623413e-01
6.049323081970214844e-01,6.911634802818298340e-01
4.780884385108947754e-01,1.196352839469909668e+00
6.297857761383056641e-01,5.197355747222900391e-01
2.120828926563262939e-01,9.981057047843933105e-01
3.351666331291198730e-01,9.470196366310119629e-01
1.716463208198547363e+00,-5.317538380622863770e-01
-5.127226710319519043e-01,8.367697149515151978e-02
5.541888475418090820e-01,-2.113579988479614258e+00
1.154064774513244629e+00,1.162964850664138794e-01
5.107455849647521973e-01,8.098996877670288086e-01
4.377083778381347656e-01,2.551945149898529053e-01
4.469119310379028320e-01,-1.159269809722900391e+00
6.457707285881042480e-01,-3.404485881328582764e-01
7.553320527076721191e-01,-2.672183215618133545e-01
1.259501695632934570e+00,3.499645888805389404e-01
5.474718809127807617e-01,-1.234268546104431152e+00
4.549784660339355469e-01,-3.402354419231414795e-01
5.411532521247863770e-01,8.836046457290649414e-01
1.637359261512756348e+00,-6.284672021865844727e-01
-3.299790620803833008e+00,-1.899784922599792480e+00
-5.499175786972045898e-01,8.376474678516387939e-02
4.637318253517150879e-01,-8.772705197334289551e-01
-1.351430919021368027e-02,-1.317601650953292847e-02
2.574610233306884766e+00,-1.446919560432434082e+00
1.130019426345825195e+00,1.314847111701965332e+00
1.603743135929107666e-01,9.931226968765258789e-01
-1.627277374267578125e+00,-2.627962112426757812e+00
7.760407924652099609e-01,-1.821688771247863770e+00
-6.722278892993927002e-02,2.084053903818130493e-01
8.303902745246887207e-01,-1.583098173141479492e+00
-1.204933881759643555e+00,9.476488232612609863e-01
2.098882913589477539e+00,2.479492574930191040e-01
1.709184288978576660e+00,1.792624831199645996e+00
-3.111229091882705688e-02,1.754003643989562988e+00
8.226163983345031738e-01,-4.959685206413269043e-01
1.644192934036254883e-01,-9.721028208732604980e-01
-5.101727843284606934e-01,-4.751308560371398926e-01
-1.116093993186950684e+00,6.937507987022399902e-01
3.725229978561401367e+00,-2.503079652786254883e+00
4.002619385719299316e-01,-7.451391220092773438e-01
-9.127385616302490234e-01,-4.437779486179351807e-01
7.011725902557373047e-01,-5.795011296868324280e-02
2.455086708068847656e+00,2.597101688385009766e+00
1.063680529594421387e+00,-5.500539764761924744e-02
-5.101727843284606934e-01,-4.751308560371398926e-01
8.907267451286315918e-01,1.300881505012512207e+00
1.810300946235656738e-01,-1.544987320899963379e+00
-4.546929597854614258e-01,-5.316258072853088379e-01
1.059214711189270020e+00,7.447370290756225586e-01
2.835903644561767578e+00,-1.163279056549072266e+00
-9.775634407997131348e-01,-9.142533540725708008e-01
-5.006336569786071777e-01,-4.924123883247375488e-01
-5.282999277114868164e-01,7.335540652275085449e-02
5.342814922332763672e-01,7.709673643112182617e-01
-6.234120130538940430e-01,-2.138332128524780273e+00
-2.151981353759765625e+00,9.729083180427551270e-01
-2.666382789611816406e+00,-2.191542387008666992e+00
1.318689942359924316e+00,7.631054520606994629e-02
6.138136982917785645e-01,-6.319829821586608887e-02
1.319811940193176270e+00,-1.331755757331848145e+00
4.299529194831848145e-01,-9.875310957431793213e-02
-5.397403240203857422e-01,-2.638611316680908203e+00
5.695121884346008301e-01,-1.923672199249267578e+00
3.110401630401611328e-01,-8.269704878330230713e-02
2.979232072830200195e-01,9.794193506240844727e-01
-8.717254400253295898e-01,6.156053543090820312e-01
2.749134778976440430e+00,8.197513222694396973e-02
-1.164892673492431641e+00,-3.932227134704589844e+00
1.976872682571411133e-01,-8.373891115188598633e-01
2.479489564895629883e+00,9.237962961196899414e-01
3.185309648513793945e+00,1.978328943252563477e+00
-2.088685512542724609e+00,-1.610544800758361816e+00
1.547085285186767578e+00,5.521020889282226562e-01
1.999884605407714844e+00,2.461957693099975586e+00
-9.857453703880310059e-01,-3.934631824493408203e+00
1.629344344139099121e+00,1.140493154525756836e+00
9.440373182296752930e-01,1.132092475891113281e+00
-1.278683185577392578e+00,4.154101610183715820e-01
8.745142221450805664e-01,7.456355690956115723e-01
-2.948232293128967285e-01,-2.313030511140823364e-02
5.933643579483032227e-01,6.386781334877014160e-01
1.698004961013793945e+00,-1.464773774147033691e+00
2.682504892349243164e+00,2.273868322372436523e+00
5.639301538467407227e-01,-2.440168857574462891e+00
9.316623806953430176e-01,-1.046231031417846680e+00
1.182422518730163574e+00,-8.727480769157409668e-01
1.409901499748229980e+00,9.659277200698852539e-01
-1.115996539592742920e-01,1.807077527046203613e-01
-3.857000350952148438e+00,1.911962509155273438e+00
2.757619023323059082e-01,-1.468706130981445312e+00
-1.890623569488525391e-01,5.746836662292480469e-01
3.429859876632690430e-01,8.597729206085205078e-01
5.613399744033813477e-01,7.961714863777160645e-01
3.284810185432434082e-01,9.009588360786437988e-01
3.185309648513793945e+00,1.978328943252563477e+00
1.810300946235656738e-01,-1.544987320899963379e+00
6.107820868492126465e-01,8.697708249092102051e-01
1.132785320281982422e+00,-1.061046481132507324e+00
3.450564146041870117e-01,5.913208723068237305e-01
-4.395328164100646973e-01,-8.030884265899658203e-01
-2.728433847427368164e+00,9.266835451126098633e-01
1.735862970352172852e+00,1.605094790458679199e+00
1.153738737106323242e+00,-1.318065285682678223e+00
7.324492335319519043e-01,-5.411269664764404297e-01
-1.221091985702514648e+00,-1.154644846916198730e+00
-5.143790245056152344e-01,-2.852311134338378906e+00
1.953704953193664551e-01,9.089880585670471191e-01
-1.590141773223876953e+00,2.100869178771972656e+00
-6.907035112380981445e-01,-1.694124937057495117e+00
3.823009133338928223e-01,8.785096406936645508e-01
1.672200083732604980e+00,-1.100025296211242676e+00
2.139650583267211914e+00,-2.822594642639160156e+00
2.174157381057739258e+00,1.975702404975891113e+00
-1.115257292985916138e-01,6.502869725227355957e-01
1.083870381116867065e-01,-4.869922995567321777e-01
-8.312492966651916504e-01,2.427810430526733398e+00
3.369719386100769043e-01,-1.589503884315490723e+00
3.930236101150512695e-01,2.156134396791458130e-01
-1.319659948348999023e-01,-4.370383322238922119e-01
-5.824243426322937012e-01,3.955692350864410400e-01
-7.266170382499694824e-01,-1.023923993110656738e+00
-1.873133659362792969e+00,6.953329443931579590e-01
-1.504359990358352661e-01,-2.961689829826354980e-01
2.870836853981018066e-01,1.477611362934112549e-01
-3.490666151046752930e-01,7.384432554244995117e-01
5.170999169349670410e-01,-1.051603436470031738e+00
1.367083311080932617e+00,1.272447228431701660e+00
2.096546441316604614e-01,-8.787740468978881836e-01
-8.465123176574707031e-01,8.053331971168518066e-01
2.243213951587677002e-01,-5.735599398612976074e-01
-5.243725180625915527e-01,1.036425828933715820e-01
-3.478526473045349121e-01,-6.011361479759216309e-01
3.653612136840820312e-01,-1.302207589149475098e+00
1.187762618064880371e-01,5.776895582675933838e-02
3.947811126708984375e-01,-3.941147401928901672e-02
-1.080809354782104492e+00,4.423746168613433838e-01
2.711529493331909180e+00,-2.072244882583618164e+00
1.268085986375808716e-01,2.098764479160308838e-01
1.800486743450164795e-01,-1.037821412086486816e+00
-1.131395578384399414e+00,-5.173605680465698242e-01
1.111934900283813477e+00,-9.127371013164520264e-02
-2.316193878650665283e-01,2.775205671787261963e-01
-1.050435781478881836e+00,-4.697148203849792480e-01
-7.494720220565795898e-01,1.328300088644027710e-01
-3.857000350952148438e+00,1.911962509155273438e+00
-6.147602200508117676e-01,4.612619578838348389e-01
9.883992075920104980e-01,-2.745121479034423828e+00
4.055660367012023926e-01,1.234806537628173828e+00
-4.229534268379211426e-01,6.639550626277923584e-02
4.182199761271476746e-02,1.554693877696990967e-01
1.139250993728637695e+00,4.743352532386779785e-01
-1.706571817398071289e+00,5.742803812026977539e-01
8.848225474357604980e-01,-7.340357899665832520e-01
-6.854994297027587891e-01,-3.745506763458251953e+00
1.187745690345764160e+00,-9.622142910957336426e-01
-6.274487376213073730e-01,-6.404756903648376465e-01
-2.889005541801452637e-01,-4.102104187011718750e+00
-1.185297250747680664e+00,-1.872713208198547363e+00
4.056995511054992676e-01,8.248654007911682129e-01
3.829722881317138672e+00,-3.357013225555419922e+00
1.733240962028503418e+00,1.337373375892639160e+00
-1.990730166435241699e+00,2.189350605010986328e+00
2.325413465499877930e+00,2.155105352401733398e+00
6.134285926818847656e-01,6.774278283119201660e-01
1.303616017103195190e-01,2.734734117984771729e-01
6.609578132629394531e-01,6.873762011528015137e-01
7.671414017677307129e-01,6.120692938566207886e-02
-1.268456131219863892e-01,2.905089855194091797e-01
1.254894584417343140e-01,5.907222628593444824e-01
5.411532521247863770e-01,8.836046457290649414e-01
-2.359843730926513672e+00,-5.180301144719123840e-02
1.734925746917724609e+00,-5.762130618095397949e-01
-6.306366920471191406e-01,1.701922342181205750e-02
5.615082383155822754e-01,9.135075211524963379e-01
2.621391773223876953e+00,9.386476278305053711e-01
1.114666700363159180e+00,-2.432871341705322266e+00
6.415386199951171875e-01,6.954252719879150391e-01
-9.998800754547119141e-01,-1.829306125640869141e+00
-9.200407266616821289e-01,-2.046882510185241699e-01
3.921476602554321289e-01,8.745673894882202148e-01
6.340005397796630859e-01,-7.661263644695281982e-02
3.191131949424743652e-01,1.137224555015563965e+00
-3.066759109497070312e-01,1.148738861083984375e+00
-9.428315162658691406e-01,-4.368191361427307129e-01
1.215778470039367676e+00,1.075911670923233032e-01
-3.490666151046752930e-01,7.384432554244995117e-01
7.155691385269165039e-01,7.436981201171875000e-01
4.398239850997924805e-01,2.231792360544204712e-01
3.051890730857849121e-01,-8.644465804100036621e-01
6.261782050132751465e-01,8.860120773315429688e-01
-1.990730166435241699e+00,2.189350605010986328e+00
-1.261048018932342529e-01,2.331976592540740967e-01
-6.962249279022216797e-01,2.899151444435119629e-01
9.831621646881103516e-01,4.353042542934417725e-01
-4.655588865280151367e-01,3.120599687099456787e-02
9.316623806953430176e-01,-1.046231031417846680e+00
1.470423221588134766e+00,1.369581341743469238e+00
-5.199420452117919922e-01,-6.579685211181640625e-01
1.249685645103454590e+00,-1.854983568191528320e+00
4.683037102222442627e-02,-2.415534853935241699e-02
1.037589162588119507e-01,4.051538109779357910e-01
-5.824243426322937012e-01,3.955692350864410400e-01
3.458161950111389160e-01,8.748472929000854492e-01
4.732863903045654297e-01,-4.887445569038391113e-01
-4.453176856040954590e-01,-7.057267427444458008e-01
1.451465487480163574e+00,-4.971090555191040039e-01
-1.627611517906188965e+00,-1.422892808914184570e+00
-8.685501813888549805e-01,-8.561154007911682129e-01
4.579024910926818848e-01,8.486954569816589355e-01
-3.627163171768188477e-01,1.141791492700576782e-01
1.360283046960830688e-01,-4.378896951675415039e-01
4.181668758392333984e-01,-8.372172117233276367e-01
7.559987306594848633e-01,-1.104199290275573730e+00
-2.674519538879394531e+00,1.596586108207702637e+00
3.400140404701232910e-01,8.246771693229675293e-01
-1.115916132926940918e+00,8.366666436195373535e-01
2.140968143939971924e-01,2.120259776711463928e-02
3.433623909950256348e-01,-1.015394330024719238e+00
1.974203288555145264e-01,1.034656524658203125e+00
3.486065864562988281e-01,9.493873119354248047e-01
6.565965414047241211e-01,-1.335040926933288574e+00
-2.316193878650665283e-01,2.775205671787261963e-01
-5.108525156974792480e-01,2.189992368221282959e-01
-6.427319049835205078e-01,4.139942228794097900e-01
4.324826002120971680e-01,4.374400377273559570e-01
-1.034196853637695312e+00,1.218183636665344238e-01
1.238998293876647949e+00,-1.371805548667907715e+00
-2.548041380941867828e-02,3.138599097728729248e-01
8.394438624382019043e-01,-2.118334293365478516e+00
2.904191017150878906e-01,3.067466989159584045e-02
-3.385728359222412109e+00,-3.269188165664672852e+00
6.271737217903137207e-01,-9.639243781566619873e-02
1.800546884536743164e+00,1.090433716773986816e+00
5.123142600059509277e-01,8.737977147102355957e-01
-1.115257292985916138e-01,6.502869725227355957e-01
7.831152528524398804e-02,4.393785446882247925e-02
2.901954650878906250e-01,-6.833834052085876465e-01
7.447189688682556152e-01,-6.608945131301879883e-01
1.268088102340698242e+00,1.247297167778015137e+00
1.800486743450164795e-01,-1.037821412086486816e+00
4.244523048400878906e-01,-5.523112416267395020e-01
-1.975308895111083984e+00,7.694866061210632324e-01
1.665257811546325684e+00,-1.925151944160461426e+00
3.433834910392761230e-01,9.499480128288269043e-01
-1.241366341710090637e-01,6.476501822471618652e-01
5.940709114074707031e-01,4.809241592884063721e-01
-2.123782187700271606e-01,4.227175116539001465e-01
3.411199450492858887e-01,9.014602899551391602e-01
-7.141490280628204346e-02,-1.085419207811355591e-02
1.870754808187484741e-01,5.233067870140075684e-01
1.454462051391601562e+00,-1.330922961235046387e+00
-1.171224236488342285e+00,-4.583752527832984924e-02
1.506465077400207520e-01,2.104372531175613403e-01
4.368131756782531738e-01,9.265044331550598145e-01
-1.547532826662063599e-01,-1.309059023857116699e+00
1.508751153945922852e+00,-2.629856765270233154e-01
1.566118299961090088e-01,2.670958936214447021e-01
2.855624556541442871e-01,9.426701068878173828e-01
2.391709238290786743e-01,9.307227134704589844e-01
2.184694766998291016e+00,5.198484659194946289e-01
6.035806536674499512e-01,7.735036015510559082e-01
3.819106221199035645e-01,8.000946789979934692e-02
6.453078985214233398e-01,6.894237399101257324e-01
2.095487117767333984e+00,-1.209440469741821289e+00
-4.420700073242187500e-01,-1.122712850570678711e+00
-1.148076772689819336e+00,1.038790822029113770e+00
7.447189688682556152e-01,-6.608945131301879883e-01
5.501249432563781738e-01,6.911815404891967773e-01
2.544199824333190918e-01,-3.186869993805885315e-02
4.014118909835815430e-01,1.496657729148864746e-02
6.506379246711730957e-01,7.337669730186462402e-01
1.507503867149353027e+00,-1.593680143356323242e+00
6.320438981056213379e-01,9.306451082229614258e-01
-3.305099010467529297e-01,-2.350880056619644165e-01
1.547085285186767578e+00,5.521020889282226562e-01
5.641319751739501953e-01,8.078860640525817871e-01
1.332949161529541016e+00,-2.314008623361587524e-01
6.199904680252075195e-01,7.533528208732604980e-01
-2.144480794668197632e-01,-1.301368832588195801e+00
5.576102733612060547e+00,1.979138255119323730e+00
3.284810185432434082e-01,9.009588360786437988e-01
1.059976458549499512e+00,-6.574115753173828125e-01
1.465064138174057007e-01,8.110693097114562988e-01
-4.293926954269409180e-01,3.059344366192817688e-02
-5.056200623512268066e-01,-9.119912981986999512e-01
6.049323081970214844e-01,6.911634802818298340e-01
-2.111714631319046021e-01,-8.709384500980377197e-02
-3.647271394729614258e-01,-5.677259564399719238e-01
1.937188267707824707e+00,-1.468855857849121094e+00
-4.847515821456909180e-01,-8.081519603729248047e-01
-2.224274128675460815e-01,-1.500395894050598145e+00
5.908926129341125488e-01,-2.242854237556457520e-02
3.842539787292480469e-01,-1.072900652885437012e+00
7.759947180747985840e-01,-1.848640441894531250e+00
3.986648321151733398e-01,1.589098945260047913e-02
-5.587267875671386719e-01,-8.056235909461975098e-01
-1.351430919021368027e-02,-1.317601650953292847e-02
8.462232947349548340e-01,-1.438037276268005371e+00
1.514592170715332031e-01,-5.136314034461975098e-01
-5.754386782646179199e-01,-3.652284383773803711e+00
6.431963443756103516e-01,8.782415091991424561e-02
4.054860472679138184e-01,2.106745094060897827e-01
-9.572170376777648926e-01,-9.524506330490112305e-01
-1.255997180938720703e+00,-4.860432744026184082e-01
1.863361001014709473e-01,5.181654170155525208e-02
3.028223276138305664e+00,2.217067718505859375e+00
-1.029273390769958496e+00,-5.624809265136718750e-01
8.690228462219238281e-01,7.554597854614257812e-01
2.124582380056381226e-01,1.346496790647506714e-01
1.018357992172241211e+00,9.279535412788391113e-01
2.923326492309570312e-01,9.452309608459472656e-01
-1.628814458847045898e+00,-5.824359655380249023e-01
3.978940725326538086e+00,-2.023905754089355469e+00
1.451465487480163574e+00,-4.971090555191040039e-01
1.162929087877273560e-01,7.543137669563293457e-02
2.072601079940795898e+00,-2.975006341934204102e+00
8.504597544670104980e-01,-9.612520933151245117e-01
1.138447970151901245e-01,1.879285871982574463e-01
-1.492827385663986206e-01,-2.520648241043090820e+00
6.727036237716674805e-01,-6.368228793144226074e-01
1.870527148246765137e+00,1.510071754455566406e+00
5.880716443061828613e-01,-9.023381471633911133e-01
4.297959804534912109e-01,-9.933219552040100098e-01
-2.076975584030151367e+00,-1.721208095550537109e+00
-3.088889122009277344e-01,-1.350578308105468750e+00
6.099918484687805176e-01,7.793189883232116699e-01
1.828287988901138306e-01,1.206585884094238281e+00
-5.739508867263793945e-01,-4.347234249114990234e+00
-7.887595891952514648e-01,-1.680263429880142212e-01
-1.053470969200134277e+00,-6.270321607589721680e-01
8.392709493637084961e-01,-2.090780019760131836e+00
-4.770506620407104492e-01,-1.059415936470031738e+00
4.397322535514831543e-01,-6.536886692047119141e-01
2.209143936634063721e-01,1.073528885841369629e+00
1.507503867149353027e+00,-1.593680143356323242e+00
-1.530759215354919434e+00,-3.057399094104766846e-01
-1.822033405303955078e+00,-1.056965231895446777e+00
9.038606286048889160e-01,-1.031070947647094727e+00
-2.159122943878173828e+00,6.099100112915039062e-01
-6.507936716079711914e-01,4.766806960105895996e-01
1.774678826332092285e-01,-1.163422465324401855e+00
7.893358469009399414e-01,-1.826973110437393188e-01
-6.117693781852722168e-01,-2.363934069871902466e-01
5.999827384948730469e-01,-5.574148297309875488e-01
4.590836763381958008e-01,7.846446037292480469e-01
3.800709247589111328e-01,8.633465170860290527e-01
1.483265042304992676e+00,7.488304376602172852e-02
3.170120120048522949e-01,9.071643352508544922e-01
-2.926775813102722168e-01,-1.129419803619384766e-01
3.016851544380187988e-01,-1.286231875419616699e+00
1.653461217880249023e+00,1.037593007087707520e+00
-3.177571892738342285e-01,-1.181557774543762207e+00
-1.263015031814575195e+00,-2.610119342803955078e+00
-5.357015728950500488e-01,-1.792629241943359375e+00
4.014118909835815430e-01,1.496657729148864746e-02
-1.863471150398254395e+00,-1.919959306716918945e+00
-6.158569455146789551e-01,-7.610612511634826660e-01
1.594342350959777832e+00,-3.748046636581420898e+00
2.936059474945068359e+00,1.368419647216796875e+00
1.569232583045959473e+00,3.310969471931457520e-01
2.185574322938919067e-01,1.653013825416564941e-01
1.893357276916503906e+00,-1.921772003173828125e+00
-6.326931118965148926e-01,1.203229576349258423e-01
5.127863287925720215e-01,-1.094966769218444824e+00
-1.720967330038547516e-02,-2.849921226501464844e+00
3.207572698593139648e+00,4.441644549369812012e-01
1.273789405822753906e+00,9.430890083312988281e-01
6.565965414047241211e-01,-1.335040926933288574e+00
1.023321866989135742e+00,-1.614380478858947754e+00
-1.108758673071861267e-01,5.987161397933959961e-01
-4.246270656585693359e-01,-8.306411504745483398e-01
1.286174207925796509e-01,-6.724630296230316162e-02
-1.837757945060729980e+00,1.533910393714904785e+00
2.040127664804458618e-01,9.378281235694885254e-01
2.071038722991943359e+00,1.981203675270080566e+00
1.153738737106323242e+00,-1.318065285682678223e+00
1.470423221588134766e+00,1.369581341743469238e+00
-6.722278892993927002e-02,2.084053903818130493e-01
9.289664030075073242e-02,-1.082309365272521973e+00
9.244526624679565430e-01,1.037509441375732422e+00
1.641425132751464844e+00,1.212049603462219238e+00
2.067923784255981445e+00,2.045696258544921875e+00
5.204902291297912598e-01,8.134056329727172852e-01
1.169564366340637207e+00,-1.473144441843032837e-01
4.715877175331115723e-01,-6.041507720947265625e-01
9.839046597480773926e-01,-7.483419030904769897e-03
1.393849849700927734e+00,-1.401952266693115234e+00
1.957648873329162598e+00,-6.711248159408569336e-01
8.372024446725845337e-02,1.100530624389648438e+00
-8.419420123100280762e-01,1.481369972229003906e+00
-9.677946567535400391e-01,1.185853004455566406e+00
1.355559706687927246e+00,-1.746778249740600586e+00
-4.569922685623168945e-01,7.401488721370697021e-02
3.797420859336853027e-01,4.307300448417663574e-01
-4.997925460338592529e-02,2.763448059558868408e-01
3.568107485771179199e-01,8.226169943809509277e-01
1.371475219726562500e+00,-1.696075201034545898e-01
6.668701767921447754e-01,7.669663429260253906e-01
-4.192809462547302246e-01,-4.832217693328857422e-01
1.237684845924377441e+00,-1.552711367607116699e+00
8.736193180084228516e-01,-1.340650320053100586e+00
7.089346051216125488e-01,4.953734576702117920e-01
7.360877394676208496e-01,3.964120447635650635e-01
2.681378602981567383e+00,-8.295966386795043945e-01
5.707215666770935059e-01,7.242731451988220215e-01
4.645420908927917480e-01,8.415598869323730469e-01
-7.463679313659667969e-01,1.236540317535400391e+00
-2.802970647811889648e+00,-1.531040668487548828e+00
-2.065005779266357422e+00,-1.344222903251647949e+00
1.108322262763977051e+00,-1.113867640495300293e+00
3.088691830635070801e-01,-7.363109290599822998e-02
1.838607668876647949e+00,-5.118580460548400879e-01
2.582088112831115723e-01,1.034091949462890625e+00
-1.916791647672653198e-01,1.457104802131652832e+00
-8.166166394948959351e-02,-7.576718926429748535e-02
1.781402230262756348e-01,-4.818431138992309570e-01
8.187059313058853149e-02,-5.088372230529785156e-01
-3.836568593978881836e-01,2.574462443590164185e-03
1.529928296804428101e-01,-6.753833293914794922e-01
9.490638971328735352e-01,1.825869798660278320e+00
-5.214087367057800293e-01,-2.167090892791748047e+00
2.655979633331298828e+00,-2.917652368545532227e+00
1.513670831918716431e-01,-1.188844799995422363e+00
3.137596696615219116e-02,1.071331620216369629e+00
-2.276209741830825806e-01,1.713419258594512939e-01
6.521894931793212891e-01,-1.121707677841186523e+00
-8.545070290565490723e-01,-2.148963928222656250e+00
-5.259456038475036621e-01,-6.564263105392456055e-01
-1.057895898818969727e+00,-1.758605241775512695e-01
4.486795067787170410e-01,-9.331735372543334961e-01
1.685015797615051270e+00,-1.485962986946105957e+00
-9.934944510459899902e-01,1.188401103019714355e+00
2.930427551269531250e+00,-2.552798032760620117e+00
1.373666763305664062e+00,1.243463635444641113e+00
-3.603651762008666992e+00,2.905696392059326172e+00
-1.469739556312561035e+00,-1.491496086120605469e+00
4.081030488014221191e-01,2.389990836381912231e-01
8.159612417221069336e-01,5.164608955383300781e-01
1.588818728923797607e-01,-7.033872008323669434e-01
-3.459003567695617676e-01,2.993893995881080627e-02
-6.809282898902893066e-01,-2.468003511428833008e+00
2.804166674613952637e-01,8.529701828956604004e-01
-5.318713188171386719e-01,-4.717929288744926453e-02
7.078361511230468750e-01,-3.107048273086547852e+00
-4.988882541656494141e-01,-1.657706975936889648e+00
-1.079184532165527344e+00,-7.016616463661193848e-01
1.665764212608337402e+00,1.833887547254562378e-01
4.549784660339355469e-01,-3.402354419231414795e-01
1.109631061553955078e-01,-7.211111187934875488e-01
5.637914538383483887e-01,7.095913887023925781e-01
7.064126133918762207e-01,7.372739315032958984e-01
1.210189461708068848e-01,1.065448522567749023e+00
-1.954601883888244629e+00,-1.720675826072692871e+00
1.403507471084594727e+00,1.033895492553710938e+00
1.461498975753784180e+00,-3.342379331588745117e-01
2.904191017150878906e-01,3.067466989159584045e-02
6.876918673515319824e-02,5.011284947395324707e-01
7.831152528524398804e-02,4.393785446882247925e-02
-2.014766782522201538e-01,7.630137801170349121e-01
5.118092894554138184e-01,8.486230969429016113e-01
2.477638006210327148e+00,2.600088715553283691e-01
9.878237545490264893e-02,-1.917832136154174805e+00
3.665786266326904297e+00,-1.566045403480529785e+00
1.083870381116867065e-01,-4.869922995567321777e-01
2.325157523155212402e-01,-5.624464154243469238e-01
-8.544019460678100586e-01,-1.682579159736633301e+00
1.878499269485473633e+00,-2.767755270004272461e+00
4.907619953155517578e-01,5.452727079391479492e-01
4.464877843856811523e-01,9.574902057647705078e-01
1.405125498771667480e+00,1.981530427932739258e+00
2.654477953910827637e-01,-1.656020164489746094e+00
1.558178424835205078e+00,-1.516923546791076660e+00
1.608175039291381836e+00,1.378562450408935547e+00
5.661442875862121582e-01,6.428483128547668457e-01
1.586972236633300781e+00,-2.689749717712402344e+00
1.070793531835079193e-02,3.621055185794830322e-01
2.493026107549667358e-01,5.919655561447143555e-01
-3.657144904136657715e-01,-4.996777176856994629e-01
-5.878613144159317017e-02,9.460806846618652344e-01
1.593771815299987793e+00,-1.664738059043884277e+00
1.127512097358703613e+00,-1.053738594055175781e+00
-2.076975584030151367e+00,-1.721208095550537109e+00
-1.573079466819763184e+00,-3.224123954772949219e+00
-1.044037342071533203e+00,-7.819786667823791504e-01
5.471460819244384766e-01,8.254913091659545898e-01
2.429214239120483398e+00,-2.038650035858154297e+00
2.551926970481872559e-01,9.666599035263061523e-01
-8.745828270912170410e-02,6.526989340782165527e-01
-3.881973624229431152e-01,-2.036703348159790039e+00
-2.644802331924438477e-01,5.109737068414688110e-02
1.891474723815917969e+00,2.503772974014282227e-01
1.818566024303436279e-01,9.456582367420196533e-02
-5.942542850971221924e-02,-1.050857782363891602e+00
-5.127226710319519043e-01,8.367697149515151978e-02
-7.728923559188842773e-01,-1.662036031484603882e-01
-3.627163171768188477e-01,1.141791492700576782e-01
7.559987306594848633e-01,-1.104199290275573730e+00
1.635129749774932861e-01,3.838849440217018127e-02
-1.249875664710998535e+00,1.778872609138488770e+00
3.002139329910278320e-01,-1.870095133781433105e+00
-1.354577302932739258e+00,-7.938470244407653809e-01
2.529945373535156250e-01,9.497942328453063965e-01
4.015169739723205566e-01,8.455207943916320801e-01
1.003764867782592773e+00,-1.466552138328552246e+00
1.923425868153572083e-02,1.058228492736816406e+00
-8.312492966651916504e-01,2.427810430526733398e+00
1.229883313179016113e+00,-1.122797846794128418e+00
6.808142066001892090e-01,7.789546251296997070e-01
4.683740139007568359e-01,-7.943309545516967773e-01
-1.221091985702514648e+00,-1.154644846916198730e+00
-1.536172270774841309e+00,1.072735190391540527e+00
3.863230347633361816e-01,8.936303853988647461e-01
-3.973496556282043457e-01,2.979130148887634277e-01
4.703890085220336914e-01,-3.673185035586357117e-02
5.610293149948120117e-01,7.056934237480163574e-01
5.741379261016845703e-01,7.605164051055908203e-01
2.121122926473617554e-01,8.657582402229309082e-01
2.120295763015747070e+00,2.390696287155151367e+00
6.701143383979797363e-01,-2.783198654651641846e-01
1.750400781631469727e+00,-3.259533345699310303e-01
1.502891659736633301e+00,1.955298930406570435e-01
2.145074129104614258e+00,3.826649487018585205e-01
3.758502602577209473e-01,-6.018449068069458008e-01
5.876513719558715820e-01,-8.655577301979064941e-01
-9.816159605979919434e-01,-5.002902746200561523e-01
-5.545512437820434570e-01,1.436356604099273682e-01
-1.793859004974365234e+00,1.951845407485961914e+00
1.169564366340637207e+00,-1.473144441843032837e-01
1.965689808130264282e-01,-7.950434684753417969e-01
1.981871128082275391e+00,1.784020066261291504e+00
-2.270166635513305664e+00,8.861333727836608887e-01
4.942874908447265625e-01,-9.738630652427673340e-01
-7.498587965965270996e-01,-3.215475559234619141e+00
5.533679723739624023e-01,8.730250000953674316e-01
-2.323726177215576172e+00,-3.411051750183105469e+00
4.522432684898376465e-01,-8.984073996543884277e-01
-1.454794257879257202e-01,-1.152715831995010376e-02
-3.167949199676513672e+00,-2.462462186813354492e+00
-5.613783001899719238e-01,-8.181335330009460449e-01
3.110401630401611328e-01,-8.269704878330230713e-02
4.081581234931945801e-01,8.130817413330078125e-01
-1.094649553298950195e+00,1.202060580253601074e+00
-6.520412117242813110e-02,-3.063668906688690186e-01
1.746317446231842041e-01,-7.865544557571411133e-01
-5.356017351150512695e-01,-6.012899279594421387e-01
6.205150485038757324e-01,-5.804781913757324219e-01
2.182830333709716797e+00,-3.213662147521972656e+00
7.939590215682983398e-01,7.784327268600463867e-01
8.743722438812255859e-01,-4.187986254692077637e-01
3.866589069366455078e-01,-1.836290121078491211e+00
3.289900347590446472e-02,1.047775506973266602e+00
1.267964541912078857e-01,-1.069266080856323242e+00
1.866208195686340332e+00,1.590667963027954102e+00
1.258195996284484863e+00,-1.995514988899230957e+00
5.062929391860961914e-01,-1.149182438850402832e+00
1.233472585678100586e+00,-1.113076210021972656e+00
4.867441654205322266e-01,7.977676391601562500e-01
1.552592873573303223e+00,-7.787121534347534180e-01
-4.123160839080810547e-01,4.414924234151840210e-02
2.602825164794921875e-01,-2.746758982539176941e-02
-1.980891525745391846e-01,-7.287771105766296387e-01
-1.094649553298950195e+00,1.202060580253601074e+00
-1.410664170980453491e-01,3.633408248424530029e-01
2.401819229125976562e-01,-2.538828611373901367e+00
1.766393780708312988e+00,-2.078073501586914062e+00
3.454681634902954102e-01,8.333138823509216309e-01
-2.690693736076354980e-01,-2.034664392471313477e+00
2.863816022872924805e-01,-2.119064092636108398e+00
-4.341499805450439453e-01,-6.183040142059326172e-01
-3.872943520545959473e-01,2.024018764495849609e+00
3.225873708724975586e-01,-2.387192398309707642e-01
3.240078091621398926e-01,8.972979187965393066e-01
1.447204351425170898e+00,1.282560467720031738e+00
1.056847050786018372e-01,3.232338726520538330e-01
6.074231863021850586e-01,-6.901110410690307617e-01
-6.362041831016540527e-01,-5.405678153038024902e-01
-4.503184556961059570e-01,-6.558858156204223633e-01
8.907614350318908691e-01,9.428383111953735352e-01
-6.025272607803344727e-01,4.424233138561248779e-01
1.116541147232055664e+00,-1.701376438140869141e+00
5.222035646438598633e-01,-4.377578496932983398e-01
1.540264606475830078e+00,-1.342719644308090210e-01
-4.126311838626861572e-02,1.153986096382141113e+00
-4.612322449684143066e-01,8.474858999252319336e-01
2.117188215255737305e+00,-1.632048249244689941e+00
-1.195326209068298340e+00,-9.383528232574462891e-01
1.354033872485160828e-02,2.205891013145446777e-01
-8.220427632331848145e-01,-4.921061992645263672e-01
-1.630762964487075806e-01,-2.302487134933471680e+00
1.786103695631027222e-01,9.035089015960693359e-01
-6.953654885292053223e-01,-8.727213740348815918e-02
-4.655588865280151367e-01,3.120599687099456787e-02
9.244526624679565430e-01,1.037509441375732422e+00
-9.731244444847106934e-01,-3.989252448081970215e-01
5.374692082405090332e-01,6.536232829093933105e-01
7.237032055854797363e-01,-1.903987288475036621e+00
6.271737217903137207e-01,-9.639243781566619873e-02
1.158176064491271973e+00,-1.594890952110290527e+00
-5.595161020755767822e-02,-1.152614057064056396e-01
4.305011630058288574e-01,-9.174541234970092773e-01
1.014207005500793457e+00,4.888744354248046875e-01
2.050625234842300415e-01,1.467798464000225067e-02
4.398837089538574219e-01,9.797286987304687500e-01
-1.328827977180480957e+00,1.596588134765625000e+00
3.155019879341125488e-01,-6.343384385108947754e-01
1.743951797485351562e+00,6.230186223983764648e-01
1.653494536876678467e-01,8.889071643352508545e-02
5.823603868484497070e-01,6.614246368408203125e-01
1.047474861145019531e+00,2.365160435438156128e-01
7.826367616653442383e-01,9.128192663192749023e-01
-4.968522787094116211e-01,-9.610475301742553711e-01
5.356911420822143555e-01,8.436219096183776855e-01
2.657289981842041016e+00,1.235803604125976562e+00
5.505403280258178711e-01,8.288646936416625977e-01
1.506065011024475098e+00,-5.983174443244934082e-01
4.475880265235900879e-01,2.100610584020614624e-01
8.605144023895263672e-01,-4.105583727359771729e-01
1.202010035514831543e+00,-7.971239686012268066e-01
2.206911295652389526e-01,-1.407957792282104492e+00
9.383695721626281738e-01,-1.467159032821655273e+00
-2.549182772636413574e-01,-9.258207678794860840e-02
1.048687577247619629e+00,4.594761729240417480e-01
4.793798327445983887e-01,1.412922590970993042e-01
-3.167949199676513672e+00,-2.462462186813354492e+00
-7.468449473381042480e-01,-1.831481695175170898e+00
4.507117867469787598e-01,1.447890877723693848e+00
-5.317459106445312500e-01,2.716965377330780029e-01
1.050020217895507812e+00,-1.664051651954650879e+00
6.808142066001892090e-01,7.789546251296997070e-01
1.906484216451644897e-01,1.999348700046539307e-01
-8.199148774147033691e-01,-1.178356409072875977e-01
-1.168617844581604004e+00,-7.567636370658874512e-01
8.517762422561645508e-01,-2.438874959945678711e+00
-2.088685512542724609e+00,-1.610544800758361816e+00
1.529686808586120605e+00,2.153244167566299438e-01
-6.495569646358489990e-02,2.517741918563842773e-01
6.944676041603088379e-01,-1.397531628608703613e+00
-5.697582960128784180e-01,9.497699141502380371e-02
1.841383934020996094e+00,1.753692507743835449e+00
1.764316409826278687e-01,-1.989549756050109863e+00
9.839046597480773926e-01,-7.483419030904769897e-03
7.939590215682983398e-01,7.784327268600463867e-01
4.143059253692626953e-01,8.811906576156616211e-01
1.192699670791625977e+00,7.816190719604492188e-01
1.147970557212829590e-01,3.512721061706542969e-01
4.792429804801940918e-01,1.767664551734924316e-01
1.828287988901138306e-01,1.206585884094238281e+00
1.637374997138977051e+00,-2.213717699050903320e+00
-4.693113565444946289e-01,-3.448340892791748047e-01
-1.793212532997131348e+00,-3.324459075927734375e+00
-2.965611815452575684e-01,-1.499873995780944824e+00
-3.095807552337646484e+00,7.429433465003967285e-01
5.031111240386962891e-01,2.926668152213096619e-02
3.454681634902954102e-01,8.333138823509216309e-01
-1.582168221473693848e+00,-3.905583858489990234e+00
6.261782050132751465e-01,8.860120773315429688e-01
-4.465854763984680176e-01,-1.001723051071166992e+00
1.683879196643829346e-01,1.105164170265197754e+00
6.317456960678100586e-01,-6.873373985290527344e-01
-7.680691778659820557e-02,1.003388524055480957e+00
1.751821756362915039e+00,-1.658552169799804688e+00
4.543288946151733398e-01,-8.598040342330932617e-01
1.277215957641601562e+00,2.124737501144409180e-01
3.089134097099304199e-01,-6.195177435874938965e-01
1.740383654832839966e-01,-9.158514440059661865e-02
-7.347033619880676270e-01,-3.566874861717224121e-01
-1.300368189811706543e+00,-5.700015425682067871e-01
3.803455233573913574e-01,-3.414407014846801758e+00
-4.159287214279174805e-01,-7.459817528724670410e-01
1.458285927772521973e+00,3.420563042163848877e-01
-1.994272232055664062e+00,-3.295994043350219727e+00
1.653494536876678467e-01,8.889071643352508545e-02
4.529050588607788086e-01,-1.292598962783813477e+00
1.173473000526428223e+00,-6.506723165512084961e-01
3.209397792816162109e-01,9.192532300949096680e-01
1.015272021293640137e+00,-9.497070908546447754e-01
4.637318253517150879e-01,-8.772705197334289551e-01
9.002122879028320312e-01,8.796817064285278320e-01
6.873065233230590820e-01,-2.014453709125518799e-01
-5.448532104492187500e-01,1.536424994468688965e+00
1.422625929117202759e-01,-3.450130224227905273e-01
-4.293926954269409180e-01,3.059344366192817688e-02
-7.341338992118835449e-01,-1.601046800613403320e+00
-5.498024821281433105e-01,7.055468857288360596e-02
1.277215957641601562e+00,2.124737501144409180e-01
2.334040254354476929e-01,5.031203627586364746e-01
7.044328451156616211e-01,-2.937792614102363586e-02
2.533318996429443359e+00,-3.431998014450073242e+00
1.590650439262390137e+00,-3.511735498905181885e-01
5.518023967742919922e-01,-1.323335886001586914e+00
8.725936412811279297e-01,-8.957047760486602783e-02
3.400140404701232910e-01,8.246771693229675293e-01
9.400848746299743652e-01,-9.902780652046203613e-01
4.018175005912780762e-01,8.497649431228637695e-01
4.510175585746765137e-01,8.625850081443786621e-01
-1.616854667663574219e-01,4.661613404750823975e-01
2.429214239120483398e+00,-2.038650035858154297e+00
-1.185384392738342285e+00,3.794001936912536621e-01
-7.845668792724609375e-01,4.966041743755340576e-01
-2.644802331924438477e-01,5.109737068414688110e-02
-5.045685172080993652e-01,-9.857249855995178223e-01
2.475669533014297485e-01,2.570165395736694336e-01
-3.925949335098266602e-01,-7.218990921974182129e-01
1.884694337844848633e+00,2.873383164405822754e-01
