-5.841305851936340332e-01,-4.260914325714111328e+00
-9.949225783348083496e-01,-3.555404901504516602e+00
-6.941218674182891846e-02,2.858884036540985107e-01
-3.519350290298461914e-01,2.264209538698196411e-01
-7.172165513038635254e-01,-2.036333084106445312e+00
-3.257768750190734863e-01,1.269724488258361816e+00
2.153401613235473633e+00,-1.874276995658874512e+00
3.536056995391845703e+00,8.777913451194763184e-02
-1.625931620597839355e+00,-1.004249334335327148e+00
-2.693697214126586914e+00,-2.149304628372192383e+00
6.846985220909118652e-02,5.672048330307006836e-01
-3.066767215728759766e+00,-6.641328811645507812e+00
-2.432600736618041992e+00,-2.737261772155761719e+00
-2.332427352666854858e-01,-2.554128170013427734e+00
-2.004325538873672485e-01,1.608867794275283813e-01
1.653071522712707520e+00,1.018307730555534363e-01
-1.961682438850402832e-01,3.605218231678009033e-01
7.788097262382507324e-01,-1.170527100563049316e+00
3.044775687158107758e-02,-2.834826707839965820e+00
3.324962615966796875e+00,-2.297744512557983398e+00
9.341681003570556641e-01,-1.249210953712463379e+00
-1.677954554557800293e+00,-5.102783679962158203e+00
1.055474042892456055e+00,-1.246806383132934570e+00
-1.627816677093505859e+00,-7.685000300407409668e-01
3.118874549865722656e+00,-4.111631870269775391e+00
7.184420108795166016e+00,3.108623504638671875e+00
-2.232037067413330078e+00,-4.574435710906982422e+00
8.064727485179901123e-02,5.366025567054748535e-01
2.268196582794189453e+00,-3.651299476623535156e-01
-2.805451154708862305e-01,-2.107722759246826172e+00
2.692047655582427979e-01,-2.601906061172485352e+00
-2.394038200378417969e+00,1.725512266159057617e+00
9.940282702445983887e-01,-2.250294923782348633e+00
-2.234369888901710510e-02,9.298579096794128418e-01
2.630162954330444336e+00,-3.712821722030639648e+00
-9.828211069107055664e-01,7.411494851112365723e-01
-6.786726117134094238e-01,-2.126889705657958984e+00
2.534974336624145508e+00,7.723165154457092285e-01
-2.037738800048828125e+00,-3.517051935195922852e+00
-1.996227353811264038e-01,-2.054299831390380859e+00
-1.902517437934875488e+00,-3.553377151489257812e+00
-2.010021060705184937e-01,4.006388485431671143e-01
2.773335218429565430e+00,2.804291248321533203e+00
-2.877810478210449219e+00,-3.279687166213989258e+00
9.080594778060913086e-01,-1.671473741531372070e+00
5.062074661254882812e+00,-5.796666622161865234e+00
-3.976124525070190430e-01,-2.097363471984863281e+00
3.528029918670654297e+00,-2.146614551544189453e+00
-2.370946884155273438e+00,-1.238918781280517578e+00
3.405301094055175781e+00,-1.970167756080627441e+00
5.087677836418151855e-01,-2.123091459274291992e+00
1.839361429214477539e+00,-1.853829145431518555e+00
-7.987440228462219238e-01,-3.834587574005126953e+00
-1.400243878364562988e+00,9.001791477203369141e-01
6.333829164505004883e-01,-4.587482929229736328e+00
-2.066520690917968750e+00,-3.019982337951660156e+00
-3.233924806118011475e-01,-3.332588911056518555e+00
-2.936401665210723877e-01,-3.584732055664062500e+00
-3.195186555385589600e-01,-1.186262726783752441e+00
-7.552050948143005371e-01,-3.756234884262084961e+00
1.547142386436462402e+00,5.420562624931335449e-02
6.945213675498962402e-01,-2.698199272155761719e+00
-1.657948195934295654e-01,-3.009007871150970459e-01
3.163526356220245361e-01,9.338494539260864258e-01
-1.287392139434814453e+00,-9.216937422752380371e-01
7.006412029266357422e+00,1.504122734069824219e+00
4.274956583976745605e-01,8.002953529357910156e-01
4.311783790588378906e+00,-2.588985204696655273e+00
-2.221666276454925537e-03,-5.987187862396240234e+00
1.924166202545166016e+00,-1.517911076545715332e+00
-8.947591185569763184e-01,-3.640711307525634766e+00
-3.283910751342773438e-01,-2.959361553192138672e+00
5.789597332477569580e-02,-2.829864263534545898e+00
-6.686161160469055176e-01,-9.244092106819152832e-01
-1.902517437934875488e+00,-3.553377151489257812e+00
-4.423429489135742188e+00,-3.605571269989013672e+00
5.492028594017028809e-01,-3.656066894531250000e+00
3.947977721691131592e-02,5.545697808265686035e-01
1.415741324424743652e+00,2.660968601703643799e-01
1.565765500068664551e+00,-2.483872890472412109e+00
7.802845835685729980e-01,-1.122875571250915527e+00
-5.315028667449951172e+00,-4.642587184906005859e+00
-9.254852533340454102e-01,6.379178762435913086e-01
-3.438776493072509766e+00,-5.269586563110351562e+00
2.985102653503417969e+00,-1.951002717018127441e+00
5.091233253479003906e-01,2.082768827676773071e-01
3.169613361358642578e+00,3.472182452678680420e-01
1.614136546850204468e-01,-1.106357932090759277e+00
4.471485614776611328e-01,1.499542355537414551e+00
2.688137888908386230e-01,6.299797296524047852e-01
9.280795454978942871e-01,-3.350330114364624023e+00
4.338492155075073242e-01,-2.811815977096557617e+00
2.794942855834960938e+00,-1.960680007934570312e+00
9.873718023300170898e-01,-3.055460453033447266e+00
6.172574758529663086e-01,-1.689289212226867676e+00
1.022282028198242188e+01,-6.957287341356277466e-02
2.948807239532470703e+00,-2.070445060729980469e+00
-9.812721014022827148e-01,-4.107170581817626953e+00
-3.830177068710327148e+00,-4.176752090454101562e+00
3.150638580322265625e+00,-2.706807374954223633e+00
-2.146735042333602905e-01,-8.818323612213134766e-01
-1.157813549041748047e+00,-4.108945846557617188e+00
6.261054992675781250e+00,-1.148358583450317383e+00
-2.792417049407958984e+00,-4.589056015014648438e+00
4.613416492938995361e-01,-1.170805573463439941e+00
-6.291845440864562988e-02,1.542504429817199707e-01
1.269775271415710449e+00,-1.563383460044860840e+00
-1.848934054374694824e+00,-1.704195976257324219e+00
-1.198628097772598267e-01,-2.392757892608642578e+00
2.211488723754882812e+00,-3.643280267715454102e-01
6.385943889617919922e+00,-2.886888384819030762e-01
1.566875934600830078e+00,-4.684573411941528320e-01
2.113860845565795898e-01,-3.057003259658813477e+00
-3.978312969207763672e+00,-2.636537790298461914e+00
1.326788306236267090e+00,-2.057095289230346680e+00
2.356348514556884766e+00,-1.984004735946655273e+00
6.419124603271484375e-01,-6.096616387367248535e-01
2.392152070999145508e+00,-3.817993402481079102e+00
3.277854621410369873e-01,-1.391677498817443848e+00
3.517411708831787109e+00,-2.503001451492309570e+00
-1.420453310012817383e+00,-2.255164146423339844e+00
2.904769420623779297e+00,4.070642471313476562e+00
8.875575661659240723e-02,6.326509714126586914e-01
-3.022354841232299805e+00,-2.413457632064819336e+00
1.200440406799316406e+00,-8.682409524917602539e-01
-1.099802613258361816e+00,-3.633488655090332031e+00
1.660791873931884766e+00,-2.426298707723617554e-01
-7.197524547576904297e+00,8.323228955268859863e-01
2.397369146347045898e+00,2.176692783832550049e-01
1.021737813949584961e+00,-6.225111484527587891e-01
-2.966659069061279297e+00,-3.933371067047119141e+00
1.986353658139705658e-02,1.265817284584045410e+00
2.393719434738159180e+00,-3.176082134246826172e+00
-1.191355228424072266e+00,3.451756536960601807e-01
1.518268108367919922e+00,-1.144848346710205078e+00
7.068905830383300781e+00,-2.572463035583496094e+00
-9.007772207260131836e-01,-3.120602369308471680e-01
1.147046804428100586e+00,-2.222791165113449097e-01
-4.383937835693359375e+00,-3.392650842666625977e+00
-1.548882007598876953e+00,1.000508069992065430e+00
-4.708496630191802979e-01,1.306240677833557129e+00
2.985102653503417969e+00,-1.951002717018127441e+00
2.082108974456787109e+00,1.596508383750915527e+00
4.116229414939880371e-01,-2.655010521411895752e-01
8.236105918884277344e+00,2.029953241348266602e+00
-2.010021060705184937e-01,4.006388485431671143e-01
-1.162224173545837402e+00,-9.081847071647644043e-01
6.846985220909118652e-02,5.672048330307006836e-01
-9.403634071350097656e-02,3.157706856727600098e-01
-2.153403162956237793e-01,-4.363224506378173828e+00
-2.584673881530761719e+00,-4.726348876953125000e+00
3.433352708816528320e-01,-1.201724290847778320e+00
2.349921464920043945e+00,-4.582878649234771729e-01
-8.206666111946105957e-01,-2.318487644195556641e+00
1.866181045770645142e-01,7.063941955566406250e-01
-4.367543756961822510e-01,-4.050552546977996826e-01
1.895364999771118164e+00,-4.703362464904785156e+00
-9.572709798812866211e-01,8.169155120849609375e-01
4.142133235931396484e+00,-3.514028787612915039e+00
-9.146850556135177612e-03,-5.676339149475097656e+00
4.065907478332519531e+00,-4.307175159454345703e+00
2.348474979400634766e+00,-5.583662390708923340e-01
-2.947463750839233398e+00,-4.384086608886718750e+00
5.893788337707519531e-01,-1.320730149745941162e-01
-8.255727887153625488e-01,-1.427600622177124023e+00
1.277709841728210449e+00,-1.288713335990905762e+00
-7.442744076251983643e-02,-2.451158523559570312e+00
3.224719762802124023e-01,9.483082294464111328e-01
-6.522184014320373535e-01,-4.331036567687988281e+00
4.499437332153320312e+00,6.956146657466888428e-02
-1.360347419977188110e-01,-1.625610738992691040e-01
2.258804798126220703e+00,-2.849226951599121094e+00
-5.456727981567382812e+00,-6.507730484008789062e+00
1.989835262298583984e+00,-3.244462013244628906e+00
-4.770873486995697021e-01,-4.014989137649536133e-01
-4.108665943145751953e+00,-2.570816278457641602e+00
3.021186351776123047e+00,2.320207118988037109e+00
-1.407510340213775635e-01,-4.181243896484375000e+00
-6.686161160469055176e-01,-9.244092106819152832e-01
4.714263916015625000e+00,1.256375670433044434e+00
6.291405558586120605e-01,-4.704335033893585205e-01
2.877774089574813843e-02,1.399031758308410645e+00
6.997742652893066406e-01,-1.446132659912109375e+00
-6.601876616477966309e-01,-3.854519128799438477e+00
6.663895249366760254e-01,2.518625497817993164e+00
-2.368765354156494141e+00,3.559959828853607178e-01
-1.771064996719360352e+00,-1.668832659721374512e+00
-1.287100791931152344e+00,8.226525783538818359e-01
4.569673240184783936e-01,7.699269056320190430e-01
4.462096989154815674e-01,1.743394613265991211e+00
-5.492222905158996582e-01,-2.638536691665649414e-01
-1.601921439170837402e+00,-2.116584777832031250e+00
1.554041147232055664e+00,-1.665599822998046875e+00
1.844377994537353516e+00,-3.307570457458496094e+00
1.844377994537353516e+00,-3.307570457458496094e+00
-1.019114136695861816e+00,8.016710281372070312e-01
-7.382997870445251465e-01,-3.421278953552246094e+00
-1.398004293441772461e+00,-4.380404949188232422e+00
-2.106085866689682007e-01,-1.507599115371704102e+00
-1.785621404647827148e+00,-3.284231662750244141e+00
-8.814674615859985352e-01,-2.822110652923583984e+00
3.489284276962280273e+00,4.314643144607543945e-01
3.388122841715812683e-02,5.791429281234741211e-01
1.055291748046875000e+01,-2.138961076736450195e+00
2.334553956985473633e+00,-2.664695493876934052e-02
1.980993509292602539e+00,-3.730188131332397461e+00
1.318071633577346802e-01,4.138840734958648682e-01
-2.116898298263549805e+00,-2.748960256576538086e+00
-1.993628859519958496e+00,1.197003722190856934e+00
1.627085924148559570e+00,1.903002977371215820e+00
7.749834656715393066e-01,-2.757458686828613281e-01
1.102090358734130859e+00,1.109561882913112640e-03
-2.983364760875701904e-01,-4.006066322326660156e+00
1.027424693107604980e+00,-2.031907796859741211e+00
1.996451765298843384e-01,-7.139447331428527832e-01
2.024561405181884766e+00,-2.087994098663330078e+00
-1.596323214471340179e-02,-7.998198270797729492e-01
2.736876249313354492e+00,-2.381728410720825195e+00
6.718797087669372559e-01,-2.652702569961547852e+00
-3.495579242706298828e+00,-3.730014085769653320e+00
-2.335759401321411133e+00,-3.304989337921142578e+00
1.456288456916809082e+00,-9.161772131919860840e-01
-3.891436755657196045e-01,-1.109978914260864258e+00
3.679130673408508301e-01,-4.911775588989257812e+00
2.395886421203613281e+00,-2.919687747955322266e+00
1.293684393167495728e-01,-2.970323562622070312e+00
-2.927846908569335938e-01,1.629548370838165283e-01
5.118616104125976562e+00,6.912830829620361328e+00
4.147022664546966553e-01,-4.073337912559509277e-01
-4.254090785980224609e-01,-2.701996088027954102e+00
2.751387953758239746e-01,1.394169330596923828e-01
-1.260289669036865234e+00,-3.905022144317626953e+00
1.108508110046386719e+00,-2.493165582418441772e-01
-5.169646739959716797e-01,-9.215325862169265747e-02
2.152122735977172852e+00,-3.275012075901031494e-01
4.051834344863891602e-01,-1.264189600944519043e+00
9.570349454879760742e-01,-6.750752925872802734e-01
-2.863219082355499268e-01,-4.014696121215820312e+00
4.324472248554229736e-01,8.236602544784545898e-01
1.251734495162963867e+00,2.838806509971618652e-01
1.620117902755737305e+00,4.567015767097473145e-01
1.275879144668579102e-01,1.131015181541442871e+00
8.670502901077270508e-01,8.142368197441101074e-01
-2.470278501510620117e+00,-3.479573726654052734e+00
-1.111325383186340332e+00,-9.420407563447952271e-02
3.137517690658569336e+00,1.896031618118286133e+00
1.053842902183532715e-01,7.859038710594177246e-01
-4.708276093006134033e-01,-1.812655687332153320e+00
-1.441894292831420898e+00,7.838068604469299316e-01
-2.133214473724365234e+00,-3.337085247039794922e+00
4.896187484264373779e-01,7.508977055549621582e-01
2.319052964448928833e-01,1.402064681053161621e+00
4.569673240184783936e-01,7.699269056320190430e-01
-2.061737775802612305e+00,-1.251765966415405273e+00
-1.750242114067077637e+00,-2.537537813186645508e+00
1.311260759830474854e-01,6.657130122184753418e-01
-2.487119197845458984e+00,3.528735935688018799e-01
1.403254628181457520e+00,-1.611431092023849487e-01
2.518692612648010254e-02,9.485620856285095215e-01
1.574700772762298584e-01,-4.891186237335205078e+00
1.750850439071655273e+00,-2.591974020004272461e+00
-2.055718898773193359e-01,3.342656791210174561e-01
1.360808968544006348e+00,-2.665169000625610352e+00
-1.017839163541793823e-01,6.707177162170410156e-01
5.807374954223632812e+00,-2.722874402999877930e+00
-1.740443557500839233e-01,-6.223741173744201660e-01
-2.060487985610961914e+00,-2.200634956359863281e+00
1.816522926092147827e-01,6.500013470649719238e-01
4.966746568679809570e-01,-1.906154274940490723e+00
-6.293854117393493652e-01,-3.613244533538818359e+00
-3.875374555587768555e+00,-4.685650825500488281e+00
-2.482037305831909180e+00,-1.634759902954101562e+00
-3.968492984771728516e+00,-2.691902875900268555e+00
8.538018167018890381e-02,4.395246505737304688e-01
2.354662179946899414e+00,-2.327642440795898438e+00
-7.971873879432678223e-02,-2.187820196151733398e+00
-7.316957950592041016e+00,-6.098281383514404297e+00
1.978103518486022949e+00,-1.617748737335205078e+00
2.540521919727325439e-01,2.335308790206909180e+00
3.985728323459625244e-01,-4.175669848918914795e-01
-2.046988010406494141e+00,-2.223859786987304688e+00
-1.218953579664230347e-01,1.529736399650573730e+00
-2.203503608703613281e+00,-1.443696379661560059e+00
-2.092139244079589844e+00,-3.444231986999511719e+00
-4.334329068660736084e-01,-3.332536458969116211e+00
1.277355194091796875e+00,-1.753450036048889160e+00
7.381325960159301758e-01,-1.119833588600158691e+00
2.248671054840087891e-01,-3.570130109786987305e+00
-1.411692023277282715e+00,1.076397895812988281e+00
5.688862800598144531e-01,1.166295528411865234e+00
-1.747502088546752930e+00,-4.298716545104980469e+00
2.949927806854248047e+00,-1.914414405822753906e+00
2.185660600662231445e-01,-2.773122787475585938e+00
3.800370931625366211e+00,-4.389256954193115234e+00
9.653358161449432373e-02,7.759314179420471191e-01
9.897541254758834839e-03,-5.408092737197875977e-01
-6.555209159851074219e-01,-4.300312995910644531e+00
2.546992778778076172e+00,1.393972873687744141e+00
-2.320777416229248047e+00,-5.811830997467041016e+00
-1.219969153404235840e+00,-4.262412190437316895e-01
-2.906498432159423828e+00,-4.043968677520751953e+00
2.313829898834228516e+00,-6.259166002273559570e-01
-3.486186265945434570e+00,-4.501532554626464844e+00
1.583559364080429077e-01,-1.701306849718093872e-01
-2.172766923904418945e-01,-3.322567939758300781e+00
2.090378552675247192e-01,1.097521662712097168e+00
1.910355687141418457e+00,-4.907716274261474609e+00
6.035441756248474121e-01,-1.323642015457153320e+00
-5.409718155860900879e-01,-2.569639682769775391e-01
-1.960351504385471344e-02,-1.027020335197448730e+00
-1.364107728004455566e+00,-2.450189352035522461e+00
-1.566069722175598145e-01,2.958828508853912354e-01
-3.061401247978210449e-01,2.912640869617462158e-01
3.622582435607910156e+00,-4.510437011718750000e+00
-2.137548625469207764e-01,3.779066801071166992e-01
5.625625610351562500e+00,2.168834447860717773e+00
-2.402052402496337891e+00,-3.470236539840698242e+00
-6.333680152893066406e-01,-1.338171601295471191e+00
-2.235315144062042236e-01,-2.606473445892333984e+00
4.380568981170654297e+00,-1.536606311798095703e+00
-2.570876777172088623e-01,-2.421094894409179688e+00
3.405442953109741211e+00,-2.324342489242553711e+00
4.403752088546752930e-01,9.742541611194610596e-02
-3.801172971725463867e+00,-4.952282905578613281e-01
-1.969842791557312012e+00,-1.848992466926574707e+00
-1.850744932889938354e-01,-2.568149328231811523e+00
-9.999951720237731934e-01,5.002878606319427490e-02
3.129571437835693359e+00,-2.165231466293334961e+00
1.526993155479431152e+00,-1.062878251075744629e+00
1.931641936302185059e+00,-1.568261861801147461e+00
1.346660733222961426e+00,-2.078113317489624023e+00
2.394310712814331055e+00,7.790940999984741211e-01
-1.709230422973632812e+00,1.633691787719726562e+00
9.940282702445983887e-01,-2.250294923782348633e+00
3.183052778244018555e+00,-3.076127357780933380e-02
-8.480222821235656738e-01,-3.442310333251953125e+00
3.330537796020507812e+00,-3.321760892868041992e+00
1.324197649955749512e-02,5.257617235183715820e-01
-1.546149849891662598e+00,-1.079014778137207031e+00
-7.715340256690979004e-01,-6.407695412635803223e-01
1.370454311370849609e+01,5.589887499809265137e-01
1.549944132566452026e-01,1.268630504608154297e+00
-2.186382412910461426e-01,-2.800091743469238281e+00
7.556223869323730469e-02,5.081295967102050781e-01
-5.234269425272941589e-02,-2.357370704412460327e-01
-3.525237560272216797e+00,-1.063168406486511230e+00
-3.831371665000915527e-01,-4.247075617313385010e-01
1.872390389442443848e+00,3.979226112365722656e+00
-4.667347967624664307e-01,-2.925282955169677734e+00
-2.077826023101806641e+00,1.644028723239898682e-01
-1.265387535095214844e+00,-4.751140594482421875e+00
7.008132934570312500e-01,-4.148693978786468506e-01
-8.471348881721496582e-01,1.065280213952064514e-01
8.926131129264831543e-01,-2.856628894805908203e+00
1.576155424118041992e+00,5.771158337593078613e-01
9.630671501159667969e+00,-1.774836659431457520e+00
3.463698387145996094e+00,-4.621027469635009766e+00
6.818814277648925781e-01,-1.119511127471923828e+00
-1.243518471717834473e+00,-2.522365808486938477e+00
-3.398310422897338867e+00,-7.171249389648437500e-01
-1.638944864273071289e+00,-3.361672639846801758e+00
-7.316957950592041016e+00,-6.098281383514404297e+00
-2.319048717617988586e-02,-4.387777149677276611e-01
2.741853892803192139e-01,-1.477792620658874512e+00
-5.182860493659973145e-01,-3.950595140457153320e+00
4.092242240905761719e+00,-2.675268173217773438e+00
8.843796327710151672e-03,4.699657261371612549e-01
-2.756095409393310547e+00,-2.412302017211914062e+00
6.590403616428375244e-02,-6.825476884841918945e-01
1.124578833580017090e+00,-1.510955691337585449e-01
1.241414189338684082e+00,4.066177845001220703e+00
1.691185474395751953e+00,-3.456833839416503906e+00
-2.186382412910461426e-01,-2.800091743469238281e+00
-7.493802905082702637e-01,-4.155692100524902344e+00
3.790600776672363281e+00,-8.348913788795471191e-01
5.674121856689453125e+00,2.940136194229125977e+00
2.262456566095352173e-01,5.079019665718078613e-01
-9.616442322731018066e-01,-3.535372257232666016e+00
4.262722134590148926e-01,-1.685274481773376465e+00
1.396804928779602051e+00,-2.312444746494293213e-01
3.701376676559448242e+00,-1.281754255294799805e+00
4.242635667324066162e-01,8.294913768768310547e-01
-2.444347620010375977e+00,1.261589765548706055e+00
1.010453850030899048e-01,4.520658552646636963e-01
-1.287392139434814453e+00,-9.216937422752380371e-01
1.033949136734008789e+00,-7.347535490989685059e-01
3.739591836929321289e-01,1.884853124618530273e+00
-5.733950734138488770e-01,2.625654824078083038e-02
1.808846592903137207e+00,-4.064789295196533203e+00
-3.028738498687744141e+00,-3.226698398590087891e+00
3.051571369171142578e+00,-4.528523921966552734e+00
-4.426210403442382812e+00,-5.693025112152099609e+00
2.233880758285522461e+00,-2.172459125518798828e+00
-1.415123939514160156e+00,-7.481579184532165527e-01
-8.157884478569030762e-01,3.422209024429321289e-01
4.727400243282318115e-01,-3.307956695556640625e+00
6.564477682113647461e-01,-8.219437003135681152e-01
3.142509698867797852e+00,-1.455695033073425293e+00
6.751736998558044434e-01,-9.305772185325622559e-01
-5.398139357566833496e-01,-2.323505163192749023e+00
-5.317522883415222168e-01,-4.820649623870849609e-01
1.089753627777099609e+00,-4.773589670658111572e-01
8.363021910190582275e-02,5.561358928680419922e-01
2.302139282226562500e+00,2.926823377609252930e+00
-2.684794962406158447e-01,-5.071884155273437500e+00
1.866181045770645142e-01,7.063941955566406250e-01
-3.495271205902099609e-01,-1.947785466909408569e-01
3.185943365097045898e+00,-7.573121190071105957e-01
-1.629476845264434814e-01,-4.705655574798583984e+00
-6.547965407371520996e-01,9.730679392814636230e-01
1.766524195671081543e+00,-2.657567024230957031e+00
9.653358161449432373e-02,7.759314179420471191e-01
1.022282028198242188e+01,-6.957287341356277466e-02
-4.609416425228118896e-01,-4.740917682647705078e-01
-5.570029258728027344e+00,-2.680463075637817383e+00
2.804906845092773438e+00,3.554180860519409180e-01
-9.308481812477111816e-01,-3.522135496139526367e+00
2.335802555084228516e+00,-1.479342579841613770e+00
5.988743901252746582e-02,6.790245771408081055e-01
1.010818004608154297e+00,6.310921311378479004e-01
-6.732979416847229004e-02,5.284347534179687500e-01
-5.015158653259277344e+00,-5.539885997772216797e+00
1.308712124824523926e+00,-9.752034544944763184e-01
3.637303113937377930e+00,2.007688999176025391e+00
-2.997141599655151367e+00,-2.215854167938232422e+00
-9.030975699424743652e-01,8.161077499389648438e-01
-7.327803373336791992e-01,-1.734170913696289062e+00
-4.138862133026123047e+00,3.821410536766052246e-01
9.192235469818115234e-01,-2.365086525678634644e-01
-2.797620296478271484e+00,-8.724392652511596680e-01
-8.489446043968200684e-01,1.378726840019226074e+00
3.201317548751831055e+00,-1.701221823692321777e+00
-1.049529910087585449e+00,-3.666650295257568359e+00
-2.292068600654602051e-01,3.038604557514190674e-01
-1.952797532081604004e+00,-2.006989717483520508e+00
-1.822462439537048340e+00,-3.177737236022949219e+00
3.121674060821533203e+00,-5.768093585968017578e+00
-1.423838496208190918e+00,-3.272496938705444336e+00
-1.171639412641525269e-01,1.365009546279907227e+00
-4.508238434791564941e-01,7.807209491729736328e-01
-2.254030942916870117e+00,1.635095000267028809e+00
4.526180267333984375e+00,-4.480509757995605469e+00
-5.676611065864562988e-01,4.449203610420227051e-01
2.393830537796020508e+00,-1.146060466766357422e+00
1.038766264915466309e+00,-4.485879421234130859e+00
-9.077859520912170410e-01,-4.301338195800781250e+00
-4.402203857898712158e-01,1.528005003929138184e+00
-2.573972046375274658e-01,-1.574086844921112061e-01
-1.420683741569519043e+00,1.118964791297912598e+00
4.203749299049377441e-01,-1.702890992164611816e-01
-1.023680567741394043e+00,-1.721941590309143066e+00
4.258436858654022217e-01,-1.846262454986572266e+00
-1.284853577613830566e+00,-4.596089571714401245e-02
6.590403616428375244e-02,-6.825476884841918945e-01
1.850966960191726685e-01,1.289573311805725098e+00
3.139279186725616455e-01,1.963111400604248047e+00
3.407713413238525391e+00,-1.718652725219726562e+00
-1.461259871721267700e-01,6.576312780380249023e-01
3.557911872863769531e+00,-2.812610626220703125e+00
-3.893764689564704895e-02,-9.534004926681518555e-01
-1.342377901077270508e+00,-5.417011260986328125e+00
1.191849857568740845e-01,7.780932784080505371e-01
-2.546075582504272461e+00,-5.356552600860595703e+00
8.655832409858703613e-01,-6.619526743888854980e-01
1.465768098831176758e+00,-1.705328524112701416e-01
-1.515958189964294434e+00,-1.339680850505828857e-01
1.623675227165222168e-01,6.952138543128967285e-01
-1.191496968269348145e+00,1.792488396167755127e-01
-5.931429266929626465e-01,-3.367325782775878906e+00
-3.595206499099731445e+00,2.478769302368164062e+00
3.120746850967407227e+00,-4.061026096343994141e+00
-1.341025590896606445e+00,9.115294218063354492e-01
4.858468174934387207e-01,7.140984535217285156e-01
-6.252383589744567871e-01,-4.755236625671386719e+00
-3.906712532043457031e-01,4.328111708164215088e-01
3.790920257568359375e+00,-8.181851506233215332e-01
2.752722024917602539e+00,-1.969131827354431152e+00
1.731082797050476074e-01,1.222977042198181152e+00
3.484256982803344727e+00,-7.564515471458435059e-01
6.763488650321960449e-01,-6.838564276695251465e-01
6.292336583137512207e-01,1.232587546110153198e-01
3.318616390228271484e+00,-5.845196247100830078e+00
-3.050315007567405701e-02,2.376398891210556030e-01
1.952019810676574707e+00,-1.056404948234558105e+00
-3.830177068710327148e+00,-4.176752090454101562e+00
-2.301370143890380859e+00,-2.822717905044555664e+00
-5.612360835075378418e-01,-2.298152923583984375e+00
2.568718671798706055e+00,2.496915817260742188e+00
2.553051471710205078e+00,-1.413606762886047363e+00
-2.675225436687469482e-01,2.361872494220733643e-01
-2.578696489334106445e+00,-7.071552753448486328e+00
-1.306882739067077637e+00,1.015171170234680176e+00
-1.746960282325744629e+00,-1.025166392326354980e+00
6.925671577453613281e+00,-2.293766736984252930e+00
-1.187506079673767090e+00,-1.510980486869812012e+00
6.689240038394927979e-02,1.549000024795532227e+00
1.781318902969360352e+00,-1.429167628288269043e+00
2.537181615829467773e+00,-2.000346899032592773e+00
-2.301370143890380859e+00,-2.822717905044555664e+00
-1.241847872734069824e+00,8.936609029769897461e-01
-1.076444029808044434e+00,-6.363716125488281250e-01
-2.776206731796264648e+00,-4.141081809997558594e+00
3.745957136154174805e+00,-4.736388683319091797e+00
-4.488650321960449219e+00,-3.555689573287963867e+00
-1.316700577735900879e+00,7.088187932968139648e-01
-2.101855993270874023e+00,1.299390435218811035e+00
-1.565090537071228027e+00,1.095027208328247070e+00
1.366513490676879883e+00,-1.860893219709396362e-01
-5.308039188385009766e-01,-4.099179744720458984e+00
1.317648738622665405e-01,-1.454235672950744629e+00
1.839361429214477539e+00,-1.853829145431518555e+00
8.057168126106262207e-01,4.746858030557632446e-02
2.173196315765380859e+00,-5.389939546585083008e-01
2.347242832183837891e+00,3.353669166564941406e+00
-5.159031152725219727e-01,6.034541130065917969e-01
1.127604097127914429e-01,1.023821830749511719e+00
2.874028921127319336e+00,-1.208164244890213013e-01
1.974895596504211426e-01,1.011142015457153320e+00
-2.229560017585754395e-01,-2.568843603134155273e+00
3.268016874790191650e-02,1.599514856934547424e-02
3.738511562347412109e+00,2.717997312545776367e+00
-1.360741734504699707e+00,8.278818130493164062e-01
3.667953014373779297e-01,7.352941632270812988e-01
2.211488723754882812e+00,-3.643280267715454102e-01
4.755303382873535156e+00,-3.567307293415069580e-01
-1.895916014909744263e-01,-3.926282405853271484e+00
7.133682966232299805e-01,-3.225978851318359375e+00
-9.694247245788574219e-01,4.538362622261047363e-01
-1.132274866104125977e+00,-2.195882797241210938e+00
5.026032328605651855e-01,-1.329029440879821777e+00
1.010298728942871094e+00,-2.348588228225708008e+00
-4.264453411102294922e+00,-5.510299205780029297e+00
4.875500798225402832e-01,-6.294828653335571289e-01
3.058125972747802734e+00,-5.055077552795410156e+00
-8.489446043968200684e-01,1.378726840019226074e+00
5.214296579360961914e-01,1.209159731864929199e+00
1.887302637100219727e+00,-2.099376678466796875e+00
4.226384460926055908e-01,-8.822895586490631104e-02
-3.275964409112930298e-02,4.485674798488616943e-01
-3.028125166893005371e-01,4.451536536216735840e-01
-7.814437866210937500e+00,7.126293778419494629e-01
-3.364302873611450195e+00,-5.137716770172119141e+00
1.664098739624023438e+00,-1.691679716110229492e+00
2.864929735660552979e-01,1.891434341669082642e-01
1.855639100074768066e+00,-2.244140625000000000e+00
-2.375417947769165039e-01,-5.717512607574462891e+00
-4.334329068660736084e-01,-3.332536458969116211e+00
1.030306667089462280e-01,4.920120835304260254e-01
7.735249996185302734e-01,-3.458311557769775391e-01
1.631835222244262695e+00,-2.333638668060302734e+00
6.451991200447082520e-01,-1.604088425636291504e+00
-3.563801646232604980e-01,-3.651098966598510742e+00
-7.971873879432678223e-02,-2.187820196151733398e+00
-1.085932850837707520e+00,-2.148603439331054688e+00
-1.270356416702270508e+00,-7.505171298980712891e-01
1.731082797050476074e-01,1.222977042198181152e+00
1.780109524726867676e+00,5.347814410924911499e-02
5.571900844573974609e+00,2.648974418640136719e+00
-5.739510655403137207e-01,1.424563050270080566e+00
-1.961487889289855957e+00,-1.377979636192321777e+00
3.337670803070068359e+00,6.086846828460693359e+00
-1.519364476203918457e+00,-2.983922719955444336e+00
-1.118019223213195801e+00,5.537430644035339355e-01
6.234338879585266113e-01,1.980003267526626587e-01
1.044640183448791504e+00,-1.109503805637359619e-01
8.688197731971740723e-01,-3.927303791046142578e+00
6.385943889617919922e+00,-2.886888384819030762e-01
3.180660724639892578e+00,-8.383302688598632812e-01
6.076322793960571289e-01,5.339885950088500977e-01
2.948807239532470703e+00,-2.070445060729980469e+00
9.413566589355468750e-01,-5.666624307632446289e-01
-4.555597007274627686e-01,1.406029820442199707e+00
4.526180267333984375e+00,-4.480509757995605469e+00
-1.352675557136535645e+00,-7.084031403064727783e-02
-5.566681623458862305e-01,-3.457778692245483398e+00
3.625207901000976562e+00,-3.771556377410888672e+00
8.437253236770629883e-01,-8.238424062728881836e-01
3.501915454864501953e+00,-3.891149282455444336e+00
-1.322429418563842773e+00,9.765073060989379883e-01
-2.782914876937866211e+00,-8.009382247924804688e+00
-2.999025821685791016e+00,-2.264975070953369141e+00
8.875575661659240723e-02,6.326509714126586914e-01
2.935608327388763428e-01,-9.475712776184082031e-01
-6.647012233734130859e-01,-3.419404268264770508e+00
2.393650770187377930e+00,-4.429669380187988281e-01
3.495375871658325195e+00,-2.210540294647216797e+00
-2.215387821197509766e-01,-3.365463018417358398e+00
7.688201069831848145e-01,-4.695357382297515869e-01
1.847471147775650024e-01,-1.188084363937377930e+00
3.342934846878051758e+00,-4.502587795257568359e+00
-9.462349414825439453e-01,6.469854712486267090e-01
-2.637147426605224609e+00,-6.013612270355224609e+00
1.518193483352661133e-01,8.179066777229309082e-01
7.207700610160827637e-01,-9.218885302543640137e-01
5.978249758481979370e-02,1.124450445175170898e+00
7.653049826622009277e-01,-4.729309380054473877e-01
6.234338879585266113e-01,1.980003267526626587e-01
-8.471348881721496582e-01,1.065280213952064514e-01
1.306796193122863770e+00,-8.115888833999633789e-01
-8.630728125572204590e-01,9.692277312278747559e-01
-5.566681623458862305e-01,-3.457778692245483398e+00
2.213677644729614258e+00,6.492303311824798584e-02
-1.229721546173095703e+00,8.472463488578796387e-01
3.820150792598724365e-01,-6.949757337570190430e-01
2.120091021060943604e-02,-8.449558913707733154e-02
-2.440285921096801758e+00,-3.652009487152099609e+00
1.275879144668579102e-01,1.131015181541442871e+00
1.373143315315246582e+00,-4.456114172935485840e-01
-1.988418847322463989e-01,-2.257854700088500977e+00
-1.565687060356140137e-01,5.882818698883056641e-01
1.033434867858886719e+00,5.029157400131225586e-01
2.658581733703613281e-01,6.586320400238037109e-01
8.847168087959289551e-01,-2.827631473541259766e+00
2.963381409645080566e-01,6.808932423591613770e-01
-1.287100791931152344e+00,8.226525783538818359e-01
7.492406666278839111e-02,-3.287500143051147461e+00
-3.799071311950683594e-01,1.006776466965675354e-01
-2.983515262603759766e+00,-6.582723855972290039e-01
1.663421392440795898e+00,1.371748208999633789e+00
-2.330531597137451172e+00,-1.682295680046081543e+00
1.285212159156799316e+00,-2.757716178894042969e+00
-1.425682425498962402e+00,-1.985363364219665527e+00
-2.337927103042602539e+00,1.848878741264343262e+00
6.940972059965133667e-02,3.007459640502929688e-01
-5.307424068450927734e-01,-1.984410166740417480e+00
3.060896158218383789e+00,2.740133762359619141e+00
2.854391574859619141e+00,-1.218407630920410156e+00
1.865632891654968262e+00,9.302598834037780762e-01
-6.656335353851318359e+00,-6.736613750457763672e+00
-6.215685606002807617e-01,1.864114850759506226e-01
-9.901704192161560059e-01,-8.505439162254333496e-01
-6.291845440864562988e-02,1.542504429817199707e-01
3.553781509399414062e+00,-9.215135574340820312e-01
3.860532283782958984e+00,-4.256939411163330078e+00
-9.254852533340454102e-01,6.379178762435913086e-01
-4.628774166107177734e+00,-3.647358655929565430e+00
2.020849466323852539e+00,-9.453150033950805664e-01
-8.223757743835449219e-01,-4.113379478454589844e+00
3.187053650617599487e-02,1.570857167243957520e+00
-8.480222821235656738e-01,-3.442310333251953125e+00
2.027290821075439453e+00,6.413002312183380127e-02
-2.198403596878051758e+00,-1.406242489814758301e+00
-2.336438596248626709e-01,-2.412796497344970703e+00
4.751636028289794922e+00,4.303007125854492188e+00
2.363936752080917358e-01,1.147853374481201172e+00
-2.954954862594604492e+00,-3.003126859664916992e+00
8.847550749778747559e-01,4.132812619209289551e-01
2.298149108886718750e+00,-2.799715846776962280e-03
1.059230566024780273e-01,5.707657337188720703e-01
-2.954933345317840576e-01,-3.539263963699340820e+00
1.978047013282775879e+00,-3.245416641235351562e+00
2.011519432067871094e+00,-2.593418121337890625e+00
1.290309548377990723e+00,-2.747608661651611328e+00
1.337273418903350830e-01,-1.263005495071411133e+00
1.332444190979003906e+00,7.863211035728454590e-01
5.832147598266601562e+00,2.622731208801269531e+00
-3.288839817047119141e+00,-2.016752243041992188e+00
5.409534931182861328e+00,-4.024744033813476562e+00
-3.617613613605499268e-01,3.151178658008575439e-01
1.447370290756225586e+00,-2.355099439620971680e+00
1.379794955253601074e+00,-5.622322112321853638e-02
-7.563564777374267578e-01,-9.478572607040405273e-01
2.984904944896697998e-01,1.721878290176391602e+00
1.804356217384338379e+00,-2.489470481872558594e+00
-2.797620296478271484e+00,-8.724392652511596680e-01
-5.354300141334533691e-01,-6.064816117286682129e-01
-1.135519385337829590e+00,2.830457687377929688e-01
-3.475992202758789062e+00,-3.769737005233764648e+00
-8.137713670730590820e-01,-3.947258710861206055e+00
4.682378768920898438e+00,-1.171888828277587891e+00
7.284596562385559082e-01,-4.202988445758819580e-01
5.118616104125976562e+00,6.912830829620361328e+00
5.201095938682556152e-01,-1.518102049827575684e+00
4.585226476192474365e-01,4.173645973205566406e-01
4.983675479888916016e-01,-1.558602899312973022e-01
-4.597035050392150879e-01,5.021711587905883789e-01
1.962720155715942383e+00,-1.245456337928771973e+00
1.539844155311584473e+00,-2.906582117080688477e+00
4.858468174934387207e-01,7.140984535217285156e-01
3.085431098937988281e+00,6.297630667686462402e-01
2.569588184356689453e+00,-2.060740470886230469e+00
8.377910852432250977e-01,-2.822627305984497070e+00
-7.310159802436828613e-01,-3.900356054306030273e+00
-1.913334012031555176e+00,-3.355351209640502930e+00
5.697274804115295410e-01,-1.815804600715637207e+00
-2.394415438175201416e-01,2.951747477054595947e-01
1.215594857931137085e-01,2.140436321496963501e-01
-1.271053910255432129e+00,6.606395244598388672e-01
3.188792705535888672e+00,-2.287961244583129883e+00
-4.424196183681488037e-01,-5.016469955444335938e+00
4.214128017425537109e+00,2.257776260375976562e+00
4.438113048672676086e-02,-1.931663632392883301e+00
1.227464675903320312e+00,-8.351217210292816162e-02
-2.664182707667350769e-02,-1.336127758026123047e+00
-1.142294526100158691e+00,-3.991758227348327637e-01
3.874236643314361572e-01,-5.225725650787353516e+00
-2.983364760875701904e-01,-4.006066322326660156e+00
9.047724306583404541e-02,-1.894969344139099121e+00
4.706407189369201660e-01,-6.150751590728759766e+00
-8.988030254840850830e-02,4.678986370563507080e-01
-3.346029281616210938e+00,-4.767702579498291016e+00
-3.339838236570358276e-02,1.288567304611206055e+00
-1.279817819595336914e+00,-4.398075580596923828e+00
-3.383299708366394043e-01,-1.436638712882995605e+00
1.868371009826660156e+00,-8.250405788421630859e-01
2.005611419677734375e+00,4.406317770481109619e-01
1.859849505126476288e-02,3.761373162269592285e-01
-4.617500901222229004e-01,-4.145190238952636719e+00
-1.894954964518547058e-02,4.099114537239074707e-01
-2.983515262603759766e+00,-6.582723855972290039e-01
-2.927623748779296875e+00,-4.142332077026367188e+00
2.447334080934524536e-01,6.742391586303710938e-01
2.804497778415679932e-01,-1.073455810546875000e+00
-8.189706206321716309e-01,-2.117253303527832031e+00
1.222460269927978516e+00,-2.299959182739257812e+00
4.450780749320983887e-01,-6.081775426864624023e-01
-1.184658765792846680e+00,-1.803973555564880371e+00
9.677137732505798340e-01,-4.963225126266479492e-01
-6.675503253936767578e-01,-2.266537189483642578e+00
-2.051852703094482422e+00,-3.451459646224975586e+00
1.017655134201049805e+00,-8.434011340141296387e-01
6.953807473182678223e-01,9.060683250427246094e-01
-2.418776750564575195e-01,3.536482453346252441e-01
6.645143032073974609e-01,-8.540061116218566895e-01
2.652257442474365234e+00,-1.599770188331604004e+00
-1.632528752088546753e-01,-4.035664558410644531e+00
2.258182764053344727e+00,4.128083705902099609e+00
7.165846824645996094e+00,-4.520465373992919922e+00
-7.334705442190170288e-03,6.750476956367492676e-01
1.994655251502990723e+00,-1.288825631141662598e+00
-6.436988711357116699e-01,-1.941325783729553223e+00
-2.249543070793151855e-01,-1.258172631263732910e+00
1.491132259368896484e+00,-5.997904539108276367e-01
-7.382997870445251465e-01,-3.421278953552246094e+00
1.768589496612548828e+00,-3.331841826438903809e-01
-1.372475922107696533e-01,3.290832936763763428e-01
-4.555597007274627686e-01,1.406029820442199707e+00
2.763988494873046875e+00,-3.605634272098541260e-01
4.856238607317209244e-03,7.549586892127990723e-01
-1.230343818664550781e+00,1.556034445762634277e+00
-2.077630519866943359e+00,-5.376337766647338867e-01
-2.475354671478271484e-01,3.206871151924133301e-01
2.378519058227539062e+00,-1.717595458030700684e+00
3.789466381072998047e+00,-3.507517576217651367e+00
-8.476334810256958008e-01,-3.804141044616699219e+00
-6.732979416847229004e-02,5.284347534179687500e-01
3.342934846878051758e+00,-4.502587795257568359e+00
1.026148945093154907e-01,1.685056686401367188e+00
7.940725088119506836e-01,-1.425173044204711914e+00
1.329224228858947754e+00,-2.421921491622924805e+00
2.759785413742065430e+00,-3.598642110824584961e+00
-3.050315007567405701e-02,2.376398891210556030e-01
9.588998556137084961e-02,8.251566886901855469e-01
-7.290069460868835449e-01,9.852511882781982422e-01
-3.202462434768676758e+00,-7.520379543304443359e+00
-1.456875085830688477e+00,-3.160301446914672852e-01
-8.278371095657348633e-01,-3.840039730072021484e+00
-4.138862133026123047e+00,3.821410536766052246e-01
-1.447839617729187012e+00,-6.314935088157653809e-01
-2.986541748046875000e+00,7.418124079704284668e-01
-1.110329478979110718e-01,3.498514890670776367e-01
-1.322049498558044434e+00,-3.891270637512207031e+00
-1.260308623313903809e+00,-4.004251003265380859e+00
-4.709263443946838379e-01,-2.832185029983520508e+00
4.870781600475311279e-01,-1.259696006774902344e+00
1.038066446781158447e-01,-2.013038396835327148e+00
-3.824836969375610352e+00,-6.791061878204345703e+00
1.847471147775650024e-01,-1.188084363937377930e+00
-2.073490858078002930e+00,2.857029438018798828e-01
8.116652369499206543e-01,5.574294328689575195e-01
8.046254515647888184e-02,-2.981794834136962891e+00
-6.234779357910156250e-01,2.777730822563171387e-01
-8.919440209865570068e-02,-2.234927892684936523e+00
-7.290069460868835449e-01,9.852511882781982422e-01
-1.085932850837707520e+00,-2.148603439331054688e+00
2.966687679290771484e-01,-1.593211054801940918e+00
9.869751334190368652e-02,-3.721372365951538086e+00
-1.260289669036865234e+00,-3.905022144317626953e+00
-1.126156091690063477e+00,-2.452795505523681641e+00
-3.676852226257324219e+00,-1.168110370635986328e-01
2.546992778778076172e+00,1.393972873687744141e+00
2.630162954330444336e+00,-3.712821722030639648e+00
-3.505659997463226318e-01,-3.320173740386962891e+00
5.303566932678222656e+00,3.279717206954956055e+00
-5.762055873870849609e+00,2.611709833145141602e+00
-1.549369990825653076e-01,-2.519220113754272461e+00
9.807039499282836914e-01,-1.140673995018005371e+00
1.513359427452087402e+00,-3.194998502731323242e+00
2.418364435434341431e-01,8.005127906799316406e-01
2.626504659652709961e+00,-1.638213872909545898e+00
1.391704440116882324e+00,-9.809385985136032104e-02
-8.678472638130187988e-01,-8.593446612358093262e-01
6.110025644302368164e-01,-2.342714071273803711e+00
3.062262773513793945e+00,3.117767095565795898e+00
-4.159389436244964600e-01,-3.811973333358764648e+00
-1.139161229133605957e+00,1.731354743242263794e-01
-1.221544444561004639e-01,7.135406732559204102e-01
1.346660733222961426e+00,-2.078113317489624023e+00
-1.225454568862915039e+00,-2.228273153305053711e+00
-2.664182707667350769e-02,-1.336127758026123047e+00
-5.283358097076416016e-01,-3.324449300765991211e+00
3.831459283828735352e-01,8.164364695549011230e-01
2.198992013931274414e+00,-2.747302055358886719e+00
3.219696521759033203e+00,3.161402940750122070e-01
-1.699178457260131836e+00,-3.324302136898040771e-01
2.706468105316162109e-01,-1.073602557182312012e+00
-1.304832935333251953e+00,-2.483843564987182617e+00
-3.652276396751403809e-01,3.429720103740692139e-01
-2.623218774795532227e+00,-3.415494680404663086e+00
-1.950615644454956055e+00,-2.341109991073608398e+00
-3.397965133190155029e-01,-3.632663726806640625e+00
-2.186668813228607178e-01,4.090910553932189941e-01
2.343296289443969727e+00,-8.747537136077880859e-01
-1.765001058578491211e+00,-2.972444772720336914e+00
2.019895315170288086e+00,-2.643513917922973633e+00
3.060896158218383789e+00,2.740133762359619141e+00
-1.721544504165649414e+00,-4.420007467269897461e-01
-1.238597869873046875e+00,-3.898442983627319336e+00
-1.668786048889160156e+00,-2.734014511108398438e+00
1.703051686286926270e+00,-4.167180359363555908e-01
-1.220864802598953247e-01,-1.732674837112426758e+00
2.627214491367340088e-01,1.124680161476135254e+00
-2.874594688415527344e+00,-2.163333892822265625e+00
-6.555209159851074219e-01,-4.300312995910644531e+00
1.348739385604858398e+00,-2.530238866806030273e+00
2.139307737350463867e+00,-1.241949677467346191e+00
1.404760718345642090e+00,8.359966278076171875e+00
-1.065438508987426758e+00,-1.885637521743774414e+00
4.081634521484375000e+00,3.743713140487670898e+00
-1.593355238437652588e-01,2.325190901756286621e-01
-3.007846355438232422e+00,-5.386584281921386719e+00
1.591401457786560059e+00,-1.448279857635498047e+00
8.949834108352661133e-02,1.335776209831237793e+00
1.688468813896179199e+00,-1.450319290161132812e+00
6.925671577453613281e+00,-2.293766736984252930e+00
4.073843359947204590e-02,-2.374304533004760742e+00
-2.999025821685791016e+00,-2.264975070953369141e+00
7.397575676441192627e-02,1.249493598937988281e+00
1.467145383358001709e-01,-2.624778270721435547e+00
5.854175090789794922e-01,8.064593076705932617e-01
1.092054098844528198e-01,2.005810886621475220e-01
8.014977574348449707e-01,-1.904296278953552246e+00
-2.692532539367675781e+00,-1.896069884300231934e+00
3.137007236480712891e+00,-2.784922838211059570e+00
1.564169883728027344e+00,-9.198390245437622070e-01
5.342659354209899902e-01,-2.859446525573730469e+00
2.415017187595367432e-01,-8.705339580774307251e-02
-2.320777416229248047e+00,-5.811830997467041016e+00
-1.120042681694030762e+00,-2.507895469665527344e+00
-8.441121876239776611e-02,1.003855764865875244e-01
-1.095881611108779907e-01,5.500869750976562500e-01
-6.722008585929870605e-01,1.219938993453979492e+00
-2.133214473724365234e+00,-3.337085247039794922e+00
-1.006071805953979492e+00,-2.274142026901245117e+00
-1.294462569057941437e-02,-1.689826130867004395e+00
8.105036020278930664e-01,-6.938652992248535156e-01
3.790920257568359375e+00,-8.181851506233215332e-01
-1.196292191743850708e-01,-3.311954975128173828e+00
2.259776830673217773e+00,-2.808905839920043945e+00
1.068758666515350342e-01,-2.982601642608642578e+00
3.294382572174072266e+00,-4.600733757019042969e+00
-2.868693172931671143e-01,-8.324693679809570312e+00
-9.608989357948303223e-01,2.217978090047836304e-01
-3.719853162765502930e-01,-3.860395908355712891e+00
-1.364107728004455566e+00,-2.450189352035522461e+00
-7.916309237480163574e-01,1.071585938334465027e-01
4.475259780883789062e-01,-4.319037437438964844e+00
-8.393615484237670898e-02,2.858226299285888672e-01
-1.196292191743850708e-01,-3.311954975128173828e+00
1.661495491862297058e-02,6.516617536544799805e-01
-2.532880067825317383e+00,-3.952645540237426758e+00
3.739591836929321289e-01,1.884853124618530273e+00
-2.955015659332275391e+00,-4.794771194458007812e+00
-6.221182823181152344e+00,3.640174865722656250e+00
3.183052778244018555e+00,-3.076127357780933380e-02
2.211555004119873047e+00,-4.165740966796875000e+00
-2.933478355407714844e-01,2.881647944450378418e-01
1.191849857568740845e-01,7.780932784080505371e-01
-1.140117287635803223e+00,-4.317652702331542969e+00
1.415781617164611816e+00,-3.025280237197875977e-01
5.014636516571044922e+00,-3.241531610488891602e+00
1.945867061614990234e+00,-4.523025512695312500e+00
3.553781509399414062e+00,-9.215135574340820312e-01
-3.273156166076660156e+00,-1.504754900932312012e+00
-1.135519385337829590e+00,2.830457687377929688e-01
2.705747604370117188e+00,2.334519386291503906e+00
-3.482270717620849609e+00,-1.233612179756164551e+00
9.579435586929321289e-01,-1.473953247070312500e+00
6.030279994010925293e-01,-1.633725166320800781e+00
-3.794358372688293457e-01,-3.834510564804077148e+00
7.140762805938720703e-01,1.111191809177398682e-01
3.881564378738403320e+00,-1.471955537796020508e+00
-2.083028078079223633e+00,-1.314453125000000000e+00
1.672715306282043457e+00,-2.777366876602172852e+00
-2.811944961547851562e+00,9.498020410537719727e-01
1.910355687141418457e+00,-4.907716274261474609e+00
7.257602810859680176e-01,-1.058034300804138184e+00
1.878414154052734375e+00,-2.527869462966918945e+00
-8.497942090034484863e-01,-2.940777778625488281e+00
-5.208113789558410645e-01,-2.795086622238159180e+00
2.012196540832519531e+00,-7.835281491279602051e-01
1.989835262298583984e+00,-3.244462013244628906e+00
3.139279186725616455e-01,1.963111400604248047e+00
-1.042437434196472168e+00,2.840009331703186035e-01
-6.522184014320373535e-01,-4.331036567687988281e+00
-4.636408805847167969e+00,-4.526216506958007812e+00
-7.130253911018371582e-01,-5.534353256225585938e+00
-3.822890996932983398e+00,-1.452257990837097168e+00
1.983772635459899902e+00,1.880740642547607422e+00
1.573315262794494629e-02,1.155626058578491211e+00
-1.534679174423217773e+00,-2.014657020568847656e+00
9.252487123012542725e-02,-3.244243144989013672e+00
-5.434015989303588867e-01,1.613054752349853516e+00
1.627085924148559570e+00,1.903002977371215820e+00
-4.347351074218750000e+00,-2.450627326965332031e+00
-5.717280507087707520e-01,-6.746926784515380859e+00
4.481815338134765625e+00,-7.982991337776184082e-01
-4.147347509860992432e-01,-6.089597344398498535e-01
-8.788478970527648926e-01,-3.886203527450561523e+00
7.685758471488952637e-01,-1.486940026283264160e+00
2.117075622081756592e-01,4.037030041217803955e-01
-1.903100848197937012e+00,-5.116771221160888672e+00
4.747640490531921387e-01,9.311223030090332031e-01
1.562048077583312988e+00,-9.325423240661621094e-01
1.442253828048706055e+00,-4.790070533752441406e+00
-1.352725148200988770e+00,-8.805679678916931152e-01
-7.172165513038635254e-01,-2.036333084106445312e+00
3.192288577556610107e-01,-1.382672190666198730e+00
8.792558312416076660e-02,-1.527528762817382812e+00
-4.036987781524658203e+00,-2.194768905639648438e+00
6.172574758529663086e-01,-1.689289212226867676e+00
-5.232445001602172852e-01,-9.605091810226440430e-01
1.069420427083969116e-01,1.277189493179321289e+00
4.093863070011138916e-01,8.789305090904235840e-01
-3.461178839206695557e-01,-7.313202619552612305e-01
-7.775958180427551270e-01,-3.587602376937866211e+00
1.997916400432586670e-01,2.037104606628417969e+00
-8.181047439575195312e-01,-3.643387317657470703e+00
-3.519350290298461914e-01,2.264209538698196411e-01
3.405442953109741211e+00,-2.324342489242553711e+00
-9.405811429023742676e-01,-5.589156627655029297e+00
-4.140715003013610840e-01,-3.883315801620483398e+00
6.718797087669372559e-01,-2.652702569961547852e+00
-1.264815211296081543e+00,-3.326908946037292480e-01
1.804356217384338379e+00,-2.489470481872558594e+00
2.918989956378936768e-01,-2.232174396514892578e+00
3.326078653335571289e+00,-2.268744707107543945e+00
3.201317548751831055e+00,-1.701221823692321777e+00
2.288725614547729492e+00,2.814428806304931641e+00
-2.611733436584472656e+00,-2.560544013977050781e+00
1.054695844650268555e+00,9.887009263038635254e-01
-9.638530015945434570e-02,1.070617556571960449e+00
1.621751189231872559e-01,1.440849661827087402e+00
1.306385636329650879e+00,-6.214041113853454590e-01
3.931294441223144531e+00,1.062120914459228516e+00
7.114868640899658203e+00,-4.005829334259033203e+00
-5.317522883415222168e-01,-4.820649623870849609e-01
-3.007846355438232422e+00,-5.386584281921386719e+00
-3.505659997463226318e-01,-3.320173740386962891e+00
-3.962517157196998596e-02,-4.305757522583007812e+00
1.038066446781158447e-01,-2.013038396835327148e+00
6.271098613739013672e+00,-6.938848495483398438e+00
-4.158325791358947754e-01,-3.706523895263671875e+00
-2.482037305831909180e+00,-1.634759902954101562e+00
2.627214491367340088e-01,1.124680161476135254e+00
5.359706878662109375e+00,-2.079308032989501953e+00
7.186735868453979492e-01,-7.932548969984054565e-02
3.428122520446777344e+00,1.222711801528930664e+00
3.211581945419311523e+00,-1.931394934654235840e+00
-1.961487889289855957e+00,-1.377979636192321777e+00
1.337273418903350830e-01,-1.263005495071411133e+00
-3.609087765216827393e-01,-2.605379819869995117e+00
2.198992013931274414e+00,-2.747302055358886719e+00
-1.976539194583892822e-01,2.682630419731140137e-01
-2.552179694175720215e-01,9.587442874908447266e-01
1.210804879665374756e-01,-3.750943422317504883e+00
-5.830310821533203125e+00,-1.946408867835998535e+00
-5.190715789794921875e-01,-5.386134982109069824e-02
-7.925375699996948242e-01,1.452515602111816406e+00
-4.348688423633575439e-01,1.665290236473083496e+00
1.944945096969604492e+00,-5.780917406082153320e-01
2.097091265022754669e-02,-1.630756020545959473e+00
2.259259223937988281e+00,-7.553113698959350586e-01
7.416206598281860352e-02,6.460233926773071289e-01
5.807374954223632812e+00,-2.722874402999877930e+00
-3.250741004943847656e+00,-3.300830125808715820e+00
-2.018005371093750000e+00,-3.199143409729003906e+00
-4.770873486995697021e-01,-4.014989137649536133e-01
4.116229414939880371e-01,-2.655010521411895752e-01
-2.534432888031005859e+00,-1.827685952186584473e+00
1.572015434503555298e-01,6.753749847412109375e-01
-3.002443552017211914e+00,1.247874975204467773e+00
-2.572419345378875732e-01,-4.051856994628906250e+00
5.676702976226806641e+00,-4.136221408843994141e+00
-8.989698290824890137e-01,-3.299171924591064453e+00
-1.097521185874938965e-01,-1.580976724624633789e+00
-6.164509803056716919e-03,4.956814944744110107e-01
2.183671712875366211e+00,-2.430982828140258789e+00
5.201095938682556152e-01,-1.518102049827575684e+00
-4.211847186088562012e-01,1.345466375350952148e+00
-8.959843218326568604e-02,-4.111559391021728516e+00
-1.815697669982910156e+00,-8.236892700195312500e+00
2.139307737350463867e+00,-1.241949677467346191e+00
-1.596851587295532227e+00,-4.995449185371398926e-01
3.874236643314361572e-01,-5.225725650787353516e+00
1.329655170440673828e+00,-1.207588911056518555e+00
-2.942826151847839355e-01,-2.928213596343994141e+00
-1.716027021408081055e+00,-3.671765089035034180e+00
-7.886718213558197021e-02,-3.165701389312744141e+00
1.957603543996810913e-01,8.228925466537475586e-01
-5.592896938323974609e-01,2.402335256338119507e-01
-3.321472927927970886e-02,-1.633033394813537598e+00
6.420703530311584473e-01,-8.562228083610534668e-01
-7.985658049583435059e-01,-3.077191114425659180e+00
-3.258526325225830078e-02,4.339849948883056641e-01
-2.106397300958633423e-01,3.301603794097900391e-01
2.436748743057250977e+00,-1.271841883659362793e+00
-4.196603894233703613e-01,-1.713367223739624023e+00
-3.799685537815093994e-01,-2.509139776229858398e+00
-4.140715003013610840e-01,-3.883315801620483398e+00
-4.576562941074371338e-01,-5.448427200317382812e-01
-1.418828815221786499e-01,3.913370966911315918e-01
-7.858843207359313965e-01,5.489612221717834473e-01
-9.389339089393615723e-01,-6.644356846809387207e-01
7.059720754623413086e-01,-4.591960906982421875e+00
-1.428573951125144958e-02,-3.954743623733520508e+00
-1.950615644454956055e+00,-2.341109991073608398e+00
-1.360741734504699707e+00,8.278818130493164062e-01
6.604741096496582031e+00,-5.503538608551025391e+00
-3.101921319961547852e+00,-2.400887489318847656e+00
1.074846088886260986e-01,5.168932676315307617e-01
3.768680989742279053e-01,1.448872566223144531e+00
9.920216798782348633e-01,-4.050439834594726562e+00
1.775905847549438477e+00,-1.599352657794952393e-01
-5.518552660942077637e-01,-4.487978458404541016e+00
-2.070585489273071289e+00,3.059732437133789062e+00
1.247625708580017090e+00,-2.598674535751342773e+00
-4.362154901027679443e-01,7.160798907279968262e-01
-1.125080466270446777e+00,-4.895099639892578125e+00
1.713032007217407227e+00,-2.369104385375976562e+00
-4.158325791358947754e-01,-3.706523895263671875e+00
1.033949136734008789e+00,-7.347535490989685059e-01
1.829646974802017212e-01,1.103386521339416504e+00
5.860729813575744629e-01,-9.256857633590698242e-01
-2.302474260330200195e+00,-3.821928203105926514e-01
-7.987440228462219238e-01,-3.834587574005126953e+00
1.365718483924865723e+00,-2.496216744184494019e-01
7.029946446418762207e-01,-1.353723645210266113e+00
7.685758471488952637e-01,-1.486940026283264160e+00
1.620117902755737305e+00,4.567015767097473145e-01
-2.172766923904418945e-01,-3.322567939758300781e+00
-2.106884494423866272e-02,2.060036212205886841e-01
-5.190715789794921875e-01,-5.386134982109069824e-02
-1.425682425498962402e+00,-1.985363364219665527e+00
-6.333680152893066406e-01,-1.338171601295471191e+00
3.902902901172637939e-01,8.100841045379638672e-01
1.587891936302185059e+00,-2.485298395156860352e+00
-1.980222344398498535e+00,4.122848808765411377e-01
1.906999588012695312e+00,-1.627882122993469238e+00
1.727132201194763184e+00,1.811809301376342773e+00
1.531883716583251953e+00,-2.222887516021728516e+00
1.394242644309997559e-01,8.858584165573120117e-01
8.636721372604370117e-01,-1.252463817596435547e+00
1.617815494537353516e+00,4.963620185852050781e+00
-1.555731594562530518e-01,-1.230002522468566895e+00
2.725488901138305664e+00,-1.476031661033630371e+00
-3.449550390243530273e+00,-3.975039005279541016e+00
-9.694247245788574219e-01,4.538362622261047363e-01
-1.409202098846435547e+00,-2.300859212875366211e+00
1.450661420822143555e+00,-1.739045500755310059e+00
-2.259918004274368286e-01,2.213389128446578979e-01
-1.681641936302185059e-01,-3.601329565048217773e+00
4.065335273742675781e+00,-1.001362085342407227e+00
-1.321899414062500000e+00,-2.564558506011962891e+00
-3.453082144260406494e-01,-2.720218896865844727e-01
1.385283172130584717e-01,9.434527158737182617e-01
2.392152070999145508e+00,-3.817993402481079102e+00
-2.460325479507446289e+00,-3.448385953903198242e+00
1.127358525991439819e-01,3.066502511501312256e-01
-2.629683017730712891e+00,-4.249053955078125000e+00
-4.597035050392150879e-01,5.021711587905883789e-01
-2.457003116607666016e+00,-7.747896671295166016e+00
-5.943526625633239746e-01,-4.417083263397216797e-01
2.259776830673217773e+00,-2.808905839920043945e+00
-1.284853577613830566e+00,-4.596089571714401245e-02
-2.368765354156494141e+00,3.559959828853607178e-01
2.152122735977172852e+00,-3.275012075901031494e-01
1.044640183448791504e+00,-1.109503805637359619e-01
-2.468963384628295898e+00,-6.384035110473632812e+00
-2.082766592502593994e-01,7.742965817451477051e-01
1.549944132566452026e-01,1.268630504608154297e+00
1.880676627159118652e+00,-7.081025838851928711e-01
-1.331219434738159180e+00,9.251839667558670044e-02
-9.580001831054687500e-01,-1.726658463478088379e+00
2.513764500617980957e-01,-1.579972505569458008e+00
-3.013890981674194336e+00,-6.923697948455810547e+00
-6.088590025901794434e-01,9.853621572256088257e-02
-2.503944635391235352e+00,-1.928920865058898926e+00
-8.346035480499267578e-01,-4.301470220088958740e-01
2.167577981948852539e+00,-1.975707650184631348e+00
-2.864037752151489258e-01,-2.156678438186645508e+00
-2.408032894134521484e+00,-3.305728197097778320e+00
1.884939432144165039e+00,-2.845632731914520264e-01
-1.848934054374694824e+00,-1.704195976257324219e+00
4.655038833618164062e+00,-2.521429955959320068e-01
-2.555291891098022461e+00,-1.749502301216125488e+00
-1.193964242935180664e+00,-2.728358030319213867e+00
1.223841786384582520e+00,-8.957300186157226562e-01
4.493529796600341797e-01,1.289478182792663574e+00
2.486604928970336914e+00,-1.609624743461608887e+00
-3.161365985870361328e-01,4.555977135896682739e-02
-3.166872501373291016e+00,-2.991101264953613281e+00
3.432165145874023438e+00,-6.336441636085510254e-01
-1.103903949260711670e-01,-6.296018958091735840e-01
-1.325010061264038086e+00,-3.206585645675659180e+00
-1.364098668098449707e+00,-4.028727531433105469e+00
-2.302919775247573853e-01,2.659491300582885742e-01
2.116044759750366211e+00,-1.789284586906433105e+00
1.841622233390808105e+00,6.426793932914733887e-01
-1.220864802598953247e-01,-1.732674837112426758e+00
-2.095789909362792969e+00,-3.125589132308959961e+00
7.582328319549560547e-01,6.746895909309387207e-01
-2.662143945693969727e+00,-4.406323909759521484e+00
4.421964645385742188e+00,-1.941193938255310059e+00
-1.629476845264434814e-01,-4.705655574798583984e+00
4.324472248554229736e-01,8.236602544784545898e-01
-1.230343818664550781e+00,1.556034445762634277e+00
-3.584376275539398193e-01,-4.701326847076416016e+00
3.536634445190429688e-01,-5.464580655097961426e-01
1.456750929355621338e-02,-2.952902555465698242e+00
-5.664698123931884766e+00,-4.789291858673095703e+00
-3.197711706161499023e-01,-2.862127542495727539e+00
-1.076444029808044434e+00,-6.363716125488281250e-01
-3.972758769989013672e+00,1.706127643585205078e+00
-1.299069523811340332e+00,-4.588014125823974609e+00
-1.252572774887084961e+00,-2.129009485244750977e+00
9.688419103622436523e-01,9.270557761192321777e-01
3.561636924743652344e+00,-2.339783906936645508e+00
3.026547670364379883e+00,-5.061502456665039062e+00
2.172902345657348633e+00,-1.993186026811599731e-01
-1.339486241340637207e+00,-2.790677309036254883e+00
-1.451487898826599121e+00,-3.141078472137451172e+00
-2.704480886459350586e+00,-2.448566675186157227e+00
-2.883074045181274414e+00,5.913669466972351074e-01
-8.441121876239776611e-02,1.003855764865875244e-01
-1.913334012031555176e+00,-3.355351209640502930e+00
9.566995501518249512e-02,-2.274403810501098633e+00
5.745240211486816406e+00,-4.010179042816162109e+00
1.994604706764221191e+00,-7.290782332420349121e-01
5.014636516571044922e+00,-3.241531610488891602e+00
-1.783517360687255859e+00,-2.745874166488647461e+00
2.627574205398559570e+00,-2.733108282089233398e+00
1.133476138114929199e+00,1.597521305084228516e+00
1.181425154209136963e-01,-1.317139983177185059e+00
2.043074965476989746e-01,-2.105535745620727539e+00
3.536056995391845703e+00,8.777913451194763184e-02
7.626179695129394531e+00,9.608489274978637695e-01
-3.695245981216430664e+00,-3.073888301849365234e+00
2.963381409645080566e-01,6.808932423591613770e-01
-2.357312440872192383e+00,-3.649990081787109375e+00
-1.788179755210876465e+00,-1.070472747087478638e-01
1.346242874860763550e-01,1.124930143356323242e+00
5.978249758481979370e-02,1.124450445175170898e+00
3.789599418640136719e+00,1.849476933479309082e+00
-7.178356647491455078e-01,1.488524913787841797e+00
-2.757428884506225586e+00,-2.099924564361572266e+00
-1.008057117462158203e+00,6.744473576545715332e-01
2.914595127105712891e+00,-7.900213599205017090e-01
1.485299915075302124e-01,5.567234158515930176e-01
4.682378768920898438e+00,-1.171888828277587891e+00
3.346008956432342529e-01,-1.520229458808898926e+00
2.392221212387084961e+00,-2.554341077804565430e+00
1.176902532577514648e+00,1.430708914995193481e-01
-5.776438713073730469e-01,-3.923968374729156494e-01
-5.536855459213256836e-01,-3.868801355361938477e+00
-2.570876777172088623e-01,-2.421094894409179688e+00
-2.868693172931671143e-01,-8.324693679809570312e+00
-2.746469676494598389e-01,-3.562972784042358398e+00
-5.441648140549659729e-02,-2.481314182281494141e+00
-1.783517360687255859e+00,-2.745874166488647461e+00
3.058125972747802734e+00,-5.055077552795410156e+00
2.392221212387084961e+00,-2.554341077804565430e+00
-6.225423812866210938e-01,-5.103083610534667969e+00
-1.331608176231384277e+00,1.335677981376647949e+00
-6.057289242744445801e-01,-4.330495834350585938e+00
4.403752088546752930e-01,9.742541611194610596e-02
2.229247570037841797e+00,-4.781232833862304688e+00
3.224719762802124023e-01,9.483082294464111328e-01
2.459490537643432617e+00,-2.508870124816894531e+00
-1.420894265174865723e-01,-7.184587717056274414e-01
4.202971458435058594e+00,-7.222929000854492188e+00
3.459964990615844727e-01,1.343259811401367188e+00
-9.101018309593200684e-02,-3.025141954421997070e+00
-1.298041194677352905e-01,5.286667346954345703e-01
-6.544973850250244141e-01,-3.416206359863281250e+00
4.142133235931396484e+00,-3.514028787612915039e+00
2.436856776475906372e-01,9.166017174720764160e-01
1.846404552459716797e+00,-1.680956482887268066e+00
1.441386580467224121e+00,5.775983929634094238e-01
-1.238597869873046875e+00,-3.898442983627319336e+00
-3.497429788112640381e-01,-4.351599216461181641e-01
3.516946554183959961e+00,3.844497203826904297e-01
-2.306238859891891479e-01,3.531276285648345947e-01
3.250694036483764648e+00,-1.807484269142150879e+00
1.406872570514678955e-01,1.173783421516418457e+00
1.691293269395828247e-01,1.377791523933410645e+00
-3.891436755657196045e-01,-1.109978914260864258e+00
-2.418776750564575195e-01,3.536482453346252441e-01
-7.925375699996948242e-01,1.452515602111816406e+00
-2.945428848266601562e+00,-4.140586853027343750e+00
1.856545805931091309e+00,-2.926358222961425781e+00
-3.801172971725463867e+00,-4.952282905578613281e-01
2.883023977279663086e+00,3.650128364562988281e+00
4.073843359947204590e-02,-2.374304533004760742e+00
3.083702087402343750e+00,-4.664631843566894531e+00
2.153401613235473633e+00,-1.874276995658874512e+00
2.936510801315307617e+00,-4.591288268566131592e-01
2.393650770187377930e+00,-4.429669380187988281e-01
-1.354493498802185059e+00,-1.436103433370590210e-01
-4.342432498931884766e+00,-4.754921436309814453e+00
8.236105918884277344e+00,2.029953241348266602e+00
-1.416017293930053711e+00,-2.155218839645385742e+00
2.854391574859619141e+00,-1.218407630920410156e+00
-7.782749176025390625e+00,-4.460786819458007812e+00
-6.786726117134094238e-01,-2.126889705657958984e+00
1.629572033882141113e+00,-2.560529708862304688e+00
7.829785943031311035e-01,-3.722974061965942383e-01
-5.219529867172241211e-01,-3.305389642715454102e+00
-1.895916014909744263e-01,-3.926282405853271484e+00
1.137198352813720703e+01,-2.664824128150939941e-01
2.337413311004638672e+00,-1.456685185432434082e+00
4.952304363250732422e-01,-3.774409294128417969e+00
-4.149548530578613281e+00,-4.172777652740478516e+00
2.692047655582427979e-01,-2.601906061172485352e+00
5.504599809646606445e-01,-9.913087487220764160e-01
-9.532461762428283691e-01,-4.745903491973876953e+00
-2.688646018505096436e-01,3.629606068134307861e-01
-9.828211069107055664e-01,7.411494851112365723e-01
2.017582654953002930e+00,-2.998783349990844727e+00
-2.344483137130737305e+00,8.954873681068420410e-01
-4.684784710407257080e-01,4.171000123023986816e-01
1.550806909799575806e-01,3.544406294822692871e-01
-2.289381504058837891e+00,-5.096867680549621582e-01
-1.663275361061096191e-01,1.852818578481674194e-02
-2.815110206604003906e+00,-3.661653518676757812e+00
1.791536808013916016e-01,2.369904041290283203e+00
1.518274188041687012e+00,2.795012950897216797e+00
-7.175495028495788574e-01,6.976869106292724609e-01
2.868158578872680664e+00,-3.028403759002685547e+00
-2.319048717617988586e-02,-4.387777149677276611e-01
6.604741096496582031e+00,-5.503538608551025391e+00
-3.527729272842407227e+00,-2.158379077911376953e+00
4.749253273010253906e+00,2.085653543472290039e+00
1.952019810676574707e+00,-1.056404948234558105e+00
1.096889376640319824e+00,-1.057507395744323730e+00
7.184420108795166016e+00,3.108623504638671875e+00
2.204872131347656250e+00,-6.138817220926284790e-02
-9.213808774948120117e-01,-2.550352096557617188e+00
1.365120708942413330e-01,-2.077353000640869141e+00
-7.367193698883056641e-01,-3.968735337257385254e-01
2.313829898834228516e+00,-6.259166002273559570e-01
7.788097262382507324e-01,-1.170527100563049316e+00
6.579306125640869141e-01,-1.529706954956054688e+00
4.729017734527587891e+00,2.743110179901123047e+00
3.879479169845581055e+00,-6.016025066375732422e+00
2.090378552675247192e-01,1.097521662712097168e+00
-3.101921319961547852e+00,-2.400887489318847656e+00
-8.326824009418487549e-02,-6.358575820922851562e-01
-2.370946884155273438e+00,-1.238918781280517578e+00
3.049387335777282715e-01,5.011128187179565430e-01
-9.995338320732116699e-02,-4.650553703308105469e+00
-2.015699148178100586e+00,-3.404947996139526367e+00
-2.115869671106338501e-01,1.102140024304389954e-01
1.572015434503555298e-01,6.753749847412109375e-01
-1.561426162719726562e+00,6.667287349700927734e-01
1.804836392402648926e+00,2.845443487167358398e-01
4.969379901885986328e+00,-8.106082677841186523e-01
2.995045185089111328e+00,-3.500120162963867188e+00
2.299776315689086914e+00,-2.839160680770874023e+00
3.255016326904296875e+00,-1.567778468132019043e+00
8.557491004467010498e-02,7.401022315025329590e-01
-1.321899414062500000e+00,-2.564558506011962891e+00
1.196794390678405762e+00,1.748869061470031738e+00
1.671603322029113770e+00,-4.770302474498748779e-01
3.612627267837524414e+00,4.775860786437988281e+00
-5.544359207153320312e+00,-3.710507750511169434e-01
4.613416492938995361e-01,-1.170805573463439941e+00
-9.118281006813049316e-01,-2.927453279495239258e+00
-3.595206499099731445e+00,2.478769302368164062e+00
1.080430895090103149e-01,6.546585559844970703e-01
-7.855226993560791016e-01,-2.023291110992431641e+00
5.712389200925827026e-02,9.807454347610473633e-01
-1.680472731590270996e+00,1.020150661468505859e+00
1.754829883575439453e-01,7.782401442527770996e-01
2.163189649581909180e+00,-1.796051979064941406e+00
-5.616607666015625000e+00,2.285784244537353516e+00
-1.885571122169494629e+00,-7.274694442749023438e-01
-5.612360835075378418e-01,-2.298152923583984375e+00
-1.632528752088546753e-01,-4.035664558410644531e+00
-9.999951720237731934e-01,5.002878606319427490e-02
3.931294441223144531e+00,1.062120914459228516e+00
-1.596323214471340179e-02,-7.998198270797729492e-01
1.630675047636032104e-01,3.156838417053222656e-01
3.021186351776123047e+00,2.320207118988037109e+00
5.527671337127685547e+00,3.281244039535522461e+00
-3.195186555385589600e-01,-1.186262726783752441e+00
-1.066577553749084473e+00,-4.443617343902587891e+00
6.420703530311584473e-01,-8.562228083610534668e-01
2.201558589935302734e+00,-1.861510723829269409e-01
1.043194103240966797e+01,-1.659733891487121582e+00
5.364076137542724609e+00,3.054923057556152344e+00
1.471060752868652344e+00,-9.935808777809143066e-01
-2.955015659332275391e+00,-4.794771194458007812e+00
-1.249644637107849121e+00,5.238424539566040039e-01
-9.007772207260131836e-01,-3.120602369308471680e-01
-5.931429266929626465e-01,-3.367325782775878906e+00
-4.426210403442382812e+00,-5.693025112152099609e+00
-2.921586632728576660e-01,3.105888605117797852e+00
-5.694683194160461426e-01,-4.896108508110046387e-01
1.884939432144165039e+00,-2.845632731914520264e-01
-2.397386133670806885e-01,-2.420318365097045898e+00
-7.429449260234832764e-02,2.426571696996688843e-01
-1.056464463472366333e-01,-2.675380945205688477e+00
1.471333503723144531e+00,2.770210504531860352e+00
-1.398004293441772461e+00,-4.380404949188232422e+00
1.217873096466064453e+00,1.567827939987182617e+00
2.226074695587158203e+00,2.356424331665039062e+00
1.592628240585327148e+00,-5.331021308898925781e+00
-5.124713182449340820e-01,-7.541000247001647949e-01
-2.394948720932006836e+00,-5.529616355895996094e+00
1.247488260269165039e+00,-2.096312940120697021e-01
5.854175090789794922e-01,8.064593076705932617e-01
3.721592903137207031e+00,1.341679990291595459e-01
3.002505302429199219e+00,-2.839178800582885742e+00
6.292336583137512207e-01,1.232587546110153198e-01
-2.271442413330078125e+00,1.495744347572326660e+00
-1.185469329357147217e-01,-2.574385643005371094e+00
1.808846592903137207e+00,-4.064789295196533203e+00
2.107218503952026367e+00,-1.912402987480163574e+00
1.277000829577445984e-02,-1.759104490280151367e+00
-1.187890648841857910e+00,-5.771293044090270996e-01
-5.307424068450927734e-01,-1.984410166740417480e+00
1.210804879665374756e-01,-3.750943422317504883e+00
1.554041147232055664e+00,-1.665599822998046875e+00
1.829420924186706543e-01,5.649059414863586426e-01
1.565572321414947510e-01,1.011460542678833008e+00
-6.784374117851257324e-01,9.912052005529403687e-02
1.394242644309997559e-01,8.858584165573120117e-01
1.158632636070251465e+00,-2.715360641479492188e+00
-8.727700710296630859e-01,-2.242548942565917969e+00
-2.080993205308914185e-01,-3.592824459075927734e+00
5.936133861541748047e-01,-8.935499787330627441e-01
-5.182860493659973145e-01,-3.950595140457153320e+00
8.655832409858703613e-01,-6.619526743888854980e-01
1.017655134201049805e+00,-8.434011340141296387e-01
-3.976124525070190430e-01,-2.097363471984863281e+00
-8.494706153869628906e-01,-2.116880893707275391e+00
-1.232194066047668457e+00,5.959015488624572754e-01
1.736108958721160889e-01,-2.069175481796264648e+00
1.564169883728027344e+00,-9.198390245437622070e-01
1.127358525991439819e-01,3.066502511501312256e-01
-6.498687863349914551e-01,-1.479513794183731079e-01
-1.799360156059265137e+00,-3.902171611785888672e+00
2.172902345657348633e+00,-1.993186026811599731e-01
4.331716060638427734e+00,-8.310785889625549316e-01
5.092666149139404297e+00,-4.234057426452636719e+00
-2.229560017585754395e-01,-2.568843603134155273e+00
4.176323890686035156e+00,-6.927960515022277832e-01
5.698444843292236328e-01,-1.127848625183105469e+00
-2.422253847122192383e+00,-1.956035614013671875e+00
3.062262773513793945e+00,3.117767095565795898e+00
2.024561405181884766e+00,-2.087994098663330078e+00
1.612270712852478027e+00,-1.409543156623840332e+00
1.385283172130584717e-01,9.434527158737182617e-01
-2.232037067413330078e+00,-4.574435710906982422e+00
7.292552590370178223e-01,-1.399793982505798340e+00
4.875500798225402832e-01,-6.294828653335571289e-01
1.147529959678649902e+00,2.109667778015136719e+00
1.691293269395828247e-01,1.377791523933410645e+00
-1.549369990825653076e-01,-2.519220113754272461e+00
2.840529084205627441e-01,8.569141030311584473e-01
5.814298987388610840e-01,-1.256469607353210449e+00
-3.895327150821685791e-01,-1.669329106807708740e-01
-1.843655668199062347e-02,2.693260908126831055e-01
-1.166358590126037598e-03,5.765916705131530762e-01
-1.098939180374145508e+00,-5.762810111045837402e-01
4.276408195495605469e+00,-4.710408210754394531e+00
-5.208113789558410645e-01,-2.795086622238159180e+00
1.592100024223327637e+00,-1.744347333908081055e+00
-5.616607666015625000e+00,2.285784244537353516e+00
5.568047240376472473e-02,9.919182658195495605e-01
-2.211730241775512695e+00,-3.186503648757934570e+00
1.986054480075836182e-01,2.624971151351928711e+00
-6.500104069709777832e-02,3.350670039653778076e-01
9.419960021972656250e+00,-1.231001853942871094e+00
4.100666046142578125e+00,1.540728330612182617e+00
-3.525237560272216797e+00,-1.063168406486511230e+00
9.252487123012542725e-02,-3.244243144989013672e+00
-2.704480886459350586e+00,-2.448566675186157227e+00
-1.306200146675109863e+00,-2.819784879684448242e+00
2.048592567443847656e+00,-1.524452686309814453e+00
-2.093012571334838867e+00,-3.436019122600555420e-01
2.920661687850952148e+00,-3.889702558517456055e+00
-9.321854114532470703e-01,-2.075856924057006836e+00
4.395865369588136673e-03,-2.030069828033447266e+00
-8.826231360435485840e-01,8.527776002883911133e-01
7.536286711692810059e-01,-1.578113675117492676e+00
1.247471868991851807e-01,-2.294058084487915039e+00
-8.994091749191284180e-01,-2.391771078109741211e+00
-4.159758388996124268e-01,-2.903920173645019531e+00
2.537181615829467773e+00,-2.000346899032592773e+00
-5.718353018164634705e-02,2.834782302379608154e-01
5.382237434387207031e+00,1.960395336151123047e+00
6.076322793960571289e-01,5.339885950088500977e-01
1.355286002159118652e+00,-6.204361468553543091e-02
-6.083281993865966797e+00,-5.661400794982910156e+00
4.363033771514892578e-01,-5.929839611053466797e+00
3.002505302429199219e+00,-2.839178800582885742e+00
-1.658442139625549316e+00,-3.612127304077148438e+00
3.679130673408508301e-01,-4.911775588989257812e+00
4.426975250244140625e-01,-9.624388813972473145e-01
-1.444462418556213379e+00,-1.649805784225463867e+00
-4.602523446083068848e-01,2.743260264396667480e-01
5.646586418151855469e+00,-1.520359516143798828e+00
-4.609416425228118896e-01,-4.740917682647705078e-01
-1.496690273284912109e+00,1.260650038719177246e+00
6.246569752693176270e-01,2.710685968399047852e+00
2.539489507675170898e+00,-2.868618965148925781e+00
-1.732935786247253418e+00,-4.552688598632812500e+00
2.204872131347656250e+00,-6.138817220926284790e-02
-2.394415438175201416e-01,2.951747477054595947e-01
-1.822462439537048340e+00,-3.177737236022949219e+00
-4.367543756961822510e-01,-4.050552546977996826e-01
6.500769257545471191e-01,1.382752694189548492e-02
-2.900301218032836914e-01,-2.459901809692382812e+00
1.745261669158935547e+00,1.349057316780090332e+00
3.120107412338256836e+00,1.766095757484436035e+00
4.883079051971435547e+00,-3.559380531311035156e+00
-3.770059585571289062e+00,1.678634047508239746e+00
-2.155622959136962891e+00,-4.036655902862548828e+00
7.416206598281860352e-02,6.460233926773071289e-01
-4.362154901027679443e-01,7.160798907279968262e-01
1.872809290885925293e+00,-3.040592432022094727e+00
-2.395928382873535156e+00,-4.147350788116455078e+00
4.311783790588378906e+00,-2.588985204696655273e+00
-1.447839617729187012e+00,-6.314935088157653809e-01
2.164124548435211182e-01,-1.590456962585449219e+00
-2.364526316523551941e-02,-2.481922864913940430e+00
-1.765001058578491211e+00,-2.972444772720336914e+00
-3.806414008140563965e-01,-2.505509138107299805e+00
1.053842902183532715e-01,7.859038710594177246e-01
-8.989698290824890137e-01,-3.299171924591064453e+00
-1.612423419952392578e+00,7.520914673805236816e-01
-1.173991441726684570e+00,4.581631422042846680e-01
7.194544374942779541e-02,-3.784159719944000244e-01
8.363021910190582275e-02,5.561358928680419922e-01
-3.213590860366821289e+00,-3.683970928192138672e+00
-7.871064543724060059e-01,-1.568844914436340332e+00
4.209614753723144531e+00,-3.499246120452880859e+00
-2.692038297653198242e+00,4.012093067169189453e+00
-3.166872501373291016e+00,-2.991101264953613281e+00
5.168323516845703125e+00,-1.382226824760437012e+00
-7.175495028495788574e-01,6.976869106292724609e-01
2.442114114761352539e+00,-1.604527950286865234e+00
2.705747604370117188e+00,2.334519386291503906e+00
3.435206115245819092e-01,2.756409406661987305e+00
1.612348109483718872e-02,-3.225842475891113281e+00
-1.246947407722473145e+00,-2.792193412780761719e+00
-2.719361782073974609e-01,-2.622606992721557617e+00
4.755303382873535156e+00,-3.567307293415069580e-01
-1.779863357543945312e+00,-3.622479677200317383e+00
-9.299412369728088379e-01,-6.773602962493896484e+00
1.151980906724929810e-01,1.058719515800476074e+00
-3.979618787765502930e+00,-3.744586467742919922e+00
-1.783832788467407227e+00,1.361686110496520996e+00
-8.137713670730590820e-01,-3.947258710861206055e+00
-2.692038297653198242e+00,4.012093067169189453e+00
-6.500104069709777832e-02,3.350670039653778076e-01
-2.268760681152343750e+00,-4.121741294860839844e+00
9.966057538986206055e-02,1.547298580408096313e-01
3.864757716655731201e-01,5.099505186080932617e-01
-1.644977450370788574e+00,6.667903661727905273e-01
8.057168126106262207e-01,4.746858030557632446e-02
-1.775223761796951294e-01,5.085235238075256348e-01
-2.999803423881530762e-02,5.377752780914306641e-01
-2.212219685316085815e-01,3.449786305427551270e-01
7.284596562385559082e-01,-4.202988445758819580e-01
3.083702087402343750e+00,-4.664631843566894531e+00
-1.298041194677352905e-01,5.286667346954345703e-01
-1.262860655784606934e+00,-2.275437831878662109e+00
-7.553523778915405273e-01,8.827331066131591797e-01
-1.198628097772598267e-01,-2.392757892608642578e+00
1.883852720260620117e+00,-3.692139148712158203e+00
8.900701522827148438e+00,8.241539955139160156e+00
-1.424811035394668579e-01,3.347348868846893311e-01
2.110777854919433594e+00,-1.408603310585021973e+00
1.224668145179748535e+00,-2.127199649810791016e+00
5.106923580169677734e+00,-3.644946098327636719e+00
-2.364526316523551941e-02,-2.481922864913940430e+00
-6.725929975509643555e-01,4.701117277145385742e-01
-3.933429419994354248e-01,-2.444170236587524414e+00
3.045595288276672363e-01,2.051177978515625000e+00
3.433352708816528320e-01,-1.201724290847778320e+00
-3.461178839206695557e-01,-7.313202619552612305e-01
9.419960021972656250e+00,-1.231001853942871094e+00
1.485820651054382324e+00,-3.443574905395507812e+00
2.044338226318359375e+00,7.756240367889404297e-01
3.400067985057830811e-01,-1.073575615882873535e+00
1.576155424118041992e+00,5.771158337593078613e-01
1.080423593521118164e+00,-5.219162940979003906e+00
5.016161441802978516e+00,-7.305016517639160156e+00
2.078403830528259277e-01,6.618727445602416992e-01
6.243333816528320312e+00,-1.272878289222717285e+00
2.078403830528259277e-01,6.618727445602416992e-01
-9.379662573337554932e-02,5.958314985036849976e-02
1.271442472934722900e-01,-2.452342659235000610e-01
1.318071633577346802e-01,4.138840734958648682e-01
-4.891469478607177734e-01,-4.413689613342285156e+00
6.711261868476867676e-01,-1.190992832183837891e+00
-1.605125814676284790e-01,-2.458839178085327148e+00
7.294285297393798828e+00,-1.703689575195312500e+00
3.044775687158107758e-02,-2.834826707839965820e+00
-1.238026022911071777e+00,-2.919968843460083008e+00
5.026032328605651855e-01,-1.329029440879821777e+00
5.814298987388610840e-01,-1.256469607353210449e+00
-2.811944961547851562e+00,9.498020410537719727e-01
-7.886718213558197021e-02,-3.165701389312744141e+00
-7.572672367095947266e-01,-5.232935905456542969e+00
-1.113115906715393066e+00,-3.891117274761199951e-01
1.782829880714416504e+00,-5.688815712928771973e-01
1.945310980081558228e-01,5.220401883125305176e-01
1.373887181282043457e+00,-1.930115103721618652e+00
1.080430895090103149e-01,6.546585559844970703e-01
4.380568981170654297e+00,-1.536606311798095703e+00
3.789466381072998047e+00,-3.507517576217651367e+00
-1.206459164619445801e+00,-5.176054000854492188e+00
-7.211776971817016602e-01,-4.137990474700927734e+00
-1.155493259429931641e-01,2.375838756561279297e-01
1.284015271812677383e-02,-2.973656654357910156e+00
-1.369220733642578125e+00,-2.785328865051269531e+00
5.059831142425537109e-01,-4.278733730316162109e+00
-5.434015989303588867e-01,1.613054752349853516e+00
-2.177559733390808105e-01,-4.177943766117095947e-01
-1.300264477729797363e+00,-7.826374769210815430e-01
5.382237434387207031e+00,1.960395336151123047e+00
-4.342432498931884766e+00,-4.754921436309814453e+00
6.232974529266357422e-01,-1.146375060081481934e+00
4.533464834094047546e-02,-2.831871271133422852e+00
-1.644950151443481445e+00,9.011642336845397949e-01
-9.146850556135177612e-03,-5.676339149475097656e+00
-6.293350458145141602e-01,-4.181536197662353516e+00
-3.057725667953491211e+00,-3.787712574005126953e+00
1.390668749809265137e+00,-1.334768295288085938e+00
2.027290821075439453e+00,6.413002312183380127e-02
3.985728323459625244e-01,-4.175669848918914795e-01
-2.135310649871826172e+00,1.587626814842224121e+00
-2.211730241775512695e+00,-3.186503648757934570e+00
-1.019111871719360352e-01,-4.049244403839111328e+00
5.578279495239257812e+00,-1.209495663642883301e+00
2.816503286361694336e+00,-1.338431537151336670e-01
-5.733950734138488770e-01,2.625654824078083038e-02
-1.717613697052001953e+00,-4.719203710556030273e-01
-1.696949899196624756e-01,3.065236508846282959e-01
1.892230272293090820e+00,-2.301940679550170898e+00
-3.486186265945434570e+00,-4.501532554626464844e+00
-5.843242645263671875e+00,-5.871951580047607422e+00
2.513764500617980957e-01,-1.579972505569458008e+00
4.981619119644165039e-01,-7.882052063941955566e-01
2.113860845565795898e-01,-3.057003259658813477e+00
-3.063285112380981445e+00,-4.157642364501953125e+00
2.920238494873046875e+00,-7.136388421058654785e-01
2.323931932449340820e+00,-2.389657735824584961e+00
-1.456875085830688477e+00,-3.160301446914672852e-01
-7.814437866210937500e+00,7.126293778419494629e-01
8.731126785278320312e-01,9.185070395469665527e-01
-9.789883494377136230e-01,3.279755264520645142e-02
-1.046528816223144531e+00,-3.932796955108642578e+00
-9.421420097351074219e-01,6.288167834281921387e-01
8.557491004467010498e-02,7.401022315025329590e-01
2.928760051727294922e+00,1.106193184852600098e+00
6.232974529266357422e-01,-1.146375060081481934e+00
-5.554516792297363281e+00,-2.705904483795166016e+00
5.630806088447570801e-01,1.140240073204040527e+00
-1.331780314445495605e+00,-2.117616415023803711e+00
-3.324832916259765625e+00,-3.952741861343383789e+00
-5.611978173255920410e-01,-1.635271459817886353e-01
-5.180851459503173828e+00,-4.052538871765136719e+00
-2.719361782073974609e-01,-2.622606992721557617e+00
2.753059864044189453e+00,2.458063662052154541e-01
-1.420453310012817383e+00,-2.255164146423339844e+00
-1.205866098403930664e+00,-1.233905553817749023e-01
3.484256982803344727e+00,-7.564515471458435059e-01
5.045514553785324097e-02,-1.922442197799682617e+00
-1.420690864324569702e-01,-2.141854047775268555e+00
2.914595127105712891e+00,-7.900213599205017090e-01
2.800493478775024414e+00,-1.740718722343444824e+00
-7.185297012329101562e-01,-2.608504593372344971e-01
1.375418454408645630e-01,4.400267302989959717e-01
-1.306081771850585938e+00,-1.822329640388488770e+00
-1.903100848197937012e+00,-5.116771221160888672e+00
1.450661420822143555e+00,-1.739045500755310059e+00
3.252034783363342285e-01,7.751512527465820312e-01
1.158632636070251465e+00,-2.715360641479492188e+00
3.268016874790191650e-02,1.599514856934547424e-02
6.668959856033325195e-01,-9.445816278457641602e-01
-4.084406793117523193e-01,-3.064203500747680664e+00
-2.018005371093750000e+00,-3.199143409729003906e+00
3.644234895706176758e+00,-1.112286806106567383e+00
1.868884682655334473e+00,-1.534186959266662598e+00
6.689240038394927979e-02,1.549000024795532227e+00
5.832147598266601562e+00,2.622731208801269531e+00
-2.378436326980590820e+00,-3.696655750274658203e+00
2.020655393600463867e+00,4.148761272430419922e+00
1.404760718345642090e+00,8.359966278076171875e+00
1.471735596656799316e+00,-2.321276664733886719e+00
-1.455174326896667480e+00,-5.292280912399291992e-01
-1.644950151443481445e+00,9.011642336845397949e-01
-1.996227353811264038e-01,-2.054299831390380859e+00
-1.187506079673767090e+00,-1.510980486869812012e+00
-2.289381504058837891e+00,-5.096867680549621582e-01
-9.867785573005676270e-01,6.751635074615478516e-01
-7.981910705566406250e-01,6.812698245048522949e-01
1.037754025310277939e-02,-8.934995532035827637e-01
2.407593488693237305e+00,-2.077271938323974609e+00
2.489822626113891602e+00,-5.755686759948730469e-01
-4.423429489135742188e+00,-3.605571269989013672e+00
-1.628269910812377930e+00,-3.065482676029205322e-01
3.400067985057830811e-01,-1.073575615882873535e+00
2.024703264236450195e+00,-2.503754794597625732e-01
1.473394781351089478e-01,-1.917254686355590820e+00
2.802262008190155029e-01,-5.229572653770446777e-01
-4.055741786956787109e+00,-4.599703788757324219e+00
9.712073802947998047e-01,-1.205362677574157715e+00
1.954829692840576172e+00,-1.799759268760681152e+00
2.673222780227661133e+00,-1.345521211624145508e+00
-4.277352094650268555e-01,-3.726981878280639648e+00
2.323931932449340820e+00,-2.389657735824584961e+00
1.271442472934722900e-01,-2.452342659235000610e-01
-3.824836969375610352e+00,-6.791061878204345703e+00
3.820150792598724365e-01,-6.949757337570190430e-01
1.652845740318298340e-01,-1.236497163772583008e-01
-5.943526625633239746e-01,-4.417083263397216797e-01
1.899544239044189453e+00,-2.541211128234863281e+00
1.719876170158386230e+00,-1.212458491325378418e+00
2.480035543441772461e+00,-5.002966880798339844e+00
2.736876249313354492e+00,-2.381728410720825195e+00
-1.212723255157470703e+00,-4.852696895599365234e+00
-1.440485477447509766e+00,9.630298614501953125e-01
1.539844155311584473e+00,-2.906582117080688477e+00
-2.288144379854202271e-01,1.325886726379394531e+00
4.469789505004882812e+00,-5.941853523254394531e-01
-2.520601749420166016e+00,-1.349146842956542969e+00
-2.330465316772460938e+00,-6.112245082855224609e+00
2.696563482284545898e+00,-2.031351327896118164e+00
4.067816734313964844e+00,-6.162772178649902344e-01
-5.776438713073730469e-01,-3.923968374729156494e-01
-1.968345791101455688e-01,4.321984648704528809e-01
4.109838008880615234e-01,-2.240557432174682617e+00
-7.975149899721145630e-03,4.837808609008789062e-01
-1.868884682655334473e+00,1.392651319503784180e+00
-3.275964409112930298e-02,4.485674798488616943e-01
-9.856798052787780762e-01,-1.666996628046035767e-01
-1.872883737087249756e-01,2.997327148914337158e-01
-6.705002188682556152e-01,4.116936326026916504e-01
-1.432537913322448730e+00,-6.315215229988098145e-01
-1.304266452789306641e+00,8.616210222244262695e-01
2.248671054840087891e-01,-3.570130109786987305e+00
8.304475247859954834e-02,3.213902413845062256e-01
-2.457003116607666016e+00,-7.747896671295166016e+00
6.668959856033325195e-01,-9.445816278457641602e-01
2.009936094284057617e+00,-2.433565378189086914e+00
3.790600776672363281e+00,-8.348913788795471191e-01
-2.954933345317840576e-01,-3.539263963699340820e+00
-2.555291891098022461e+00,-1.749502301216125488e+00
2.790480375289916992e+00,-8.900457620620727539e-01
1.935056805610656738e+00,-6.595407128334045410e-01
-1.141990162432193756e-02,-2.833137512207031250e-01
-2.394948720932006836e+00,-5.529616355895996094e+00
7.029946446418762207e-01,-1.353723645210266113e+00
-2.001029014587402344e+00,-2.532313823699951172e+00
3.405301094055175781e+00,-1.970167756080627441e+00
-1.135079145431518555e+00,3.740799129009246826e-01
2.347242832183837891e+00,3.353669166564941406e+00
4.311061859130859375e+00,2.873401165008544922e+00
2.258804798126220703e+00,-2.849226951599121094e+00
-1.740401536226272583e-01,-1.258124262094497681e-01
1.626517295837402344e+00,-6.780342012643814087e-02
1.872949242591857910e+00,5.942997336387634277e-02
1.660791873931884766e+00,-2.426298707723617554e-01
-2.422253847122192383e+00,-1.956035614013671875e+00
-2.079194784164428711e-01,-2.909867763519287109e-01
1.277355194091796875e+00,-1.753450036048889160e+00
-4.488650321960449219e+00,-3.555689573287963867e+00
2.348474979400634766e+00,-5.583662390708923340e-01
-2.237993240356445312e+00,-3.940755844116210938e+00
-5.010640144348144531e+00,-2.310256481170654297e+00
2.347026824951171875e+00,-4.706627845764160156e+00
-2.215344160795211792e-01,1.929777860641479492e-01
-4.383937835693359375e+00,-3.392650842666625977e+00
-6.621274948120117188e-01,-3.681614398956298828e+00
-3.573063313961029053e-01,-2.580247402191162109e+00
-2.402052402496337891e+00,-3.470236539840698242e+00
-1.685214757919311523e+00,-3.052368462085723877e-01
-1.139632940292358398e+00,-2.241734504699707031e+00
8.454885333776473999e-03,-2.874227762222290039e+00
2.259259223937988281e+00,-7.553113698959350586e-01
-1.187890648841857910e+00,-5.771293044090270996e-01
-1.974413245916366577e-01,-8.061952590942382812e-01
4.208419322967529297e+00,-3.534217119216918945e+00
-1.732935786247253418e+00,-4.552688598632812500e+00
-1.707783102989196777e+00,5.986546874046325684e-01
-2.933478355407714844e-01,2.881647944450378418e-01
2.121392488479614258e+00,-6.964751482009887695e-01
1.247471868991851807e-01,-2.294058084487915039e+00
1.879988163709640503e-01,-3.181987762451171875e+00
1.986353658139705658e-02,1.265817284584045410e+00
-2.091141790151596069e-01,-2.822637259960174561e-01
-2.521326541900634766e+00,-1.496888160705566406e+00
-1.099802613258361816e+00,-3.633488655090332031e+00
-5.841305851936340332e-01,-4.260914325714111328e+00
3.273464918136596680e+00,-8.292740583419799805e-01
4.460734128952026367e-01,-2.157381296157836914e+00
-5.456727981567382812e+00,-6.507730484008789062e+00
1.488391160964965820e-01,-2.600057601928710938e+00
1.739124536514282227e+00,-1.689279437065124512e+00
2.534974336624145508e+00,7.723165154457092285e-01
-2.265396267175674438e-01,2.558187246322631836e-01
1.583559364080429077e-01,-1.701306849718093872e-01
1.477649807929992676e-01,7.087481617927551270e-01
-1.696877837181091309e+00,-2.755558252334594727e+00
4.671712219715118408e-01,-9.258464574813842773e-01
4.092242240905761719e+00,-2.675268173217773438e+00
-1.386234164237976074e+00,-4.757018387317657471e-01
1.704584121704101562e+00,3.257663726806640625e+00
1.518999040126800537e-01,3.276820182800292969e-01
-2.334405422210693359e+00,7.316429018974304199e-01
-1.788179755210876465e+00,-1.070472747087478638e-01
2.451527863740921021e-03,-1.018002033233642578e+00
-6.845606565475463867e-01,-4.332653999328613281e+00
1.843071430921554565e-01,-1.560210108757019043e+00
3.790012896060943604e-01,-1.457214474678039551e+00
-9.964391589164733887e-03,5.338873267173767090e-01
-6.031252741813659668e-01,-3.639392852783203125e+00
-2.095789909362792969e+00,-3.125589132308959961e+00
5.091233253479003906e-01,2.082768827676773071e-01
4.051834344863891602e-01,-1.264189600944519043e+00
-3.397965133190155029e-01,-3.632663726806640625e+00
6.676290184259414673e-03,4.717955887317657471e-01
-1.069441795349121094e+00,7.483352422714233398e-01
-4.513078689575195312e+00,-7.426233291625976562e+00
-1.716718822717666626e-01,-2.620235681533813477e+00
-2.027336835861206055e+00,-4.023445397615432739e-02
-1.726332545280456543e+00,-3.457252025604248047e+00
3.176151752471923828e+00,-3.196064531803131104e-01
3.736396431922912598e-01,9.816547632217407227e-01
-4.868970811367034912e-01,6.039254069328308105e-01
2.020849466323852539e+00,-9.453150033950805664e-01
5.255942821502685547e+00,-2.175939083099365234e+00
2.073035947978496552e-02,-1.427582025527954102e+00
-2.936997652053833008e+00,-3.667376756668090820e+00
1.215594857931137085e-01,2.140436321496963501e-01
6.088544428348541260e-02,2.037648260593414307e-01
-1.548882007598876953e+00,1.000508069992065430e+00
-8.223757743835449219e-01,-4.113379478454589844e+00
3.016743898391723633e+00,-1.619744539260864258e+00
-7.493802905082702637e-01,-4.155692100524902344e+00
4.293421804904937744e-01,1.215855404734611511e-01
-6.610004603862762451e-02,1.502725362777709961e+00
-6.618496775627136230e-01,1.009910225868225098e+00
2.337413311004638672e+00,-1.456685185432434082e+00
1.628247648477554321e-02,-2.414039820432662964e-01
2.232473850250244141e+00,-2.546262979507446289e+00
1.465768098831176758e+00,-1.705328524112701416e-01
-7.871064543724060059e-01,-1.568844914436340332e+00
1.332043290138244629e+00,-6.681933999061584473e-01
-1.476608276367187500e+00,6.150748729705810547e-01
-3.933429419994354248e-01,-2.444170236587524414e+00
1.302520334720611572e-01,-3.471631050109863281e+00
3.121674060821533203e+00,-5.768093585968017578e+00
3.398314714431762695e+00,3.040899932384490967e-01
-1.016143113374710083e-01,-3.893908262252807617e+00
1.599395275115966797e+00,6.136674880981445312e-01
1.470362424850463867e+00,-2.016026735305786133e+00
2.272177338600158691e-01,-4.329329490661621094e+00
1.885742783546447754e+00,1.363378204405307770e-02
1.285212159156799316e+00,-2.757716178894042969e+00
2.211555004119873047e+00,-4.165740966796875000e+00
3.086905479431152344e+00,-1.322226762771606445e+00
2.442114114761352539e+00,-1.604527950286865234e+00
7.619004726409912109e+00,7.507037162780761719e+00
-1.208306193351745605e+00,-2.867120742797851562e+00
3.188968181610107422e+00,-1.299011945724487305e+00
7.582328319549560547e-01,6.746895909309387207e-01
2.747857384383678436e-02,4.643927514553070068e-01
1.356102675199508667e-01,-1.754307508468627930e+00
-1.302706718444824219e+00,9.842840433120727539e-01
-1.369220733642578125e+00,-2.785328865051269531e+00
4.438113048672676086e-02,-1.931663632392883301e+00
1.429172158241271973e+00,-3.701942920684814453e+00
-1.196583986282348633e+00,-2.013602733612060547e+00
-1.241847872734069824e+00,8.936609029769897461e-01
-3.318632543087005615e-01,-2.783878564834594727e+00
5.046154372394084930e-03,5.760908126831054688e-01
-1.962216734886169434e+00,-6.384805440902709961e-01
-1.724277287721633911e-01,2.776907980442047119e-01
-1.656552910804748535e+00,7.888839840888977051e-01
1.979559421539306641e+00,-7.813528776168823242e-01
1.297356796264648438e+01,-1.271066784858703613e+00
-3.324832916259765625e+00,-3.952741861343383789e+00
-6.541138291358947754e-01,4.407925307750701904e-01
3.254756212234497070e+00,4.778311848640441895e-01
8.067792654037475586e-02,-2.442324638366699219e+00
-1.046528816223144531e+00,-3.932796955108642578e+00
-2.686778545379638672e+00,-3.970790863037109375e+00
1.277709841728210449e+00,-1.288713335990905762e+00
2.747933626174926758e+00,-3.801253795623779297e+00
4.902673721313476562e+00,-3.915635347366333008e+00
-4.374429583549499512e-02,3.814612030982971191e-01
-7.327803373336791992e-01,-1.734170913696289062e+00
9.080594778060913086e-01,-1.671473741531372070e+00
7.492406666278839111e-02,-3.287500143051147461e+00
1.866994500160217285e+00,-7.957239747047424316e-01
1.954829692840576172e+00,-1.799759268760681152e+00
4.723829746246337891e+00,-9.345513582229614258e-01
-1.444462418556213379e+00,-1.649805784225463867e+00
1.591401457786560059e+00,-1.448279857635498047e+00
-1.317419886589050293e+00,5.270991325378417969e-01
5.541790962219238281e+00,7.242512106895446777e-01
-4.036987781524658203e+00,-2.194768905639648438e+00
-1.304832935333251953e+00,-2.483843564987182617e+00
3.916883468627929688e+00,-1.546307206153869629e+00
-7.259409129619598389e-02,3.727220296859741211e-01
-1.203248023986816406e+00,4.415325522422790527e-01
-2.732986956834793091e-02,4.004813134670257568e-01
7.402263283729553223e-01,1.960746198892593384e-01
4.902673721313476562e+00,-3.915635347366333008e+00
-2.662143945693969727e+00,-4.406323909759521484e+00
-1.089367985725402832e+00,-2.359876632690429688e+00
6.778896450996398926e-01,8.634235858917236328e-01
-1.368134260177612305e+00,-3.983677148818969727e+00
-2.215387821197509766e-01,-3.365463018417358398e+00
7.626179695129394531e+00,9.608489274978637695e-01
-1.246947407722473145e+00,-2.792193412780761719e+00
-1.960351504385471344e-02,-1.027020335197448730e+00
-2.448923587799072266e+00,-6.929277896881103516e+00
-1.219678074121475220e-01,3.187617957592010498e-01
1.001055002212524414e+00,-6.813080981373786926e-03
-1.110892295837402344e+00,-2.375659227371215820e+00
1.899544239044189453e+00,-2.541211128234863281e+00
-2.356893569231033325e-01,-2.567676067352294922e+00
2.116783142089843750e+00,-8.199828863143920898e-01
-2.037738800048828125e+00,-3.517051935195922852e+00
3.564971685409545898e-02,-2.637512683868408203e+00
-5.232445001602172852e-01,-9.605091810226440430e-01
9.002713203430175781e+00,6.538039207458496094e+00
-6.373946368694305420e-02,3.723342716693878174e-01
7.966656982898712158e-02,5.771271586418151855e-01
-1.515209555625915527e+00,-3.737172126770019531e+00
-2.845033884048461914e+00,-4.037088394165039062e+00
6.602198123931884766e+00,1.646118760108947754e+00
-9.570198059082031250e-01,-4.171534061431884766e+00
-6.855353713035583496e-02,5.257602334022521973e-01
1.277818202972412109e+00,3.985775113105773926e-01
-4.253636896610260010e-01,-3.960157334804534912e-01
8.900701522827148438e+00,8.241539955139160156e+00
2.539489507675170898e+00,-2.868618965148925781e+00
-1.430233955383300781e+00,-2.617495059967041016e+00
3.280598878860473633e+00,-1.406268239021301270e+00
-1.173991441726684570e+00,4.581631422042846680e-01
2.710525751113891602e+00,-1.341283440589904785e+00
5.578279495239257812e+00,-1.209495663642883301e+00
9.805098772048950195e-01,-5.603469610214233398e-01
2.816503286361694336e+00,-1.338431537151336670e-01
3.376764655113220215e-01,7.783114910125732422e-01
8.820803463459014893e-02,-1.995482802391052246e+00
-1.668786048889160156e+00,-2.734014511108398438e+00
-8.206666111946105957e-01,-2.318487644195556641e+00
1.587891936302185059e+00,-2.485298395156860352e+00
5.527671337127685547e+00,3.281244039535522461e+00
-9.651495218276977539e-01,7.145306468009948730e-01
-2.863219082355499268e-01,-4.014696121215820312e+00
-3.110679388046264648e+00,-3.460608720779418945e+00
3.346008956432342529e-01,-1.520229458808898926e+00
-6.183601617813110352e-01,-1.518745064735412598e+00
2.871924042701721191e-01,8.821021914482116699e-01
3.263734340667724609e+00,-1.933414816856384277e+00
-7.970990538597106934e-01,-3.473731279373168945e+00
7.140762805938720703e-01,1.111191809177398682e-01
2.323110580444335938e+00,-8.881774544715881348e-01
5.459191650152206421e-02,2.577961683273315430e-01
-8.355464935302734375e-01,-4.432047843933105469e+00
2.010629177093505859e+00,5.812582373619079590e-01
4.426446437835693359e+00,2.765041351318359375e+00
-1.329735517501831055e-01,-2.665397882461547852e+00
5.612978935241699219e-01,-3.246752977371215820e+00
5.688862800598144531e-01,1.166295528411865234e+00
-1.647828221321105957e-01,-4.330760836601257324e-01
2.120091021060943604e-02,-8.449558913707733154e-02
2.620052397251129150e-01,-2.877836465835571289e+00
3.795950114727020264e-01,-1.299258351325988770e+00
-8.478967666625976562e+00,-2.881171464920043945e+00
-2.951200902462005615e-01,4.980521798133850098e-01
9.432194709777832031e+00,-3.597046136856079102e+00
1.190023040771484375e+01,3.066727638244628906e+00
8.847168087959289551e-01,-2.827631473541259766e+00
9.873718023300170898e-01,-3.055460453033447266e+00
7.802845835685729980e-01,-1.122875571250915527e+00
3.867608606815338135e-01,-1.239032268524169922e+00
3.561636924743652344e+00,-2.339783906936645508e+00
-2.092139244079589844e+00,-3.444231986999511719e+00
1.241596579551696777e+00,-1.587147712707519531e+00
-1.441788077354431152e+00,-5.462716221809387207e-01
8.235756158828735352e-01,-1.410979390144348145e+00
-4.238570332527160645e-01,-2.055889129638671875e+00
-3.438776493072509766e+00,-5.269586563110351562e+00
-1.521351695060729980e+00,-2.392868041992187500e+00
3.012131452560424805e+00,-1.512773036956787109e-01
4.326770305633544922e+00,-1.783017396926879883e+00
-6.656424701213836670e-02,4.780320525169372559e-01
2.081144899129867554e-01,1.667166948318481445e+00
2.091403007507324219e-01,7.802945375442504883e-01
1.434949189424514771e-01,1.057658076286315918e+00
4.107515811920166016e+00,6.677754521369934082e-01
-1.053303956985473633e+00,-1.776503086090087891e+00
-1.903819084167480469e+00,-1.252028107643127441e+00
1.866770982742309570e+00,-2.348457336425781250e+00
1.021737813949584961e+00,-6.225111484527587891e-01
1.181037127971649170e-01,-1.853441119194030762e+00
-2.423556566238403320e+00,3.962658941745758057e-01
-9.596996903419494629e-01,-4.495246410369873047e+00
-9.964391589164733887e-03,5.338873267173767090e-01
-3.822890996932983398e+00,-1.452257990837097168e+00
-2.210144281387329102e+00,9.251673817634582520e-01
6.246569752693176270e-01,2.710685968399047852e+00
-1.364426255226135254e+00,-2.315855503082275391e+00
1.444350957870483398e+00,-6.227012872695922852e-01
-1.689153075218200684e+00,-4.505137503147125244e-01
1.680676341056823730e-01,-1.721399068832397461e+00
1.395926594734191895e+00,-1.791017413139343262e+00
6.676290184259414673e-03,4.717955887317657471e-01
2.928760051727294922e+00,1.106193184852600098e+00
8.304247856140136719e-01,-2.775547266006469727e+00
-5.646376684308052063e-02,-1.632328152656555176e+00
2.573324680328369141e+00,2.265098541975021362e-01
1.560889005661010742e+00,-5.315032958984375000e+00
2.573324680328369141e+00,2.265098541975021362e-01
1.661275506019592285e+00,3.008465290069580078e+00
-1.424811035394668579e-01,3.347348868846893311e-01
-7.775958180427551270e-01,-3.587602376937866211e+00
1.680676341056823730e-01,-1.721399068832397461e+00
-8.250451087951660156e-01,6.616598963737487793e-01
1.518268108367919922e+00,-1.144848346710205078e+00
-6.934897899627685547e-01,-1.550809621810913086e+00
-1.400243878364562988e+00,9.001791477203369141e-01
3.765475153923034668e-01,1.106382012367248535e+00
2.752722024917602539e+00,-1.969131827354431152e+00
-7.334705442190170288e-03,6.750476956367492676e-01
3.888891264796257019e-02,-2.646597146987915039e+00
9.088631272315979004e-01,-5.266458511352539062e+00
9.710370004177093506e-02,-2.334878444671630859e+00
2.877774089574813843e-02,1.399031758308410645e+00
-5.398139357566833496e-01,-2.323505163192749023e+00
9.897541254758834839e-03,-5.408092737197875977e-01
-2.637147426605224609e+00,-6.013612270355224609e+00
-6.244819164276123047e-01,1.100676774978637695e+00
2.145700931549072266e+00,-2.381831169128417969e+00
5.708718299865722656e-01,2.258843898773193359e+00
-1.476962208747863770e+00,-5.340157032012939453e+00
8.847550749778747559e-01,4.132812619209289551e-01
6.627435684204101562e+00,-9.943316578865051270e-01
-3.196480572223663330e-01,5.731176733970642090e-01
2.418364435434341431e-01,8.005127906799316406e-01
3.438045978546142578e-01,1.866184473037719727e+00
4.065907478332519531e+00,-4.307175159454345703e+00
2.158807516098022461e+00,7.556947469711303711e-01
9.839102745056152344e+00,-2.781858444213867188e+00
2.904769420623779297e+00,4.070642471313476562e+00
-2.139878645539283752e-02,1.058120608329772949e+00
-1.006071805953979492e+00,-2.274142026901245117e+00
1.355286002159118652e+00,-6.204361468553543091e-02
1.662615984678268433e-01,9.337392449378967285e-01
1.533259630203247070e+00,-4.873920232057571411e-02
1.366027712821960449e+00,-8.669736981391906738e-01
3.089631497859954834e-01,-1.646598339080810547e+00
9.432194709777832031e+00,-3.597046136856079102e+00
3.120746850967407227e+00,-4.061026096343994141e+00
-5.278064608573913574e-01,2.219424098730087280e-01
4.208683490753173828e+00,-1.181363582611083984e+00
2.486521005630493164e+00,-6.759993433952331543e-01
4.274956583976745605e-01,8.002953529357910156e-01
7.405879020690917969e+00,-8.419560194015502930e-01
-1.398809909820556641e+00,-3.123218297958374023e+00
4.276408195495605469e+00,-4.710408210754394531e+00
4.607577025890350342e-01,-1.034003257751464844e+00
2.448291063308715820e+00,-2.024947643280029297e+00
-4.240633174777030945e-02,3.700706735253334045e-02
5.988743901252746582e-02,6.790245771408081055e-01
-3.283910751342773438e-01,-2.959361553192138672e+00
2.785800695419311523e+00,1.084613680839538574e+00
2.498396396636962891e+00,3.215975463390350342e-01
-2.293845176696777344e+00,8.532962203025817871e-01
3.407713413238525391e+00,-1.718652725219726562e+00
2.322078227996826172e+00,-2.547312736511230469e+00
1.103867053985595703e+00,4.931538701057434082e-01
1.356102675199508667e-01,-1.754307508468627930e+00
-5.272269248962402344e+00,-2.070659160614013672e+00
-1.424971580505371094e+00,-2.536930561065673828e+00
1.626517295837402344e+00,-6.780342012643814087e-02
3.490025043487548828e+00,-4.209928512573242188e+00
2.639361619949340820e+00,2.887596368789672852e+00
4.109838008880615234e-01,-2.240557432174682617e+00
6.035441756248474121e-01,-1.323642015457153320e+00
4.258436858654022217e-01,-1.846262454986572266e+00
-1.669776439666748047e-01,-1.172478556632995605e+00
4.840769290924072266e+00,-2.030910849571228027e-01
2.621316194534301758e+00,-1.953666687011718750e+00
4.723829746246337891e+00,-9.345513582229614258e-01
2.377136945724487305e+00,2.307011127471923828e+00
-2.954954862594604492e+00,-3.003126859664916992e+00
-3.066767215728759766e+00,-6.641328811645507812e+00
6.778896450996398926e-01,8.634235858917236328e-01
-9.213808774948120117e-01,-2.550352096557617188e+00
-1.098911046981811523e+00,-6.256063461303710938e+00
2.394310712814331055e+00,7.790940999984741211e-01
4.456282615661621094e+00,-1.396607398986816406e+00
1.239164620637893677e-01,6.536006927490234375e-01
1.770701646804809570e+00,-9.322386384010314941e-01
8.538018167018890381e-02,4.395246505737304688e-01
-8.334767818450927734e-01,-3.683537483215332031e+00
1.775484919548034668e+00,2.796437740325927734e+00
1.472986221313476562e+00,-6.295830607414245605e-01
1.127604097127914429e-01,1.023821830749511719e+00
5.497349500656127930e-01,-2.005114853382110596e-01
4.395877361297607422e+00,-3.390346288681030273e+00
-2.234369888901710510e-02,9.298579096794128418e-01
-6.675503253936767578e-01,-2.266537189483642578e+00
-2.639651060104370117e+00,-4.727954387664794922e+00
4.056428909301757812e+00,2.075703620910644531e+00
-1.752505183219909668e+00,-4.549918174743652344e+00
-5.477494001388549805e-01,-4.508165419101715088e-01
6.762887835502624512e-01,-1.306075215339660645e+00
1.344655632972717285e+00,-9.224126935005187988e-01
5.541790962219238281e+00,7.242512106895446777e-01
1.244475960731506348e+00,-3.879838585853576660e-01
1.372431635856628418e+00,-2.003216028213500977e+00
1.366027712821960449e+00,-8.669736981391906738e-01
-1.125080466270446777e+00,-4.895099639892578125e+00
4.187095165252685547e-01,-1.420150160789489746e+00
-2.654409036040306091e-02,4.935752451419830322e-01
-9.580001831054687500e-01,-1.726658463478088379e+00
-5.722258090972900391e-01,-4.166194915771484375e+00
7.653049826622009277e-01,-4.729309380054473877e-01
-1.856605291366577148e+00,-3.966714143753051758e+00
2.091160774230957031e+00,-1.534396409988403320e+00
-9.572709798812866211e-01,8.169155120849609375e-01
-3.770108938217163086e+00,-3.729880332946777344e+00
-1.371632069349288940e-01,-3.890336751937866211e+00
-2.916258335113525391e+00,-2.878625154495239258e+00
3.172170639038085938e+00,-1.820074796676635742e+00
3.372474610805511475e-01,-7.239897549152374268e-02
1.614096999168395996e+00,2.914530992507934570e+00
-1.322429418563842773e+00,9.765073060989379883e-01
1.978103518486022949e+00,-1.617748737335205078e+00
1.265439867973327637e+00,-1.094736456871032715e+00
1.915276646614074707e-01,5.344572663307189941e-01
2.691883325576782227e+00,-4.362546920776367188e+00
2.800493478775024414e+00,-1.740718722343444824e+00
-1.546149849891662598e+00,-1.079014778137207031e+00
-1.576098561286926270e+00,5.065838694572448730e-01
1.190023040771484375e+01,3.066727638244628906e+00
2.627574205398559570e+00,-2.733108282089233398e+00
-1.157813549041748047e+00,-4.108945846557617188e+00
-2.055718898773193359e-01,3.342656791210174561e-01
-3.661342859268188477e-01,-2.811502218246459961e+00
1.565572321414947510e-01,1.011460542678833008e+00
4.860476016998291016e+00,-1.963444828987121582e+00
-1.181388378143310547e+00,6.374692320823669434e-01
1.012695908546447754e+00,-2.076992988586425781e+00
-1.579592078924179077e-01,-4.417674064636230469e+00
1.248510599136352539e+00,-1.655266880989074707e+00
1.721478343009948730e+00,-7.144812345504760742e-01
4.070538043975830078e+00,-3.848263978958129883e+00
1.782829880714416504e+00,-5.688815712928771973e-01
1.366513490676879883e+00,-1.860893219709396362e-01
1.727132201194763184e+00,1.811809301376342773e+00
1.306174516677856445e+00,-1.478788495063781738e+00
1.332043290138244629e+00,-6.681933999061584473e-01
-1.351931333541870117e+00,2.653867900371551514e-01
-4.636408805847167969e+00,-4.526216506958007812e+00
2.569588184356689453e+00,-2.060740470886230469e+00
-1.783832788467407227e+00,1.361686110496520996e+00
-3.220012903213500977e+00,2.336357347667217255e-02
5.097371101379394531e+00,3.548431873321533203e+00
5.955536961555480957e-01,-1.267965912818908691e+00
-1.453694999217987061e-01,6.198509931564331055e-01
4.832756519317626953e+00,-4.060487270355224609e+00
1.471333503723144531e+00,2.770210504531860352e+00
-5.198946475982666016e+00,-1.418167233467102051e+00
-2.792417049407958984e+00,-4.589056015014648438e+00
4.210206866264343262e-02,-2.212623357772827148e+00
2.124391555786132812e+00,-2.023057937622070312e+00
1.184041976928710938e+00,-1.002899408340454102e+00
-3.328518152236938477e+00,-1.755048155784606934e+00
-2.321110010147094727e+00,6.321694254875183105e-01
-8.727700710296630859e-01,-2.242548942565917969e+00
-5.639755129814147949e-01,-3.570362925529479980e-01
4.226384460926055908e-01,-8.822895586490631104e-02
-9.596996903419494629e-01,-4.495246410369873047e+00
-6.845606565475463867e-01,-4.332653999328613281e+00
8.124694228172302246e-01,2.582259476184844971e-01
-5.124713182449340820e-01,-7.541000247001647949e-01
2.747933626174926758e+00,-3.801253795623779297e+00
3.071964025497436523e+00,-2.080221652984619141e+00
-8.066015243530273438e-01,-5.166348457336425781e+00
1.846404552459716797e+00,-1.680956482887268066e+00
3.478072881698608398e-01,-6.723333001136779785e-01
2.006335973739624023e+00,-2.962858200073242188e+00
2.608850955963134766e+00,1.912848234176635742e+00
-2.408032894134521484e+00,-3.305728197097778320e+00
3.280351877212524414e+00,-5.775647640228271484e+00
-1.157971024513244629e+00,3.060714960098266602e+00
1.754829883575439453e-01,7.782401442527770996e-01
2.547241210937500000e+00,2.235905885696411133e+00
-1.799360156059265137e+00,-3.902171611785888672e+00
1.223841786384582520e+00,-8.957300186157226562e-01
-5.326163023710250854e-03,-6.806001663208007812e-01
6.416985392570495605e-01,-1.027328252792358398e+00
2.936510801315307617e+00,-4.591288268566131592e-01
4.503058433532714844e+00,-1.445358514785766602e+00
-4.837207198143005371e-01,-5.233656764030456543e-01
-2.292068600654602051e-01,3.038604557514190674e-01
1.427812278270721436e-01,6.264017820358276367e-01
-3.803843557834625244e-01,-5.853972434997558594e+00
7.956517338752746582e-01,-9.682357311248779297e-01
-1.616249680519104004e+00,1.448384165763854980e+00
-1.552465319633483887e+00,-3.480139493942260742e+00
2.626504659652709961e+00,-1.638213872909545898e+00
-1.087682723999023438e+00,-3.549860000610351562e+00
-5.944294929504394531e+00,-3.555803775787353516e+00
3.197629690170288086e+00,-4.306911945343017578e+00
8.636721372604370117e-01,-1.252463817596435547e+00
1.151980906724929810e-01,1.058719515800476074e+00
-2.435862064361572266e+00,-3.426333904266357422e+00
-2.945428848266601562e+00,-4.140586853027343750e+00
8.454885333776473999e-03,-2.874227762222290039e+00
-1.693897247314453125e-01,-2.848889350891113281e+00
-5.639755129814147949e-01,-3.570362925529479980e-01
-4.708276093006134033e-01,-1.812655687332153320e+00
-2.927846908569335938e-01,1.629548370838165283e-01
-1.445396065711975098e+00,9.032418131828308105e-01
3.118874549865722656e+00,-4.111631870269775391e+00
2.436856776475906372e-01,9.166017174720764160e-01
1.055291748046875000e+01,-2.138961076736450195e+00
1.895364999771118164e+00,-4.703362464904785156e+00
-1.368134260177612305e+00,-3.983677148818969727e+00
1.004948746412992477e-02,-4.205732941627502441e-01
-2.212219685316085815e-01,3.449786305427551270e-01
1.224668145179748535e+00,-2.127199649810791016e+00
-1.312852263450622559e+00,7.182338237762451172e-01
4.395865369588136673e-03,-2.030069828033447266e+00
2.920661687850952148e+00,-3.889702558517456055e+00
-2.215344160795211792e-01,1.929777860641479492e-01
3.333754837512969971e-02,-2.132840156555175781e+00
-1.043435573577880859e+00,-1.420062899589538574e+00
-1.331608176231384277e+00,1.335677981376647949e+00
3.612627267837524414e+00,4.775860786437988281e+00
6.790975928306579590e-01,-8.492302298545837402e-01
1.327207833528518677e-01,2.032448053359985352e+00
1.566875934600830078e+00,-4.684573411941528320e-01
1.661495491862297058e-02,6.516617536544799805e-01
-1.344170808792114258e+00,8.936910033226013184e-01
8.235756158828735352e-01,-1.410979390144348145e+00
-7.916309237480163574e-01,1.071585938334465027e-01
-1.379304975271224976e-01,-1.144727230072021484e+00
2.097091265022754669e-02,-1.630756020545959473e+00
1.562048077583312988e+00,-9.325423240661621094e-01
2.354662179946899414e+00,-2.327642440795898438e+00
-1.520378351211547852e+00,6.982185840606689453e-01
-3.475992202758789062e+00,-3.769737005233764648e+00
1.878414154052734375e+00,-2.527869462966918945e+00
1.518999040126800537e-01,3.276820182800292969e-01
-6.047254428267478943e-04,-2.705215930938720703e+00
-1.948664546012878418e+00,-6.752339839935302734e+00
-1.519364476203918457e+00,-2.983922719955444336e+00
-1.370620250701904297e+00,-2.971875190734863281e+00
-1.089367985725402832e+00,-2.359876632690429688e+00
-2.387199401855468750e+00,-1.683373928070068359e+00
5.319477915763854980e-01,-1.286255598068237305e+00
4.493529796600341797e-01,1.289478182792663574e+00
-2.735756337642669678e-01,1.842767745256423950e-01
-1.868884682655334473e+00,1.392651319503784180e+00
-8.630728125572204590e-01,9.692277312278747559e-01
1.460713148117065430e+00,-2.739633917808532715e-01
-2.066520690917968750e+00,-3.019982337951660156e+00
4.183040142059326172e+00,-1.444556832313537598e+00
3.738511562347412109e+00,2.717997312545776367e+00
1.077346444129943848e+00,-4.326996326446533203e+00
-1.016143113374710083e-01,-3.893908262252807617e+00
2.793139934539794922e+00,-4.042808532714843750e+00
-1.191634774208068848e+00,-1.302186012268066406e+00
4.041316509246826172e+00,2.770405769348144531e+00
-2.927623748779296875e+00,-4.142332077026367188e+00
-5.308039188385009766e-01,-4.099179744720458984e+00
-2.951200902462005615e-01,4.980521798133850098e-01
3.533651828765869141e+00,-3.345264196395874023e+00
-6.894887685775756836e-01,-3.807101249694824219e+00
1.147046804428100586e+00,-2.222791165113449097e-01
-7.211776971817016602e-01,-4.137990474700927734e+00
6.416985392570495605e-01,-1.027328252792358398e+00
2.593149423599243164e+00,-1.884382843971252441e+00
1.865401148796081543e+00,-8.572403788566589355e-01
-6.621274948120117188e-01,-3.681614398956298828e+00
-8.181047439575195312e-01,-3.643387317657470703e+00
-1.075929552316665649e-01,-2.272425174713134766e+00
-1.260308623313903809e+00,-4.004251003265380859e+00
-2.692532539367675781e+00,-1.896069884300231934e+00
1.410318136215209961e+00,3.412166118621826172e+00
-8.332161307334899902e-01,-3.668145835399627686e-01
3.400703907012939453e+00,5.941894531250000000e+00
-3.652276396751403809e-01,3.429720103740692139e-01
-6.498687863349914551e-01,-1.479513794183731079e-01
-7.951301932334899902e-01,-4.222406864166259766e+00
4.338492155075073242e-01,-2.811815977096557617e+00
-8.812461793422698975e-02,-3.566253423690795898e+00
2.886508464813232422e+00,-1.789587616920471191e+00
5.905864238739013672e+00,-4.874539375305175781e+00
-2.652961611747741699e-01,2.005567848682403564e-01
-6.275563240051269531e-01,5.316146016120910645e-01
8.498018383979797363e-01,1.510768055915832520e+00
9.688419103622436523e-01,9.270557761192321777e-01
-8.157884478569030762e-01,3.422209024429321289e-01
-1.453784823417663574e+00,-2.362829446792602539e+00
-4.175696849822998047e+00,1.668756604194641113e+00
2.827392220497131348e-01,-1.402097821235656738e+00
-9.379662573337554932e-02,5.958314985036849976e-02
5.046154372394084930e-03,5.760908126831054688e-01
6.997742652893066406e-01,-1.446132659912109375e+00
3.837313652038574219e+00,-2.118953227996826172e+00
1.076872944831848145e+00,-3.525708317756652832e-01
-7.116523385047912598e-01,-3.469525098800659180e+00
1.471060752868652344e+00,-9.935808777809143066e-01
5.624942183494567871e-01,-3.920615017414093018e-01
-1.205866098403930664e+00,-1.233905553817749023e-01
2.185660600662231445e-01,-2.773122787475585938e+00
-9.995338320732116699e-02,-4.650553703308105469e+00
-2.702949941158294678e-01,5.259437561035156250e-01
-6.240108013153076172e-01,-6.798688411712646484e+00
-1.306882739067077637e+00,1.015171170234680176e+00
-1.304266452789306641e+00,8.616210222244262695e-01
3.126216232776641846e-01,-2.080181837081909180e+00
-3.909861326217651367e+00,-2.639671087265014648e+00
-2.919367253780364990e-01,-3.082488536834716797e+00
-8.332161307334899902e-01,-3.668145835399627686e-01
1.460555553436279297e+00,6.637755632400512695e-01
1.917906105518341064e-03,3.246271908283233643e-01
1.664098739624023438e+00,-1.691679716110229492e+00
-2.834542512893676758e+00,-3.273725271224975586e+00
9.793370962142944336e-02,1.978071928024291992e-01
2.072180509567260742e+00,-1.715872883796691895e+00
1.197463512420654297e+00,8.077158927917480469e-01
-1.046027183532714844e+00,-7.758699655532836914e-01
5.508555099368095398e-02,4.419222474098205566e-01
6.292146444320678711e-01,1.132371425628662109e+00
4.723946154117584229e-01,1.162455201148986816e+00
-4.602523446083068848e-01,2.743260264396667480e-01
1.316513657569885254e+00,-3.836730957031250000e+00
-1.344170808792114258e+00,8.936910033226013184e-01
-2.015699148178100586e+00,-3.404947996139526367e+00
3.789599418640136719e+00,1.849476933479309082e+00
4.070654869079589844e+00,-2.904840469360351562e+00
1.167101263999938965e-01,4.076278209686279297e-01
-1.799653619527816772e-01,-2.334047794342041016e+00
5.045514553785324097e-02,-1.922442197799682617e+00
1.916787743568420410e+00,-2.046631336212158203e+00
2.726568222045898438e+00,4.245365142822265625e+00
8.304247856140136719e-01,-2.775547266006469727e+00
-8.497942090034484863e-01,-2.940777778625488281e+00
4.147022664546966553e-01,-4.073337912559509277e-01
-3.495119810104370117e+00,-2.483803987503051758e+00
5.854316353797912598e-01,-1.215630054473876953e+00
1.636792540550231934e+00,-4.159269332885742188e-01
2.163189649581909180e+00,-1.796051979064941406e+00
-2.573972046375274658e-01,-1.574086844921112061e-01
-9.321854114532470703e-01,-2.075856924057006836e+00
-2.468215525150299072e-01,-2.552477121353149414e+00
6.261054992675781250e+00,-1.148358583450317383e+00
-3.346029281616210938e+00,-4.767702579498291016e+00
-1.647828221321105957e-01,-4.330760836601257324e-01
-2.357312440872192383e+00,-3.649990081787109375e+00
-2.914581060409545898e+00,1.011934354901313782e-01
-3.909861326217651367e+00,-2.639671087265014648e+00
-1.144555807113647461e+00,-7.459149360656738281e-01
1.191149204969406128e-01,5.126883983612060547e-01
1.286512315273284912e-01,1.637888550758361816e+00
-1.771064996719360352e+00,-1.668832659721374512e+00
-2.070585489273071289e+00,3.059732437133789062e+00
-7.310159802436828613e-01,-3.900356054306030273e+00
-5.944294929504394531e+00,-3.555803775787353516e+00
6.111254215240478516e+00,-4.243326663970947266e+00
-1.226914227008819580e-01,4.900266826152801514e-01
5.246483683586120605e-01,-3.953288793563842773e-01
2.868158578872680664e+00,-3.028403759002685547e+00
2.378339052200317383e+00,-1.815577030181884766e+00
-5.762055873870849609e+00,2.611709833145141602e+00
-2.412479221820831299e-01,3.029612600803375244e-01
-1.921145915985107422e+00,6.239928007125854492e-01
-1.416017293930053711e+00,-2.155218839645385742e+00
-6.709157228469848633e-01,-3.804239273071289062e+00
2.998333215713500977e+00,-1.798998832702636719e+00
-3.288839817047119141e+00,-2.016752243041992188e+00
-2.530534029006958008e+00,-3.614293098449707031e+00
3.696063280105590820e+00,-1.045848846435546875e+00
-1.752296924591064453e+00,-1.869670510292053223e+00
9.361010789871215820e-02,-1.339231014251708984e+00
2.110777854919433594e+00,-1.408603310585021973e+00
-1.627816677093505859e+00,-7.685000300407409668e-01
1.872390389442443848e+00,3.979226112365722656e+00
-1.143893748521804810e-01,4.388048052787780762e-01
-8.919440209865570068e-02,-2.234927892684936523e+00
-2.053424268960952759e-01,-2.382342815399169922e+00
7.053106307983398438e+00,-3.902985334396362305e+00
1.038766264915466309e+00,-4.485879421234130859e+00
1.236231803894042969e+00,-9.802010655403137207e-01
-7.363219559192657471e-02,1.397283554077148438e+00
1.447370290756225586e+00,-2.355099439620971680e+00
-1.420683741569519043e+00,1.118964791297912598e+00
-3.578073740005493164e+00,-1.349663972854614258e+00
1.989794015884399414e+00,-2.411690801382064819e-01
-1.656552910804748535e+00,7.888839840888977051e-01
3.086905479431152344e+00,-1.322226762771606445e+00
2.117075622081756592e-01,4.037030041217803955e-01
1.591646373271942139e-01,-2.744416475296020508e+00
-1.118019223213195801e+00,5.537430644035339355e-01
-1.087682723999023438e+00,-3.549860000610351562e+00
4.395877361297607422e+00,-3.390346288681030273e+00
2.489822626113891602e+00,-5.755686759948730469e-01
-2.302474260330200195e+00,-3.821928203105926514e-01
-1.155493259429931641e-01,2.375838756561279297e-01
-4.001201152801513672e+00,-3.522210121154785156e+00
-2.212911546230316162e-01,-2.602133274078369141e+00
2.480035543441772461e+00,-5.002966880798339844e+00
-3.205527067184448242e-01,-2.827130317687988281e+00
8.832283616065979004e-01,-3.327268838882446289e+00
3.061892688274383545e-01,3.954057991504669189e-01
1.631835222244262695e+00,-2.333638668060302734e+00
-4.836771786212921143e-01,-3.768996477127075195e+00
3.205881357192993164e+00,-3.511557102203369141e+00
-1.456942677497863770e+00,-2.605354547500610352e+00
7.008132934570312500e-01,-4.148693978786468506e-01
-8.272092342376708984e-01,-3.707994699478149414e+00
4.840769290924072266e+00,-2.030910849571228027e-01
1.045677363872528076e-01,4.136516153812408447e-01
-1.379304975271224976e-01,-1.144727230072021484e+00
3.129571437835693359e+00,-2.165231466293334961e+00
3.197629690170288086e+00,-4.306911945343017578e+00
9.982175230979919434e-01,-9.505653381347656250e-01
1.682281017303466797e+00,-2.625036239624023438e+00
1.533259630203247070e+00,-4.873920232057571411e-02
-4.069014489650726318e-01,-3.668395519256591797e+00
-1.451487898826599121e+00,-3.141078472137451172e+00
3.051571369171142578e+00,-4.528523921966552734e+00
-3.495119810104370117e+00,-2.483803987503051758e+00
3.428122520446777344e+00,1.222711801528930664e+00
-1.532718539237976074e+00,9.348877072334289551e-01
-1.242869049310684204e-01,3.136720657348632812e-01
5.331191420555114746e-01,-1.280288577079772949e+00
1.560889005661010742e+00,-5.315032958984375000e+00
-2.188488394021987915e-01,-4.282600879669189453e+00
2.751387953758239746e-01,1.394169330596923828e-01
5.059831142425537109e-01,-4.278733730316162109e+00
-4.720780849456787109e-01,-2.827986478805541992e+00
-6.047254428267478943e-04,-2.705215930938720703e+00
2.347026824951171875e+00,-4.706627845764160156e+00
-1.010694503784179688e+00,-1.970791220664978027e+00
-6.881031990051269531e-01,-6.164385080337524414e-01
1.915276646614074707e-01,5.344572663307189941e-01
9.125983715057373047e-02,-2.020062446594238281e+00
1.403254628181457520e+00,-1.611431092023849487e-01
1.410318136215209961e+00,3.412166118621826172e+00
-1.329735517501831055e-01,-2.665397882461547852e+00
1.592628240585327148e+00,-5.331021308898925781e+00
1.833489835262298584e-01,-1.655731320381164551e+00
4.176323890686035156e+00,-6.927960515022277832e-01
1.980993509292602539e+00,-3.730188131332397461e+00
3.205881357192993164e+00,-3.511557102203369141e+00
4.835335165262222290e-02,1.085994482040405273e+00
1.517882347106933594e+00,-2.227527379989624023e+00
-2.237993240356445312e+00,-3.940755844116210938e+00
1.321133852005004883e+00,-1.407543301582336426e+00
-3.115072011947631836e+00,-2.379720687866210938e+00
1.550806909799575806e-01,3.544406294822692871e-01
1.924846768379211426e+00,4.580564796924591064e-02
-2.053424268960952759e-01,-2.382342815399169922e+00
-2.448923587799072266e+00,-6.929277896881103516e+00
-1.794732213020324707e-01,-2.559899091720581055e+00
-3.243674039840698242e-01,2.085074335336685181e-01
-1.752505183219909668e+00,-4.549918174743652344e+00
-1.321300029754638672e+00,2.636800110340118408e-01
3.668207824230194092e-01,-1.632946968078613281e+00
2.251326560974121094e+00,-4.034125804901123047e+00
2.032669782638549805e+00,-7.795099616050720215e-01
6.068511962890625000e+00,-6.021054267883300781e+00
2.715687751770019531e-01,-2.141616582870483398e+00
-4.576562941074371338e-01,-5.448427200317382812e-01
-1.420894265174865723e-01,-7.184587717056274414e-01
6.940972059965133667e-02,3.007459640502929688e-01
1.574700772762298584e-01,-4.891186237335205078e+00
5.492028594017028809e-01,-3.656066894531250000e+00
-1.476608276367187500e+00,6.150748729705810547e-01
-1.325010061264038086e+00,-3.206585645675659180e+00
1.906999588012695312e+00,-1.627882122993469238e+00
-4.374429583549499512e-02,3.814612030982971191e-01
4.418207645416259766e+00,-9.195485711097717285e-01
4.503058433532714844e+00,-1.445358514785766602e+00
2.741853892803192139e-01,-1.477792620658874512e+00
2.145700931549072266e+00,-2.381831169128417969e+00
2.422097474336624146e-01,4.791952371597290039e-01
2.100816965103149414e+00,-2.036416769027709961e+00
5.574799180030822754e-01,-7.218577861785888672e-01
4.084134697914123535e-01,8.144989609718322754e-01
3.902902901172637939e-01,8.100841045379638672e-01
1.924846768379211426e+00,4.580564796924591064e-02
3.435206115245819092e-01,2.756409406661987305e+00
-9.305966496467590332e-01,-3.673560142517089844e+00
1.167101263999938965e-01,4.076278209686279297e-01
9.805098772048950195e-01,-5.603469610214233398e-01
3.255016326904296875e+00,-1.567778468132019043e+00
4.407587349414825439e-01,3.439872026443481445e+00
-2.783826828002929688e+00,-4.038033962249755859e+00
3.605092689394950867e-02,-2.053968429565429688e+00
-5.198946475982666016e+00,-1.418167233467102051e+00
5.062074661254882812e+00,-5.796666622161865234e+00
-1.123632192611694336e+00,-2.876626968383789062e+00
-1.499512672424316406e+00,-2.681650817394256592e-01
-3.453082144260406494e-01,-2.720218896865844727e-01
-5.728484392166137695e-01,2.693280577659606934e-01
-8.814674615859985352e-01,-2.822110652923583984e+00
2.091160774230957031e+00,-1.534396409988403320e+00
3.478072881698608398e-01,-6.723333001136779785e-01
2.486604928970336914e+00,-1.609624743461608887e+00
1.147529959678649902e+00,2.109667778015136719e+00
-7.259409129619598389e-02,3.727220296859741211e-01
8.910791397094726562e+00,5.059641838073730469e+00
3.698111057281494141e+00,-4.263651847839355469e+00
2.425663918256759644e-02,3.660247623920440674e-01
-1.312852263450622559e+00,7.182338237762451172e-01
-3.611468553543090820e+00,-2.957157373428344727e+00
-1.520378351211547852e+00,6.982185840606689453e-01
-1.690766066312789917e-01,-3.338985204696655273e+00
2.017582654953002930e+00,-2.998783349990844727e+00
-1.815697669982910156e+00,-8.236892700195312500e+00
2.722654342651367188e+00,3.877963125705718994e-01
-1.098939180374145508e+00,-5.762810111045837402e-01
-2.883074045181274414e+00,5.913669466972351074e-01
-3.482381105422973633e-01,-9.200735092163085938e-01
4.860476016998291016e+00,-1.963444828987121582e+00
-1.470978856086730957e+00,8.421251177787780762e-01
-6.373946368694305420e-02,3.723342716693878174e-01
2.232473850250244141e+00,-2.546262979507446289e+00
4.952304363250732422e-01,-3.774409294128417969e+00
1.816522926092147827e-01,6.500013470649719238e-01
-1.693897247314453125e-01,-2.848889350891113281e+00
2.904923677444458008e+00,-4.436909198760986328e+00
8.832283616065979004e-01,-3.327268838882446289e+00
3.061892688274383545e-01,3.954057991504669189e-01
1.306174516677856445e+00,-1.478788495063781738e+00
4.706015288829803467e-01,-1.834585785865783691e+00
3.517411708831787109e+00,-2.503001451492309570e+00
6.292146444320678711e-01,1.132371425628662109e+00
-1.010694503784179688e+00,-1.970791220664978027e+00
-8.578795194625854492e-02,5.448048114776611328e-01
2.271348983049392700e-01,5.006818771362304688e-01
3.698225259780883789e+00,-1.094300985336303711e+00
5.536099672317504883e-01,-1.810402154922485352e+00
-8.189706206321716309e-01,-2.117253303527832031e+00
5.473608016967773438e+00,3.033550500869750977e+00
1.800838112831115723e+00,-2.145719289779663086e+00
-1.403091549873352051e-01,-2.168855905532836914e+00
1.719876170158386230e+00,-1.212458491325378418e+00
4.896187484264373779e-01,7.508977055549621582e-01
-2.046988010406494141e+00,-2.223859786987304688e+00
1.449524164199829102e-01,-2.205660104751586914e+00
-4.254090785980224609e-01,-2.701996088027954102e+00
-7.990497350692749023e-01,-3.032284498214721680e+00
1.143170833587646484e+00,-1.400785923004150391e+00
-2.735756337642669678e-01,1.842767745256423950e-01
-1.360347419977188110e-01,-1.625610738992691040e-01
2.072180509567260742e+00,-1.715872883796691895e+00
-4.675141721963882446e-02,-2.996584892272949219e+00
-8.478967666625976562e+00,-2.881171464920043945e+00
3.896736860275268555e+00,-4.023045063018798828e+00
6.133315086364746094e+00,3.890202999114990234e+00
3.250694036483764648e+00,-1.807484269142150879e+00
-7.304752349853515625e+00,-6.742262840270996094e+00
-1.331219434738159180e+00,9.251839667558670044e-02
-2.757428884506225586e+00,-2.099924564361572266e+00
3.071964025497436523e+00,-2.080221652984619141e+00
1.135463333129882812e+01,1.662614345550537109e+00
7.491365671157836914e-01,-2.693818330764770508e+00
-5.492222905158996582e-01,-2.638536691665649414e-01
-3.677266538143157959e-01,-1.134846210479736328e-01
-3.114104568958282471e-01,8.792223334312438965e-01
-2.115869671106338501e-01,1.102140024304389954e-01
4.093863070011138916e-01,8.789305090904235840e-01
1.573315262794494629e-02,1.155626058578491211e+00
-2.464897632598876953e+00,-1.845026850700378418e+00
1.936793804168701172e+00,-7.027876377105712891e-01
-1.049224495887756348e+00,-3.236314535140991211e+00
-1.415123939514160156e+00,-7.481579184532165527e-01
-2.004325538873672485e-01,1.608867794275283813e-01
-1.412391364574432373e-01,-6.295149922370910645e-01
-2.936401665210723877e-01,-3.584732055664062500e+00
-1.306081771850585938e+00,-1.822329640388488770e+00
-8.323069810867309570e-01,-1.843966960906982422e+00
-1.264815211296081543e+00,-3.326908946037292480e-01
-4.891469478607177734e-01,-4.413689613342285156e+00
-8.351973295211791992e-01,-2.065004825592041016e+00
-5.208631753921508789e-01,1.504098892211914062e+00
-2.389897346496582031e+00,-1.914874553680419922e+00
5.241571903228759766e+00,-8.683190345764160156e-01
2.173196315765380859e+00,-5.389939546585083008e-01
-2.002137303352355957e-01,-2.392388820648193359e+00
8.995934128761291504e-01,-1.054027318954467773e+00
-5.185279369354248047e+00,-3.408180713653564453e+00
-8.826231360435485840e-01,8.527776002883911133e-01
1.561865359544754028e-01,1.171741485595703125e+00
5.745240211486816406e+00,-4.010179042816162109e+00
-3.479955196380615234e+00,-5.511731147766113281e+00
1.172663331031799316e+00,-8.331120610237121582e-01
-2.782914876937866211e+00,-8.009382247924804688e+00
2.512562751770019531e+00,2.220092058181762695e+00
-2.093012571334838867e+00,-3.436019122600555420e-01
-1.618425726890563965e+00,9.528557658195495605e-01
3.037039935588836670e-01,6.755739450454711914e-01
-1.521351695060729980e+00,-2.392868041992187500e+00
-4.369199573993682861e-01,-3.866732358932495117e+00
1.987208247184753418e+00,-1.589933753013610840e+00
1.460555553436279297e+00,6.637755632400512695e-01
-6.436857700347900391e+00,-2.952794790267944336e+00
-3.661342859268188477e-01,-2.811502218246459961e+00
2.773335218429565430e+00,2.804291248321533203e+00
-1.059556722640991211e+00,-2.078702449798583984e+00
-1.909675478935241699e+00,1.350592613220214844e+00
-9.389339089393615723e-01,-6.644356846809387207e-01
1.987208247184753418e+00,-1.589933753013610840e+00
-8.036406636238098145e-01,7.711207866668701172e-01
-2.957985401153564453e-01,-4.086411952972412109e+00
2.760377883911132812e+00,-1.715428709983825684e+00
-2.383824735879898071e-01,5.142534375190734863e-01
-3.273156166076660156e+00,-1.504754900932312012e+00
1.668294787406921387e+00,1.355763316154479980e+00
1.868884682655334473e+00,-1.534186959266662598e+00
2.150884151458740234e+00,-7.777732014656066895e-01
-8.687445521354675293e-02,3.401519954204559326e-01
2.124391555786132812e+00,-2.023057937622070312e+00
5.674121856689453125e+00,2.940136194229125977e+00
7.068905830383300781e+00,-2.572463035583496094e+00
-1.746960282325744629e+00,-1.025166392326354980e+00
5.561429634690284729e-02,-1.791733145713806152e+00
-2.629683017730712891e+00,-4.249053955078125000e+00
2.537221014499664307e-01,-1.750855207443237305e+00
-1.279817819595336914e+00,-4.398075580596923828e+00
-1.747502088546752930e+00,-4.298716545104980469e+00
-1.568231225013732910e+00,-2.316949129104614258e+00
-9.613899514079093933e-03,1.380740880966186523e+00
1.841622233390808105e+00,6.426793932914733887e-01
-3.676852226257324219e+00,-1.168110370635986328e-01
-3.803843557834625244e-01,-5.853972434997558594e+00
-2.212911546230316162e-01,-2.602133274078369141e+00
-2.447025299072265625e+00,6.666279435157775879e-01
-2.621543407440185547e+00,1.226191163063049316e+00
4.533812522888183594e+00,-2.086681604385375977e+00
-1.322978496551513672e+00,4.179750382900238037e-01
-2.337927103042602539e+00,1.848878741264343262e+00
-9.299412369728088379e-01,-6.773602962493896484e+00
-1.644977450370788574e+00,6.667903661727905273e-01
-6.244819164276123047e-01,1.100676774978637695e+00
3.516946554183959961e+00,3.844497203826904297e-01
-5.278064608573913574e-01,2.219424098730087280e-01
1.390668749809265137e+00,-1.334768295288085938e+00
-1.132274866104125977e+00,-2.195882797241210938e+00
-3.250741004943847656e+00,-3.300830125808715820e+00
-2.471600055694580078e+00,1.588918924331665039e+00
-9.532461762428283691e-01,-4.745903491973876953e+00
-9.049077630043029785e-01,-3.254527568817138672e+00
-2.140140533447265625e+00,-2.724201679229736328e+00
-1.249644637107849121e+00,5.238424539566040039e-01
9.982175230979919434e-01,-9.505653381347656250e-01
5.540736198425292969e+00,6.109543800354003906e+00
1.290309548377990723e+00,-2.747608661651611328e+00
1.415741324424743652e+00,2.660968601703643799e-01
-2.535025775432586670e-02,4.217786490917205811e-01
-3.258526325225830078e-02,4.339849948883056641e-01
-3.222636580467224121e-01,1.324870228767395020e+00
-2.621543407440185547e+00,1.226191163063049316e+00
-2.957985401153564453e-01,-4.086411952972412109e+00
-1.961682438850402832e-01,3.605218231678009033e-01
-1.983178615570068359e+00,-3.417146682739257812e+00
2.415017187595367432e-01,-8.705339580774307251e-02
2.134361743927001953e+00,-2.132432937622070312e+00
4.729017734527587891e+00,2.743110179901123047e+00
-1.416014313697814941e+00,6.823501586914062500e-01
-1.996330380439758301e+00,-3.734167575836181641e+00
-1.453784823417663574e+00,-2.362829446792602539e+00
3.489375114440917969e+00,-1.628409862518310547e+00
2.691883325576782227e+00,-4.362546920776367188e+00
3.376764655113220215e-01,7.783114910125732422e-01
1.704584121704101562e+00,3.257663726806640625e+00
2.090759515762329102e+00,-3.408950090408325195e+00
8.064727485179901123e-02,5.366025567054748535e-01
-2.611733436584472656e+00,-2.560544013977050781e+00
-7.304752349853515625e+00,-6.742262840270996094e+00
-1.424562335014343262e+00,1.057095766067504883e+00
6.176673769950866699e-01,-4.395913332700729370e-03
-3.391384333372116089e-02,-1.906440258026123047e+00
1.161387443542480469e+00,1.458279728889465332e+00
1.713032007217407227e+00,-2.369104385375976562e+00
-8.989356458187103271e-02,-7.818391323089599609e-01
8.014977574348449707e-01,-1.904296278953552246e+00
2.637376785278320312e+00,6.128755807876586914e-01
-8.317621946334838867e-01,-2.426731824874877930e+00
3.120107412338256836e+00,1.766095757484436035e+00
6.030279994010925293e-01,-1.633725166320800781e+00
1.127565354108810425e-01,-8.882629871368408203e-01
2.588288545608520508e+00,1.302366256713867188e+00
-2.746469676494598389e-01,-3.562972784042358398e+00
-1.127625226974487305e+00,4.612854719161987305e-01
1.743040323257446289e+00,-1.210165739059448242e+00
1.865632891654968262e+00,9.302598834037780762e-01
4.210206866264343262e-02,-2.212623357772827148e+00
2.079768419265747070e+00,-5.310253500938415527e-01
1.753286600112915039e+00,-1.353552818298339844e+00
1.866770982742309570e+00,-2.348457336425781250e+00
6.818814277648925781e-01,-1.119511127471923828e+00
5.536099672317504883e-01,-1.810402154922485352e+00
2.722654342651367188e+00,3.877963125705718994e-01
-5.272269248962402344e+00,-2.070659160614013672e+00
6.645143032073974609e-01,-8.540061116218566895e-01
1.017015129327774048e-01,-3.752326965332031250e+00
2.827294111251831055e+00,-1.244462609291076660e+00
-8.343479633331298828e-01,-9.887792468070983887e-01
1.513985276222229004e+00,-3.992136716842651367e-01
2.729125261306762695e+00,-1.246875524520874023e+00
2.874028921127319336e+00,-1.208164244890213013e-01
5.540736198425292969e+00,6.109543800354003906e+00
1.547142386436462402e+00,5.420562624931335449e-02
-2.288597106933593750e+00,-5.770454406738281250e+00
-2.552179694175720215e-01,9.587442874908447266e-01
1.979559421539306641e+00,-7.813528776168823242e-01
7.617565989494323730e-01,-1.062314748764038086e+00
-1.058486700057983398e+00,-1.621873527765274048e-01
4.749253273010253906e+00,2.085653543472290039e+00
-4.667347967624664307e-01,-2.925282955169677734e+00
-7.130253911018371582e-01,-5.534353256225585938e+00
-2.569053649902343750e+00,-3.274595975875854492e+00
2.116044759750366211e+00,-1.789284586906433105e+00
5.016161441802978516e+00,-7.305016517639160156e+00
3.837313652038574219e+00,-2.118953227996826172e+00
-6.783486902713775635e-02,4.633318781852722168e-01
-5.830310821533203125e+00,-1.946408867835998535e+00
-1.707783102989196777e+00,5.986546874046325684e-01
3.223241090774536133e+00,2.188764095306396484e+00
-2.254030942916870117e+00,1.635095000267028809e+00
-1.161443889141082764e-01,3.180390000343322754e-01
5.574799180030822754e-01,-7.218577861785888672e-01
-3.101045191287994385e-01,4.968555271625518799e-01
1.181425154209136963e-01,-1.317139983177185059e+00
1.108508110046386719e+00,-2.493165582418441772e-01
4.585226476192474365e-01,4.173645973205566406e-01
-5.208631753921508789e-01,1.504098892211914062e+00
8.910791397094726562e+00,5.059641838073730469e+00
-2.521326541900634766e+00,-1.496888160705566406e+00
2.349921464920043945e+00,-4.582878649234771729e-01
-1.095881611108779907e-01,5.500869750976562500e-01
-2.293845176696777344e+00,8.532962203025817871e-01
-3.563801646232604980e-01,-3.651098966598510742e+00
-1.372475922107696533e-01,3.290832936763763428e-01
3.557911872863769531e+00,-2.812610626220703125e+00
1.348739385604858398e+00,-2.530238866806030273e+00
1.434949189424514771e-01,1.057658076286315918e+00
-2.373595237731933594e-01,-1.224024057388305664e+00
-9.638530015945434570e-02,1.070617556571960449e+00
-1.157971024513244629e+00,3.060714960098266602e+00
2.568718671798706055e+00,2.496915817260742188e+00
-1.627315878868103027e+00,-6.556831598281860352e-01
2.588288545608520508e+00,1.302366256713867188e+00
-2.186668813228607178e-01,4.090910553932189941e-01
-1.405255645513534546e-01,-8.396661281585693359e-01
-2.784235179424285889e-01,-3.000299453735351562e+00
-2.763729095458984375e-01,5.655625462532043457e-01
3.223241090774536133e+00,2.188764095306396484e+00
1.306385636329650879e+00,-6.214041113853454590e-01
2.298149108886718750e+00,-2.799715846776962280e-03
-9.389553070068359375e-01,-7.038695812225341797e-01
2.252558946609497070e+00,-6.572831273078918457e-01
-9.049077630043029785e-01,-3.254527568817138672e+00
-1.371719837188720703e+00,1.012914776802062988e+00
2.124934434890747070e+00,-2.026310205459594727e+00
-2.945397615432739258e+00,-6.408824443817138672e+00
8.933334946632385254e-01,-9.316825270652770996e-01
7.829785943031311035e-01,-3.722974061965942383e-01
2.637376785278320312e+00,6.128755807876586914e-01
1.041155457496643066e-01,5.563290715217590332e-01
-6.436988711357116699e-01,-1.941325783729553223e+00
2.383245944976806641e+00,-1.537649989128112793e+00
-1.973790168762207031e+00,-1.647596716880798340e+00
-6.442132592201232910e-01,-5.080033779144287109e+00
2.082108974456787109e+00,1.596508383750915527e+00
2.091403007507324219e-01,7.802945375442504883e-01
1.590260148048400879e+00,-6.205009818077087402e-01
7.198007404804229736e-02,-1.663271546363830566e+00
-3.318632543087005615e-01,-2.783878564834594727e+00
-5.012497901916503906e-01,-2.984347820281982422e+00
4.116528034210205078e+00,4.137306690216064453e+00
2.205190211534500122e-01,1.879755109548568726e-01
2.682632207870483398e+00,1.197164297103881836e+00
6.322644352912902832e-01,-9.048265814781188965e-01
-6.601876616477966309e-01,-3.854519128799438477e+00
2.051643431186676025e-01,1.099592447280883789e+00
1.406872570514678955e-01,1.173783421516418457e+00
-1.067763268947601318e-01,-3.567687034606933594e+00
1.513985276222229004e+00,-3.992136716842651367e-01
2.024703264236450195e+00,-2.503754794597625732e-01
3.012131452560424805e+00,-1.512773036956787109e-01
1.184885263442993164e+00,9.391869902610778809e-01
3.489284276962280273e+00,4.314643144607543945e-01
-1.638944864273071289e+00,-3.361672639846801758e+00
9.677137732505798340e-01,-4.963225126266479492e-01
-2.845070123672485352e+00,-6.817010402679443359e+00
4.797376990318298340e-01,-1.099096298217773438e+00
7.294285297393798828e+00,-1.703689575195312500e+00
-2.117577493190765381e-01,-4.045133292675018311e-01
-1.921145915985107422e+00,6.239928007125854492e-01
-2.072644419968128204e-02,3.231955468654632568e-01
6.176673769950866699e-01,-4.395913332700729370e-03
2.340765237808227539e+00,-2.505675792694091797e+00
-7.296048998832702637e-01,-3.762991905212402344e+00
-2.758642196655273438e+00,-2.664800882339477539e+00
-1.321130275726318359e+00,4.506982266902923584e-01
1.017015129327774048e-01,-3.752326965332031250e+00
2.019895315170288086e+00,-2.643513917922973633e+00
4.862345218658447266e+00,2.364111900329589844e+00
-3.387092590332031250e+00,-4.559280395507812500e+00
2.538315951824188232e-01,9.308814406394958496e-01
1.217873096466064453e+00,1.567827939987182617e+00
-3.161365985870361328e-01,4.555977135896682739e-02
1.460713148117065430e+00,-2.739633917808532715e-01
-4.402203857898712158e-01,1.528005003929138184e+00
1.344655632972717285e+00,-9.224126935005187988e-01
4.203749299049377441e-01,-1.702890992164611816e-01
-2.906498432159423828e+00,-4.043968677520751953e+00
1.429172158241271973e+00,-3.701942920684814453e+00
5.282694697380065918e-01,-1.468131989240646362e-01
-2.139878645539283752e-02,1.058120608329772949e+00
8.377910852432250977e-01,-2.822627305984497070e+00
-1.184658765792846680e+00,-1.803973555564880371e+00
2.833590209484100342e-01,-4.650003612041473389e-01
-3.281054273247718811e-02,1.307629704475402832e+00
-1.171639412641525269e-01,1.365009546279907227e+00
-1.321300029754638672e+00,2.636800110340118408e-01
-1.226914227008819580e-01,4.900266826152801514e-01
-1.726249232888221741e-03,-5.972313880920410156e-01
-2.688646018505096436e-01,3.629606068134307861e-01
-6.399252414703369141e+00,-5.169861793518066406e+00
1.565765500068664551e+00,-2.483872890472412109e+00
2.226074695587158203e+00,2.356424331665039062e+00
-2.758642196655273438e+00,-2.664800882339477539e+00
-4.949975609779357910e-01,-1.036476731300354004e+00
3.640708923339843750e-01,-8.773710727691650391e-01
6.761862337589263916e-02,-1.374600291252136230e+00
-3.344134092330932617e-01,4.761071205139160156e-01
-2.697409152984619141e+00,-3.585504531860351562e+00
-4.078438580036163330e-01,8.574544787406921387e-01
7.999415993690490723e-01,-1.521971464157104492e+00
-1.322978496551513672e+00,4.179750382900238037e-01
-2.342760711908340454e-01,1.228923439979553223e+00
-6.183601617813110352e-01,-1.518745064735412598e+00
-1.586584299802780151e-01,4.485332369804382324e-01
7.947981953620910645e-01,-3.217727661132812500e+00
-3.770059585571289062e+00,1.678634047508239746e+00
-3.222636580467224121e-01,1.324870228767395020e+00
-2.312471866607666016e+00,-2.354101657867431641e+00
1.580933928489685059e-01,5.779935717582702637e-01
1.420151829719543457e+00,-2.883202433586120605e-01
1.717032790184020996e+00,-2.559617757797241211e+00
-3.677266538143157959e-01,-1.134846210479736328e-01
1.064540147781372070e+00,-1.193072080612182617e+00
2.456719160079956055e+00,-1.614090442657470703e+00
-3.770108938217163086e+00,-3.729880332946777344e+00
2.009936094284057617e+00,-2.433565378189086914e+00
1.012695908546447754e+00,-2.076992988586425781e+00
-3.497429788112640381e-01,-4.351599216461181641e-01
-4.863038063049316406e-01,-3.616123676300048828e+00
-7.913014292716979980e-01,-4.027581691741943359e+00
4.262722134590148926e-01,-1.685274481773376465e+00
2.396943807601928711e+00,-1.499024033546447754e+00
8.995934128761291504e-01,-1.054027318954467773e+00
-2.780513525009155273e+00,-2.783886671066284180e+00
1.181037127971649170e-01,-1.853441119194030762e+00
2.626526832580566406e+00,-5.078549861907958984e+00
-3.293010294437408447e-01,-2.370039373636245728e-01
1.037754025310277939e-02,-8.934995532035827637e-01
1.745261669158935547e+00,1.349057316780090332e+00
2.722378969192504883e+00,2.660167694091796875e+00
5.855633616447448730e-01,-4.519804120063781738e-01
-2.101855993270874023e+00,1.299390435218811035e+00
2.790480375289916992e+00,-8.900457620620727539e-01
-5.728484392166137695e-01,2.693280577659606934e-01
4.671712219715118408e-01,-9.258464574813842773e-01
-6.705002188682556152e-01,4.116936326026916504e-01
7.966656982898712158e-02,5.771271586418151855e-01
3.432165145874023438e+00,-6.336441636085510254e-01
-5.544359207153320312e+00,-3.710507750511169434e-01
-1.973790168762207031e+00,-1.647596716880798340e+00
6.751736998558044434e-01,-9.305772185325622559e-01
-6.083281993865966797e+00,-5.661400794982910156e+00
-1.423838496208190918e+00,-3.272496938705444336e+00
4.738523662090301514e-01,-1.007502079010009766e+00
2.770561456680297852e+00,-4.420901298522949219e+00
1.293684393167495728e-01,-2.970323562622070312e+00
-1.475823402404785156e+00,8.934912085533142090e-01
-5.550954937934875488e-01,-3.404477834701538086e+00
-2.919367253780364990e-01,-3.082488536834716797e+00
5.014363288879394531e+00,-3.336313247680664062e+00
1.316513657569885254e+00,-3.836730957031250000e+00
7.983599603176116943e-02,6.165020465850830078e-01
-4.205373823642730713e-01,2.066007852554321289e+00
3.026547670364379883e+00,-5.061502456665039062e+00
1.222460269927978516e+00,-2.299959182739257812e+00
2.792800664901733398e+00,-1.000968813896179199e+00
-9.077859520912170410e-01,-4.301338195800781250e+00
1.678411841392517090e+00,-2.850432157516479492e+00
4.803244173526763916e-01,-1.522245883941650391e+00
1.346242874860763550e-01,1.124930143356323242e+00
-2.697409152984619141e+00,-3.585504531860351562e+00
1.248510599136352539e+00,-1.655266880989074707e+00
4.418207645416259766e+00,-9.195485711097717285e-01
-1.317473530769348145e+00,-3.210060834884643555e+00
1.617815494537353516e+00,4.963620185852050781e+00
1.912678718566894531e+00,2.901102043688297272e-02
-2.207182198762893677e-01,-4.053164005279541016e+00
-4.196603894233703613e-01,-1.713367223739624023e+00
1.543893218040466309e+00,-1.795960068702697754e+00
4.380836486816406250e-01,-2.184734106063842773e+00
-1.498521864414215088e-01,2.488874942064285278e-01
1.311260759830474854e-01,6.657130122184753418e-01
-1.625931620597839355e+00,-1.004249334335327148e+00
1.072790026664733887e-01,6.093592643737792969e-01
1.089291930198669434e+00,-1.555988192558288574e+00
1.887302637100219727e+00,-2.099376678466796875e+00
-1.445396065711975098e+00,9.032418131828308105e-01
1.407523751258850098e+00,-3.021131038665771484e+00
3.066787242889404297e+00,-3.488060951232910156e+00
2.621316194534301758e+00,-1.953666687011718750e+00
6.761862337589263916e-02,-1.374600291252136230e+00
5.255942821502685547e+00,-2.175939083099365234e+00
3.326078653335571289e+00,-2.268744707107543945e+00
-3.837629854679107666e-01,-6.953815937042236328e+00
-2.210144281387329102e+00,9.251673817634582520e-01
-1.685214757919311523e+00,-3.052368462085723877e-01
2.804497778415679932e-01,-1.073455810546875000e+00
-4.259132385253906250e+00,-3.353539705276489258e+00
2.903168678283691406e+00,-6.001384258270263672e-01
3.077491521835327148e-01,-2.611153602600097656e+00
2.021206378936767578e+00,-4.640749454498291016e+00
-2.986541748046875000e+00,7.418124079704284668e-01
-6.234779357910156250e-01,2.777730822563171387e-01
-1.067763268947601318e-01,-3.567687034606933594e+00
-8.707598447799682617e-01,-3.590776443481445312e+00
1.843071430921554565e-01,-1.560210108757019043e+00
2.949927806854248047e+00,-1.914414405822753906e+00
5.955536961555480957e-01,-1.267965912818908691e+00
2.639361619949340820e+00,2.887596368789672852e+00
2.871924042701721191e-01,8.821021914482116699e-01
-1.705503463745117188e+00,1.334921002388000488e+00
-1.996330380439758301e+00,-3.734167575836181641e+00
-1.371719837188720703e+00,1.012914776802062988e+00
1.172663331031799316e+00,-8.331120610237121582e-01
9.869751334190368652e-02,-3.721372365951538086e+00
-7.327225804328918457e-01,8.396608829498291016e-01
-1.717034459114074707e+00,8.104982376098632812e-01
-2.135310649871826172e+00,1.587626814842224121e+00
1.030306667089462280e-01,4.920120835304260254e-01
-8.360877633094787598e-01,-4.654915034770965576e-01
-1.123632192611694336e+00,-2.876626968383789062e+00
5.089056491851806641e-01,-1.900611877441406250e+00
-2.460325479507446289e+00,-3.448385953903198242e+00
-2.231946468353271484e+00,-1.324789166450500488e+00
1.327207833528518677e-01,2.032448053359985352e+00
7.039551138877868652e-01,1.313567280769348145e+00
1.662465929985046387e+00,2.402086973190307617e+00
-3.063285112380981445e+00,-4.157642364501953125e+00
1.994604706764221191e+00,-7.290782332420349121e-01
-7.563564777374267578e-01,-9.478572607040405273e-01
8.263960480690002441e-01,-2.552402019500732422e-01
-1.448662206530570984e-02,4.374152123928070068e-01
-1.393146872520446777e+00,-1.900329709053039551e+00
-6.056789159774780273e-01,3.666195571422576904e-01
2.641917943954467773e+00,-1.329214334487915039e+00
-2.628174304962158203e+00,-4.924217224121093750e+00
-6.544973850250244141e-01,-3.416206359863281250e+00
-2.652961611747741699e-01,2.005567848682403564e-01
-7.715340256690979004e-01,-6.407695412635803223e-01
-2.601530790328979492e+00,-1.048915266990661621e+00
1.045677363872528076e-01,4.136516153812408447e-01
1.662615984678268433e-01,9.337392449378967285e-01
1.051553964614868164e+00,9.269394278526306152e-01
7.405879020690917969e+00,-8.419560194015502930e-01
3.330537796020507812e+00,-3.321760892868041992e+00
-2.120627403259277344e+00,-3.484195470809936523e+00
-1.397853732109069824e+00,-1.989945769309997559e+00
-2.060487985610961914e+00,-2.200634956359863281e+00
1.306193917989730835e-01,1.072184920310974121e+00
1.791536808013916016e-01,2.369904041290283203e+00
1.688468813896179199e+00,-1.450319290161132812e+00
3.605092689394950867e-02,-2.053968429565429688e+00
3.126216232776641846e-01,-2.080181837081909180e+00
1.721478343009948730e+00,-7.144812345504760742e-01
4.533464834094047546e-02,-2.831871271133422852e+00
-5.739510655403137207e-01,1.424563050270080566e+00
-5.569951534271240234e-01,-4.148633480072021484e+00
-4.108665943145751953e+00,-2.570816278457641602e+00
6.674170494079589844e-01,-2.356331110000610352e+00
4.462096989154815674e-01,1.743394613265991211e+00
1.768589496612548828e+00,-3.331841826438903809e-01
-2.405910491943359375e-01,-3.094255447387695312e+00
2.662071943283081055e+00,-3.628345251083374023e+00
1.495687961578369141e+00,-1.895135760307312012e+00
1.113543033599853516e+00,-2.165381669998168945e+00
-8.334767818450927734e-01,-3.683537483215332031e+00
-2.891201257705688477e+00,-3.140792608261108398e+00
1.665100812911987305e+00,1.895193576812744141e+00
-5.554516792297363281e+00,-2.705904483795166016e+00
-1.036610007286071777e+00,3.591022491455078125e-01
3.337670803070068359e+00,6.086846828460693359e+00
4.073475837707519531e+00,-1.567103505134582520e+00
-1.051164567470550537e-01,-7.375899553298950195e-01
-1.144555807113647461e+00,-7.459149360656738281e-01
-1.056464463472366333e-01,-2.675380945205688477e+00
1.866994500160217285e+00,-7.957239747047424316e-01
2.857771158218383789e+00,-4.089281082153320312e+00
4.293421804904937744e-01,1.215855404734611511e-01
2.785800695419311523e+00,1.084613680839538574e+00
-1.938430786132812500e+00,-4.229768753051757812e+00
2.369920253753662109e+00,-2.156975269317626953e+00
3.108399152755737305e+00,-1.709200501441955566e+00
-1.826307535171508789e+00,-3.984727263450622559e-01
-8.351973295211791992e-01,-2.065004825592041016e+00
1.488391160964965820e-01,-2.600057601928710938e+00
-4.253636896610260010e-01,-3.960157334804534912e-01
-2.834711968898773193e-01,4.653406739234924316e-01
-6.610004603862762451e-02,1.502725362777709961e+00
5.069736003875732422e+00,-1.491295337677001953e+00
-1.316700577735900879e+00,7.088187932968139648e-01
-2.203503608703613281e+00,-1.443696379661560059e+00
4.797376990318298340e-01,-1.099096298217773438e+00
1.001055002212524414e+00,-6.813080981373786926e-03
2.340765237808227539e+00,-2.505675792694091797e+00
8.124694228172302246e-01,2.582259476184844971e-01
-2.999803423881530762e-02,5.377752780914306641e-01
-2.914581060409545898e+00,1.011934354901313782e-01
6.333829164505004883e-01,-4.587482929229736328e+00
-5.135714530944824219e+00,-5.140154957771301270e-01
-3.391384333372116089e-02,-1.906440258026123047e+00
-1.420690864324569702e-01,-2.141854047775268555e+00
2.995045185089111328e+00,-3.500120162963867188e+00
-5.664698123931884766e+00,-4.789291858673095703e+00
-1.669776439666748047e-01,-1.172478556632995605e+00
-3.257768750190734863e-01,1.269724488258361816e+00
-1.411692023277282715e+00,1.076397895812988281e+00
-2.934261322021484375e+00,-4.789888858795166016e+00
-2.936997652053833008e+00,-3.667376756668090820e+00
-1.561426162719726562e+00,6.667287349700927734e-01
-1.894954964518547058e-02,4.099114537239074707e-01
-4.149548530578613281e+00,-4.172777652740478516e+00
8.105036020278930664e-01,-6.938652992248535156e-01
2.512330412864685059e-01,1.502134948968887329e-01
1.401287674903869629e+00,-1.408010363578796387e+00
3.736396431922912598e-01,9.816547632217407227e-01
-3.265448808670043945e+00,-3.843698263168334961e+00
-2.051852703094482422e+00,-3.451459646224975586e+00
5.014363288879394531e+00,-3.336313247680664062e+00
3.745957136154174805e+00,-4.736388683319091797e+00
3.263734340667724609e+00,-1.933414816856384277e+00
7.142031192779541016e-02,4.893983006477355957e-01
-4.813506126403808594e+00,-3.416015625000000000e+00
7.989156246185302734e-02,1.044590353965759277e+00
6.062864661216735840e-01,1.086824852973222733e-02
2.356348514556884766e+00,-1.984004735946655273e+00
1.438624739646911621e+00,-7.341698408126831055e-01
-1.628269910812377930e+00,-3.065482676029205322e-01
5.936133861541748047e-01,-8.935499787330627441e-01
7.133682966232299805e-01,-3.225978851318359375e+00
1.936793804168701172e+00,-7.027876377105712891e-01
1.374422550201416016e+00,-1.287678241729736328e+00
1.590260148048400879e+00,-6.205009818077087402e-01
-5.012497901916503906e-01,-2.984347820281982422e+00
5.487522482872009277e-01,-9.829302430152893066e-01
1.370785117149353027e+00,2.191525220870971680e+00
-4.836771786212921143e-01,-3.768996477127075195e+00
3.701376676559448242e+00,-1.281754255294799805e+00
-1.251352205872535706e-02,1.044398427009582520e+00
2.658581733703613281e-01,6.586320400238037109e-01
-2.330465316772460938e+00,-6.112245082855224609e+00
3.438045978546142578e-01,1.866184473037719727e+00
1.161387443542480469e+00,1.458279728889465332e+00
-2.189075231552124023e+00,-3.360988140106201172e+00
-1.796045601367950439e-01,2.070800215005874634e-01
-2.959255576133728027e-01,-2.577220201492309570e+00
3.489375114440917969e+00,-1.628409862518310547e+00
2.693282842636108398e+00,2.163894414901733398e+00
1.238729208707809448e-01,6.978004574775695801e-01
1.409719347953796387e+00,-6.277503967285156250e-01
2.073035947978496552e-02,-1.427582025527954102e+00
1.375418454408645630e-01,4.400267302989959717e-01
-1.242869049310684204e-01,3.136720657348632812e-01
1.244595944881439209e-01,5.360193848609924316e-01
-1.565090537071228027e+00,1.095027208328247070e+00
-1.252572774887084961e+00,-2.129009485244750977e+00
-2.621179103851318359e+00,-3.457742035388946533e-01
-1.689153075218200684e+00,-4.505137503147125244e-01
-3.419075250625610352e+00,4.583561420440673828e-01
-3.806414008140563965e-01,-2.505509138107299805e+00
-1.424971580505371094e+00,-2.536930561065673828e+00
2.436748743057250977e+00,-1.271841883659362793e+00
2.044366359710693359e+00,-5.578433871269226074e-01
2.258182764053344727e+00,4.128083705902099609e+00
-8.360877633094787598e-01,-4.654915034770965576e-01
-1.794732213020324707e-01,-2.559899091720581055e+00
-1.822863698005676270e+00,9.783573150634765625e-01
5.303566932678222656e+00,3.279717206954956055e+00
-1.168998330831527710e-02,-2.414952993392944336e+00
-9.405811429023742676e-01,-5.589156627655029297e+00
3.947977721691131592e-02,5.545697808265686035e-01
7.165846824645996094e+00,-4.520465373992919922e+00
-1.068471968173980713e-01,-2.557241201400756836e+00
2.174850702285766602e+00,-7.982948422431945801e-01
7.328487873077392578e+00,-1.734686136245727539e+00
2.466006755828857422e+00,-2.683567285537719727e+00
-1.568231225013732910e+00,-2.316949129104614258e+00
-1.238318532705307007e-02,1.041140317916870117e+00
2.035674810409545898e+00,2.544790029525756836e+00
1.103867053985595703e+00,4.931538701057434082e-01
-3.205527067184448242e-01,-2.827130317687988281e+00
2.100816965103149414e+00,-2.036416769027709961e+00
2.616335153579711914e-01,-2.092509984970092773e+00
-5.437650680541992188e+00,-4.847046852111816406e+00
-5.166955590248107910e-01,3.102061748504638672e-01
-1.511370301246643066e+00,-2.149668216705322266e+00
-9.661754965782165527e-01,-3.307731389999389648e+00
3.188217282295227051e-01,1.544866442680358887e+00
-8.583882451057434082e-02,-3.996780633926391602e+00
-1.608814001083374023e+00,9.528423547744750977e-01
-3.155196428298950195e+00,-4.831612110137939453e+00
-3.719853162765502930e-01,-3.860395908355712891e+00
-2.378436326980590820e+00,-3.696655750274658203e+00
-2.106884494423866272e-02,2.060036212205886841e-01
-2.001029014587402344e+00,-2.532313823699951172e+00
1.961697101593017578e+00,-9.207510352134704590e-01
3.277854621410369873e-01,-1.391677498817443848e+00
6.170635223388671875e+00,-2.522415399551391602e+00
2.035674810409545898e+00,2.544790029525756836e+00
1.076872944831848145e+00,-3.525708317756652832e-01
-2.684794962406158447e-01,-5.071884155273437500e+00
-4.001201152801513672e+00,-3.522210121154785156e+00
2.391678094863891602e-01,3.478316962718963623e-01
2.707484722137451172e+00,-2.275133371353149414e+00
-4.424196183681488037e-01,-5.016469955444335938e+00
-4.617500901222229004e-01,-4.145190238952636719e+00
1.374565839767456055e+00,2.514769554138183594e+00
-1.191634774208068848e+00,-1.302186012268066406e+00
1.945310980081558228e-01,5.220401883125305176e-01
-1.069441795349121094e+00,7.483352422714233398e-01
8.483496904373168945e-01,-6.271452903747558594e-01
-8.467790484428405762e-02,-2.999706029891967773e+00
2.322078227996826172e+00,-2.547312736511230469e+00
2.794942855834960938e+00,-1.960680007934570312e+00
-4.684784710407257080e-01,4.171000123023986816e-01
3.085431098937988281e+00,6.297630667686462402e-01
-2.639651060104370117e+00,-4.727954387664794922e+00
-8.494706153869628906e-01,-2.116880893707275391e+00
-2.083028078079223633e+00,-1.314453125000000000e+00
4.407587349414825439e-01,3.439872026443481445e+00
-5.998737215995788574e-01,4.209274768829345703e+00
-4.668908119201660156e+00,-4.068548679351806641e+00
4.421964645385742188e+00,-1.941193938255310059e+00
1.275587677955627441e+00,-6.975423097610473633e-01
2.881210088729858398e+00,-1.859993100166320801e+00
2.241192340850830078e+00,-5.050209999084472656e+00
5.214296579360961914e-01,1.209159731864929199e+00
1.325035095214843750e+00,-2.344308137893676758e+00
2.252558946609497070e+00,-6.572831273078918457e-01
-7.327225804328918457e-01,8.396608829498291016e-01
2.378519058227539062e+00,-1.717595458030700684e+00
-6.704911589622497559e-02,-2.297519147396087646e-01
-4.513078689575195312e+00,-7.426233291625976562e+00
-2.117577493190765381e-01,-4.045133292675018311e-01
-2.584673881530761719e+00,-4.726348876953125000e+00
1.526993155479431152e+00,-1.062878251075744629e+00
-6.293854117393493652e-01,-3.613244533538818359e+00
-1.079314708709716797e+00,-1.582755334675312042e-02
7.292552590370178223e-01,-1.399793982505798340e+00
-4.516883492469787598e-01,1.522482395172119141e+00
8.116652369499206543e-01,5.574294328689575195e-01
-1.988418847322463989e-01,-2.257854700088500977e+00
-2.027336835861206055e+00,-4.023445397615432739e-02
5.094568133354187012e-01,-1.019055962562561035e+00
-1.843655668199062347e-02,2.693260908126831055e-01
-7.185297012329101562e-01,-2.608504593372344971e-01
-3.196480572223663330e-01,5.731176733970642090e-01
2.006335973739624023e+00,-2.962858200073242188e+00
-4.708496630191802979e-01,1.306240677833557129e+00
-2.487119197845458984e+00,3.528735935688018799e-01
-8.393615484237670898e-02,2.858226299285888672e-01
-2.073963642120361328e+00,-1.872686862945556641e+00
2.451527863740921021e-03,-1.018002033233642578e+00
-1.409202098846435547e+00,-2.300859212875366211e+00
-3.110679388046264648e+00,-3.460608720779418945e+00
2.029234886169433594e+00,-2.166547536849975586e+00
-2.588356733322143555e+00,-4.199668884277343750e+00
9.807039499282836914e-01,-1.140673995018005371e+00
-9.651769995689392090e-01,-6.218248009681701660e-01
1.614136546850204468e-01,-1.106357932090759277e+00
7.328487873077392578e+00,-1.734686136245727539e+00
3.112524509429931641e+00,-3.467270851135253906e+00
-2.082766592502593994e-01,7.742965817451477051e-01
1.999114990234375000e+00,4.487469047307968140e-02
-2.395928382873535156e+00,-4.147350788116455078e+00
-1.796045601367950439e-01,2.070800215005874634e-01
5.860729813575744629e-01,-9.256857633590698242e-01
1.326788306236267090e+00,-2.057095289230346680e+00
4.456282615661621094e+00,-1.396607398986816406e+00
-1.799374580383300781e+00,-5.064890861511230469e+00
4.533812522888183594e+00,-2.086681604385375977e+00
-1.717613697052001953e+00,-4.719203710556030273e-01
1.139517784118652344e+00,-6.408005356788635254e-01
-1.104315668344497681e-01,-3.514692783355712891e+00
1.880676627159118652e+00,-7.081025838851928711e-01
-1.612423419952392578e+00,7.520914673805236816e-01
7.408925890922546387e-02,-4.516564369201660156e+00
5.089056491851806641e-01,-1.900611877441406250e+00
-5.166955590248107910e-01,3.102061748504638672e-01
1.156988367438316345e-02,4.838142991065979004e-01
-9.421420097351074219e-01,6.288167834281921387e-01
5.624942183494567871e-01,-3.920615017414093018e-01
-1.603495359420776367e+00,-9.962604641914367676e-01
-4.205373823642730713e-01,2.066007852554321289e+00
-3.561185836791992188e+00,-3.438025712966918945e+00
1.739124536514282227e+00,-1.689279437065124512e+00
3.490025043487548828e+00,-4.209928512573242188e+00
1.390971302986145020e+00,-2.363820075988769531e+00
5.097371101379394531e+00,3.548431873321533203e+00
9.361010789871215820e-02,-1.339231014251708984e+00
2.391678094863891602e-01,3.478316962718963623e-01
3.860532283782958984e+00,-4.256939411163330078e+00
-2.763729095458984375e-01,5.655625462532043457e-01
1.682281017303466797e+00,-2.625036239624023438e+00
1.997916400432586670e-01,2.037104606628417969e+00
-4.675141721963882446e-02,-2.996584892272949219e+00
7.568841576576232910e-01,3.234801530838012695e+00
-3.115072011947631836e+00,-2.379720687866210938e+00
-2.900301218032836914e-01,-2.459901809692382812e+00
-1.424075961112976074e+00,-8.433253169059753418e-01
-2.336438596248626709e-01,-2.412796497344970703e+00
3.192288577556610107e-01,-1.382672190666198730e+00
1.931641936302185059e+00,-1.568261861801147461e+00
3.698225259780883789e+00,-1.094300985336303711e+00
4.706407189369201660e-01,-6.150751590728759766e+00
1.068758666515350342e-01,-2.982601642608642578e+00
-1.499512672424316406e+00,-2.681650817394256592e-01
4.041423320770263672e+00,-3.887266397476196289e+00
5.094568133354187012e-01,-1.019055962562561035e+00
-4.505811929702758789e-01,-3.473735332489013672e+00
-2.756095409393310547e+00,-2.412302017211914062e+00
1.427812278270721436e-01,6.264017820358276367e-01
-1.454065680503845215e+00,-2.929585218429565430e+00
-2.002137303352355957e-01,-2.392388820648193359e+00
-6.725929975509643555e-01,4.701117277145385742e-01
-8.960054516792297363e-01,-1.756165027618408203e+00
4.723946154117584229e-01,1.162455201148986816e+00
3.867608606815338135e-01,-1.239032268524169922e+00
1.420151829719543457e+00,-2.883202433586120605e-01
2.395886421203613281e+00,-2.919687747955322266e+00
1.996667742729187012e+00,-5.732358694076538086e-01
-1.424075961112976074e+00,-8.433253169059753418e-01
4.395944774150848389e-01,-1.615162491798400879e-01
-2.079194784164428711e-01,-2.909867763519287109e-01
-5.788877010345458984e+00,-3.643488883972167969e+00
-1.903819084167480469e+00,-1.252028107643127441e+00
-8.758181706070899963e-03,-3.891824007034301758e+00
-1.007803440093994141e+00,-1.321059703826904297e+00
2.205190211534500122e-01,1.879755109548568726e-01
-1.687151074409484863e+00,-3.369857788085937500e+00
9.533917903900146484e-02,5.419521927833557129e-01
5.568047240376472473e-02,9.919182658195495605e-01
1.227464675903320312e+00,-8.351217210292816162e-02
-4.813506126403808594e+00,-3.416015625000000000e+00
2.667261123657226562e+00,3.485849201679229736e-01
2.005611419677734375e+00,4.406317770481109619e-01
1.438624739646911621e+00,-7.341698408126831055e-01
1.872809052467346191e+00,-3.040591955184936523e+00
4.504891484975814819e-02,-7.725909352302551270e-01
1.229401469230651855e+00,-2.298956632614135742e+00
-1.401465177536010742e+00,-1.027496233582496643e-01
