-1.631599068641662598e+00,5.078045129776000977e-01
-1.729565620422363281e+00,4.457339644432067871e-01
-2.861901760101318359e+00,1.663957715034484863e+00
-3.681681156158447266e+00,5.001558065414428711e-01
-2.527538776397705078e+00,5.142116546630859375e-01
-3.118765830993652344e+00,1.751630783081054688e+00
-1.621628403663635254e+00,7.310674190521240234e-01
-1.006192922592163086e+00,3.187113523483276367e+00
-3.471197843551635742e+00,1.963795721530914307e-01
-3.022192955017089844e+00,4.043037444353103638e-02
-2.936452388763427734e+00,1.713210463523864746e+00
-1.550823092460632324e+00,2.593558728694915771e-01
-2.368927955627441406e+00,2.283422052860260010e-01
-2.019911050796508789e+00,6.376534700393676758e-01
-2.817978143692016602e+00,1.584725618362426758e+00
-1.345683097839355469e+00,3.838069438934326172e+00
-3.288949728012084961e+00,1.908005237579345703e+00
-2.169689655303955078e+00,1.759041309356689453e+00
-2.154759883880615234e+00,5.669619441032409668e-01
-8.299883008003234863e-01,9.891330003738403320e-01
-1.931063890457153320e+00,1.592063307762145996e+00
-1.830126762390136719e+00,3.259037435054779053e-01
-1.603330254554748535e+00,1.368031859397888184e+00
-3.562779903411865234e+00,2.454450130462646484e-01
-1.036215662956237793e+00,5.450165271759033203e-01
3.627435266971588135e-01,2.797324180603027344e+00
-1.911637425422668457e+00,2.924043834209442139e-01
-2.834840059280395508e+00,1.645188689231872559e+00
-1.399150609970092773e+00,2.857503175735473633e+00
-1.955861210823059082e+00,8.434712886810302734e-01
-1.557947158813476562e+00,1.304546713829040527e+00
-1.188374233245849609e+01,1.603689044713973999e-01
-1.347536087036132812e+00,1.180973410606384277e+00
-2.211888790130615234e+00,5.125232696533203125e+00
-1.034834265708923340e+00,5.338823795318603516e-01
-4.065229892730712891e+00,7.612509727478027344e-01
-2.337084770202636719e+00,5.247373580932617188e-01
-8.574544191360473633e-01,3.827342987060546875e+00
-2.275335550308227539e+00,1.578545421361923218e-01
-1.899196386337280273e+00,8.794381618499755859e-01
-2.168992757797241211e+00,2.683252692222595215e-01
-3.274501800537109375e+00,5.281485319137573242e-01
-3.201478123664855957e-01,4.802908897399902344e+00
-2.450996637344360352e+00,3.216473758220672607e-02
-1.566698551177978516e+00,1.237793684005737305e+00
-6.768426299095153809e-01,1.733997762203216553e-01
-1.928531765937805176e+00,7.752729654312133789e-01
-7.533131241798400879e-01,3.713995218276977539e+00
-3.236730098724365234e+00,-1.134692728519439697e-01
-8.222644925117492676e-01,9.991585016250610352e-01
-1.861793875694274902e+00,1.394944429397583008e+00
-1.578701019287109375e+00,1.084521651268005371e+00
-1.936207890510559082e+00,4.210442602634429932e-01
-8.612658500671386719e+00,3.126566708087921143e-01
-1.189557790756225586e+00,4.138045907020568848e-01
-2.402186632156372070e+00,2.039431333541870117e-01
-2.006037235260009766e+00,3.491553366184234619e-01
-1.721126079559326172e+00,5.292320847511291504e-01
-3.422290086746215820e+00,8.773484826087951660e-02
-1.586954593658447266e+00,5.186536312103271484e-01
-1.355397820472717285e+00,3.839614391326904297e+00
-1.300779700279235840e+00,1.125155091285705566e+00
-2.718979597091674805e+00,6.857848167419433594e-01
-1.919219374656677246e+00,5.167286396026611328e+00
-3.201652050018310547e+00,3.844938874244689941e-01
2.071448862552642822e-01,2.495924711227416992e+00
-1.810304164886474609e+00,4.974335670471191406e+00
-6.892826557159423828e-01,1.015155792236328125e+00
-9.815456867218017578e-01,2.813854813575744629e-01
-1.838103890419006348e+00,6.948801279067993164e-01
-1.997562170028686523e+00,2.960496544837951660e-01
-2.086050987243652344e+00,4.260720312595367432e-01
-1.762446165084838867e+00,5.971301794052124023e-01
-3.533365249633789062e+00,2.492434978485107422e+00
-2.168992757797241211e+00,2.683252692222595215e-01
-2.362633705139160156e+00,-8.717678487300872803e-02
-1.337023138999938965e+00,1.251760244369506836e+00
-3.109420537948608398e+00,1.846749067306518555e+00
-1.637582182884216309e+00,4.080484390258789062e+00
-1.529225707054138184e+00,1.286222696304321289e+00
-2.202859878540039062e+00,2.015514373779296875e+00
-2.070974826812744141e+00,-5.384735763072967529e-02
-4.586319446563720703e+00,5.574622154235839844e-01
-1.959448337554931641e+00,1.723618507385253906e-01
-8.821144104003906250e-01,8.594253063201904297e-01
-1.794810891151428223e+00,4.851291656494140625e+00
-1.102127313613891602e+00,3.446979522705078125e+00
-2.995633125305175781e+00,2.262850522994995117e+00
-1.589658379554748535e+00,4.550257205963134766e+00
-1.969048857688903809e+00,5.307629585266113281e+00
-8.528056144714355469e-01,1.916410624980926514e-01
-1.609287858009338379e+00,1.213946223258972168e+00
-1.420692920684814453e+00,1.031243443489074707e+00
-1.340083241462707520e+00,1.199461460113525391e+00
-1.846263408660888672e+00,1.388616919517517090e+00
4.626874625682830811e-01,1.786198914051055908e-01
-1.635397553443908691e+00,1.139384269714355469e+00
-1.854625225067138672e+00,3.744409978389739990e-01
-2.258779764175415039e+00,7.629376649856567383e-02
-7.922360301017761230e-01,8.127049207687377930e-01
-2.799547433853149414e+00,4.285243511199951172e+00
-1.849215388298034668e+00,3.748505711555480957e-01
-1.571816205978393555e-02,7.125235795974731445e-01
-1.739132761955261230e+00,2.670062184333801270e-01
-2.415358543395996094e+00,1.582105517387390137e+00
-2.618681669235229492e+00,1.420760035514831543e+00
-1.653170228004455566e+00,1.429080009460449219e+00
-2.709640264511108398e+00,2.176377177238464355e-01
-1.874180793762207031e+00,6.052958965301513672e-01
-1.193445801734924316e+00,3.940770149230957031e+00
1.802273839712142944e-02,4.130586981773376465e-01
-1.501950979232788086e+00,2.913958072662353516e+00
-2.028219699859619141e+00,4.158487021923065186e-01
-2.523829221725463867e+00,-3.786800801753997803e-02
-1.315546870231628418e+00,9.809832572937011719e-01
-1.010076403617858887e+00,1.054542183876037598e+00
-2.506155252456665039e+00,1.917020797729492188e+00
-1.337682723999023438e+00,3.742891252040863037e-01
-2.442320823669433594e+00,1.784901976585388184e+00
-7.149068713188171387e-01,5.196086764335632324e-01
-2.638505697250366211e+00,4.416236579418182373e-01
1.891042292118072510e-01,5.295589447021484375e+00
-2.330395698547363281e+00,5.252825736999511719e+00
-2.422536373138427734e+00,8.659075945615768433e-02
-1.880603671073913574e+00,2.389753580093383789e+00
-1.715604424476623535e+00,3.028964698314666748e-01
-1.605625271797180176e+00,3.380255222320556641e+00
-4.717508316040039062e+00,-7.719304561614990234e-01
-1.049763560295104980e+00,3.555815458297729492e+00
-2.066834449768066406e+00,2.863938331604003906e+00
-2.251515388488769531e+00,1.066347211599349976e-01
-2.018894433975219727e+00,4.829908847808837891e+00
-1.658527374267578125e+00,5.212560892105102539e-01
-4.605600357055664062e+00,2.807671427726745605e-01
-1.299740910530090332e+00,4.093334674835205078e+00
-3.452147543430328369e-01,4.385372996330261230e-01
-3.183563709259033203e+00,3.719995021820068359e-01
-1.964429616928100586e+00,3.589312076568603516e+00
-2.386140108108520508e+00,-9.970559179782867432e-02
-1.049775600433349609e+01,7.867200672626495361e-02
-3.274135351181030273e+00,5.796844959259033203e-01
-8.821144104003906250e-01,8.594253063201904297e-01
-7.608994245529174805e-01,4.654335498809814453e+00
-2.817853450775146484e+00,1.900274395942687988e+00
7.619601488113403320e-01,2.566845893859863281e+00
-3.274501800537109375e+00,5.281485319137573242e-01
-3.293299913406372070e+00,2.897249758243560791e-01
-2.936452388763427734e+00,1.713210463523864746e+00
-2.775542497634887695e+00,1.506075263023376465e+00
-1.169222354888916016e+00,5.175248980522155762e-01
-1.868155598640441895e+00,3.010111451148986816e-01
-2.431624889373779297e+00,1.584826469421386719e+00
-1.195763468742370605e+00,3.488520622253417969e+00
-2.180182933807373047e+00,5.991480350494384766e-01
-1.943408846855163574e+00,5.087960720062255859e+00
-2.940352439880371094e+00,1.792080521583557129e+00
-1.219177603721618652e+00,4.959487915039062500e-01
-5.031076908111572266e+00,4.603269994258880615e-01
-6.010992527008056641e-01,9.135690927505493164e-01
-1.126994848251342773e+00,2.637631297111511230e-01
-4.984847903251647949e-01,4.365122020244598389e-01
-1.330104947090148926e+00,3.122346162796020508e+00
-1.946898221969604492e+00,2.193993330001831055e-01
-2.764989614486694336e+00,1.836154460906982422e+00
-3.278549432754516602e+00,2.718362212181091309e-01
-1.651282787322998047e+00,1.552847743034362793e+00
-2.099271059036254883e+00,5.473680496215820312e-01
-1.649233341217041016e+00,5.137438774108886719e+00
-1.351874470710754395e+00,5.283471345901489258e-01
4.177167266607284546e-02,2.885420083999633789e+00
-2.679337501525878906e+00,6.546941995620727539e-01
-1.472739100456237793e+00,1.399833798408508301e+00
-1.372819781303405762e+00,-1.461751013994216919e-02
-1.094865202903747559e+00,1.081302762031555176e+00
-2.676904678344726562e+00,1.638665437698364258e+00
-2.276225805282592773e+00,3.304217010736465454e-02
-2.817811071872711182e-01,4.779647350311279297e+00
-1.694957852363586426e+00,2.478826195001602173e-01
-3.533365249633789062e+00,2.492434978485107422e+00
-8.495014905929565430e-01,3.776167154312133789e+00
-2.686996936798095703e+00,2.996274709701538086e+00
-1.970010519027709961e+00,4.876528263092041016e+00
-2.262182712554931641e+00,1.751583695411682129e+00
-1.620436191558837891e+00,5.767698287963867188e-01
-1.607685804367065430e+00,4.900308609008789062e+00
-6.260069847106933594e+00,-1.317899525165557861e-01
-2.664638519287109375e+00,3.001087009906768799e-01
-4.649918556213378906e+00,2.789990901947021484e-01
-2.441588163375854492e+00,1.393337965011596680e+00
-1.580148935317993164e+00,4.579188823699951172e+00
-3.012202024459838867e+00,4.957520067691802979e-01
-2.720773935317993164e+00,2.753536105155944824e-01
-1.825815677642822266e+00,1.502535700798034668e+00
-1.095259785652160645e+00,1.173061847686767578e+00
-1.095259785652160645e+00,1.173061847686767578e+00
-4.029747962951660156e+00,1.820211291313171387e+00
-2.027862787246704102e+00,3.091095685958862305e-01
-1.820313096046447754e+00,3.337613642215728760e-01
-3.365763902664184570e+00,5.577755719423294067e-02
-2.523396492004394531e+00,2.380881160497665405e-01
-2.416420936584472656e+00,3.372620940208435059e-01
-1.006721615791320801e+00,3.243667840957641602e+00
-2.936438798904418945e+00,1.658492684364318848e+00
-1.567256301641464233e-01,3.899622559547424316e-01
-1.315283536911010742e+00,3.095156431198120117e+00
-1.300687432289123535e+00,4.589767456054687500e-01
-2.711156129837036133e+00,1.625842690467834473e+00
-2.713371038436889648e+00,9.923074394464492798e-02
-1.024106693267822266e+01,1.717669516801834106e-02
-5.979325175285339355e-01,5.676594257354736328e+00
-1.652369618415832520e+00,4.480447292327880859e+00
-1.658048510551452637e+00,4.071861267089843750e+00
-1.588994026184082031e+00,5.705782175064086914e-01
-1.573585867881774902e+00,1.221761703491210938e+00
-3.024840593338012695e+00,2.330355644226074219e+00
-1.381258726119995117e+00,6.219149827957153320e-01
-3.083962917327880859e+00,2.728326320648193359e+00
-9.675410389900207520e-01,1.085616827011108398e+00
-1.351197838783264160e+00,1.136258244514465332e+00
-1.976329088211059570e+00,1.920699179172515869e-01
-2.596936464309692383e+00,1.102316081523895264e-01
-1.538057088851928711e+00,1.660361170768737793e+00
-3.722944974899291992e+00,4.440405368804931641e+00
-7.407976388931274414e-01,2.275380492210388184e-01
-9.880416393280029297e-01,1.171495914459228516e+00
-1.918022751808166504e+00,1.511499524116516113e+00
-2.645741939544677734e+00,7.190151214599609375e-01
3.011228740215301514e-01,3.624648332595825195e+00
-2.760769128799438477e+00,2.463968038558959961e+00
-2.036638021469116211e+00,2.100260257720947266e+00
-2.570654153823852539e+00,1.620485544204711914e+00
-1.880058169364929199e+00,3.737111985683441162e-01
-1.949109792709350586e+00,2.834384441375732422e+00
-3.079801321029663086e+00,5.007516741752624512e-01
-1.111172318458557129e+00,3.431450605392456055e+00
-1.637470006942749023e+00,4.110599994659423828e+00
-2.106093168258666992e+00,1.773095726966857910e+00
-1.655526876449584961e+00,3.859655559062957764e-01
-1.601721644401550293e+00,4.964172363281250000e+00
-1.608308792114257812e+00,3.865002632141113281e+00
-1.362188220024108887e+00,4.317471027374267578e+00
-1.925038099288940430e+00,5.084495544433593750e+00
-1.564179897308349609e+00,4.537075996398925781e+00
-2.227748155593872070e+00,3.278962373733520508e-01
-3.899931192398071289e+00,3.148105740547180176e-01
-1.721982955932617188e-01,4.234853267669677734e+00
-1.980696201324462891e+00,5.130078315734863281e+00
-2.262680053710937500e+00,7.164260149002075195e-01
-5.756526947021484375e+00,3.220559656620025635e-01
-2.620771884918212891e+00,1.130595728754997253e-01
-1.571537375450134277e+00,4.557076930999755859e+00
-1.869819521903991699e+00,5.089524745941162109e+00
-2.441588163375854492e+00,1.393337965011596680e+00
-3.241485595703125000e+00,9.338773787021636963e-03
-2.625658988952636719e+00,1.109679341316223145e-01
-2.845347166061401367e+00,1.642309665679931641e+00
-6.312420845031738281e+00,-1.441048830747604370e-01
-1.606682777404785156e+00,3.981062173843383789e+00
-2.290636301040649414e+00,5.228210926055908203e+00
-1.053021430969238281e+00,4.482585191726684570e-01
-1.556102037429809570e+00,1.231862664222717285e+00
-2.764741420745849609e+00,1.507529020309448242e+00
-1.522834181785583496e+00,1.306806802749633789e+00
-3.106309652328491211e+00,1.782628059387207031e+00
-8.322946429252624512e-01,1.137945532798767090e+00
-3.722090482711791992e+00,3.028597593307495117e+00
-3.001428842544555664e+00,6.747148185968399048e-02
-1.929705142974853516e+00,5.279163360595703125e+00
-1.807211041450500488e+00,1.330506324768066406e+00
-1.984743118286132812e+00,4.639109671115875244e-01
-1.701111793518066406e+00,2.361714392900466919e-01
-3.118969202041625977e+00,-1.059238016605377197e-01
-2.281904697418212891e+00,2.415827661752700806e-02
-2.721871137619018555e+00,1.662497043609619141e+00
-1.532482862472534180e+00,6.381781101226806641e-01
-1.902994036674499512e+00,7.233086824417114258e-01
-1.515879511833190918e+00,-2.032445669174194336e-01
-1.850816011428833008e+00,7.854030132293701172e-01
-1.788290381431579590e+00,4.728826045989990234e+00
-2.837951183319091797e+00,1.996152520179748535e+00
-2.763261079788208008e+00,1.615158915519714355e-01
-2.035312414169311523e+00,4.975716590881347656e+00
-3.288168907165527344e+00,1.150667220354080200e-01
-2.195746898651123047e+00,3.522145152091979980e-01
-2.012823581695556641e+00,2.801192998886108398e-01
-1.596139669418334961e+00,1.226507782936096191e+00
-2.129812479019165039e+00,1.866898775100708008e+00
-1.415154933929443359e+00,1.286417841911315918e+00
-8.468344688415527344e+00,5.252147316932678223e-01
-1.539248824119567871e+00,4.791835308074951172e+00
-1.596388578414916992e+00,4.305250644683837891e-01
-1.061685442924499512e+00,1.048720240592956543e+00
-2.355886459350585938e+00,2.971666157245635986e-01
-6.042402982711791992e-01,4.298425316810607910e-01
-3.066786050796508789e+00,1.673191666603088379e+00
-3.231909751892089844e+00,2.354325771331787109e+00
-1.531890511512756348e+00,5.208036303520202637e-01
-1.106889963150024414e+00,4.368499279022216797e+00
-1.615319252014160156e+00,3.100383281707763672e-01
-3.771923780441284180e+00,2.569764554500579834e-01
-2.240727901458740234e+00,1.910191476345062256e-01
-1.326713323593139648e+00,3.351599454879760742e+00
-1.952348470687866211e+00,1.966144144535064697e-01
-2.484891653060913086e+00,1.545162439346313477e+00
-2.217881917953491211e+00,3.202329277992248535e-01
-2.021149396896362305e+00,5.011706829071044922e+00
-1.270850896835327148e+00,1.306270837783813477e+00
-2.326248168945312500e+00,1.736879706382751465e+00
-3.242262363433837891e+00,4.540790617465972900e-01
-2.633371114730834961e+00,4.184833526611328125e+00
-2.417330980300903320e+00,4.065629839897155762e-01
-2.969480276107788086e+00,1.831537127494812012e+00
-3.073399066925048828e+00,1.757866144180297852e+00
-5.406793355941772461e-01,3.392558395862579346e-01
-3.081293821334838867e+00,1.784249424934387207e+00
-2.992466390132904053e-01,3.197428941726684570e+00
-2.319214582443237305e+00,2.498579770326614380e-01
-2.899281740188598633e+00,3.168216347694396973e-01
-1.714674711227416992e+00,6.411957740783691406e-01
-7.327862977981567383e-01,7.806890010833740234e-01
-2.042875289916992188e+00,5.836950540542602539e-01
-7.536197304725646973e-01,9.376817941665649414e-01
-1.659698963165283203e+00,4.495716571807861328e+00
-3.749862909317016602e+00,-1.983174085617065430e-01
-2.769837141036987305e+00,1.437247544527053833e-01
-2.215854883193969727e+00,3.058104515075683594e-01
-3.494889736175537109e+00,3.469780981540679932e-01
-7.558923363685607910e-01,8.787288665771484375e-01
-1.912709712982177734e+00,1.635414719581604004e+00
-1.574889302253723145e+00,8.228396177291870117e-01
-1.300925970077514648e+00,9.632292985916137695e-01
-1.450990319252014160e+00,4.157927036285400391e+00
-8.045679092407226562e+00,7.057684659957885742e-01
-1.347536087036132812e+00,1.180973410606384277e+00
-9.438103437423706055e-01,3.076194286346435547e+00
-1.642819762229919434e+00,4.651541113853454590e-01
-6.567951440811157227e-01,6.501992940902709961e-01
-2.941496849060058594e+00,1.779860258102416992e+00
-3.220674991607666016e+00,2.123470902442932129e-01
-3.049984216690063477e+00,2.333096265792846680e+00
5.900250077247619629e-01,3.378522992134094238e-01
-1.807889461517333984e+00,4.748250007629394531e+00
-1.971866369247436523e+00,2.966371774673461914e-01
-2.791520833969116211e+00,1.607216954231262207e+00
-2.678092241287231445e+00,1.532066106796264648e+00
-3.261112213134765625e+00,-8.915725350379943848e-02
-3.061078786849975586e+00,5.202426314353942871e-01
-7.467694878578186035e-01,5.189887046813964844e+00
-2.262217998504638672e+00,2.511579394340515137e-01
-5.630171775817871094e+00,-1.282586902379989624e-01
-1.675078749656677246e+00,4.643709063529968262e-01
-2.852904558181762695e+00,2.332431316375732422e+00
-3.489278316497802734e+00,3.029894530773162842e-01
-1.387513995170593262e+00,1.313793420791625977e+00
-1.250221371650695801e+00,4.332495689392089844e+00
-1.722115576267242432e-01,4.485928118228912354e-01
-9.629732966423034668e-01,4.067625701427459717e-01
-2.217606782913208008e+00,1.885060191154479980e+00
-2.420264244079589844e+00,3.934049904346466064e-01
-3.745554208755493164e+00,-1.802316904067993164e-01
-2.301626682281494141e+00,1.608033925294876099e-01
-1.515879511833190918e+00,-2.032445669174194336e-01
-2.225007057189941406e+00,1.359484434127807617e+00
-2.081257820129394531e+00,1.501421570777893066e+00
-1.744699239730834961e+00,4.476159214973449707e-01
-9.481212496757507324e-01,5.023232698440551758e-01
-3.102262735366821289e+00,1.748259425163269043e+00
-2.473274230957031250e+00,1.173395961523056030e-01
-3.367481708526611328e+00,2.876187801361083984e+00
-1.794398307800292969e+00,4.195658683776855469e+00
-7.298212051391601562e-01,4.141026020050048828e+00
-1.281734943389892578e+00,1.225897192955017090e+00
-1.971866369247436523e+00,2.966371774673461914e-01
-1.780416011810302734e+00,5.078948736190795898e-01
-1.274791210889816284e-01,3.771586656570434570e+00
4.745420068502426147e-02,3.569146633148193359e+00
-1.869843363761901855e+00,4.874776363372802734e+00
-1.835155010223388672e+00,4.283234179019927979e-01
-2.339905023574829102e+00,1.652170300483703613e+00
-1.670381665229797363e+00,3.572470188140869141e+00
-8.159904479980468750e-01,7.421895265579223633e-01
-1.718050837516784668e+00,4.960082054138183594e+00
-1.021292781829833984e+01,-2.727800309658050537e-01
-2.801944255828857422e+00,1.637382984161376953e+00
-3.201652050018310547e+00,3.844938874244689941e-01
-2.150878667831420898e+00,2.429266214370727539e+00
-1.603654265403747559e+00,4.838700294494628906e+00
-3.014858007431030273e+00,1.783122062683105469e+00
-1.190225005149841309e+00,1.219884753227233887e+00
-2.445375680923461914e+00,4.516100883483886719e-02
-1.318697094917297363e+00,5.196183919906616211e-01
-1.254376292228698730e+00,-1.426276564598083496e-02
-1.319502949714660645e+00,5.745818614959716797e-01
-3.301720857620239258e+00,3.106267154216766357e-01
-3.679323434829711914e+00,3.787553608417510986e-01
-1.410630822181701660e+00,1.283568143844604492e+00
-2.350358963012695312e+00,2.181953430175781250e+00
-1.052976369857788086e+00,7.109632492065429688e-01
-2.166859865188598633e+00,1.886609077453613281e+00
-2.228879690170288086e+00,5.129523873329162598e-01
-3.098587989807128906e+00,1.916221141815185547e+00
-1.940038204193115234e+00,2.850233554840087891e+00
-2.791927099227905273e+00,1.609562397003173828e+00
-1.364009976387023926e-01,5.278207778930664062e+00
-1.196374058723449707e+00,4.213792681694030762e-01
-1.943408846855163574e+00,5.087960720062255859e+00
-2.352760076522827148e+00,1.232611894607543945e+00
-1.349158048629760742e+00,1.217246294021606445e+00
-1.127603650093078613e+00,5.191034078598022461e-01
-4.533444404602050781e+00,3.125870943069458008e+00
-1.565244436264038086e+00,5.477045774459838867e-01
-3.066786050796508789e+00,1.673191666603088379e+00
4.626874625682830811e-01,1.786198914051055908e-01
-2.804960012435913086e+00,1.757812738418579102e+00
-2.451651573181152344e+00,-2.526444792747497559e-01
-1.038341760635375977e+00,3.139018535614013672e+00
-1.994492411613464355e+00,4.533858895301818848e-01
-1.243414044380187988e+00,7.907568216323852539e-01
-2.903594493865966797e+00,1.609128713607788086e+00
-1.201939105987548828e+00,4.051795482635498047e+00
-2.013818979263305664e+00,5.026429653167724609e+00
-1.417487978935241699e+00,-3.380839526653289795e-02
-1.763556480407714844e+00,1.674214482307434082e+00
-1.054737925529479980e+00,4.121873378753662109e+00
-2.484307765960693359e+00,8.531221002340316772e-02
-4.439359188079833984e+00,2.615281105041503906e+00
-2.843672752380371094e+00,4.577863514423370361e-01
-5.551590442657470703e+00,-2.689845263957977295e-01
-2.534077882766723633e+00,2.473264455795288086e+00
-3.914788246154785156e+00,-2.304537594318389893e-01
-4.107489109039306641e+00,1.860126137733459473e+00
-1.019532799720764160e+00,9.168968200683593750e-01
-1.667314767837524414e+00,4.667792320251464844e-01
-3.094535350799560547e+00,1.747562170028686523e+00
-3.150178909301757812e+00,5.486011877655982971e-02
-2.120869398117065430e+00,2.211612164974212646e-01
-9.476143121719360352e-01,3.812637925148010254e-01
-2.024903774261474609e+00,4.295864999294281006e-01
-1.910848855972290039e+00,5.036531925201416016e+00
-3.261837005615234375e+00,4.633976936340332031e+00
-1.022416400909423828e+01,7.620692253112792969e-03
-5.624040961265563965e-01,2.981727719306945801e-01
-3.674004793167114258e+00,2.258694410324096680e+00
-3.237508833408355713e-01,4.752762317657470703e+00
-1.259260892868041992e+00,4.260127842426300049e-01
-1.620971083641052246e+00,2.909696698188781738e-01
-2.881212949752807617e+00,1.691138505935668945e+00
-2.396508455276489258e+00,1.321755290031433105e+00
-8.197332382202148438e+00,6.988775730133056641e-01
-2.880794525146484375e+00,1.951364874839782715e+00
-2.824024677276611328e+00,4.383233785629272461e-01
-1.854144334793090820e+00,1.417384266853332520e+00
-3.575797557830810547e+00,2.274641245603561401e-01
-3.367481708526611328e+00,2.876187801361083984e+00
-2.055368185043334961e+00,4.997831821441650391e+00
-1.705079078674316406e+00,4.820752143859863281e+00
-1.740474581718444824e+00,1.285863399505615234e+00
-3.218402862548828125e+00,1.905505418777465820e+00
-7.341074347496032715e-01,5.039414167404174805e-01
-2.451989173889160156e+00,1.593575000762939453e+00
-1.919149875640869141e+00,2.709940373897552490e-01
-3.058815002441406250e+00,1.702241301536560059e+00
-1.690015912055969238e+00,2.206100821495056152e-01
-2.302699804306030273e+00,2.387920141220092773e+00
-1.584484100341796875e+00,3.681181669235229492e+00
-3.960160017013549805e+00,4.414442777633666992e-01
-2.969099044799804688e+00,1.556455135345458984e+00
-3.600526332855224609e+00,3.007121980190277100e-01
-2.044928789138793945e+00,3.579681515693664551e-01
-1.175585079193115234e+01,-3.072436749935150146e-01
-1.036396145820617676e+00,5.858670473098754883e-01
-8.403210639953613281e+00,5.200768709182739258e-01
-1.721140861511230469e+00,4.985347270965576172e+00
-1.773694396018981934e+00,2.852506041526794434e-01
-3.474097013473510742e+00,5.252562165260314941e-01
-9.717578887939453125e-01,8.740090131759643555e-01
-9.388055801391601562e-01,8.934054374694824219e-01
-1.883882403373718262e+00,5.128763198852539062e+00
-2.133980542421340942e-01,4.438632011413574219e+00
-2.376978158950805664e+00,2.396414041519165039e+00
-1.718728542327880859e+00,4.351806640625000000e+00
-1.003555536270141602e+00,3.720061480998992920e-01
-2.721670150756835938e+00,1.623206853866577148e+00
-2.075528144836425781e+00,1.733464717864990234e+00
-2.258779764175415039e+00,7.629376649856567383e-02
-2.380728721618652344e+00,2.309599518775939941e-01
-1.957453012466430664e+00,7.705926895141601562e-01
-3.518278598785400391e-01,4.867836475372314453e+00
-3.577839136123657227e-01,4.743325710296630859e+00
-3.164011240005493164e+00,6.004604101181030273e-01
-1.865789771080017090e+00,2.931795716285705566e-01
-6.089871406555175781e+00,4.336575269699096680e-01
-3.482698202133178711e+00,2.289838939905166626e-01
-4.098559617996215820e-01,4.521650075912475586e-01
-2.507486104965209961e+00,6.980371475219726562e-01
-1.820205330848693848e+00,4.856390953063964844e+00
-1.796988248825073242e+00,1.368040084838867188e+00
-1.181240558624267578e+00,6.473540067672729492e-01
-2.380728721618652344e+00,2.309599518775939941e-01
-7.202164173126220703e+00,1.537792831659317017e-01
-3.125579595565795898e+00,3.984167575836181641e-01
-2.259582281112670898e+00,1.876316070556640625e-01
-7.520952224731445312e-01,3.271886706352233887e-01
-2.530563592910766602e+00,-6.198455393314361572e-02
-3.977773904800415039e+00,4.413477778434753418e-01
-1.172350978851318359e+01,-1.930075883865356445e-01
-1.191129684448242188e+01,1.588277816772460938e-01
-1.672728896141052246e+00,3.569496393203735352e+00
-1.423214554786682129e+00,5.614655017852783203e-01
-2.405086994171142578e+00,1.613170862197875977e+00
-1.578701019287109375e+00,1.084521651268005371e+00
-1.840998649597167969e+00,4.491973400115966797e+00
-1.313042998313903809e+00,3.285944700241088867e+00
-1.317324340343475342e-01,5.277431011199951172e+00
-4.036538600921630859e+00,2.521088361740112305e+00
-2.881748437881469727e+00,1.489880681037902832e+00
-8.976477384567260742e-01,3.111609458923339844e+00
-3.104614734649658203e+00,1.602579474449157715e+00
-2.230351924896240234e+00,3.065780103206634521e-01
-2.453844308853149414e+00,1.377277374267578125e+00
2.785883843898773193e-03,4.611886978149414062e+00
-5.553389549255371094e+00,4.833569228649139404e-01
-2.326906204223632812e+00,1.310723066329956055e+00
-1.193445801734924316e+00,3.940770149230957031e+00
-1.037957429885864258e+00,6.507319211959838867e-01
-1.638528108596801758e+00,5.518232583999633789e-01
-1.324195623397827148e+00,1.250640511512756348e+00
-3.960130929946899414e+00,2.761607468128204346e-01
-2.664713144302368164e+00,6.577666997909545898e-01
-2.476081132888793945e+00,1.779815793037414551e+00
-1.574678421020507812e+00,1.207021713256835938e+00
-1.989427447319030762e+00,2.328651249408721924e-01
-2.596543073654174805e+00,2.778100252151489258e+00
-1.539435982704162598e+00,4.109019041061401367e-01
-4.107489109039306641e+00,1.860126137733459473e+00
-1.573899388313293457e+00,5.039877891540527344e+00
-1.494493603706359863e+00,5.905088186264038086e-01
-2.709098815917968750e+00,1.715151429176330566e+00
-2.842222690582275391e+00,1.665898919105529785e+00
-3.259397506713867188e+00,1.847748756408691406e+00
-5.049753665924072266e+00,-8.917602300643920898e-01
-2.029546976089477539e+00,3.475855588912963867e-01
-1.461056709289550781e+00,7.895399332046508789e-01
-2.621560811996459961e+00,1.573256969451904297e+00
-1.426566839218139648e+00,9.718028306961059570e-01
-1.558021545410156250e+00,2.131924629211425781e-01
-2.012823581695556641e+00,2.801192998886108398e-01
-2.882144689559936523e+00,1.691360950469970703e+00
-2.337437152862548828e+00,3.881043195724487305e+00
-1.223186612129211426e+00,1.069939851760864258e+00
-2.157159328460693359e+00,1.532597899436950684e+00
-1.764551997184753418e+00,2.139804810285568237e-01
-1.902994036674499512e+00,7.233086824417114258e-01
-2.227167606353759766e+00,4.394789040088653564e-01
-3.092442989349365234e+00,4.400516450405120850e-01
-1.883882403373718262e+00,5.128763198852539062e+00
-1.307582855224609375e+00,3.497007846832275391e+00
4.117220342159271240e-01,3.594526767730712891e+00
-3.807806730270385742e+00,8.136566877365112305e-01
-3.044017314910888672e+00,1.049373820424079895e-01
6.710159182548522949e-01,4.057286739349365234e+00
-2.172277450561523438e+00,2.367960512638092041e-01
-4.308839321136474609e+00,4.297605156898498535e-01
-1.688369631767272949e+00,4.620498180389404297e+00
-1.816913247108459473e+00,4.226428508758544922e+00
-1.155975461006164551e+00,1.206399321556091309e+00
1.802273839712142944e-02,4.130586981773376465e-01
-9.912101626396179199e-01,8.853676319122314453e-01
-2.310890913009643555e+00,1.316194176673889160e+00
-1.635397553443908691e+00,1.139384269714355469e+00
-2.088608980178833008e+00,2.877698659896850586e+00
-3.092163324356079102e+00,1.578580856323242188e+00
-5.624040961265563965e-01,2.981727719306945801e-01
-4.105252265930175781e+00,3.233388066291809082e-03
-2.136056423187255859e+00,3.784705996513366699e-01
-7.251693010330200195e-01,5.213029384613037109e-01
-2.342805862426757812e+00,2.022881746292114258e+00
-8.126243352890014648e-01,4.596439003944396973e-01
-8.049268722534179688e+00,3.560141324996948242e-01
-2.010212659835815430e+00,2.172872722148895264e-01
-2.834311723709106445e+00,3.475484997034072876e-02
-2.330395698547363281e+00,5.252825736999511719e+00
-2.441227912902832031e+00,1.736578345298767090e+00
-1.957579374313354492e+00,5.818499922752380371e-01
-1.253119945526123047e+00,3.232745885848999023e+00
-7.081288099288940430e-01,1.016771197319030762e+00
-2.469410419464111328e+00,3.130291402339935303e-01
-2.562629461288452148e+00,2.518302440643310547e+00
-2.445498228073120117e+00,1.707553267478942871e+00
-8.314968347549438477e-01,4.267151951789855957e-01
-4.834937095642089844e+00,4.053829312324523926e-01
-1.681290268898010254e+00,2.331719994544982910e-01
-2.091633319854736328e+00,4.976775646209716797e+00
-2.175982952117919922e+00,1.749072551727294922e+00
-2.162213087081909180e+00,5.074610233306884766e+00
-1.697112083435058594e+00,3.764569759368896484e+00
-1.688369631767272949e+00,4.620498180389404297e+00
-3.489278316497802734e+00,3.029894530773162842e-01
-1.331970691680908203e+00,3.687530994415283203e+00
-4.400248527526855469e+00,2.722485303878784180e+00
-2.136056423187255859e+00,3.784705996513366699e-01
-9.324091076850891113e-01,3.218087196350097656e+00
-6.794657707214355469e+00,2.658274173736572266e-01
-2.685271501541137695e+00,2.738620519638061523e+00
-2.488211154937744141e+00,8.549971580505371094e-01
-2.332831144332885742e+00,2.652441263198852539e-01
-1.925038099288940430e+00,5.084495544433593750e+00
-1.691810727119445801e+00,2.801372289657592773e+00
-2.094498872756958008e+00,5.605689287185668945e-01
-2.976179599761962891e+00,1.727055072784423828e+00
-1.411438107490539551e+00,4.326148986816406250e+00
-2.577296733856201172e+00,1.413823485374450684e+00
-1.395992636680603027e+00,1.327245593070983887e+00
-2.851471662521362305e+00,1.537374854087829590e+00
-4.649918556213378906e+00,2.789990901947021484e-01
-1.993589282035827637e+00,2.704365551471710205e-01
-2.641445875167846680e+00,7.800831794738769531e-01
-3.882107496261596680e+00,-1.058755666017532349e-01
-7.503252029418945312e-01,4.742887496948242188e+00
-3.122518062591552734e+00,2.370453625917434692e-02
-1.582417249679565430e+00,1.212290883064270020e+00
-2.740206241607666016e+00,3.445847928524017334e-01
-1.250125503540039062e+01,1.692484915256500244e-01
-2.962717533111572266e+00,1.852092981338500977e+00
-2.724478006362915039e+00,5.247550606727600098e-01
-2.498015761375427246e-01,4.938195228576660156e+00
-1.049312591552734375e+00,7.776949405670166016e-01
-7.265555262565612793e-01,4.239456176757812500e+00
-1.853796362876892090e+00,-6.539356708526611328e-02
-3.364500284194946289e+00,5.065053701400756836e-01
-3.105866432189941406e+00,3.198119401931762695e-01
-2.618681669235229492e+00,1.420760035514831543e+00
-1.662876904010772705e-01,4.094216823577880859e+00
-4.185546934604644775e-01,3.542139828205108643e-01
-4.586319446563720703e+00,5.574622154235839844e-01
-2.503360509872436523e+00,-1.178318262100219727e-01
-1.678352117538452148e+00,7.599129676818847656e-01
-1.688306450843811035e+00,6.075580120086669922e-01
-1.818737387657165527e+00,4.873619556427001953e+00
-1.642819762229919434e+00,4.651541113853454590e-01
-1.257344484329223633e+00,3.754461288452148438e+00
-3.295115709304809570e+00,1.139934211969375610e-01
-1.988663911819458008e+00,6.302990913391113281e-01
4.734188616275787354e-01,3.721897840499877930e+00
-1.793584585189819336e+00,4.984514236450195312e+00
-2.146169900894165039e+00,1.970647573471069336e-01
-1.491273999214172363e+00,4.223793029785156250e+00
-9.755395650863647461e-01,3.162005424499511719e+00
-2.889966011047363281e+00,1.540417194366455078e+00
-1.827900290489196777e+00,4.159095585346221924e-01
-9.422644972801208496e-01,1.157465934753417969e+00
-1.550503134727478027e+00,1.491179943084716797e+00
-1.484506368637084961e+00,5.210895538330078125e-01
-2.619087696075439453e+00,1.846888661384582520e+00
-1.233257889747619629e+00,4.326680660247802734e+00
-2.064200341701507568e-01,3.280121088027954102e+00
-2.771947383880615234e+00,-1.424275338649749756e-02
-4.744976758956909180e-01,4.484351873397827148e-01
-3.654504537582397461e+00,4.977243542671203613e-01
-1.251103401184082031e+00,1.067767977714538574e+00
-1.605517864227294922e+00,3.657324552536010742e+00
-2.523416280746459961e+00,1.690638065338134766e+00
-1.718879938125610352e+00,4.869246006011962891e+00
-1.225803375244140625e+00,9.658707380294799805e-01
-3.914788246154785156e+00,-2.304537594318389893e-01
-2.877751827239990234e+00,5.171562433242797852e-01
-4.347715854644775391e+00,3.023774325847625732e-01
-2.229822397232055664e+00,8.984644711017608643e-02
-1.731619596481323242e+00,4.909743666648864746e-01
-9.592400193214416504e-01,6.239923238754272461e-01
-2.478960514068603516e+00,3.020077705383300781e+00
3.011228740215301514e-01,3.624648332595825195e+00
-1.974004030227661133e+00,1.418713212013244629e+00
-2.063398361206054688e+00,4.619336128234863281e+00
-2.064043283462524414e+00,4.537111759185791016e+00
-3.909281730651855469e+00,3.707180619239807129e-01
-1.915688395500183105e+00,8.013792037963867188e-01
-1.407392978668212891e+00,1.236935496330261230e+00
-1.721140861511230469e+00,4.985347270965576172e+00
-1.217429876327514648e+00,3.635162115097045898e+00
-1.219943881034851074e+00,5.972366929054260254e-01
-1.298740983009338379e+00,1.224111080169677734e+00
-1.824049711227416992e+00,4.204908907413482666e-01
-2.372528791427612305e+00,3.645400106906890869e-01
-1.506082534790039062e+00,1.317126631736755371e+00
-3.165590763092041016e+00,6.275196075439453125e-01
-2.515448331832885742e+00,1.461684346199035645e+00
-6.023546218872070312e+00,2.050307840108871460e-01
-8.801620602607727051e-01,9.970109462738037109e-01
-1.440112590789794922e+00,3.536577820777893066e-01
-1.223325952887535095e-01,3.779919624328613281e+00
-2.354698896408081055e+00,6.868647336959838867e-01
-1.616188168525695801e+00,3.898833274841308594e+00
-2.880022525787353516e+00,3.307112157344818115e-01
-3.533333063125610352e+00,2.631153464317321777e-01
-1.207877516746520996e+00,4.409142136573791504e-01
-1.588994026184082031e+00,5.705782175064086914e-01
-2.684812784194946289e+00,5.688107013702392578e-01
-1.128985762596130371e+00,1.612578332424163818e-01
-2.887407302856445312e+00,1.681019663810729980e+00
-1.722949743270874023e+00,2.104046940803527832e-01
-2.047931671142578125e+00,4.990934371948242188e+00
-1.712108731269836426e+00,4.488781690597534180e-01
-3.202713966369628906e+00,2.308811098337173462e-01
-1.359132289886474609e+00,4.007919311523437500e+00
-1.118017792701721191e+00,3.696299076080322266e+00
-2.599981069564819336e+00,1.578673958778381348e+00
-1.578457593917846680e+00,5.973095893859863281e-01
-2.566600561141967773e+00,1.565670251846313477e+00
-3.882107496261596680e+00,-1.058755666017532349e-01
-2.066181898117065430e+00,1.983672976493835449e-01
-2.554657936096191406e+00,1.502271771430969238e+00
-2.697913169860839844e+00,2.480967760086059570e+00
-2.260950088500976562e+00,7.301222085952758789e-01
-1.316471815109252930e+00,1.008481383323669434e+00
-2.678127765655517578e+00,2.716944694519042969e+00
-2.938323497772216797e+00,2.659416198730468750e-01
-2.122534513473510742e+00,2.811235189437866211e+00
-2.118416547775268555e+00,6.298170089721679688e-01
-2.267249822616577148e+00,3.577445447444915771e-01
-2.150237321853637695e+00,1.893776893615722656e+00
-1.688338160514831543e+00,4.380732059478759766e+00
-3.280994892120361328e+00,1.940976500511169434e+00
-2.350700616836547852e+00,2.397384166717529297e+00
-1.963046908378601074e+00,1.429168343544006348e+00
-1.730922341346740723e+00,4.522829949855804443e-01
-2.248520404100418091e-01,5.893514156341552734e+00
-4.838705956935882568e-01,3.582400679588317871e-01
-2.950751543045043945e+00,1.766305446624755859e+00
-1.823368549346923828e+00,8.426009416580200195e-01
-2.227554082870483398e+00,5.531975030899047852e-01
-2.881824016571044922e+00,3.349483609199523926e-01
-1.150414228439331055e+00,3.658376216888427734e+00
-2.027862787246704102e+00,3.091095685958862305e-01
-1.438205361366271973e+00,2.556880950927734375e+00
-2.985761165618896484e+00,1.862385153770446777e+00
-3.092163324356079102e+00,1.578580856323242188e+00
-9.258239269256591797e-01,3.105903387069702148e+00
-1.953870534896850586e+00,4.902217864990234375e+00
-1.011762237548828125e+01,1.939335167407989502e-01
-4.295380592346191406e+00,1.262754797935485840e-01
-2.757384061813354492e+00,1.516845703125000000e+00
-1.429857492446899414e+00,8.518544435501098633e-01
-4.541676044464111328e-01,3.369797229766845703e+00
-1.926990032196044922e+00,4.316731691360473633e-01
-2.013818979263305664e+00,5.026429653167724609e+00
-8.314968347549438477e-01,4.267151951789855957e-01
-1.681091666221618652e+00,4.844864845275878906e+00
-1.315273880958557129e+00,4.348612308502197266e+00
-1.581766009330749512e+00,1.177474737167358398e+00
-8.960742354393005371e-01,4.492694437503814697e-01
-2.721670150756835938e+00,1.623206853866577148e+00
-1.879602909088134766e+00,5.033468246459960938e+00
-6.081367015838623047e+00,2.548265457153320312e-01
-1.751131415367126465e+00,2.084808051586151123e-01
-3.623013257980346680e+00,1.825899034738540649e-01
-1.768125772476196289e+00,4.518279433250427246e-01
-5.551590442657470703e+00,-2.689845263957977295e-01
-3.653774976730346680e+00,3.103317022323608398e-01
-6.180523395538330078e+00,-1.648043692111968994e-01
-2.558486223220825195e+00,1.579226613044738770e+00
-2.027860879898071289e+00,4.236625432968139648e-01
-1.878577828407287598e+00,3.949212729930877686e-01
-2.121608972549438477e+00,1.918721318244934082e+00
-2.355614423751831055e+00,1.757816433906555176e+00
-2.043685436248779297e+00,7.410541772842407227e-01
-1.748802661895751953e+00,2.111571729183197021e-01
-2.445498228073120117e+00,1.707553267478942871e+00
-6.089490890502929688e+00,-1.007728278636932373e-01
-1.172212958335876465e+00,4.552006721496582031e+00
-1.815927982330322266e+00,3.535241782665252686e-01
-3.583891630172729492e+00,5.137457847595214844e-01
-1.938007235527038574e+00,1.373373746871948242e+00
-6.081367015838623047e+00,2.548265457153320312e-01
-2.227167606353759766e+00,4.394789040088653564e-01
-1.953956961631774902e+00,1.260687947273254395e+00
-1.181955456733703613e+00,5.758280754089355469e-01
-1.880058169364929199e+00,3.737111985683441162e-01
-1.872092485427856445e+00,1.463422536849975586e+00
-4.891953468322753906e+00,-2.947449684143066406e-01
-1.106889963150024414e+00,4.368499279022216797e+00
-1.034834265708923340e+00,5.338823795318603516e-01
-1.788104653358459473e+00,4.190775156021118164e-01
1.234281882643699646e-01,3.736259937286376953e+00
-8.075043678283691406e+00,-3.222330510616302490e-01
-2.198817968368530273e+00,1.740315437316894531e+00
-1.642420053482055664e+00,1.449708461761474609e+00
-9.084046483039855957e-01,1.119369268417358398e+00
-1.779112458229064941e+00,5.041357040405273438e+00
-1.616245985031127930e+00,7.601741552352905273e-01
-1.517549514770507812e+00,4.043030261993408203e+00
-2.558731079101562500e+00,1.748393416404724121e+00
-1.160070061683654785e+00,1.178906202316284180e+00
-6.975717842578887939e-03,4.251693725585937500e+00
-1.551884174346923828e+00,4.223226010799407959e-01
-4.561248302459716797e+00,9.747237712144851685e-02
-2.283628225326538086e+00,5.068216800689697266e+00
-1.300925970077514648e+00,9.632292985916137695e-01
-2.409836530685424805e+00,4.173001945018768311e-01
-2.880022525787353516e+00,3.307112157344818115e-01
-2.104461193084716797e+00,3.891210854053497314e-01
-1.575511455535888672e+00,5.018441677093505859e+00
-1.571112632751464844e+00,4.100630581378936768e-01
-1.115633726119995117e+00,3.447579383850097656e+00
-4.421164989471435547e+00,1.038172319531440735e-01
-2.527719020843505859e+00,2.305983066558837891e+00
-2.203766584396362305e+00,4.258776307106018066e-01
-3.519098758697509766e+00,1.864508628845214844e+00
-2.387588977813720703e+00,2.042679488658905029e-01
-2.759442090988159180e+00,1.995403170585632324e-01
-1.799230933189392090e+00,2.727713882923126221e-01
-3.350760459899902344e+00,4.563754796981811523e-01
-1.633447170257568359e+00,7.416497468948364258e-01
-2.449726819992065430e+00,2.421181946992874146e-01
-1.733143448829650879e+00,1.334032416343688965e+00
-2.498015761375427246e-01,4.938195228576660156e+00
-4.105900764465332031e+00,1.404816061258316040e-01
-1.919415235519409180e+00,4.140662848949432373e-01
-2.245529890060424805e+00,4.009605050086975098e-01
-1.421221017837524414e+00,2.574651956558227539e+00
-1.952998280525207520e+00,1.235697627067565918e+00
-1.904870986938476562e+00,5.169003963470458984e+00
-2.443653106689453125e+00,1.425742208957672119e-01
-1.531890511512756348e+00,5.208036303520202637e-01
-1.240050315856933594e+00,6.981540918350219727e-01
-1.591404557228088379e+00,1.018996357917785645e+00
-7.091620564460754395e-01,3.758463621139526367e+00
-2.695965528488159180e+00,4.666071534156799316e-01
-3.298646807670593262e-01,4.001848697662353516e+00
-3.054718732833862305e+00,1.842428088188171387e+00
-1.642821431159973145e+00,1.879225373268127441e-01
-1.617414355278015137e+00,1.307533740997314453e+00
-1.841439723968505859e+00,4.730984687805175781e+00
-1.862453222274780273e+00,1.502103924751281738e+00
-4.098559617996215820e-01,4.521650075912475586e-01
-1.966764092445373535e+00,7.753909826278686523e-01
-2.834311723709106445e+00,3.475484997034072876e-02
-1.868223667144775391e+00,5.138905525207519531e+00
-2.232437133789062500e+00,5.103892087936401367e-01
-1.567681670188903809e+00,4.972240924835205078e+00
-2.605917692184448242e+00,1.647271275520324707e+00
-1.312883138656616211e+00,4.352021217346191406e+00
-2.947643518447875977e+00,7.985822111368179321e-02
-8.852741718292236328e-01,9.986915588378906250e-01
-1.360338449478149414e+00,3.209014892578125000e+00
-1.573215723037719727e+00,1.215517640113830566e+00
-1.989669919013977051e+00,1.237485766410827637e+00
-1.615319252014160156e+00,3.100383281707763672e-01
-2.502891063690185547e+00,3.698479235172271729e-01
-2.768950462341308594e+00,1.638279795646667480e+00
-3.204367399215698242e+00,1.915787220001220703e+00
-4.058573246002197266e+00,7.466042041778564453e-01
-2.620771884918212891e+00,1.130595728754997253e-01
-2.397759437561035156e+00,1.655626416206359863e+00
-2.723971128463745117e+00,4.244832396507263184e-01
-2.467929601669311523e+00,2.660093784332275391e+00
-9.717578887939453125e-01,8.740090131759643555e-01
-2.346703767776489258e+00,2.364881932735443115e-01
-1.635169506072998047e+00,1.453054308891296387e+00
-1.647464156150817871e+00,1.392050147056579590e+00
-1.010691285133361816e+00,5.342706441879272461e-01
-1.836282968521118164e+00,8.717989921569824219e-02
-3.919207334518432617e+00,3.769415915012359619e-01
-1.791786551475524902e+00,4.314709603786468506e-01
-2.417330980300903320e+00,4.065629839897155762e-01
-3.266749382019042969e+00,4.212903082370758057e-01
-1.360863924026489258e+00,4.243805706501007080e-01
-2.953909397125244141e+00,1.729599118232727051e+00
-2.346703767776489258e+00,2.364881932735443115e-01
-2.919909954071044922e+00,1.641753911972045898e+00
-2.257246017456054688e+00,1.776868999004364014e-01
-1.603654265403747559e+00,4.838700294494628906e+00
-1.898757934570312500e+00,1.675297915935516357e-01
-1.154255199432373047e+01,-2.883048057556152344e-01
-9.438103437423706055e-01,3.076194286346435547e+00
-1.304901957511901855e+00,4.031669795513153076e-01
-3.465226650238037109e+00,5.164227485656738281e-01
-3.058815002441406250e+00,1.702241301536560059e+00
-1.860204458236694336e+00,3.919446170330047607e-01
-1.578016757965087891e+00,3.881259202957153320e+00
-8.668442964553833008e-01,4.645177721977233887e-01
-1.061672449111938477e+00,4.201385378837585449e-01
-1.662876904010772705e-01,4.094216823577880859e+00
-3.447687625885009766e+00,-2.025447487831115723e-01
-4.347715854644775391e+00,3.023774325847625732e-01
-3.269269764423370361e-01,5.104273319244384766e+00
-3.855214834213256836e+00,-2.326151430606842041e-01
-1.329342126846313477e+00,3.658627748489379883e+00
-1.589941978454589844e+00,1.174888134002685547e+00
-1.943314790725708008e+00,3.840394914150238037e-01
-1.837875962257385254e+00,4.687751293182373047e+00
-1.130108907818794250e-01,3.380724906921386719e+00
-3.373671054840087891e+00,4.693822190165519714e-02
-1.646363973617553711e+00,1.372126460075378418e+00
-6.787728309631347656e+00,-9.849941730499267578e-02
-1.270850896835327148e+00,1.306270837783813477e+00
-2.144322633743286133e+00,1.887803673744201660e+00
-1.517839670181274414e+00,5.552423000335693359e-01
-2.002750396728515625e+00,3.487200140953063965e-01
-1.865598320960998535e+00,2.116489887237548828e+00
-1.380847454071044922e+00,3.363111257553100586e+00
-1.094865202903747559e+00,1.081302762031555176e+00
-1.705079078674316406e+00,4.820752143859863281e+00
-4.405111789703369141e+00,2.601937651634216309e-01
-1.351874470710754395e+00,5.283471345901489258e-01
-1.852642893791198730e+00,-5.506061017513275146e-02
-1.033870577812194824e+00,3.045448660850524902e-01
-3.010585308074951172e+00,-1.816562414169311523e-01
-5.566283464431762695e-01,5.491143226623535156e+00
-2.075151443481445312e+00,5.197193145751953125e+00
-2.684434890747070312e+00,2.111595273017883301e-01
-2.131178379058837891e+00,1.639376878738403320e-01
-2.225149869918823242e+00,5.558853149414062500e+00
-5.979325175285339355e-01,5.676594257354736328e+00
-2.425121784210205078e+00,-1.031623780727386475e-01
-1.230642795562744141e+00,-2.264431864023208618e-02
-9.385325908660888672e-01,6.517257690429687500e-01
-2.625876903533935547e+00,1.594080686569213867e+00
-1.570773482322692871e+00,4.161647856235504150e-01
-2.254397869110107422e+00,1.861845016479492188e+00
-2.648792028427124023e+00,1.477207899093627930e+00
-9.549124240875244141e-01,2.834872603416442871e-01
-1.800406455993652344e+00,5.086474895477294922e+00
-1.789443612098693848e+00,1.491273403167724609e+00
-1.222717761993408203e+00,2.586213648319244385e-01
-3.489845275878906250e+00,2.948799729347229004e-01
-2.527538776397705078e+00,5.142116546630859375e-01
-2.066383600234985352e+00,1.492477178573608398e+00
-2.481565952301025391e+00,1.729702115058898926e+00
-2.756471157073974609e+00,-2.656623423099517822e-01
-1.846263408660888672e+00,1.388616919517517090e+00
-3.550907850265502930e+00,4.063787937164306641e+00
-2.157861709594726562e+00,5.093177795410156250e+00
-1.861292600631713867e+00,5.125302314758300781e+00
-3.812746047973632812e+00,3.105839014053344727e+00
-1.927161097526550293e+00,3.749427199363708496e-01
-1.897567987442016602e+00,5.131131172180175781e+00
-1.931493759155273438e+00,4.134281873703002930e-01
-3.681681156158447266e+00,5.001558065414428711e-01
-7.536197304725646973e-01,9.376817941665649414e-01
-9.406713843345642090e-01,3.771870434284210205e-01
-1.666577577590942383e+00,4.032295048236846924e-01
-1.351197838783264160e+00,1.136258244514465332e+00
-3.402447223663330078e+00,2.628470063209533691e-01
-1.225803375244140625e+00,9.658707380294799805e-01
-2.355031967163085938e+00,4.938513934612274170e-01
-8.890035152435302734e-01,8.858338594436645508e-01
-1.019532799720764160e+00,9.168968200683593750e-01
-1.194872379302978516e+00,4.507002353668212891e+00
-2.413767576217651367e+00,9.662196040153503418e-02
-2.393700838088989258e+00,1.486810445785522461e+00
-2.385330200195312500e+00,4.995058059692382812e+00
-2.041378259658813477e+00,4.872343540191650391e+00
-1.767561078071594238e+00,2.521894216537475586e+00
-9.983744621276855469e-01,3.593190193176269531e+00
-6.261047720909118652e-01,2.541241645812988281e-01
-3.098587989807128906e+00,1.916221141815185547e+00
-1.642821431159973145e+00,1.879225373268127441e-01
-1.788104653358459473e+00,4.190775156021118164e-01
-1.062719941139221191e+00,4.907070100307464600e-01
-2.043685436248779297e+00,7.410541772842407227e-01
-8.053680658340454102e-01,3.128510117530822754e-01
-1.917157530784606934e+00,4.028801620006561279e-01
-3.118969202041625977e+00,-1.059238016605377197e-01
-1.904870986938476562e+00,5.169003963470458984e+00
-3.992879092693328857e-01,9.521657228469848633e-01
-1.982800483703613281e+00,4.314206123352050781e+00
-1.055485129356384277e+00,3.824916362762451172e+00
-8.889775276184082031e-01,8.768984079360961914e-01
-3.044017314910888672e+00,1.049373820424079895e-01
-2.619087696075439453e+00,1.846888661384582520e+00
-1.946564078330993652e+00,4.348331093788146973e-01
-1.571112632751464844e+00,4.100630581378936768e-01
-2.927570343017578125e+00,1.748891353607177734e+00
-3.690549850463867188e+00,5.341905593872070312e+00
-1.442354440689086914e+00,1.261770009994506836e+00
-2.630759477615356445e+00,-2.949256002902984619e-01
-3.129995346069335938e+00,5.894122123718261719e-01
-4.040349483489990234e+00,6.713057756423950195e-01
-1.784522891044616699e+00,5.116464138031005859e+00
-1.367378592491149902e+00,3.268191814422607422e+00
-2.372573375701904297e+00,1.435244560241699219e+00
-1.289318680763244629e+00,3.368412971496582031e+00
-2.060807704925537109e+00,5.017025470733642578e+00
-8.322946429252624512e-01,1.137945532798767090e+00
-2.404106378555297852e+00,7.150297611951828003e-02
-2.403006315231323242e+00,1.468343287706375122e-01
-2.676904678344726562e+00,1.638665437698364258e+00
-2.817853450775146484e+00,1.900274395942687988e+00
-3.015267372131347656e+00,1.124121025204658508e-01
-2.659604787826538086e+00,1.437864661216735840e+00
-7.845149040222167969e+00,-3.517439067363739014e-01
-1.752929091453552246e+00,1.545416116714477539e+00
-9.803619384765625000e-01,5.285649895668029785e-01
-2.050477266311645508e+00,3.181251883506774902e-01
-2.361769199371337891e+00,1.676103949546813965e+00
-2.737981557846069336e+00,1.641873240470886230e+00
-1.743857145309448242e+00,1.257900476455688477e+00
-1.974004030227661133e+00,1.418713212013244629e+00
-2.783597469329833984e+00,1.525191426277160645e+00
-1.743553876876831055e+00,4.126946032047271729e-01
-1.870030164718627930e+00,2.426891922950744629e-01
-1.591404557228088379e+00,1.018996357917785645e+00
-4.039877414703369141e+00,2.089842706918716431e-01
-1.207877516746520996e+00,4.409142136573791504e-01
-1.335589051246643066e+00,1.118136763572692871e+00
-2.218727827072143555e+00,1.858348608016967773e+00
-2.192044734954833984e+00,4.535830020904541016e-01
-2.074133396148681641e+00,1.720029354095458984e+00
-1.794906258583068848e+00,4.849980831146240234e+00
-3.639326333999633789e+00,5.010076761245727539e-01
-2.761317491531372070e+00,3.820302486419677734e-01
-2.242008447647094727e+00,2.281809329986572266e+00
-2.259631633758544922e+00,2.590344846248626709e-01
-2.882256984710693359e+00,1.682756781578063965e+00
-2.780794858932495117e+00,1.516097068786621094e+00
-3.533625602722167969e-01,4.755344390869140625e+00
-2.749688863754272461e+00,4.566156268119812012e-01
-2.024203300476074219e+00,1.479547381401062012e+00
-1.666577577590942383e+00,4.032295048236846924e-01
-2.971231222152709961e+00,1.782642245292663574e+00
-2.949114799499511719e+00,1.778099298477172852e+00
-3.725507974624633789e+00,2.262507915496826172e+00
-2.909421682357788086e+00,4.354995787143707275e-01
-1.525973320007324219e+00,4.914680123329162598e-01
-1.719964385032653809e+00,4.775781929492950439e-01
-2.759442090988159180e+00,1.995403170585632324e-01
-5.553389549255371094e+00,4.833569228649139404e-01
-6.292505860328674316e-01,2.789729833602905273e-01
-2.447361946105957031e+00,9.753622859716415405e-02
-2.886874437332153320e+00,1.691421985626220703e+00
-1.513661503791809082e+00,4.768436431884765625e+00
-1.314519286155700684e+00,1.078462004661560059e+00
-1.616147756576538086e+00,3.390486478805541992e+00
-1.393599152565002441e+00,5.095611810684204102e-01
-1.422710180282592773e+00,5.525927066802978516e+00
-1.349315524101257324e+00,1.173382759094238281e+00
-3.961533308029174805e+00,3.059430837631225586e+00
-1.494600534439086914e+00,4.960893690586090088e-01
-1.576163291931152344e+00,5.150278806686401367e-01
-1.917157530784606934e+00,4.028801620006561279e-01
-2.150878667831420898e+00,2.429266214370727539e+00
-1.796596527099609375e+00,5.044880867004394531e+00
-2.541860580444335938e+00,2.519507884979248047e+00
-4.521313667297363281e+00,1.291648745536804199e-01
-1.936207890510559082e+00,4.210442602634429932e-01
-1.718736529350280762e+00,3.570337533950805664e+00
-2.141852617263793945e+00,1.614762544631958008e+00
-2.254397869110107422e+00,1.861845016479492188e+00
-1.362188220024108887e+00,4.317471027374267578e+00
-2.217881917953491211e+00,3.202329277992248535e-01
-2.724042415618896484e+00,1.612939238548278809e+00
-3.129995346069335938e+00,5.894122123718261719e-01
-2.740206241607666016e+00,3.445847928524017334e-01
-2.899281740188598633e+00,3.168216347694396973e-01
-1.904750108718872070e+00,5.104791164398193359e+00
-2.029248714447021484e+00,6.877962350845336914e-01
-7.256074428558349609e+00,-1.328743994235992432e-01
-1.807560086250305176e+00,8.463888168334960938e-01
-6.417555212974548340e-01,5.577606678009033203e+00
-1.729721426963806152e+00,5.324299335479736328e-01
-1.915302634239196777e+00,5.030517578125000000e+00
-1.308456778526306152e+00,3.677179574966430664e+00
-7.767667770385742188e-01,4.129120349884033203e+00
-2.424838304519653320e+00,1.582434535026550293e+00
-2.429779529571533203e+00,3.058392703533172607e-01
-2.216591596603393555e+00,9.445748478174209595e-02
-3.960130929946899414e+00,2.761607468128204346e-01
-2.688410043716430664e+00,2.753285765647888184e-01
-1.431503891944885254e+00,1.010309934616088867e+00
-2.703406095504760742e+00,1.644909501075744629e+00
-1.683286190032958984e+00,5.975954532623291016e-01
-9.878984689712524414e-01,8.638110160827636719e-01
-2.211862802505493164e+00,3.918980956077575684e-01
-2.336370706558227539e+00,1.306469321250915527e+00
-2.071596860885620117e+00,4.846545219421386719e+00
-1.337682723999023438e+00,3.742891252040863037e-01
-2.271081924438476562e+00,1.873642206192016602e-01
-2.490012407302856445e+00,1.536180496215820312e+00
-2.272608995437622070e+00,1.643235683441162109e-01
-3.909281730651855469e+00,3.707180619239807129e-01
-1.437023997306823730e+00,-2.517106384038925171e-02
-3.069203376770019531e+00,5.206127166748046875e-01
-1.635169506072998047e+00,1.453054308891296387e+00
-3.575797557830810547e+00,2.274641245603561401e-01
-6.260069847106933594e+00,-1.317899525165557861e-01
-1.111172318458557129e+00,3.431450605392456055e+00
-1.816913247108459473e+00,4.226428508758544922e+00
-1.903486967086791992e+00,3.501466214656829834e-01
-2.880228996276855469e+00,4.790525436401367188e+00
-1.807889461517333984e+00,4.748250007629394531e+00
-1.246756076812744141e+00,3.191177129745483398e+00
-4.443999767303466797e+00,1.103162318468093872e-01
-2.630610227584838867e+00,4.715420603752136230e-01
-2.224758863449096680e+00,1.561443924903869629e+00
-2.058514595031738281e+00,1.841747760772705078e-01
-3.397862434387207031e+00,2.789976000785827637e-01
-2.960739612579345703e+00,5.890113860368728638e-02
-3.270524024963378906e+00,3.178176581859588623e-01
-1.158778548240661621e+00,9.844189882278442383e-01
-1.991459965705871582e+00,7.753078937530517578e-01
-2.489297151565551758e+00,1.712877452373504639e-01
-1.381836295127868652e+00,2.876059770584106445e+00
-2.709640264511108398e+00,2.176377177238464355e-01
-9.038383364677429199e-01,6.512237787246704102e-01
-2.951543331146240234e+00,7.393755018711090088e-02
-2.425778627395629883e+00,2.979367971420288086e-01
-1.678856849670410156e+00,1.652322053909301758e+00
-1.491860866546630859e+00,4.775695323944091797e+00
-1.158096432685852051e+00,8.330676555633544922e-01
-3.208947181701660156e+00,4.781213104724884033e-01
-2.397403717041015625e+00,1.739613413810729980e-01
-2.781285941600799561e-01,3.833870887756347656e+00
-3.294507265090942383e+00,2.360668420791625977e+00
-2.371012926101684570e+00,2.745099663734436035e-01
-1.746363401412963867e+00,4.607419073581695557e-01
-3.275661706924438477e+00,1.919923305511474609e+00
-1.644284248352050781e+00,6.301466226577758789e-01
-1.181582093238830566e+00,3.791754245758056641e+00
-1.952998280525207520e+00,1.235697627067565918e+00
-2.467599868774414062e+00,2.234237492084503174e-01
-1.297283053398132324e+00,4.639265537261962891e+00
-2.016062021255493164e+00,3.452751040458679199e-01
-7.750965356826782227e-01,3.912350893020629883e+00
-1.127603650093078613e+00,5.191034078598022461e-01
-1.601721644401550293e+00,4.964172363281250000e+00
-1.011762237548828125e+01,1.939335167407989502e-01
-1.444881677627563477e+00,3.256621062755584717e-01
-2.446255207061767578e+00,1.668697476387023926e+00
-2.113889455795288086e+00,5.057601928710937500e-01
-2.118078470230102539e+00,-1.681668460369110107e-01
-1.852172613143920898e+00,5.902284383773803711e-01
-3.125579595565795898e+00,3.984167575836181641e-01
-1.017565441131591797e+01,-4.605161845684051514e-01
-1.532787680625915527e+00,2.595440149307250977e-01
-2.721019744873046875e+00,3.678902685642242432e-01
-1.138232827186584473e+00,4.250882625579833984e+00
-8.001845479011535645e-01,6.953977346420288086e-01
-9.979749917984008789e-01,2.928158640861511230e-01
-1.336400747299194336e+00,3.105676889419555664e+00
-2.240882873535156250e+00,3.809008300304412842e-01
-2.170859575271606445e+00,3.241676092147827148e-01
-2.378666162490844727e+00,2.175767421722412109e-01
-6.395500659942626953e+00,-1.264985799789428711e-01
-2.768950462341308594e+00,1.638279795646667480e+00
-2.372528791427612305e+00,3.645400106906890869e-01
-2.247498989105224609e+00,7.308611869812011719e-01
-5.400184988975524902e-01,4.065005779266357422e-01
-1.401923537254333496e+00,3.347590208053588867e+00
-8.668442964553833008e-01,4.645177721977233887e-01
-2.499266862869262695e+00,2.410411536693572998e-01
-1.136110782623291016e+00,5.619062781333923340e-01
-6.357902288436889648e-01,5.753384113311767578e+00
-2.684976816177368164e+00,5.233629345893859863e-01
-2.113626241683959961e+00,6.693118810653686523e-01
-1.006192922592163086e+00,3.187113523483276367e+00
4.216565191745758057e-01,2.258081674575805664e+00
-2.122771978378295898e+00,2.239487469196319580e-01
-2.851471662521362305e+00,1.537374854087829590e+00
-2.326307296752929688e+00,1.634782552719116211e-01
-4.393406391143798828e+00,1.095304787158966064e-01
-2.097651481628417969e+00,5.001298427581787109e+00
-2.162213087081909180e+00,5.074610233306884766e+00
-1.054389953613281250e+00,4.101508140563964844e+00
-3.706656455993652344e+00,8.780832290649414062e-01
-2.813617229461669922e+00,6.332559883594512939e-02
-5.947796821594238281e+00,2.567264437675476074e-01
-2.952115237712860107e-01,4.205139636993408203e+00
-2.941773891448974609e+00,1.732827067375183105e+00
-9.592400193214416504e-01,6.239923238754272461e-01
-2.073009252548217773e+00,1.510494947433471680e+00
-1.515409827232360840e+00,1.010569810867309570e+00
-1.870056271553039551e+00,4.282388687133789062e+00
-3.223221778869628906e+00,4.525332450866699219e-01
-1.877030730247497559e+00,2.771099805831909180e-01
-2.042875289916992188e+00,5.836950540542602539e-01
-1.836282968521118164e+00,8.717989921569824219e-02
-2.012981414794921875e+00,4.129001200199127197e-01
-1.855206847190856934e+00,7.225364446640014648e-01
-2.499266862869262695e+00,2.410411536693572998e-01
-1.539435982704162598e+00,4.109019041061401367e-01
-1.515409827232360840e+00,1.010569810867309570e+00
-1.687324404716491699e+00,4.365302920341491699e-01
-5.983909606933593750e+00,1.007920145988464355e+00
-1.644410252571105957e+00,5.869748592376708984e-01
-1.659698963165283203e+00,4.495716571807861328e+00
-1.418395519256591797e+00,5.141155719757080078e-01
-1.649233341217041016e+00,5.137438774108886719e+00
-9.649426341056823730e-01,8.772952556610107422e-01
-2.906464338302612305e+00,4.296789646148681641e+00
-1.048159956932067871e+00,3.294029235839843750e-01
-1.904778242111206055e+00,5.086206912994384766e+00
-2.391907691955566406e+00,3.073924779891967773e-01
-3.217501401901245117e+00,1.888890385627746582e+00
-1.965652942657470703e+00,2.946133613586425781e-01
-6.010992527008056641e-01,9.135690927505493164e-01
-2.652647256851196289e+00,1.544153809547424316e+00
-1.391261100769042969e+00,4.006852626800537109e+00
-1.492580533027648926e+00,4.250060558319091797e+00
-1.919415235519409180e+00,4.140662848949432373e-01
-2.486473560333251953e+00,1.557517886161804199e+00
-9.888775944709777832e-01,3.474908351898193359e+00
-3.278271675109863281e+00,5.416243076324462891e-01
-1.402073621749877930e+00,1.010856151580810547e+00
-2.027075290679931641e+00,5.372632026672363281e+00
-1.997860550880432129e+00,5.194472789764404297e+00
-3.722944974899291992e+00,4.440405368804931641e+00
-3.280994892120361328e+00,1.940976500511169434e+00
-4.040349483489990234e+00,6.713057756423950195e-01
-2.247744560241699219e+00,9.453062713146209717e-02
-1.426025629043579102e+00,1.262753605842590332e+00
-3.749862909317016602e+00,-1.983174085617065430e-01
-1.756143271923065186e-01,5.009911537170410156e+00
-1.966764092445373535e+00,7.753909826278686523e-01
-1.503884911537170410e+00,3.034468591213226318e-01
-1.621628403663635254e+00,7.310674190521240234e-01
-1.066049575805664062e+00,3.103439331054687500e+00
-1.253119945526123047e+00,3.232745885848999023e+00
-3.829156160354614258e+00,1.514218151569366455e-01
-2.017477273941040039e+00,2.148681133985519409e-02
7.619601488113403320e-01,2.566845893859863281e+00
-2.780571222305297852e+00,3.373225927352905273e-01
-1.049312591552734375e+00,7.776949405670166016e-01
-1.137215018272399902e+00,-2.246034741401672363e-01
-2.337084770202636719e+00,5.247373580932617188e-01
-1.280837893486022949e+00,1.197711348533630371e+00
-2.358613729476928711e+00,3.877142906188964844e+00
-2.079986333847045898e+00,3.087514340877532959e-01
-1.638528108596801758e+00,5.518232583999633789e-01
3.739359676837921143e-01,2.485434412956237793e-01
-1.635462164878845215e+00,8.298870325088500977e-01
-1.326472520828247070e+00,1.249760866165161133e+00
-1.984933137893676758e+00,1.005531549453735352e-01
-1.557947158813476562e+00,1.304546713829040527e+00
-2.251295328140258789e+00,2.301015853881835938e+00
-1.599268436431884766e+00,2.712669372558593750e-01
-3.093533515930175781e+00,5.449067354202270508e-01
-4.065229892730712891e+00,7.612509727478027344e-01
-2.055487871170043945e+00,2.823843359947204590e-01
-8.014921188354492188e+00,-2.700325548648834229e-01
-4.029914855957031250e+00,2.540622472763061523e+00
-2.711114645004272461e+00,1.656014204025268555e+00
-4.275001525878906250e+00,-1.335505992174148560e-01
-2.597639799118041992e+00,1.397520542144775391e+00
-2.303787946701049805e+00,1.536095142364501953e-01
-1.723513841629028320e+00,5.024445533752441406e+00
-7.367804646492004395e-01,5.802506923675537109e+00
-5.400605201721191406e+00,3.379448890686035156e+00
-1.030879855155944824e+00,7.117375135421752930e-01
-2.225007057189941406e+00,1.359484434127807617e+00
-6.292505860328674316e-01,2.789729833602905273e-01
-2.755704879760742188e+00,-1.172903925180435181e-02
-1.779490709304809570e-01,3.788250207901000977e+00
-2.075528144836425781e+00,1.733464717864990234e+00
-1.990522623062133789e+00,1.833352088928222656e+00
3.627435266971588135e-01,2.797324180603027344e+00
-1.471898317337036133e+00,2.937893152236938477e+00
-1.933527469635009766e+00,5.737714171409606934e-01
-2.363055944442749023e+00,5.959098339080810547e-01
-3.242218732833862305e+00,5.306710004806518555e-01
-1.326713323593139648e+00,3.351599454879760742e+00
-2.169689655303955078e+00,1.759041309356689453e+00
-1.970889329910278320e+00,1.410458683967590332e+00
1.434670984745025635e-01,3.637538909912109375e+00
-9.265693426132202148e-01,2.508865594863891602e-01
-2.021149396896362305e+00,5.011706829071044922e+00
-2.447361946105957031e+00,9.753622859716415405e-02
-3.572326183319091797e+00,2.559484243392944336e+00
-3.236730098724365234e+00,-1.134692728519439697e-01
-1.966642618179321289e+00,5.143198966979980469e+00
-1.506295919418334961e+00,3.387525677680969238e-01
-2.373789787292480469e+00,3.134166598320007324e-01
-2.839965581893920898e+00,7.098964452743530273e-01
-2.659604787826538086e+00,1.437864661216735840e+00
-5.695189952850341797e+00,9.014535695314407349e-02
-1.192795038223266602e+00,4.197166919708251953e+00
-1.061407446861267090e+00,6.556522846221923828e-01
-8.948993682861328125e-01,5.497214198112487793e-01
-1.607439398765563965e+00,4.809345304965972900e-01
-1.087619185447692871e+00,9.376472234725952148e-01
-3.038972377777099609e+00,1.699602961540222168e+00
-2.211862802505493164e+00,3.918980956077575684e-01
-1.232911109924316406e+00,4.348052501678466797e+00
-1.829763770103454590e+00,1.624933719635009766e+00
2.143002748489379883e-01,4.226801395416259766e+00
-3.880145311355590820e+00,-3.425677716732025146e-01
-2.415358543395996094e+00,1.582105517387390137e+00
-2.115568161010742188e+00,3.149811029434204102e-01
-1.175585079193115234e+01,-3.072436749935150146e-01
-2.854022264480590820e+00,1.551437497138977051e+00
-2.504650115966796875e+00,1.543534398078918457e+00
-3.080733299255371094e+00,1.701775431632995605e+00
-5.539641380310058594e+00,4.825110435485839844e-01
-2.792980670928955078e+00,1.519481897354125977e+00
-1.073328256607055664e+00,7.185939550399780273e-01
-8.240520477294921875e+00,-4.397877156734466553e-01
-3.551478385925292969e+00,2.223544418811798096e-01
-1.957453012466430664e+00,7.705926895141601562e-01
-1.730922341346740723e+00,4.522829949855804443e-01
-3.494889736175537109e+00,3.469780981540679932e-01
-9.983744621276855469e-01,3.593190193176269531e+00
-3.083962917327880859e+00,2.728326320648193359e+00
-2.582299470901489258e+00,1.486376881599426270e+00
-2.817811071872711182e-01,4.779647350311279297e+00
3.245104253292083740e-01,3.200531721115112305e+00
-3.422290086746215820e+00,8.773484826087951660e-02
-1.620918393135070801e+00,3.000851273536682129e-01
-2.242008447647094727e+00,2.281809329986572266e+00
-1.736805438995361328e+00,3.287452220916748047e+00
-1.509807556867599487e-01,4.102331995964050293e-01
1.343272924423217773e-01,3.811180353164672852e+00
-1.358022928237915039e+00,4.000898838043212891e+00
-1.898757934570312500e+00,1.675297915935516357e-01
-4.327309608459472656e+00,3.520733416080474854e-01
-3.183563709259033203e+00,3.719995021820068359e-01
-2.044928789138793945e+00,3.579681515693664551e-01
-1.254376292228698730e+00,-1.426276564598083496e-02
-1.541100621223449707e+00,4.954168796539306641e+00
-2.992385625839233398e+00,5.090881586074829102e-01
-1.381836295127868652e+00,2.876059770584106445e+00
-1.919321894645690918e+00,7.094154357910156250e-01
-2.728530406951904297e+00,1.610171675682067871e+00
-1.870176196098327637e+00,1.417460560798645020e+00
-1.042657971382141113e+00,5.677031993865966797e+00
-1.820313096046447754e+00,3.337613642215728760e-01
-2.076742410659790039e+00,1.304214000701904297e+00
-4.603532850742340088e-01,4.974143981933593750e+00
-1.292409896850585938e+00,2.810526192188262939e-01
-3.255347967147827148e+00,2.451380968093872070e+00
-1.543311953544616699e+00,2.283658832311630249e-01
-2.117219924926757812e+00,3.342253208160400391e+00
-1.567681670188903809e+00,4.972240924835205078e+00
-9.539437294006347656e-01,3.101130962371826172e+00
-8.055666685104370117e-01,9.968615770339965820e-01
-1.718728542327880859e+00,4.351806640625000000e+00
-1.202585983276367188e+01,-2.338963150978088379e-01
-2.037364244461059570e+00,1.640583634376525879e+00
-1.190225005149841309e+00,1.219884753227233887e+00
-1.705389022827148438e+00,7.722976207733154297e-01
-2.079441308975219727e+00,1.499692797660827637e+00
-3.506731986999511719e+00,2.912994623184204102e-01
-2.724478006362915039e+00,5.247550606727600098e-01
-1.442354440689086914e+00,1.261770009994506836e+00
-1.825815677642822266e+00,1.502535700798034668e+00
-2.680340766906738281e+00,1.464428186416625977e+00
-1.813707113265991211e+00,4.898461341857910156e+00
-3.705586671829223633e+00,3.727085888385772705e-01
-1.915302634239196777e+00,5.030517578125000000e+00
-1.515205621719360352e+00,1.290133237838745117e+00
-2.198043346405029297e+00,3.854893445968627930e-01
-1.360695958137512207e+00,6.180188655853271484e-01
-2.340219259262084961e+00,2.173178911209106445e+00
-1.744699239730834961e+00,4.476159214973449707e-01
-2.302699804306030273e+00,2.387920141220092773e+00
-2.150237321853637695e+00,1.893776893615722656e+00
-1.928531765937805176e+00,7.752729654312133789e-01
-2.453981161117553711e+00,5.560234189033508301e-01
-7.770379066467285156e+00,1.168829351663589478e-01
-2.160556077957153320e+00,5.815387368202209473e-01
-1.360338449478149414e+00,3.209014892578125000e+00
-2.490012407302856445e+00,1.536180496215820312e+00
-3.342109680175781250e+00,4.828199148178100586e-01
-1.861620306968688965e+00,3.890226483345031738e-01
-1.336400747299194336e+00,3.105676889419555664e+00
-9.885278940200805664e-01,7.378722429275512695e-01
-9.043372273445129395e-01,1.690030932426452637e+00
-2.230351924896240234e+00,3.065780103206634521e-01
-1.006560325622558594e+00,8.865988254547119141e-01
-1.631814837455749512e+00,4.078523635864257812e+00
-2.712568521499633789e+00,1.912398934364318848e-01
-6.975717842578887939e-03,4.251693725585937500e+00
-1.381258726119995117e+00,6.219149827957153320e-01
-1.856258869171142578e+00,1.033561229705810547e+00
-2.071596860885620117e+00,4.846545219421386719e+00
-1.911637425422668457e+00,2.924043834209442139e-01
-2.431682586669921875e+00,2.014920473098754883e+00
-2.596543073654174805e+00,2.778100252151489258e+00
-1.294205307960510254e+00,5.442878723144531250e+00
-1.997860550880432129e+00,5.194472789764404297e+00
-2.198817968368530273e+00,1.740315437316894531e+00
-2.728318214416503906e+00,1.544280409812927246e+00
-2.483903169631958008e+00,1.963155746459960938e+00
-2.656537294387817383e+00,6.562504768371582031e-01
-2.594575643539428711e+00,1.566520452499389648e+00
-2.889101505279541016e+00,1.718776345252990723e+00
-3.354106903076171875e+00,4.024176001548767090e-01
-9.089331030845642090e-01,1.688316702842712402e+00
-1.865598320960998535e+00,2.116489887237548828e+00
-1.564216256141662598e+00,5.854154825210571289e-01
-8.240520477294921875e+00,-4.397877156734466553e-01
-2.833827257156372070e+00,1.587683200836181641e+00
-2.593862771987915039e+00,1.048896536231040955e-01
-1.726892113685607910e+00,4.989516258239746094e+00
-2.501319169998168945e+00,1.428312182426452637e+00
-2.094499170780181885e-01,3.724357187747955322e-01
-1.039808750152587891e+00,3.810654401779174805e+00
-3.261112213134765625e+00,-8.915725350379943848e-02
-2.131178379058837891e+00,1.639376878738403320e-01
-2.378666162490844727e+00,2.175767421722412109e-01
-2.212956905364990234e+00,3.902613520622253418e-01
-1.744768977165222168e+00,8.350373506546020508e-01
-4.132465839385986328e+00,-1.659048348665237427e-02
-1.446747899055480957e+00,4.124252796173095703e-01
-2.435935974121093750e+00,7.267084121704101562e-01
-1.894768118858337402e+00,5.904451012611389160e-01
-4.730885028839111328e+00,2.675951242446899414e+00
-1.802729010581970215e+00,1.306808114051818848e+00
-2.032867908477783203e+00,4.991844594478607178e-01
-1.996462464332580566e+00,5.266073942184448242e-01
-1.853505253791809082e+00,5.030903220176696777e-01
-1.181240558624267578e+00,6.473540067672729492e-01
-2.577879428863525391e+00,1.410860896110534668e+00
-1.773543059825897217e-01,3.673396348953247070e+00
-2.310890913009643555e+00,1.316194176673889160e+00
-1.605997800827026367e+00,3.868005037307739258e+00
-1.830739498138427734e+00,-6.861749291419982910e-02
-1.127143144607543945e+00,1.902363896369934082e-01
-8.055666685104370117e-01,9.968615770339965820e-01
-2.141313076019287109e+00,1.792770624160766602e-01
-7.407976388931274414e-01,2.275380492210388184e-01
-2.680286169052124023e+00,2.453420639038085938e+00
-2.439674377441406250e+00,6.795428991317749023e-01
-3.365298748016357422e+00,6.368110179901123047e-01
-5.707505941390991211e-01,8.787366151809692383e-01
-2.804960012435913086e+00,1.757812738418579102e+00
-8.101483345031738281e+00,3.319939374923706055e-01
-1.566156148910522461e+00,4.903635501861572266e+00
-1.053302764892578125e+00,3.913961052894592285e-01
-1.506901264190673828e+00,2.304323762655258179e-01
-1.471898317337036133e+00,2.937893152236938477e+00
-3.165590763092041016e+00,6.275196075439453125e-01
-2.120869398117065430e+00,2.211612164974212646e-01
-2.940352439880371094e+00,1.792080521583557129e+00
-1.653334379196166992e+00,4.631994247436523438e+00
-2.189706563949584961e+00,4.810435175895690918e-01
-8.058669567108154297e-01,4.632249355316162109e+00
-4.484508633613586426e-01,4.222458362579345703e+00
-6.977286338806152344e-01,5.175235867500305176e-01
-1.014093208312988281e+01,-3.975146412849426270e-01
-1.962468385696411133e+00,2.778045535087585449e-01
-2.060807704925537109e+00,5.017025470733642578e+00
-3.961533308029174805e+00,3.059430837631225586e+00
-1.230995059013366699e+00,1.199205279350280762e+00
-2.057681560516357422e+00,3.469345569610595703e-01
-6.892826557159423828e-01,1.015155792236328125e+00
-3.653774976730346680e+00,3.103317022323608398e-01
-2.254333257675170898e+00,1.564920663833618164e+00
-1.747950077056884766e+00,6.121644973754882812e-01
-2.449726819992065430e+00,2.421181946992874146e-01
-2.302059888839721680e+00,5.180989503860473633e-01
-1.980696201324462891e+00,5.130078315734863281e+00
-2.050477266311645508e+00,3.181251883506774902e-01
-8.723494529724121094e+00,9.125547111034393311e-02
-4.575778007507324219e+00,3.634687066078186035e-01
-2.133776426315307617e+00,1.266506195068359375e+00
-2.791927099227905273e+00,1.609562397003173828e+00
-2.228311300277709961e+00,7.883040606975555420e-02
-2.796921730041503906e+00,4.475674033164978027e-01
-7.982935309410095215e-01,5.508427619934082031e-01
-1.051621913909912109e+00,4.502529144287109375e+00
-2.397403717041015625e+00,1.739613413810729980e-01
-5.866662859916687012e-01,6.499136686325073242e-01
-5.400605201721191406e+00,3.379448890686035156e+00
-3.047498464584350586e-01,4.885607719421386719e+00
-3.269269764423370361e-01,5.104273319244384766e+00
-1.684502363204956055e+00,4.823321819305419922e+00
-1.620596528053283691e+00,1.482267975807189941e+00
-2.009551763534545898e+00,4.063180983066558838e-01
-1.646724343299865723e+00,1.422094821929931641e+00
-1.037957429885864258e+00,6.507319211959838867e-01
-2.100999832153320312e+00,3.856772780418395996e-01
-8.477399349212646484e-01,1.913895606994628906e-01
-2.157985687255859375e+00,5.290373802185058594e+00
-2.204909324645996094e+00,6.068155169486999512e-02
-1.219951725006103516e+01,-8.655121922492980957e-02
-1.731619596481323242e+00,4.909743666648864746e-01
-1.051621913909912109e+00,4.502529144287109375e+00
-2.501319169998168945e+00,1.428312182426452637e+00
-2.084407806396484375e+00,2.682816386222839355e-01
-2.599584102630615234e+00,1.629009008407592773e+00
-2.854422330856323242e+00,1.643495798110961914e+00
-5.380821228027343750e+00,2.608024179935455322e-01
-1.840998649597167969e+00,4.491973400115966797e+00
-3.094193696975708008e+00,1.819642424583435059e+00
-2.898472785949707031e+00,1.680292010307312012e+00
-2.809154033660888672e+00,1.522806882858276367e+00
-2.478960514068603516e+00,3.020077705383300781e+00
-1.503884911537170410e+00,3.034468591213226318e-01
-3.217501401901245117e+00,1.888890385627746582e+00
-2.636744022369384766e+00,4.363994896411895752e-01
-4.150341033935546875e+00,2.723712921142578125e+00
-1.874180793762207031e+00,6.052958965301513672e-01
-1.325146913528442383e+00,1.187404990196228027e+00
3.686447143554687500e-01,3.878988265991210938e+00
-3.067919731140136719e+00,1.791050195693969727e+00
-1.982709169387817383e+00,1.432403206825256348e+00
-1.355692386627197266e+00,1.142453789710998535e+00
-1.013658881187438965e+00,5.789197683334350586e-01
-1.747950077056884766e+00,6.121644973754882812e-01
-3.549595117568969727e+00,2.217169523239135742e+00
-1.825979590415954590e+00,5.906180143356323242e-01
-1.635488390922546387e+00,4.915541648864746094e+00
-2.431624889373779297e+00,1.584826469421386719e+00
-3.812746047973632812e+00,3.105839014053344727e+00
-2.094499170780181885e-01,3.724357187747955322e-01
-2.477311849594116211e+00,2.224578708410263062e-01
-7.882779240608215332e-01,4.120870113372802734e+00
-2.894684553146362305e+00,2.447729110717773438e+00
-1.250221371650695801e+00,4.332495689392089844e+00
-1.161215901374816895e+00,5.055501461029052734e-01
-9.841260910034179688e-01,3.549822866916656494e-01
-1.980712532997131348e+00,5.296327114105224609e+00
-4.158519208431243896e-03,3.330559253692626953e+00
-1.980712532997131348e+00,5.296327114105224609e+00
-2.629364252090454102e+00,7.690459489822387695e-01
-2.206686735153198242e+00,1.178078889846801758e+00
-2.711156129837036133e+00,1.625842690467834473e+00
-1.738392114639282227e+00,4.407604038715362549e-01
-2.282616138458251953e+00,2.130252122879028320e+00
-1.939761042594909668e+00,7.725894451141357422e-01
1.273415386676788330e-01,3.679670095443725586e-01
-2.154759883880615234e+00,5.669619441032409668e-01
-2.206714153289794922e+00,3.729099929332733154e-01
-2.476081132888793945e+00,1.779815793037414551e+00
-2.483903169631958008e+00,1.963155746459960938e+00
-6.787728309631347656e+00,-9.849941730499267578e-02
-2.074133396148681641e+00,1.720029354095458984e+00
-1.481380820274353027e+00,5.203279256820678711e-01
-3.398695230484008789e+00,2.069232910871505737e-01
-1.664689302444458008e+00,2.803711652755737305e+00
-1.929240822792053223e+00,5.183495044708251953e+00
-1.594014286994934082e+00,1.251655697822570801e+00
-2.854022264480590820e+00,1.551437497138977051e+00
-7.327862977981567383e-01,7.806890010833740234e-01
-4.541676044464111328e-01,3.369797229766845703e+00
-1.752589702606201172e+00,3.710747957229614258e-01
-1.554148793220520020e+00,5.119864940643310547e-01
-2.898475885391235352e+00,1.806568861007690430e+00
-2.200581550598144531e+00,3.830075860023498535e-01
-2.264961242675781250e+00,2.464161515235900879e-01
-1.485491633415222168e+00,4.884916841983795166e-01
-2.225149869918823242e+00,5.558853149414062500e+00
-2.529765129089355469e+00,1.624984383583068848e+00
-3.217497587203979492e+00,4.574928581714630127e-01
-1.773543059825897217e-01,3.673396348953247070e+00
-2.017477273941040039e+00,2.148681133985519409e-02
-2.437438488006591797e+00,2.033684968948364258e+00
-1.765718698501586914e+00,1.460943698883056641e+00
-1.026602458953857422e+01,-7.551009953022003174e-02
-1.126994848251342773e+00,2.637631297111511230e-01
-1.599012374877929688e+00,5.165127515792846680e-01
-2.321607828140258789e+00,1.482385843992233276e-01
-1.602383494377136230e+00,1.364551186561584473e+00
-1.257344484329223633e+00,3.754461288452148438e+00
-2.837951183319091797e+00,1.996152520179748535e+00
-1.072132396697998047e+01,3.066686540842056274e-02
-2.593862771987915039e+00,1.048896536231040955e-01
-1.467668056488037109e+00,5.629705190658569336e-01
-4.707627892494201660e-01,5.348371267318725586e-01
-9.630514383316040039e-01,3.227630376815795898e+00
-3.014858007431030273e+00,1.783122062683105469e+00
-4.023705482482910156e+00,2.138780951499938965e-01
-2.911992311477661133e+00,1.573097586631774902e+00
-1.525373578071594238e+00,5.773985385894775391e-01
-1.952348470687866211e+00,1.966144144535064697e-01
-1.524682760238647461e+00,-1.455677896738052368e-01
-2.224758863449096680e+00,1.561443924903869629e+00
-2.606118917465209961e+00,2.786456584930419922e+00
-2.028219699859619141e+00,4.158487021923065186e-01
-1.930049061775207520e+00,2.190030366182327271e-01
-2.596299052238464355e-01,4.209632396697998047e+00
-1.896842718124389648e+00,5.094666481018066406e-01
-3.623013257980346680e+00,1.825899034738540649e-01
-5.049753665924072266e+00,-8.917602300643920898e-01
-1.333824038505554199e+00,4.576608657836914062e+00
-3.248383998870849609e+00,4.061734378337860107e-01
-2.078817129135131836e+00,2.981213331222534180e-01
-4.508474826812744141e+00,5.640985488891601562e+00
-3.038972377777099609e+00,1.699602961540222168e+00
-1.710277080535888672e+00,3.314334392547607422e+00
-2.437438488006591797e+00,2.033684968948364258e+00
-2.430108070373535156e+00,-2.284459173679351807e-01
-1.598559975624084473e+00,4.925969123840332031e+00
-2.702531814575195312e+00,3.732958436012268066e-01
-2.201904535293579102e+00,1.449174135923385620e-01
-2.685134410858154297e+00,5.719677805900573730e-01
-2.108716249465942383e+00,-1.534504890441894531e-01
-1.646724343299865723e+00,1.422094821929931641e+00
-9.393727779388427734e-01,3.188361644744873047e+00
-2.638505697250366211e+00,4.416236579418182373e-01
-3.493761539459228516e+00,3.461886048316955566e-01
-2.133980542421340942e-01,4.438632011413574219e+00
-2.331207513809204102e+00,6.089394092559814453e-01
-1.829907894134521484e+00,7.238271236419677734e-01
-2.952115237712860107e-01,4.205139636993408203e+00
-1.145572900772094727e+00,9.536492824554443359e-01
-3.043940544128417969e+00,4.901475608348846436e-01
-2.603084087371826172e+00,1.579124808311462402e+00
-2.548308372497558594e+00,5.049999952316284180e-01
-9.549124240875244141e-01,2.834872603416442871e-01
-1.431503891944885254e+00,1.010309934616088867e+00
-1.620724797248840332e+00,5.157261848449707031e+00
-1.515205621719360352e+00,1.290133237838745117e+00
-2.453844308853149414e+00,1.377277374267578125e+00
-2.271976470947265625e+00,2.122579336166381836e+00
-1.974461436271667480e+00,2.877519428730010986e-01
-2.403006315231323242e+00,1.468343287706375122e-01
-2.366489470005035400e-01,3.856873035430908203e+00
-1.738847374916076660e+00,8.248113393783569336e-01
-1.820205330848693848e+00,4.856390953063964844e+00
-2.064200341701507568e-01,3.280121088027954102e+00
-2.393868923187255859e+00,1.907708048820495605e-01
-1.127472966909408569e-01,4.971053600311279297e+00
-7.091620564460754395e-01,3.758463621139526367e+00
-1.340757727622985840e+00,1.099388360977172852e+00
-3.546922922134399414e+00,2.858328223228454590e-01
-1.026602458953857422e+01,-7.551009953022003174e-02
-1.899196386337280273e+00,8.794381618499755859e-01
-2.507486104965209961e+00,6.980371475219726562e-01
-4.275001525878906250e+00,-1.335505992174148560e-01
-4.945735454559326172e+00,7.092206478118896484e-01
-4.514021873474121094e+00,2.525860309600830078e+00
-3.044477939605712891e+00,2.873064279556274414e+00
-1.077445030212402344e+00,1.041793107986450195e+00
-1.027005434036254883e+00,8.827831745147705078e-01
-2.362633705139160156e+00,-8.717678487300872803e-02
-3.848586797714233398e+00,1.495911329984664917e-01
-2.894684553146362305e+00,2.447729110717773438e+00
-1.387696623802185059e+00,2.882606506347656250e+00
-2.142366170883178711e+00,5.949267148971557617e-01
-2.876058816909790039e+00,2.704667806625366211e+00
-2.009520292282104492e+00,4.091197252273559570e-02
-1.886754989624023438e+00,1.487635612487792969e+00
-1.494511246681213379e+00,7.899031639099121094e-01
-3.262484073638916016e-01,4.868976116180419922e+00
-1.952264070510864258e+00,4.905870854854583740e-01
-1.896842718124389648e+00,5.094666481018066406e-01
-2.206686735153198242e+00,1.178078889846801758e+00
-1.748802661895751953e+00,2.111571729183197021e-01
-2.685271501541137695e+00,2.738620519638061523e+00
-2.497213363647460938e+00,1.556455850601196289e+00
-3.069203376770019531e+00,5.206127166748046875e-01
-1.488283634185791016e+00,5.289949774742126465e-01
-1.736134409904479980e+00,1.531377792358398438e+00
-1.062216162681579590e+00,4.636279046535491943e-01
-9.675410389900207520e-01,1.085616827011108398e+00
-1.491848826408386230e+00,4.801479279994964600e-01
-6.270478248596191406e+00,2.221738845109939575e-01
-1.407392978668212891e+00,1.236935496330261230e+00
-2.019943714141845703e+00,4.640717029571533203e+00
-9.791783094406127930e-01,8.697618246078491211e-01
-3.148200988769531250e+00,-6.598205864429473877e-02
-1.963173627853393555e+00,2.727059125900268555e-01
-8.503707647323608398e-01,6.999765634536743164e-01
-8.697736859321594238e-01,8.879841566085815430e-01
-3.223221778869628906e+00,4.525332450866699219e-01
-3.435079097747802734e+00,1.960267186164855957e+00
-1.943415999412536621e+00,5.425671339035034180e-01
-2.945384740829467773e+00,1.743267297744750977e+00
-1.355272197723388672e+01,3.336636722087860107e-02
-2.842222690582275391e+00,1.665898919105529785e+00
-3.450366258621215820e+00,2.488665133714675903e-01
-2.972369432449340820e+00,1.797248244285583496e+00
-3.805077314376831055e+00,2.350253582000732422e+00
-2.877788782119750977e+00,4.688943326473236084e-01
-4.966702461242675781e+00,7.109415531158447266e-01
-1.415154933929443359e+00,1.286417841911315918e+00
-2.015294551849365234e+00,5.014228820800781250e+00
-1.437023997306823730e+00,-2.517106384038925171e-02
-2.271976470947265625e+00,2.122579336166381836e+00
-1.577054023742675781e+00,1.207385659217834473e+00
-1.274791210889816284e-01,3.771586656570434570e+00
-1.827900290489196777e+00,4.159095585346221924e-01
-2.951543331146240234e+00,7.393755018711090088e-02
-3.295326232910156250e-01,4.487388134002685547e+00
-1.476430892944335938e+00,3.319023847579956055e+00
-2.211272716522216797e+00,1.180055975914001465e+00
-1.543311953544616699e+00,2.283658832311630249e-01
-2.141852617263793945e+00,1.614762544631958008e+00
-2.698066711425781250e+00,9.137954562902450562e-02
-8.222644925117492676e-01,9.991585016250610352e-01
-4.306629180908203125e+00,3.576750457286834717e-01
-1.317324340343475342e-01,5.277431011199951172e+00
-5.462646856904029846e-02,3.825309753417968750e+00
-1.472739100456237793e+00,1.399833798408508301e+00
-2.633593797683715820e+00,7.304427623748779297e-01
-1.523418545722961426e+00,4.038226604461669922e+00
-1.263403892517089844e+00,3.769433021545410156e+00
-1.605625271797180176e+00,3.380255222320556641e+00
-2.712568521499633789e+00,1.912398934364318848e-01
-2.678779602050781250e+00,5.760380029678344727e-01
-1.596139669418334961e+00,1.226507782936096191e+00
-2.530563592910766602e+00,-6.198455393314361572e-02
-1.330104947090148926e+00,3.122346162796020508e+00
-2.083894252777099609e+00,2.760393321514129639e-01
-2.351882219314575195e+00,-4.141482710838317871e-02
-1.227133035659790039e+00,3.956624865531921387e-01
-3.240230083465576172e+00,5.469361543655395508e-01
-2.386140108108520508e+00,-9.970559179782867432e-02
-1.691498517990112305e+00,5.092747807502746582e-01
-2.100271463394165039e+00,1.743587613105773926e+00
-2.319214582443237305e+00,2.498579770326614380e-01
-4.083285808563232422e+00,1.616824418306350708e-01
-2.480102777481079102e+00,3.902705311775207520e-01
-2.476906538009643555e+00,3.074721097946166992e-01
-1.289318680763244629e+00,3.368412971496582031e+00
-3.506731986999511719e+00,2.912994623184204102e-01
-3.474286556243896484e+00,4.149010181427001953e+00
-6.783164739608764648e-01,9.582895040512084961e-01
-1.506901264190673828e+00,2.304323762655258179e-01
-6.294470310211181641e+00,3.496379405260086060e-02
-3.465226650238037109e+00,5.164227485656738281e-01
-1.332587003707885742e+00,3.144682407379150391e+00
-2.032867908477783203e+00,4.991844594478607178e-01
-1.547573089599609375e+00,1.325654983520507812e+00
-2.018894433975219727e+00,4.829908847808837891e+00
-2.665058135986328125e+00,6.648820638656616211e-01
-3.090440511703491211e+00,3.221769630908966064e-02
-1.715604424476623535e+00,3.028964698314666748e-01
-1.631599068641662598e+00,5.078045129776000977e-01
-1.156618595123291016e+00,9.544113874435424805e-01
-2.448306322097778320e+00,3.077969551086425781e-01
-1.372819781303405762e+00,-1.461751013994216919e-02
-2.222283601760864258e+00,3.986324369907379150e-01
-1.701567888259887695e+00,1.200081944465637207e+00
-8.574544191360473633e-01,3.827342987060546875e+00
-3.027337074279785156e+00,1.676738262176513672e+00
-2.484891653060913086e+00,1.545162439346313477e+00
-1.909080624580383301e+00,5.308294773101806641e+00
-2.492343902587890625e+00,1.799308806657791138e-01
-2.548766613006591797e+00,2.319627046585083008e+00
-9.481212496757507324e-01,5.023232698440551758e-01
-3.330205440521240234e+00,4.116108119487762451e-01
-7.617766261100769043e-01,5.810365200042724609e+00
-2.566546678543090820e+00,1.633415579795837402e+00
-6.685798645019531250e+00,-1.559296250343322754e-01
-4.393406391143798828e+00,1.095304787158966064e-01
-3.222757577896118164e+00,2.630749702453613281e+00
-1.231410980224609375e+00,4.735487699508666992e-01
-2.334350109100341797e+00,1.551392436027526855e+00
-2.379232168197631836e+00,1.619428873062133789e+00
-2.972852945327758789e+00,1.839098334312438965e+00
-1.584696650505065918e+00,4.776143729686737061e-01
-2.467599868774414062e+00,2.234237492084503174e-01
-1.794810891151428223e+00,4.851291656494140625e+00
-1.637470006942749023e+00,4.110599994659423828e+00
-1.799230933189392090e+00,2.727713882923126221e-01
-2.824052572250366211e+00,1.675952196121215820e+00
-4.684252262115478516e+00,4.312111437320709229e-01
-1.864879369735717773e+00,2.697248458862304688e-01
-1.892624497413635254e+00,2.113274574279785156e+00
-4.179220676422119141e+00,2.060871422290802002e-01
-2.171015977859497070e+00,3.616543114185333252e-01
-9.962510466575622559e-01,3.264816761016845703e+00
-1.481328368186950684e+00,5.169861316680908203e+00
-3.756298303604125977e+00,2.337208032608032227e+00
-1.678352117538452148e+00,7.599129676818847656e-01
-8.353943824768066406e-01,1.125987529754638672e+00
-2.732845306396484375e+00,4.297038912773132324e-01
-2.296525001525878906e+00,1.517027616500854492e-01
-2.515448331832885742e+00,1.461684346199035645e+00
-2.669369220733642578e+00,1.565592050552368164e+00
-1.049775600433349609e+01,7.867200672626495361e-02
-1.688306450843811035e+00,6.075580120086669922e-01
-1.859572768211364746e+00,7.811554670333862305e-01
-1.780416011810302734e+00,5.078948736190795898e-01
-2.563088178634643555e+00,1.515646934509277344e+00
-1.858424544334411621e+00,4.767810344696044922e+00
-3.965237855911254883e+00,7.023272514343261719e-01
-1.635462164878845215e+00,8.298870325088500977e-01
-2.174787044525146484e+00,1.341320753097534180e+00
-1.805229544639587402e+00,1.358511090278625488e+00
-1.584484100341796875e+00,3.681181669235229492e+00
-2.796921730041503906e+00,4.475674033164978027e-01
-1.878174304962158203e+00,2.898303508758544922e+00
-6.914066791534423828e+00,2.988972663879394531e-01
-1.825979590415954590e+00,5.906180143356323242e-01
-1.495489835739135742e+00,1.413175702095031738e+00
-9.476143121719360352e-01,3.812637925148010254e-01
-9.884613752365112305e-01,3.198347091674804688e+00
-1.688660740852355957e+00,5.181720852851867676e-01
-1.201143503189086914e+00,3.966974020004272461e+00
-1.320347666740417480e+00,1.006670713424682617e+00
-1.389507055282592773e+00,3.573335111141204834e-01
-1.197886347770690918e+00,3.644981145858764648e+00
-1.582417249679565430e+00,1.212290883064270020e+00
-1.304901957511901855e+00,4.031669795513153076e-01
-1.123542785644531250e+00,7.850488424301147461e-01
-3.047498464584350586e-01,4.885607719421386719e+00
2.861062884330749512e-01,3.224702596664428711e+00
-2.250188350677490234e+00,3.614062666893005371e-01
-1.038043260574340820e+00,6.926785707473754883e-01
-1.297283053398132324e+00,4.639265537261962891e+00
-2.770939350128173828e+00,1.738401770591735840e+00
-2.075460195541381836e+00,1.415235042572021484e+00
-5.629306316375732422e+00,1.096928834915161133e+00
-2.264961242675781250e+00,2.464161515235900879e-01
-2.354698896408081055e+00,6.868647336959838867e-01
-1.250890135765075684e+00,1.090495347976684570e+00
-2.535789012908935547e+00,5.301481485366821289e-01
-7.202164173126220703e+00,1.537792831659317017e-01
-2.036606788635253906e+00,1.617390871047973633e+00
-2.868507623672485352e+00,1.687242627143859863e+00
-3.618003845214843750e+00,2.371103167533874512e-01
-2.812677860260009766e+00,1.534660100936889648e+00
-8.568808555603027344e+00,-4.143744707107543945e-03
-1.489653468132019043e+00,3.298054695129394531e+00
-1.027421057224273682e-01,3.995237052440643311e-01
-2.201904535293579102e+00,1.449174135923385620e-01
-3.519207715988159180e+00,2.184099435806274414e+00
-1.085725426673889160e+00,3.522214174270629883e+00
-2.072904348373413086e+00,5.583352446556091309e-01
-2.078817129135131836e+00,2.981213331222534180e-01
-2.277299880981445312e+00,1.495489031076431274e-01
-1.651282787322998047e+00,1.552847743034362793e+00
-1.292882680892944336e+00,5.077930688858032227e-01
-7.103089094161987305e-01,4.204851090908050537e-01
-3.289724588394165039e+00,4.973255097866058350e-01
-2.843672752380371094e+00,4.577863514423370361e-01
-1.566698551177978516e+00,1.237793684005737305e+00
-1.993589282035827637e+00,2.704365551471710205e-01
-1.842073321342468262e+00,1.597809076309204102e+00
-1.494511246681213379e+00,7.899031639099121094e-01
-8.671929836273193359e-01,7.083073854446411133e-01
-2.439674377441406250e+00,6.795428991317749023e-01
-1.617414355278015137e+00,1.307533740997314453e+00
-5.445790290832519531e+00,2.528591752052307129e-01
-1.130112171173095703e+00,1.519445538520812988e+00
-2.756471157073974609e+00,-2.656623423099517822e-01
-2.203766584396362305e+00,4.258776307106018066e-01
-8.869938850402832031e-01,6.514171361923217773e-01
-3.073937177658081055e+00,1.820754051208496094e+00
-4.366226673126220703e+00,2.927025556564331055e-01
-2.861805677413940430e+00,1.748548507690429688e+00
-1.655656576156616211e+00,4.479125499725341797e+00
-7.103089094161987305e-01,4.204851090908050537e-01
-2.016062021255493164e+00,3.452751040458679199e-01
-2.462201595306396484e+00,3.875324428081512451e-01
-1.415581345558166504e+00,5.105980873107910156e+00
-1.944874644279479980e+00,3.370800614356994629e-01
-2.469410419464111328e+00,3.130291402339935303e-01
4.216565191745758057e-01,2.258081674575805664e+00
-2.009551763534545898e+00,4.063180983066558838e-01
-2.633371114730834961e+00,4.184833526611328125e+00
-1.565983772277832031e+00,2.252784520387649536e-01
-3.162374019622802734e+00,6.329400539398193359e-01
-1.870808005332946777e+00,4.327319622039794922e+00
-2.198650360107421875e+00,1.730359911918640137e+00
-1.488283634185791016e+00,5.289949774742126465e-01
-1.993330478668212891e+00,5.235903263092041016e-01
-1.397675275802612305e+00,3.731915712356567383e+00
-2.275335550308227539e+00,1.578545421361923218e-01
-1.872477650642395020e+00,5.608657002449035645e-01
-3.550907850265502930e+00,4.063787937164306641e+00
1.729283034801483154e-01,2.934882640838623047e+00
-2.922476768493652344e+00,1.756377220153808594e+00
-2.068772792816162109e+00,4.996767997741699219e+00
-2.080794334411621094e+00,3.224142491817474365e-01
-2.323266029357910156e+00,1.578752994537353516e-01
4.711245596408843994e-01,2.741898536682128906e+00
-2.020810127258300781e+00,3.975191712379455566e-01
-3.190879344940185547e+00,1.896406173706054688e+00
-1.377503275871276855e+00,4.024932861328125000e+00
-2.700642347335815430e+00,1.669678688049316406e+00
3.686447143554687500e-01,3.878988265991210938e+00
-1.053302764892578125e+00,3.913961052894592285e-01
-2.371383190155029297e+00,3.633520007133483887e-01
-1.079456806182861328e+00,8.283764123916625977e-01
-4.575778007507324219e+00,3.634687066078186035e-01
-1.049513459205627441e+00,7.679977416992187500e-01
-4.707627892494201660e-01,5.348371267318725586e-01
-2.534645795822143555e+00,2.530586719512939453e+00
-9.630514383316040039e-01,3.227630376815795898e+00
-1.729378461837768555e+00,5.002044200897216797e+00
-2.039878368377685547e+00,9.215458631515502930e-01
-2.245529890060424805e+00,4.009605050086975098e-01
-2.180182933807373047e+00,5.991480350494384766e-01
-2.029248714447021484e+00,6.877962350845336914e-01
3.245104253292083740e-01,3.200531721115112305e+00
-4.526301383972167969e+00,5.910053253173828125e-01
-1.655526876449584961e+00,3.859655559062957764e-01
-2.532407760620117188e+00,1.182435601949691772e-01
-2.073009252548217773e+00,1.510494947433471680e+00
-3.066662073135375977e+00,3.303387463092803955e-01
-1.850026726722717285e+00,5.062417030334472656e+00
-7.769412994384765625e-01,3.726125955581665039e+00
-1.766637921333312988e+00,2.850213944911956787e-01
-1.837875962257385254e+00,4.687751293182373047e+00
-1.178153038024902344e+00,3.494222640991210938e+00
-2.893802165985107422e+00,1.709600806236267090e+00
-1.739616870880126953e+00,1.924266070127487183e-01
-6.221600770950317383e-01,3.913135051727294922e+00
2.214365899562835693e-01,4.194054603576660156e+00
-2.180231332778930664e+00,5.202051997184753418e-01
-1.071777343750000000e+00,1.210568428039550781e+00
-1.539248824119567871e+00,4.791835308074951172e+00
-2.870074272155761719e+00,5.348011851310729980e-01
-2.488211154937744141e+00,8.549971580505371094e-01
-1.806186079978942871e+00,1.408436536788940430e+00
-2.504235744476318359e+00,1.998670935630798340e+00
-8.291363716125488281e-01,-3.137361109256744385e-01
-3.946317195892333984e+00,2.266396999359130859e+00
8.004486560821533203e-03,2.142025530338287354e-02
7.973001599311828613e-01,1.399966031312942505e-01
-1.395992636680603027e+00,1.327245593070983887e+00
-1.340083241462707520e+00,1.199461460113525391e+00
-2.202859878540039062e+00,2.015514373779296875e+00
-1.779719233512878418e+00,1.304432511329650879e+00
-8.001845479011535645e-01,6.953977346420288086e-01
-2.195746898651123047e+00,3.522145152091979980e-01
-1.753637552261352539e+00,1.547269225120544434e+00
-3.674695730209350586e+00,1.314892172813415527e-01
-1.782220482826232910e+00,1.286307096481323242e+00
-2.629029273986816406e+00,4.967894256114959717e-01
-1.959448337554931641e+00,1.723618507385253906e-01
-2.489402294158935547e+00,3.731678724288940430e-01
-1.131228685379028320e+00,3.449424505233764648e+00
-7.350594997406005859e-01,9.170243740081787109e-01
-2.884114742279052734e+00,1.684827327728271484e+00
-1.665675997734069824e+00,4.708580970764160156e+00
-2.815290927886962891e+00,1.515958666801452637e+00
-2.755387067794799805e+00,1.549297332763671875e+00
-1.176457285881042480e+00,1.425238251686096191e+00
-2.763109207153320312e+00,3.373460769653320312e-01
-3.225771903991699219e+00,4.451386630535125732e-03
-1.763741374015808105e+00,1.610519886016845703e+00
-2.066834449768066406e+00,2.863938331604003906e+00
-2.015530347824096680e+00,8.335801362991333008e-01
-5.526677131652832031e+00,-2.917521297931671143e-01
-1.581919550895690918e+00,2.401963323354721069e-01
-2.972852945327758789e+00,1.839098334312438965e+00
-3.010585308074951172e+00,-1.816562414169311523e-01
-7.892502307891845703e+00,-2.152610719203948975e-01
-1.566156148910522461e+00,4.903635501861572266e+00
-2.382806301116943359e+00,3.094545006752014160e-01
-1.623652458190917969e+00,3.970827579498291016e+00
-3.788855791091918945e+00,2.533324360847473145e-01
-2.317350864410400391e+00,1.934374451637268066e+00
-1.228203058242797852e+00,1.063178896903991699e+00
-2.824052572250366211e+00,1.675952196121215820e+00
-1.710277080535888672e+00,3.314334392547607422e+00
-2.486511468887329102e+00,1.923767030239105225e-01
-2.260762691497802734e+00,7.197667360305786133e-01
-1.005102276802062988e+00,3.105592250823974609e+00
-1.248535394668579102e+00,2.662025690078735352e-01
-1.005102276802062988e+00,3.105592250823974609e+00
-7.046588659286499023e-01,5.279856681823730469e+00
-3.067919731140136719e+00,1.791050195693969727e+00
-1.927161097526550293e+00,3.749427199363708496e-01
-2.317350864410400391e+00,1.934374451637268066e+00
-4.283206462860107422e+00,4.448791444301605225e-01
-1.299740910530090332e+00,4.093334674835205078e+00
-2.912503242492675781e+00,5.479547977447509766e-01
-8.612658500671386719e+00,3.126566708087921143e-01
-1.677355289459228516e+00,5.165956497192382812e+00
-9.388055801391601562e-01,8.934054374694824219e-01
-2.950751543045043945e+00,1.766305446624755859e+00
-1.992425322532653809e+00,1.646505355834960938e+00
-1.279819488525390625e+00,2.969370484352111816e-01
-1.953397870063781738e+00,6.272202730178833008e-01
-1.970010519027709961e+00,4.876528263092041016e+00
-2.228879690170288086e+00,5.129523873329162598e-01
-3.231909751892089844e+00,2.354325771331787109e+00
-1.681290268898010254e+00,2.331719994544982910e-01
-6.586719036102294922e+00,4.544557094573974609e+00
-1.731467485427856445e+00,1.742120027542114258e+00
-1.706079721450805664e+00,4.969253063201904297e+00
-1.637762427330017090e+00,3.055361807346343994e-01
-1.491273999214172363e+00,4.223793029785156250e+00
5.129878968000411987e-02,3.975065648555755615e-01
-3.827669382095336914e+00,2.378513574600219727e+00
-1.779112458229064941e+00,5.041357040405273438e+00
-1.615608572959899902e+00,4.902890205383300781e+00
-4.984847903251647949e-01,4.365122020244598389e-01
-8.405315279960632324e-01,3.878660440444946289e+00
-2.260454893112182617e-01,3.624076247215270996e-01
1.891042292118072510e-01,5.295589447021484375e+00
-2.949299335479736328e+00,1.539470791816711426e+00
-2.397759437561035156e+00,1.655626416206359863e+00
-1.605997800827026367e+00,3.868005037307739258e+00
-2.790140628814697266e+00,1.517147064208984375e+00
-1.410263895988464355e+00,3.720161437988281250e+00
-2.057967662811279297e+00,1.841889381408691406e+00
-2.146437644958496094e+00,1.400673866271972656e+00
8.004486560821533203e-03,2.142025530338287354e-02
-1.036396145820617676e+00,5.858670473098754883e-01
-3.612000942230224609e+00,5.289797782897949219e-01
-1.606532633304595947e-01,3.836203336715698242e+00
-1.318278431892395020e+00,3.260715007781982422e+00
-1.810304164886474609e+00,4.974335670471191406e+00
-1.427764743566513062e-01,5.303296446800231934e-01
-2.150592088699340820e+00,3.232983648777008057e-01
-9.089331030845642090e-01,1.688316702842712402e+00
-1.672027945518493652e+00,3.732787370681762695e+00
-1.618808627128601074e+00,6.458568572998046875e-01
-2.445873498916625977e+00,1.357099294662475586e+00
-2.903594493865966797e+00,1.609128713607788086e+00
-2.086050987243652344e+00,4.260720312595367432e-01
-1.070597290992736816e+00,3.699405670166015625e+00
-1.097021818161010742e+00,3.708290100097656250e+00
-7.265534877777099609e+00,-1.124720573425292969e-01
-1.740474581718444824e+00,1.285863399505615234e+00
-1.720598101615905762e+00,7.248812913894653320e-01
-1.183862209320068359e+00,4.075893402099609375e+00
-2.075460195541381836e+00,1.415235042572021484e+00
-2.348459482192993164e+00,-6.320980191230773926e-02
-2.278411626815795898e+00,3.344343006610870361e-01
-1.523418545722961426e+00,4.038226604461669922e+00
-7.151407003402709961e-01,2.553128600120544434e-01
-1.897964179515838623e-01,5.003583431243896484e+00
-1.943415999412536621e+00,5.425671339035034180e-01
-2.326248168945312500e+00,1.736879706382751465e+00
-1.854144334793090820e+00,1.417384266853332520e+00
-2.266177654266357422e+00,8.610311746597290039e-01
5.840005725622177124e-02,2.784560680389404297e+00
-1.104309082031250000e+00,7.197043895721435547e-01
-8.671929836273193359e-01,7.083073854446411133e-01
-3.185799419879913330e-01,5.069892406463623047e+00
-2.146169900894165039e+00,1.970647573471069336e-01
-1.550823092460632324e+00,2.593558728694915771e-01
-1.415581345558166504e+00,5.105980873107910156e+00
-1.933527469635009766e+00,5.737714171409606934e-01
-9.094320535659790039e-01,2.556551098823547363e-01
-1.450990319252014160e+00,4.157927036285400391e+00
-8.767210245132446289e-01,1.018434166908264160e+00
-2.834970474243164062e+00,1.594933629035949707e+00
-1.857144594192504883e+00,1.398357987403869629e+00
-2.721871137619018555e+00,1.662497043609619141e+00
-1.966980457305908203e+00,4.041215777397155762e-01
-2.345713376998901367e-01,5.891129016876220703e+00
-1.546694278717041016e+00,3.320682525634765625e+00
-2.881748437881469727e+00,1.489880681037902832e+00
-2.866116285324096680e+00,2.019882917404174805e+00
-6.886934638023376465e-01,9.676138162612915039e-01
-2.211888790130615234e+00,5.125232696533203125e+00
-2.118416547775268555e+00,6.298170089721679688e-01
-1.893275856971740723e+00,2.984453439712524414e-01
-3.009140491485595703e-04,4.565125942230224609e+00
-1.663335919380187988e+00,3.979628086090087891e-01
-3.106433629989624023e+00,4.239547252655029297e-01
-2.172269582748413086e+00,1.662139296531677246e+00
-1.995703220367431641e+00,1.858051538467407227e+00
-1.130112171173095703e+00,1.519445538520812988e+00
-1.937125563621520996e+00,3.603450536727905273e+00
-1.333570957183837891e+00,9.975942373275756836e-01
-2.057967662811279297e+00,1.841889381408691406e+00
-1.494600534439086914e+00,4.960893690586090088e-01
-2.338762283325195312e+00,1.659484744071960449e+00
-2.975085258483886719e+00,1.820763349533081055e+00
-2.630610227584838867e+00,4.715420603752136230e-01
-1.667754769325256348e+00,4.006449282169342041e-01
-1.697112083435058594e+00,3.764569759368896484e+00
-2.026665687561035156e+00,3.726201355457305908e-01
-1.737834572792053223e+00,7.539417743682861328e-01
-5.031076908111572266e+00,4.603269994258880615e-01
-2.202241182327270508e+00,5.831152200698852539e-02
-1.748385190963745117e+00,4.360660910606384277e-01
-2.424645900726318359e+00,1.126557737588882446e-01
-8.699474930763244629e-01,8.636827468872070312e-01
-2.826924800872802734e+00,1.749830007553100586e+00
-1.040873646736145020e+00,5.611543655395507812e+00
-8.049268722534179688e+00,3.560141324996948242e-01
-1.850816011428833008e+00,7.854030132293701172e-01
-2.002357482910156250e+00,1.886576175689697266e+00
-2.046040296554565430e+00,4.981579780578613281e+00
-9.123922586441040039e-01,4.478857219219207764e-01
-1.145572900772094727e+00,9.536492824554443359e-01
-3.220674991607666016e+00,2.123470902442932129e-01
-6.100349426269531250e+00,6.384731084108352661e-02
7.973001599311828613e-01,1.399966031312942505e-01
-1.136110782623291016e+00,5.619062781333923340e-01
-1.849215388298034668e+00,3.748505711555480957e-01
-2.764741420745849609e+00,1.507529020309448242e+00
-1.971453666687011719e+00,1.618453383445739746e+00
-1.813707113265991211e+00,4.898461341857910156e+00
-3.909269571304321289e-01,9.820075035095214844e-01
-5.823610305786132812e+00,2.450253367424011230e-01
-1.288508653640747070e+00,1.087063789367675781e+00
-1.181984424591064453e+00,4.524488151073455811e-01
-1.359588384628295898e+00,1.152705788612365723e+00
-1.316930770874023438e+00,3.475437879562377930e+00
-3.611277937889099121e-01,4.255311191082000732e-01
-1.664689302444458008e+00,2.803711652755737305e+00
-1.672728896141052246e+00,3.569496393203735352e+00
-6.417555212974548340e-01,5.577606678009033203e+00
-1.143867015838623047e+00,4.052910804748535156e+00
-1.878174304962158203e+00,2.898303508758544922e+00
-4.450461864471435547e+00,1.673709005117416382e-01
-1.852642893791198730e+00,-5.506061017513275146e-02
-1.219943881034851074e+00,5.972366929054260254e-01
-1.219951725006103516e+01,-8.655121922492980957e-02
-4.967940330505371094e+00,-2.686161398887634277e-01
7.918039709329605103e-02,3.171510696411132812e+00
-2.381139516830444336e+00,1.874159216880798340e+00
-3.472849369049072266e+00,2.325364828109741211e+00
-8.798689842224121094e-01,3.894607126712799072e-01
-1.042657971382141113e+00,5.677031993865966797e+00
-2.456775188446044922e+00,-1.271741986274719238e-01
-1.739132761955261230e+00,2.670062184333801270e-01
-1.833309412002563477e+00,7.232697010040283203e-01
-1.445469856262207031e+00,5.184365510940551758e-01
-2.226315736770629883e+00,1.836369872093200684e+00
-3.010670185089111328e+00,-1.775318682193756104e-01
-6.429049015045166016e+00,-1.132675856351852417e-01
-2.198043346405029297e+00,3.854893445968627930e-01
-3.065085649490356445e+00,4.250489175319671631e-01
-2.709098815917968750e+00,1.715151429176330566e+00
-1.581919550895690918e+00,2.401963323354721069e-01
-1.231410980224609375e+00,4.735487699508666992e-01
-2.023521423339843750e+00,4.272947788238525391e+00
-3.255347967147827148e+00,2.451380968093872070e+00
-1.292882680892944336e+00,5.077930688858032227e-01
-4.379637539386749268e-01,3.810878038406372070e+00
-1.206508755683898926e+00,2.391266077756881714e-01
-1.391261100769042969e+00,4.006852626800537109e+00
-2.866215944290161133e+00,2.689910411834716797e+00
-1.101739287376403809e+00,1.226493120193481445e+00
-3.507841825485229492e-01,4.848062038421630859e+00
-2.489297151565551758e+00,1.712877452373504639e-01
-1.190061196684837341e-01,1.020271927118301392e-01
-1.595284223556518555e+00,4.963808059692382812e+00
-2.792980670928955078e+00,1.519481897354125977e+00
-2.839134931564331055e-01,4.721632003784179688e+00
-1.861620306968688965e+00,3.890226483345031738e-01
-1.678856849670410156e+00,1.652322053909301758e+00
-3.238683938980102539e+00,2.497911214828491211e+00
-2.315913438796997070e+00,2.019673109054565430e+00
-1.066049575805664062e+00,3.103439331054687500e+00
-8.507502079010009766e-01,9.440659284591674805e-01
-2.920138359069824219e+00,1.788504123687744141e+00
-3.094535350799560547e+00,1.747562170028686523e+00
-1.848416805267333984e+00,4.930445671081542969e+00
-9.994861483573913574e-01,3.029825687408447266e-01
-1.879778504371643066e+00,2.881978750228881836e+00
-1.190124034881591797e+01,1.614778935909271240e-01
-2.131007432937622070e+00,1.996635794639587402e-01
-1.616245985031127930e+00,7.601741552352905273e-01
-1.598752617835998535e+00,4.650248289108276367e-01
-2.293873786926269531e+00,-2.923713624477386475e-01
-9.497681260108947754e-01,4.128558933734893799e-01
-1.308456778526306152e+00,3.677179574966430664e+00
-2.157985687255859375e+00,5.290373802185058594e+00
-2.389938831329345703e+00,1.666691899299621582e-01
-2.247744560241699219e+00,9.453062713146209717e-02
-2.476906538009643555e+00,3.074721097946166992e-01
-2.104118347167968750e+00,1.915053009986877441e+00
-3.065085649490356445e+00,4.250489175319671631e-01
-2.262680053710937500e+00,7.164260149002075195e-01
-2.645741939544677734e+00,7.190151214599609375e-01
-5.667411804199218750e+00,2.638099789619445801e-01
-1.036215662956237793e+00,5.450165271759033203e-01
-2.652647256851196289e+00,1.544153809547424316e+00
-1.567256301641464233e-01,3.899622559547424316e-01
-1.219177603721618652e+00,4.959487915039062500e-01
-1.944874644279479980e+00,3.370800614356994629e-01
-3.375726699829101562e+00,2.872738122940063477e+00
-2.809154033660888672e+00,1.522806882858276367e+00
-1.355692386627197266e+00,1.142453789710998535e+00
-6.809754371643066406e+00,2.306998074054718018e-01
-1.894768118858337402e+00,5.904451012611389160e-01
-1.446747899055480957e+00,4.124252796173095703e-01
-3.240230083465576172e+00,5.469361543655395508e-01
-1.950778245925903320e+00,1.375366210937500000e+00
-2.649579524993896484e+00,5.275826454162597656e-01
-5.983909606933593750e+00,1.007920145988464355e+00
2.143002748489379883e-01,4.226801395416259766e+00
-2.416750192642211914e+00,1.958672046661376953e+00
-1.667861938476562500e+00,4.716830253601074219e+00
-1.501950979232788086e+00,2.913958072662353516e+00
-2.919909954071044922e+00,1.641753911972045898e+00
-5.822170734405517578e+00,2.290131449699401855e-01
-1.782220482826232910e+00,1.286307096481323242e+00
-3.266749382019042969e+00,4.212903082370758057e-01
-3.276433706283569336e+00,3.117175698280334473e-01
-2.372573375701904297e+00,1.435244560241699219e+00
-1.789443612098693848e+00,1.491273403167724609e+00
-1.532482862472534180e+00,6.381781101226806641e-01
-5.841473579406738281e+00,3.237206339836120605e-01
-2.229822397232055664e+00,8.984644711017608643e-02
-1.517839670181274414e+00,5.552423000335693359e-01
-2.566546678543090820e+00,1.633415579795837402e+00
-1.842860102653503418e+00,1.377018570899963379e+00
-1.682005405426025391e+00,1.761624515056610107e-01
-2.172277450561523438e+00,2.367960512638092041e-01
-2.355613231658935547e+00,2.380569875240325928e-01
-2.462201595306396484e+00,3.875324428081512451e-01
-2.969139814376831055e+00,6.352625042200088501e-02
-2.222488880157470703e+00,1.895645856857299805e+00
-1.491860866546630859e+00,4.775695323944091797e+00
-3.053092956542968750e+00,1.747583389282226562e+00
-1.355272197723388672e+01,3.336636722087860107e-02
-4.400248527526855469e+00,2.722485303878784180e+00
-1.720407247543334961e+00,3.579843759536743164e+00
-2.402186632156372070e+00,2.039431333541870117e-01
-7.603458762168884277e-01,6.823288202285766602e-01
2.785883843898773193e-03,4.611886978149414062e+00
-1.259854197502136230e+00,1.338136076927185059e+00
-1.688660740852355957e+00,5.181720852851867676e-01
-1.222891211509704590e+00,4.511008858680725098e-01
-3.002617835998535156e+00,2.778913080692291260e-01
-1.560503989458084106e-02,4.256476402282714844e+00
-2.066181898117065430e+00,1.983672976493835449e-01
-1.423214554786682129e+00,5.614655017852783203e-01
-3.946317195892333984e+00,2.266396999359130859e+00
-6.961845159530639648e-01,7.400285005569458008e-01
-1.575698852539062500e+00,3.087465763092041016e-01
-1.964429616928100586e+00,3.589312076568603516e+00
-1.554148793220520020e+00,5.119864940643310547e-01
-2.315913438796997070e+00,2.019673109054565430e+00
-1.154906988143920898e+00,5.646424293518066406e-01
-1.219494104385375977e+00,3.800172567367553711e+00
-1.691498517990112305e+00,5.092747807502746582e-01
-1.931493759155273438e+00,4.134281873703002930e-01
-1.855927228927612305e+00,7.213681936264038086e-01
-1.878577828407287598e+00,3.949212729930877686e-01
-2.947643518447875977e+00,7.985822111368179321e-02
-1.298166394233703613e+00,5.452384948730468750e+00
-3.057115554809570312e+00,4.712820649147033691e-01
4.881714880466461182e-01,3.960745811462402344e+00
-3.519098758697509766e+00,1.864508628845214844e+00
-3.342109680175781250e+00,4.828199148178100586e-01
-1.455178737640380859e+00,3.625760674476623535e-01
-1.609287858009338379e+00,1.213946223258972168e+00
-1.676045417785644531e+00,5.106651782989501953e-01
-1.649853229522705078e+00,7.474724054336547852e-01
-9.351312518119812012e-01,3.238090276718139648e-01
-3.114009857177734375e+00,6.383411884307861328e-01
-3.975819587707519531e+00,5.043942928314208984e-01
-1.389678955078125000e+00,5.232930660247802734e+00
-1.138232827186584473e+00,4.250882625579833984e+00
-3.679323434829711914e+00,3.787553608417510986e-01
-2.432779073715209961e+00,3.729223608970642090e-01
-7.794363021850585938e+00,-3.735426366329193115e-01
-2.463604927062988281e+00,1.573855638504028320e+00
-2.629364252090454102e+00,7.690459489822387695e-01
-2.868507623672485352e+00,1.687242627143859863e+00
-2.262182712554931641e+00,1.751583695411682129e+00
-8.306978344917297363e-01,9.957693815231323242e-01
-2.064415216445922852e+00,3.317320108413696289e+00
-1.974394321441650391e+00,4.090804457664489746e-01
-1.358022928237915039e+00,4.000898838043212891e+00
-2.653439998626708984e+00,3.080543518066406250e+00
-3.493761539459228516e+00,3.461886048316955566e-01
-2.355886459350585938e+00,2.971666157245635986e-01
-1.506295919418334961e+00,3.387525677680969238e-01
-3.288604259490966797e+00,1.900651931762695312e+00
-2.289273023605346680e+00,1.820366233587265015e-01
-6.089871406555175781e+00,4.336575269699096680e-01
-4.966702461242675781e+00,7.109415531158447266e-01
-1.975938200950622559e+00,7.024801969528198242e-01
-2.726677894592285156e+00,-8.175143599510192871e-02
-1.904473185539245605e+00,4.786764681339263916e-01
-3.057115554809570312e+00,4.712820649147033691e-01
-1.182319045066833496e+00,4.146898269653320312e+00
-2.722212791442871094e+00,1.614362716674804688e+00
-1.461056709289550781e+00,7.895399332046508789e-01
-2.534042596817016602e+00,1.310209929943084717e-01
-2.206088781356811523e+00,1.269198298454284668e+00
-1.674264550209045410e+00,6.042745113372802734e-01
-1.475912690162658691e+00,4.169320583343505859e+00
-2.921144723892211914e+00,3.017838001251220703e-01
-2.517847061157226562e+00,1.455904603004455566e+00
-1.691724061965942383e+00,5.168965816497802734e+00
-1.444055318832397461e+00,5.050098419189453125e+00
-3.365298748016357422e+00,6.368110179901123047e-01
-1.315399765968322754e+00,1.081740498542785645e+00
-5.822170734405517578e+00,2.290131449699401855e-01
-2.373789787292480469e+00,3.134166598320007324e-01
-1.054389953613281250e+00,4.101508140563964844e+00
-7.487814426422119141e-01,9.748636484146118164e-01
-2.920630455017089844e+00,1.768689870834350586e+00
-1.972456336021423340e+00,2.083653211593627930e+00
-2.331207513809204102e+00,6.089394092559814453e-01
-1.571335673332214355e+00,6.599547863006591797e-01
1.675256490707397461e-01,5.244265556335449219e+00
-2.486511468887329102e+00,1.923767030239105225e-01
-2.002750396728515625e+00,3.487200140953063965e-01
-2.760769128799438477e+00,2.463968038558959961e+00
-2.442521572113037109e+00,3.761927783489227295e-02
-2.155187368392944336e+00,1.625691652297973633e+00
-1.671143054962158203e+00,2.922441244125366211e+00
-1.073328256607055664e+00,7.185939550399780273e-01
-2.396508455276489258e+00,1.321755290031433105e+00
-2.435935974121093750e+00,7.267084121704101562e-01
-1.874746799468994141e+00,6.378599405288696289e-01
-1.571816205978393555e-02,7.125235795974731445e-01
-1.722949743270874023e+00,2.104046940803527832e-01
-2.870074272155761719e+00,5.348011851310729980e-01
-2.326307296752929688e+00,1.634782552719116211e-01
-4.594274044036865234e+00,-1.070612221956253052e-01
-2.726677894592285156e+00,-8.175143599510192871e-02
-3.425987720489501953e+00,2.632519006729125977e-01
-2.861016273498535156e+00,1.654474973678588867e+00
-1.571900844573974609e+00,4.922559738159179688e+00
-2.664638519287109375e+00,3.001087009906768799e-01
-1.422710180282592773e+00,5.525927066802978516e+00
-1.824049711227416992e+00,4.204908907413482666e-01
-2.293873786926269531e+00,-2.923713624477386475e-01
-3.773907423019409180e-01,3.826004862785339355e-01
-3.108940124511718750e+00,1.846010565757751465e+00
-2.867176294326782227e+00,2.318579435348510742e+00
-1.030879855155944824e+00,7.117375135421752930e-01
-1.623444676399230957e+00,8.584189414978027344e-01
-8.075043678283691406e+00,-3.222330510616302490e-01
-3.680340290069580078e+00,5.188640356063842773e-01
-6.141920566558837891e+00,6.661443412303924561e-02
-2.780571222305297852e+00,3.373225927352905273e-01
-1.773647546768188477e+00,4.824840128421783447e-01
-1.696696639060974121e+00,7.594064474105834961e-01
-2.771947383880615234e+00,-1.424275338649749756e-02
-2.169002294540405273e+00,2.713562846183776855e-01
-1.535599976778030396e-01,3.780132055282592773e+00
-2.667884111404418945e+00,3.231156468391418457e-01
-2.430646657943725586e+00,1.639862298965454102e+00
-1.982709169387817383e+00,1.432403206825256348e+00
-3.562779903411865234e+00,2.454450130462646484e-01
-7.467694878578186035e-01,5.189887046813964844e+00
-3.005228042602539062e+00,1.711962342262268066e+00
-1.938007235527038574e+00,1.373373746871948242e+00
-1.871179580688476562e+00,6.423619985580444336e-01
-6.419230103492736816e-01,3.047571480274200439e-01
-1.259260892868041992e+00,4.260127842426300049e-01
-1.687705993652343750e+00,1.676672458648681641e+00
-1.722106575965881348e+00,4.805326461791992188e+00
-1.251103401184082031e+00,1.067767977714538574e+00
-8.197332382202148438e+00,6.988775730133056641e-01
-3.281325101852416992e+00,-9.173539280891418457e-02
-1.390517473220825195e+00,2.925340890884399414e+00
-8.568808555603027344e+00,-4.143744707107543945e-03
-1.123542785644531250e+00,7.850488424301147461e-01
-2.648792028427124023e+00,1.477207899093627930e+00
-2.274403810501098633e+00,4.829513132572174072e-01
-4.308839321136474609e+00,4.297605156898498535e-01
-1.598752617835998535e+00,4.650248289108276367e-01
-6.886934638023376465e-01,9.676138162612915039e-01
-1.027005434036254883e+00,8.827831745147705078e-01
-4.521313667297363281e+00,1.291648745536804199e-01
-2.898475885391235352e+00,1.806568861007690430e+00
-2.148978471755981445e+00,7.306228578090667725e-02
-1.918008565902709961e+00,5.023097991943359375e-01
-1.062216162681579590e+00,4.636279046535491943e-01
-2.053607702255249023e+00,5.406321287155151367e-01
-1.252568960189819336e+00,1.299772024154663086e+00
-1.932154655456542969e+00,4.888232707977294922e+00
-1.223186612129211426e+00,1.069939851760864258e+00
-1.591484665870666504e+00,4.114820361137390137e-01
-9.025831818580627441e-01,6.320381164550781250e-01
-2.403970956802368164e+00,2.545433044433593750e-01
-2.852904558181762695e+00,2.332431316375732422e+00
-1.661887407302856445e+00,4.775962531566619873e-01
5.840005725622177124e-02,2.784560680389404297e+00
-2.781815528869628906e+00,1.742839097976684570e+00
-3.276433706283569336e+00,3.117175698280334473e-01
-7.558923363685607910e-01,8.787288665771484375e-01
-9.497681260108947754e-01,4.128558933734893799e-01
-1.948441386222839355e+00,2.089422464370727539e+00
-1.289533495903015137e+00,1.151702404022216797e+00
-1.410263895988464355e+00,3.720161437988281250e+00
-1.874855756759643555e+00,3.705961108207702637e-01
-2.170859575271606445e+00,3.241676092147827148e-01
-1.318697094917297363e+00,5.196183919906616211e-01
-2.442521572113037109e+00,3.761927783489227295e-02
-1.055485129356384277e+00,3.824916362762451172e+00
-9.931819915771484375e+00,2.154773920774459839e-01
-2.834987401962280273e+00,1.549956679344177246e+00
-2.199420213699340820e+00,2.017854690551757812e+00
-1.248535394668579102e+00,2.662025690078735352e-01
-1.403761625289916992e+00,3.561216294765472412e-01
-2.570654153823852539e+00,1.620485544204711914e+00
-1.485491633415222168e+00,4.884916841983795166e-01
-2.148868560791015625e+00,4.536802470684051514e-01
-1.842860102653503418e+00,1.377018570899963379e+00
-1.227133035659790039e+00,3.956624865531921387e-01
-2.693036794662475586e+00,4.644097685813903809e-01
-3.038027048110961914e+00,4.878538548946380615e-01
-2.046040296554565430e+00,4.981579780578613281e+00
-1.897517919540405273e+00,9.033141136169433594e-01
-1.606682777404785156e+00,3.981062173843383789e+00
-1.298166394233703613e+00,5.452384948730468750e+00
-2.180231332778930664e+00,5.202051997184753418e-01
-1.292409896850585938e+00,2.810526192188262939e-01
-2.157390117645263672e+00,1.541788697242736816e+00
-1.006560325622558594e+00,8.865988254547119141e-01
-1.300687432289123535e+00,4.589767456054687500e-01
-9.025831818580627441e-01,6.320381164550781250e-01
-2.154222488403320312e+00,5.342869281768798828e+00
-1.468616843223571777e+00,7.745102643966674805e-01
-2.083894252777099609e+00,2.760393321514129639e-01
-1.729773879051208496e+00,1.745066404342651367e+00
-2.463595867156982422e+00,4.503709077835083008e-02
-2.711114645004272461e+00,1.656014204025268555e+00
-1.270441412925720215e+00,3.662450551986694336e+00
-1.871179580688476562e+00,6.423619985580444336e-01
-1.565983772277832031e+00,2.252784520387649536e-01
-2.380860567092895508e+00,2.961733937263488770e-01
-3.548968553543090820e+00,1.912204384803771973e+00
-1.663335919380187988e+00,3.979628086090087891e-01
-4.171792984008789062e+00,1.540839821100234985e-01
-2.136963605880737305e+00,1.585298180580139160e+00
-1.251431226730346680e+00,5.231392383575439453e-01
-1.329512119293212891e+00,3.339375972747802734e+00
-5.779889822006225586e-01,1.359979808330535889e-01
-2.080287218093872070e+00,7.347520589828491211e-01
-2.971231222152709961e+00,1.782642245292663574e+00
-2.906464338302612305e+00,4.296789646148681641e+00
-2.962717533111572266e+00,1.852092981338500977e+00
-1.053021430969238281e+00,4.482585191726684570e-01
-1.337023138999938965e+00,1.251760244369506836e+00
-6.914066791534423828e+00,2.988972663879394531e-01
-2.371012926101684570e+00,2.745099663734436035e-01
-1.807560086250305176e+00,8.463888168334960938e-01
-3.289724588394165039e+00,4.973255097866058350e-01
-8.400471806526184082e-01,7.058894634246826172e-01
-8.507502079010009766e-01,9.440659284591674805e-01
-2.081257820129394531e+00,1.501421570777893066e+00
-1.731467485427856445e+00,1.742120027542114258e+00
-1.982397913932800293e+00,5.090894699096679688e+00
-1.525636553764343262e+00,6.785688400268554688e-01
-2.567623615264892578e+00,2.817171335220336914e+00
-2.807009220123291016e+00,1.542705416679382324e+00
-1.904750108718872070e+00,5.104791164398193359e+00
-1.270441412925720215e+00,3.662450551986694336e+00
-1.684502363204956055e+00,4.823321819305419922e+00
-1.940997838973999023e+00,4.068797826766967773e-01
-2.920630455017089844e+00,1.768689870834350586e+00
-2.534645795822143555e+00,2.530586719512939453e+00
-1.087619185447692871e+00,9.376472234725952148e-01
-1.716283559799194336e+00,4.874308586120605469e+00
-2.285842895507812500e+00,1.816489100456237793e-01
-2.047438859939575195e+00,9.011521339416503906e-01
-2.456775188446044922e+00,-1.271741986274719238e-01
-6.768426299095153809e-01,1.733997762203216553e-01
-2.041417360305786133e+00,1.519290208816528320e+00
-3.960890531539916992e+00,2.111946046352386475e-01
-2.336370706558227539e+00,1.306469321250915527e+00
-3.641934156417846680e+00,4.812824130058288574e-01
-2.416420936584472656e+00,3.372620940208435059e-01
-1.737834572792053223e+00,7.539417743682861328e-01
-2.866215944290161133e+00,2.689910411834716797e+00
-1.158096432685852051e+00,8.330676555633544922e-01
-1.294205307960510254e+00,5.442878723144531250e+00
-3.073937177658081055e+00,1.820754051208496094e+00
-7.314425706863403320e-02,3.205781459808349609e+00
-6.031517982482910156e-01,5.546046495437622070e-01
-2.864612579345703125e+00,1.635111808776855469e+00
-6.809754371643066406e+00,2.306998074054718018e-01
-2.265297174453735352e+00,2.397953271865844727e-01
-5.841473579406738281e+00,3.237206339836120605e-01
-2.002569913864135742e+00,3.123468160629272461e-01
-2.055487871170043945e+00,2.823843359947204590e-01
-1.870030164718627930e+00,2.426891922950744629e-01
-1.036386847496032715e+00,3.591020345687866211e+00
-3.354106903076171875e+00,4.024176001548767090e-01
-6.395500659942626953e+00,-1.264985799789428711e-01
-3.845965147018432617e+00,4.278683662414550781e+00
-3.909269571304321289e-01,9.820075035095214844e-01
-6.030686855316162109e+00,4.356572031974792480e-01
-2.922476768493652344e+00,1.756377220153808594e+00
-1.805229544639587402e+00,1.358511090278625488e+00
-1.326472520828247070e+00,1.249760866165161133e+00
-1.929705142974853516e+00,5.279163360595703125e+00
-2.104118347167968750e+00,1.915053009986877441e+00
-1.039828777313232422e+00,1.055926442146301270e+00
-1.252568960189819336e+00,1.299772024154663086e+00
-1.932154655456542969e+00,4.888232707977294922e+00
-1.143867015838623047e+00,4.052910804748535156e+00
-1.863302707672119141e+00,1.413541913032531738e+00
-7.149068713188171387e-01,5.196086764335632324e-01
-1.691724061965942383e+00,5.168965816497802734e+00
-2.693036794662475586e+00,4.644097685813903809e-01
-3.192334890365600586e+00,1.841011047363281250e+00
-2.671523571014404297e+00,1.529336333274841309e+00
-9.637424945831298828e-01,7.458570003509521484e-01
-2.137550830841064453e+00,1.525060534477233887e+00
-2.260950088500976562e+00,7.301222085952758789e-01
7.819140702486038208e-02,3.553450584411621094e+00
-1.299231410026550293e+00,6.305238008499145508e-01
-1.891915917396545410e+00,7.502585649490356445e-01
-1.736134409904479980e+00,1.531377792358398438e+00
-1.571537375450134277e+00,4.557076930999755859e+00
-2.763261079788208008e+00,1.615158915519714355e-01
-2.091203927993774414e+00,6.890064477920532227e-01
-2.036638021469116211e+00,2.100260257720947266e+00
-1.962627530097961426e+00,3.098370432853698730e-01
-1.427419424057006836e+00,1.120264172554016113e+00
-3.053092956542968750e+00,1.747583389282226562e+00
-2.679337501525878906e+00,6.546941995620727539e-01
-1.674264550209045410e+00,6.042745113372802734e-01
-2.257251501083374023e+00,3.587514460086822510e-01
-8.291363716125488281e-01,-3.137361109256744385e-01
-7.109630703926086426e-01,4.466840922832489014e-01
9.022805839776992798e-02,3.206429004669189453e+00
-1.402073621749877930e+00,1.010856151580810547e+00
-2.064125299453735352e+00,-7.755286991596221924e-02
-4.443999767303466797e+00,1.103162318468093872e-01
-2.813617229461669922e+00,6.332559883594512939e-02
-4.379637539386749268e-01,3.810878038406372070e+00
3.152229189872741699e-01,6.297991275787353516e-01
-1.328479886054992676e+00,1.216950774192810059e+00
-3.012202024459838867e+00,4.957520067691802979e-01
-2.715181350708007812e+00,1.629257678985595703e+00
-3.724926233291625977e+00,5.367623329162597656e+00
-2.839965581893920898e+00,7.098964452743530273e-01
-1.861292600631713867e+00,5.125302314758300781e+00
-2.075151443481445312e+00,5.197193145751953125e+00
-2.814508676528930664e+00,3.325957804918289185e-02
-1.312608003616333008e+00,3.350548744201660156e+00
-1.813262939453125000e+00,2.464524209499359131e-01
-3.301720857620239258e+00,3.106267154216766357e-01
-2.817978143692016602e+00,1.584725618362426758e+00
-2.634425401687622070e+00,4.200844287872314453e+00
-1.721126079559326172e+00,5.292320847511291504e-01
-2.548308372497558594e+00,5.049999952316284180e-01
-2.584754467010498047e+00,4.755035936832427979e-01
-3.402447223663330078e+00,2.628470063209533691e-01
-1.738392114639282227e+00,4.407604038715362549e-01
-2.141507863998413086e+00,1.363038420677185059e+00
-3.209008455276489258e+00,1.854705214500427246e+00
-2.820872068405151367e+00,4.310342669486999512e-02
-1.050659939646720886e-01,5.126099586486816406e-01
-1.313042998313903809e+00,3.285944700241088867e+00
-2.170895099639892578e+00,4.955143630504608154e-01
-1.977055907249450684e+00,1.811366915702819824e+00
-2.741544246673583984e+00,-2.648605406284332275e-01
-4.730885028839111328e+00,2.675951242446899414e+00
-1.801865339279174805e+00,4.963880062103271484e+00
-5.400184988975524902e-01,4.065005779266357422e-01
-1.773750901222229004e+00,2.478020191192626953e-01
-1.869467854499816895e+00,2.431121349334716797e+00
-2.010212659835815430e+00,2.172872722148895264e-01
-4.880863428115844727e-01,4.928724288940429688e+00
-4.132465839385986328e+00,-1.659048348665237427e-02
-8.435018539428710938e+00,3.131331205368041992e-01
-1.222188949584960938e+00,5.576300144195556641e+00
-2.489402294158935547e+00,3.731678724288940430e-01
-1.714727282524108887e+00,4.925431609153747559e-01
-1.873112797737121582e+00,7.971218824386596680e-01
-1.182319045066833496e+00,4.146898269653320312e+00
-2.646560668945312500e+00,-2.865796387195587158e-01
-1.971453666687011719e+00,1.618453383445739746e+00
-3.201478123664855957e-01,4.802908897399902344e+00
-2.436447381973266602e+00,7.304850816726684570e-01
-1.359828662872314453e+01,5.366737395524978638e-02
-2.909421682357788086e+00,4.354995787143707275e-01
-1.873112797737121582e+00,7.971218824386596680e-01
-5.187433719635009766e+00,3.434672594070434570e+00
-1.598888158798217773e+00,4.580501616001129150e-01
-1.475367307662963867e+00,7.953808307647705078e-01
-3.601161718368530273e+00,4.787914156913757324e-01
-3.447687625885009766e+00,-2.025447487831115723e-01
-8.008941411972045898e-01,4.689790248870849609e+00
-1.738847374916076660e+00,8.248113393783569336e-01
-1.333307504653930664e+00,3.378652811050415039e+00
-2.988578319549560547e+00,1.869848251342773438e+00
-1.445469856262207031e+00,5.184365510940551758e-01
4.745420068502426147e-02,3.569146633148193359e+00
-3.452147543430328369e-01,4.385372996330261230e-01
-3.482698202133178711e+00,2.289838939905166626e-01
-2.299103975296020508e+00,1.489153027534484863e+00
-2.272608995437622070e+00,1.643235683441162109e-01
-2.999242544174194336e+00,2.834917902946472168e-01
-1.712108731269836426e+00,4.488781690597534180e-01
-1.596388578414916992e+00,4.305250644683837891e-01
-2.714490413665771484e+00,3.662704527378082275e-01
-2.030741691589355469e+00,5.356909275054931641e+00
-1.181582093238830566e+00,3.791754245758056641e+00
-4.891953468322753906e+00,-2.947449684143066406e-01
-9.994861483573913574e-01,3.029825687408447266e-01
-1.918008565902709961e+00,5.023097991943359375e-01
-7.336787700653076172e+00,-1.177080422639846802e-01
-1.015651226043701172e+01,-2.570963203907012939e-01
-6.444056034088134766e-01,8.287663459777832031e-01
-4.408713340759277344e+00,2.618038654327392578e-01
-1.250125503540039062e+01,1.692484915256500244e-01
-8.477399349212646484e-01,1.913895606994628906e-01
-5.380821228027343750e+00,2.608024179935455322e-01
-6.586719036102294922e+00,4.544557094573974609e+00
-9.888775944709777832e-01,3.474908351898193359e+00
-3.612000942230224609e+00,5.289797782897949219e-01
-1.602383494377136230e+00,1.364551186561584473e+00
-2.664713144302368164e+00,6.577666997909545898e-01
-2.404106378555297852e+00,7.150297611951828003e-02
-1.194635486602783203e+01,-6.101086735725402832e-02
-1.599268436431884766e+00,2.712669372558593750e-01
-2.095085859298706055e+00,3.166904449462890625e-01
-2.452548980712890625e+00,2.438806742429733276e-01
-4.327309608459472656e+00,3.520733416080474854e-01
-1.948441386222839355e+00,2.089422464370727539e+00
3.289615809917449951e-01,4.591325283050537109e+00
-1.484506368637084961e+00,5.210895538330078125e-01
-1.637582182884216309e+00,4.080484390258789062e+00
-2.726170301437377930e+00,1.657239198684692383e+00
-2.882256984710693359e+00,1.682756781578063965e+00
-2.925747394561767578e+00,1.728942513465881348e+00
-1.015651226043701172e+01,-2.570963203907012939e-01
-1.598888158798217773e+00,4.580501616001129150e-01
-3.288949728012084961e+00,1.908005237579345703e+00
-2.278036594390869141e+00,3.355221152305603027e-01
-1.989669919013977051e+00,1.237485766410827637e+00
-9.478881955146789551e-01,1.102675914764404297e+00
1.434670984745025635e-01,3.637538909912109375e+00
-6.983872413635253906e+00,2.925859093666076660e-01
-2.130707740783691406e+00,2.405253201723098755e-01
-2.432779073715209961e+00,3.729223608970642090e-01
-8.099914789199829102e-01,1.039308667182922363e+00
-9.123922586441040039e-01,4.478857219219207764e-01
-1.729378461837768555e+00,5.002044200897216797e+00
-7.617766261100769043e-01,5.810365200042724609e+00
-1.310747981071472168e+00,5.445075035095214844e-01
-2.834840059280395508e+00,1.645188689231872559e+00
-2.413767576217651367e+00,9.662196040153503418e-02
-2.064125299453735352e+00,-7.755286991596221924e-02
-1.031920719146728516e+01,5.031296238303184509e-02
-1.708152770996093750e+00,4.432506084442138672e+00
-1.861527442932128906e+00,1.068480968475341797e+00
-1.177368044853210449e+00,5.153409957885742188e+00
-1.576163291931152344e+00,5.150278806686401367e-01
-3.040162324905395508e+00,2.879940032958984375e+00
-1.312883138656616211e+00,4.352021217346191406e+00
-1.061743855476379395e+00,3.479428052902221680e+00
-2.342688322067260742e+00,2.948716878890991211e-01
-4.484508633613586426e-01,4.222458362579345703e+00
-1.589941978454589844e+00,1.174888134002685547e+00
-2.896083593368530273e+00,2.451237440109252930e+00
-1.017128825187683105e+00,4.506229400634765625e+00
-2.012981414794921875e+00,4.129001200199127197e-01
-5.001762390136718750e+00,4.480474889278411865e-01
-1.841136813163757324e+00,1.499665379524230957e+00
-7.265555262565612793e-01,4.239456176757812500e+00
-1.833309412002563477e+00,7.232697010040283203e-01
-1.365087628364562988e+00,3.237937211990356445e+00
-1.418769359588623047e+00,1.040638804435729980e+00
-1.763741374015808105e+00,1.610519886016845703e+00
-2.217606782913208008e+00,1.885060191154479980e+00
-2.137550830841064453e+00,1.525060534477233887e+00
-1.036386847496032715e+00,3.591020345687866211e+00
-2.348459482192993164e+00,-6.320980191230773926e-02
-2.350700616836547852e+00,2.397384166717529297e+00
-1.561776638031005859e+00,1.474887967109680176e+00
-3.314051330089569092e-01,4.472153663635253906e+00
-2.817657470703125000e+00,4.924085140228271484e-01
-1.675248622894287109e+00,2.889884948730468750e+00
-1.450192689895629883e+00,8.411139249801635742e-01
-8.976477384567260742e-01,3.111609458923339844e+00
3.289615809917449951e-01,4.591325283050537109e+00
-1.355397820472717285e+00,3.839614391326904297e+00
-1.533826112747192383e+00,2.380818128585815430e-01
-3.690549850463867188e+00,5.341905593872070312e+00
-1.489653468132019043e+00,3.298054695129394531e+00
-2.050019264221191406e+00,2.097171545028686523e+00
-4.095393657684326172e+00,2.177888005971908569e-01
-1.779490709304809570e-01,3.788250207901000977e+00
-2.262217998504638672e+00,2.511579394340515137e-01
-1.033870577812194824e+00,3.045448660850524902e-01
-2.471879720687866211e+00,2.177798300981521606e-01
-1.644284248352050781e+00,6.301466226577758789e-01
-9.841260910034179688e-01,3.549822866916656494e-01
-8.306978344917297363e-01,9.957693815231323242e-01
-2.712765693664550781e+00,1.609652400016784668e+00
-2.630759477615356445e+00,-2.949256002902984619e-01
-6.294470310211181641e+00,3.496379405260086060e-02
-6.501713395118713379e-01,5.015569210052490234e+00
-1.022416400909423828e+01,7.620692253112792969e-03
-2.740805387496948242e+00,1.657434225082397461e+00
-2.567623615264892578e+00,2.817171335220336914e+00
-3.079704999923706055e+00,5.286856889724731445e-01
-2.684976816177368164e+00,5.233629345893859863e-01
-1.949109792709350586e+00,2.834384441375732422e+00
-2.063398361206054688e+00,4.619336128234863281e+00
-3.209008455276489258e+00,1.854705214500427246e+00
-7.314425706863403320e-02,3.205781459808349609e+00
-3.090440511703491211e+00,3.221769630908966064e-02
-1.195763468742370605e+00,3.488520622253417969e+00
-3.204367399215698242e+00,1.915787220001220703e+00
-7.265534877777099609e+00,-1.124720573425292969e-01
-1.764551997184753418e+00,2.139804810285568237e-01
-2.985761165618896484e+00,1.862385153770446777e+00
-7.341074347496032715e-01,5.039414167404174805e-01
-1.240050315856933594e+00,6.981540918350219727e-01
-2.755387067794799805e+00,1.549297332763671875e+00
-2.690701961517333984e+00,5.479947328567504883e-01
-2.385330200195312500e+00,4.995058059692382812e+00
-1.595284223556518555e+00,4.963808059692382812e+00
-3.518278598785400391e-01,4.867836475372314453e+00
-3.195503234863281250e+00,3.596645891666412354e-01
-1.017128825187683105e+00,4.506229400634765625e+00
-3.350760459899902344e+00,4.563754796981811523e-01
-3.227664232254028320e+00,2.651250362396240234e+00
-1.773569226264953613e+00,1.439492940902709961e+00
-3.470082283020019531e+00,1.958127379417419434e+00
-6.501713395118713379e-01,5.015569210052490234e+00
-1.767561078071594238e+00,2.521894216537475586e+00
-9.755395650863647461e-01,3.162005424499511719e+00
-3.194071531295776367e+00,3.726563751697540283e-01
-1.384087562561035156e+00,3.296637058258056641e+00
-2.095085859298706055e+00,3.166904449462890625e-01
-6.548233509063720703e+00,2.028301358222961426e-01
-1.543750405311584473e+00,6.287462711334228516e-01
-1.958894491195678711e+00,1.671210229396820068e-01
-2.068221807479858398e+00,1.838465213775634766e+00
-2.358613729476928711e+00,3.877142906188964844e+00
-1.061743855476379395e+00,3.479428052902221680e+00
-2.756257772445678711e+00,1.704228878021240234e+00
-2.227554082870483398e+00,5.531975030899047852e-01
-1.589854836463928223e+00,1.172658920288085938e+00
-3.157948255538940430e+00,7.961490005254745483e-02
-7.828034162521362305e-01,3.931657075881958008e-01
-7.608994245529174805e-01,4.654335498809814453e+00
-2.815290927886962891e+00,1.515958666801452637e+00
-1.582871913909912109e+00,3.253683090209960938e+00
-2.051743268966674805e+00,1.280129194259643555e+00
-2.036606788635253906e+00,1.617390871047973633e+00
-2.126322031021118164e+00,3.010039329528808594e-01
3.533871471881866455e-01,4.505023479461669922e+00
-2.572599649429321289e+00,1.566520094871520996e+00
-1.080367684364318848e+00,4.297157287597656250e+00
-2.372237682342529297e+00,1.854026675224304199e+00
-1.620436191558837891e+00,5.767698287963867188e-01
-2.048725128173828125e+00,4.828578472137451172e+00
-2.027075290679931641e+00,5.372632026672363281e+00
-2.095180273056030273e+00,3.256909549236297607e-01
-1.675248622894287109e+00,2.889884948730468750e+00
-1.387696623802185059e+00,2.882606506347656250e+00
-1.131228685379028320e+00,3.449424505233764648e+00
-2.039741754531860352e+00,1.217282176017761230e+00
-1.006721615791320801e+00,3.243667840957641602e+00
-2.301626682281494141e+00,1.608033925294876099e-01
-2.122534513473510742e+00,2.811235189437866211e+00
-1.571396708488464355e+00,2.595827877521514893e-01
-2.482963562011718750e+00,1.900079131126403809e+00
1.273415386676788330e-01,3.679670095443725586e-01
-2.508755445480346680e+00,1.597057819366455078e+00
-6.141920566558837891e+00,6.661443412303924561e-02
-3.096832513809204102e+00,1.829220771789550781e+00
-1.708152770996093750e+00,4.432506084442138672e+00
-1.755006670951843262e+00,1.649849653244018555e+00
-1.881398439407348633e+00,6.099158525466918945e-01
-2.420219659805297852e+00,2.927318811416625977e-01
-6.512076377868652344e+00,3.472013026475906372e-02
-1.561776638031005859e+00,1.474887967109680176e+00
-1.733143448829650879e+00,1.334032416343688965e+00
1.148659810423851013e-01,3.612384080886840820e+00
-2.158808946609497070e+00,7.361356914043426514e-02
-2.089382886886596680e+00,5.181678771972656250e+00
-2.076742410659790039e+00,1.304214000701904297e+00
-3.208947181701660156e+00,4.781213104724884033e-01
-1.720407247543334961e+00,3.579843759536743164e+00
-2.881212949752807617e+00,1.691138505935668945e+00
-1.995703220367431641e+00,1.858051538467407227e+00
-2.880794525146484375e+00,1.951364874839782715e+00
-2.240727901458740234e+00,1.910191476345062256e-01
-1.250890135765075684e+00,1.090495347976684570e+00
-2.488725185394287109e+00,2.548134803771972656e+00
-2.949299335479736328e+00,1.539470791816711426e+00
-1.298740983009338379e+00,1.224111080169677734e+00
-2.938323497772216797e+00,2.659416198730468750e-01
-2.562838077545166016e+00,2.771837472915649414e+00
-1.984290003776550293e+00,5.209680080413818359e+00
-1.910848855972290039e+00,5.036531925201416016e+00
-4.171792984008789062e+00,1.540839821100234985e-01
-3.108940124511718750e+00,1.846010565757751465e+00
-2.982516765594482422e+00,2.240030288696289062e+00
-3.093533515930175781e+00,5.449067354202270508e-01
-2.718415260314941406e+00,-8.035735785961151123e-02
-1.529225707054138184e+00,1.286222696304321289e+00
-4.603532850742340088e-01,4.974143981933593750e+00
-2.420219659805297852e+00,2.927318811416625977e-01
-2.595511913299560547e+00,1.568436145782470703e+00
-2.525608301162719727e+00,1.863207578659057617e+00
-2.453913927078247070e+00,1.751334309577941895e+00
-3.129457712173461914e+00,6.037163734436035156e-01
-2.339459419250488281e+00,1.332832276821136475e-01
-4.194065093994140625e+00,2.495458126068115234e+00
-1.337925672531127930e+00,1.154067516326904297e+00
-4.408713340759277344e+00,2.618038654327392578e-01
-3.034605264663696289e+00,1.695285320281982422e+00
-3.066662073135375977e+00,3.303387463092803955e-01
-3.087572097778320312e+00,1.899870634078979492e+00
-1.288478612899780273e+00,1.221452713012695312e+00
-1.014093208312988281e+01,-3.975146412849426270e-01
-2.925747394561767578e+00,1.728942513465881348e+00
-2.717583179473876953e+00,1.875827014446258545e-01
-2.482108354568481445e+00,1.413622736930847168e+00
-1.427205562591552734e+00,3.384427309036254883e+00
-1.078577160835266113e+00,1.197066307067871094e+00
-2.715181350708007812e+00,1.629257678985595703e+00
-1.664699316024780273e+00,1.424350380897521973e+00
-1.666010022163391113e+00,1.296894431114196777e+00
-2.202241182327270508e+00,5.831152200698852539e-02
-1.577054023742675781e+00,1.207385659217834473e+00
-1.288508653640747070e+00,1.087063789367675781e+00
-2.486473560333251953e+00,1.557517886161804199e+00
-1.661327481269836426e+00,5.399086475372314453e-01
-1.655448913574218750e+00,3.982432186603546143e-01
-2.339905023574829102e+00,1.652170300483703613e+00
-1.125109195709228516e+00,9.233971834182739258e-01
-1.977055907249450684e+00,1.811366915702819824e+00
-2.158607244491577148e+00,2.333525717258453369e-01
-2.015530347824096680e+00,8.335801362991333008e-01
-1.051764607429504395e+00,3.210191428661346436e-01
-2.525249481201171875e+00,6.953800916671752930e-01
-3.044477939605712891e+00,2.873064279556274414e+00
-8.058669567108154297e-01,4.632249355316162109e+00
-2.305347323417663574e-01,4.426621913909912109e+00
-2.440092563629150391e+00,2.038534641265869141e+00
-1.172350978851318359e+01,-1.930075883865356445e-01
-3.295326232910156250e-01,4.487388134002685547e+00
-3.641934156417846680e+00,4.812824130058288574e-01
-2.548766613006591797e+00,2.319627046585083008e+00
-3.805077314376831055e+00,2.350253582000732422e+00
-2.068772792816162109e+00,4.996767997741699219e+00
-2.781285941600799561e-01,3.833870887756347656e+00
-3.880145311355590820e+00,-3.425677716732025146e-01
-3.157948255538940430e+00,7.961490005254745483e-02
-2.166859865188598633e+00,1.886609077453613281e+00
-1.830739498138427734e+00,-6.861749291419982910e-02
-2.024903774261474609e+00,4.295864999294281006e-01
-2.293980121612548828e+00,2.369383096694946289e+00
-1.237411379814147949e+00,4.458114206790924072e-01
-1.918022751808166504e+00,1.511499524116516113e+00
-8.648009300231933594e+00,-1.517555862665176392e-02
-2.119892120361328125e+00,3.136282563209533691e-01
-1.904473185539245605e+00,4.786764681339263916e-01
-6.777060031890869141e-01,4.564217329025268555e-01
-1.315399765968322754e+00,1.081740498542785645e+00
-3.116658210754394531e+00,1.818831324577331543e+00
-1.842728614807128906e+00,5.116914749145507812e+00
-9.979749917984008789e-01,2.928158640861511230e-01
-1.316471815109252930e+00,1.008481383323669434e+00
-1.032501935958862305e+00,8.881456851959228516e-01
-1.620971083641052246e+00,2.909696698188781738e-01
-1.437512516975402832e+00,1.236392736434936523e+00
-1.908776760101318359e+00,1.498712182044982910e+00
-2.097651481628417969e+00,5.001298427581787109e+00
-2.339459419250488281e+00,1.332832276821136475e-01
-1.359588384628295898e+00,1.152705788612365723e+00
-8.400471806526184082e-01,7.058894634246826172e-01
-2.387118339538574219e+00,2.246990799903869629e-01
-7.767667770385742188e-01,4.129120349884033203e+00
-1.277481198310852051e+00,3.644449234008789062e+00
-1.532037138938903809e+00,5.890030264854431152e-01
-2.749688863754272461e+00,4.566156268119812012e-01
-1.250861048698425293e+00,4.134396076202392578e+00
-2.333371162414550781e+00,5.099435448646545410e-01
-3.278732299804687500e+00,5.156108736991882324e-01
-2.845347166061401367e+00,1.642309665679931641e+00
-3.471197843551635742e+00,1.963795721530914307e-01
-1.975923895835876465e+00,5.167298316955566406e+00
-1.650231242179870605e+00,1.486647963523864746e+00
-1.494493603706359863e+00,5.905088186264038086e-01
-5.667411804199218750e+00,2.638099789619445801e-01
-1.244974493980407715e+00,1.327332258224487305e+00
-7.786751389503479004e-01,4.559081196784973145e-01
-1.104309082031250000e+00,7.197043895721435547e-01
-2.453913927078247070e+00,1.751334309577941895e+00
-8.353943824768066406e-01,1.125987529754638672e+00
-8.890035152435302734e-01,8.858338594436645508e-01
-1.437031149864196777e+00,-3.663361072540283203e-02
-7.892502307891845703e+00,-2.152610719203948975e-01
-4.083285808563232422e+00,1.616824418306350708e-01
-2.697913169860839844e+00,2.480967760086059570e+00
-2.363547801971435547e+00,-9.211567044258117676e-02
-1.075516223907470703e+00,3.111827611923217773e+00
-1.932604193687438965e+00,5.133340954780578613e-01
-1.248539328575134277e+00,4.419066905975341797e-01
-6.180523395538330078e+00,-1.648043692111968994e-01
-3.583891630172729492e+00,5.137457847595214844e-01
-2.095180273056030273e+00,3.256909549236297607e-01
-1.934430360794067383e+00,3.729784488677978516e-01
-2.334350109100341797e+00,1.551392436027526855e+00
-1.061685442924499512e+00,1.048720240592956543e+00
-2.381139516830444336e+00,1.874159216880798340e+00
-1.897964179515838623e-01,5.003583431243896484e+00
-1.850026726722717285e+00,5.062417030334472656e+00
-1.018586254119873047e+01,8.182469010353088379e-02
-2.130707740783691406e+00,2.405253201723098755e-01
-6.548233509063720703e+00,2.028301358222961426e-01
-1.869467854499816895e+00,2.431121349334716797e+00
-1.181955456733703613e+00,5.758280754089355469e-01
-6.635587692260742188e+00,4.414688110351562500e+00
-5.600893020629882812e+00,1.130138933658599854e-01
-1.072132396697998047e+01,3.066686540842056274e-02
-2.882144689559936523e+00,1.691360950469970703e+00
-2.895886421203613281e+00,5.357865691184997559e-01
-2.041417360305786133e+00,1.519290208816528320e+00
-2.618043422698974609e+00,5.178992748260498047e-01
-2.271081924438476562e+00,1.873642206192016602e-01
-3.130054950714111328e+00,-8.455242216587066650e-02
-1.667861938476562500e+00,4.716830253601074219e+00
-1.305456161499023438e+00,5.038966655731201172e+00
-1.382507324218750000e+00,5.139631271362304688e+00
-1.930049061775207520e+00,2.190030366182327271e-01
-1.401923537254333496e+00,3.347590208053588867e+00
-2.523416280746459961e+00,1.690638065338134766e+00
-2.087578535079956055e+00,2.830826520919799805e+00
-2.515266180038452148e+00,1.456353902816772461e+00
-2.941719293594360352e+00,2.534033656120300293e-01
-3.257237911224365234e+00,5.048429965972900391e-01
-1.563450574874877930e+00,1.062175512313842773e+00
-1.908670306205749512e+00,1.715311557054519653e-01
-1.965652942657470703e+00,2.946133613586425781e-01
-3.114009857177734375e+00,6.383411884307861328e-01
-3.049984216690063477e+00,2.333096265792846680e+00
-3.478459358215332031e+00,-2.073989808559417725e-01
-2.781815528869628906e+00,1.742839097976684570e+00
-2.790140628814697266e+00,1.517147064208984375e+00
-1.305695295333862305e+00,4.442688941955566406e+00
-1.427764743566513062e-01,5.303296446800231934e-01
-6.567951440811157227e-01,6.501992940902709961e-01
-2.072889328002929688e+00,3.487285971641540527e-01
-2.707801818847656250e+00,3.924755156040191650e-01
-3.001428842544555664e+00,6.747148185968399048e-02
-1.974161148071289062e+00,5.099954128265380859e+00
-1.723513841629028320e+00,5.024445533752441406e+00
-1.862453222274780273e+00,1.502103924751281738e+00
-2.047438859939575195e+00,9.011521339416503906e-01
-1.975938200950622559e+00,7.024801969528198242e-01
-1.316930770874023438e+00,3.475437879562377930e+00
-1.765718698501586914e+00,1.460943698883056641e+00
-3.807806730270385742e+00,8.136566877365112305e-01
-1.255307793617248535e+00,4.703492820262908936e-01
-2.276225805282592773e+00,3.304217010736465454e-02
-1.171718358993530273e+00,9.973574876785278320e-01
-1.580148935317993164e+00,4.579188823699951172e+00
-1.438205361366271973e+00,2.556880950927734375e+00
-2.054339647293090820e+00,2.884790301322937012e-01
-9.868932962417602539e-01,5.011854171752929688e-01
-1.404789924621582031e+00,1.020357966423034668e+00
-1.256181120872497559e+00,1.095955014228820801e+00
-1.966980457305908203e+00,4.041215777397155762e-01
-2.397616624832153320e+00,1.730679571628570557e-01
-6.301517486572265625e-01,5.581571102142333984e+00
-2.430108070373535156e+00,-2.284459173679351807e-01
-4.450688838958740234e+00,3.999264240264892578e-01
6.710159182548522949e-01,4.057286739349365234e+00
-7.303084135055541992e-01,1.032175540924072266e+00
-3.078502893447875977e+00,2.728376150131225586e+00
-3.425987720489501953e+00,2.632519006729125977e-01
-1.870176196098327637e+00,1.417460560798645020e+00
-1.842073321342468262e+00,1.597809076309204102e+00
-9.142495393753051758e-01,4.469889402389526367e-01
-2.563088178634643555e+00,1.515646934509277344e+00
-1.070597290992736816e+00,3.699405670166015625e+00
-1.729615211486816406e+00,1.475279331207275391e-01
-1.329625129699707031e+00,6.238335371017456055e-01
-1.686560511589050293e+00,1.260684490203857422e+00
-4.001587867736816406e+00,2.039301991462707520e-01
-2.141507863998413086e+00,1.363038420677185059e+00
-2.222283601760864258e+00,3.986324369907379150e-01
-2.700642347335815430e+00,1.669678688049316406e+00
-3.351472854614257812e+00,4.382970631122589111e-01
-1.858424544334411621e+00,4.767810344696044922e+00
-9.522966146469116211e-01,1.149192214012145996e+00
-3.977773904800415039e+00,4.413477778434753418e-01
-3.288168907165527344e+00,1.150667220354080200e-01
-2.482963562011718750e+00,1.900079131126403809e+00
-1.870808005332946777e+00,4.327319622039794922e+00
-1.755006670951843262e+00,1.649849653244018555e+00
-2.023521423339843750e+00,4.272947788238525391e+00
-2.898472785949707031e+00,1.680292010307312012e+00
-4.594274044036865234e+00,-1.070612221956253052e-01
-1.189557790756225586e+00,4.138045907020568848e-01
-3.829163312911987305e+00,-3.322287499904632568e-01
-1.861527442932128906e+00,1.068480968475341797e+00
-1.829907894134521484e+00,7.238271236419677734e-01
-8.948993682861328125e-01,5.497214198112487793e-01
-2.118078470230102539e+00,-1.681668460369110107e-01
-2.266177654266357422e+00,8.610311746597290039e-01
-3.118765830993652344e+00,1.751630783081054688e+00
-8.468344688415527344e+00,5.252147316932678223e-01
-1.800016522407531738e+00,4.104315042495727539e-01
-2.296525001525878906e+00,1.517027616500854492e-01
-5.695189952850341797e+00,9.014535695314407349e-02
-2.566600561141967773e+00,1.565670251846313477e+00
-1.984933137893676758e+00,1.005531549453735352e-01
-2.467929601669311523e+00,2.660093784332275391e+00
-2.455327510833740234e+00,1.532216787338256836e+00
-1.711934685707092285e+00,1.244231820106506348e+00
-1.481328368186950684e+00,5.169861316680908203e+00
-2.214395999908447266e+00,1.263603866100311279e-01
-2.267249822616577148e+00,3.577445447444915771e-01
-6.777060031890869141e-01,4.564217329025268555e-01
-7.520952224731445312e-01,3.271886706352233887e-01
-7.769412994384765625e-01,3.726125955581665039e+00
-2.863516569137573242e+00,1.577766418457031250e+00
-2.456722736358642578e+00,-1.089835166931152344e-01
-1.906314253807067871e+00,5.050618171691894531e+00
-2.063253164291381836e+00,1.315469145774841309e+00
-1.010076403617858887e+00,1.054542183876037598e+00
-1.553410649299621582e+00,1.677410840988159180e+00
-3.848586797714233398e+00,1.495911329984664917e-01
-2.340219259262084961e+00,2.173178911209106445e+00
-1.324195623397827148e+00,1.250640511512756348e+00
-1.312608003616333008e+00,3.350548744201660156e+00
-1.305123686790466309e+00,1.001907110214233398e+00
-1.582871913909912109e+00,3.253683090209960938e+00
-2.126322031021118164e+00,3.010039329528808594e-01
-2.308042287826538086e+00,1.939149737358093262e+00
-1.394543766975402832e+00,5.365927696228027344e+00
-1.591484665870666504e+00,4.114820361137390137e-01
-8.159904479980468750e-01,7.421895265579223633e-01
-1.859750509262084961e+00,4.953772544860839844e+00
-2.577296733856201172e+00,1.413823485374450684e+00
-1.963173627853393555e+00,2.727059125900268555e-01
-1.615608572959899902e+00,4.902890205383300781e+00
-1.177368044853210449e+00,5.153409957885742188e+00
-2.388657093048095703e+00,1.916000247001647949e-01
-3.119390487670898438e+00,1.853151917457580566e+00
-2.205234050750732422e+00,4.795714914798736572e-01
-8.099914789199829102e-01,1.039308667182922363e+00
-2.779457271099090576e-01,4.915450572967529297e+00
-2.845913410186767578e+00,1.571822643280029297e+00
-1.497881174087524414e+00,2.942580461502075195e+00
-2.732845306396484375e+00,4.297038912773132324e-01
-2.603084087371826172e+00,1.579124808311462402e+00
-2.834987401962280273e+00,1.549956679344177246e+00
-2.582267522811889648e+00,1.601038575172424316e+00
-1.191129684448242188e+01,1.588277816772460938e-01
-2.721019744873046875e+00,3.678902685642242432e-01
-3.798966884613037109e+00,-7.333412766456604004e-02
-3.788855791091918945e+00,2.533324360847473145e-01
-4.221756935119628906e+00,-1.266447603702545166e-01
-2.302059888839721680e+00,5.180989503860473633e-01
-2.278411626815795898e+00,3.344343006610870361e-01
-3.533625602722167969e-01,4.755344390869140625e+00
-1.243103027343750000e+00,3.220593214035034180e+00
-2.248520404100418091e-01,5.893514156341552734e+00
-2.895886421203613281e+00,5.357865691184997559e-01
-2.380860567092895508e+00,2.961733937263488770e-01
-9.929343223571777344e+00,-4.890874028205871582e-02
1.234281882643699646e-01,3.736259937286376953e+00
-2.166599750518798828e+00,4.893787801265716553e-01
-9.406713843345642090e-01,3.771870434284210205e-01
-3.109420537948608398e+00,1.846749067306518555e+00
-4.838705956935882568e-01,3.582400679588317871e-01
-2.152417421340942383e+00,5.027656555175781250e-01
-1.300687193870544434e+00,3.382824897766113281e+00
-1.706057637929916382e-01,4.424258768558502197e-01
-8.912643790245056152e-01,1.008353233337402344e+00
-2.714490413665771484e+00,3.662704527378082275e-01
-2.224005937576293945e+00,5.143187046051025391e+00
-5.633510947227478027e-01,5.540525436401367188e+00
-1.183862209320068359e+00,4.075893402099609375e+00
-2.053607702255249023e+00,5.406321287155151367e-01
-1.525636553764343262e+00,6.785688400268554688e-01
-2.137848138809204102e+00,1.478174567222595215e+00
-1.812591075897216797e+00,-7.929645478725433350e-02
-3.636745691299438477e+00,2.233835220336914062e+00
-2.722027063369750977e+00,3.427537083625793457e-01
-1.969105362892150879e+00,2.839322090148925781e-01
-1.617237806320190430e+00,4.867104053497314453e+00
-1.605840563774108887e+00,1.509574055671691895e+00
-8.442148208618164062e+00,1.088888943195343018e-01
-1.901653289794921875e+00,2.833525836467742920e-01
-1.791786551475524902e+00,4.314709603786468506e-01
-2.393868923187255859e+00,1.907708048820495605e-01
-2.724042415618896484e+00,1.612939238548278809e+00
-2.698066711425781250e+00,9.137954562902450562e-02
-1.425893425941467285e+00,3.389762163162231445e+00
-2.442320823669433594e+00,1.784901976585388184e+00
-1.030855417251586914e+00,1.096986413002014160e+00
-5.633510947227478027e-01,5.540525436401367188e+00
-2.064415216445922852e+00,3.317320108413696289e+00
-1.196374058723449707e+00,4.213792681694030762e-01
-2.148978471755981445e+00,7.306228578090667725e-02
-2.534917354583740234e+00,1.488727211952209473e+00
-9.789276123046875000e-01,4.397970438003540039e-01
-1.440112590789794922e+00,3.536577820777893066e-01
-1.578457593917846680e+00,5.973095893859863281e-01
-1.330147266387939453e+00,5.133232593536376953e+00
-3.002617835998535156e+00,2.778913080692291260e-01
-1.929240822792053223e+00,5.183495044708251953e+00
-4.684252262115478516e+00,4.312111437320709229e-01
-2.458415985107421875e+00,3.068130493164062500e+00
-2.321092605590820312e+00,4.226616024971008301e-01
-1.720598101615905762e+00,7.248812913894653320e-01
-1.420692920684814453e+00,1.031243443489074707e+00
-4.029914855957031250e+00,2.540622472763061523e+00
-1.217429876327514648e+00,3.635162115097045898e+00
-1.893275856971740723e+00,2.984453439712524414e-01
-2.453981161117553711e+00,5.560234189033508301e-01
-3.373671054840087891e+00,4.693822190165519714e-02
-1.716283559799194336e+00,4.874308586120605469e+00
-8.048363327980041504e-01,4.448410987854003906e+00
-2.344976425170898438e+00,-9.209735691547393799e-02
-7.750965356826782227e-01,3.912350893020629883e+00
-2.147733211517333984e+00,2.423797845840454102e+00
-1.573621273040771484e+00,8.361582756042480469e-01
-1.236612319946289062e+00,4.226343929767608643e-01
-1.573899388313293457e+00,5.039877891540527344e+00
-1.202521324157714844e+00,1.047431826591491699e+00
-1.384087562561035156e+00,3.296637058258056641e+00
-6.635587692260742188e+00,4.414688110351562500e+00
-1.429857492446899414e+00,8.518544435501098633e-01
-2.319945335388183594e+00,1.242694377899169922e+00
-1.864879369735717773e+00,2.697248458862304688e-01
-2.508755445480346680e+00,1.597057819366455078e+00
-1.868155598640441895e+00,3.010111451148986816e-01
-1.912709712982177734e+00,1.635414719581604004e+00
-1.984743118286132812e+00,4.639109671115875244e-01
-3.472437381744384766e+00,3.426191806793212891e-01
-2.431682586669921875e+00,2.014920473098754883e+00
-2.264802694320678711e+00,5.564543247222900391e+00
-1.172212958335876465e+00,4.552006721496582031e+00
-2.094498872756958008e+00,5.605689287185668945e-01
-4.179220676422119141e+00,2.060871422290802002e-01
-2.199640512466430664e+00,1.872076869010925293e+00
-2.594575643539428711e+00,1.566520452499389648e+00
-3.043940544128417969e+00,4.901475608348846436e-01
-3.827669382095336914e+00,2.378513574600219727e+00
-1.101739287376403809e+00,1.226493120193481445e+00
-3.274135351181030273e+00,5.796844959259033203e-01
-6.312420845031738281e+00,-1.441048830747604370e-01
-2.953909397125244141e+00,1.729599118232727051e+00
-2.767806768417358398e+00,1.834765672683715820e-01
-3.222757577896118164e+00,2.630749702453613281e+00
-2.688410043716430664e+00,2.753285765647888184e-01
-2.532407760620117188e+00,1.182435601949691772e-01
-1.592726945877075195e+00,5.493354201316833496e-01
-2.134177684783935547e+00,2.305901348590850830e-01
-1.642420053482055664e+00,1.449708461761474609e+00
-3.450977087020874023e+00,3.115132749080657959e-01
-2.995633125305175781e+00,2.262850522994995117e+00
-1.706057637929916382e-01,4.424258768558502197e-01
-9.622191190719604492e-01,6.172027587890625000e-01
-2.880228996276855469e+00,4.790525436401367188e+00
-1.458340287208557129e+00,2.966386318206787109e+00
-2.057681560516357422e+00,3.469345569610595703e-01
-3.119390487670898438e+00,1.853151917457580566e+00
-2.541860580444335938e+00,2.519507884979248047e+00
-1.315546870231628418e+00,9.809832572937011719e-01
-8.767210245132446289e-01,1.018434166908264160e+00
-1.564961552619934082e+00,2.222020626068115234e-01
-6.444056034088134766e-01,8.287663459777832031e-01
-4.023705482482910156e+00,2.138780951499938965e-01
-1.769248723983764648e+00,2.568619966506958008e+00
-2.084639072418212891e+00,2.570783495903015137e-01
-1.246756076812744141e+00,3.191177129745483398e+00
-8.723494529724121094e+00,9.125547111034393311e-02
-1.162295937538146973e+00,3.444947600364685059e-01
-2.618043422698974609e+00,5.178992748260498047e-01
-3.636745691299438477e+00,2.233835220336914062e+00
-2.874803781509399414e+00,1.679095864295959473e+00
-4.508474826812744141e+00,5.640985488891601562e+00
-2.653439998626708984e+00,3.080543518066406250e+00
-3.424936294555664062e+00,1.050719246268272400e-01
-1.842728614807128906e+00,5.116914749145507812e+00
-1.985526442527770996e+00,9.304679930210113525e-02
-1.701567888259887695e+00,1.200081944465637207e+00
-7.151407003402709961e-01,2.553128600120544434e-01
-1.293482661247253418e+00,1.066452980041503906e+00
7.918039709329605103e-02,3.171510696411132812e+00
-2.430646657943725586e+00,1.639862298965454102e+00
-2.534917354583740234e+00,1.488727211952209473e+00
-4.185546934604644775e-01,3.542139828205108643e-01
-3.470082283020019531e+00,1.958127379417419434e+00
-1.289533495903015137e+00,1.151702404022216797e+00
-1.897567987442016602e+00,5.131131172180175781e+00
-2.257251501083374023e+00,3.587514460086822510e-01
-1.518852353096008301e+00,5.134843349456787109e+00
-2.463595867156982422e+00,4.503709077835083008e-02
-2.189706563949584961e+00,4.810435175895690918e-01
-3.279885053634643555e+00,2.593588531017303467e-01
-1.988663911819458008e+00,6.302990913391113281e-01
-2.066383600234985352e+00,1.492477178573608398e+00
-1.574889302253723145e+00,8.228396177291870117e-01
-9.637424945831298828e-01,7.458570003509521484e-01
-1.128985762596130371e+00,1.612578332424163818e-01
-1.647464156150817871e+00,1.392050147056579590e+00
-3.960890531539916992e+00,2.111946046352386475e-01
-5.759446620941162109e-01,3.265183568000793457e-01
-2.199640512466430664e+00,1.872076869010925293e+00
-1.574967980384826660e+00,4.982950985431671143e-01
-2.473274230957031250e+00,1.173395961523056030e-01
-1.848416805267333984e+00,4.930445671081542969e+00
-2.216164112091064453e+00,4.108699858188629150e-01
-2.170895099639892578e+00,4.955143630504608154e-01
-3.549595117568969727e+00,2.217169523239135742e+00
-2.493085861206054688e+00,5.285425186157226562e-01
-1.444055318832397461e+00,5.050098419189453125e+00
-1.779719233512878418e+00,1.304432511329650879e+00
-1.427205562591552734e+00,3.384427309036254883e+00
-9.880416393280029297e-01,1.171495914459228516e+00
-1.238418817520141602e+00,3.218667030334472656e+00
-3.279885053634643555e+00,2.593588531017303467e-01
-2.687999010086059570e+00,1.790946483612060547e+00
-2.678779602050781250e+00,5.760380029678344727e-01
-2.310415267944335938e+00,-2.850829958915710449e-01
-3.225771903991699219e+00,4.451386630535125732e-03
-1.541787505149841309e+00,3.908065557479858398e-01
-2.643868923187255859e+00,4.646991789340972900e-01
-2.572599649429321289e+00,1.566520094871520996e+00
-2.097784042358398438e+00,2.940392792224884033e-01
-1.898517251014709473e+00,5.105719566345214844e+00
-2.833827257156372070e+00,1.587683200836181641e+00
-1.616188168525695801e+00,3.898833274841308594e+00
-2.456722736358642578e+00,-1.089835166931152344e-01
-1.012442350387573242e+00,3.440265893936157227e+00
-1.118017792701721191e+00,3.696299076080322266e+00
-1.553410649299621582e+00,1.677410840988159180e+00
-1.230995059013366699e+00,1.199205398559570312e+00
-2.751126050949096680e+00,2.167249202728271484e+00
-1.625887036323547363e+00,7.339994907379150391e-01
-4.749986648559570312e+00,-7.139967679977416992e-01
