-1.202688813209533691e+00,-7.923228144645690918e-01
-1.361955046653747559e+00,-6.153948903083801270e-01
9.144629240036010742e-01,-2.669257819652557373e-01
1.099296331405639648e+00,-3.989876806735992432e-01
-1.584895849227905273e-01,-8.339610099792480469e-01
1.053595185279846191e+00,-1.795435547828674316e-01
-7.681113481521606445e-01,8.399785757064819336e-01
-5.312807857990264893e-03,7.339599132537841797e-01
5.127121210098266602e-01,-1.284475803375244141e+00
2.933746278285980225e-01,-1.664999723434448242e+00
9.988449215888977051e-01,-1.355618238449096680e-01
-2.160166740417480469e+00,-1.160445809364318848e+00
1.110469773411750793e-01,-1.213006898760795593e-01
-5.658170580863952637e-01,-2.295165061950683594e-01
9.123696684837341309e-01,-2.884215712547302246e-01
3.247346580028533936e-01,4.912667572498321533e-01
1.008266806602478027e+00,-2.826794385910034180e-01
3.680585324764251709e-01,1.274259388446807861e-01
-4.461696445941925049e-01,-6.923484802246093750e-01
-1.861998319625854492e+00,1.029804706573486328e+00
-3.405786305665969849e-02,-1.449119150638580322e-01
-1.530172705650329590e+00,-9.716949462890625000e-01
-1.982612311840057373e-01,2.862602174282073975e-01
5.827558040618896484e-01,-1.378056049346923828e+00
-1.987598180770874023e+00,2.776012420654296875e-01
-8.295959830284118652e-01,4.272885799407958984e+00
-1.760834932327270508e+00,-1.102514266967773438e+00
9.624764323234558105e-01,-1.398655474185943604e-01
1.601911485195159912e-01,3.228156864643096924e-01
-3.356963396072387695e-01,-4.335041642189025879e-01
-7.099087238311767578e-01,-1.039262562990188599e-01
2.680572986602783203e+00,-3.416659533977508545e-01
-3.417030870914459229e-01,5.132870674133300781e-01
1.161136746406555176e+00,-4.466757923364639282e-02
-2.019539117813110352e+00,3.792552351951599121e-01
1.695558786392211914e+00,-3.372874855995178223e-01
-5.584268569946289062e-01,-2.966707646846771240e-01
4.885029792785644531e-01,6.253545880317687988e-01
-1.180746674537658691e+00,-1.643323183059692383e+00
-3.327098488807678223e-01,-4.788408279418945312e-01
-9.303323030471801758e-01,-1.295640110969543457e+00
9.510526061058044434e-01,-3.597848415374755859e-01
6.674124598503112793e-01,1.994332432746887207e+00
-1.191107869148254395e+00,-1.854775190353393555e+00
-2.458050251007080078e-01,3.320485353469848633e-01
-4.385606765747070312e+00,3.980126082897186279e-01
-4.543117582798004150e-01,-2.187889218330383301e-01
-1.300030827522277832e+00,1.166690111160278320e+00
9.249946475028991699e-02,-2.114867448806762695e+00
-1.170395851135253906e+00,6.716574430465698242e-01
-6.304320693016052246e-01,-1.589982807636260986e-01
-5.765006542205810547e-01,8.430966138839721680e-01
-1.168744325637817383e+00,-1.323547840118408203e+00
2.184561014175415039e+00,-4.238112270832061768e-01
-1.715982198715209961e+00,2.016454003751277924e-02
-7.679218053817749023e-01,-1.539237737655639648e+00
-7.063862681388854980e-01,-7.015950083732604980e-01
-8.061240315437316895e-01,-6.230151653289794922e-01
2.401283383369445801e-01,-4.953351914882659912e-01
-1.735596060752868652e+00,-6.955763697624206543e-01
3.292075097560882568e-01,4.982436895370483398e-01
-1.207120895385742188e+00,2.795565128326416016e-01
7.697049379348754883e-01,-4.393848478794097900e-01
1.045089840888977051e+00,1.088023334741592407e-01
1.011135220527648926e+00,-6.050056219100952148e-01
-1.496027588844299316e+00,2.432272195816040039e+00
8.974161148071289062e-01,-4.278714954853057861e-02
-1.728445053100585938e+00,1.221968889236450195e+00
-3.737749338150024414e+00,-4.970358312129974365e-01
-7.200022339820861816e-01,5.160661339759826660e-01
-1.076549768447875977e+00,-1.174401044845581055e+00
-7.405369281768798828e-01,-5.091050863265991211e-01
-8.283737897872924805e-01,-6.662290096282958984e-01
5.260738730430603027e-01,-3.516103923320770264e-01
-9.303323030471801758e-01,-1.295640110969543457e+00
-1.226093649864196777e+00,-2.622992038726806641e+00
-8.059685826301574707e-01,8.772949129343032837e-02
1.005826473236083984e+00,-1.358613371849060059e-01
4.984765052795410156e-01,2.343038618564605713e-01
-9.827190637588500977e-01,-3.756501376628875732e-01
8.364128321409225464e-02,-1.408255100250244141e-01
-2.520238876342773438e+00,-2.443711519241333008e+00
1.711340785026550293e+00,-5.591880083084106445e-01
-1.213344931602478027e+00,-1.460892677307128906e+00
-1.039205193519592285e+00,9.842959642410278320e-01
9.375458955764770508e-01,3.404885530471801758e-03
2.727521955966949463e-01,4.106784462928771973e-01
2.241407930850982666e-01,-3.909335434436798096e-01
1.008500337600708008e+00,2.814753055572509766e-01
1.092433094978332520e+00,2.137706801295280457e-02
-2.261543750762939453e+00,7.858296036720275879e-01
-6.659573316574096680e-01,1.945676207542419434e-01
-6.307041645050048828e-01,4.306417703628540039e-01
-9.918894767761230469e-01,-9.425771236419677734e-02
-1.672983765602111816e-01,1.609760820865631104e-01
-2.999155521392822266e+00,4.385802268981933594e+00
-9.175511002540588379e-01,8.402428627014160156e-01
-1.723870038986206055e+00,-1.122676253318786621e+00
-1.565918087959289551e+00,-1.909754276275634766e+00
-1.224994659423828125e+00,1.022333383560180664e+00
4.169349968433380127e-01,-5.130411386489868164e-01
-1.683545589447021484e+00,-1.104959249496459961e+00
-2.420373439788818359e+00,3.037472248077392578e+00
-1.526908755302429199e+00,-1.549512863159179688e+00
6.195954978466033936e-02,-7.165543437004089355e-01
8.754896521568298340e-01,-2.224788665771484375e-01
-8.933156132698059082e-01,-4.926892220973968506e-01
-2.039502561092376709e-01,-1.094380140304565430e+00
-5.543606877326965332e-01,-6.097398400306701660e-01
3.683127164840698242e-01,5.055735111236572266e-01
-1.827466130256652832e+00,2.886083364486694336e+00
1.028855219483375549e-01,2.566546797752380371e-01
-8.543332815170288086e-01,3.578191101551055908e-01
-9.706814289093017578e-01,-2.391155481338500977e+00
-3.890189230442047119e-01,5.864734649658203125e-01
-1.597824811935424805e+00,2.236528992652893066e-01
6.653759628534317017e-02,-2.487578392028808594e-01
-1.983936309814453125e+00,-6.250521540641784668e-01
5.470961704850196838e-02,-2.732619941234588623e-01
-2.344895601272583008e+00,1.151207447052001953e+00
-2.411749362945556641e-01,-8.210922479629516602e-01
1.289334774017333984e+00,2.848760128021240234e+00
1.119820117950439453e+00,-3.455130010843276978e-02
-1.312436223030090332e+00,-1.931349635124206543e+00
1.574794948101043701e-01,2.974393405020236969e-02
-2.090027093887329102e+00,-1.259161829948425293e+00
2.588902115821838379e-01,3.053411543369293213e-01
1.334476619958877563e-01,-5.865903854370117188e+00
1.724621206521987915e-01,7.166239619255065918e-01
2.847766876220703125e-01,6.552969664335250854e-02
-1.836068511009216309e+00,-1.896827220916748047e+00
1.050077676773071289e+00,1.127984970808029175e-01
-1.220587730407714844e+00,-4.653112590312957764e-01
1.227521061897277832e+00,-1.138047456741333008e+00
-4.803824722766876221e-01,5.231113433837890625e-01
-2.306675910949707031e+00,2.115983486175537109e+00
7.482460141181945801e-01,-8.792359232902526855e-01
2.980679869651794434e-01,1.341164410114288330e-01
-1.893849492073059082e+00,-2.316943645477294922e+00
2.369730472564697266e+00,-4.920690953731536865e-01
9.431981444358825684e-01,-3.074676990509033203e-01
-1.039205193519592285e+00,9.842959642410278320e-01
6.012020707130432129e-01,1.411911964416503906e+00
4.976493418216705322e-01,-1.337055265903472900e-01
-1.116110920906066895e+00,3.690805435180664062e+00
9.510526061058044434e-01,-3.597848415374755859e-01
9.616845846176147461e-01,-6.216044425964355469e-01
9.988449215888977051e-01,-1.355618238449096680e-01
9.545345306396484375e-01,-2.754519283771514893e-01
-1.036615729331970215e+00,-8.032179474830627441e-01
-1.853179931640625000e+00,-1.167148232460021973e+00
6.063951849937438965e-01,-1.219907477498054504e-01
-9.754747897386550903e-02,3.994530141353607178e-01
-2.031863331794738770e-01,-3.544736802577972412e-01
9.683261513710021973e-01,-7.962378114461898804e-02
8.430725336074829102e-01,-4.000169038772583008e-01
-1.759852409362792969e+00,-3.204662501811981201e-01
1.699249982833862305e+00,-5.290896296501159668e-01
-2.078725576400756836e+00,1.192136526107788086e+00
-2.367380142211914062e+00,-8.596513867378234863e-01
-1.744919180870056152e+00,1.962803602218627930e+00
4.181330651044845581e-02,3.162173032760620117e-01
-1.335151195526123047e+00,-1.450145125389099121e+00
4.860673844814300537e-01,-9.012347459793090820e-02
7.306396961212158203e-01,-7.573113441467285156e-01
-1.296654045581817627e-01,3.087424337863922119e-01
-5.257527232170104980e-01,-6.399410367012023926e-01
9.528815746307373047e-01,-9.360226988792419434e-02
-2.089139699935913086e+00,-6.570590734481811523e-01
-3.043796867132186890e-02,4.046800613403320312e+00
7.625457048416137695e-01,-4.092337787151336670e-01
-1.723531007766723633e+00,4.165772795677185059e-01
-3.991696357727050781e+00,-2.121870040893554688e+00
-1.810043215751647949e+00,5.972384810447692871e-01
8.076573610305786133e-01,-3.719411492347717285e-01
-1.681375622749328613e+00,-2.751301527023315430e+00
9.227418899536132812e-01,2.107813358306884766e+00
-1.860910773277282715e+00,-1.657658696174621582e+00
5.260738730430603027e-01,-3.516103923320770264e-01
2.085831165313720703e-01,1.074031829833984375e+00
3.232647776603698730e-01,-1.076710596680641174e-01
1.018000960350036621e+00,8.807241171598434448e-02
-1.098616048693656921e-01,-1.287733763456344604e-02
-8.386220932006835938e-01,-5.553522706031799316e-01
1.023193836212158203e+00,2.600613832473754883e-01
2.088765382766723633e+00,-1.362791895866394043e+00
-2.694043219089508057e-01,-1.125482916831970215e+00
1.510677218437194824e+00,-8.270462751388549805e-01
7.871173620223999023e-01,-1.279772073030471802e-02
1.029870271682739258e+00,2.869577407836914062e-01
6.730589866638183594e-01,-5.951505899429321289e-01
-2.798112630844116211e-01,-9.628551602363586426e-01
-7.786071896553039551e-01,-5.080472230911254883e-01
-1.320605874061584473e+00,4.971030354499816895e-01
-1.320605874061584473e+00,4.971030354499816895e-01
1.763262987136840820e+00,-4.016193449497222900e-01
-1.096872329711914062e+00,-1.143173336982727051e+00
-1.583813905715942383e+00,-8.679034113883972168e-01
1.707889139652252197e-01,-5.294947028160095215e-01
-6.814076304435729980e-01,-1.319455027580261230e+00
-1.462455630302429199e+00,6.967872381210327148e-01
-6.985471397638320923e-02,5.371173620223999023e-01
1.014586567878723145e+00,-1.651749014854431152e-01
-2.046390533447265625e+00,2.444702625274658203e+00
1.540588736534118652e-01,4.071939289569854736e-01
-1.522328495979309082e+00,-3.787309527397155762e-01
8.802238702774047852e-01,-1.013035550713539124e-01
-4.444850981235504150e-01,-1.790262460708618164e+00
2.721805095672607422e+00,-5.428432822227478027e-01
1.168103218078613281e+00,1.436708331108093262e+00
6.700365543365478516e-01,1.738196909427642822e-01
4.642803966999053955e-01,4.168799519538879395e-02
-9.243438243865966797e-01,-5.923898220062255859e-01
-4.781350195407867432e-01,2.820593118667602539e-01
4.859647452831268311e-01,-6.306727528572082520e-01
-1.643450975418090820e+00,3.120315372943878174e-01
3.227400779724121094e-01,-3.823437094688415527e-01
-1.525110721588134766e+00,4.172789156436920166e-01
-9.492515325546264648e-01,2.570276856422424316e-01
-2.081812858581542969e+00,-1.464995026588439941e+00
-5.591332316398620605e-01,-2.009522438049316406e+00
6.871043145656585693e-02,2.814643979072570801e-01
4.650683403015136719e-01,-3.542291224002838135e-01
-2.138746023178100586e+00,1.503534674644470215e+00
-1.322239279747009277e+00,1.396251559257507324e+00
-6.197611093521118164e-01,-7.887111902236938477e-01
7.879841923713684082e-01,-3.371222615242004395e-01
4.953227341175079346e-01,4.025651931762695312e+00
3.451118469238281250e-01,-1.038132458925247192e-01
1.014823690056800842e-01,-7.215357571840286255e-02
6.423271298408508301e-01,-5.858343839645385742e-02
-1.571440219879150391e+00,-1.133364319801330566e+00
2.064632475376129150e-01,1.027595624327659607e-01
5.219106674194335938e-01,-9.870449900627136230e-01
3.004369139671325684e-01,4.037484228610992432e-01
4.605004191398620605e-01,1.099810898303985596e-01
-6.975793093442916870e-02,-9.727734327316284180e-02
-1.131366610527038574e+00,-7.377943396568298340e-01
8.699417114257812500e-01,1.868575811386108398e-01
3.685770928859710693e-01,1.032577008008956909e-01
5.118999481201171875e-01,7.422374486923217773e-01
1.055769324302673340e+00,8.588887751102447510e-02
7.432308197021484375e-01,1.509598195552825928e-01
-7.733902335166931152e-01,-1.118198394775390625e+00
9.612094759941101074e-01,-9.305151104927062988e-01
5.638396143913269043e-01,2.688350915908813477e+00
9.825479984283447266e-01,-8.181374520063400269e-03
-2.522887885570526123e-01,-4.992788732051849365e-01
1.793572187423706055e+00,-5.270801186561584473e-01
-5.508092641830444336e-01,-2.033989429473876953e+00
8.365675806999206543e-01,6.664414890110492706e-03
1.011703014373779297e+00,8.632285892963409424e-02
7.871173620223999023e-01,-1.279772073030471802e-02
-1.081824302673339844e-03,-1.918643832206726074e+00
-5.787544250488281250e-01,-2.038055896759033203e+00
9.790350198745727539e-01,-9.962611645460128784e-02
2.483276367187500000e+00,-1.541527867317199707e+00
3.749639689922332764e-01,2.132577896118164062e-01
1.090032219886779785e+00,-7.640542089939117432e-02
-1.651727080345153809e+00,1.883786916732788086e-01
-5.514707565307617188e-01,6.312296986579895020e-01
9.352733492851257324e-01,-2.819424271583557129e-01
-7.577185034751892090e-01,-1.373575329780578613e-01
1.034649610519409180e+00,-1.545737385749816895e-01
-3.357228040695190430e+00,2.114144563674926758e+00
4.131702482700347900e-01,-5.633317828178405762e-01
-1.752255856990814209e-01,-1.742842912673950195e+00
9.919610023498535156e-01,-7.579915225505828857e-02
-2.697268128395080566e-01,4.380293935537338257e-02
-6.962736845016479492e-01,-5.716177225112915039e-01
-2.460003614425659180e+00,-1.427169561386108398e+00
-1.191810742020606995e-01,-2.044224023818969727e+00
-1.910072445869445801e+00,-2.986926078796386719e+00
9.076783657073974609e-01,-8.743855357170104980e-02
-1.697478055953979492e+00,3.228814601898193359e-01
-3.911361098289489746e-01,-4.760091006755828857e-01
-3.706334590911865234e+00,-3.003036022186279297e+00
-7.157271504402160645e-01,7.122561335563659668e-01
1.070558786392211914e+00,2.376354038715362549e-01
4.642605781555175781e-01,-1.082099899649620056e-01
-2.092020213603973389e-01,-1.365780234336853027e+00
1.075531244277954102e+00,7.410901784896850586e-02
1.486808657646179199e-01,-1.565924167633056641e+00
-7.998336553573608398e-01,-1.306745409965515137e+00
-9.242366552352905273e-01,-9.519901871681213379e-01
-5.767500996589660645e-01,3.457236289978027344e-02
8.188868314027786255e-02,-1.521916985511779785e-01
-8.199065327644348145e-01,3.240371495485305786e-02
2.032367706298828125e+00,-3.247932493686676025e-01
7.785264849662780762e-01,-1.391482651233673096e-01
-1.733681082725524902e+00,-7.436609268188476562e-01
-1.285639762878417969e+00,3.659184873104095459e-01
-9.518712759017944336e-01,4.865998029708862305e-01
-2.711883306503295898e+00,1.019222378730773926e+00
1.050324559211730957e+00,-2.125243842601776123e-01
5.016008615493774414e-01,-7.738322615623474121e-01
-9.401785135269165039e-01,-6.337824463844299316e-01
-5.686045885086059570e-01,5.732279419898986816e-01
-2.157214641571044922e+00,-1.066833734512329102e+00
7.332955002784729004e-01,-1.098499655723571777e+00
-9.460278749465942383e-01,-1.616555809974670410e+00
4.342176020145416260e-03,2.955959141254425049e-01
-1.500863194465637207e+00,-1.623608946800231934e+00
8.367471098899841309e-01,-1.110227778553962708e-01
-8.233802914619445801e-01,-1.000719547271728516e+00
9.976567625999450684e-01,-7.314958423376083374e-02
-1.884782910346984863e+00,-2.959576845169067383e-01
1.992093399167060852e-02,-2.549029588699340820e-01
7.684787511825561523e-01,-4.530962705612182617e-01
4.166678488254547119e-01,-2.982381880283355713e-01
-4.054398834705352783e-01,-8.893540501594543457e-01
8.362752199172973633e-01,-4.207216203212738037e-01
9.203294515609741211e-01,-3.907436132431030273e-01
-3.459129571914672852e+00,9.881609678268432617e-01
9.800385832786560059e-01,-2.596630752086639404e-01
-3.816439509391784668e-01,2.300872802734375000e+00
-9.089935421943664551e-01,-1.507104039192199707e+00
8.328375965356826782e-02,-5.506573319435119629e-01
-8.215936422348022461e-01,-4.667625725269317627e-01
-1.322049498558044434e+00,1.216279625892639160e+00
-6.251431703567504883e-01,-4.778828024864196777e-01
-2.077343940734863281e+00,9.932176470756530762e-01
6.958043575286865234e-01,1.591829061508178711e-01
3.956426382064819336e-01,-2.167545080184936523e+00
-1.619390249252319336e-01,-1.553552627563476562e+00
-5.117824673652648926e-01,-8.093102574348449707e-01
9.248701930046081543e-01,-7.768833041191101074e-01
-1.878004312515258789e+00,1.018897414207458496e+00
-1.101382598280906677e-01,1.302701532840728760e-01
-6.439665555953979492e-01,8.371669650077819824e-01
-4.449152648448944092e-01,7.602300643920898438e-01
5.833086371421813965e-01,6.345528960227966309e-01
2.129693746566772461e+00,-3.301801085472106934e-01
-3.417030870914459229e-01,5.132870674133300781e-01
2.052910625934600830e-03,5.809558033943176270e-01
-1.203505635261535645e+00,-5.757173299789428711e-01
-1.433786392211914062e+00,1.692867398262023926e+00
9.828373789787292480e-01,-1.074431911110877991e-01
3.864800333976745605e-01,-1.160437941551208496e+00
5.584067106246948242e-01,-6.463599205017089844e-01
-2.707146406173706055e+00,5.180922508239746094e+00
1.102531909942626953e+00,2.254208624362945557e-01
7.388291507959365845e-02,-8.615652099251747131e-03
9.751343131065368652e-01,-1.430254876613616943e-01
8.871908783912658691e-01,-2.311961948871612549e-01
-1.773889362812042236e-01,-2.560296058654785156e+00
8.662093281745910645e-01,-3.964610397815704346e-01
1.803921937942504883e+00,2.596616744995117188e+00
-7.858089208602905273e-01,-9.940634369850158691e-01
1.523882150650024414e+00,-1.755532264709472656e+00
-1.654988050460815430e+00,3.816327154636383057e-01
3.930317759513854980e-01,-8.173656463623046875e-02
1.021584272384643555e+00,-6.518613100051879883e-01
-9.691715240478515625e-01,2.741884067654609680e-02
8.726504445075988770e-01,1.233185887336730957e+00
-2.174098968505859375e+00,2.545812368392944336e+00
-2.619348049163818359e+00,-4.425824284553527832e-01
5.240096151828765869e-02,-1.454773843288421631e-01
-4.278563857078552246e-01,-8.914784193038940430e-01
2.754747867584228516e-01,-2.352571249008178711e+00
-1.334808588027954102e+00,-1.706927299499511719e+00
-3.706334590911865234e+00,-3.003036022186279297e+00
1.891581714153289795e-02,-6.992675662040710449e-01
-7.113092392683029175e-02,-3.147011995315551758e-01
-1.177111387252807617e+00,-8.777378201484680176e-01
-1.727916240692138672e+00,1.818916797637939453e-01
1.056702136993408203e+00,-1.183397546410560608e-01
-7.534383535385131836e-01,-1.009496450424194336e+00
4.445893168449401855e-01,-4.201257824897766113e-01
5.931187868118286133e-01,1.259143203496932983e-01
1.194893121719360352e-01,2.414394140243530273e+00
-1.004740476608276367e+00,-2.216449081897735596e-01
7.388291507959365845e-02,-8.615652099251747131e-03
-1.266298770904541016e+00,-8.019033670425415039e-01
-1.120061755180358887e+00,1.436269521713256836e+00
-4.123838245868682861e-02,3.208488941192626953e+00
9.972580075263977051e-01,-5.800230056047439575e-02
-1.359652400016784668e+00,-6.056980490684509277e-01
6.313842535018920898e-01,2.035102546215057373e-01
3.457755148410797119e-01,1.070853620767593384e-01
-1.267927050590515137e+00,1.221830606460571289e+00
9.358744025230407715e-01,-6.742805242538452148e-02
3.174489498138427734e+00,-1.470579266548156738e+00
9.813769459724426270e-01,-1.614959537982940674e-01
1.011135220527648926e+00,-6.050056219100952148e-01
1.725859045982360840e-01,-4.015010967850685120e-02
1.015560626983642578e+00,2.275816798210144043e-01
1.005095720291137695e+00,-4.751699566841125488e-01
-1.206819534301757812e+00,-2.582817077636718750e-01
-1.121455907821655273e+00,-2.051262378692626953e+00
-1.920683264732360840e+00,-5.573886632919311523e-01
-3.786362648010253906e+00,-2.398833036422729492e+00
-1.802680015563964844e+00,3.397650122642517090e-01
6.069062352180480957e-01,-1.162736296653747559e+00
1.103143095970153809e+00,-6.406282782554626465e-01
-8.781344294548034668e-01,1.729520559310913086e-01
1.033128052949905396e-01,-2.054379880428314209e-01
-9.012210965156555176e-01,1.161040425300598145e+00
7.133121788501739502e-02,-1.331877410411834717e-01
-6.475641131401062012e-01,-3.809257149696350098e-01
9.366609454154968262e-01,-3.519696295261383057e-01
2.153238356113433838e-01,1.000386029481887817e-01
9.880219697952270508e-01,-1.233871653676033020e-01
1.225108504295349121e+00,2.332650899887084961e+00
-2.105266809463500977e+00,-6.974513828754425049e-02
9.683261513710021973e-01,-7.962378114461898804e-02
6.204724907875061035e-01,-2.544855475425720215e-01
-2.042956650257110596e-01,5.679665803909301758e-01
-1.578556895256042480e+00,1.933708786964416504e-01
1.313405513763427734e+00,-4.821104109287261963e-01
-9.435801506042480469e-01,-4.953583180904388428e-01
1.050324559211730957e+00,-2.125243842601776123e-01
-2.999155521392822266e+00,4.385802268981933594e+00
8.374170660972595215e-01,-3.609292507171630859e-01
-2.021132469177246094e+00,-3.546203374862670898e+00
1.422788798809051514e-01,7.879232764244079590e-01
-6.875747442245483398e-01,-6.350216865539550781e-01
-7.662716507911682129e-01,9.957464933395385742e-01
9.988926649093627930e-01,-2.269069552421569824e-01
5.368408560752868652e-01,3.909160494804382324e-01
9.555432796478271484e-01,-3.719809278845787048e-02
-3.419829130172729492e+00,-2.192776441574096680e+00
-7.287780195474624634e-02,1.403335332870483398e-01
2.759667336940765381e-01,1.915687322616577148e+00
-1.250616908073425293e+00,-2.463635444641113281e+00
1.420902132987976074e+00,-5.868508219718933105e-01
-6.256704777479171753e-02,-8.324530720710754395e-01
1.445809245109558105e+00,-2.520411014556884766e+00
3.600598275661468506e-01,-9.742685407400131226e-02
7.285301089286804199e-01,-2.985750675201416016e+00
1.759879589080810547e+00,-4.214936196804046631e-01
-1.557269573211669922e+00,2.571720480918884277e-01
-1.670016288757324219e+00,-6.609070301055908203e-01
9.406369328498840332e-01,-2.969849705696105957e-01
-1.019707098603248596e-01,-1.370249748229980469e+00
-1.143333911895751953e+00,-1.510724663734436035e+00
-2.375198841094970703e+00,3.258898854255676270e-01
-6.823817491531372070e-01,-6.002291440963745117e-01
9.896079897880554199e-01,-1.626045256853103638e-02
4.659353494644165039e-01,-4.743256866931915283e-01
2.822609186172485352e+00,-6.055617332458496094e-01
-3.146341085433959961e+00,1.312024831771850586e+00
1.088751077651977539e+00,-4.854609668254852295e-01
6.346312165260314941e-01,2.000282764434814453e+00
-1.532453656196594238e+00,1.285256892442703247e-01
-2.253501892089843750e+00,-1.426769614219665527e+00
1.003072619438171387e+00,-1.105385944247245789e-01
7.001628875732421875e-01,-3.841586709022521973e-01
2.119519472122192383e+00,-3.461680114269256592e-01
4.863899946212768555e-01,-1.053134426474571228e-01
3.494743630290031433e-02,-7.115027904510498047e-01
-6.862504482269287109e-01,-2.517904341220855713e-01
9.045982956886291504e-01,-1.067886114120483398e+00
4.445893168449401855e-01,-4.201257824897766113e-01
9.914779067039489746e-01,-1.902648806571960449e-02
1.146160721778869629e+00,3.072160482406616211e-01
-6.519219875335693359e-01,3.694045841693878174e-01
1.039376735687255859e+00,-2.375065684318542480e-01
-2.258949041366577148e+00,1.001303195953369141e+00
5.683578848838806152e-01,-2.039641141891479492e-01
-1.458249688148498535e+00,-1.079206705093383789e+00
1.023597955703735352e+00,-2.041970491409301758e-01
-2.119700670242309570e+00,-1.321082234382629395e+00
1.672444045543670654e-01,-1.182939335703849792e-01
3.397378623485565186e-01,2.109849750995635986e-01
1.593778133392333984e+00,-5.789149999618530273e-01
1.050299286842346191e+00,-1.657831072807312012e-01
9.893597960472106934e-01,-9.385803341865539551e-01
-9.830249547958374023e-01,-1.172796368598937988e+00
3.244400024414062500e+00,-1.239848494529724121e+00
-2.102134704589843750e+00,2.697109282016754150e-01
2.006501674652099609e+00,-3.572662472724914551e-01
8.980509042739868164e-01,4.539871215820312500e-02
-1.700933933258056641e+00,-1.307013630867004395e+00
1.089380979537963867e+00,-4.722750484943389893e-01
-8.785067796707153320e-01,1.711466550827026367e+00
-1.055095553398132324e+00,1.098302364349365234e+00
1.024718761444091797e+00,9.162523597478866577e-02
-7.425372600555419922e-01,1.350269198417663574e+00
1.541128307580947876e-01,-1.815513670444488525e-01
6.963271498680114746e-01,2.689121067523956299e-01
-2.575840950012207031e+00,-8.824004530906677246e-01
8.758947253227233887e-01,-2.554599642753601074e-01
-7.308324426412582397e-02,9.670986235141754150e-02
-1.565918087959289551e+00,-1.909754276275634766e+00
1.062988191843032837e-01,-1.150857135653495789e-01
-4.272683262825012207e-01,-3.471580445766448975e-01
6.286548376083374023e-01,1.895990729331970215e+00
-7.256085276603698730e-01,1.041921973228454590e+00
9.762489795684814453e-01,-3.318115472793579102e-01
-1.685102701187133789e+00,-1.212176322937011719e+00
1.880295038223266602e+00,-6.028352975845336914e-01
4.652575850486755371e-01,-1.183526277542114258e+00
-2.363666057586669922e+00,1.911173939704895020e+00
-9.389475733041763306e-02,-5.987192988395690918e-01
1.161522507667541504e+00,2.642581164836883545e-01
-6.297534108161926270e-01,-6.184681057929992676e-01
-1.807297468185424805e+00,2.650288641452789307e-01
1.062988191843032837e-01,-1.150857135653495789e-01
1.739855051040649414e+00,-9.040321707725524902e-01
3.983578979969024658e-01,-9.778591394424438477e-01
-1.081490993499755859e+00,-1.601606726646423340e+00
-2.744663000106811523e+00,6.627541184425354004e-01
-9.636125564575195312e-01,-2.419187545776367188e+00
1.612884521484375000e+00,-6.892083883285522461e-01
3.329091548919677734e+00,-9.647207856178283691e-01
2.679746866226196289e+00,-3.734608292579650879e-01
3.326272368431091309e-01,1.510254144668579102e-01
-9.580185413360595703e-01,-5.088818669319152832e-01
-7.351101189851760864e-02,-4.643812477588653564e-01
-5.765006542205810547e-01,8.430966138839721680e-01
5.515524148941040039e-01,-2.132973447442054749e-02
-1.772548258304595947e-02,3.262863755226135254e-01
1.211773753166198730e+00,2.239968299865722656e+00
1.117308259010314941e+00,-4.393099248409271240e-01
1.027610063552856445e+00,-1.476093232631683350e-01
1.996852457523345947e-03,4.621459841728210449e-01
1.059912800788879395e+00,-2.023184895515441895e-01
-5.090268850326538086e-01,-8.398426771163940430e-01
8.702757954597473145e-01,-2.083956301212310791e-01
9.444425106048583984e-01,2.540560722351074219e+00
1.928430557250976562e+00,-4.970562756061553955e-01
7.744916677474975586e-01,6.907943636178970337e-02
3.683127164840698242e-01,5.055735111236572266e-01
-1.070766210556030273e+00,1.833405613899230957e+00
-1.119827985763549805e+00,-6.639946103096008301e-01
-1.066065669059753418e+00,6.768833100795745850e-02
1.134591817855834961e+00,-8.908796310424804688e-01
7.508986592292785645e-01,-3.947353363037109375e-01
4.449938833713531494e-01,-7.689333707094192505e-02
-4.330215454101562500e-01,1.204290762543678284e-01
-1.402348875999450684e+00,-1.638619661331176758e+00
2.696175277233123779e-01,-1.572778820991516113e-01
-1.218847036361694336e+00,-6.600833535194396973e-01
1.759879589080810547e+00,-4.214936196804046631e-01
8.696696162223815918e-01,1.901020109653472900e-01
-9.303959608078002930e-01,-5.201469659805297852e-01
5.279340744018554688e-01,-1.195748224854469299e-01
9.304865598678588867e-01,-2.453291714191436768e-01
9.886058568954467773e-01,-3.685004115104675293e-01
1.403955817222595215e+00,-6.076588153839111328e+00
-1.161631226539611816e+00,-1.354104042053222656e+00
-5.369533300399780273e-01,-1.567510664463043213e-01
6.400949358940124512e-01,-1.712045446038246155e-02
-5.261066555976867676e-01,6.891922354698181152e-01
-2.511169433593750000e+00,-1.164709448814392090e+00
-9.242366552352905273e-01,-9.519901871681213379e-01
9.729079604148864746e-01,-2.150498032569885254e-01
3.619500398635864258e-01,-9.436987340450286865e-02
-4.070630371570587158e-01,1.202376723289489746e+00
-1.155776754021644592e-01,-3.812169134616851807e-01
-2.092427968978881836e+00,-1.560742378234863281e+00
-3.911361098289489746e-01,-4.760091006755828857e-01
-4.874795377254486084e-01,-7.697626352310180664e-01
4.337438046932220459e-01,-9.412683844566345215e-01
1.024718761444091797e+00,9.162523597478866577e-02
4.145651459693908691e-01,5.015571117401123047e-01
-1.791315972805023193e-01,3.072386026382446289e+00
1.913345694541931152e+00,-6.052569299936294556e-02
2.098776698112487793e-01,-3.700815439224243164e-01
2.230741262435913086e+00,4.533898830413818359e+00
-8.537284731864929199e-01,-1.072106719017028809e+00
1.587430715560913086e+00,-6.690895557403564453e-01
7.453031539916992188e-01,2.845741808414459229e-01
5.949446558952331543e-01,1.970622241497039795e-01
-1.034652471542358398e+00,1.612768471240997314e-01
-1.827466130256652832e+00,2.886083364486694336e+00
-1.386114239692687988e+00,1.319636821746826172e+00
7.810455560684204102e-01,6.071414425969123840e-02
-9.175511002540588379e-01,8.402428627014160156e-01
2.881250977516174316e-01,5.856054648756980896e-02
1.080895900726318359e+00,-1.363558471202850342e-01
-3.146341085433959961e+00,1.312024831771850586e+00
9.860489964485168457e-01,-1.698005795478820801e+00
-9.402483701705932617e-01,-1.024045586585998535e+00
-2.353703022003173828e+00,1.165154933929443359e+00
1.028486043214797974e-01,-2.046219110488891602e-01
-2.306088924407958984e+00,7.400764822959899902e-01
2.123431205749511719e+00,-5.094682574272155762e-01
-1.930003166198730469e+00,-1.545418858528137207e+00
-2.622470557689666748e-01,-2.097170829772949219e+00
1.119820117950439453e+00,-3.455130010843276978e-02
6.281756609678268433e-02,-2.895677089691162109e-01
-8.143267035484313965e-01,6.174061894416809082e-01
2.451666891574859619e-01,3.766814470291137695e-01
-1.647323369979858398e+00,1.129455447196960449e+00
-6.926680207252502441e-01,-2.115550339221954346e-01
1.777136027812957764e-01,-1.851505339145660400e-01
6.271098554134368896e-02,-3.198493421077728271e-01
-2.150297880172729492e+00,9.141777753829956055e-01
1.726705908775329590e+00,-6.165483593940734863e-01
-2.104479789733886719e+00,-1.312381863594055176e+00
9.866569042205810547e-01,-1.501099392771720886e-02
3.580857515335083008e-01,1.433293223381042480e-01
1.091167688369750977e+00,6.232934445142745972e-02
3.888420462608337402e-01,1.288512721657752991e-03
7.453031539916992188e-01,2.845741808414459229e-01
1.021584272384643555e+00,-6.518613100051879883e-01
4.588207304477691650e-01,3.243770003318786621e-01
1.237302899360656738e+00,-4.121418893337249756e-01
-9.402483701705932617e-01,-1.024045586585998535e+00
1.941796839237213135e-01,4.395646452903747559e-01
1.959125638008117676e+00,-5.711899399757385254e-01
3.208677470684051514e-01,-9.965106844902038574e-02
7.650553584098815918e-01,-3.217327594757080078e-01
-8.628156781196594238e-01,-1.463617444038391113e+00
1.055769324302673340e+00,8.588887751102447510e-02
1.803386211395263672e-01,2.118737101554870605e-01
-6.202066540718078613e-01,-4.718695580959320068e-01
9.282049536705017090e-01,-2.852538228034973145e-01
4.882937073707580566e-01,7.838888764381408691e-01
9.491172432899475098e-01,-1.194246634840965271e-01
-9.073222279548645020e-01,-1.666166782379150391e-01
9.918255805969238281e-01,-1.835242509841918945e-01
1.510677218437194824e+00,-8.270462751388549805e-01
-1.743499994277954102e+00,-1.573750257492065430e+00
7.749483585357666016e-01,-3.849186599254608154e-01
6.829733252525329590e-01,-2.058730840682983398e+00
6.694051623344421387e-01,1.276733279228210449e+00
-2.367902696132659912e-01,-1.972685694694519043e+00
-4.394609034061431885e-01,1.108784824609756470e-01
-2.538075447082519531e-01,-9.287076592445373535e-01
2.718543291091918945e+00,-3.515745997428894043e-01
8.144635558128356934e-01,-4.516284167766571045e-01
-1.145615950226783752e-01,-8.291852474212646484e-01
8.261381387710571289e-01,1.780994534492492676e+00
-8.363411426544189453e-01,1.167559027671813965e+00
3.393051028251647949e-01,1.346817135810852051e+00
-2.661650657653808594e+00,-2.439188003540039062e+00
1.008644580841064453e+00,-5.311818718910217285e-01
1.399047374725341797e-01,-1.327770471572875977e+00
8.754896521568298340e-01,-2.224788665771484375e-01
3.621518313884735107e-01,2.406586647033691406e+00
-3.570625066757202148e+00,7.222688794136047363e-01
1.711340785026550293e+00,-5.591880083084106445e-01
-1.392494559288024902e+00,-2.982976198196411133e+00
-7.913939356803894043e-01,6.313848495483398438e-01
-8.066019415855407715e-01,-4.906017482280731201e-01
1.174811244010925293e+00,2.672681212425231934e-01
-1.203505635261535645e+00,-5.757173299789428711e-01
3.295844793319702148e-01,5.562220215797424316e-01
1.357031464576721191e-01,-1.645356178283691406e+00
-5.963663458824157715e-01,-4.548656046390533447e-01
-4.186556637287139893e-01,3.451193571090698242e+00
9.586877226829528809e-01,-2.843810617923736572e-02
-1.056701064109802246e+00,-1.071217179298400879e+00
5.735774040222167969e-01,1.446721255779266357e-01
1.713655591011047363e-01,4.888542592525482178e-01
1.009695172309875488e+00,-1.548596322536468506e-01
-8.011681437492370605e-01,-7.463971972465515137e-01
-2.191572904586791992e+00,6.340084671974182129e-01
-1.004732012748718262e+00,-5.574476122856140137e-01
-9.005247950553894043e-01,-2.261953949928283691e-01
7.532544434070587158e-02,-3.298525512218475342e-01
-7.728890180587768555e-01,3.523581326007843018e-01
-6.078944206237792969e-01,3.163257837295532227e+00
-5.664387941360473633e-01,-2.222778320312500000e+00
-1.902887701988220215e+00,2.001737117767333984e+00
1.077178239822387695e+00,-4.399286210536956787e-01
-4.431272447109222412e-01,1.142243146896362305e+00
3.297295570373535156e-01,1.960494816303253174e-01
4.634461998939514160e-01,-2.430865764617919922e-01
1.087852358818054199e+00,3.477313816547393799e-01
-1.003538131713867188e+00,-4.940576851367950439e-01
7.285301089286804199e-01,-2.985750675201416016e+00
3.426324129104614258e-01,-9.353848695755004883e-01
1.676638364791870117e+00,-7.908640503883361816e-01
-1.785611271858215332e+00,-1.886044383049011230e+00
-8.011435866355895996e-01,-5.695959329605102539e-01
-1.381828308105468750e+00,1.377032995223999023e+00
2.700358033180236816e-01,-1.005679890513420105e-01
4.953227341175079346e-01,4.025651931762695312e+00
-1.547184586524963379e-01,2.570794522762298584e-02
8.432011008262634277e-01,7.594363391399383545e-02
4.842165410518646240e-01,-6.212049722671508789e-02
1.129440426826477051e+00,-4.430015683174133301e-01
-7.751605510711669922e-01,6.262447834014892578e-01
-9.980514049530029297e-01,-3.322280049324035645e-01
8.980509042739868164e-01,4.539871215820312500e-02
3.046251237392425537e-01,5.069846510887145996e-01
-1.496993184089660645e+00,3.261301517486572266e-01
-1.100977063179016113e+00,-7.004643976688385010e-02
-1.411622524261474609e+00,-1.350396037101745605e+00
-4.737228453159332275e-01,-8.487213253974914551e-01
-2.908632457256317139e-01,1.807748079299926758e-01
9.216729998588562012e-01,-3.669235408306121826e-01
8.462612628936767578e-01,-1.322728693485260010e-01
1.763795733451843262e+00,-7.700798511505126953e-01
-1.363400340080261230e+00,6.366556286811828613e-01
-1.154773473739624023e+00,-6.836321353912353516e-01
6.231115758419036865e-02,2.660128355026245117e+00
-2.065874636173248291e-01,-5.424581170082092285e-01
3.740709722042083740e-01,1.637754142284393311e-01
1.044719070196151733e-01,-3.699332773685455322e-01
7.836921215057373047e-01,-1.044865727424621582e+00
-2.018645763397216797e+00,-6.983010172843933105e-01
-9.243438243865966797e-01,-5.923898220062255859e-01
3.147107660770416260e-01,-9.431573748588562012e-01
-3.231852293014526367e+00,-3.792805373668670654e-01
9.799472093582153320e-01,-1.362213194370269775e-01
-2.713085651397705078e+00,-1.639741301536560059e+00
9.939461350440979004e-01,-2.102865651249885559e-02
-1.710565209388732910e+00,3.198948502540588379e-01
1.355897337198257446e-01,-6.065449118614196777e-01
-6.504805684089660645e-01,4.935074448585510254e-01
2.681515514850616455e-01,7.896822094917297363e-01
7.750742435455322266e-01,-3.701447248458862305e-01
-9.011843800544738770e-01,-6.541716456413269043e-01
7.745599746704101562e-01,-3.618979752063751221e-01
6.829733252525329590e-01,-2.058730840682983398e+00
-1.543108701705932617e+00,-1.657036542892456055e+00
9.014920592308044434e-01,-7.021309435367584229e-02
2.104750871658325195e-01,-2.730344235897064209e-01
-2.718653678894042969e-01,-4.971537292003631592e-01
-3.959117531776428223e-01,6.327176690101623535e-01
3.136506974697113037e-01,-1.212454065680503845e-01
2.104111313819885254e-01,-1.383833885192871094e+00
2.474134564399719238e-01,-2.782864496111869812e-03
-2.830658257007598877e-01,-3.148574233055114746e-01
-8.560065627098083496e-01,-1.400526642799377441e+00
-1.943037658929824829e-02,8.300204575061798096e-02
6.645537018775939941e-01,2.677612602710723877e-01
1.015838384628295898e+00,-3.260173797607421875e-01
1.530786156654357910e-01,-1.763027012348175049e-01
-7.463198304176330566e-01,6.071307063102722168e-01
-9.429837465286254883e-01,-7.761175632476806641e-01
1.549261689186096191e+00,2.338822841644287109e+00
-3.398176431655883789e+00,1.726780056953430176e+00
9.632630944252014160e-01,-1.782523393630981445e-01
-7.375293374061584473e-01,7.248921990394592285e-01
-5.772426724433898926e-01,-4.132595956325531006e-01
1.115247607231140137e-01,-7.459203004837036133e-01
-1.164303794503211975e-01,2.099049687385559082e-01
-1.096872329711914062e+00,-1.143173336982727051e+00
1.155157387256622314e-01,1.538699865341186523e-01
8.746937513351440430e-01,-4.097672700881958008e-01
1.080895900726318359e+00,-1.363558471202850342e-01
4.726230725646018982e-02,5.056806206703186035e-01
1.000326037406921387e+00,7.214780151844024658e-02
3.492804527282714844e+00,-1.888593733310699463e-01
1.445055365562438965e+00,-8.320311903953552246e-01
9.255583286285400391e-01,-2.412282228469848633e-01
-7.549225687980651855e-01,1.105837106704711914e+00
-5.373492240905761719e-01,2.174173593521118164e+00
-1.175973534584045410e+00,-1.309563517570495605e+00
9.555432796478271484e-01,-3.719809278845787048e-02
-2.150297880172729492e+00,9.141777753829956055e-01
1.046777606010437012e+00,2.425957322120666504e-01
-4.164930284023284912e-01,2.886741757392883301e-01
-9.556475877761840820e-01,-3.180145919322967529e-01
-2.501265048980712891e+00,8.900244235992431641e-01
8.758947253227233887e-01,-2.554599642753601074e-01
9.933389425277709961e-01,-1.408420503139495850e-02
1.852784872055053711e+00,-7.288859486579895020e-01
-1.596964359283447266e+00,-1.583671808242797852e+00
7.699428796768188477e-01,-1.118140220642089844e+00
-1.193882226943969727e+00,-6.599591374397277832e-01
1.445809245109558105e+00,-2.520411014556884766e+00
1.080897212028503418e+00,-6.634718775749206543e-01
2.072998523712158203e+00,-2.608007431030273438e+00
7.607364654541015625e-01,-3.802110552787780762e-01
-7.170027494430541992e-01,-7.802129387855529785e-01
-1.480822563171386719e+00,-8.874502182006835938e-01
5.213344097137451172e-02,-1.173424646258354187e-01
7.198172807693481445e-02,-2.516466081142425537e-01
-3.869981169700622559e-01,-5.763608813285827637e-01
-2.546896457672119141e+00,-1.649291753768920898e+00
6.271098554134368896e-02,-3.198493421077728271e-01
1.431041598320007324e+00,-1.683607101440429688e+00
1.266167759895324707e+00,1.817307114601135254e+00
-9.820618629455566406e-01,-8.474243283271789551e-01
1.125904798507690430e+00,-5.252802371978759766e-01
-4.361313879489898682e-01,-5.794993638992309570e-01
1.852784872055053711e+00,-7.288859486579895020e-01
-4.874795377254486084e-01,-7.697626352310180664e-01
-4.616502225399017334e-01,-5.705904215574264526e-02
-9.882284402847290039e-01,2.379882633686065674e-01
-1.571440219879150391e+00,-1.133364319801330566e+00
-1.974086523056030273e+00,9.330211281776428223e-01
1.143568515777587891e+00,-2.456796884536743164e+00
-5.686045885086059570e-01,5.732279419898986816e-01
-2.019539117813110352e+00,3.792552351951599121e-01
-8.844361901283264160e-01,-8.441070318222045898e-01
4.417657852172851562e-03,2.873876810073852539e+00
3.833363533020019531e+00,-2.519917011260986328e+00
-4.497280418872833252e-01,-7.599669694900512695e-01
-1.868283748626708984e-01,2.477823197841644287e-01
-2.024874687194824219e+00,6.078923940658569336e-01
1.042128443717956543e+00,1.242985948920249939e-01
-7.928509116172790527e-01,7.208998799324035645e-01
3.735521137714385986e-01,2.272507250308990479e-01
4.470140039920806885e-01,-2.556049525737762451e-01
-1.054137349128723145e+00,3.047859370708465576e-01
6.158990263938903809e-01,2.382531404495239258e+00
-1.007337212562561035e+00,-8.584879040718078613e-01
1.463328957557678223e+00,-8.452764153480529785e-01
1.077009320259094238e+00,7.159070670604705811e-02
-4.449152648448944092e-01,7.602300643920898438e-01
-3.801374733448028564e-01,-9.497094154357910156e-01
1.044719070196151733e-01,-3.699332773685455322e-01
-6.508783102035522461e-01,-7.010237574577331543e-01
8.954043984413146973e-01,1.961691677570343018e-01
-1.386021018028259277e+00,-5.230893492698669434e-01
2.842576801776885986e-01,4.798563420772552490e-01
8.495036363601684570e-01,-1.502857446670532227e+00
1.659422814846038818e-01,-2.294242084026336670e-01
-4.952299892902374268e-01,-8.448572754859924316e-01
1.116395711898803711e+00,-3.282720446586608887e-01
-7.507382631301879883e-01,-1.462561368942260742e+00
-2.863256335258483887e-01,-1.621840953826904297e+00
-2.067640066146850586e+00,-1.690227150917053223e+00
8.946346640586853027e-01,-4.628883004188537598e-01
-7.593615055084228516e-01,8.246576786041259766e-01
-7.162722349166870117e-01,-1.396031379699707031e+00
-5.673513412475585938e-01,-3.440566658973693848e-01
8.261381387710571289e-01,1.780994534492492676e+00
7.993072271347045898e-01,-1.431640148162841797e+00
-1.462631464004516602e+00,-6.819667816162109375e-01
-4.689727127552032471e-01,-7.741784453392028809e-01
1.260729730129241943e-01,1.766097843647003174e-01
-2.970657944679260254e-01,-1.700824201107025146e-01
1.152904868125915527e+00,1.321957558393478394e-01
-7.741868495941162109e-01,-1.062403440475463867e+00
-9.401785135269165039e-01,-6.337824463844299316e-01
-3.803757429122924805e-01,7.158716917037963867e-01
-9.458242654800415039e-01,8.421345949172973633e-01
-6.403779238462448120e-02,1.710222363471984863e+00
1.350681185722351074e-01,-9.575131535530090332e-01
-7.238281518220901489e-02,2.451226234436035156e+00
9.316011667251586914e-01,-3.418521285057067871e-01
-3.233587265014648438e+00,-1.543499946594238281e+00
-2.245933711528778076e-01,1.047119945287704468e-01
9.411126375198364258e-01,1.351122707128524780e-01
-1.440139412879943848e-01,5.653801187872886658e-02
-2.363666057586669922e+00,1.911173939704895020e+00
-3.778480589389801025e-01,-5.250511169433593750e-01
-2.622470557689666748e-01,-2.097170829772949219e+00
1.178544163703918457e+00,1.983198225498199463e-01
-4.466561973094940186e-01,-6.851732730865478516e-01
8.459227085113525391e-01,2.342187762260437012e-01
5.475513935089111328e-01,-4.026338085532188416e-02
6.127205491065979004e-01,3.515412807464599609e-01
1.653766036033630371e-01,-3.291647732257843018e-01
-1.563529372215270996e+00,5.807046890258789062e-01
3.711853176355361938e-02,2.584351599216461182e-01
-5.887193083763122559e-01,3.282350599765777588e-01
5.860940217971801758e-01,-1.742303967475891113e-01
-2.157214641571044922e+00,-1.066833734512329102e+00
-3.216374516487121582e-01,-9.204632043838500977e-01
9.019843339920043945e-01,-2.790826559066772461e-01
1.037407755851745605e+00,-2.486613094806671143e-01
1.781593203544616699e+00,-3.852342069149017334e-01
-5.508092641830444336e-01,-2.033989429473876953e+00
-1.163831278681755066e-01,-4.878213107585906982e-01
-7.572182267904281616e-02,-4.363049864768981934e-01
3.249604403972625732e-01,-1.283494383096694946e-02
-8.785067796707153320e-01,1.711466550827026367e+00
-7.961047291755676270e-01,-9.606567621231079102e-01
-1.782873511314392090e+00,3.527556955814361572e-01
-1.382509589195251465e+00,2.964311838150024414e-01
-1.868532776832580566e+00,2.004089653491973877e-01
-2.002528905868530273e+00,-1.850710272789001465e+00
1.090892195701599121e+00,-4.307553172111511230e-01
-8.478258848190307617e-01,-7.054425477981567383e-01
-4.054398834705352783e-01,-8.893540501594543457e-01
8.960546851158142090e-01,-6.476383805274963379e-01
-1.265560746192932129e+00,1.533300578594207764e-01
9.798322916030883789e-01,-2.451486885547637939e-01
-7.961047291755676270e-01,-9.606567621231079102e-01
1.036689519882202148e+00,-1.495112478733062744e-01
-9.679706096649169922e-01,-1.589066386222839355e+00
1.015560626983642578e+00,2.275816798210144043e-01
-1.808834075927734375e+00,-1.307026386260986328e+00
3.966436624526977539e+00,-1.208881974220275879e+00
2.052910625934600830e-03,5.809558033943176270e-01
-1.699570417404174805e+00,-4.581373631954193115e-01
1.050804257392883301e+00,-3.427862823009490967e-01
1.023597955703735352e+00,-2.041970491409301758e-01
-1.446179747581481934e+00,-9.033290147781372070e-01
3.711638450622558594e-01,1.781508028507232666e-01
-2.565258264541625977e+00,1.464574694633483887e+00
-1.936248302459716797e+00,4.254549741744995117e-01
3.621518313884735107e-01,2.406586647033691406e+00
-3.354206979274749756e-01,-3.191264390945434570e+00
1.676638364791870117e+00,-7.908640503883361816e-01
9.853435754776000977e-01,1.930039048194885254e+00
3.764405548572540283e-01,-3.281843423843383789e+00
-9.767242521047592163e-02,-7.994685322046279907e-02
-4.750760495662689209e-01,1.900685429573059082e-01
-7.837958931922912598e-01,-8.149840831756591797e-01
6.510270237922668457e-01,-1.326193287968635559e-02
-2.039083957672119141e+00,1.613515377044677734e+00
3.281814157962799072e-01,-1.407625436782836914e+00
-1.661893963813781738e+00,4.206166565418243408e-01
1.972905755043029785e+00,-1.839110612869262695e+00
-1.884782910346984863e+00,-2.959576845169067383e-01
-3.430454432964324951e-02,7.986272871494293213e-02
-1.135976910591125488e+00,-5.540392994880676270e-01
-1.599746942520141602e+00,-6.512163877487182617e-01
1.192237138748168945e-01,-3.169305250048637390e-02
-1.401983201503753662e-03,2.659454643726348877e-01
-1.810043215751647949e+00,5.972384810447692871e-01
1.146160721778869629e+00,3.072160482406616211e-01
1.471318006515502930e+00,-6.673384904861450195e-01
-2.089139699935913086e+00,-6.570590734481811523e-01
-2.799516916275024414e+00,-2.635973691940307617e+00
-3.112115383148193359e+00,-1.137959957122802734e+00
-1.118165731430053711e+00,-3.797134160995483398e+00
1.022790551185607910e+00,1.418995022773742676e+00
1.036734223365783691e+00,-7.743226736783981323e-02
-2.528034448623657227e-01,-1.164407968521118164e+00
-1.820720434188842773e+00,-1.585322737693786621e+00
1.646391272544860840e+00,1.641750335693359375e-01
1.168103218078613281e+00,1.436708331108093262e+00
-2.079472541809082031e+00,-2.694834470748901367e+00
-3.687017679214477539e+00,-2.535150766372680664e+00
-9.710248708724975586e-01,2.131564378738403320e+00
8.221089243888854980e-01,-4.070302248001098633e-01
-1.113711953163146973e+00,-6.152751445770263672e-01
-8.550935238599777222e-02,-7.507201284170150757e-02
9.666839241981506348e-01,-6.436257809400558472e-02
-2.635047912597656250e+00,-9.518910646438598633e-01
9.998056888580322266e-01,-7.783319801092147827e-02
-1.656765937805175781e-01,1.678779721260070801e-01
-1.571218490600585938e+00,-1.903056800365447998e-01
6.474587321281433105e-01,-1.165943861007690430e+00
-1.584895849227905273e-01,-8.339610099792480469e-01
-1.460342705249786377e-01,-1.262903511524200439e-01
6.874847412109375000e-02,-3.436591327190399170e-01
-9.710122346878051758e-01,-2.865547895431518555e+00
-1.672983765602111816e-01,1.609760820865631104e-01
4.869096577167510986e-01,-3.962279260158538818e-01
1.095559120178222656e+00,6.509861350059509277e-02
1.092046260833740234e+00,1.978980004787445068e-02
4.654411375522613525e-01,-5.350174307823181152e-01
-1.104267597198486328e+00,-1.275927901268005371e+00
1.196484088897705078e+00,2.191559970378875732e-01
-1.481599211692810059e+00,-1.120270729064941406e+00
1.099296331405639648e+00,-3.989876806735992432e-01
-2.077343940734863281e+00,9.932176470756530762e-01
-2.813673257827758789e+00,1.466527879238128662e-01
-9.707040786743164062e-01,-7.165145277976989746e-01
-9.492515325546264648e-01,2.570276856422424316e-01
2.605807185173034668e-01,-6.201936602592468262e-01
-1.003538131713867188e+00,-4.940576851367950439e-01
-4.296285510063171387e-01,-7.186971902847290039e-01
-1.107289075851440430e+00,1.027753591537475586e+00
-1.557269573211669922e+00,2.571720480918884277e-01
1.301625370979309082e+00,1.941358208656311035e+00
-6.030151247978210449e-01,-1.643645286560058594e+00
6.537452936172485352e-01,1.622951030731201172e-01
1.142190217971801758e+00,2.515784651041030884e-02
1.040010213851928711e+00,7.868890464305877686e-02
1.608550101518630981e-01,8.723796159029006958e-02
-4.190775156021118164e-01,1.527424931526184082e+00
-3.255272150039672852e+00,1.584352254867553711e+00
9.366609454154968262e-01,-3.519696295261383057e-01
-3.233587265014648438e+00,-1.543499946594238281e+00
-8.844361901283264160e-01,-8.441070318222045898e-01
-1.667373657226562500e+00,2.001752555370330811e-01
-3.869981169700622559e-01,-5.763608813285827637e-01
-3.666700839996337891e+00,4.147802889347076416e-01
-1.208736658096313477e+00,-1.138860583305358887e+00
-1.191810742020606995e-01,-2.044224023818969727e+00
1.152904868125915527e+00,1.321957558393478394e-01
-2.740308523178100586e+00,1.765416979789733887e+00
7.134814858436584473e-01,2.284308075904846191e-01
-3.389833569526672363e-01,9.673174023628234863e-01
-1.210322618484497070e+00,1.102802634239196777e+00
2.098776698112487793e-01,-3.700815439224243164e-01
7.532544434070587158e-02,-3.298525512218475342e-01
-1.412356138229370117e+00,-6.393326520919799805e-01
-1.386021018028259277e+00,-5.230893492698669434e-01
9.046980142593383789e-01,-3.852119147777557373e-01
1.250420689582824707e+00,-6.773301959037780762e-02
-8.791216611862182617e-01,2.520368099212646484e-01
-2.129375457763671875e+00,-5.503168106079101562e+00
9.938581585884094238e-01,-4.847376644611358643e-01
1.674273014068603516e+00,-4.838164150714874268e-01
1.636416554450988770e+00,2.573555409908294678e-01
5.516261979937553406e-02,2.117682099342346191e-01
6.483713984489440918e-01,7.310885190963745117e-02
-5.381444841623306274e-02,3.200365304946899414e-01
1.017884373664855957e+00,-3.518994897603988647e-02
-3.357228040695190430e+00,2.114144563674926758e+00
-1.368319630622863770e+00,-2.086184978485107422e+00
-9.042596817016601562e-01,-1.713494539260864258e+00
8.076573610305786133e-01,-3.719411492347717285e-01
4.976493418216705322e-01,-1.337055265903472900e-01
1.518206000328063965e-01,-3.077832460403442383e-01
9.659461975097656250e-01,-1.234082654118537903e-01
2.887037754058837891e+00,-2.462345361709594727e+00
-6.712849736213684082e-01,3.238078951835632324e-01
-1.818207502365112305e+00,2.092546522617340088e-01
-9.358937740325927734e-01,-1.260836720466613770e+00
-2.367304265499114990e-01,-1.349934637546539307e-01
9.012997746467590332e-01,-9.647998213768005371e-02
-7.002754211425781250e-01,5.172908902168273926e-01
-1.547184586524963379e-01,2.570794522762298584e-02
9.769542813301086426e-01,-1.249469891190528870e-01
-1.080552697181701660e+00,-8.259176611900329590e-01
-1.140120506286621094e+00,-1.018694996833801270e+00
-9.458242654800415039e-01,8.421345949172973633e-01
7.880438566207885742e-01,-1.298196434974670410e+00
-2.018645763397216797e+00,-6.983010172843933105e-01
-1.753194928169250488e-01,4.672243893146514893e-01
7.526744902133941650e-02,-1.454347372055053711e-01
-7.414337992668151855e-01,-1.287539362907409668e+00
-4.060424864292144775e-02,5.219927057623863220e-03
9.766847491264343262e-01,-6.487263366580009460e-03
1.033338189125061035e+00,-3.954827785491943359e-01
4.902766644954681396e-02,-3.061179518699645996e-01
1.353643536567687988e-01,-1.553377807140350342e-01
-7.480698823928833008e-01,-1.059959411621093750e+00
9.722590446472167969e-01,-2.029705941677093506e-01
9.351643919944763184e-01,-2.908119559288024902e-01
-7.558364868164062500e-01,1.055406928062438965e+00
3.406580984592437744e-01,-7.427868247032165527e-01
-6.224195361137390137e-01,-4.544318914413452148e-01
-9.707040786743164062e-01,-7.165145277976989746e-01
8.516580462455749512e-01,-4.019692540168762207e-01
8.716568946838378906e-01,-3.750016689300537109e-01
1.185387372970581055e+00,-4.961111843585968018e-01
1.968753933906555176e-01,-1.018228173255920410e+00
-8.137910366058349609e-01,-3.268516436219215393e-02
-9.469027519226074219e-01,-7.766157388687133789e-01
-2.863256335258483887e-01,-1.621840953826904297e+00
1.928430557250976562e+00,-4.970562756061553955e-01
-3.353921175003051758e+00,2.593604624271392822e-01
-1.200955152511596680e+00,-2.294219017028808594e+00
1.006020307540893555e+00,-1.211632713675498962e-01
1.077571034431457520e+00,1.149978995323181152e+00
-1.137938618659973145e+00,4.103325307369232178e-02
2.848665118217468262e-01,2.765609920024871826e-01
-1.996778249740600586e+00,-7.052152156829833984e-01
1.627635598182678223e+00,5.450710654258728027e-01
-2.806930840015411377e-01,9.878473281860351562e-01
4.800810515880584717e-01,-4.729543626308441162e-01
-2.022457599639892578e+00,-8.524258732795715332e-01
-1.355518460273742676e+00,-5.172311663627624512e-01
-1.208736658096313477e+00,-1.138860583305358887e+00
1.725859045982360840e-01,-4.015010967850685120e-02
1.023319482803344727e+00,8.840676397085189819e-02
3.394552469253540039e-01,-6.976279616355895996e-02
1.268337368965148926e+00,-8.020131587982177734e-01
-1.168744325637817383e+00,-1.323547840118408203e+00
3.328684568405151367e-01,1.853518486022949219e-01
3.878682851791381836e-01,1.392897516489028931e-01
-8.550935238599777222e-02,-7.507201284170150757e-02
5.118999481201171875e-01,7.422374486923217773e-01
-8.233802914619445801e-01,-1.000719547271728516e+00
9.041455388069152832e-01,-2.398792207241058350e-01
9.938581585884094238e-01,-4.847376644611358643e-01
-2.538075447082519531e-01,-9.287076592445373535e-01
8.328375965356826782e-02,-5.506573319435119629e-01
9.734978675842285156e-01,-9.920046478509902954e-02
-5.524697303771972656e-01,-2.995014786720275879e-01
2.336594343185424805e+00,-1.178095459938049316e+00
-6.637843847274780273e-01,7.299088835716247559e-01
1.001370191574096680e+00,1.462314963340759277e+00
-1.333599448204040527e+00,-7.357106804847717285e-01
9.820874333381652832e-01,-1.420439779758453369e-02
4.845910668373107910e-01,4.593240916728973389e-01
-1.609712839126586914e-03,2.251050949096679688e+00
1.445462554693222046e-01,-7.341739535331726074e-01
-1.002126932144165039e+00,5.750506520271301270e-01
-1.847634553909301758e+00,-1.921310901641845703e+00
1.134591817855834961e+00,-8.908796310424804688e-01
-2.724702656269073486e-01,-9.556360840797424316e-01
-5.432050228118896484e-01,7.619593143463134766e-01
8.013727664947509766e-01,-3.646281361579895020e-01
-7.989351749420166016e-01,-6.415181159973144531e-01
-9.910804033279418945e-01,1.526336073875427246e+00
-6.426721811294555664e-01,-1.104801893234252930e+00
7.439318299293518066e-01,-5.014076828956604004e-01
1.024324417114257812e+00,6.681450456380844116e-02
-1.983936309814453125e+00,-6.250521540641784668e-01
-9.762151241302490234e-01,-1.561611890792846680e+00
6.799484491348266602e-01,-9.147878736257553101e-02
-1.001540064811706543e+00,-1.570265650749206543e+00
1.129440426826477051e+00,-4.430015683174133301e-01
-3.348724365234375000e+00,-2.448518276214599609e+00
8.377000093460083008e-01,-4.182954430580139160e-01
-1.782873511314392090e+00,3.527556955814361572e-01
9.045982956886291504e-01,-1.067886114120483398e+00
2.088765382766723633e+00,-1.362791895866394043e+00
3.004369139671325684e-01,4.037484228610992432e-01
5.949446558952331543e-01,1.970622241497039795e-01
-1.749732017517089844e+00,-1.085219860076904297e+00
1.296788692474365234e+00,-2.648561820387840271e-02
1.102531909942626953e+00,2.254208624362945557e-01
8.082628250122070312e-03,2.457064986228942871e-01
1.349594593048095703e+00,-1.240354061126708984e+00
1.473610401153564453e-01,-9.130473136901855469e-01
-3.353368490934371948e-02,-3.568859100341796875e-01
-1.415709853172302246e+00,-1.617755889892578125e+00
5.778756141662597656e-01,-8.036115765571594238e-01
2.082378268241882324e-01,-3.530146777629852295e-01
7.102800607681274414e-01,-9.860962033271789551e-01
-8.948337435722351074e-01,1.353405117988586426e+00
-3.306661844253540039e-01,-4.527949690818786621e-01
-7.204431891441345215e-01,-1.472697854042053223e+00
1.476105302572250366e-01,3.296645283699035645e-01
-2.039502561092376709e-01,-1.094380140304565430e+00
-1.081598043441772461e+00,2.163935661315917969e+00
-2.650406658649444580e-01,-1.978854894638061523e+00
-5.315068960189819336e-01,-1.326083779335021973e+00
-3.525233268737792969e-02,1.883112788200378418e-01
1.112661361694335938e+00,1.098268628120422363e+00
-8.125056624412536621e-01,1.039109706878662109e+00
8.800212740898132324e-01,-3.768656551837921143e-01
-1.161959171295166016e+00,-2.030052661895751953e+00
-1.433413326740264893e-01,2.453638076782226562e+00
4.036252498626708984e-01,-5.900338888168334961e-01
-5.921452641487121582e-01,-1.275976657867431641e+00
-1.530884981155395508e+00,-6.302492618560791016e-01
9.964047670364379883e-01,-3.442616462707519531e-01
-8.794482946395874023e-01,9.152550697326660156e-01
4.091034829616546631e-01,9.092013835906982422e-01
-2.970657944679260254e-01,-1.700824201107025146e-01
-7.350679636001586914e-01,-1.417992949485778809e+00
9.706578850746154785e-01,1.259249567985534668e+00
-1.136808633804321289e+00,-1.331593036651611328e+00
-1.034721016883850098e+00,4.608329832553863525e-01
-1.578556895256042480e+00,1.933708786964416504e-01
8.699417114257812500e-01,1.868575811386108398e-01
3.492804527282714844e+00,-1.888593733310699463e-01
-1.083095788955688477e+00,-8.374501466751098633e-01
5.203683972358703613e-01,-8.045568317174911499e-02
-5.893672108650207520e-01,-1.073212996125221252e-01
-2.658938407897949219e+00,-2.641317844390869141e+00
-7.003823518753051758e-01,-5.739265084266662598e-01
3.983578979969024658e-01,-9.778591394424438477e-01
3.576733827590942383e+00,-1.871785998344421387e+00
-2.320730686187744141e+00,-1.291439652442932129e+00
-2.956108152866363525e-01,-7.993735671043395996e-01
3.448757827281951904e-01,1.838925719261169434e+00
-1.290133237838745117e+00,1.609535098075866699e+00
-3.594748973846435547e+00,-7.282581329345703125e-01
1.304759979248046875e-01,4.244976043701171875e-01
-8.012800812721252441e-01,-1.330467343330383301e+00
-1.000126004219055176e+00,-1.168999433517456055e+00
-4.732860624790191650e-01,-1.436624646186828613e+00
1.969615578651428223e+00,-2.187609434127807617e+00
9.019843339920043945e-01,-2.790826559066772461e-01
-4.737228453159332275e-01,-8.487213253974914551e-01
-3.047993183135986328e-01,-6.217829585075378418e-01
-2.852079629898071289e+00,1.413340687751770020e+00
1.237563788890838623e-02,2.376927137374877930e-01
-2.565258264541625977e+00,1.464574694633483887e+00
-5.579561591148376465e-01,-7.940961122512817383e-01
-1.669697284698486328e+00,3.338879942893981934e-01
1.076594591140747070e+00,1.341743707656860352e+00
-8.484689146280288696e-02,-5.466814041137695312e-01
-4.985311925411224365e-01,-7.096224278211593628e-02
-5.312807857990264893e-03,7.339599132537841797e-01
-1.498425483703613281e+00,3.192631483078002930e+00
-1.088105678558349609e+00,-1.178393244743347168e+00
9.918255805969238281e-01,-1.835242509841918945e-01
-9.477941989898681641e-01,-1.641731619834899902e+00
1.022370219230651855e+00,-1.393663048744201660e+00
1.079418659210205078e+00,7.836152613162994385e-02
1.091167688369750977e+00,6.232934445142745972e-02
1.935271620750427246e-01,1.785856604576110840e+00
1.852982044219970703e+00,-2.737930119037628174e-01
-2.760603427886962891e-01,-1.894845008850097656e+00
1.750606417655944824e+00,-5.065935254096984863e-01
2.213254868984222412e-01,2.087637424468994141e+00
9.744825363159179688e-01,-1.999062597751617432e-01
-1.381828308105468750e+00,1.377032995223999023e+00
-4.592487961053848267e-02,-2.390573322772979736e-01
-8.282021284103393555e-01,7.776532769203186035e-01
5.254799127578735352e-01,2.140040397644042969e-01
5.472109317779541016e-01,-8.609927296638488770e-01
-1.626196742057800293e+00,-1.673319578170776367e+00
-6.251431703567504883e-01,-4.778828024864196777e-01
-2.002528905868530273e+00,-1.850710272789001465e+00
-7.866151928901672363e-01,-6.888983845710754395e-01
-4.372899830341339111e-01,-5.113756656646728516e-01
-5.579561591148376465e-01,-7.940961122512817383e-01
-1.218847036361694336e+00,-6.600833535194396973e-01
-8.282021284103393555e-01,7.776532769203186035e-01
-1.296370625495910645e+00,-9.445946812629699707e-01
2.017785310745239258e+00,-3.294019997119903564e-01
-8.244341015815734863e-01,-6.187619566917419434e-01
6.958043575286865234e-01,1.591829061508178711e-01
-1.381588101387023926e+00,-4.446043372154235840e-01
9.528815746307373047e-01,-9.360226988792419434e-02
-1.013579249382019043e+00,9.851642847061157227e-01
4.487124681472778320e-01,-4.690470695495605469e-01
-2.777974843978881836e+00,-5.589033961296081543e-01
1.005251884460449219e+00,4.379770904779434204e-02
-6.946054697036743164e-01,-2.124462127685546875e-01
1.038057208061218262e+00,-2.415389120578765869e-01
-1.074744105339050293e+00,-1.156886339187622070e+00
-2.078725576400756836e+00,1.192136526107788086e+00
9.208210706710815430e-01,-2.205560207366943359e-01
-6.978721618652343750e-01,6.634004712104797363e-01
5.619172453880310059e-01,1.591657698154449463e-01
-1.462631464004516602e+00,-6.819667816162109375e-01
6.660535335540771484e-01,-4.429669380187988281e-01
-7.217731326818466187e-02,7.452132701873779297e-01
9.520351290702819824e-01,-3.532410264015197754e-01
-7.613620758056640625e-01,4.501776099205017090e-01
1.051436185836791992e+00,-8.141004294157028198e-02
1.025436043739318848e+00,-1.246482133865356445e-02
4.650683403015136719e-01,-3.542291224002838135e-01
1.015838384628295898e+00,-3.260173797607421875e-01
1.674273014068603516e+00,-4.838164150714874268e-01
-1.245146274566650391e+00,-1.715475559234619141e+00
-1.102632880210876465e+00,-4.699386060237884521e-01
3.956426382064819336e-01,-2.167545080184936523e+00
1.142682790756225586e+00,2.258877515792846680e+00
-3.778480589389801025e-01,-5.250511169433593750e-01
-1.365928649902343750e+00,-5.172876119613647461e-01
-7.681113481521606445e-01,8.399785757064819336e-01
-2.604755759239196777e-02,4.212993085384368896e-01
2.451666891574859619e-01,3.766814470291137695e-01
1.043614029884338379e+00,-9.934526085853576660e-01
-2.255629539489746094e+00,-2.244650602340698242e+00
-1.116110920906066895e+00,3.690805435180664062e+00
2.361293137073516846e-01,-1.240786790847778320e+00
-8.363411426544189453e-01,1.167559027671813965e+00
-3.792836189270019531e+00,-4.122406482696533203e+00
-5.584268569946289062e-01,-2.966707646846771240e-01
-1.031793355941772461e+00,-4.053969085216522217e-01
3.760472238063812256e-01,-8.985442668199539185e-02
-8.002377748489379883e-01,-8.893644809722900391e-01
-1.119827985763549805e+00,-6.639946103096008301e-01
-3.532129049301147461e+00,4.256687164306640625e+00
-7.520907521247863770e-01,9.481331110000610352e-01
-7.879696488380432129e-01,1.534119844436645508e-01
-2.171277761459350586e+00,-2.010218620300292969e+00
-7.099087238311767578e-01,-1.039262562990188599e-01
1.525803804397583008e-01,-1.636521518230438232e-01
-2.080403327941894531e+00,-9.574338197708129883e-01
8.625382184982299805e-01,-4.264434874057769775e-01
1.695558786392211914e+00,-3.372874855995178223e-01
-1.387140393257141113e+00,-5.636273026466369629e-01
2.400800228118896484e+00,-1.965297460556030273e+00
1.115328073501586914e+00,-4.543126225471496582e-01
9.252051711082458496e-01,6.262395530939102173e-03
9.307094812393188477e-01,-2.187766551971435547e+00
7.919884920120239258e-01,-2.637118697166442871e-01
-1.123109459877014160e+00,-1.799033403396606445e+00
1.328566074371337891e+00,3.817721307277679443e-01
1.700883746147155762e+00,2.181127309799194336e+00
1.555250644683837891e+00,-3.808853328227996826e-01
-6.377829313278198242e-01,1.695554018020629883e+00
1.891581714153289795e-02,-6.992675662040710449e-01
-3.353921175003051758e+00,2.593604624271392822e-01
-6.231850981712341309e-01,-2.130823373794555664e+00
7.595467567443847656e-01,2.847785234451293945e+00
-7.308324426412582397e-02,9.670986235141754150e-02
-1.624412089586257935e-02,8.099789917469024658e-02
-8.295959830284118652e-01,4.272885799407958984e+00
1.498553901910781860e-01,4.013974964618682861e-01
-5.326165556907653809e-01,-3.846785128116607666e-01
-3.246590495109558105e-01,-6.462096571922302246e-01
7.117121815681457520e-01,-5.794605016708374023e-01
4.342176020145416260e-03,2.955959141254425049e-01
3.680585324764251709e-01,1.274259388446807861e-01
-1.873759925365447998e-01,-1.341027915477752686e-01
7.612476944923400879e-01,3.304486751556396484e+00
-2.755442142486572266e+00,-8.257046341896057129e-01
9.976567625999450684e-01,-7.314958423376083374e-02
-1.200955152511596680e+00,-2.294219017028808594e+00
5.621026754379272461e-01,-4.838717877864837646e-01
9.249946475028991699e-02,-2.114867448806762695e+00
9.543382525444030762e-01,-4.375230520963668823e-02
-1.066503524780273438e+00,-7.495529055595397949e-01
-8.050079941749572754e-01,-1.389549493789672852e+00
8.503980636596679688e-01,-3.149476051330566406e-01
9.659461975097656250e-01,-1.234082654118537903e-01
1.793033480644226074e+00,-7.599312067031860352e-01
4.564255774021148682e-01,6.888688206672668457e-01
-1.200041174888610840e+00,1.894915580749511719e+00
-2.073080539703369141e+00,9.240725040435791016e-01
-1.493462920188903809e+00,-5.069625973701477051e-01
-8.292707800865173340e-01,6.713002324104309082e-01
1.000394701957702637e+00,-2.214440405368804932e-01
-6.426721811294555664e-01,-1.104801893234252930e+00
3.728097975254058838e-01,5.016939043998718262e-01
8.201804012060165405e-02,2.197469770908355713e-01
1.168593049049377441e+00,3.270998477935791016e+00
-5.327869653701782227e-01,-4.646085739135742188e+00
6.195954978466033936e-02,-7.165543437004089355e-01
-6.786058545112609863e-01,-1.087998986244201660e+00
3.244400024414062500e+00,-1.239848494529724121e+00
9.710926413536071777e-01,-2.382746040821075439e-01
6.015288829803466797e-01,-3.163138031959533691e-01
1.072406291961669922e+00,-1.749769151210784912e-01
1.891043186187744141e+00,-5.124395489692687988e-01
9.783735871315002441e-01,-1.703022718429565430e-01
-8.405033946037292480e-01,1.039501428604125977e+00
3.503673553466796875e+00,-2.737272024154663086e+00
3.637933731079101562e-01,-1.259468913078308105e+00
-4.272683262825012207e-01,-3.471580445766448975e-01
-9.429837465286254883e-01,-7.761175632476806641e-01
9.248701930046081543e-01,-7.768833041191101074e-01
-4.190775156021118164e-01,1.527424931526184082e+00
3.227400779724121094e-01,-3.823437094688415527e-01
8.613454699516296387e-01,-8.904776722192764282e-02
9.227418899536132812e-01,2.107813358306884766e+00
-1.969384253025054932e-01,3.606954574584960938e+00
2.401283383369445801e-01,-4.953351914882659912e-01
-2.064226865768432617e+00,-1.030153989791870117e+00
1.353643536567687988e-01,-1.553377807140350342e-01
2.110327780246734619e-01,3.015746176242828369e-01
-1.968586444854736328e+00,2.387926578521728516e+00
-7.247902452945709229e-03,2.800367832183837891e+00
4.337882399559020996e-01,4.116360247135162354e-01
-1.808834075927734375e+00,-1.307026386260986328e+00
1.483857274055480957e+00,-6.699705719947814941e-01
7.482460141181945801e-01,-8.792359232902526855e-01
-9.830249547958374023e-01,-1.172796368598937988e+00
-3.786362648010253906e+00,-2.398833036422729492e+00
7.064181566238403320e-01,6.644039750099182129e-01
4.592211544513702393e-01,-9.134815931320190430e-01
1.476105302572250366e-01,3.296645283699035645e-01
-3.807117342948913574e-01,-4.791854918003082275e-01
9.146578907966613770e-01,-2.008869647979736328e-01
-7.499897480010986328e-01,-2.204840481281280518e-01
1.939041972160339355e+00,2.288455963134765625e+00
-1.583813905715942383e+00,-8.679034113883972168e-01
6.587328910827636719e-01,2.541492283344268799e-01
8.473373651504516602e-01,1.543317317962646484e+00
-1.685976862907409668e+00,-1.736499667167663574e-01
4.953393042087554932e-01,-5.584507584571838379e-01
-2.547963619232177734e+00,-1.246019601821899414e+00
2.839950621128082275e-01,7.795615494251251221e-02
8.459227085113525391e-01,2.342187762260437012e-01
-2.618119865655899048e-02,7.110100388526916504e-01
-1.763428330421447754e+00,7.643384337425231934e-01
6.963271498680114746e-01,2.689121067523956299e-01
3.285312652587890625e+00,-1.024029970169067383e+00
-5.116946697235107422e-01,-6.296502351760864258e-01
-1.206819534301757812e+00,-2.582817077636718750e-01
-7.277718782424926758e-01,8.224911689758300781e-01
-2.200583815574645996e-01,-1.896741688251495361e-01
6.792132258415222168e-01,-9.715175628662109375e-01
-1.145615950226783752e-01,-8.291852474212646484e-01
-8.791216611862182617e-01,2.520368099212646484e-01
-7.786071896553039551e-01,-5.080472230911254883e-01
9.590889215469360352e-01,-1.731174290180206299e-01
9.750978946685791016e-01,1.872298121452331543e-01
1.052584886550903320e+00,-7.146872878074645996e-01
9.820874333381652832e-01,-1.420439779758453369e-02
-3.216541707515716553e-01,1.993841826915740967e-01
-5.361577272415161133e-01,-9.101987481117248535e-01
-8.575478196144104004e-01,-5.955235362052917480e-01
1.152873337268829346e-01,-1.978202462196350098e-01
-1.177111387252807617e+00,-8.777378201484680176e-01
1.672444045543670654e-01,-1.182939335703849792e-01
-1.943037658929824829e-02,8.300204575061798096e-02
-4.543117582798004150e-01,-2.187889218330383301e-01
-2.634108662605285645e-01,-7.096276879310607910e-01
1.922945380210876465e+00,-8.386199474334716797e-01
-4.564904272556304932e-01,-7.207318395376205444e-02
3.711853176355361938e-02,2.584351599216461182e-01
6.799484491348266602e-01,-9.147878736257553101e-02
7.564877271652221680e-01,-6.219414472579956055e-01
-1.509975910186767578e+00,-6.747723221778869629e-01
1.304759979248046875e-01,4.244976043701171875e-01
-8.996160626411437988e-01,1.526897072792053223e+00
-2.837383270263671875e+00,1.492903232574462891e+00
-5.090268850326538086e-01,-8.398426771163940430e-01
-8.415114283561706543e-01,1.867330908775329590e+00
5.066921710968017578e-01,1.944074928760528564e-01
-2.992690503597259521e-01,-1.027012228965759277e+00
6.158990263938903809e-01,2.382531404495239258e+00
-1.643450975418090820e+00,3.120315372943878174e-01
-3.433356285095214844e-01,-3.934559226036071777e-01
1.024324417114257812e+00,6.681450456380844116e-02
-1.760834932327270508e+00,-1.102514266967773438e+00
3.377904295921325684e-01,1.523599326610565186e-01
2.696175277233123779e-01,-1.572778820991516113e-01
1.716665267944335938e+00,1.376558303833007812e+00
1.025436043739318848e+00,-1.246482133865356445e-02
-4.497280418872833252e-01,-7.599669694900512695e-01
9.382262825965881348e-01,-2.119928896427154541e-01
1.111375987529754639e-01,-2.589941322803497314e-01
7.276986241340637207e-01,-3.752854466438293457e-01
7.898217439651489258e-01,-3.825582265853881836e-01
9.884114265441894531e-01,-1.272993385791778564e-01
6.794983148574829102e-01,-1.076639533042907715e+00
-2.765868663787841797e+00,8.914094567298889160e-01
1.192237138748168945e-01,-3.169305250048637390e-02
-1.253384828567504883e+00,-6.965656280517578125e-01
3.503673553466796875e+00,-2.737272024154663086e+00
9.805994033813476562e-01,-1.416077613830566406e-01
-5.252321958541870117e-01,-2.060599803924560547e+00
1.268888950347900391e+00,3.758027851581573486e-01
8.783770203590393066e-01,-1.280236840248107910e-01
-1.756911516189575195e+00,2.220826148986816406e+00
-2.683916985988616943e-01,4.542230665683746338e-01
-1.773889362812042236e-01,-2.560296058654785156e+00
-1.820720434188842773e+00,-1.585322737693786621e+00
-4.732860624790191650e-01,-1.436624646186828613e+00
-5.703969001770019531e-01,-1.100963234901428223e+00
-3.542082905769348145e-01,-4.363043010234832764e-01
9.610602855682373047e-01,-1.805617928504943848e+00
-1.772832155227661133e+00,-6.175287961959838867e-01
-2.150034010410308838e-01,-6.460708975791931152e-01
-4.968055188655853271e-01,-6.082620620727539062e-01
1.650330305099487305e+00,-1.852053403854370117e-01
-4.247680008411407471e-01,5.980914831161499023e-02
-6.213700771331787109e-01,-7.385483980178833008e-01
-6.359770298004150391e-01,-3.845506310462951660e-01
-7.554364204406738281e-01,-4.883938729763031006e-01
-1.807297468185424805e+00,2.650288641452789307e-01
9.374000430107116699e-01,-1.584372222423553467e-01
-4.187206625938415527e-01,2.668196678161621094e+00
7.810455560684204102e-01,6.071414425969123840e-02
3.629466593265533447e-01,1.846566796302795410e-01
-2.957922697067260742e+00,-2.743817090988159180e+00
-3.081418514251708984e+00,-4.904766976833343506e-01
-1.763428330421447754e+00,7.643384337425231934e-01
-1.440765142440795898e+00,-1.851649522781372070e+00
-2.138746023178100586e+00,1.503534674644470215e+00
1.700078547000885010e-01,-2.476547360420227051e-01
-7.089134305715560913e-02,-6.381187438964843750e-01
9.958247542381286621e-01,-3.908006548881530762e-01
-1.506168007850646973e+00,1.599493265151977539e+00
8.374170660972595215e-01,-3.609292507171630859e-01
2.127952337265014648e+00,-4.903827011585235596e-01
1.070028424263000488e+00,3.152026832103729248e-01
-1.405190229415893555e+00,2.340915501117706299e-01
-2.324614524841308594e+00,-9.523679018020629883e-01
1.498553901910781860e-01,4.013974964618682861e-01
9.216729998588562012e-01,-3.669235408306121826e-01
-1.143333911895751953e+00,-1.510724663734436035e+00
8.430725336074829102e-01,-4.000169038772583008e-01
6.951947808265686035e-01,2.176639437675476074e-01
-6.494954228401184082e-01,-5.167592763900756836e-01
4.760650098323822021e-01,1.332972764968872070e+00
5.776421725749969482e-02,2.004947185516357422e+00
-2.287758350372314453e+00,1.206407308578491211e+00
4.500870704650878906e+00,-2.198564529418945312e+00
-1.005922675132751465e+00,-1.174085736274719238e+00
1.017884373664855957e+00,-3.518994897603988647e-02
4.800810515880584717e-01,-4.729543626308441162e-01
-9.584238529205322266e-01,-4.282611310482025146e-01
-1.074484348297119141e+00,-1.328252792358398438e+00
-1.728445053100585938e+00,1.221968889236450195e+00
1.080897212028503418e+00,-6.634718775749206543e-01
-2.126362919807434082e-02,-3.648337423801422119e-01
-5.358316302299499512e-01,-6.154460310935974121e-01
-7.162722349166870117e-01,-1.396031379699707031e+00
-6.098210215568542480e-01,-3.048169612884521484e-01
9.825479984283447266e-01,-8.181374520063400269e-03
-9.358937740325927734e-01,-1.260836720466613770e+00
2.178290128707885742e+00,-5.833408832550048828e-01
1.595374107360839844e+00,-8.539651632308959961e-01
6.181948184967041016e-01,8.020061999559402466e-03
9.880219697952270508e-01,-1.233871653676033020e-01
-1.651154398918151855e+00,-1.801263809204101562e+00
3.864227235317230225e-02,-6.903920769691467285e-01
-1.412992954254150391e+00,1.267184853553771973e+00
7.110163569450378418e-01,9.270167350769042969e-01
-1.161959171295166016e+00,-2.030052661895751953e+00
-1.647653222084045410e+00,1.636701822280883789e+00
1.555250644683837891e+00,-3.808853328227996826e-01
-6.904094219207763672e-01,1.036771297454833984e+00
9.853435754776000977e-01,1.930039048194885254e+00
1.063059091567993164e+00,2.473413944244384766e-01
-1.543915510177612305e+00,3.396999537944793701e-01
-7.173637151718139648e-01,-1.178041577339172363e+00
-8.648563623428344727e-01,-5.304977297782897949e-01
-1.070766210556030273e+00,1.833405613899230957e+00
-8.085343241691589355e-01,-1.243577003479003906e+00
-3.585624217987060547e+00,1.246752217411994934e-03
1.100484728813171387e+00,5.832641571760177612e-02
-1.916361331939697266e+00,-2.097162961959838867e+00
3.150425910949707031e+00,-7.408511638641357422e-01
-8.011435866355895996e-01,-5.695959329605102539e-01
7.110163569450378418e-01,9.270167350769042969e-01
8.783770203590393066e-01,-1.280236840248107910e-01
-1.116183161735534668e+00,-1.264575481414794922e+00
6.556290984153747559e-01,-4.878868907690048218e-02
9.631186723709106445e-01,-2.090182006359100342e-01
1.656943440437316895e+00,-9.029294252395629883e-01
5.515524148941040039e-01,-2.132973447442054749e-02
9.503028988838195801e-01,-3.234132826328277588e-01
9.788634777069091797e-01,-2.238339483737945557e-01
9.339361190795898438e-01,-2.947057485580444336e-01
2.700358033180236816e-01,-1.005679890513420105e-01
-1.365928649902343750e+00,-5.172876119613647461e-01
1.038057208061218262e+00,-2.415389120578765869e-01
-2.493920624256134033e-01,-8.821478486061096191e-01
1.382448315620422363e+00,-2.475648820400238037e-01
-5.543606877326965332e-01,-6.097398400306701660e-01
-9.732805490493774414e-01,-3.744292855262756348e-01
9.226199388504028320e-01,4.516625881195068359e+00
9.381528496742248535e-01,-3.827960491180419922e-01
-7.086949348449707031e-01,5.530893206596374512e-01
-3.675884902477264404e-01,1.082129716873168945e+00
-2.078183650970458984e+00,1.702434718608856201e-01
-5.358316302299499512e-01,-6.154460310935974121e-01
1.124501824378967285e+00,-5.324392914772033691e-01
-7.637568712234497070e-01,-4.783000349998474121e-01
9.380361437797546387e-01,1.545079350471496582e-01
6.063951849937438965e-01,-1.219907477498054504e-01
4.654411375522613525e-01,-5.350174307823181152e-01
-1.756911516189575195e+00,2.220826148986816406e+00
-7.816908955574035645e-01,-1.015449404716491699e+00
3.733327388763427734e-01,1.171098947525024414e+00
1.816343814134597778e-01,-3.153701126575469971e-01
8.726504445075988770e-01,1.233185887336730957e+00
-1.447759866714477539e+00,5.043736472725868225e-02
-3.114501714706420898e+00,-8.355091214179992676e-01
9.957006573677062988e-01,-5.203737318515777588e-02
2.345269322395324707e-01,2.960222959518432617e+00
9.957006573677062988e-01,-5.203737318515777588e-02
7.661275267601013184e-01,-3.775828182697296143e-01
8.353518843650817871e-01,-1.564052104949951172e-01
8.802238702774047852e-01,-1.013035550713539124e-01
-1.095502972602844238e+00,-9.550223946571350098e-01
1.302073299884796143e-01,-1.800872385501861572e-01
-4.176192581653594971e-01,-4.912858307361602783e-01
-3.300928115844726562e+00,2.802137613296508789e+00
-4.461696445941925049e-01,-6.923484802246093750e-01
-5.679173469543457031e-01,-9.366632699966430664e-01
4.449938833713531494e-01,-7.689333707094192505e-02
1.111375987529754639e-01,-2.589941322803497314e-01
1.972905755043029785e+00,-1.839110612869262695e+00
-4.060424864292144775e-02,5.219927057623863220e-03
-1.203109264373779297e+00,-7.813578248023986816e-01
7.974786162376403809e-01,-9.306434988975524902e-01
1.265094578266143799e-01,2.562111616134643555e-01
9.422774314880371094e-01,-6.762623786926269531e-02
-2.466880381107330322e-01,1.717666387557983398e-01
9.710926413536071777e-01,-2.382746040821075439e-01
-1.322049498558044434e+00,1.216279625892639160e+00
-5.373492240905761719e-01,2.174173593521118164e+00
-1.351382374763488770e+00,-1.056717157363891602e+00
-1.064624309539794922e+00,-5.932173728942871094e-01
8.097508549690246582e-01,-4.488367736339569092e-01
-6.555084586143493652e-01,-9.250943064689636230e-01
-8.212339282035827637e-01,-1.081039309501647949e+00
-1.387443423271179199e+00,1.271860003471374512e-01
1.646391272544860840e+00,1.641750335693359375e-01
6.329770088195800781e-01,-4.214149415493011475e-01
5.376993417739868164e-01,-9.329406619071960449e-01
-4.187206625938415527e-01,2.668196678161621094e+00
-2.255629539489746094e+00,-2.244650602340698242e+00
3.506174981594085693e-01,8.865451067686080933e-02
-7.974998950958251953e-01,-6.203799247741699219e-01
2.393292665481567383e+00,-7.735569477081298828e-01
-2.367380142211914062e+00,-8.596513867378234863e-01
-1.192437529563903809e+00,-7.432321906089782715e-01
-1.148785710334777832e+00,-1.808622360229492188e+00
-1.947144865989685059e-01,1.907328069210052490e-01
3.295844793319702148e-01,5.562220215797424316e-01
4.642605781555175781e-01,-1.082099899649620056e-01
2.457803726196289062e+00,-5.061256885528564453e-01
-5.252321958541870117e-01,-2.060599803924560547e+00
-9.549648761749267578e-01,-6.180537343025207520e-01
-1.789582371711730957e+00,1.673509240150451660e+00
1.995722055435180664e-01,5.320854187011718750e-01
1.005095720291137695e+00,-4.751699566841125488e-01
7.316960692405700684e-01,-1.260107755661010742e+00
1.020291924476623535e+00,-1.370579004287719727e-01
-1.749387979507446289e+00,-6.621252298355102539e-01
-1.500863194465637207e+00,-1.623608946800231934e+00
-3.618998289108276367e+00,-3.366673946380615234e+00
-3.353368490934371948e-02,-3.568859100341796875e-01
2.648763954639434814e-01,-1.706964075565338135e-01
-8.543332815170288086e-01,3.578191101551055908e-01
-1.381559967994689941e+00,-1.515947937965393066e+00
-8.054096102714538574e-01,1.256917953491210938e+00
-6.353498101234436035e-01,-4.469404220581054688e-01
7.699428796768188477e-01,-1.118140220642089844e+00
1.403955817222595215e+00,-6.076588153839111328e+00
9.570580720901489258e-01,1.129547238349914551e+00
8.727966547012329102e-01,-7.631148099899291992e-01
-1.035298347473144531e+00,-1.207731127738952637e+00
1.340792298316955566e+00,-6.910094618797302246e-01
1.000394701957702637e+00,-2.214440405368804932e-01
2.422765195369720459e-01,2.320280075073242188e-01
3.506174981594085693e-01,8.865451067686080933e-02
-2.044418334960937500e+00,-3.628476619720458984e+00
7.831109762191772461e-01,2.107270061969757080e-01
-2.715983688831329346e-01,-8.342669606208801270e-01
-1.628330826759338379e+00,-1.800808548927307129e+00
2.236831933259963989e-02,-7.180914878845214844e-01
-2.611904144287109375e+00,-2.582226514816284180e+00
-8.648563623428344727e-01,-5.304977297782897949e-01
1.940233707427978516e-01,5.688437819480895996e-01
-2.411749362945556641e-01,-8.210922479629516602e-01
8.921955227851867676e-01,-9.457985758781433105e-01
-7.425372600555419922e-01,1.350269198417663574e+00
-3.288264572620391846e-01,-7.290949225425720215e-01
-4.394277036190032959e-01,-5.039079189300537109e-01
2.213254868984222412e-01,2.087637424468994141e+00
-1.075007796287536621e+00,1.286242127418518066e+00
6.178845167160034180e-01,-9.156999588012695312e-01
7.753808498382568359e-01,-4.072348177433013916e-01
-2.999835908412933350e-01,-7.378584742546081543e-01
-2.635047912597656250e+00,-9.518910646438598633e-01
-5.432050228118896484e-01,7.619593143463134766e-01
9.674443602561950684e-01,6.819945573806762695e-02
-3.216541707515716553e-01,1.993841826915740967e-01
8.702757954597473145e-01,-2.083956301212310791e-01
1.239061951637268066e-01,-1.979323923587799072e-01
-9.701098203659057617e-01,-1.079710006713867188e+00
-9.042596817016601562e-01,-1.713494539260864258e+00
2.330301105976104736e-01,2.654017925262451172e+00
-3.768683671951293945e-01,-5.020850896835327148e-01
1.161522507667541504e+00,2.642581164836883545e-01
-6.078944206237792969e-01,3.163257837295532227e+00
-8.916737437248229980e-01,-1.533934473991394043e+00
1.574748992919921875e+00,2.521044492721557617e+00
-6.403779238462448120e-02,1.710222363471984863e+00
-1.009075999259948730e+00,-4.855132400989532471e-01
6.921299099922180176e-01,-1.659098148345947266e+00
2.393292665481567383e+00,-7.735569477081298828e-01
-3.327098488807678223e-01,-4.788408279418945312e-01
-9.389475733041763306e-02,-5.987192988395690918e-01
9.307094812393188477e-01,-2.187766551971435547e+00
1.796106815338134766e+00,-3.981991112232208252e-01
1.597784996032714844e+00,-4.588122963905334473e-01
3.022743761539459229e-01,-3.926188051700592041e-01
-1.610191702842712402e+00,4.077351093292236328e-01
-5.796461701393127441e-01,1.390697240829467773e+00
-1.226093649864196777e+00,-2.622992038726806641e+00
8.493295907974243164e-01,-1.698752522468566895e+00
1.816343814134597778e-01,-3.153701126575469971e-01
1.472439467906951904e-01,3.348284661769866943e-01
-4.865117967128753662e-01,-9.257546067237854004e-02
3.576886653900146484e-01,-1.974883973598480225e-01
-2.220100641250610352e+00,-2.225318193435668945e+00
-2.482267469167709351e-02,-2.231117188930511475e-01
-5.935266017913818359e-01,9.322963356971740723e-01
-8.076922893524169922e-01,1.136512160301208496e+00
-8.043108582496643066e-01,-5.394250154495239258e-01
-6.353498101234436035e-01,-4.469404220581054688e-01
8.353518843650817871e-01,-1.564052104949951172e-01
-2.546896457672119141e+00,-1.649291753768920898e+00
3.208677470684051514e-01,-9.965106844902038574e-02
6.781526803970336914e-01,-7.083600759506225586e-02
8.377000093460083008e-01,-4.182954430580139160e-01
-1.168009281158447266e+00,-5.336334109306335449e-01
-5.528110265731811523e-02,1.615699529647827148e-01
-2.118276357650756836e+00,4.459508955478668213e-01
-1.525110721588134766e+00,4.172789156436920166e-01
-2.016230583190917969e+00,-8.802570700645446777e-01
1.966993212699890137e+00,-6.111144423484802246e-01
-9.980514049530029297e-01,-3.322280049324035645e-01
7.820098400115966797e-01,1.352695971727371216e-01
-9.740952253341674805e-01,1.638629436492919922e+00
-1.265096664428710938e-01,-1.806241035461425781e+00
-1.591241598129272461e+00,-1.073633313179016113e+00
-1.234105229377746582e+00,1.433993697166442871e+00
-1.204905152320861816e+00,1.676937460899353027e+00
5.472109317779541016e-01,-8.609927296638488770e-01
1.131779909133911133e+00,-2.320753335952758789e-01
-7.506303191184997559e-01,-6.590862870216369629e-01
9.939335584640502930e-01,-1.440449953079223633e-01
2.929016828536987305e+00,-4.455616176128387451e-01
9.304865598678588867e-01,-2.453291714191436768e-01
7.679290771484375000e-01,-8.545716404914855957e-01
9.144427776336669922e-01,-3.827234804630279541e-01
1.250950098037719727e+00,-5.348552465438842773e-01
-8.472005277872085571e-02,-9.063535928726196289e-01
1.794836640357971191e+00,-3.968315124511718750e-01
-8.199065327644348145e-01,3.240371495485305786e-02
9.841129779815673828e-01,2.956647053360939026e-02
-3.348724365234375000e+00,-2.448518276214599609e+00
1.239061951637268066e-01,-1.979323923587799072e-01
-6.250796914100646973e-01,5.547364354133605957e-01
-1.120061755180358887e+00,1.436269521713256836e+00
-8.011681437492370605e-01,-7.463971972465515137e-01
-2.650406658649444580e-01,-1.978854894638061523e+00
-7.161074280738830566e-01,1.095722675323486328e+00
2.953652739524841309e-01,2.847990095615386963e-01
7.302736639976501465e-01,-3.793656229972839355e-01
-2.547963619232177734e+00,-1.246019601821899414e+00
3.878682851791381836e-01,1.392897516489028931e-01
-4.582944214344024658e-01,-1.796682000160217285e+00
-1.170395851135253906e+00,6.716574430465698242e-01
1.521481752395629883e+00,-5.600051879882812500e-01
1.211773753166198730e+00,2.239968299865722656e+00
1.209544986486434937e-01,3.170390605926513672e+00
-1.723531007766723633e+00,4.165772795677185059e-01
7.899787425994873047e-01,-3.587624430656433105e-01
3.767392933368682861e-01,2.385231554508209229e-01
3.301485180854797363e-01,5.510299205780029297e-01
2.588902115821838379e-01,3.053411543369293213e-01
-2.992690503597259521e-01,-1.027012228965759277e+00
2.246415242552757263e-02,-7.073292136192321777e-01
-5.767500996589660645e-01,3.457236289978027344e-02
-9.636125564575195312e-01,-2.419187545776367188e+00
4.181330651044845581e-02,3.162173032760620117e-01
-1.038612723350524902e+00,-1.436174631118774414e+00
-1.639393687248229980e+00,-3.660079956054687500e+00
-2.283150911331176758e+00,-5.523767471313476562e-01
9.021555185317993164e-01,-2.755166292190551758e-01
-1.893849492073059082e+00,-2.316943645477294922e+00
-1.063878178596496582e+00,-6.239697337150573730e-01
2.539583668112754822e-02,-1.283659636974334717e-01
-9.089935421943664551e-01,-1.507104039192199707e+00
9.036424160003662109e-01,-1.311609387397766113e+00
-3.977913856506347656e-01,-9.357504248619079590e-01
-1.055119752883911133e+00,6.896561980247497559e-01
-5.381444841623306274e-02,3.200365304946899414e-01
6.792132258415222168e-01,-9.715175628662109375e-01
4.476830363273620605e-01,-3.626761436462402344e-01
-2.163121938705444336e+00,1.077847957611083984e+00
-2.324614524841308594e+00,-9.523679018020629883e-01
1.894373178482055664e+00,-9.517205953598022461e-01
1.050804257392883301e+00,-3.427862823009490967e-01
3.735406696796417236e-02,2.953643798828125000e-01
-6.213700771331787109e-01,-7.385483980178833008e-01
-8.218469023704528809e-01,1.518278419971466064e-01
1.050077676773071289e+00,1.127984970808029175e-01
7.403992414474487305e-01,-3.802014291286468506e-01
-1.940502226352691650e-01,-1.914918303489685059e+00
-2.090027093887329102e+00,-1.259161829948425293e+00
-1.202688813209533691e+00,-7.923228144645690918e-01
-5.510718822479248047e-01,1.137170433998107910e+00
-6.833150386810302734e-01,-1.922070384025573730e-01
-3.991696357727050781e+00,-2.121870040893554688e+00
-5.725727677345275879e-01,-7.293902039527893066e-01
-5.935153961181640625e-01,5.208784937858581543e-01
4.885029792785644531e-01,6.253545880317687988e-01
1.029036641120910645e+00,-1.565217375755310059e-01
8.367471098899841309e-01,-1.110227778553962708e-01
9.816212654113769531e-01,-5.886206030845642090e-02
-7.364948391914367676e-01,-1.416480779647827148e+00
1.572826951742172241e-01,-2.263957858085632324e-01
-1.727916240692138672e+00,1.818916797637939453e-01
6.837415099143981934e-01,-1.131130695343017578e+00
1.699071764945983887e+00,2.198054313659667969e+00
5.385243892669677734e-01,-2.079004645347595215e-01
2.134640693664550781e+00,-1.782298326492309570e+00
1.022370219230651855e+00,-1.393663048744201660e+00
3.219900429248809814e-01,-4.824919402599334717e-01
-2.204841136932373047e+00,-6.610524654388427734e-01
5.690796971321105957e-01,1.259752213954925537e-01
5.720229744911193848e-01,1.915743649005889893e-01
9.779745340347290039e-01,-1.679485738277435303e-01
-1.161528110504150391e+00,-6.491906046867370605e-01
-7.350679636001586914e-01,-1.417992949485778809e+00
9.375458955764770508e-01,3.404885530471801758e-03
4.605004191398620605e-01,1.099810898303985596e-01
-2.067640066146850586e+00,-1.690227150917053223e+00
9.505684375762939453e-01,-1.465194225311279297e-01
1.680624842643737793e+00,-5.924822688102722168e-01
-1.383632779121398926e+00,-1.631759881973266602e+00
1.281695961952209473e-01,8.301423862576484680e-03
1.223704457283020020e+00,-9.889844059944152832e-01
-8.502990007400512695e-01,-1.293898820877075195e+00
-1.078957840800285339e-01,7.121362090110778809e-01
9.442569017410278320e-01,3.650744259357452393e-01
1.152788519859313965e+00,-3.646297752857208252e-01
-7.913939356803894043e-01,6.313848495483398438e-01
-2.755039930343627930e+00,1.919641852378845215e+00
-3.465107828378677368e-02,-4.411929547786712646e-01
-1.202362537384033203e+00,-1.785220742225646973e+00
8.462612628936767578e-01,-1.322728693485260010e-01
9.507766366004943848e-01,-1.151281669735908508e-01
2.369730472564697266e+00,-4.920690953731536865e-01
-8.066019415855407715e-01,-4.906017482280731201e-01
-7.189290523529052734e-01,5.389829874038696289e-01
-1.266298770904541016e+00,-8.019033670425415039e-01
8.821986317634582520e-01,-4.990178346633911133e-02
1.207923769950866699e+00,2.855736911296844482e-01
1.654869914054870605e+00,-5.046840906143188477e-01
-7.520907521247863770e-01,9.481331110000610352e-01
5.292377620935440063e-02,-7.033618688583374023e-01
-5.071956515312194824e-01,-4.704189300537109375e-01
3.397378623485565186e-01,2.109849750995635986e-01
3.864227235317230225e-02,-6.903920769691467285e-01
1.887525320053100586e-01,4.539400339126586914e-02
2.037304162979125977e+00,-5.955150127410888672e-01
-7.637568712234497070e-01,-4.783000349998474121e-01
-1.271369218826293945e+00,3.027185201644897461e-01
-2.375198841094970703e+00,3.258898854255676270e-01
1.083298772573471069e-02,7.082963585853576660e-01
-8.376424312591552734e-01,-7.407914996147155762e-01
3.514735400676727295e-01,5.279982089996337891e-01
-4.338086545467376709e-01,8.306489586830139160e-01
-1.374970197677612305e+00,1.350368857383728027e-01
2.950036525726318359e-01,4.780219793319702148e-01
-4.394609034061431885e-01,1.108784824609756470e-01
-1.699570417404174805e+00,-4.581373631954193115e-01
-8.559277653694152832e-01,1.237725257873535156e+00
-6.904094219207763672e-01,1.036771297454833984e+00
-1.628580689430236816e-01,3.720463514328002930e+00
-7.059496641159057617e-01,-1.229559421539306641e+00
-9.166635274887084961e-01,1.157800316810607910e+00
9.706578850746154785e-01,1.259249567985534668e+00
8.223633766174316406e-01,-3.795112371444702148e-01
-2.029966413974761963e-01,-2.533672749996185303e-01
2.001675844192504883e+00,-3.366045653820037842e-01
-8.212339282035827637e-01,-1.081039309501647949e+00
-2.065874636173248291e-01,-5.424581170082092285e-01
-2.264657616615295410e-01,8.432443141937255859e-01
-2.310219407081604004e-01,-7.439579963684082031e-01
1.739855051040649414e+00,-9.040321707725524902e-01
-6.642034649848937988e-01,-4.913460910320281982e-01
9.746584892272949219e-01,-1.863467693328857422e-01
6.594542860984802246e-01,-1.327787876129150391e+00
9.601556062698364258e-01,-2.920718193054199219e-01
2.159472227096557617e+00,-8.625962734222412109e-01
3.043866157531738281e-01,2.773578763008117676e-01
-1.444618821144104004e+00,2.623723506927490234e+00
-1.628330826759338379e+00,-1.800808548927307129e+00
1.149601101875305176e+00,-4.527401924133300781e-01
2.338702380657196045e-01,4.734084010124206543e-01
-5.021299123764038086e-01,-6.513540744781494141e-01
-1.035298347473144531e+00,-1.207731127738952637e+00
-9.128091335296630859e-01,-1.692075133323669434e+00
-1.296654045581817627e-01,3.087424337863922119e-01
-1.629875779151916504e+00,-5.447211861610412598e-01
-2.570091962814331055e+00,1.251466155052185059e+00
8.388256430625915527e-01,-4.559699892997741699e-01
-6.256704777479171753e-02,-8.324530720710754395e-01
-2.458050251007080078e-01,3.320485353469848633e-01
-1.743499994277954102e+00,-1.573750257492065430e+00
7.837630063295364380e-02,2.238056957721710205e-01
-5.935266017913818359e-01,9.322963356971740723e-01
-1.102695226669311523e+00,1.574846982955932617e+00
-7.089134305715560913e-02,-6.381187438964843750e-01
-2.245933711528778076e-01,1.047119945287704468e-01
1.755240678787231445e+00,-6.832023859024047852e-01
-4.634319990873336792e-02,1.220001578330993652e+00
-9.710122346878051758e-01,-2.865547895431518555e+00
-4.952299892902374268e-01,-8.448572754859924316e-01
-1.309231877326965332e+00,1.294242739677429199e+00
1.006744027137756348e+00,-2.620227932929992676e-01
1.618128418922424316e+00,-7.649822831153869629e-01
9.674727916717529297e-01,-1.448122560977935791e-01
6.805905103683471680e-01,2.446795403957366943e-01
-2.570091962814331055e+00,1.251466155052185059e+00
-1.136808633804321289e+00,-1.331593036651611328e+00
-3.843121230602264404e-01,-9.572460651397705078e-01
1.059836030006408691e+00,1.439030051231384277e+00
-1.408357024192810059e+00,-7.494028806686401367e-01
-6.926680207252502441e-01,-2.115550339221954346e-01
-1.498425483703613281e+00,3.192631483078002930e+00
-7.173637151718139648e-01,-1.178041577339172363e+00
4.166678488254547119e-01,-2.982381880283355713e-01
-2.362518310546875000e+00,-1.078312635421752930e+00
9.867725968360900879e-01,-2.841150462627410889e-01
4.869730770587921143e-01,-3.142192959785461426e-03
-3.961804807186126709e-01,-7.749426960945129395e-01
-1.168009281158447266e+00,-5.336334109306335449e-01
-6.511568427085876465e-01,-5.120362043380737305e-01
3.437916338443756104e-01,3.416752815246582031e-01
-1.180746674537658691e+00,-1.643323183059692383e+00
-5.609835982322692871e-01,-6.541453599929809570e-01
4.869096577167510986e-01,-3.962279260158538818e-01
-2.038421481847763062e-02,4.877980232238769531e+00
8.477227091789245605e-01,-4.500259757041931152e-01
1.011906623840332031e+00,-2.590728551149368286e-02
-1.453620314598083496e+00,-6.169632077217102051e-01
-9.314915537834167480e-01,-1.615805864334106445e+00
-1.025692701339721680e+00,2.854541063308715820e+00
-6.031819581985473633e-01,-8.653842806816101074e-01
1.073120832443237305e+00,-1.734123826026916504e-01
4.702476561069488525e-01,3.094106614589691162e-01
6.092283129692077637e-01,-4.212665259838104248e-01
9.226199388504028320e-01,4.516625881195068359e+00
-1.405190229415893555e+00,2.340915501117706299e-01
-4.518965780735015869e-01,-8.188334703445434570e-01
-8.045839667320251465e-01,1.280686736106872559e+00
1.595374107360839844e+00,-8.539651632308959961e-01
-7.513891458511352539e-01,1.037344574928283691e+00
-1.789582371711730957e+00,1.673509240150451660e+00
3.310326933860778809e-01,-1.625026389956474304e-02
1.995722055435180664e-01,5.320854187011718750e-01
9.338837265968322754e-01,-1.199395582079887390e-01
-2.917293012142181396e-01,-4.822938740253448486e-01
-4.689727127552032471e-01,-7.741784453392028809e-01
-2.031863331794738770e-01,-3.544736802577972412e-01
-5.524697303771972656e-01,-2.995014786720275879e-01
-1.969384253025054932e-01,3.606954574584960938e+00
1.692003607749938965e+00,-4.939410388469696045e-01
-1.131366610527038574e+00,-7.377943396568298340e-01
-7.288742661476135254e-01,-1.464090466499328613e+00
-4.592487961053848267e-02,-2.390573322772979736e-01
1.441205739974975586e-01,-1.319373488426208496e+00
9.822744727134704590e-01,4.852702841162681580e-02
-1.336038112640380859e+00,1.205344557762145996e+00
-1.489103078842163086e+00,-1.597362518310546875e+00
6.510270237922668457e-01,-1.326193287968635559e-02
-6.836261600255966187e-02,3.458283841609954834e-01
1.012439727783203125e+00,-1.694947481155395508e-01
-1.796916365623474121e+00,-1.720906019210815430e+00
-1.543692469596862793e+00,6.404966115951538086e-01
1.391973018646240234e+00,3.320727825164794922e+00
-3.890585601329803467e-01,-7.484419941902160645e-01
-1.203196644783020020e+00,3.518174588680267334e-01
7.785264849662780762e-01,-1.391482651233673096e-01
4.156489968299865723e-01,-6.670917272567749023e-01
7.650553584098815918e-01,-3.217327594757080078e-01
-6.897231340408325195e-01,-8.194923400878906250e-01
1.029660180211067200e-01,-2.752352058887481689e-01
-3.811901330947875977e+00,-5.389521598815917969e+00
1.420016288757324219e+00,-1.006853803992271423e-01
-4.451937198638916016e+00,2.426560401916503906e+00
-1.903126835823059082e+00,5.657859802246093750e+00
-9.073222279548645020e-01,-1.666166782379150391e-01
-9.918894767761230469e-01,-9.425771236419677734e-02
8.364128321409225464e-02,-1.408255100250244141e-01
-3.016834557056427002e-01,-1.618321835994720459e-01
-1.290133237838745117e+00,1.609535098075866699e+00
-7.998336553573608398e-01,-1.306745409965515137e+00
-7.802885174751281738e-01,-4.716991484165191650e-01
6.351692080497741699e-01,-1.550771832466125488e+00
-4.441354572772979736e-01,4.993129521608352661e-02
-8.041094988584518433e-02,-9.632453918457031250e-01
-1.213344931602478027e+00,-1.460892677307128906e+00
-3.514762520790100098e-01,-8.654404878616333008e-01
2.779108881950378418e-01,4.986962974071502686e-01
-1.152720689773559570e+00,8.947551250457763672e-01
1.007306218147277832e+00,-1.705887615680694580e-01
1.135131478309631348e+00,2.897290885448455811e-01
1.027363300323486328e+00,-1.871638298034667969e-01
9.861631989479064941e-01,-1.047308593988418579e-01
6.322330236434936523e-02,1.414900898933410645e+00
-2.518738210201263428e-01,-8.784939646720886230e-01
-2.098108083009719849e-02,-1.826812744140625000e+00
-1.359195470809936523e+00,-7.267898917198181152e-01
2.847766876220703125e-01,6.552969664335250854e-02
-3.142914474010467529e-01,-5.051089525222778320e-01
1.445692300796508789e+00,-3.590961456298828125e+00
-2.241335391998291016e+00,-1.622965812683105469e+00
9.779745340347290039e-01,-1.679485738277435303e-01
-1.118165731430053711e+00,-3.797134160995483398e+00
2.873338460922241211e+00,-1.836463451385498047e+00
1.070028424263000488e+00,3.152026832103729248e-01
-7.813007831573486328e-01,-1.397438526153564453e+00
3.960588276386260986e-01,2.370356619358062744e-01
7.074866294860839844e-01,-1.241205096244812012e+00
8.525877445936203003e-02,-2.103821933269500732e-01
-2.311594784259796143e-01,4.164851605892181396e-01
9.505684375762939453e-01,-1.465194225311279297e-01
2.422765195369720459e-01,2.320280075073242188e-01
-3.614094555377960205e-01,-1.174569725990295410e+00
-2.965035140514373779e-01,-6.017045974731445312e-01
1.289217770099639893e-01,6.758684515953063965e-01
-1.373762607574462891e+00,-2.602121978998184204e-02
1.289217770099639893e-01,6.758684515953063965e-01
1.766142964363098145e+00,2.486383676528930664e+00
9.381528496742248535e-01,-3.827960491180419922e-01
-1.104267597198486328e+00,-1.275927901268005371e+00
8.525877445936203003e-02,-2.103821933269500732e-01
1.586020588874816895e+00,-5.780636668205261230e-01
-4.803824722766876221e-01,5.231113433837890625e-01
6.477932929992675781e-01,-6.085084676742553711e-01
2.184561014175415039e+00,-4.238112270832061768e-01
8.552570343017578125e-01,3.229622840881347656e-01
-1.055095553398132324e+00,1.098302364349365234e+00
9.632630944252014160e-01,-1.782523393630981445e-01
-6.673081517219543457e-01,-7.292050719261169434e-01
-1.567475795745849609e+00,-4.557140916585922241e-02
-4.651564061641693115e-01,-6.137552261352539062e-01
1.018000960350036621e+00,8.807241171598434448e-02
-6.475641131401062012e-01,-3.809257149696350098e-01
5.016008615493774414e-01,-7.738322615623474121e-01
-2.104479789733886719e+00,-1.312381863594055176e+00
1.469058990478515625e+00,-3.331977725028991699e-01
1.905206590890884399e-02,1.273086667060852051e-01
7.954923510551452637e-01,1.848601102828979492e-01
-2.089842081069946289e+00,-9.987937808036804199e-01
5.735774040222167969e-01,1.446721255779266357e-01
-3.081015586853027344e+00,3.297409057617187500e+00
1.187271714210510254e+00,-3.205270469188690186e-01
1.042128443717956543e+00,1.242985948920249939e-01
1.052492380142211914e+00,2.987108826637268066e-01
-1.744919180870056152e+00,1.962803602218627930e+00
4.258863627910614014e-01,6.009681224822998047e-01
-1.827986955642700195e+00,2.258769035339355469e+00
1.289334774017333984e+00,2.848760128021240234e+00
1.073720335960388184e+00,-1.398107707500457764e-01
-1.163831278681755066e-01,-4.878213107585906982e-01
3.629466593265533447e-01,1.846566796302795410e-01
9.941225647926330566e-01,-1.599923372268676758e-01
3.656064867973327637e-01,2.798769474029541016e-01
-1.590909063816070557e-02,2.358421683311462402e-02
-3.202032148838043213e-01,-6.210464835166931152e-01
-4.451937198638916016e+00,2.426560401916503906e+00
-2.102134704589843750e+00,2.697109282016754150e-01
1.071436524391174316e+00,-4.747195541858673096e-01
-1.251161575317382812e+00,1.281862616539001465e+00
1.063837856054306030e-02,3.057136535644531250e-01
8.974161148071289062e-01,-4.278714954853057861e-02
-1.620827794075012207e+00,2.305135011672973633e+00
-8.017473816871643066e-01,-1.214513897895812988e+00
-2.765868663787841797e+00,8.914094567298889160e-01
5.594850182533264160e-01,2.907106280326843262e-01
-8.759626746177673340e-01,9.564573764801025391e-01
8.042912483215332031e-01,-1.753805577754974365e-01
9.988926649093627930e-01,-2.269069552421569824e-01
-7.405369281768798828e-01,-5.091050863265991211e-01
4.532130956649780273e-01,5.384392738342285156e-01
2.730009853839874268e-01,8.338215351104736328e-01
2.178042173385620117e+00,-1.565743684768676758e+00
-6.519219875335693359e-01,3.694045841693878174e-01
-6.626539826393127441e-01,7.585266828536987305e-01
5.818409919738769531e-01,4.132981002330780029e-01
-2.029966413974761963e-01,-2.533672749996185303e-01
-1.841600537300109863e+00,-4.160590648651123047e+00
-7.633972764015197754e-01,-9.480091929435729980e-01
3.767392933368682861e-01,2.385231554508209229e-01
-3.095090150833129883e+00,1.002010822296142578e+00
1.178153634071350098e+00,2.341098546981811523e+00
-7.506303191184997559e-01,-6.590862870216369629e-01
1.992093399167060852e-02,-2.549029588699340820e-01
-6.862504482269287109e-01,-2.517904341220855713e-01
7.400501370429992676e-01,-2.496323585510253906e-01
-4.578298628330230713e-01,3.989036560058593750e+00
-8.186512589454650879e-01,1.036916851997375488e+00
-1.102695226669311523e+00,1.574846982955932617e+00
7.945292592048645020e-01,2.018624305725097656e+00
-1.056701064109802246e+00,-1.071217179298400879e+00
-2.160166740417480469e+00,-1.160445809364318848e+00
1.059836030006408691e+00,1.439030051231384277e+00
-5.326165556907653809e-01,-3.846785128116607666e-01
-2.580841541290283203e+00,-1.090214014053344727e+00
5.833086371421813965e-01,6.345528960227966309e-01
-1.366430401802062988e+00,1.282269001007080078e+00
9.430811405181884766e-01,-2.708786129951477051e-01
-1.777558624744415283e-01,1.545145809650421143e-01
9.076783657073974609e-01,-8.743855357170104980e-02
-1.185575366020202637e+00,-1.334323644638061523e+00
1.582442641258239746e+00,2.362422943115234375e+00
3.085078001022338867e-01,2.272101044654846191e-01
1.027610063552856445e+00,-1.476093232631683350e-01
4.808219969272613525e-01,-1.120697781443595886e-01
-2.181667566299438477e+00,1.185383081436157227e+00
1.161136746406555176e+00,-4.466757923364639282e-02
-2.830658257007598877e-01,-3.148574233055114746e-01
-1.870307564735412598e+00,-1.231405735015869141e+00
8.766064047813415527e-01,2.617918014526367188e+00
-1.855991721153259277e+00,-7.431055307388305664e-01
6.146692037582397461e-01,-8.167215585708618164e-01
-6.397071480751037598e-01,-3.367178738117218018e-01
-6.316453218460083008e-03,9.530018270015716553e-02
-4.634319990873336792e-02,1.220001578330993652e+00
3.120906352996826172e-01,1.426728069782257080e-01
-4.383336007595062256e-01,9.796749949455261230e-01
-1.590909063816070557e-02,2.358421683311462402e-02
-2.022457599639892578e+00,-8.524258732795715332e-01
6.312366127967834473e-01,2.321262359619140625e-01
9.990375041961669922e-01,-1.035733744502067566e-01
1.473610401153564453e-01,-9.130473136901855469e-01
-1.101666808128356934e+00,-6.372089385986328125e-01
3.888420462608337402e-01,1.288512721657752991e-03
-1.001468181610107422e+00,-1.252760410308837891e+00
-7.542065978050231934e-01,7.475310564041137695e-01
1.699249982833862305e+00,-5.290896296501159668e-01
-2.018294572830200195e+00,-2.021967172622680664e+00
-9.137073755264282227e-01,-7.105666995048522949e-01
-5.252112746238708496e-01,-1.695711731910705566e+00
-9.657542705535888672e-01,7.121623158454895020e-01
9.116418361663818359e-01,-2.008804082870483398e-01
1.894056797027587891e+00,2.079688549041748047e+00
2.123431205749511719e+00,-5.094682574272155762e-01
-7.157271504402160645e-01,7.122561335563659668e-01
-1.884555071592330933e-02,7.341698557138442993e-02
1.009309530258178711e+00,-1.457417383790016174e-03
-2.595806837081909180e+00,2.927011549472808838e-01
-1.075007796287536621e+00,1.286242127418518066e+00
3.864800333976745605e-01,-1.160437941551208496e+00
1.791176676750183105e+00,-1.043506503105163574e+00
-1.903126835823059082e+00,5.657859802246093750e+00
-1.669697284698486328e+00,3.338879942893981934e-01
-1.683545589447021484e+00,-1.104959249496459961e+00
9.352733492851257324e-01,-2.819424271583557129e-01
-7.286366224288940430e-01,-4.356401264667510986e-01
9.750978946685791016e-01,1.872298121452331543e-01
-1.448875665664672852e+00,9.588214159011840820e-01
1.865473031997680664e+00,-6.145636439323425293e-01
-3.913176655769348145e-01,3.869556486606597900e-01
-2.176140546798706055e+00,-6.588631868362426758e-01
-4.375341236591339111e-01,1.030011773109436035e+00
3.297088146209716797e-01,3.094863295555114746e-01
-1.779011011123657227e+00,1.859017848968505859e+00
1.265094578266143799e-01,2.562111616134643555e-01
3.326272368431091309e-01,1.510254144668579102e-01
1.001370191574096680e+00,1.462314963340759277e+00
-4.397490918636322021e-01,9.395559430122375488e-01
1.887525320053100586e-01,4.539400339126586914e-02
1.317053914070129395e+00,-4.798016548156738281e-01
-2.799516916275024414e+00,-2.635973691940307617e+00
-1.496993184089660645e+00,3.261301517486572266e-01
3.150425910949707031e+00,-7.408511638641357422e-01
1.727826952934265137e+00,-3.324085950851440430e+00
4.156363904476165771e-01,3.357598066329956055e+00
3.816784620285034180e-01,8.027945458889007568e-02
1.233190536499023438e+00,-1.133823171257972717e-01
-2.651328325271606445e+00,1.602384746074676514e-01
1.939041972160339355e+00,2.288455963134765625e+00
-1.952325820922851562e+00,-2.652135610580444336e+00
-1.526908755302429199e+00,-1.549512863159179688e+00
-4.223287403583526611e-01,-4.691926836967468262e-01
-1.970462083816528320e+00,-7.179150581359863281e-01
-1.400170624256134033e-01,1.531177461147308350e-01
-7.531829476356506348e-01,-3.663131713867187500e+00
2.025384426116943359e+00,-1.596631884574890137e+00
-5.361577272415161133e-01,-9.101987481117248535e-01
5.948877930641174316e-01,-9.561730623245239258e-01
5.279340744018554688e-01,-1.195748224854469299e-01
-2.241335391998291016e+00,-1.622965812683105469e+00
-2.204841136932373047e+00,-6.610524654388427734e-01
7.851732373237609863e-01,3.918003737926483154e-01
4.953393042087554932e-01,-5.584507584571838379e-01
-1.629875779151916504e+00,-5.447211861610412598e-01
-1.344182193279266357e-01,2.024654150009155273e+00
-2.390223026275634766e+00,-1.027493834495544434e+00
-6.978721618652343750e-01,6.634004712104797363e-01
3.650700449943542480e-01,-1.852906346321105957e-01
-1.697825193405151367e+00,5.039035677909851074e-01
6.657674312591552734e-01,1.860561370849609375e+00
-7.204431891441345215e-01,-1.472697854042053223e+00
-4.391020774841308594e+00,1.476689696311950684e+00
1.903069972991943359e+00,7.054191827774047852e-01
9.783735871315002441e-01,-1.703022718429565430e-01
7.767354249954223633e-01,1.999654173851013184e+00
-1.509975910186767578e+00,-6.747723221778869629e-01
-3.525233268737792969e-02,1.883112788200378418e-01
4.138882756233215332e-01,-6.296008825302124023e-01
4.421185702085494995e-02,-1.934084892272949219e-01
-2.604755759239196777e-02,4.212993085384368896e-01
-1.020344853401184082e+00,1.945656895637512207e+00
8.763540387153625488e-01,-3.621999919414520264e-01
9.406369328498840332e-01,-2.969849705696105957e-01
9.640769958496093750e-01,-2.977855503559112549e-02
-3.125143527984619141e+00,-1.269890964031219482e-01
1.896476745605468750e-01,5.277083814144134521e-02
2.678566217422485352e+00,-3.168078362941741943e-01
-8.368897438049316406e-01,-1.152162432670593262e+00
-7.928509116172790527e-01,7.208998799324035645e-01
-1.523528575897216797e+00,-5.465087294578552246e-01
-2.556792974472045898e+00,-3.588101387023925781e+00
-2.476307630538940430e+00,-1.218546405434608459e-01
4.845910668373107910e-01,4.593240916728973389e-01
1.100484728813171387e+00,5.832641571760177612e-02
-8.851782679557800293e-01,-1.630831956863403320e+00
-1.245146274566650391e+00,-1.715475559234619141e+00
-1.055119752883911133e+00,6.896561980247497559e-01
7.384866476058959961e-04,1.413119770586490631e-02
5.948877930641174316e-01,-9.561730623245239258e-01
-2.522887885570526123e-01,-4.992788732051849365e-01
7.879841923713684082e-01,-3.371222615242004395e-01
1.598921418190002441e+00,-8.818826079368591309e-01
-1.987598180770874023e+00,2.776012420654296875e-01
9.208210706710815430e-01,-2.205560207366943359e-01
-2.046390533447265625e+00,2.444702625274658203e+00
-1.759852409362792969e+00,-3.204662501811981201e-01
-1.408357024192810059e+00,-7.494028806686401367e-01
4.414405822753906250e-01,-4.245682358741760254e-01
9.339361190795898438e-01,-2.947057485580444336e-01
-3.675884902477264404e-01,1.082129716873168945e+00
1.952572107315063477e+00,-5.607511997222900391e-01
-4.968055188655853271e-01,-6.082620620727539062e-01
-1.772832155227661133e+00,-6.175287961959838867e-01
9.021555185317993164e-01,-2.755166292190551758e-01
-3.645237684249877930e-01,-5.543308258056640625e-01
2.980550229549407959e-01,-1.067651748657226562e+00
2.017785310745239258e+00,-3.294019997119903564e-01
1.168593049049377441e+00,3.270998477935791016e+00
3.607364296913146973e-01,7.783484458923339844e-02
1.127208709716796875e+00,2.840085029602050781e-01
1.028855219483375549e-01,2.566546797752380371e-01
1.036689519882202148e+00,-1.495112478733062744e-01
1.714657068252563477e+00,-9.261404871940612793e-01
-4.441354572772979736e-01,4.993129521608352661e-02
8.960546851158142090e-01,-6.476383805274963379e-01
8.240784406661987305e-01,-6.984802484512329102e-01
6.483713984489440918e-01,7.310885190963745117e-02
-1.656765937805175781e-01,1.678779721260070801e-01
-1.697478055953979492e+00,3.228814601898193359e-01
1.839035272598266602e+00,-5.492845177650451660e-01
-1.785611271858215332e+00,-1.886044383049011230e+00
-1.135976910591125488e+00,-5.540392994880676270e-01
5.385243892669677734e-01,-2.079004645347595215e-01
-7.260444164276123047e-01,-5.167917013168334961e-01
-1.981136322021484375e+00,-1.349098324775695801e+00
-8.537284731864929199e-01,-1.072106719017028809e+00
-4.129036962985992432e-01,-1.161117196083068848e+00
-3.843121230602264404e-01,-9.572460651397705078e-01
-2.306330204010009766e-01,-1.907680392265319824e+00
7.277989387512207031e-02,-1.670055389404296875e-01
1.112661361694335938e+00,1.098268628120422363e+00
9.791809320449829102e-01,-3.101627826690673828e-01
2.929016828536987305e+00,-4.455616176128387451e-01
1.237302899360656738e+00,-4.121418893337249756e-01
3.303077220916748047e-01,1.921681165695190430e-01
-7.679218053817749023e-01,-1.539237737655639648e+00
-1.302175164222717285e+00,1.325794935226440430e+00
9.444425106048583984e-01,2.540560722351074219e+00
-1.561309695243835449e+00,5.715948715806007385e-02
-8.376424312591552734e-01,-7.407914996147155762e-01
-1.648175001144409180e+00,-5.368318557739257812e-01
-1.507441401481628418e-01,-3.358046412467956543e-01
6.282070875167846680e-01,2.315963268280029297e+00
-1.543108701705932617e+00,-1.657036542892456055e+00
-9.580185413360595703e-01,-5.088818669319152832e-01
1.420016288757324219e+00,-1.006853803992271423e-01
-1.399534225463867188e+00,1.503347873687744141e+00
-2.169321060180664062e+00,-1.267532467842102051e+00
2.980679869651794434e-01,1.341164410114288330e-01
-1.064624309539794922e+00,-5.932173728942871094e-01
4.421185702085494995e-02,-1.934084892272949219e-01
-1.660910964012145996e+00,3.033198416233062744e-01
3.928520977497100830e-01,8.223370313644409180e-01
-1.063878178596496582e+00,-6.239697337150573730e-01
-1.481599211692810059e+00,-1.120270729064941406e+00
-4.108641743659973145e-01,-5.099157691001892090e-01
-1.480822563171386719e+00,-8.874502182006835938e-01
1.653766036033630371e-01,-3.291647732257843018e-01
2.105343341827392578e+00,1.684727311134338379e+00
4.559286832809448242e-01,-8.316351175308227539e-01
1.865767955780029297e+00,5.236180782318115234e+00
1.116395711898803711e+00,-3.282720446586608887e-01
7.564877271652221680e-01,-6.219414472579956055e-01
-1.777557134628295898e+00,-5.815581679344177246e-01
-6.659573316574096680e-01,1.945676207542419434e-01
-1.502877354621887207e+00,2.212866842746734619e-01
-6.839923858642578125e-01,8.726465702056884766e-01
-3.159093141555786133e+00,4.526455700397491455e-02
8.687438368797302246e-01,-3.209351599216461182e-01
1.351773142814636230e+00,-6.098262071609497070e-01
1.178144335746765137e+00,8.103796839714050293e-01
3.448757827281951904e-01,1.838925719261169434e+00
1.103143095970153809e+00,-6.406282782554626465e-01
-5.063426494598388672e-01,-8.865469098091125488e-01
3.288328647613525391e+00,-2.724133968353271484e+00
-9.680259972810745239e-02,-4.581857621669769287e-01
7.661275267601013184e-01,-3.775828182697296143e-01
9.746584892272949219e-01,-1.863467693328857422e-01
-1.098616048693656921e-01,-1.287733763456344604e-02
-1.219114065170288086e+00,8.383702039718627930e-01
2.557177543640136719e-01,1.170527711510658264e-01
-1.145092010498046875e+00,-1.325483798980712891e+00
4.337882399559020996e-01,4.116360247135162354e-01
3.046825230121612549e-01,-1.326413154602050781e-01
8.921955227851867676e-01,-9.457985758781433105e-01
-9.518712759017944336e-01,4.865998029708862305e-01
-1.066503524780273438e+00,-7.495529055595397949e-01
1.005650639533996582e+00,-2.846056520938873291e-01
-1.863967180252075195e+00,-1.509530305862426758e+00
1.880295038223266602e+00,-6.028352975845336914e-01
1.794836640357971191e+00,-3.968315124511718750e-01
-5.201613306999206543e-01,-6.705419719219207764e-02
-7.417578101158142090e-01,-2.346704244613647461e+00
-7.846228480339050293e-01,-5.481225848197937012e-01
4.559286832809448242e-01,-8.316351175308227539e-01
4.176886677742004395e-01,7.528578639030456543e-01
9.001117944717407227e-01,-1.731628477573394775e-01
-5.369533300399780273e-01,-1.567510664463043213e-01
-1.002264380455017090e+00,-1.825149178504943848e+00
6.199608445167541504e-01,9.294673800468444824e-03
-8.093458414077758789e-01,-5.988543629646301270e-01
6.163527965545654297e-01,1.780553758144378662e-01
-1.676579117774963379e-01,-4.371265172958374023e-01
8.728466629981994629e-01,-1.389085352420806885e-01
8.574482798576354980e-01,2.454603016376495361e-01
1.196870684623718262e+00,9.923723340034484863e-01
9.958247542381286621e-01,-3.908006548881530762e-01
-1.050332665443420410e+00,-2.008231580257415771e-01
1.714657068252563477e+00,-9.261404871940612793e-01
-8.050079941749572754e-01,-1.389549493789672852e+00
1.935271620750427246e-01,1.785856604576110840e+00
-2.343263864517211914e+00,1.218597292900085449e+00
9.477670788764953613e-01,-1.824077069759368896e-01
1.157886907458305359e-01,-4.170080646872520447e-03
-3.288264572620391846e-01,-7.290949225425720215e-01
-8.288304805755615234e-01,-6.209246516227722168e-01
1.426395654678344727e+00,2.987526416778564453e+00
-3.614094555377960205e-01,-1.174569725990295410e+00
-1.599746942520141602e+00,-6.512163877487182617e-01
3.451118469238281250e-01,-1.038132458925247192e-01
-1.070926070213317871e+00,-2.309981822967529297e+00
3.801267743110656738e-01,1.569018363952636719e-01
1.877833902835845947e-01,1.811803281307220459e-01
-8.405033946037292480e-01,1.039501428604125977e+00
7.001628875732421875e-01,-3.841586709022521973e-01
-2.150034010410308838e-01,-6.460708975791931152e-01
-5.080180168151855469e-01,-5.177999734878540039e-01
-2.420373439788818359e+00,3.037472248077392578e+00
-2.713085651397705078e+00,-1.639741301536560059e+00
4.156489968299865723e-01,-6.670917272567749023e-01
-9.477941989898681641e-01,-1.641731619834899902e+00
1.150906443595886230e+00,-2.004327774047851562e+00
-7.417578101158142090e-01,-2.346704244613647461e+00
6.170169711112976074e-01,-7.748794555664062500e-01
9.485434889793395996e-01,-7.939381152391433716e-02
1.061021685600280762e+00,2.956574857234954834e-01
-2.694043219089508057e-01,-1.125482916831970215e+00
1.627635598182678223e+00,5.450710654258728027e-01
-1.411622524261474609e+00,-1.350396037101745605e+00
-2.556792974472045898e+00,-3.588101387023925781e+00
-1.960411310195922852e+00,2.065182209014892578e+00
9.326612353324890137e-01,-3.306453227996826172e-01
1.484766006469726562e-01,-2.486028671264648438e-01
-6.377829313278198242e-01,1.695554018020629883e+00
-7.517637610435485840e-01,8.917723894119262695e-01
3.833363533020019531e+00,-2.519917011260986328e+00
1.070386171340942383e+00,-3.891963958740234375e-01
1.611277580261230469e+00,-1.064349651336669922e+00
2.361293137073516846e-01,-1.240786790847778320e+00
-7.880775332450866699e-01,-6.289517879486083984e-01
-8.739849925041198730e-01,8.143103122711181641e-01
-5.664387941360473633e-01,-2.222778320312500000e+00
-1.034917712211608887e+00,-1.206365585327148438e+00
-8.379130959510803223e-01,1.903631091117858887e+00
-2.685523331165313721e-01,-9.812601208686828613e-01
5.586152076721191406e-01,-4.587870091199874878e-02
-7.086949348449707031e-01,5.530893206596374512e-01
5.827558040618896484e-01,-1.378056049346923828e+00
1.803921937942504883e+00,2.596616744995117188e+00
7.782921195030212402e-01,-5.650811791419982910e-01
-4.361313879489898682e-01,-5.794993638992309570e-01
-5.091286897659301758e-01,-5.039132833480834961e-01
-2.872199773788452148e+00,1.636799573898315430e+00
-1.532453656196594238e+00,1.285256892442703247e-01
-3.026256710290908813e-02,2.422878146171569824e-01
1.134111404418945312e+00,3.009378910064697266e-01
-4.431272447109222412e-01,1.142243146896362305e+00
2.119519472122192383e+00,-3.461680114269256592e-01
-3.087573945522308350e-01,-2.620959758758544922e+00
1.370793730020523071e-01,3.612423241138458252e-01
2.159472227096557617e+00,-8.625962734222412109e-01
-8.559277653694152832e-01,1.237725257873535156e+00
9.666839241981506348e-01,-6.436257809400558472e-02
-5.955990552902221680e-01,-7.641912698745727539e-01
1.587430715560913086e+00,-6.690895557403564453e-01
-1.523528575897216797e+00,-5.465087294578552246e-01
-2.181667566299438477e+00,1.185383081436157227e+00
-5.796461701393127441e-01,1.390697240829467773e+00
1.268337368965148926e+00,-8.020131587982177734e-01
8.097508549690246582e-01,-4.488367736339569092e-01
-1.935665607452392578e+00,-1.951245546340942383e+00
-8.212504982948303223e-01,-4.598718583583831787e-01
-2.118276357650756836e+00,4.459508955478668213e-01
-7.348486185073852539e-01,-3.025119602680206299e-01
-9.478280544281005859e-01,9.748381376266479492e-02
9.705068469047546387e-01,4.154716432094573975e-02
-4.070630371570587158e-01,1.202376723289489746e+00
-1.225365996360778809e+00,-6.826620697975158691e-01
-1.274939656257629395e+00,1.446739912033081055e+00
-7.603097558021545410e-01,-9.008747339248657227e-01
3.930317759513854980e-01,-8.173656463623046875e-02
-1.654978156089782715e+00,-7.042642831802368164e-01
-4.578298628330230713e-01,3.989036560058593750e+00
7.946020364761352539e-01,-3.939767777919769287e-01
8.240784406661987305e-01,-6.984802484512329102e-01
-1.878004312515258789e+00,1.018897414207458496e+00
-2.476307630538940430e+00,-1.218546405434608459e-01
9.446165710687637329e-02,6.406746804714202881e-02
-8.756725788116455078e-01,-3.609871268272399902e-01
3.656064867973327637e-01,2.798769474029541016e-01
-7.780159115791320801e-01,-7.941218614578247070e-01
-1.000126004219055176e+00,-1.168999433517456055e+00
-1.920683264732360840e+00,-5.573886632919311523e-01
-1.070926070213317871e+00,-2.309981822967529297e+00
-3.389833569526672363e-01,9.673174023628234863e-01
2.600282430648803711e+00,4.142442345619201660e-02
9.489252567291259766e-01,-2.873973846435546875e-01
9.175471961498260498e-02,-1.159728094935417175e-01
-1.373762607574462891e+00,-2.602121978998184204e-02
-2.353856563568115234e+00,-7.197063565254211426e-01
6.423271298408508301e-01,-5.858343839645385742e-02
-1.387443423271179199e+00,1.271860003471374512e-01
-7.467996478080749512e-01,-4.400291144847869873e-01
-7.260444164276123047e-01,-5.167917013168334961e-01
-2.283150911331176758e+00,-5.523767471313476562e-01
7.430805265903472900e-02,-8.585649728775024414e-01
5.445451140403747559e-01,-9.429808855056762695e-01
1.009309530258178711e+00,-1.457417383790016174e-03
-3.102915883064270020e-01,-4.920921623706817627e-01
3.749639689922332764e-01,2.132577896118164062e-01
2.105343341827392578e+00,1.684727311134338379e+00
-3.890585601329803467e-01,-7.484419941902160645e-01
-1.685976862907409668e+00,-1.736499667167663574e-01
-1.749106645584106445e-01,5.179030075669288635e-02
-8.415114283561706543e-01,1.867330908775329590e+00
-1.522328495979309082e+00,-3.787309527397155762e-01
-1.274939656257629395e+00,1.446739912033081055e+00
1.082063317298889160e+00,-6.876744329929351807e-02
-4.985820353031158447e-01,-1.412067115306854248e-01
-1.038612723350524902e+00,-1.436174631118774414e+00
2.595923468470573425e-02,1.288243979215621948e-01
-1.393411874771118164e+00,-1.928307056427001953e+00
9.252051711082458496e-01,6.262395530939102173e-03
3.180752396583557129e-01,5.595350861549377441e-01
-5.091286897659301758e-01,-5.039132833480834961e-01
-2.362518310546875000e+00,-1.078312635421752930e+00
-7.282786369323730469e-01,-1.953747570514678955e-01
1.082725167274475098e+00,-3.619129955768585205e-01
-1.855991721153259277e+00,-7.431055307388305664e-01
1.223536252975463867e+00,-1.250536680221557617e+00
-1.274915337562561035e-01,7.882333546876907349e-02
-1.883736729621887207e+00,-5.335120558738708496e-01
-3.477536141872406006e-03,2.388277649879455566e-01
-3.990274429321289062e+00,-2.374700009822845459e-01
-3.018446266651153564e-01,-5.220226049423217773e-01
8.516580462455749512e-01,-4.019692540168762207e-01
4.487124681472778320e-01,-4.690470695495605469e-01
8.144635558128356934e-01,-4.516284167766571045e-01
-1.651727080345153809e+00,1.883786916732788086e-01
-8.059685826301574707e-01,8.772949129343032837e-02
2.037304162979125977e+00,-5.955150127410888672e-01
-5.921452641487121582e-01,-1.275976657867431641e+00
-6.637843847274780273e-01,7.299088835716247559e-01
8.388256430625915527e-01,-4.559699892997741699e-01
-1.156617879867553711e+00,1.617998600006103516e+00
-1.020344853401184082e+00,1.945656895637512207e+00
-7.113092392683029175e-02,-3.147011995315551758e-01
1.905206590890884399e-02,1.273086667060852051e-01
9.615052342414855957e-01,-9.453732520341873169e-02
-8.458769917488098145e-01,-5.653698444366455078e-01
2.518793940544128418e-01,-1.581602394580841064e-01
9.884170889854431152e-01,-1.467271745204925537e-01
9.734978675842285156e-01,-9.920046478509902954e-02
3.180752396583557129e-01,5.595350861549377441e-01
1.063059091567993164e+00,2.473413944244384766e-01
-6.649209260940551758e-01,-5.603387355804443359e-01
9.477670788764953613e-01,-1.824077069759368896e-01
3.310326933860778809e-01,-1.625026389956474304e-02
-8.292707800865173340e-01,6.713002324104309082e-01
1.097909688949584961e+00,3.769355118274688721e-01
-9.859161376953125000e-01,-1.584816455841064453e+00
-2.698719799518585205e-01,-4.815279543399810791e-01
-1.952325820922851562e+00,-2.652135610580444336e+00
-4.385606765747070312e+00,3.980126082897186279e-01
-5.041205286979675293e-01,-1.071458578109741211e+00
8.800689578056335449e-01,-1.184211611747741699e+00
7.439318299293518066e-01,-5.014076828956604004e-01
1.083046436309814453e+00,-4.617407023906707764e-01
-1.462455630302429199e+00,6.967872381210327148e-01
-7.542065978050231934e-01,7.475310564041137695e-01
3.650700449943542480e-01,-1.852906346321105957e-01
-8.125056624412536621e-01,1.039109706878662109e+00
1.716665267944335938e+00,1.376558303833007812e+00
1.006744027137756348e+00,-2.620227932929992676e-01
-2.520625591278076172e-01,2.828758001327514648e+00
-1.413365125656127930e+00,1.582390069961547852e+00
9.613159894943237305e-01,-2.106655836105346680e-01
1.952572107315063477e+00,-5.607511997222900391e-01
-9.849985837936401367e-01,-1.099489212036132812e+00
1.839035272598266602e+00,-5.492845177650451660e-01
-9.272480010986328125e-01,-9.542201757431030273e-01
-1.387140393257141113e+00,-5.636273026466369629e-01
-1.140120506286621094e+00,-1.018694996833801270e+00
1.799033582210540771e-01,7.760576605796813965e-01
6.794983148574829102e-01,-1.076639533042907715e+00
1.969615578651428223e+00,-2.187609434127807617e+00
4.743212163448333740e-01,-3.598201572895050049e-01
-1.448875665664672852e+00,9.588214159011840820e-01
1.976509213447570801e+00,-4.749145507812500000e-01
8.477227091789245605e-01,-4.500259757041931152e-01
-5.071956515312194824e-01,-4.704189300537109375e-01
-7.879696488380432129e-01,1.534119844436645508e-01
9.919610023498535156e-01,-7.579915225505828857e-02
7.384866476058959961e-04,1.413119770586490631e-02
-1.879374384880065918e+00,3.505862057209014893e-01
-9.478280544281005859e-01,9.748381376266479492e-02
9.705068469047546387e-01,4.154716432094573975e-02
-4.397490918636322021e-01,9.395559430122375488e-01
-3.711891770362854004e-01,-6.698454916477203369e-02
-2.344895601272583008e+00,1.151207447052001953e+00
8.574482798576354980e-01,2.454603016376495361e-01
7.430805265903472900e-02,-8.585649728775024414e-01
1.021748185157775879e+00,-2.327588498592376709e-01
9.632557034492492676e-01,-5.581983178853988647e-02
-8.302822113037109375e-01,1.533936738967895508e+00
6.136395782232284546e-02,-4.246649742126464844e-01
-2.718653678894042969e-01,-4.971537292003631592e-01
-5.342081189155578613e-02,2.926540136337280273e+00
-1.852109909057617188e+00,2.513890862464904785e-01
-4.731692373752593994e-01,-2.618413865566253662e-01
-5.528110265731811523e-02,1.615699529647827148e-01
8.365675806999206543e-01,6.664414890110492706e-03
-2.092020213603973389e-01,-1.365780234336853027e+00
-5.431510806083679199e-01,-1.156148537993431091e-01
1.014823690056800842e-01,-7.215357571840286255e-02
1.200066432356834412e-01,-1.777994260191917419e-02
-2.149558067321777344e-01,3.165121972560882568e-01
9.791809320449829102e-01,-3.101627826690673828e-01
7.625457048416137695e-01,-4.092337787151336670e-01
-8.093458414077758789e-01,-5.988543629646301270e-01
-6.733981966972351074e-01,-8.723940253257751465e-01
-3.811901330947875977e+00,-5.389521598815917969e+00
-2.266397714614868164e+00,1.061414718627929688e+00
9.801309555768966675e-03,3.040978431701660156e+00
-7.613620758056640625e-01,4.501776099205017090e-01
-2.599233627319335938e+00,-2.422903299331665039e+00
1.349594593048095703e+00,-1.240354061126708984e+00
-2.760603427886962891e-01,-1.894845008850097656e+00
-1.344182193279266357e-01,2.024654150009155273e+00
-1.836868405342102051e+00,4.169545173645019531e+00
-9.953860044479370117e-01,-6.251038610935211182e-02
6.730589866638183594e-01,-5.951505899429321289e-01
8.030089735984802246e-01,-4.081722497940063477e-01
1.249516248703002930e+00,-1.057363674044609070e-01
8.503980636596679688e-01,-3.149476051330566406e-01
1.092046260833740234e+00,1.978980004787445068e-02
1.036734223365783691e+00,-7.743226736783981323e-02
-2.200949192047119141e-01,-1.904292106628417969e+00
-4.431989789009094238e-02,2.894411087036132812e-01
-1.576629757881164551e+00,-5.898298621177673340e-01
6.069062352180480957e-01,-1.162736296653747559e+00
9.123696684837341309e-01,-2.884215712547302246e-01
4.234122633934020996e-01,-2.965703606605529785e-01
-8.061240315437316895e-01,-6.230151653289794922e-01
-2.999835908412933350e-01,-7.378584742546081543e-01
-1.782171428203582764e-01,-8.484767079353332520e-01
2.605807185173034668e-01,-6.201936602592468262e-01
-1.095502972602844238e+00,-9.550223946571350098e-01
-1.956249475479125977e-01,-4.262163937091827393e-01
1.501579642295837402e+00,3.967273980379104614e-02
-2.764666676521301270e-01,-1.888696074485778809e+00
-2.017100811004638672e+00,2.645721197128295898e+00
-1.772548258304595947e-02,3.262863755226135254e-01
-4.905456602573394775e-01,-6.583623290061950684e-01
-6.574586033821105957e-03,8.336435258388519287e-02
-1.008914113044738770e+00,-3.102876424789428711e+00
1.650330305099487305e+00,-1.852053403854370117e-01
1.047746300697326660e+00,1.635168790817260742e-01
-2.852079629898071289e+00,1.413340687751770020e+00
-2.449016094207763672e+00,-1.636988043785095215e+00
1.336455196142196655e-01,4.420150071382522583e-02
-1.930003166198730469e+00,-1.545418858528137207e+00
5.888179540634155273e-01,1.770062565803527832e+00
9.610602855682373047e-01,-1.805617928504943848e+00
2.176869153976440430e+00,-4.530230760574340820e-01
1.241983652114868164e+00,5.249368548393249512e-01
-3.514762520790100098e-01,-8.654404878616333008e-01
-8.792173862457275391e-01,-7.095849514007568359e-01
-7.000401020050048828e-01,5.432390570640563965e-01
4.176886677742004395e-01,7.528578639030456543e-01
-2.245859384536743164e+00,-4.192656517028808594e+00
-7.286366224288940430e-01,-4.356401264667510986e-01
6.674124598503112793e-01,1.994332432746887207e+00
-1.963834762573242188e-01,-7.458130717277526855e-01
2.864198923110961914e+00,-4.486280977725982666e-01
1.968753933906555176e-01,-1.018228173255920410e+00
-7.000401020050048828e-01,5.432390570640563965e-01
1.368722677230834961e+00,-2.478739023208618164e-01
-1.045611739158630371e+00,-6.328490972518920898e-01
-4.916728436946868896e-01,6.221001148223876953e-01
1.040499806404113770e+00,-3.565727174282073975e-01
-3.354206979274749756e-01,-3.191264390945434570e+00
5.302910804748535156e-01,1.244755387306213379e+00
-3.768683671951293945e-01,-5.020850896835327148e-01
-6.187185645103454590e-04,3.340236544609069824e-01
8.870576024055480957e-01,-4.199241995811462402e-01
-1.970462083816528320e+00,-7.179150581359863281e-01
-4.123838245868682861e-02,3.208488941192626953e+00
-2.306675910949707031e+00,2.115983486175537109e+00
4.652575850486755371e-01,-1.183526277542114258e+00
1.849720776081085205e-01,-7.016020417213439941e-01
-1.001540064811706543e+00,-1.570265650749206543e+00
1.436723023653030396e-02,-5.017616748809814453e-01
-1.710565209388732910e+00,3.198948502540588379e-01
-1.733681082725524902e+00,-7.436609268188476562e-01
-1.872096210718154907e-02,-3.428763151168823242e-01
1.025689601898193359e+00,-3.018668293952941895e-02
4.091034829616546631e-01,9.092013835906982422e-01
1.143568515777587891e+00,-2.456796884536743164e+00
-3.125143527984619141e+00,-1.269890964031219482e-01
-8.212504982948303223e-01,-4.598718583583831787e-01
2.119199037551879883e+00,-1.483644843101501465e+00
3.884385347366333008e+00,-1.643127918243408203e+00
-1.549196958541870117e+00,1.413183927536010742e+00
1.158522367477416992e+00,-1.032814264297485352e+00
2.718543291091918945e+00,-3.515745997428894043e-01
-3.585624217987060547e+00,1.246752217411994934e-03
1.656943440437316895e+00,-9.029294252395629883e-01
1.469058990478515625e+00,-3.331977725028991699e-01
-7.217731326818466187e-02,7.452132701873779297e-01
1.071436524391174316e+00,-4.747195541858673096e-01
-1.947144865989685059e-01,1.907328069210052490e-01
7.508986592292785645e-01,-3.947353363037109375e-01
-1.368319630622863770e+00,-2.086184978485107422e+00
3.055849790573120117e+00,-7.824743390083312988e-01
-2.080403327941894531e+00,-9.574338197708129883e-01
-8.348925709724426270e-01,-1.160287499427795410e+00
-7.452911138534545898e-01,-1.503545880317687988e+00
1.483857274055480957e+00,-6.699705719947814941e-01
9.446165710687637329e-02,6.406746804714202881e-02
1.098838448524475098e+00,3.948455333709716797e+00
-9.005247950553894043e-01,-2.261953949928283691e-01
4.984765052795410156e-01,2.343038618564605713e-01
8.767424821853637695e-01,-9.598433971405029297e-02
9.722590446472167969e-01,-2.029705941677093506e-01
1.001239895820617676e+00,-9.169288724660873413e-02
3.884385347366333008e+00,-1.643127918243408203e+00
-1.045611739158630371e+00,-6.328490972518920898e-01
1.008266806602478027e+00,-2.826794385910034180e-01
-8.779260516166687012e-01,-1.402826070785522461e+00
5.860940217971801758e-01,-1.742303967475891113e-01
-1.800118684768676758e+00,3.081797659397125244e-01
7.612476944923400879e-01,3.304486751556396484e+00
2.042261600494384766e+00,-6.400033235549926758e-01
-1.079464912414550781e+00,-1.449424862861633301e+00
-5.063426494598388672e-01,-8.865469098091125488e-01
-1.127228736877441406e+00,5.470677018165588379e-01
-2.595806837081909180e+00,2.927011549472808838e-01
9.338837265968322754e-01,-1.199395582079887390e-01
1.699071764945983887e+00,2.198054313659667969e+00
-1.237665534019470215e+00,-4.720237553119659424e-01
9.624764323234558105e-01,-1.398655474185943604e-01
-6.030151247978210449e-01,-1.643645286560058594e+00
-2.599233627319335938e+00,-2.422903299331665039e+00
2.511294364929199219e+00,-5.664883852005004883e-01
6.708696484565734863e-01,2.142525911331176758e-01
-4.702968299388885498e-01,-9.522382915019989014e-02
1.366253852844238281e+00,1.471490144729614258e+00
-1.355518460273742676e+00,-5.172311663627624512e-01
3.050771355628967285e-01,-4.069610238075256348e-01
6.127205491065979004e-01,3.515412807464599609e-01
2.709677219390869141e-01,5.437702536582946777e-01
-1.595223665237426758e+00,6.696376204490661621e-01
5.776421725749969482e-02,2.004947185516357422e+00
-4.750760495662689209e-01,1.900685429573059082e-01
1.952391266822814941e-01,-3.138371706008911133e-01
6.407890915870666504e-01,5.252307057380676270e-01
-7.866151928901672363e-01,-6.888983845710754395e-01
1.685045957565307617e+00,-5.253819823265075684e-01
-6.125826239585876465e-01,-6.546145677566528320e-01
3.393051028251647949e-01,1.346817135810852051e+00
-4.223287403583526611e-01,-4.691926836967468262e-01
3.724958747625350952e-02,3.312576413154602051e-01
-4.969792664051055908e-01,5.082698464393615723e-01
-1.359195470809936523e+00,-7.267898917198181152e-01
5.240096151828765869e-02,-1.454773843288421631e-01
6.136395782232284546e-02,-4.246649742126464844e-01
1.799033582210540771e-01,7.760576605796813965e-01
-1.841600537300109863e+00,-4.160590648651123047e+00
1.530786156654357910e-01,-1.763027012348175049e-01
-8.784097433090209961e-01,-6.545758843421936035e-01
-8.323967456817626953e-01,1.102341771125793457e+00
2.247459590435028076e-01,-9.029350280761718750e-01
1.980158090591430664e-01,1.657951176166534424e-01
-7.705706954002380371e-01,1.189315199851989746e+00
1.996852457523345947e-03,4.621459841728210449e-01
1.098838448524475098e+00,3.948455333709716797e+00
3.292075097560882568e-01,4.982436895370483398e-01
-2.616176366806030273e+00,-1.249379992485046387e+00
1.250420689582824707e+00,-6.773301959037780762e-02
3.043866157531738281e-01,2.773578763008117676e-01
1.379128396511077881e-01,-4.094723239541053772e-02
9.716231822967529297e-01,-9.514851570129394531e-01
7.595467567443847656e-01,2.847785234451293945e+00
-7.858089208602905273e-01,-9.940634369850158691e-01
-3.112115383148193359e+00,-1.137959957122802734e+00
-7.969751954078674316e-01,-1.496969938278198242e+00
-8.794482946395874023e-01,9.152550697326660156e-01
-3.114501714706420898e+00,-8.355091214179992676e-01
-1.219114065170288086e+00,8.383702039718627930e-01
8.964584469795227051e-01,-1.848850548267364502e-01
-2.129375457763671875e+00,-5.503168106079101562e+00
1.894373178482055664e+00,-9.517205953598022461e-01
1.654197454452514648e+00,2.686051607131958008e+00
2.822609186172485352e+00,-6.055617332458496094e-01
7.834593653678894043e-01,-4.141862094402313232e-01
2.518793940544128418e-01,-1.581602394580841064e-01
8.910959362983703613e-01,-4.275252819061279297e-01
-8.484689146280288696e-02,-5.466814041137695312e-01
2.064632475376129150e-01,1.027595624327659607e-01
8.432011008262634277e-01,7.594363391399383545e-02
1.501579642295837402e+00,3.967273980379104614e-02
-2.520625591278076172e-01,2.828758001327514648e+00
-1.940502226352691650e-01,-1.914918303489685059e+00
-9.754747897386550903e-02,3.994530141353607178e-01
1.037407755851745605e+00,-2.486613094806671143e-01
2.178042173385620117e+00,-1.565743684768676758e+00
-2.092427968978881836e+00,-1.560742378234863281e+00
8.746937513351440430e-01,-4.097672700881958008e-01
-2.258949041366577148e+00,1.001303195953369141e+00
-3.803757429122924805e-01,7.158716917037963867e-01
9.861631989479064941e-01,-1.047308593988418579e-01
2.102817296981811523e-01,-7.073193192481994629e-01
1.142190217971801758e+00,2.515784651041030884e-02
1.903069972991943359e+00,7.054191827774047852e-01
6.286548376083374023e-01,1.895990729331970215e+00
5.281478762626647949e-01,-1.180888414382934570e+00
6.407890915870666504e-01,5.252307057380676270e-01
8.946346640586853027e-01,-4.628883004188537598e-01
3.221583664417266846e-01,-4.899238049983978271e-01
-7.670884132385253906e-01,-4.754260778427124023e-01
1.098674416542053223e+00,-2.790011167526245117e-01
1.654197454452514648e+00,2.686051607131958008e+00
1.608550101518630981e-01,8.723796159029006958e-02
1.713655591011047363e-01,4.888542592525482178e-01
6.639347672462463379e-01,-7.748570442199707031e-01
3.054481744766235352e-01,2.361972928047180176e-01
-8.348925709724426270e-01,-1.160287499427795410e+00
1.937687397003173828e+00,-6.045904159545898438e-01
-1.676299571990966797e+00,3.230642974376678467e-01
-1.910261273384094238e+00,-1.302887678146362305e+00
5.859406292438507080e-02,-1.561515331268310547e-01
3.760472238063812256e-01,-8.985442668199539185e-02
2.709677219390869141e-01,5.437702536582946777e-01
9.158070683479309082e-01,-8.199995011091232300e-02
-5.772426724433898926e-01,-4.132595956325531006e-01
-6.649343371391296387e-01,4.774626195430755615e-01
-2.612542361021041870e-02,-1.514823913574218750e+00
-1.230187296867370605e+00,4.543305039405822754e-01
6.012020707130432129e-01,1.411911964416503906e+00
1.027363300323486328e+00,-1.871638298034667969e-01
7.054552435874938965e-02,2.059059143066406250e-01
-2.296558618545532227e-01,-6.435474753379821777e-01
-6.642034649848937988e-01,-4.913460910320281982e-01
-6.940316557884216309e-01,-9.537903070449829102e-01
1.575424551963806152e+00,3.575650691986083984e+00
9.305287599563598633e-01,-1.475758478045463562e-02
3.511093854904174805e-01,1.601863741874694824e+00
8.939120173454284668e-02,-2.418337464332580566e-01
-8.386220932006835938e-01,-5.553522706031799316e-01
1.068636775016784668e+00,9.479046612977981567e-02
1.051436185836791992e+00,-8.141004294157028198e-02
-7.245058417320251465e-01,-8.265687227249145508e-01
1.980158090591430664e-01,1.657951176166534424e-01
1.472439467906951904e-01,3.348284661769866943e-01
2.779108881950378418e-01,4.986962974071502686e-01
6.495904922485351562e-01,-1.776132881641387939e-01
-6.985471397638320923e-02,5.371173620223999023e-01
-1.334808588027954102e+00,-1.706927299499511719e+00
2.474134564399719238e-01,-2.782864496111869812e-03
-2.330157279968261719e+00,-1.211785554885864258e+00
1.102563440799713135e-01,-2.879865169525146484e-01
-3.300928115844726562e+00,2.802137613296508789e+00
6.667770743370056152e-01,-4.837410748004913330e-01
1.611277580261230469e+00,-1.064349651336669922e+00
1.005189776420593262e+00,-2.224486172199249268e-01
6.708696484565734863e-01,2.142525911331176758e-01
-3.279174119234085083e-02,-1.418150961399078369e-01
-5.694429278373718262e-01,-5.313633084297180176e-01
-3.679272532463073730e-01,-1.311185240745544434e+00
1.901885867118835449e+00,-7.324131131172180176e-01
-8.784097433090209961e-01,-6.545758843421936035e-01
-5.673513412475585938e-01,-3.440566658973693848e-01
-2.121645957231521606e-02,2.694783926010131836e+00
-1.648794293403625488e+00,-1.874997138977050781e+00
1.026951789855957031e+00,-4.302683845162391663e-02
6.587328910827636719e-01,2.541492283344268799e-01
8.800212740898132324e-01,-3.768656551837921143e-01
3.303077220916748047e-01,1.921681165695190430e-01
1.003072619438171387e+00,-1.105385944247245789e-01
-6.316453218460083008e-03,9.530018270015716553e-02
4.863899946212768555e-01,-1.053134426474571228e-01
-9.460278749465942383e-01,-1.616555809974670410e+00
-2.264657616615295410e-01,8.432443141937255859e-01
1.770713031291961670e-01,-1.926367878913879395e-01
1.073720335960388184e+00,-1.398107707500457764e-01
-1.100977063179016113e+00,-7.004643976688385010e-02
2.104111313819885254e-01,-1.383833885192871094e+00
2.546350061893463135e-01,-1.547620296478271484e-01
1.017566323280334473e+00,-1.267698034644126892e-02
9.896079897880554199e-01,-1.626045256853103638e-02
1.223536252975463867e+00,-1.250536680221557617e+00
9.326612353324890137e-01,-3.306453227996826172e-01
3.135279715061187744e-01,-5.795925855636596680e-01
8.625382184982299805e-01,-4.264434874057769775e-01
-7.217612862586975098e-01,-2.216932296752929688e+00
-9.827190637588500977e-01,-3.756501376628875732e-01
8.473373651504516602e-01,1.543317317962646484e+00
-3.679272532463073730e-01,-1.311185240745544434e+00
7.785722613334655762e-01,-3.804865181446075439e-01
6.241734325885772705e-02,-2.717555165290832520e-01
1.193150430917739868e-01,-4.196794033050537109e-01
8.725966215133666992e-01,-4.395015537738800049e-01
-1.184195160865783691e+00,-1.781027555465698242e+00
1.128231644630432129e+00,-3.137953877449035645e-01
-3.372277915477752686e-01,4.216434061527252197e-01
1.158522367477416992e+00,-1.032814264297485352e+00
9.983701109886169434e-01,-2.666204869747161865e-01
1.441205739974975586e-01,-1.319373488426208496e+00
9.196994900703430176e-01,-3.639858365058898926e-01
-1.084129929542541504e+00,-1.175229474902153015e-01
4.500870704650878906e+00,-2.198564529418945312e+00
1.001239895820617676e+00,-9.169288724660873413e-02
-2.745169699192047119e-01,-1.014786958694458008e+00
8.739882707595825195e-01,-9.576053172349929810e-02
3.021490573883056641e-01,2.589263916015625000e-01
-1.329388737678527832e+00,4.090688824653625488e-01
8.030089735984802246e-01,-4.081722497940063477e-01
-1.692572534084320068e-01,2.424775063991546631e-01
-7.251204252243041992e-01,4.846408665180206299e-01
-2.018294572830200195e+00,-2.021967172622680664e+00
-6.250796914100646973e-01,5.547364354133605957e-01
-3.913176655769348145e-01,3.869556486606597900e-01
6.660535335540771484e-01,-4.429669380187988281e-01
-8.161466121673583984e-01,-5.488672256469726562e-01
-1.211912631988525391e+00,-7.675257325172424316e-01
6.313842535018920898e-01,2.035102546215057373e-01
-6.009621620178222656e-01,5.760542750358581543e-01
-6.574586033821105957e-03,8.336435258388519287e-02
-1.282198667526245117e+00,-1.251288175582885742e+00
-3.142914474010467529e-01,-5.051089525222778320e-01
-2.831112623214721680e+00,-9.572827816009521484e-01
5.983559489250183105e-01,-2.982744276523590088e-01
3.022743761539459229e-01,-3.926188051700592041e-01
4.760650098323822021e-01,1.332972764968872070e+00
4.630240499973297119e-01,2.016730785369873047e+00
9.864236414432525635e-02,-2.128442227840423584e-01
3.329091548919677734e+00,-9.647207856178283691e-01
-7.161074280738830566e-01,1.095722675323486328e+00
1.083046436309814453e+00,-4.617407023906707764e-01
1.572826951742172241e-01,-2.263957858085632324e-01
1.250950098037719727e+00,-5.348552465438842773e-01
1.011906623840332031e+00,-2.590728551149368286e-02
-1.433413326740264893e-01,2.453638076782226562e+00
-5.327869653701782227e-01,-4.646085739135742188e+00
-2.612542361021041870e-02,-1.514823913574218750e+00
7.133121788501739502e-02,-1.331877410411834717e-01
-2.957922697067260742e+00,-2.743817090988159180e+00
-6.823817491531372070e-01,-6.002291440963745117e-01
1.274273842573165894e-01,-1.176643893122673035e-01
-2.335975408554077148e+00,-4.172211885452270508e-01
-6.197611093521118164e-01,-7.887111902236938477e-01
2.103726863861083984e+00,-8.141069412231445312e-01
-9.345893859863281250e-01,-1.054605364799499512e+00
-7.846228480339050293e-01,-5.481225848197937012e-01
-2.421591043472290039e+00,1.513621449470520020e+00
-1.050332665443420410e+00,-2.008231580257415771e-01
9.639104604721069336e-01,-3.990828990936279297e-01
1.433434128761291504e+00,2.115043103694915771e-01
-3.594748973846435547e+00,-7.282581329345703125e-01
-3.959117531776428223e-01,6.327176690101623535e-01
-1.022468879818916321e-01,4.333066046237945557e-01
-2.253501892089843750e+00,-1.426769614219665527e+00
-9.490313529968261719e-01,-4.026176333427429199e-01
-6.704725027084350586e-01,-3.604841828346252441e-01
1.079418659210205078e+00,7.836152613162994385e-02
-1.184195160865783691e+00,-1.781027555465698242e+00
-4.375341236591339111e-01,1.030011773109436035e+00
-1.156617879867553711e+00,1.617998600006103516e+00
-5.459170937538146973e-01,-1.274381637573242188e+00
-1.609712839126586914e-03,2.251050949096679688e+00
3.119587600231170654e-01,5.354946255683898926e-01
-9.388929605484008789e-01,-6.630501747131347656e-01
3.406580984592437744e-01,-7.427868247032165527e-01
-5.140096545219421387e-01,8.248198628425598145e-01
-4.232566058635711670e-01,-7.011795639991760254e-01
8.928535580635070801e-01,-2.331297397613525391e-01
9.790350198745727539e-01,-9.962611645460128784e-02
5.127121210098266602e-01,-1.284475803375244141e+00
1.021667480468750000e+00,-4.569272696971893311e-02
-1.635591685771942139e-01,3.933147490024566650e-01
-9.303959608078002930e-01,-5.201469659805297852e-01
1.598921418190002441e+00,-8.818826079368591309e-01
-9.730689525604248047e-01,-1.789969801902770996e-01
-2.431342363357543945e+00,7.506385445594787598e-01
-8.186512589454650879e-01,1.036916851997375488e+00
1.193150430917739868e-01,-4.196794033050537109e-01
-2.755039930343627930e+00,1.919641852378845215e+00
-1.107289075851440430e+00,1.027753591537475586e+00
-3.070577859878540039e+00,-2.364599704742431641e+00
2.873338460922241211e+00,-1.836463451385498047e+00
9.036424160003662109e-01,-1.311609387397766113e+00
2.104750871658325195e-01,-2.730344235897064209e-01
-1.905716419219970703e+00,-2.355714321136474609e+00
2.231480181217193604e-02,4.070080816745758057e-01
-6.951065063476562500e-01,-7.521247863769531250e-01
-1.866964459419250488e+00,-2.811718583106994629e-01
2.072998523712158203e+00,-2.608007431030273438e+00
1.125904798507690430e+00,-5.252802371978759766e-01
-7.245058417320251465e-01,-8.265687227249145508e-01
-1.141557812690734863e+00,-1.276274561882019043e+00
5.690796971321105957e-01,1.259752213954925537e-01
-1.285639762878417969e+00,3.659184873104095459e-01
3.816784620285034180e-01,8.027945458889007568e-02
1.178153634071350098e+00,2.341098546981811523e+00
9.822744727134704590e-01,4.852702841162681580e-02
2.408182382583618164e+00,-4.995271265506744385e-01
-1.079464912414550781e+00,-1.449424862861633301e+00
1.937687397003173828e+00,-6.045904159545898438e-01
1.336455196142196655e-01,4.420150071382522583e-02
-9.882284402847290039e-01,2.379882633686065674e-01
1.446973681449890137e+00,-4.009817838668823242e-01
1.682261109352111816e+00,-9.331067800521850586e-01
2.457803726196289062e+00,-5.061256885528564453e-01
9.729079604148864746e-01,-2.150498032569885254e-01
6.327236294746398926e-01,-6.767511963844299316e-01
-5.041205286979675293e-01,-1.071458578109741211e+00
1.001693159341812134e-01,-1.131187200546264648e+00
-9.762151241302490234e-01,-1.561611890792846680e+00
-1.073762401938438416e-01,-2.000114679336547852e+00
1.127208709716796875e+00,2.840085029602050781e-01
1.080846667289733887e+00,9.601585268974304199e-01
1.044852852821350098e+00,1.272129297256469727e+00
-1.381559967994689941e+00,-1.515947937965393066e+00
1.237563788890838623e-02,2.376927137374877930e-01
4.634461998939514160e-01,-2.430865764617919922e-01
2.335867285728454590e-01,6.870160996913909912e-02
9.006634354591369629e-01,-1.443194448947906494e-01
2.478092908859252930e-01,-1.263387918472290039e+00
9.616771936416625977e-01,-3.817059397697448730e-01
-5.443972945213317871e-01,4.324759542942047119e-01
-2.051615238189697266e+00,-1.246978282928466797e+00
-1.074744105339050293e+00,-1.156886339187622070e+00
8.687438368797302246e-01,-3.209351599216461182e-01
5.584067106246948242e-01,-6.463599205017089844e-01
-9.316032379865646362e-02,-2.704365253448486328e+00
7.946020364761352539e-01,-3.939767777919769287e-01
9.941225647926330566e-01,-1.599923372268676758e-01
9.149680137634277344e-01,1.037517905235290527e+00
-1.620827794075012207e+00,2.305135011672973633e+00
-1.433786392211914062e+00,1.692867398262023926e+00
-1.070176243782043457e+00,-1.337759017944335938e+00
3.254599869251251221e-03,-3.354315459728240967e-01
-1.752255856990814209e-01,-1.742842912673950195e+00
1.058958053588867188e+00,7.496891915798187256e-02
1.328566074371337891e+00,3.817721307277679443e-01
-1.440139412879943848e-01,5.653801187872886658e-02
-2.698719799518585205e-01,-4.815279543399810791e-01
-5.201613306999206543e-01,-6.705419719219207764e-02
3.297088146209716797e-01,3.094863295555114746e-01
-7.974998950958251953e-01,-6.203799247741699219e-01
1.913345694541931152e+00,-6.052569299936294556e-02
-2.060383081436157227e+00,-7.589321732521057129e-01
-1.681375622749328613e+00,-2.751301527023315430e+00
-1.342535972595214844e+00,2.542546093463897705e-01
1.029870271682739258e+00,2.869577407836914062e-01
1.155157387256622314e-01,1.538699865341186523e-01
-8.782966732978820801e-01,-9.848517775535583496e-01
-1.899307847023010254e+00,3.839967548847198486e-01
-6.024534106254577637e-01,4.516849517822265625e-01
-4.341928064823150635e-01,9.677050709724426270e-01
-1.185575366020202637e+00,-1.334323644638061523e+00
-1.333880901336669922e+00,-1.955679416656494141e+00
9.778461456298828125e-01,1.368468284606933594e+00
-2.044418334960937500e+00,-3.628476619720458984e+00
1.748941659927368164e+00,-6.627253890037536621e-01
2.230741262435913086e+00,4.533898830413818359e+00
-1.486367583274841309e+00,1.173477292060852051e+00
3.377086520195007324e-01,-4.456860125064849854e-01
6.170169711112976074e-01,-7.748794555664062500e-01
-7.499897480010986328e-01,-2.204840481281280518e-01
7.837630063295364380e-02,2.238056957721710205e-01
-2.479275465011596680e+00,2.985406219959259033e-01
8.821986317634582520e-01,-4.990178346633911133e-02
4.532130956649780273e-01,5.384392738342285156e-01
-2.859474182128906250e+00,-1.613761305809020996e+00
-1.796711683273315430e+00,4.264728724956512451e-01
-9.052193760871887207e-01,7.121252417564392090e-01
7.044697999954223633e-01,-1.414293646812438965e+00
-1.956249475479125977e-01,-4.262163937091827393e-01
-5.725727677345275879e-01,-7.293902039527893066e-01
6.092283129692077637e-01,-4.212665259838104248e-01
8.450302481651306152e-01,-4.780351817607879639e-01
1.207923769950866699e+00,2.855736911296844482e-01
-1.322271347045898438e+00,1.302636981010437012e+00
1.612884521484375000e+00,-6.892083883285522461e-01
1.486808657646179199e-01,-1.565924167633056641e+00
1.102563440799713135e-01,-2.879865169525146484e-01
4.869730770587921143e-01,-3.142192959785461426e-03
-3.279174119234085083e-02,-1.418150961399078369e-01
7.851732373237609863e-01,3.918003737926483154e-01
9.788634777069091797e-01,-2.238339483737945557e-01
1.150906443595886230e+00,-2.004327774047851562e+00
-1.715982198715209961e+00,2.016454003751277924e-02
-7.809536457061767578e-01,-4.433329582214355469e+00
-4.702968299388885498e-01,-9.522382915019989014e-02
-4.394277036190032959e-01,-5.039079189300537109e-01
-2.073080539703369141e+00,9.240725040435791016e-01
-2.658938407897949219e+00,-2.641317844390869141e+00
7.400501370429992676e-01,-2.496323585510253906e-01
1.053595185279846191e+00,-1.795435547828674316e-01
2.032367706298828125e+00,-3.247932493686676025e-01
-8.881079554557800293e-01,-4.696899354457855225e-01
-1.202362537384033203e+00,-1.785220742225646973e+00
1.793033480644226074e+00,-7.599312067031860352e-01
7.745599746704101562e-01,-3.618979752063751221e-01
-2.171277761459350586e+00,-2.010218620300292969e+00
3.249604403972625732e-01,-1.283494383096694946e-02
6.190353631973266602e-01,-5.496964603662490845e-02
-6.722918748855590820e-01,3.492162525653839111e-01
9.442569017410278320e-01,3.650744259357452393e-01
-1.656574368476867676e+00,-1.771582007408142090e+00
-8.560065627098083496e-01,-1.400526642799377441e+00
-2.421591043472290039e+00,1.513621449470520020e+00
-2.744663000106811523e+00,6.627541184425354004e-01
-1.336038112640380859e+00,1.205344557762145996e+00
1.019187927246093750e+00,-1.388675868511199951e-01
-1.437811374664306641e+00,-3.007431030273437500e+00
9.884136319160461426e-01,-6.001815199851989746e-03
6.714013218879699707e-01,2.439253926277160645e-01
-1.597824811935424805e+00,2.236528992652893066e-01
5.115342885255813599e-02,2.229727804660797119e-01
8.493295907974243164e-01,-1.698752522468566895e+00
1.152873337268829346e-01,-1.978202462196350098e-01
-1.066065669059753418e+00,6.768833100795745850e-02
-4.431989789009094238e-02,2.894411087036132812e-01
-4.447300136089324951e-01,6.127722263336181641e-01
7.054552435874938965e-02,2.059059143066406250e-01
-6.940316557884216309e-01,-9.537903070449829102e-01
6.718989461660385132e-02,-2.122240066528320312e-01
1.592617511749267578e+00,9.927181601524353027e-01
-1.225365996360778809e+00,-6.826620697975158691e-01
-1.267927050590515137e+00,1.221830606460571289e+00
9.596975445747375488e-01,-2.694530412554740906e-02
9.491172432899475098e-01,-1.194246634840965271e-01
-1.591241598129272461e+00,-1.073633313179016113e+00
1.052492380142211914e+00,2.987108826637268066e-01
1.366253852844238281e+00,1.471490144729614258e+00
-8.949722647666931152e-01,-1.514694571495056152e+00
9.596825242042541504e-01,-3.639285862445831299e-01
-5.423635840415954590e-01,-6.657954454421997070e-01
-1.127228736877441406e+00,5.470677018165588379e-01
7.757751345634460449e-01,1.791601419448852539e+00
1.012266755104064941e+00,-1.037952825427055359e-01
8.605768531560897827e-02,2.900502681732177734e-01
-3.465107828378677368e-02,-4.411929547786712646e-01
7.753808498382568359e-01,-4.072348177433013916e-01
9.489252567291259766e-01,-2.873973846435546875e-01
8.760994672775268555e-01,-1.123483404517173767e-01
2.679746866226196289e+00,-3.734608292579650879e-01
-2.956108152866363525e-01,-7.993735671043395996e-01
8.338028937578201294e-02,-1.779977798461914062e+00
7.074866294860839844e-01,-1.241205096244812012e+00
1.101418852806091309e+00,-1.734096884727478027e+00
-6.098210215568542480e-01,-3.048169612884521484e-01
-7.633972764015197754e-01,-9.480091929435729980e-01
-7.558364868164062500e-01,1.055406928062438965e+00
4.940241575241088867e-02,3.517155647277832031e-01
1.549261689186096191e+00,2.338822841644287109e+00
6.327236294746398926e-01,-6.767511963844299316e-01
-7.282786369323730469e-01,-1.953747570514678955e-01
2.337879896163940430e+00,-6.557363867759704590e-01
4.417657852172851562e-03,2.873876810073852539e+00
-5.539603829383850098e-01,-6.384794116020202637e-01
-2.813673257827758789e+00,1.466527879238128662e-01
1.005826473236083984e+00,-1.358613371849060059e-01
-3.398176431655883789e+00,1.726780056953430176e+00
-6.383946537971496582e-01,-5.016701221466064453e-01
-3.410147130489349365e-02,2.330371141433715820e-01
-2.420117378234863281e+00,2.515238285064697266e+00
-1.349107623100280762e+00,1.402180433273315430e+00
-1.872096210718154907e-02,-3.428763151168823242e-01
9.527885913848876953e-01,-1.222788318991661072e-01
9.526436328887939453e-01,1.449548363685607910e+00
5.818409919738769531e-01,4.132981002330780029e-01
-7.348486185073852539e-01,-3.025119602680206299e-01
-8.458769917488098145e-01,-5.653698444366455078e-01
-4.274071455001831055e-01,-7.007786631584167480e-01
-3.253511428833007812e+00,-2.863331794738769531e+00
1.047396183013916016e+00,-4.095060825347900391e-01
-2.769027650356292725e-01,-9.635826945304870605e-01
-1.413395404815673828e+00,-5.505465865135192871e-01
1.024773597717285156e+00,2.456126809120178223e-01
-1.620306015014648438e+00,2.303190231323242188e-01
2.055122613906860352e+00,-6.795982122421264648e-01
-1.862382173538208008e+00,-1.273174405097961426e+00
-8.478258848190307617e-01,-7.054425477981567383e-01
-8.916737437248229980e-01,-1.533934473991394043e+00
9.041455388069152832e-01,-2.398792207241058350e-01
-4.582944214344024658e-01,-1.796682000160217285e+00
2.874156236648559570e-01,2.785566151142120361e-01
5.470961704850196838e-02,-2.732619941234588623e-01
-1.186309456825256348e+00,2.439542412757873535e-01
9.526436328887939453e-01,1.449548363685607910e+00
2.557177543640136719e-01,1.170527711510658264e-01
-2.105266809463500977e+00,-6.974513828754425049e-02
-1.935665607452392578e+00,-1.951245546340942383e+00
9.275493025779724121e-01,-2.462369203567504883e-02
-1.513909578323364258e+00,1.517293155193328857e-01
-1.154773473739624023e+00,-6.836321353912353516e-01
-9.011843800544738770e-01,-6.541716456413269043e-01
1.419414281845092773e+00,1.219442725181579590e+00
-1.507441401481628418e-01,-3.358046412467956543e-01
9.422774314880371094e-01,-6.762623786926269531e-02
1.680624842643737793e+00,-5.924822688102722168e-01
2.860143482685089111e-01,-1.138324514031410217e-01
-6.505345702171325684e-01,-8.715145587921142578e-01
-6.626539826393127441e-01,7.585266828536987305e-01
-6.307041645050048828e-01,4.306417703628540039e-01
1.115328073501586914e+00,-4.543126225471496582e-01
3.046251237392425537e-01,5.069846510887145996e-01
-1.870307564735412598e+00,-1.231405735015869141e+00
-2.634108662605285645e-01,-7.096276879310607910e-01
3.281814157962799072e-01,-1.407625436782836914e+00
1.097909688949584961e+00,3.769355118274688721e-01
8.286474943161010742e-01,6.591293215751647949e-01
-1.361513614654541016e+00,-2.739190101623535156e+00
-1.034721016883850098e+00,4.608329832553863525e-01
1.715458482503890991e-01,3.617930412292480469e-02
-8.874211311340332031e-01,9.031059145927429199e-01
-1.940818786621093750e+00,-3.824298977851867676e-01
8.696696162223815918e-01,1.901020109653472900e-01
-3.167280852794647217e-01,3.889538943767547607e-01
3.054481744766235352e-01,2.361972928047180176e-01
1.446973681449890137e+00,-4.009817838668823242e-01
-7.549225687980651855e-01,1.105837106704711914e+00
7.217387557029724121e-01,-4.114236235618591309e-01
-1.383632779121398926e+00,-1.631759881973266602e+00
6.667770743370056152e-01,-4.837410748004913330e-01
-1.853179931640625000e+00,-1.167148232460021973e+00
-1.101382598280906677e-01,1.302701532840728760e-01
-6.962736845016479492e-01,-5.716177225112915039e-01
9.921209216117858887e-01,-7.339215874671936035e-01
3.377904295921325684e-01,1.523599326610565186e-01
1.458950519561767578e+00,1.275273412466049194e-01
1.266167759895324707e+00,1.817307114601135254e+00
-6.202066540718078613e-01,-4.718695580959320068e-01
1.223704457283020020e+00,-9.889844059944152832e-01
9.003640711307525635e-02,-1.951256394386291504e-01
7.898217439651489258e-01,-3.825582265853881836e-01
6.178845167160034180e-01,-9.156999588012695312e-01
1.187271714210510254e+00,-3.205270469188690186e-01
-1.697825193405151367e+00,5.039035677909851074e-01
9.431981444358825684e-01,-3.074676990509033203e-01
2.483276367187500000e+00,-1.541527867317199707e+00
9.798322916030883789e-01,-2.451486885547637939e-01
-3.135727643966674805e-01,-1.715463399887084961e+00
3.219900429248809814e-01,-4.824919402599334717e-01
-2.724702656269073486e-01,-9.556360840797424316e-01
-7.288742661476135254e-01,-1.464090466499328613e+00
-9.690945148468017578e-01,-5.821727514266967773e-01
-1.038990974426269531e+00,-1.229535460472106934e+00
-1.868283748626708984e-01,2.477823197841644287e-01
1.001044511795043945e+00,-8.405248522758483887e-01
2.241407930850982666e-01,-3.909335434436798096e-01
-2.420117378234863281e+00,2.515238285064697266e+00
-1.919421195983886719e+00,2.710440456867218018e-01
1.296788692474365234e+00,-2.648561820387840271e-02
1.465985774993896484e-01,3.957770764827728271e-01
-1.074484348297119141e+00,-1.328252792358398438e+00
9.596825242042541504e-01,-3.639285862445831299e-01
3.394552469253540039e-01,-6.976279616355895996e-02
-3.890189230442047119e-01,5.864734649658203125e-01
-1.366430401802062988e+00,1.282269001007080078e+00
-2.301169395446777344e+00,-1.109731554985046387e+00
-1.549196958541870117e+00,1.413183927536010742e+00
7.316960692405700684e-01,-1.260107755661010742e+00
1.650075912475585938e-01,6.248546019196510315e-02
-1.093114495277404785e+00,-1.042264342308044434e+00
8.082628250122070312e-03,2.457064986228942871e-01
2.178290128707885742e+00,-5.833408832550048828e-01
-1.648653984069824219e+00,1.218611001968383789e-01
1.001693159341812134e-01,-1.131187200546264648e+00
1.047396183013916016e+00,-4.095060825347900391e-01
9.893347620964050293e-01,-1.524026691913604736e-01
1.340792298316955566e+00,-6.910094618797302246e-01
3.046825230121612549e-01,-1.326413154602050781e-01
2.801259160041809082e-01,-3.437886536121368408e-01
1.433434128761291504e+00,2.115043103694915771e-01
-1.873813867568969727e+00,-2.069630146026611328e+00
-5.935153961181640625e-01,5.208784937858581543e-01
-3.095090150833129883e+00,1.002010822296142578e+00
-3.818555772304534912e-01,8.463974595069885254e-01
4.156363904476165771e-01,3.357598066329956055e+00
5.586152076721191406e-01,-4.587870091199874878e-02
9.275493025779724121e-01,-2.462369203567504883e-02
-3.570625066757202148e+00,7.222688794136047363e-01
1.098674416542053223e+00,-2.790011167526245117e-01
-8.756725788116455078e-01,-3.609871268272399902e-01
1.196484088897705078e+00,2.191559970378875732e-01
-6.733981966972351074e-01,-8.723940253257751465e-01
9.152751564979553223e-01,2.851932644844055176e-01
-1.393411874771118164e+00,-1.928307056427001953e+00
-6.494954228401184082e-01,-5.167592763900756836e-01
5.299481749534606934e-01,-1.093972206115722656e+00
-5.963663458824157715e-01,-4.548656046390533447e-01
-1.460342705249786377e-01,-1.262903511524200439e-01
-6.439665555953979492e-01,8.371669650077819824e-01
-8.302822113037109375e-01,1.533936738967895508e+00
-3.231852293014526367e+00,-3.792805373668670654e-01
-1.382509589195251465e+00,2.964311838150024414e-01
8.800689578056335449e-01,-1.184211611747741699e+00
-3.254284143447875977e+00,1.420266628265380859e+00
9.003640711307525635e-02,-1.951256394386291504e-01
-1.267599821090698242e+00,-7.502793073654174805e-01
-7.534383535385131836e-01,-1.009496450424194336e+00
9.640769958496093750e-01,-2.977855503559112549e-02
-4.443411529064178467e-01,-8.515162467956542969e-01
-4.905456602573394775e-01,-6.583623290061950684e-01
1.124501824378967285e+00,-5.324392914772033691e-01
-2.463703751564025879e-01,-7.699815630912780762e-01
1.196870684623718262e+00,9.923723340034484863e-01
-3.016834557056427002e-01,-1.618321835994720459e-01
3.021490573883056641e-01,2.589263916015625000e-01
-1.322239279747009277e+00,1.396251559257507324e+00
-1.971358060836791992e-02,3.445730507373809814e-01
5.299481749534606934e-01,-1.093972206115722656e+00
4.875781536102294922e-01,-9.510020166635513306e-02
2.246415242552757263e-02,-7.073292136192321777e-01
-2.669322013854980469e+00,-3.352241516113281250e+00
-2.098108083009719849e-02,-1.826812744140625000e+00
-1.133398294448852539e+00,-7.499237656593322754e-01
1.398226618766784668e-01,-8.493350744247436523e-01
9.305287599563598633e-01,-1.475758478045463562e-02
-9.192727804183959961e-01,-1.200062990188598633e+00
9.773936867713928223e-01,-4.223680496215820312e-02
9.805994033813476562e-01,-1.416077613830566406e-01
3.740709722042083740e-01,1.637754142284393311e-01
-1.437811374664306641e+00,-3.007431030273437500e+00
-5.988062173128128052e-02,6.935685873031616211e-01
2.681515514850616455e-01,7.896822094917297363e-01
5.115342885255813599e-02,2.229727804660797119e-01
-9.584238529205322266e-01,-4.282611310482025146e-01
1.661825180053710938e-01,-2.771385908126831055e-01
-8.194327354431152344e-01,3.636083304882049561e-01
8.377549052238464355e-01,-1.380137801170349121e+00
