-7.238979935646057129e-01,-1.137382268905639648e+00
-5.488243699073791504e-01,-1.101112961769104004e+00
4.781241118907928467e-01,-3.101770162582397461e+00
-1.604978442192077637e-01,-3.487669229507446289e+00
-7.531818747520446777e-01,-1.497902393341064453e+00
7.920759916305541992e-01,-3.356079816818237305e+00
2.396271824836730957e-01,-8.827133774757385254e-01
1.682735800743103027e+00,-1.710512638092041016e+00
-1.610075592994689941e+00,-1.595078706741333008e+00
-1.824927568435668945e+00,-9.573877453804016113e-01
6.688411831855773926e-01,-3.206841468811035156e+00
-1.029595255851745605e+00,-7.812842130661010742e-01
2.210001945495605469e-01,-2.013439893722534180e+00
-5.318979024887084961e-01,-1.295591115951538086e+00
1.178187370300292969e+00,-3.240833759307861328e+00
1.363713264465332031e+00,-2.461573362350463867e+00
-7.437040656805038452e-02,-3.279879570007324219e+00
3.280029594898223877e-01,-1.776458501815795898e+00
-7.316862940788269043e-01,-1.344027757644653320e+00
3.663142919540405273e-01,-5.556570887565612793e-01
1.310653090476989746e-01,-1.831762552261352539e+00
-8.388175368309020996e-01,-1.076988220214843750e+00
5.853258371353149414e-01,-1.346279382705688477e+00
-1.671498894691467285e+00,-1.669787287712097168e+00
1.579946465790271759e-02,-6.732470989227294922e-01
2.327101469039916992e+00,1.152580007910728455e-01
-1.067240715026855469e+00,-1.036274790763854980e+00
6.751847863197326660e-01,-3.189344406127929688e+00
8.618518114089965820e-01,-1.935055971145629883e+00
-5.307672619819641113e-01,-1.361045837402343750e+00
-2.191767096519470215e-03,-1.004594206809997559e+00
-4.973030090332031250e+00,-2.602069377899169922e+00
-9.691437333822250366e-02,-1.106595754623413086e+00
1.020497322082519531e+00,-3.197360277175903320e+00
9.844213724136352539e-02,-6.284352540969848633e-01
-2.541462182998657227e+00,-3.287079572677612305e+00
-5.579556226730346680e-01,-1.379877686500549316e+00
1.985032320022583008e+00,-1.560030698776245117e+00
-1.352028608322143555e+00,-9.593795537948608398e-01
-5.337279438972473145e-01,-1.372332811355590820e+00
-1.263472318649291992e+00,-1.002053976058959961e+00
1.834239810705184937e-02,-3.185357570648193359e+00
5.333672165870666504e-01,-9.803702831268310547e-01
-1.472796320915222168e+00,-8.183359503746032715e-01
3.385487198829650879e-02,-1.214375138282775879e+00
-4.790318906307220459e-01,-3.917632400989532471e-01
-4.606477320194244385e-01,-1.319755554199218750e+00
7.958571910858154297e-01,-5.721789598464965820e-01
-1.916235685348510742e+00,-8.963391184806823730e-01
5.810070037841796875e-01,-5.479906201362609863e-01
-6.724558472633361816e-01,-1.360253572463989258e+00
5.035308599472045898e-01,-1.322193861007690430e+00
-7.014267444610595703e-01,-1.194434404373168945e+00
-3.724722146987915039e+00,-2.509343624114990234e+00
-1.125830039381980896e-01,-8.302754163742065430e-01
-1.394407033920288086e+00,-1.003270149230957031e+00
-7.335235476493835449e-01,-1.179733753204345703e+00
-6.709710955619812012e-01,-1.150673985481262207e+00
-3.034290671348571777e-02,-2.670885562896728516e+00
-6.040632128715515137e-01,-1.074287891387939453e+00
1.433430552482604980e+00,-2.464918613433837891e+00
1.773558557033538818e-03,-1.015170931816101074e+00
6.270887255668640137e-01,-3.096898555755615234e+00
1.838872432708740234e+00,-3.256834030151367188e+00
-1.493079185485839844e+00,-1.668694972991943359e+00
1.249495506286621094e+00,-2.304453551769256592e-01
9.933041334152221680e-01,-3.053870677947998047e+00
7.571630477905273438e-01,-4.446955323219299316e-01
-6.159455180168151855e-01,-6.747884154319763184e-01
1.726977229118347168e-01,-9.372860193252563477e-01
-1.085062503814697266e+00,-1.078792452812194824e+00
-6.645424365997314453e-01,-1.225276470184326172e+00
-6.953247189521789551e-01,-1.195656776428222656e+00
-5.057011842727661133e-01,-2.894880294799804688e+00
-1.263472318649291992e+00,-1.002053976058959961e+00
-1.543734788894653320e+00,-4.886590540409088135e-01
-7.833009213209152222e-02,-9.465416073799133301e-01
3.925332427024841309e-01,-3.218960285186767578e+00
2.342318058013916016e+00,-2.529798746109008789e+00
-3.727497458457946777e-01,-1.166047334671020508e+00
2.298696935176849365e-01,-1.937771797180175781e+00
-1.443480134010314941e+00,-4.769692718982696533e-01
-2.236603975296020508e+00,-2.759423971176147461e+00
-1.211675047874450684e+00,-8.919857144355773926e-01
2.773000895977020264e-01,-7.359978556632995605e-01
9.353689551353454590e-01,-2.930318355560302734e+00
7.360250353813171387e-01,-1.555712223052978516e+00
-5.327512025833129883e-01,-2.400707244873046875e+00
1.635976791381835938e+00,-2.864255428314208984e+00
1.005750775337219238e+00,-3.293049097061157227e+00
-1.161510109901428223e+00,1.641050279140472412e-01
3.480052575469017029e-02,-1.085136175155639648e+00
9.447903931140899658e-02,-9.528995752334594727e-01
-1.809361577033996582e-01,-1.061888694763183594e+00
4.695194661617279053e-01,-1.251112222671508789e+00
7.171794772148132324e-01,4.188066422939300537e-01
3.329525291919708252e-01,-7.786965966224670410e-01
-1.101672053337097168e+00,-9.931271076202392578e-01
-1.335362195968627930e+00,-8.662430047988891602e-01
2.363168597221374512e-01,-5.539296269416809082e-01
-1.367881596088409424e-01,-2.911822557449340820e+00
-1.084543228149414062e+00,-9.769500494003295898e-01
7.528756260871887207e-01,-9.946442395448684692e-02
-1.154077053070068359e+00,-8.386132121086120605e-01
-3.955110609531402588e-01,-1.729270935058593750e+00
1.143880009651184082e+00,-3.176727056503295898e+00
-4.970671236515045166e-01,-1.186739683151245117e+00
-5.621032714843750000e-01,-1.352450251579284668e+00
-6.832721829414367676e-01,-1.237066388130187988e+00
2.220872879028320312e+00,-1.881866931915283203e+00
1.009019374847412109e+00,1.341629624366760254e-01
7.195101976394653320e-01,-1.835619330406188965e+00
3.223463520407676697e-02,-9.336779713630676270e-01
-1.566549777984619141e+00,-7.423882484436035156e-01
-2.597766369581222534e-02,-1.092680573463439941e+00
2.861644886434078217e-02,-8.379303216934204102e-01
-1.089111045002937317e-01,-2.017853260040283203e+00
-5.087220072746276855e-01,-9.838513135910034180e-01
-1.059408411383628845e-01,-1.948808312416076660e+00
2.919197380542755127e-01,-4.171704947948455811e-01
-7.665603160858154297e-01,-1.503071665763854980e+00
4.123404026031494141e+00,-1.640102863311767578e+00
1.076460361480712891e+00,-3.354355573654174805e+00
-1.444678902626037598e+00,-8.336613774299621582e-01
4.944601356983184814e-01,-1.943743109703063965e+00
-1.101653099060058594e+00,-9.131976366043090820e-01
9.025785326957702637e-01,-2.325971126556396484e+00
-2.377251386642456055e+00,-5.679770559072494507e-02
1.840284109115600586e+00,-1.954576730728149414e+00
5.254753232002258301e-01,-2.321185588836669922e+00
-1.374788522720336914e+00,-8.426727652549743652e-01
1.052129626274108887e+00,-3.093621015548706055e+00
-4.890574514865875244e-01,-1.120780825614929199e+00
-2.300120353698730469e+00,-1.814359784126281738e+00
1.912466287612915039e-01,-1.050421833992004395e+00
2.386168241500854492e-01,-1.684028804302215576e-01
-8.580784201622009277e-01,-1.968248367309570312e+00
7.789015769958496094e-01,-2.415670394897460938e+00
-1.510188579559326172e+00,-6.072676777839660645e-01
-4.675320625305175781e+00,-2.404764413833618164e+00
4.746946990489959717e-01,-3.302744865417480469e+00
2.773000895977020264e-01,-7.359978556632995605e-01
2.304440021514892578e+00,-1.572126150131225586e+00
4.159879982471466064e-01,-2.788419008255004883e+00
2.219097852706909180e+00,9.286038279533386230e-01
1.834239810705184937e-02,-3.185357570648193359e+00
-8.740952014923095703e-01,-2.232130527496337891e+00
6.688411831855773926e-01,-3.206841468811035156e+00
5.458553433418273926e-01,-3.299967050552368164e+00
-5.856178700923919678e-03,-8.119905591011047363e-01
-1.123412966728210449e+00,-9.539834260940551758e-01
5.808848142623901367e-01,-2.768002510070800781e+00
6.806508302688598633e-01,-1.491626143455505371e+00
-4.196024239063262939e-01,-1.402203559875488281e+00
9.127115011215209961e-01,-3.138038158416748047e+00
3.261140286922454834e-01,-3.122171640396118164e+00
-3.057621717453002930e-01,-9.574670195579528809e-01
-2.179915666580200195e+00,-2.629098176956176758e+00
2.893107235431671143e-01,-4.150242507457733154e-01
-9.246289134025573730e-01,-6.010308265686035156e-01
-3.186937794089317322e-02,-4.570123851299285889e-01
6.748268604278564453e-01,-1.714700698852539062e+00
-1.207289814949035645e+00,-8.963902592658996582e-01
3.841013014316558838e-01,-2.786780595779418945e+00
-7.615261077880859375e-01,-2.111617326736450195e+00
6.397286653518676758e-01,-1.347144007682800293e+00
-7.153843045234680176e-01,-1.325006484985351562e+00
1.583348870277404785e+00,-3.147294759750366211e+00
-5.512185692787170410e-01,-1.024840593338012695e+00
1.312926054000854492e+00,-1.323224544525146484e+00
-7.514255046844482422e-01,-1.714489102363586426e+00
-4.776224792003631592e-01,-1.106278061866760254e+00
-1.027658939361572266e+00,-2.381641268730163574e-01
2.960100173950195312e-01,-6.888825297355651855e-01
4.491100013256072998e-01,-2.939215660095214844e+00
-1.440440416336059570e+00,-9.751272946596145630e-02
3.179117918014526367e+00,-1.578853249549865723e+00
-7.574294209480285645e-01,-1.123590230941772461e+00
-5.057011842727661133e-01,-2.894880294799804688e+00
2.006511211395263672e+00,-8.058621883392333984e-01
2.344273030757904053e-01,-2.478462219238281250e+00
1.020934343338012695e+00,-3.093483686447143555e+00
4.302102327346801758e-02,-1.887128949165344238e+00
-5.780377984046936035e-01,-1.137257695198059082e+00
1.684161901473999023e+00,-2.992798089981079102e+00
-2.808457374572753906e+00,-1.415174126625061035e+00
-6.805273890495300293e-01,-1.442948102951049805e+00
-2.692433595657348633e+00,-1.960050940513610840e+00
7.270489335060119629e-01,-2.914615631103515625e+00
1.490376472473144531e+00,-2.830103397369384766e+00
-8.622509837150573730e-01,-1.846306204795837402e+00
-1.502615213394165039e+00,-1.248434662818908691e+00
5.159067511558532715e-01,-1.292794942855834961e+00
2.563768923282623291e-01,-7.442327141761779785e-01
2.563768923282623291e-01,-7.442327141761779785e-01
-1.056079864501953125e+00,-4.230363368988037109e+00
-1.078329801559448242e+00,-1.141939759254455566e+00
-9.882538914680480957e-01,-1.078263640403747559e+00
-1.688513875007629395e+00,-1.289352059364318848e+00
-1.453561782836914062e+00,-1.043157458305358887e+00
4.046649932861328125e-01,-6.733355522155761719e-01
8.214059472084045410e-01,-1.505069375038146973e+00
7.332637310028076172e-01,-3.331367492675781250e+00
-1.256237030029296875e-01,-1.203475669026374817e-01
1.137317061424255371e+00,-2.076258182525634766e+00
-4.130902588367462158e-01,-1.010533452033996582e+00
7.001928687095642090e-01,-3.010672092437744141e+00
-1.344668388366699219e+00,-1.254655122756958008e+00
-4.630828380584716797e+00,-2.323215961456298828e+00
1.125484228134155273e+00,-2.893370389938354492e+00
8.781242966651916504e-01,-2.770093441009521484e+00
8.929898142814636230e-01,-2.626072406768798828e+00
-5.757007002830505371e-01,-1.158793568611145020e+00
1.278837770223617554e-02,-1.332081675529479980e+00
-4.403384327888488770e-01,-2.882669687271118164e+00
1.274029761552810669e-01,-8.137261867523193359e-01
-3.447426855564117432e-01,-2.541049718856811523e+00
2.209238708019256592e-01,-7.068590521812438965e-01
1.170658878982067108e-02,-9.760039448738098145e-01
-1.262135267257690430e+00,-8.127101063728332520e-01
-1.478733181953430176e+00,-1.063314557075500488e+00
6.700047254562377930e-01,-1.760915994644165039e+00
-4.460433423519134521e-01,-2.947341680526733398e+00
-3.423353731632232666e-01,8.585386872291564941e-01
1.525152027606964111e-01,-6.386508941650390625e-01
-8.910015821456909180e-01,-1.318441152572631836e+00
5.927509069442749023e-01,-3.091822147369384766e+00
2.339732408523559570e+00,-5.991206169128417969e-01
3.318952322006225586e-01,-2.556100130081176758e+00
2.879606783390045166e-01,-1.989166855812072754e+00
5.857854485511779785e-01,-2.845545053482055664e+00
-1.085390925407409668e+00,-1.054995656013488770e+00
6.262155771255493164e-01,-2.158307790756225586e+00
-9.389271140098571777e-01,-2.043155431747436523e+00
7.671141028404235840e-01,-1.557664990425109863e+00
3.237536847591400146e-01,-1.314794540405273438e+00
2.908453047275543213e-01,-1.794517636299133301e+00
-6.919127702713012695e-01,-1.145904421806335449e+00
1.639110922813415527e+00,-3.000189781188964844e+00
8.725265264511108398e-01,-2.489543199539184570e+00
2.174410581588745117e+00,-2.622780799865722656e+00
1.094232439994812012e+00,-3.223638057708740234e+00
7.625039219856262207e-01,-2.805722236633300781e+00
-1.119241476058959961e+00,-1.234714388847351074e+00
-1.510281324386596680e+00,-2.117328643798828125e+00
2.345979213714599609e+00,-9.638414978981018066e-01
9.861398339271545410e-01,-3.212018251419067383e+00
-5.776637196540832520e-01,-1.491609811782836914e+00
-2.873424291610717773e+00,-2.070537805557250977e+00
-1.452914834022521973e+00,-1.082086443901062012e+00
8.116936087608337402e-01,-2.782194852828979492e+00
1.632098913192749023e+00,-3.220363378524780273e+00
7.270489335060119629e-01,-2.914615631103515625e+00
-1.812465548515319824e+00,-1.131869196891784668e+00
-1.455810308456420898e+00,-1.102342247962951660e+00
8.277412056922912598e-01,-3.179628133773803711e+00
-2.832712650299072266e+00,-1.380811095237731934e+00
9.168274402618408203e-01,-2.527577400207519531e+00
1.079847812652587891e+00,-3.386223316192626953e+00
-4.027118533849716187e-02,-8.407525420188903809e-01
3.213244974613189697e-01,-7.847985029220581055e-01
5.496739149093627930e-01,-3.293465375900268555e+00
5.508922785520553589e-02,-1.051900267601013184e+00
6.609709858894348145e-01,-3.347258329391479492e+00
6.131432056427001953e-01,-2.939527332782745361e-01
-3.404062092304229736e-01,-2.945823431015014648e+00
-1.657913208007812500e+00,-1.205405235290527344e+00
9.222391247749328613e-01,-3.230165719985961914e+00
3.720946609973907471e-02,-1.551540732383728027e+00
-7.033461928367614746e-01,-1.226465225219726562e+00
-1.170292019844055176e+00,-8.585280179977416992e-01
-1.763196229934692383e+00,-1.018635153770446777e+00
-1.464446663856506348e+00,-1.257202178239822388e-01
6.478849053382873535e-01,-2.957930326461791992e+00
1.780355274677276611e-01,-8.746509552001953125e-01
-6.351103186607360840e-01,-1.334857225418090820e+00
-1.223196148872375488e+00,-4.223893582820892334e-01
2.928665578365325928e-01,-9.222287535667419434e-01
1.577153801918029785e+00,-2.971149682998657227e+00
4.839360117912292480e-01,-2.717109680175781250e+00
-1.079756379127502441e+00,-1.387863636016845703e+00
1.069573760032653809e+00,-3.233883142471313477e+00
-1.815199255943298340e+00,-1.249314785003662109e+00
-1.293728709220886230e+00,-1.097845315933227539e+00
-9.611552953720092773e-01,-1.148016691207885742e+00
1.531644165515899658e-01,-1.071190237998962402e+00
2.297712564468383789e-01,-1.920285701751708984e+00
-2.894901856780052185e-02,-9.485192894935607910e-01
-3.298635244369506836e+00,-2.762780904769897461e+00
9.541398882865905762e-01,-2.885703086853027344e+00
-5.942088365554809570e-01,-1.028284907341003418e+00
2.010152041912078857e-01,-8.093745708465576172e-01
-9.458861351013183594e-01,-1.271094560623168945e+00
1.365506090223789215e-02,-4.543755054473876953e-01
5.603260993957519531e-01,-3.433039426803588867e+00
-7.215727567672729492e-01,-2.107569217681884766e+00
-6.880095005035400391e-01,-1.106563329696655273e+00
4.126695692539215088e-01,-8.277094960212707520e-01
-9.596803784370422363e-01,-9.328722357749938965e-01
-1.870190501213073730e+00,-1.701828956604003906e+00
-1.327354669570922852e+00,-9.714485406875610352e-01
6.562153100967407227e-01,-1.641125440597534180e+00
-1.209704518318176270e+00,-8.625949621200561523e-01
6.056681275367736816e-01,-2.817340373992919922e+00
-1.031439423561096191e+00,-1.253477454185485840e+00
1.078489422798156738e+00,-3.181873321533203125e+00
-2.688805460929870605e-01,-9.547724723815917969e-01
-5.317292362451553345e-02,-1.796031117439270020e+00
3.469213545322418213e-01,-3.056837558746337891e+00
-6.372522711753845215e-01,-2.709608078002929688e+00
-8.241415619850158691e-01,-1.374980449676513672e+00
1.377533376216888428e-01,-3.036006927490234375e+00
2.891819775104522705e-01,-3.262747049331665039e+00
1.245812699198722839e-02,-4.695000946521759033e-01
3.904761373996734619e-01,-3.317341089248657227e+00
1.195531010627746582e+00,-5.735897421836853027e-01
-1.360990405082702637e+00,-1.038259148597717285e+00
-2.736323773860931396e-01,-1.698585748672485352e+00
-5.452052950859069824e-01,-1.244973182678222656e+00
3.930243253707885742e-01,-3.769977688789367676e-01
-5.846649408340454102e-01,-1.308792948722839355e+00
3.365610241889953613e-01,-5.486712455749511719e-01
1.479856729507446289e+00,-2.795438051223754883e+00
-2.004729270935058594e+00,-1.021312952041625977e+00
-1.275262594223022461e+00,-1.376018166542053223e+00
-7.661774158477783203e-01,-1.248471498489379883e+00
-1.248017072677612305e+00,-2.134938478469848633e+00
3.366856873035430908e-01,-4.983509480953216553e-01
1.703098416328430176e-01,-1.705548048019409180e+00
2.445628345012664795e-01,-8.990907073020935059e-01
-2.780083417892456055e-01,-1.155073404312133789e+00
1.371311545372009277e+00,-2.692070484161376953e+00
-3.806677818298339844e+00,-2.782702445983886719e+00
-9.691437333822250366e-02,-1.106595754623413086e+00
1.667429447174072266e+00,-1.604966521263122559e+00
-5.177409052848815918e-01,-1.148263096809387207e+00
1.978265047073364258e-01,-4.377753436565399170e-01
9.222303032875061035e-01,-3.160242080688476562e+00
-7.073220014572143555e-01,-2.344913721084594727e+00
-6.230657100677490234e-01,-2.953885555267333984e+00
2.320244908332824707e-01,6.462895870208740234e-01
1.664804458618164062e+00,-2.967849016189575195e+00
3.666018545627593994e-01,-1.971147894859313965e+00
8.570347428321838379e-01,-3.185230970382690430e+00
5.351669192314147949e-01,-3.105809450149536133e+00
-1.950280904769897461e+00,-5.629839897155761719e-01
2.671670317649841309e-01,-3.065237760543823242e+00
3.766577959060668945e+00,-1.891651988029479980e+00
-1.106563806533813477e+00,-1.193823218345642090e+00
-2.729176044464111328e+00,-1.294824838638305664e+00
-6.951463222503662109e-01,-1.064739584922790527e+00
3.898426294326782227e-01,-2.619298696517944336e+00
-1.099419355392456055e+00,-2.330286979675292969e+00
-7.402043938636779785e-01,-1.282036185264587402e+00
2.366937637329101562e+00,-2.230887651443481445e+00
-7.070016115903854370e-03,-1.261440664529800415e-01
-1.777743995189666748e-01,-6.782841086387634277e-01
1.313377022743225098e-01,-1.890093326568603516e+00
-1.102287888526916504e+00,-1.338713288307189941e+00
-1.944470286369323730e+00,-1.070293068885803223e+00
-1.325134992599487305e+00,-9.650613665580749512e-01
-1.223196148872375488e+00,-4.223893582820892334e-01
-6.480605602264404297e-01,-1.519289612770080566e+00
-8.094932883977890015e-02,-1.602303624153137207e+00
-8.196083307266235352e-01,-1.144293308258056641e+00
3.318521380424499512e-02,-8.069199919700622559e-01
7.126471400260925293e-01,-3.349981546401977539e+00
-1.079993605613708496e+00,-1.205900669097900391e+00
-4.191234409809112549e-01,-2.750736713409423828e+00
9.203321933746337891e-01,-2.664311885833740234e+00
2.001839160919189453e+00,-1.051841735839843750e+00
-3.711618781089782715e-01,-1.125853538513183594e+00
3.666018545627593994e-01,-1.971147894859313965e+00
-8.137189149856567383e-01,-1.200456857681274414e+00
9.382874965667724609e-01,-3.637069463729858398e-01
2.190918445587158203e+00,-7.455141544342041016e-01
9.829825758934020996e-01,-3.084919929504394531e+00
-5.612440109252929688e-01,-1.140324711799621582e+00
-7.355754822492599487e-02,-1.578803539276123047e+00
8.512758612632751465e-01,-2.412409543991088867e+00
8.698372244834899902e-01,-3.761854469776153564e-01
1.087318778038024902e+00,-3.066186428070068359e+00
-4.592848300933837891e+00,-1.662096500396728516e+00
6.574625372886657715e-01,-3.177174806594848633e+00
-1.493079185485839844e+00,-1.668694972991943359e+00
3.709537982940673828e-01,-2.030022621154785156e+00
1.602247714996337891e+00,-2.948768854141235352e+00
3.058374822139739990e-01,-3.174493551254272461e+00
2.756831943988800049e-01,-6.522786021232604980e-01
-1.459695339202880859e+00,-8.560277819633483887e-01
-4.911986291408538818e-01,-9.739637374877929688e-01
-1.027924895286560059e+00,-2.469490766525268555e-01
1.646812260150909424e-01,-7.808123230934143066e-01
-1.505336284637451172e+00,-1.734717965126037598e+00
-3.300122916698455811e-01,-3.342144966125488281e+00
-2.679920196533203125e-02,-9.690422415733337402e-01
2.007275223731994629e-01,-1.984403729438781738e+00
1.228065788745880127e-01,-8.298459053039550781e-01
1.866380274295806885e-01,-1.910725712776184082e+00
-5.479584336280822754e-01,-1.314257502555847168e+00
1.238361969590187073e-01,-3.104814529418945312e+00
6.389676332473754883e-01,-2.160800457000732422e+00
8.464546799659729004e-01,-3.160010099411010742e+00
3.556849002838134766e+00,-1.650423645973205566e+00
-1.069285944104194641e-01,-8.044984936714172363e-01
9.127115011215209961e-01,-3.138038158416748047e+00
1.101475358009338379e+00,-3.107643842697143555e+00
7.322192192077636719e-01,-1.403749108314514160e+00
3.949829563498497009e-02,-8.281679749488830566e-01
-1.555297732353210449e+00,-3.103280544281005859e+00
-4.726950526237487793e-01,-1.120313882827758789e+00
5.603260993957519531e-01,-3.433039426803588867e+00
7.171794772148132324e-01,4.188066422939300537e-01
4.579624235630035400e-01,-2.961530923843383789e+00
-1.621986865997314453e+00,3.381785005331039429e-02
1.603162884712219238e+00,-1.907934546470642090e+00
-7.397274971008300781e-01,-1.223555564880371094e+00
1.797751188278198242e-01,-8.617613911628723145e-01
1.061321973800659180e+00,-3.342290163040161133e+00
1.292351245880126953e+00,-2.585893630981445312e+00
9.389292597770690918e-01,-3.167580127716064453e+00
-1.111994028091430664e+00,-3.138207197189331055e-01
3.402342796325683594e-01,-1.813113689422607422e+00
2.281184911727905273e+00,-9.204854369163513184e-01
-1.435492873191833496e+00,-9.197863340377807617e-01
-1.426914691925048828e+00,-3.712353706359863281e+00
-1.001234412193298340e+00,-1.704057931900024414e+00
-2.753741264343261719e+00,-7.481432557106018066e-01
4.618015587329864502e-01,-2.479238033294677734e+00
-2.180928945541381836e+00,-8.211160898208618164e-01
-1.047319173812866211e+00,-4.259657382965087891e+00
9.617886692285537720e-02,-8.353736996650695801e-01
-6.127120256423950195e-01,-1.079028367996215820e+00
4.171204268932342529e-01,-3.324041843414306641e+00
-1.766233921051025391e+00,-1.140470981597900391e+00
-1.254020690917968750e+00,-9.956119656562805176e-01
-4.468043148517608643e-01,-8.326124548912048340e-01
-9.214319586753845215e-01,-1.193401813507080078e+00
1.007811665534973145e+00,-3.114630937576293945e+00
-2.256580293178558350e-01,-2.932685375213623047e+00
-4.638817310333251953e+00,-2.344004154205322266e+00
9.513116627931594849e-02,-3.501296639442443848e-01
-7.406144738197326660e-01,-3.405608177185058594e+00
5.578904747962951660e-01,-9.715478420257568359e-01
-1.977652609348297119e-01,-8.722198605537414551e-01
-9.718301296234130859e-01,-9.304293990135192871e-01
7.737840414047241211e-01,-3.176164388656616211e+00
-6.707473993301391602e-01,-1.732216358184814453e+00
-3.733191490173339844e+00,-2.887696027755737305e+00
5.548365712165832520e-01,-2.784051656723022461e+00
-7.177452445030212402e-01,-1.620620608329772949e+00
-4.954219758510589600e-01,-1.267107129096984863e+00
-2.032063245773315430e+00,-1.578116416931152344e+00
-4.191234409809112549e-01,-2.750736713409423828e+00
1.030652046203613281e+00,-3.156869173049926758e+00
1.586643218994140625e+00,-2.969757795333862305e+00
5.872244238853454590e-01,-7.741090655326843262e-01
1.306098103523254395e-01,-3.230648994445800781e+00
2.327480316162109375e-01,-4.956778585910797119e-01
5.739104151725769043e-01,-2.796786785125732422e+00
-9.597164988517761230e-01,-1.083532214164733887e+00
1.179310560226440430e+00,-3.385559320449829102e+00
-1.042149782180786133e+00,-8.359599709510803223e-01
2.036783993244171143e-01,-2.101639509201049805e+00
8.793950080871582031e-01,-2.433201789855957031e+00
-2.136165857315063477e+00,-1.882381558418273926e+00
1.015429496765136719e+00,-3.452100276947021484e+00
-1.828109979629516602e+00,-1.703864693641662598e+00
-1.093566179275512695e+00,-1.114675045013427734e+00
-5.394654750823974609e+00,-1.655426979064941406e+00
4.758418351411819458e-02,-6.718708276748657227e-01
-3.302170515060424805e+00,-2.755073785781860352e+00
1.487540364265441895e+00,-3.094609260559082031e+00
-1.014360070228576660e+00,-9.596441984176635742e-01
-3.648122400045394897e-02,-3.349758625030517578e+00
1.232400909066200256e-01,-7.805513143539428711e-01
1.686169803142547607e-01,-8.128249049186706543e-01
1.640196323394775391e+00,-3.216954469680786133e+00
2.848871231079101562e+00,-1.282716512680053711e+00
5.783235430717468262e-01,-2.390232324600219727e+00
1.221917986869812012e+00,-2.831538677215576172e+00
-5.577781200408935547e-01,-8.558189272880554199e-01
4.508690536022186279e-01,-3.003278970718383789e+00
2.757640182971954346e-01,-1.727898001670837402e+00
-1.335362195968627930e+00,-8.662430047988891602e-01
1.982906758785247803e-01,-2.022212743759155273e+00
-4.897442162036895752e-01,-1.353763937950134277e+00
2.894015550613403320e+00,-1.489729642868041992e+00
2.124390304088592529e-01,-9.316793084144592285e-01
3.552211225032806396e-01,-3.288898229598999023e+00
-1.077473521232604980e+00,-9.567865729331970215e-01
-2.727840900421142578e+00,-2.641885042190551758e+00
-1.064792990684509277e+00,-2.513845920562744141e+00
4.640495479106903076e-01,-2.121779918670654297e-01
-7.156259417533874512e-01,-1.531056404113769531e+00
1.577067255973815918e+00,-3.014471054077148438e+00
3.468051552772521973e-01,-1.416695237159729004e+00
7.165376096963882446e-02,-8.548735976219177246e-01
1.982906758785247803e-01,-2.022212743759155273e+00
-2.978953123092651367e+00,-1.917006254196166992e+00
-1.026906609535217285e+00,-1.802283406257629395e+00
-1.309789776802062988e+00,-9.547333121299743652e-01
1.130152270197868347e-01,-5.066432356834411621e-01
-1.551479697227478027e+00,-7.460291385650634766e-01
-1.926123261451721191e+00,-2.147808551788330078e+00
-4.811594486236572266e+00,-1.901828885078430176e+00
-5.013226032257080078e+00,-2.605597972869873047e+00
8.464904427528381348e-01,-2.422969818115234375e+00
-4.516947567462921143e-01,-1.117488145828247070e+00
-1.851280331611633301e-01,-1.788793087005615234e+00
5.035308599472045898e-01,-1.322193861007690430e+00
1.029118061065673828e+00,-2.755718231201171875e+00
6.368879675865173340e-01,-1.607012391090393066e+00
3.657495498657226562e+00,-1.687632918357849121e+00
-4.614777565002441406e-01,-3.405914068222045898e+00
1.030693531036376953e+00,-3.410256624221801758e+00
1.769364118576049805e+00,-1.651224136352539062e+00
1.284390926361083984e+00,-3.443207979202270508e+00
-7.743078470230102539e-01,-1.227834701538085938e+00
5.302180051803588867e-01,-3.013868093490600586e+00
3.233944177627563477e+00,-1.431586146354675293e+00
-2.785551309585571289e+00,-2.341174602508544922e+00
7.251198887825012207e-01,-2.888669013977050781e+00
2.220872879028320312e+00,-1.881866931915283203e+00
-8.408650755882263184e-04,-7.695792317390441895e-01
-5.989947319030761719e-01,-1.145675063133239746e+00
-7.663659006357192993e-02,-1.001724362373352051e+00
-1.668829321861267090e+00,-1.982895851135253906e+00
-7.399953007698059082e-01,-1.653807997703552246e+00
5.972638130187988281e-01,-2.639165639877319336e+00
-1.097877696156501770e-01,-1.207767248153686523e+00
-1.215233325958251953e+00,-8.863035440444946289e-01
1.454023122787475586e-01,-2.414369344711303711e+00
-6.039041876792907715e-01,-9.916201233863830566e-01
-1.047319173812866211e+00,-4.259657382965087891e+00
1.390541434288024902e+00,-3.036675453186035156e+00
-5.273450016975402832e-01,-1.118092060089111328e+00
5.413468480110168457e-01,-2.886663675308227539e+00
4.928115606307983398e-01,-3.086436271667480469e+00
1.865355670452117920e-01,-3.426776170730590820e+00
-2.572565317153930664e+00,4.122395217418670654e-01
-1.204097867012023926e+00,-9.701282382011413574e-01
7.223184406757354736e-02,-9.949051737785339355e-01
9.612302780151367188e-01,-2.900619506835937500e+00
2.759962081909179688e-01,-8.128507733345031738e-01
-9.628402590751647949e-01,-7.578265666961669922e-01
-9.611552953720092773e-01,-1.148016691207885742e+00
6.596339344978332520e-01,-3.128103017807006836e+00
3.806386291980743408e-01,-2.592905998229980469e+00
7.270833253860473633e-01,-1.080514550209045410e+00
-3.815593570470809937e-02,-1.463900566101074219e+00
-1.098597049713134766e+00,-8.375628590583801270e-01
-6.351103186607360840e-01,-1.334857225418090820e+00
-8.232285380363464355e-01,-1.321947813034057617e+00
-8.881942629814147949e-01,-1.843198776245117188e+00
1.640196323394775391e+00,-3.216954469680786133e+00
1.065646886825561523e+00,-2.400650978088378906e+00
2.853032350540161133e+00,-1.834560781717300415e-01
5.046510696411132812e-01,-4.151735305786132812e+00
-2.077889144420623779e-01,-2.239678144454956055e+00
3.335612535476684570e+00,-2.400258928537368774e-02
-1.150060296058654785e+00,-1.089254736900329590e+00
-2.014175415039062500e+00,-2.133942842483520508e+00
1.420980691909790039e+00,-2.890649557113647461e+00
8.767607808113098145e-01,-2.660044908523559570e+00
-7.028568536043167114e-02,-9.330833554267883301e-01
1.009019374847412109e+00,1.341629624366760254e-01
5.860031023621559143e-02,-8.558614253997802734e-01
7.330717444419860840e-01,-2.887073516845703125e+00
3.329525291919708252e-01,-7.786965966224670410e-01
5.676634907722473145e-01,-2.335128545761108398e+00
1.363834857940673828e+00,-3.538793087005615234e+00
9.513116627931594849e-02,-3.501296639442443848e-01
-2.243934392929077148e+00,-1.402917027473449707e+00
-1.002670645713806152e+00,-1.203568339347839355e+00
2.241497337818145752e-01,-4.526204764842987061e-01
1.519887149333953857e-01,-1.940026521682739258e+00
1.149494349956512451e-01,-5.111269950866699219e-01
-3.823658227920532227e+00,-2.520813465118408203e+00
-1.254050850868225098e+00,-8.486309647560119629e-01
-1.681578159332275391e+00,-9.067423939704895020e-01
1.076460361480712891e+00,-3.354355573654174805e+00
-1.433221399784088135e-01,-1.807192683219909668e+00
-8.307622671127319336e-01,-1.217191696166992188e+00
1.171623349189758301e+00,-2.262681961059570312e+00
8.655171990394592285e-01,-5.658149719238281250e-01
-5.757953524589538574e-01,-1.241848468780517578e+00
4.377675950527191162e-01,-2.459037780761718750e+00
-2.501840889453887939e-01,-1.853771328926086426e+00
2.388063967227935791e-01,-5.839929580688476562e-01
-2.102253913879394531e+00,-2.878562450408935547e+00
-1.043675780296325684e+00,-8.654730319976806641e-01
9.232330322265625000e-01,-3.143813848495483398e+00
2.717728912830352783e-01,-1.798137903213500977e+00
1.029998302459716797e+00,-3.258507251739501953e+00
1.067228198051452637e+00,-2.601983547210693359e+00
1.420980691909790039e+00,-2.890649557113647461e+00
-1.099419355392456055e+00,-2.330286979675292969e+00
1.497914314270019531e+00,-2.460312366485595703e+00
-9.014289379119873047e-01,-3.561627388000488281e+00
-1.002670645713806152e+00,-1.203568339347839355e+00
1.841521501541137695e+00,-1.597190260887145996e+00
-2.907249689102172852e+00,-2.069375038146972656e+00
2.779092490673065186e-01,-2.481176614761352539e+00
7.106319665908813477e-01,-3.031337022781372070e+00
-1.345448493957519531e+00,-1.039298176765441895e+00
1.094232439994812012e+00,-3.223638057708740234e+00
8.289455175399780273e-01,-2.193007469177246094e+00
-6.732946038246154785e-01,-1.319006443023681641e+00
5.632396340370178223e-01,-3.185626268386840820e+00
2.453470706939697266e+00,-2.192128419876098633e+00
1.007445216178894043e+00,-3.178184032440185547e+00
-3.477921485900878906e-01,-1.164781212806701660e+00
1.022039294242858887e+00,-3.296445846557617188e+00
-2.692433595657348633e+00,-1.960050940513610840e+00
-9.388635754585266113e-01,-1.175812840461730957e+00
5.970640778541564941e-01,-3.127483129501342773e+00
-2.123510122299194336e+00,-1.105665206909179688e+00
2.495103359222412109e+00,-1.526792407035827637e+00
-1.732603669166564941e+00,-1.044512391090393066e+00
-1.390700340270996094e-01,-1.237510561943054199e+00
-7.253203988075256348e-01,-1.535187602043151855e+00
-4.972019195556640625e+00,-2.632121086120605469e+00
2.272731363773345947e-01,-3.014414787292480469e+00
-6.051539182662963867e-01,-1.642554163932800293e+00
3.054152488708496094e+00,-1.572779059410095215e+00
1.457636058330535889e-01,-8.708178997039794922e-01
2.231260776519775391e+00,-1.336211442947387695e+00
-1.286539316177368164e+00,-5.728427171707153320e-01
-7.615305483341217041e-03,-3.231999635696411133e+00
-5.467786192893981934e-01,-1.618615984916687012e+00
1.143880009651184082e+00,-3.176727056503295898e+00
2.450653314590454102e+00,-1.009736418724060059e+00
-2.315721288323402405e-02,-3.111721277236938477e-01
-2.236603975296020508e+00,-2.759423971176147461e+00
-1.668231725692749023e+00,-4.655626714229583740e-01
2.121246159076690674e-01,-9.186933040618896484e-01
-5.690127015113830566e-01,-1.209518909454345703e+00
1.727927565574645996e+00,-3.067381858825683594e+00
-5.177409052848815918e-01,-1.148263096809387207e+00
1.469939231872558594e+00,-2.436513185501098633e+00
-1.795479893684387207e+00,-1.238059639930725098e+00
-6.289224028587341309e-01,-1.318246006965637207e+00
2.701041698455810547e+00,-7.480201870203018188e-02
1.074379324913024902e+00,-3.129045009613037109e+00
-1.038738727569580078e+00,-1.174885272979736328e+00
9.198638796806335449e-01,-2.648302316665649414e+00
1.485534071922302246e+00,-2.114157199859619141e+00
1.107288002967834473e+00,-3.438771963119506836e+00
-7.260101437568664551e-01,-1.171456575393676758e+00
2.117645740509033203e-01,-5.936302542686462402e-01
-5.588707923889160156e-01,-1.124871015548706055e+00
-2.987684309482574463e-01,-1.139797925949096680e+00
-2.451576888561248779e-01,-1.998206734657287598e+00
5.451326370239257812e-01,-9.066495299339294434e-01
1.190331459045410156e+00,-4.152675569057464600e-01
-1.659858345985412598e+00,-8.333676457405090332e-01
-5.386794358491897583e-02,-5.192583799362182617e-01
-3.251858651638031006e-01,-3.502830266952514648e+00
6.603920459747314453e-01,-1.041738867759704590e+00
8.684508204460144043e-01,-2.436793088912963867e+00
1.446568965911865234e-01,-2.735761165618896484e+00
1.784191370010375977e+00,-3.038015365600585938e+00
-4.282568991184234619e-01,-1.089954495429992676e+00
-2.180928945541381836e+00,-8.211160898208618164e-01
-9.397495985031127930e-01,-1.711561560630798340e+00
-1.540074229240417480e+00,-2.605885267257690430e+00
-1.358376979827880859e+00,-8.443732857704162598e-01
-6.437793374061584473e-01,-1.138300657272338867e+00
6.682209670543670654e-02,-7.737897038459777832e-01
3.178959190845489502e-01,-2.402456760406494141e+00
2.339732408523559570e+00,-5.991206169128417969e-01
2.323115468025207520e-01,-1.439833521842956543e+00
7.630490064620971680e-01,-2.836882114410400391e+00
5.438300967216491699e-01,-2.807387828826904297e+00
-3.270630240440368652e-01,-3.322417020797729492e+00
2.108425796031951904e-01,-1.038721084594726562e+00
-3.626824319362640381e-01,-1.130513787269592285e+00
1.487540364265441895e+00,-3.094609260559082031e+00
1.337802052497863770e+00,-2.382512569427490234e+00
7.049244642257690430e-02,-8.428474068641662598e-01
-1.646175384521484375e-01,-1.029360651969909668e+00
-6.674364805221557617e-01,-1.177375912666320801e+00
-1.298356294631958008e+00,-1.169504523277282715e+00
7.954078912734985352e-02,-1.438842654228210449e+00
4.393269717693328857e-01,-3.303600788116455078e+00
8.136128783226013184e-01,-3.004753351211547852e+00
-3.110496759414672852e+00,-1.958866715431213379e+00
4.053316712379455566e-01,-6.863627433776855469e-01
-5.878202915191650391e-01,-1.017808556556701660e+00
2.195479154586791992e+00,-8.037580847740173340e-01
-6.161344051361083984e-01,-1.503676772117614746e+00
8.696452975273132324e-01,-2.508831977844238281e+00
-9.426392316818237305e-01,-1.584694504737854004e+00
-1.792375922203063965e+00,-1.476181149482727051e+00
-5.892177224159240723e-01,-1.030439615249633789e+00
-5.757007002830505371e-01,-1.158793568611145020e+00
-9.629677534103393555e-01,-1.645545244216918945e+00
-6.879109144210815430e-01,-3.084830343723297119e-01
6.536440253257751465e-01,-3.166487455368041992e+00
-1.200174570083618164e+00,-7.804903388023376465e-01
9.118952155113220215e-01,-3.156452655792236328e+00
-8.456168770790100098e-01,-1.096286535263061523e+00
-4.436246156692504883e-01,-1.940283417701721191e+00
3.333565294742584229e-01,-9.608190655708312988e-01
1.819590210914611816e+00,-2.293673038482666016e+00
5.396789312362670898e-01,-2.964353322982788086e+00
-7.575680613517761230e-01,-1.148951530456542969e+00
5.285333395004272461e-01,-2.961222171783447266e+00
-2.123510122299194336e+00,-1.105665206909179688e+00
-1.288674473762512207e+00,-8.770395517349243164e-01
8.366799354553222656e-01,-3.000653028488159180e+00
-2.185491621494293213e-01,-2.326307535171508789e+00
-6.113380789756774902e-01,-1.480691194534301758e+00
6.857784390449523926e-01,-1.322053432464599609e+00
2.673346996307373047e-01,-2.485346555709838867e+00
-1.542618036270141602e+00,-1.290320396423339844e+00
6.257719993591308594e-01,-2.274832963943481445e+00
4.045985639095306396e-01,-8.392510414123535156e-01
-1.306771874427795410e+00,-1.119284987449645996e+00
4.172361493110656738e-01,-1.752692222595214844e+00
1.013822913169860840e+00,-2.773978233337402344e+00
4.579936712980270386e-02,-3.341753721237182617e+00
5.060417652130126953e-01,-2.411680936813354492e+00
3.307255506515502930e-01,-9.025162458419799805e-01
-7.231178879737854004e-01,-1.161986470222473145e+00
3.759517431259155273e+00,-1.927694320678710938e+00
-3.643956780433654785e-02,-6.256986856460571289e-01
4.442439079284667969e-01,-3.138662576675415039e+00
2.980239689350128174e-01,-9.580965638160705566e-01
-7.049786448478698730e-01,-1.371403932571411133e+00
-3.762635588645935059e-01,-1.909262776374816895e+00
1.591997265815734863e+00,-2.406002998352050781e+00
-1.078329801559448242e+00,-1.141939759254455566e+00
7.201216816902160645e-01,-1.872995972633361816e+00
1.514174640178680420e-01,-3.048386812210083008e+00
1.363834857940673828e+00,-3.538793087005615234e+00
1.788024067878723145e+00,-1.740255594253540039e+00
1.062459230422973633e+00,-3.116855859756469727e+00
-4.221297740936279297e+00,-2.561105966567993164e+00
-2.455119371414184570e+00,-1.330282449722290039e+00
1.199944496154785156e+00,-3.299997091293334961e+00
1.757224798202514648e-01,-9.414523243904113770e-01
1.376630783081054688e+00,-7.308639287948608398e-01
-7.178881764411926270e-01,-1.205390810966491699e+00
9.389292597770690918e-01,-3.167580127716064453e+00
2.388063967227935791e-01,-5.839929580688476562e-01
1.581533432006835938e+00,-2.986994743347167969e+00
-1.827819943428039551e-01,-1.374465227127075195e+00
-3.594525158405303955e-01,-1.267658114433288574e+00
2.073771059513092041e-01,-5.887671709060668945e-01
4.508690536022186279e-01,-3.003278970718383789e+00
1.090014457702636719e+00,-3.134371042251586914e+00
-2.091657400131225586e+00,-2.994027853012084961e+00
-1.189482569694519043e+00,-8.042548894882202148e-01
-1.797354698181152344e+00,-1.461618423461914062e+00
-6.288961768150329590e-01,-1.146436929702758789e+00
-2.753741264343261719e+00,-7.481432557106018066e-01
-1.127165555953979492e+00,-2.491959333419799805e+00
-3.345496654510498047e+00,-1.316918730735778809e+00
4.818765223026275635e-01,-2.955729484558105469e+00
-9.520645737648010254e-01,-1.229753971099853516e+00
-1.077652812004089355e+00,-1.053147077560424805e+00
2.496589720249176025e-01,-1.882867217063903809e+00
-6.989204883575439453e-02,-1.831915616989135742e+00
-6.669573187828063965e-01,-1.410231828689575195e+00
-1.186265349388122559e+00,-8.037787079811096191e-01
-2.501840889453887939e-01,-1.853771328926086426e+00
-2.805173635482788086e+00,-1.382928252220153809e+00
2.414223194122314453e+00,-2.266918897628784180e+00
-8.696311116218566895e-01,-1.152985930442810059e+00
-1.472204566001892090e+00,-2.791984319686889648e+00
-5.852811932563781738e-01,-1.359633326530456543e+00
-2.091657400131225586e+00,-2.994027853012084961e+00
-8.232285380363464355e-01,-1.321947813034057617e+00
-1.157452538609504700e-01,-1.570342302322387695e+00
-2.832419425249099731e-02,-9.122738242149353027e-01
-1.085390925407409668e+00,-1.054995656013488770e+00
4.363049566745758057e-01,-6.742022037506103516e-01
-2.617520809173583984e+00,-6.178078055381774902e-01
4.126695692539215088e-01,-8.277094960212707520e-01
9.844213724136352539e-02,-6.284352540969848633e-01
-8.230547308921813965e-01,-1.161879897117614746e+00
2.150016069412231445e+00,-7.442863583564758301e-01
-4.201315879821777344e+00,-1.036738038063049316e+00
-7.556258440017700195e-01,-1.341585874557495117e+00
5.439273715019226074e-01,-1.356556296348571777e+00
2.282103300094604492e-01,-5.910456776618957520e-01
1.532236814498901367e+00,-3.119160890579223633e+00
2.219607234001159668e-01,-9.370296597480773926e-01
9.504918456077575684e-01,-2.530961036682128906e+00
1.146667227149009705e-01,-2.736107110977172852e+00
1.695927046239376068e-02,-9.964621663093566895e-01
3.007512092590332031e+00,-1.258907198905944824e+00
-7.800287604331970215e-01,-1.075620532035827637e+00
-2.488522768020629883e+00,-1.349302649497985840e+00
5.552588105201721191e-01,-3.235382318496704102e+00
-2.780083417892456055e-01,-1.155073404312133789e+00
-7.588309049606323242e-01,-1.417741179466247559e+00
-9.426392316818237305e-01,-1.584694504737854004e+00
-7.511606216430664062e-01,-1.252248644828796387e+00
1.114556670188903809e+00,-2.989306211471557617e+00
-5.009901523590087891e-01,-1.064011454582214355e+00
1.957538008689880371e+00,-1.882360577583312988e+00
-2.270817518234252930e+00,-1.515575885772705078e+00
-3.838986903429031372e-02,-2.157100915908813477e+00
-7.947967052459716797e-01,-1.314572811126708984e+00
-2.578136026859283447e-01,-3.606088161468505859e+00
-1.392325282096862793e+00,-1.069256305694580078e+00
-1.284343004226684570e+00,-1.392081499099731445e+00
-1.018714427947998047e+00,-1.088321328163146973e+00
-1.014927774667739868e-02,-3.179428815841674805e+00
5.087922215461730957e-01,-1.427518606185913086e+00
-1.324079632759094238e+00,-1.146746993064880371e+00
3.569950461387634277e-01,-7.773802876472473145e-01
3.054152488708496094e+00,-1.572779059410095215e+00
-2.208862543106079102e+00,-1.510184764862060547e+00
-7.616643309593200684e-01,-1.173074245452880859e+00
-7.858834266662597656e-01,-1.309222102165222168e+00
6.629089117050170898e-01,-1.871862769126892090e+00
-4.286352694034576416e-01,-1.441964745521545410e+00
1.498169422149658203e+00,-3.213570356369018555e+00
-1.184167027473449707e+00,-1.179240822792053223e+00
-6.880095005035400391e-01,-1.106563329696655273e+00
-3.680476844310760498e-01,-1.063460111618041992e+00
2.462580800056457520e-01,-8.897942304611206055e-01
1.679924488067626953e+00,-1.278952956199645996e+00
-1.169505119323730469e+00,-1.551559686660766602e+00
1.731915235519409180e+00,-7.886355519294738770e-01
1.325367093086242676e-01,-3.128468036651611328e+00
-1.019795656204223633e+00,-8.896054625511169434e-01
2.793367207050323486e-01,-1.419231534004211426e+00
1.583167433738708496e+00,-2.985217332839965820e+00
4.181525111198425293e-01,-1.359106421470642090e+00
4.640495479106903076e-01,-2.121779918670654297e-01
-6.436070799827575684e-01,-1.351630091667175293e+00
-1.681578159332275391e+00,-9.067423939704895020e-01
1.737779259681701660e+00,-3.167975664138793945e+00
-8.299330472946166992e-01,-1.355075955390930176e+00
1.305350422859191895e+00,-3.038879871368408203e+00
8.879809379577636719e-01,-2.864014387130737305e+00
-1.462040841579437256e-02,-1.315224409103393555e+00
-9.498551487922668457e-02,-2.195470571517944336e+00
4.184202849864959717e-01,-6.511219143867492676e-01
6.588256359100341797e-01,-1.674917459487915039e+00
7.949161529541015625e-02,-1.108350753784179688e+00
1.107953190803527832e+00,-2.855999469757080078e+00
-9.596803784370422363e-01,-9.328722357749938965e-01
-5.447657108306884766e-01,-1.411887526512145996e+00
5.346899628639221191e-01,-3.062237739562988281e+00
1.357690095901489258e-01,-3.235404014587402344e+00
-6.879035830497741699e-01,-4.206890106201171875e+00
-1.452914834022521973e+00,-1.082086443901062012e+00
-1.717159450054168701e-01,-1.840826153755187988e+00
-4.017514586448669434e-01,-1.576107978820800781e+00
6.101831197738647461e-01,-2.370753765106201172e+00
1.232400909066200256e-01,-7.805513143539428711e-01
-8.305884599685668945e-01,-1.264655232429504395e+00
4.926749169826507568e-01,-1.411021351814270020e+00
9.843842685222625732e-02,-9.232312440872192383e-01
-3.977382555603981018e-03,-7.394376993179321289e-01
-1.181747794151306152e+00,-7.156949043273925781e-01
-3.605634868144989014e-01,-3.324469566345214844e+00
-7.203696370124816895e-01,-1.158677935600280762e+00
-8.241415619850158691e-01,-1.374980449676513672e+00
-1.107324242591857910e+00,-2.311795949935913086e+00
-6.074997037649154663e-02,-8.996494412422180176e-01
5.302440524101257324e-01,-3.198843002319335938e+00
-8.305884599685668945e-01,-1.264655232429504395e+00
7.217399477958679199e-01,-3.344273328781127930e+00
-1.359674572944641113e+00,-9.955201148986816406e-01
1.602247714996337891e+00,-2.948768854141235352e+00
-1.122289061546325684e+00,-9.287421107292175293e-01
-4.701395511627197266e+00,-1.540526270866394043e+00
1.667429447174072266e+00,-1.604966521263122559e+00
-4.191493690013885498e-01,-1.008088111877441406e+00
-4.287599772214889526e-02,-3.340849876403808594e+00
1.179310560226440430e+00,-3.385559320449829102e+00
-9.029471874237060547e-01,-1.141839265823364258e+00
8.961685895919799805e-01,-2.496224880218505859e+00
-1.571301370859146118e-02,-8.501283526420593262e-01
1.166181042790412903e-01,-6.192840337753295898e-01
2.450653314590454102e+00,-1.009736418724060059e+00
-2.072660684585571289e+00,-4.858377277851104736e-01
-1.540074229240417480e+00,-2.605885267257690430e+00
3.241745471954345703e+00,-1.677709817886352539e+00
-2.191361188888549805e+00,-6.054059863090515137e-01
5.211182236671447754e-01,-1.247022151947021484e+00
-3.607894480228424072e-02,-1.373459100723266602e+00
-8.902285695075988770e-01,-1.186952590942382812e+00
9.902103543281555176e-01,-2.853212594985961914e+00
7.361356019973754883e-01,-3.321554958820343018e-01
-1.635276675224304199e+00,-1.303120374679565430e+00
-4.617954194545745850e-01,-1.222942709922790527e+00
-3.490058898925781250e+00,-1.463438153266906738e+00
-2.688805460929870605e-01,-9.547724723815917969e-01
4.225799441337585449e-01,-1.750829577445983887e+00
-5.116475224494934082e-01,-1.129980206489562988e+00
-6.092863082885742188e-01,-1.135409116744995117e+00
3.733309209346771240e-01,-1.956032156944274902e+00
5.594903230667114258e-01,-1.687237977981567383e+00
2.960100173950195312e-01,-6.888825297355651855e-01
1.586643218994140625e+00,-2.969757795333862305e+00
-2.429337501525878906e+00,-1.699595451354980469e+00
-5.512185692787170410e-01,-1.024840593338012695e+00
-1.322720766067504883e+00,-5.537943243980407715e-01
-6.418085694313049316e-01,-8.155359625816345215e-01
-1.843014359474182129e+00,-4.880754649639129639e-01
3.394533157348632812e+00,-1.901534557342529297e+00
1.007673859596252441e+00,-3.265760898590087891e+00
-8.125782012939453125e-01,-1.384296417236328125e+00
-1.367314934730529785e+00,-8.449023962020874023e-01
1.069010496139526367e+00,-3.563432455062866211e+00
1.125484228134155273e+00,-2.893370389938354492e+00
-1.627164959907531738e+00,-3.594370484352111816e-01
-1.053148746490478516e+00,-3.807750344276428223e-01
1.117811441421508789e+00,-3.404658138751983643e-01
4.715345799922943115e-01,-2.937976360321044922e+00
-5.708575248718261719e-01,-1.090842127799987793e+00
6.940185278654098511e-02,-1.885752797126770020e+00
8.549907803535461426e-01,-3.105704545974731445e+00
-6.001842617988586426e-01,-8.487420082092285156e-01
1.162655234336853027e+00,-3.123053550720214844e+00
5.096381306648254395e-01,-1.453272819519042969e+00
-7.649208307266235352e-01,9.608946740627288818e-03
-1.576475381851196289e+00,-1.677136540412902832e+00
-7.531818747520446777e-01,-1.497902393341064453e+00
4.249944686889648438e-01,-1.200590968132019043e+00
-2.151637077331542969e-01,-1.935701251029968262e+00
-1.699438452720642090e+00,-6.365385055541992188e-01
4.695194661617279053e-01,-1.251112222671508789e+00
-3.819898962974548340e-01,-2.844954729080200195e+00
1.052352428436279297e+00,-3.223459243774414062e+00
1.749402046203613281e+00,-3.159682035446166992e+00
-3.888796269893646240e-01,-2.976608514785766602e+00
-1.128291368484497070e+00,-1.049523949623107910e+00
1.642137765884399414e+00,-3.161501884460449219e+00
-9.698209762573242188e-01,-1.146786212921142578e+00
-1.604978442192077637e-01,-3.487669229507446289e+00
3.365610241889953613e-01,-5.486712455749511719e-01
-7.901342511177062988e-01,-8.557582497596740723e-01
-6.345498561859130859e-01,-1.128462076187133789e+00
1.170658878982067108e-02,-9.760039448738098145e-01
-7.636093497276306152e-01,-1.938788175582885742e+00
-4.282568991184234619e-01,-1.089954495429992676e+00
-8.962690830230712891e-01,-1.406454086303710938e+00
2.478427588939666748e-01,-7.598823904991149902e-01
9.617886692285537720e-02,-8.353736996650695801e-01
2.405065536499023438e+00,-2.241574764251708984e+00
-1.123566865921020508e+00,-1.237042069435119629e+00
9.126337170600891113e-01,-2.845794439315795898e+00
9.461795687675476074e-01,-3.236804246902465820e+00
1.110326290130615234e+00,-3.106545686721801758e+00
5.902673006057739258e-01,-1.953169465065002441e+00
1.118721246719360352e+00,-1.058880209922790527e+00
-5.980159640312194824e-01,-1.221576258540153503e-01
1.238361969590187073e-01,-3.104814529418945312e+00
-1.019795656204223633e+00,-8.896054625511169434e-01
-8.230547308921813965e-01,-1.161879897117614746e+00
-4.441123455762863159e-04,-8.449225425720214844e-01
-6.669573187828063965e-01,-1.410231828689575195e+00
-5.043767690658569336e-01,-7.341880798339843750e-01
-7.428596019744873047e-01,-1.189744353294372559e+00
-1.763196229934692383e+00,-1.018635153770446777e+00
1.498169422149658203e+00,-3.213570356369018555e+00
4.563837349414825439e-01,-3.669463098049163818e-01
9.969547390937805176e-01,-2.769749879837036133e+00
6.978008747100830078e-01,-1.217086195945739746e+00
2.464880347251892090e-01,-7.735711932182312012e-01
-2.077889144420623779e-01,-2.239678144454956055e+00
-2.451576888561248779e-01,-1.998206734657287598e+00
-5.960826277732849121e-01,-1.204948306083679199e+00
-5.009901523590087891e-01,-1.064011454582214355e+00
2.222351729869842529e-01,-3.065751552581787109e+00
-5.105540156364440918e-01,-3.171052694320678711e+00
-1.717194914817810059e-03,-9.499709010124206543e-01
-1.757406592369079590e+00,-1.162914335727691650e-01
-1.022115707397460938e+00,-2.346169471740722656e+00
-3.287445604801177979e-01,-4.053644657135009766e+00
1.696878790855407715e+00,-3.107732534408569336e+00
6.398976445198059082e-01,-1.743999361991882324e+00
1.007062196731567383e+00,-2.843936443328857422e+00
6.127559542655944824e-01,-1.609910249710083008e+00
1.022962331771850586e+00,-3.130437374114990234e+00
6.131432056427001953e-01,-2.939527332782745361e-01
-1.435039758682250977e+00,-8.591067194938659668e-01
-1.421506643295288086e+00,-9.753321409225463867e-01
4.491100013256072998e-01,-2.939215660095214844e+00
4.159879982471466064e-01,-2.788419008255004883e+00
-1.447868943214416504e-01,-2.171441078186035156e+00
8.348372578620910645e-01,-3.217055559158325195e+00
-3.808366060256958008e+00,-1.078339934349060059e+00
1.175990998744964600e-01,-8.701847195625305176e-01
2.838051877915859222e-02,-7.643104791641235352e-01
-1.204180002212524414e+00,-1.042984962463378906e+00
-2.799640595912933350e-01,-2.114650964736938477e+00
6.554093360900878906e-01,-2.972298860549926758e+00
4.002119600772857666e-01,-8.452641367912292480e-01
2.323115468025207520e-01,-1.439833521842956543e+00
9.395693540573120117e-01,-3.195718526840209961e+00
-7.493540644645690918e-01,-1.153944969177246094e+00
-9.409167766571044922e-01,-1.098157882690429688e+00
2.462580800056457520e-01,-8.897942304611206055e-01
-1.867118835449218750e+00,-1.721014142036437988e+00
-5.892177224159240723e-01,-1.030439615249633789e+00
7.127937078475952148e-01,-1.384671568870544434e+00
1.490661799907684326e-01,-1.881595253944396973e+00
-7.654809355735778809e-01,-1.343849301338195801e+00
2.196241617202758789e-01,-1.762811422348022461e+00
9.340098500251770020e-01,-2.946143150329589844e+00
-6.124671548604965210e-02,-3.488914966583251953e+00
-3.199009895324707031e-01,-1.973158359527587891e+00
1.628499329090118408e-01,-2.064171314239501953e+00
-1.177951812744140625e+00,-1.157032251358032227e+00
7.174500823020935059e-01,-3.175966739654541016e+00
5.247016549110412598e-01,-3.285203218460083008e+00
2.028891146183013916e-01,-9.382259249687194824e-01
-5.056642889976501465e-01,-1.839363455772399902e+00
-5.622079372406005859e-01,-1.321302771568298340e+00
-6.345498561859130859e-01,-1.128462076187133789e+00
2.208690345287322998e-01,-3.105772972106933594e+00
3.248875439167022705e-01,-3.082957506179809570e+00
-1.455289363861083984e+00,-2.205974340438842773e+00
-1.047599434852600098e+00,-1.654894113540649414e+00
-6.761465221643447876e-02,-9.749839305877685547e-01
-6.794689297676086426e-01,-1.203364849090576172e+00
-1.284343004226684570e+00,-1.392081499099731445e+00
-2.785551309585571289e+00,-2.341174602508544922e+00
-5.120185017585754395e-02,-5.248252749443054199e-01
-1.451614022254943848e+00,-9.324748516082763672e-01
6.552247405052185059e-01,-3.153059720993041992e+00
1.133511543273925781e+00,-2.842015027999877930e+00
-1.084469333291053772e-01,-1.050599575042724609e+00
9.749383926391601562e-01,-2.301047801971435547e+00
-5.970112085342407227e-01,-1.047853946685791016e+00
2.088453292846679688e+00,-3.121866941452026367e+00
7.246863245964050293e-01,-1.193820476531982422e+00
-1.721161007881164551e-01,-2.970240354537963867e+00
-6.913729906082153320e-01,-9.932378530502319336e-01
-4.830171763896942139e-01,-1.139308333396911621e+00
-7.428596019744873047e-01,-1.189744353294372559e+00
3.709537982940673828e-01,-2.030022621154785156e+00
1.473685145378112793e+00,-3.107126235961914062e+00
4.751216471195220947e-01,-2.435142517089843750e+00
-9.347609877586364746e-01,-2.648200511932373047e+00
-7.014267444610595703e-01,-1.194434404373168945e+00
8.607662916183471680e-01,-2.383905410766601562e+00
2.372232377529144287e-01,-1.612086057662963867e+00
6.940185278654098511e-02,-1.885752797126770020e+00
2.174410581588745117e+00,-2.622780799865722656e+00
-1.031439423561096191e+00,-1.253477454185485840e+00
5.093454122543334961e-01,-3.000834465026855469e+00
-1.022115707397460938e+00,-2.346169471740722656e+00
-7.253203988075256348e-01,-1.535187602043151855e+00
-2.736323773860931396e-01,-1.698585748672485352e+00
1.011142730712890625e+00,-3.128257513046264648e+00
-4.584012329578399658e-01,-1.339770197868347168e+00
-4.315465927124023438e+00,-1.994866728782653809e+00
3.335974216461181641e-01,-9.248021841049194336e-01
1.481610655784606934e+00,-2.950400114059448242e+00
-6.215702295303344727e-01,-1.173077583312988281e+00
1.115157365798950195e+00,-3.112056016921997070e+00
1.067333340644836426e+00,-2.454499006271362305e+00
1.799550294876098633e+00,-9.140397310256958008e-01
-4.656424522399902344e-01,-1.789793729782104492e+00
5.881614089012145996e-01,-4.893853366374969482e-01
-1.367389559745788574e+00,-8.521392941474914551e-01
-1.668829321861267090e+00,-1.982895851135253906e+00
-1.452349781990051270e+00,-1.301324963569641113e+00
5.976237058639526367e-01,-1.286478519439697266e+00
5.221003293991088867e-01,-2.936642885208129883e+00
-6.748798489570617676e-01,-1.164899230003356934e+00
6.203339993953704834e-02,-7.961339354515075684e-01
-1.203712701797485352e+00,-1.184417128562927246e+00
1.177955746650695801e+00,-3.007124423980712891e+00
1.132549762725830078e+00,-3.111048698425292969e+00
-5.087220072746276855e-01,-9.838513135910034180e-01
-1.334008812904357910e+00,-1.013205528259277344e+00
6.380386948585510254e-01,-2.890533447265625000e+00
-1.350573897361755371e+00,-1.001694321632385254e+00
-3.270630240440368652e-01,-3.322417020797729492e+00
-1.131436347961425781e+00,-4.566874206066131592e-01
-1.059233188629150391e+00,-1.913470864295959473e+00
4.926749169826507568e-01,-1.411021351814270020e+00
-2.032063245773315430e+00,-1.578116416931152344e+00
-2.808457374572753906e+00,-1.415174126625061035e+00
7.671141028404235840e-01,-1.557664990425109863e+00
8.767607808113098145e-01,-2.660044908523559570e+00
-1.112289667129516602e+00,-1.033415675163269043e+00
-2.269544899463653564e-01,-3.062832117080688477e+00
1.664804458618164062e+00,-2.967849016189575195e+00
6.767746806144714355e-01,-1.617822885513305664e+00
-2.567768096923828125e+00,-1.637263059616088867e+00
-1.112063407897949219e+00,-1.543406128883361816e+00
-8.111408352851867676e-02,-1.702591776847839355e+00
-1.275740265846252441e+00,-8.941147327423095703e-01
-8.632906079292297363e-01,-2.159260749816894531e+00
-1.376182436943054199e-01,-2.260742664337158203e+00
-1.625887155532836914e+00,-1.515646815299987793e+00
1.232977136969566345e-01,-8.380532264709472656e-01
-5.279158949851989746e-01,-1.401140928268432617e+00
-1.400059223175048828e+00,-1.108829379081726074e+00
8.505550026893615723e-01,-1.869300723075866699e+00
-5.621032714843750000e-01,-1.352450251579284668e+00
1.570919454097747803e-01,-6.871312260627746582e-01
-1.643568038940429688e+00,-1.118919014930725098e+00
-1.158016800880432129e+00,-1.302612066268920898e+00
5.562033057212829590e-01,-1.609118342399597168e+00
1.550901532173156738e+00,-2.852096796035766602e+00
8.488235473632812500e-01,-7.052702307701110840e-01
4.401884377002716064e-01,-3.076240539550781250e+00
-1.441712379455566406e+00,-8.993462920188903809e-01
1.765115857124328613e+00,-7.464531660079956055e-01
-6.389037966728210449e-01,-2.240710020065307617e+00
-1.270617246627807617e+00,-1.176796317100524902e+00
-5.799987912178039551e-01,-1.100077271461486816e+00
7.970508188009262085e-02,-3.337911128997802734e+00
2.105762660503387451e-01,-8.558948636054992676e-01
1.766902446746826172e+00,-2.445995807647705078e+00
-4.286352694034576416e-01,-1.441964745521545410e+00
-1.421631932258605957e+00,-1.096816658973693848e+00
2.454787254333496094e+00,-2.359187364578247070e+00
-1.232550859451293945e+00,-1.002103567123413086e+00
6.729975342750549316e-01,-5.683630704879760742e-01
3.949829563498497009e-02,-8.281679749488830566e-01
1.639110922813415527e+00,-3.000189781188964844e+00
-4.221297740936279297e+00,-2.561105966567993164e+00
-7.639510035514831543e-01,-1.036650776863098145e+00
6.180782914161682129e-01,-2.680354833602905273e+00
-6.838802695274353027e-01,-1.307403683662414551e+00
-1.417939662933349609e+00,-6.114175915718078613e-01
-6.057234406471252441e-01,-1.231987833976745605e+00
-1.026906609535217285e+00,-1.802283406257629395e+00
-4.898643016815185547e+00,-1.218982338905334473e+00
-1.102928042411804199e+00,-8.105615973472595215e-01
-1.519519567489624023e+00,-1.297481298446655273e+00
2.523867607116699219e+00,-1.269894838333129883e+00
1.399409174919128418e-01,-7.409092783927917480e-01
-4.796175062656402588e-01,-7.526229619979858398e-01
1.266569852828979492e+00,-2.087991714477539062e+00
-7.507138848304748535e-01,-1.314598798751831055e+00
-1.144188642501831055e+00,-1.169339537620544434e+00
-1.102515697479248047e+00,-1.251028537750244141e+00
-3.366056203842163086e+00,-1.362785816192626953e+00
5.346899628639221191e-01,-3.062237739562988281e+00
-1.298356294631958008e+00,-1.169504523277282715e+00
-6.257770061492919922e-01,-1.470108032226562500e+00
2.091469168663024902e-01,-2.597452700138092041e-01
6.048395037651062012e-01,-1.668705821037292480e+00
-1.571301370859146118e-02,-8.501283526420593262e-01
-1.417596340179443359e+00,-1.127838134765625000e+00
1.470075547695159912e-01,-7.582230567932128906e-01
1.124647259712219238e+00,-2.926887750625610352e+00
-7.852932810783386230e-01,-1.561585664749145508e+00
-7.835023999214172363e-01,-1.354734063148498535e+00
1.682735800743103027e+00,-1.710512638092041016e+00
1.702971816062927246e+00,-9.979943931102752686e-02
-1.191421747207641602e+00,-1.092276811599731445e+00
1.022039294242858887e+00,-3.296445846557617188e+00
-1.397622346878051758e+00,-9.905456900596618652e-01
-2.227017402648925781e+00,-1.587511777877807617e+00
1.561271071434020996e+00,-3.186511993408203125e+00
1.029998302459716797e+00,-3.258507251739501953e+00
2.707160711288452148e+00,-1.223236799240112305e+00
-2.930509746074676514e-01,-4.192883491516113281e+00
-1.577666044235229492e+00,-1.060280442237854004e+00
-1.998034000396728516e+00,-2.834117650985717773e+00
2.225031614303588867e+00,-9.297062754631042480e-01
9.319376349449157715e-01,-3.116340398788452148e+00
6.682209670543670654e-02,-7.737897038459777832e-01
-9.729297459125518799e-02,-1.688797354698181152e+00
2.492340505123138428e-01,-8.331282734870910645e-01
1.049718618392944336e+00,-2.794995784759521484e+00
-9.197820425033569336e-01,-2.031233310699462891e+00
-1.238409757614135742e+00,-8.546211123466491699e-01
-5.846649408340454102e-01,-1.308792948722839355e+00
-1.181747794151306152e+00,-7.156949043273925781e-01
-7.384758591651916504e-01,-1.221688866615295410e+00
-6.043334603309631348e-01,-1.329266071319580078e+00
-1.417596340179443359e+00,-1.127838134765625000e+00
-6.039041876792907715e-01,-9.916201233863830566e-01
2.492340505123138428e-01,-8.331282734870910645e-01
-8.358438611030578613e-01,-1.076800942420959473e+00
-3.335487127304077148e+00,-2.916270256042480469e+00
-6.366482377052307129e-01,-1.165923714637756348e+00
1.479856729507446289e+00,-2.795438051223754883e+00
-3.698123991489410400e-01,-1.062538981437683105e+00
1.583348870277404785e+00,-3.147294759750366211e+00
2.093671858310699463e-01,-7.697892785072326660e-01
-8.295176178216934204e-02,-2.847154140472412109e+00
-5.436383485794067383e-01,-7.852495908737182617e-01
1.335684061050415039e+00,-3.167705774307250977e+00
-6.468524932861328125e-01,-1.258324742317199707e+00
2.944491207599639893e-01,-3.356736898422241211e+00
-1.121089458465576172e+00,-1.062941431999206543e+00
2.893107235431671143e-01,-4.150242507457733154e-01
1.084849715232849121e+00,-3.057927131652832031e+00
4.653908312320709229e-01,-1.290427088737487793e+00
9.291106462478637695e-01,-2.657068014144897461e+00
-7.616643309593200684e-01,-1.173074245452880859e+00
-5.249827504158020020e-01,-1.762788891792297363e+00
1.846477985382080078e+00,-1.814507842063903809e+00
5.172433704137802124e-02,-3.189334154129028320e+00
8.732859790325164795e-02,-9.712854027748107910e-01
1.656390666961669922e+00,-3.341892004013061523e+00
1.064223766326904297e+00,-3.244294881820678711e+00
-4.460433423519134521e-01,-2.947341680526733398e+00
4.579936712980270386e-02,-3.341753721237182617e+00
-3.287445604801177979e-01,-4.053644657135009766e+00
-1.341131687164306641e+00,-9.304617047309875488e-01
-4.064400792121887207e-01,-1.134632825851440430e+00
-2.004729270935058594e+00,-1.021312952041625977e+00
3.706809997558593750e+00,-1.707383990287780762e+00
-6.436070799827575684e-01,-1.351630091667175293e+00
-5.087379813194274902e-01,-1.035226464271545410e+00
2.396271824836730957e-01,-8.827133774757385254e-01
7.749929428100585938e-01,-1.628931760787963867e+00
1.171623349189758301e+00,-2.262681961059570312e+00
-2.177950382232666016e+00,-1.502077579498291016e+00
-1.295285105705261230e+00,-6.830286979675292969e-01
2.219097852706909180e+00,9.286038279533386230e-01
-1.496967554092407227e+00,-1.283413171768188477e+00
1.457636058330535889e-01,-8.708178997039794922e-01
-1.122000932693481445e+00,2.416006326675415039e-01
-5.579556226730346680e-01,-1.379877686500549316e+00
-3.675942420959472656e-01,-1.084813356399536133e+00
4.203177988529205322e-01,-2.575741529464721680e+00
-1.019847750663757324e+00,-1.153518438339233398e+00
-5.989947319030761719e-01,-1.145675063133239746e+00
3.901394605636596680e-01,3.937182724475860596e-01
2.274105548858642578e-01,-9.318943619728088379e-01
-6.256401538848876953e-02,-9.503635168075561523e-01
-1.269473075866699219e+00,-7.223274111747741699e-01
-2.191767096519470215e-03,-1.004594206809997559e+00
1.409789025783538818e-01,-2.069353580474853516e+00
-6.940137147903442383e-01,-1.022746562957763672e+00
1.379099488258361816e-01,-3.094273805618286133e+00
-2.541462182998657227e+00,-3.287079572677612305e+00
-4.663183391094207764e-01,-1.103610515594482422e+00
-3.995562076568603516e+00,-1.450584769248962402e+00
-5.226447582244873047e-01,-3.446160316467285156e+00
7.843672037124633789e-01,-2.933006048202514648e+00
-2.295130491256713867e+00,-1.114056706428527832e+00
5.416730642318725586e-01,-3.130905628204345703e+00
-1.379117727279663086e+00,-8.927595615386962891e-01
2.034512042999267578e+00,-3.170226812362670898e+00
4.092275142669677734e+00,-2.110351324081420898e+00
-2.423664808273315430e+00,-3.538247346878051758e+00
1.013005375862121582e+00,-7.476920485496520996e-01
-6.480605602264404297e-01,-1.519289612770080566e+00
-5.120185017585754395e-02,-5.248252749443054199e-01
-1.664417982101440430e+00,-8.419266939163208008e-01
2.297053575515747070e+00,-8.362511992454528809e-01
2.757640182971954346e-01,-1.727898001670837402e+00
3.251240253448486328e-01,-1.738855123519897461e+00
2.327101469039916992e+00,1.152580007910728455e-01
1.121349573135375977e+00,-2.033851861953735352e+00
3.321442306041717529e-01,-8.161095976829528809e-01
-5.436472892761230469e-01,-1.431996464729309082e+00
-8.325910568237304688e-01,-2.000010728836059570e+00
6.562153100967407227e-01,-1.641125440597534180e+00
3.280029594898223877e-01,-1.776458501815795898e+00
2.989077270030975342e-01,-1.402564883232116699e+00
2.408119440078735352e+00,-7.919740080833435059e-01
-5.010877251625061035e-01,-7.229636907577514648e-01
1.078489422798156738e+00,-3.181873321533203125e+00
-1.451614022254943848e+00,-9.324748516082763672e-01
-2.019904553890228271e-03,-2.908573865890502930e+00
-1.916235685348510742e+00,-8.963391184806823730e-01
9.035974144935607910e-01,-3.178964853286743164e+00
-6.775970458984375000e-01,-1.067869186401367188e+00
-1.319242000579833984e+00,-1.135407924652099609e+00
5.521076321601867676e-01,-3.106416225433349609e+00
8.348372578620910645e-01,-3.217055559158325195e+00
-2.952346086502075195e+00,-1.769611120223999023e+00
2.284680128097534180e+00,-2.050395727157592773e+00
-1.748671755194664001e-03,-7.312510013580322266e-01
2.492958307266235352e-01,-5.864756107330322266e-01
-5.212647914886474609e-01,-1.104690790176391602e+00
5.885515213012695312e-01,-9.455488324165344238e-01
8.273825049400329590e-01,-3.386285543441772461e+00
-1.203712701797485352e+00,-1.184417128562927246e+00
2.362996578216552734e+00,-2.139020681381225586e+00
5.535308122634887695e-01,-1.769410252571105957e+00
3.769598245620727539e+00,-1.304163694381713867e+00
-2.167145729064941406e+00,-2.937814593315124512e-01
-3.955110609531402588e-01,-1.729270935058593750e+00
-1.159707665443420410e+00,-1.113823890686035156e+00
-5.394654750823974609e+00,-1.655426979064941406e+00
8.065428733825683594e-01,-3.359867334365844727e+00
-6.316041350364685059e-01,-1.565231442451477051e+00
6.049746870994567871e-01,-3.461045742034912109e+00
-2.550197601318359375e+00,-2.530505895614624023e+00
9.477166533470153809e-01,-3.223748922348022461e+00
1.537524759769439697e-01,-8.233140110969543457e-01
-3.812581777572631836e+00,-9.390019774436950684e-01
-9.084025025367736816e-01,-2.366101980209350586e+00
-4.897442162036895752e-01,-1.353763937950134277e+00
-7.231178879737854004e-01,-1.161986470222473145e+00
-1.248017072677612305e+00,-2.134938478469848633e+00
1.118721246719360352e+00,-1.058880209922790527e+00
-3.447426855564117432e-01,-2.541049718856811523e+00
8.020361065864562988e-01,-3.043338298797607422e+00
3.179117918014526367e+00,-1.578853249549865723e+00
2.324359178543090820e+00,-1.529332250356674194e-01
-3.034290671348571777e-02,-2.670885562896728516e+00
-9.893842339515686035e-01,-9.241929054260253906e-01
1.628499329090118408e-01,-2.064171314239501953e+00
8.586011528968811035e-01,-2.305900812149047852e+00
-1.471627652645111084e-01,-1.417748630046844482e-01
2.156250238418579102e+00,-7.257568836212158203e-01
1.063389182090759277e+00,-2.577270984649658203e+00
-1.122289061546325684e+00,-9.287421107292175293e-01
-2.036417484283447266e+00,-2.055996656417846680e+00
-8.580784201622009277e-01,-1.968248367309570312e+00
-1.093566179275512695e+00,-1.114675045013427734e+00
-1.027924895286560059e+00,-2.469490766525268555e-01
1.388861298561096191e+00,-2.997429370880126953e+00
-8.248364329338073730e-01,-1.862838029861450195e+00
8.505550026893615723e-01,-1.869300723075866699e+00
-6.547420024871826172e-01,-1.351630330085754395e+00
5.351918339729309082e-01,-3.086145639419555664e+00
-3.903038799762725830e-03,-1.641826033592224121e+00
4.032340526580810547e+00,-2.145242452621459961e+00
-9.882538914680480957e-01,-1.078263640403747559e+00
1.221477627754211426e+00,-2.853967905044555664e+00
2.900001764297485352e+00,-1.560951113700866699e+00
-9.163302779197692871e-01,1.353377103805541992e-02
-1.349753141403198242e-01,-2.919002532958984375e+00
-9.592686295509338379e-01,-8.217554688453674316e-01
7.466010451316833496e-01,-2.335432767868041992e+00
1.305350422859191895e+00,-3.038879871368408203e+00
1.705874443054199219e+00,-1.721479892730712891e+00
9.311600327491760254e-01,-5.283530354499816895e-01
1.221917986869812012e+00,-2.831538677215576172e+00
-4.616497993469238281e+00,-1.871501326560974121e+00
2.442272901535034180e-01,-1.650557279586791992e+00
2.756831943988800049e-01,-6.522786021232604980e-01
2.250187397003173828e-01,-9.171460270881652832e-01
-4.208780229091644287e-01,-1.386069059371948242e+00
-1.672200679779052734e+00,-1.557111263275146484e+00
-6.051539182662963867e-01,-1.642554163932800293e+00
-1.717194914817810059e-03,-9.499709010124206543e-01
5.159067511558532715e-01,-1.292794942855834961e+00
8.615387678146362305e-01,-3.202752351760864258e+00
1.567781567573547363e+00,-3.068752527236938477e+00
-2.975888550281524658e-01,-3.381999015808105469e+00
1.115157365798950195e+00,-3.112056016921997070e+00
1.061500534415245056e-01,-1.446616530418395996e+00
-1.199190616607666016e+00,-1.172152638435363770e+00
-6.030811667442321777e-01,-1.113367795944213867e+00
1.884523630142211914e-01,-1.989742994308471680e+00
-8.196083307266235352e-01,-1.144293308258056641e+00
2.036783993244171143e-01,-2.101639509201049805e+00
4.172361493110656738e-01,-1.752692222595214844e+00
-4.606477320194244385e-01,-1.319755554199218750e+00
-7.122544646263122559e-01,-1.527963757514953613e+00
-3.020056009292602539e+00,-2.048174142837524414e+00
2.956194579601287842e-01,-1.059654951095581055e+00
6.588256359100341797e-01,-1.674917459487915039e+00
6.380386948585510254e-01,-2.890533447265625000e+00
6.663768738508224487e-02,-3.253498792648315430e+00
-5.461688637733459473e-01,-1.089225292205810547e+00
1.266569852828979492e+00,-2.087991714477539062e+00
6.949668377637863159e-02,-7.551932334899902344e-01
3.178955018520355225e-01,-3.444202244281768799e-01
-7.743078470230102539e-01,-1.227834701538085938e+00
1.084790378808975220e-01,-7.511833906173706055e-01
2.864837646484375000e-01,-1.348746299743652344e+00
-1.617081403732299805e+00,-1.063772201538085938e+00
3.007512092590332031e+00,-1.258907198905944824e+00
1.274029761552810669e-01,-8.137261867523193359e-01
3.795206844806671143e-01,-1.001113414764404297e+00
1.132549762725830078e+00,-3.111048698425292969e+00
-1.067240715026855469e+00,-1.036274790763854980e+00
7.650240063667297363e-01,-2.477002620697021484e+00
1.454023122787475586e-01,-2.414369344711303711e+00
3.172196626663208008e+00,-2.447529077529907227e+00
1.064223766326904297e+00,-3.244294881820678711e+00
-7.556258440017700195e-01,-1.341585874557495117e+00
1.183736205101013184e+00,-3.193861484527587891e+00
-9.056067466735839844e-02,-2.016472101211547852e+00
6.848046779632568359e-01,-3.026733160018920898e+00
4.978293478488922119e-01,-2.969870805740356445e+00
6.480494141578674316e-01,-3.141831159591674805e+00
-1.518888235092163086e+00,-1.827797770500183105e+00
8.180694282054901123e-02,-5.245777964591979980e-01
3.733309209346771240e-01,-1.956032156944274902e+00
6.521965563297271729e-02,-9.630773663520812988e-01
-3.812581777572631836e+00,-9.390019774436950684e-01
9.902637004852294922e-01,-3.248528957366943359e+00
-1.480511426925659180e+00,-1.022506237030029297e+00
1.993744969367980957e+00,-3.170093536376953125e+00
8.944929242134094238e-01,-3.020734786987304688e+00
-2.924714088439941406e-01,-1.354775279760360718e-01
7.103354930877685547e-01,-1.312473058700561523e+00
-1.950280904769897461e+00,-5.629839897155761719e-01
-1.367314934730529785e+00,-8.449023962020874023e-01
-1.102515697479248047e+00,-1.251028537750244141e+00
-1.139500975608825684e+00,-1.283728241920471191e+00
2.397643327713012695e-01,-1.012000203132629395e+00
-2.256153345108032227e+00,-1.357372641563415527e+00
-5.416263341903686523e-01,-1.019629716873168945e+00
-6.700912117958068848e-01,-1.540498137474060059e+00
-7.567970156669616699e-01,-1.278045177459716797e+00
-3.002201795578002930e+00,-3.692983627319335938e+00
-8.894034475088119507e-02,-1.379144549369812012e+00
-8.047261834144592285e-01,-1.284882068634033203e+00
-6.356242299079895020e-01,-1.277564287185668945e+00
-5.877379775047302246e-01,-1.192062973976135254e+00
7.165376096963882446e-02,-8.548735976219177246e-01
1.028438329696655273e+00,-3.178500413894653320e+00
1.726286888122558594e+00,-6.468076705932617188e-01
7.330717444419860840e-01,-2.887073516845703125e+00
8.437184095382690430e-01,-2.492922544479370117e+00
-1.321090102195739746e+00,-5.305808186531066895e-01
-6.432411074638366699e-01,-3.013421595096588135e-01
9.311600327491760254e-01,-5.283530354499816895e-01
-1.369487524032592773e+00,-8.626369833946228027e-01
-3.423353731632232666e-01,8.585386872291564941e-01
-1.089614853262901306e-01,-2.235574245452880859e+00
-7.090388536453247070e-01,-1.553068757057189941e+00
5.766501277685165405e-02,-3.453604936599731445e+00
2.326232790946960449e-01,-4.069023132324218750e-01
4.579624235630035400e-01,-2.961530923843383789e+00
-3.920603990554809570e+00,-2.531885862350463867e+00
1.655916929244995117e+00,-2.931396007537841797e+00
-7.215081900358200073e-02,-8.153918385505676270e-01
-9.929928183555603027e-01,-8.079884052276611328e-01
1.121349573135375977e+00,-2.033851861953735352e+00
4.393269717693328857e-01,-3.303600788116455078e+00
-1.254020690917968750e+00,-9.956119656562805176e-01
3.261140286922454834e-01,-3.122171640396118164e+00
9.746860265731811523e-01,-2.890933513641357422e+00
-7.029689550399780273e-01,-1.318959116935729980e+00
2.408079147338867188e+00,-1.488323211669921875e+00
1.881254911422729492e+00,-8.456907272338867188e-01
3.542108237743377686e-01,-4.028683602809906006e-01
-4.424991607666015625e+00,-1.209820389747619629e+00
-1.095177292823791504e+00,-1.061672091484069824e+00
1.022962331771850586e+00,-3.130437374114990234e+00
-1.721161007881164551e-01,-2.970240354537963867e+00
-3.347963988780975342e-01,-1.132191181182861328e+00
-1.215063929557800293e+00,-1.008479237556457520e+00
7.571630477905273438e-01,-4.446955323219299316e-01
-1.127165555953979492e+00,-2.491959333419799805e+00
-8.732891082763671875e-02,-1.682162880897521973e+00
1.378280669450759888e-01,-9.596980810165405273e-01
-1.324079632759094238e+00,-1.146746993064880371e+00
-5.339787602424621582e-01,-1.365937352180480957e+00
9.861398339271545410e-01,-3.212018251419067383e+00
-1.204180002212524414e+00,-1.042984962463378906e+00
-3.753415107727050781e+00,-2.198230028152465820e+00
-2.310230016708374023e+00,-2.087915658950805664e+00
1.032363414764404297e+00,-2.838281869888305664e+00
8.464546799659729004e-01,-3.160010099411010742e+00
-1.358055472373962402e+00,-8.463558554649353027e-01
-7.080202698707580566e-01,-1.658803105354309082e+00
4.327672421932220459e-01,-4.033516943454742432e-01
7.893840670585632324e-01,-7.454062104225158691e-01
-1.441712379455566406e+00,-8.993462920188903809e-01
2.839412093162536621e-01,-3.224490582942962646e-01
-2.423664808273315430e+00,-3.538247346878051758e+00
2.292884290218353271e-01,-9.857407808303833008e-01
3.241745471954345703e+00,-1.677709817886352539e+00
1.481659054756164551e+00,-2.979179143905639648e+00
8.536657691001892090e-02,-9.113520979881286621e-01
-7.424107789993286133e-01,-1.226423263549804688e+00
-5.577124953269958496e-01,-1.204819202423095703e+00
-8.408650755882263184e-04,-7.695792317390441895e-01
-1.234684467315673828e+00,-1.055845499038696289e+00
-7.457802295684814453e-01,-5.865038633346557617e-01
1.564650177955627441e+00,-3.371900796890258789e+00
-1.363834977149963379e+00,-7.657124996185302734e-01
-5.059522628784179688e+00,-2.185605287551879883e+00
-6.437793374061584473e-01,-1.138300657272338867e+00
7.893840670585632324e-01,-7.454062104225158691e-01
8.944929242134094238e-01,-3.020734786987304688e+00
-1.234262108802795410e+00,-1.030004382133483887e+00
5.793126821517944336e-01,-2.839503765106201172e+00
8.683884143829345703e-01,-3.150820016860961914e+00
-2.678250551223754883e+00,-1.951709866523742676e+00
1.029118061065673828e+00,-2.755718231201171875e+00
1.312646567821502686e-01,-3.203532695770263672e+00
4.785975515842437744e-01,-3.180343389511108398e+00
5.121724605560302734e-01,-3.292098999023437500e+00
3.178959190845489502e-01,-2.402456760406494141e+00
-5.087379813194274902e-01,-1.035226464271545410e+00
2.944491207599639893e-01,-3.356736898422241211e+00
-5.763373374938964844e-01,-1.509292006492614746e+00
-7.175926119089126587e-02,-3.320917844772338867e+00
-6.832721829414367676e-01,-1.237066388130187988e+00
-3.405748009681701660e-01,-1.077662825584411621e+00
3.255380868911743164e+00,-8.344287872314453125e-01
1.992964744567871094e-01,-3.277295589447021484e+00
3.018517792224884033e-01,-9.477578997611999512e-01
7.265218496322631836e-01,-1.119350075721740723e+00
2.298675104975700378e-02,-7.449641227722167969e-01
1.378280669450759888e-01,-9.596980810165405273e-01
-2.237498462200164795e-01,-3.315852642059326172e+00
-5.727068185806274414e-01,-1.253198266029357910e+00
1.466966271400451660e+00,-2.981888532638549805e+00
5.808848142623901367e-01,-2.768002510070800781e+00
-3.888796269893646240e-01,-2.976608514785766602e+00
-2.924714088439941406e-01,-1.354775279760360718e-01
-3.213535547256469727e-01,-1.189927816390991211e+00
2.199284076690673828e+00,-1.348104238510131836e+00
-1.891654431819915771e-01,-2.268816471099853516e+00
2.366937637329101562e+00,-2.230887651443481445e+00
-1.273231804370880127e-01,-8.795307278633117676e-01
-4.380214810371398926e-01,-7.301148176193237305e-01
1.024988293647766113e+00,-3.284748315811157227e+00
8.097762465476989746e-01,-2.334303259849548340e-01
1.024988293647766113e+00,-3.284748315811157227e+00
6.345744132995605469e-01,-3.124670743942260742e+00
8.602156043052673340e-01,-2.997695684432983398e+00
7.001928687095642090e-01,-3.010672092437744141e+00
-7.754213809967041016e-01,-1.149684190750122070e+00
1.508108079433441162e-01,-1.992883205413818359e+00
-5.971171259880065918e-01,-1.330920457839965820e+00
4.108925163745880127e-01,2.940676361322402954e-02
-7.316862940788269043e-01,-1.344027757644653320e+00
-1.186878561973571777e+00,-1.168432831764221191e+00
5.972638130187988281e-01,-2.639165639877319336e+00
-9.056067466735839844e-02,-2.016472101211547852e+00
-3.490058898925781250e+00,-1.463438153266906738e+00
2.196241617202758789e-01,-1.762811422348022461e+00
-7.093359231948852539e-01,-1.059118628501892090e+00
-1.759745001792907715e+00,-1.379929304122924805e+00
8.147881627082824707e-01,-2.180148839950561523e+00
8.904878497123718262e-01,-3.174825429916381836e+00
6.213775277137756348e-01,-1.214211821556091309e+00
8.065428733825683594e-01,-3.359867334365844727e+00
3.930243253707885742e-01,-3.769977688789367676e-01
1.376630783081054688e+00,-7.308639287948608398e-01
-9.215377569198608398e-01,-1.062250733375549316e+00
-5.709223747253417969e-01,-1.114678025245666504e+00
3.025418221950531006e-01,-3.001451492309570312e+00
-9.995110630989074707e-01,-1.230711817741394043e+00
-1.176322937011718750e+00,-1.178689122200012207e+00
-9.572812914848327637e-02,-9.285394549369812012e-01
1.069010496139526367e+00,-3.563432455062866211e+00
-4.855552017688751221e-01,-1.739754915237426758e+00
-9.140957593917846680e-01,-2.204441547393798828e+00
1.726286888122558594e+00,-6.468076705932617188e-01
-1.295285105705261230e+00,-6.830286979675292969e-01
1.197282522916793823e-01,-1.965682506561279297e+00
-6.268124580383300781e-01,-1.239709138870239258e+00
-4.261929035186767578e+00,-2.005005836486816406e+00
-9.246289134025573730e-01,-6.010308265686035156e-01
-6.671805977821350098e-01,-1.155013442039489746e+00
-1.366990447044372559e+00,-9.126105904579162598e-01
6.084812283515930176e-01,-1.217857956886291504e+00
1.469939231872558594e+00,-2.436513185501098633e+00
4.839360117912292480e-01,-2.717109680175781250e+00
-4.819830417633056641e+00,-2.354676961898803711e+00
-1.480511426925659180e+00,-1.022506237030029297e+00
-1.423216983675956726e-02,-9.196472764015197754e-01
2.538570761680603027e-01,-2.402708232402801514e-01
1.760974407196044922e+00,-1.882131099700927734e+00
3.058374822139739990e-01,-3.174493551254272461e+00
-1.875028371810913086e+00,-1.632995963096618652e+00
1.004157304763793945e+00,-3.351386547088623047e+00
-5.500082969665527344e-01,-1.066445708274841309e+00
-1.209704518318176270e+00,-8.625949621200561523e-01
-1.155266523361206055e+00,-3.337212800979614258e-01
-8.111408352851867676e-02,-1.702591776847839355e+00
1.365121901035308838e-01,-2.382776498794555664e+00
3.223463520407676697e-02,-9.336779713630676270e-01
-1.206229925155639648e+00,-9.138970971107482910e-01
2.235251903533935547e+00,-9.405618906021118164e-01
-6.119313836097717285e-01,-1.187423944473266602e+00
-1.797354698181152344e+00,-1.461618423461914062e+00
-2.572565317153930664e+00,4.122395217418670654e-01
2.512136220932006836e+00,-2.332495212554931641e+00
-1.111959934234619141e+00,-2.201769590377807617e+00
-1.014553785324096680e+00,-1.156288862228393555e+00
-1.025231361389160156e+00,-3.328534841537475586e+00
8.273825049400329590e-01,-3.386285543441772461e+00
1.016649842262268066e+00,-2.263349533081054688e+00
1.197282522916793823e-01,-1.965682506561279297e+00
-1.583029150962829590e+00,2.420853823423385620e-02
1.262412667274475098e+00,-3.028941869735717773e+00
-1.512253761291503906e+00,-1.275315403938293457e+00
-1.324005007743835449e+00,-8.506170511245727539e-01
-7.909733653068542480e-01,-1.622198462486267090e+00
-1.416036605834960938e+00,-5.328977108001708984e-01
-5.577124953269958496e-01,-1.204819202423095703e+00
1.817893981933593750e+00,-1.870929360389709473e+00
-7.665603160858154297e-01,-1.503071665763854980e+00
-1.441426277160644531e+00,-1.709801077842712402e+00
2.848871231079101562e+00,-1.282716512680053711e+00
-6.198630928993225098e-01,-1.432385325431823730e+00
-6.721031069755554199e-01,-1.296945452690124512e+00
2.225031614303588867e+00,-9.297062754631042480e-01
7.345075905323028564e-02,-8.842626810073852539e-01
-8.758758902549743652e-01,-2.002253532409667969e+00
5.786572098731994629e-01,-2.947287559509277344e+00
-9.730809330940246582e-01,-1.552319288253784180e+00
-6.001842617988586426e-01,-8.487420082092285156e-01
5.976237058639526367e-01,-1.286478519439697266e+00
1.524098038673400879e+00,-3.086771249771118164e+00
1.061500534415245056e-01,-1.446616530418395996e+00
5.302180051803588867e-01,-3.013868093490600586e+00
1.717399954795837402e-01,-2.036333560943603516e+00
-1.102150082588195801e+00,-1.048508763313293457e+00
-1.421506643295288086e+00,-9.753321409225463867e-01
7.028290629386901855e-01,-4.179340302944183350e-01
2.167192697525024414e-01,-1.023965597152709961e+00
1.577067255973815918e+00,-3.014471054077148438e+00
1.190331459045410156e+00,-4.152675569057464600e-01
-1.375326156616210938e+00,-1.047966599464416504e+00
3.627345561981201172e+00,-1.746441483497619629e+00
1.679924488067626953e+00,-1.278952956199645996e+00
-3.046529293060302734e-01,-1.123213171958923340e+00
-1.514318108558654785e+00,-1.689293503761291504e+00
-4.261929035186767578e+00,-2.005005836486816406e+00
-5.337279438972473145e-01,-1.372332811355590820e+00
-7.156259417533874512e-01,-1.531056404113769531e+00
-2.295130491256713867e+00,-1.114056706428527832e+00
-2.509379863739013672e+00,-2.596191167831420898e+00
-2.121954917907714844e+00,-2.791993618011474609e+00
-2.473011910915374756e-01,-2.554370403289794922e+00
1.870394945144653320e-01,-7.571110129356384277e-01
6.110616326332092285e-01,-1.420947313308715820e+00
-1.543734788894653320e+00,-4.886590540409088135e-01
-2.229077577590942383e+00,-1.456900119781494141e+00
-1.891654431819915771e-01,-2.268816471099853516e+00
8.734185099601745605e-01,-1.902772307395935059e+00
5.725757479667663574e-01,-8.698045611381530762e-01
1.702457666397094727e-01,-2.587527513504028320e+00
-1.292299032211303711e+00,-6.705712080001831055e-01
2.360512614250183105e-01,-1.666459798812866211e+00
1.631559431552886963e-01,-9.364756941795349121e-01
3.146758079528808594e+00,-1.522058010101318359e+00
-6.402856707572937012e-01,-1.235054254531860352e+00
-6.119313836097717285e-01,-1.187423944473266602e+00
8.602156043052673340e-01,-2.997695684432983398e+00
-1.186265349388122559e+00,-8.037787079811096191e-01
2.779092490673065186e-01,-2.481176614761352539e+00
6.659028530120849609e-01,-2.847705602645874023e+00
-1.059233188629150391e+00,-1.913470864295959473e+00
-4.717589616775512695e-01,-1.106210827827453613e+00
4.942349493503570557e-01,-1.530096769332885742e+00
1.229249536991119385e-01,-6.127555966377258301e-01
2.209238708019256592e-01,-7.068590521812438965e-01
-7.691398262977600098e-01,-9.968073368072509766e-01
-3.113858222961425781e+00,-2.001953363418579102e+00
-3.626824319362640381e-01,-1.130513787269592285e+00
7.207092642784118652e-01,-2.825531482696533203e+00
1.184691563248634338e-01,-7.695680260658264160e-01
-1.694458603858947754e+00,-1.083014011383056641e+00
-1.075832843780517578e+00,-1.061058402061462402e+00
1.728622615337371826e-01,-7.368466258049011230e-01
1.240801066160202026e-01,-7.119833230972290039e-01
-9.197820425033569336e-01,-2.031233310699462891e+00
-1.170511767268180847e-01,-3.416556596755981445e+00
-7.663066983222961426e-01,-1.235558629035949707e+00
5.229714512825012207e-01,-3.139687299728393555e+00
-5.072621345520019531e+00,-2.408187627792358398e+00
4.928115606307983398e-01,-3.086436271667480469e+00
-7.632127404212951660e-01,-2.031115293502807617e+00
2.143932282924652100e-01,-3.083073616027832031e+00
-1.646492958068847656e+00,-2.820220232009887695e+00
-1.437343358993530273e+00,-1.572520732879638672e+00
-2.614015817642211914e+00,-2.631574392318725586e+00
-2.894901856780052185e-02,-9.485192894935607910e-01
1.178057193756103516e+00,-3.109124898910522461e+00
-1.131436347961425781e+00,-4.566874206066131592e-01
1.717399954795837402e-01,-2.036333560943603516e+00
2.512608766555786133e-01,-9.636973738670349121e-01
9.382874965667724609e-01,-3.637069463729858398e-01
-7.260101437568664551e-01,-1.171456575393676758e+00
-1.643568038940429688e+00,-1.118919014930725098e+00
2.070760130882263184e-01,-8.659698367118835449e-01
6.115514636039733887e-01,-1.746661424636840820e+00
7.496173977851867676e-01,-2.962319374084472656e+00
-9.592686295509338379e-01,-8.217554688453674316e-01
2.372232377529144287e-01,-1.612086057662963867e+00
-1.348608732223510742e+00,-1.263762354850769043e+00
5.810070037841796875e-01,-5.479906201362609863e-01
-2.191329240798950195e+00,-1.811699032783508301e+00
3.657495498657226562e+00,-1.687632918357849121e+00
1.620830416679382324e+00,-1.172295689582824707e+00
-4.776224792003631592e-01,-1.106278061866760254e+00
6.353934407234191895e-01,-3.070257902145385742e+00
9.463072419166564941e-01,-2.552992105484008789e+00
1.412583112716674805e+00,-2.433941602706909180e+00
9.025785326957702637e-01,-2.325971126556396484e+00
-1.617081403732299805e+00,-1.063772201538085938e+00
-6.290272474288940430e-01,-1.618483066558837891e+00
1.531644165515899658e-01,-1.071190237998962402e+00
-1.551479697227478027e+00,-7.460291385650634766e-01
6.748268604278564453e-01,-1.714700698852539062e+00
-1.270459294319152832e+00,-9.890359640121459961e-01
-1.679054379463195801e+00,-2.779861688613891602e-01
-4.292409121990203857e-01,-9.323169589042663574e-01
3.337382376194000244e-01,-3.236237525939941406e+00
-1.510188579559326172e+00,-6.072676777839660645e-01
-6.493388414382934570e-01,-1.172978281974792480e+00
2.062256634235382080e-01,-1.783329486846923828e+00
-1.360990405082702637e+00,-1.038259148597717285e+00
-2.035087585449218750e+00,-1.579243659973144531e+00
-8.323092460632324219e-01,-1.369398832321166992e+00
5.060123205184936523e-01,-5.446542501449584961e-01
6.127559542655944824e-01,-1.609910249710083008e+00
-1.672200679779052734e+00,-1.557111263275146484e+00
-3.434117734432220459e-01,-2.813948392868041992e+00
3.176598846912384033e-01,-4.608383178710937500e-01
-9.929928183555603027e-01,-8.079884052276611328e-01
-3.115423679351806641e+00,-1.673065423965454102e+00
-4.287599772214889526e-02,-3.340849876403808594e+00
6.750823259353637695e-01,-1.707075119018554688e+00
-8.047261834144592285e-01,-1.284882068634033203e+00
5.417697429656982422e-01,-1.278856515884399414e+00
1.052129626274108887e+00,-3.093621015548706055e+00
-7.289463281631469727e-01,-1.660588026046752930e+00
-1.685078501701354980e+00,-1.108724355697631836e+00
-1.101653099060058594e+00,-9.131976366043090820e-01
-7.238979935646057129e-01,-1.137382268905639648e+00
-1.538260281085968018e-02,-8.797127604484558105e-01
-7.958686947822570801e-01,-1.362371325492858887e+00
-1.027658939361572266e+00,-2.381641268730163574e-01
-7.518244981765747070e-01,-1.284892797470092773e+00
3.707595765590667725e-01,-8.688032031059265137e-01
1.985032320022583008e+00,-1.560030698776245117e+00
1.094214200973510742e+00,-3.365206480026245117e+00
6.056681275367736816e-01,-2.817340373992919922e+00
9.694875478744506836e-01,-3.203608036041259766e+00
-1.444544672966003418e+00,-1.067207694053649902e+00
2.414956688880920410e-04,-2.145809888839721680e+00
3.318521380424499512e-02,-8.069199919700622559e-01
-1.600112080574035645e+00,-1.676621079444885254e+00
4.152654170989990234e+00,-2.186848878860473633e+00
-5.891250371932983398e-01,-1.582622051239013672e+00
-3.136071205139160156e+00,-1.481423735618591309e+00
-2.227017402648925781e+00,-1.587511777877807617e+00
-4.321039021015167236e-01,-2.731023550033569336e+00
-5.547222495079040527e-01,-9.765813946723937988e-01
-1.754504442214965820e-01,-1.568476915359497070e+00
1.176771521568298340e-01,-1.384791016578674316e+00
5.801166892051696777e-01,-3.049686670303344727e+00
-5.819683074951171875e-01,-1.129095315933227539e+00
-1.421631932258605957e+00,-1.096816658973693848e+00
9.353689551353454590e-01,-2.930318355560302734e+00
3.237536847591400146e-01,-1.314794540405273438e+00
-1.018714427947998047e+00,-1.088321328163146973e+00
6.182817816734313965e-01,-3.111034631729125977e+00
-1.968225836753845215e+00,-2.732498407363891602e+00
-1.257310748100280762e+00,-8.576602339744567871e-01
3.863621950149536133e-01,-1.983847975730895996e+00
-2.453867673873901367e+00,-1.576958298683166504e+00
-1.311622977256774902e+00,-1.087815761566162109e+00
8.128890991210937500e-01,-1.527914047241210938e+00
1.377749681472778320e+00,-3.053402662277221680e+00
-3.653730452060699463e-01,-3.255034923553466797e+00
2.121246159076690674e-01,-9.186933040618896484e-01
6.361449956893920898e-01,-2.805953621864318848e-01
-2.460338771343231201e-01,-1.628388166427612305e+00
-1.392213582992553711e+00,-9.254965186119079590e-01
8.136128783226013184e-01,-3.004753351211547852e+00
9.924462437629699707e-01,-3.072523355484008789e+00
-4.675320625305175781e+00,-2.404764413833618164e+00
-5.690127015113830566e-01,-1.209518909454345703e+00
2.739628255367279053e-01,-9.842559099197387695e-01
-8.137189149856567383e-01,-1.200456857681274414e+00
8.474575281143188477e-01,-3.017270803451538086e+00
1.745229125022888184e+00,-2.971509695053100586e+00
-7.195754051208496094e-01,-3.939241647720336914e+00
2.274105548858642578e-01,-9.318943619728088379e-01
-3.783448040485382080e-01,-1.572178840637207031e+00
3.445414900779724121e-01,-1.422533154487609863e+00
8.793950080871582031e-01,-2.433201789855957031e+00
-7.080202698707580566e-01,-1.658803105354309082e+00
4.987883269786834717e-01,-1.937252163887023926e+00
-3.235697507858276367e+00,-2.226621389389038086e+00
-5.727068185806274414e-01,-1.253198266029357910e+00
2.866798266768455505e-02,-9.337108731269836426e-01
-4.468043148517608643e-01,-8.326124548912048340e-01
1.546022653579711914e+00,-1.631514668464660645e+00
-6.577157974243164062e-01,-1.194429636001586914e+00
2.225637197494506836e+00,-2.067242622375488281e+00
7.130663990974426270e-01,-1.288983583450317383e+00
-5.905610322952270508e-02,-8.994646072387695312e-01
1.421889185905456543e+00,-2.374022006988525391e+00
-1.390700340270996094e-01,-1.237510561943054199e+00
-4.191493690013885498e-01,-1.008088111877441406e+00
9.689587354660034180e-02,-8.937197923660278320e-01
2.292884290218353271e-01,-9.857407808303833008e-01
2.311826467514038086e+00,-2.138698697090148926e-01
-1.169766902923583984e+00,-1.192718148231506348e+00
1.363440752029418945e-01,-8.584951162338256836e-01
2.454787254333496094e+00,-2.359187364578247070e+00
5.361787676811218262e-01,-2.931726455688476562e+00
-4.485542476177215576e-01,-1.422957062721252441e+00
-3.219036579132080078e+00,-2.917289972305297852e+00
-1.176322937011718750e+00,-1.178689122200012207e+00
-6.161344051361083984e-01,-1.503676772117614746e+00
7.566479444503784180e-01,-1.306358456611633301e+00
-9.006376862525939941e-01,-1.545929789543151855e+00
-2.978953123092651367e+00,-1.917006254196166992e+00
2.322805523872375488e-01,-1.687849998474121094e+00
6.612315773963928223e-01,-3.158860921859741211e+00
-1.660345196723937988e+00,-1.678762316703796387e+00
5.498157143592834473e-01,-3.329529523849487305e+00
-3.931795597076416016e+00,-2.118702173233032227e+00
5.959663987159729004e-01,-1.737128615379333496e+00
1.295353293418884277e+00,1.304196417331695557e-01
-1.324005007743835449e+00,-8.506170511245727539e-01
-8.664321154356002808e-02,-3.279306888580322266e+00
1.425136089324951172e+00,-2.235744476318359375e+00
-7.356714606285095215e-01,-1.328057765960693359e+00
-1.014553785324096680e+00,-1.156288862228393555e+00
-1.382213592529296875e+00,-9.825341105461120605e-01
6.397286653518676758e-01,-1.347144007682800293e+00
-4.962540566921234131e-01,-1.022228360176086426e+00
2.585009038448333740e-01,-3.855192065238952637e-01
2.079941332340240479e-01,-3.217308044433593750e+00
-1.001234412193298340e+00,-1.704057931900024414e+00
3.385487198829650879e-02,-1.214375138282775879e+00
-9.388635754585266113e-01,-1.175812840461730957e+00
6.137276291847229004e-01,-1.787262439727783203e+00
1.631559431552886963e-01,-9.364756941795349121e-01
9.044857621192932129e-01,-2.938685119152069092e-01
-7.090388536453247070e-01,-1.553068757057189941e+00
2.793367207050323486e-01,-1.419231534004211426e+00
-2.875278234481811523e+00,-1.915989995002746582e+00
1.023962378501892090e+00,-1.433326840400695801e+00
-1.699438452720642090e+00,-6.365385055541992188e-01
-7.947967052459716797e-01,-1.314572811126708984e+00
1.135430410504341125e-01,-8.114104866981506348e-01
2.011121809482574463e-01,-3.225033998489379883e+00
-1.638096094131469727e+00,-2.667621850967407227e+00
4.280464947223663330e-01,-3.030040025711059570e+00
1.003713846206665039e+00,-2.765781402587890625e+00
2.585009038448333740e-01,-3.855192065238952637e-01
-1.232550859451293945e+00,-1.002103567123413086e+00
-7.302973270416259766e-01,-1.409470319747924805e+00
1.508218646049499512e+00,-3.040080070495605469e+00
-1.070749521255493164e+00,-1.127621293067932129e+00
-5.757953524589538574e-01,-1.241848468780517578e+00
1.702971816062927246e+00,-9.979943931102752686e-02
-7.424107789993286133e-01,-1.226423263549804688e+00
-6.372522711753845215e-01,-2.709608078002929688e+00
-9.496344327926635742e-01,-8.352124094963073730e-01
3.363672196865081787e-01,-3.221836328506469727e+00
9.203924536705017090e-01,-2.664408922195434570e+00
-8.085401654243469238e-01,-1.335222125053405762e+00
-4.717589616775512695e-01,-1.106210827827453613e+00
-6.301440596580505371e-01,-1.275697588920593262e+00
9.720333814620971680e-01,-2.474503278732299805e+00
-1.352028608322143555e+00,-9.593795537948608398e-01
-7.316792011260986328e-01,-1.257905840873718262e+00
-3.819898962974548340e-01,-2.844954729080200195e+00
2.481131553649902344e+00,-3.566700220108032227e-01
1.953976154327392578e-01,-3.088957309722900391e+00
9.220601320266723633e-01,-3.100205898284912109e+00
-6.116591691970825195e-01,-1.163059234619140625e+00
-1.391460895538330078e+00,-1.008717060089111328e+00
9.846066832542419434e-01,-7.484515011310577393e-02
-8.592822551727294922e-01,-1.227473139762878418e+00
1.260993182659149170e-01,-3.305411100387573242e+00
1.458641290664672852e+00,-2.539943933486938477e+00
3.917894661426544189e-01,-2.921806573867797852e+00
3.255380868911743164e+00,-8.344287872314453125e-01
-7.215081900358200073e-02,-8.153918385505676270e-01
-1.302609443664550781e+00,-1.208437323570251465e+00
6.364942193031311035e-01,-9.482758641242980957e-01
-2.310230016708374023e+00,-2.087915658950805664e+00
2.249200940132141113e-01,-8.608395457267761230e-01
2.538570761680603027e-01,-2.402708232402801514e-01
6.445822715759277344e-01,-2.397714614868164062e+00
1.760974407196044922e+00,-1.882131099700927734e+00
1.045320749282836914e+00,-3.061303853988647461e+00
-5.919298529624938965e-01,-1.469183921813964844e+00
-7.858834266662597656e-01,-1.309222102165222168e+00
-4.196024239063262939e-01,-1.402203559875488281e+00
-4.584012329578399658e-01,-1.339770197868347168e+00
2.324359178543090820e+00,-1.529332250356674194e-01
-2.192189216613769531e+00,-2.746533632278442383e+00
-6.919127702713012695e-01,-1.145904421806335449e+00
-1.462201118469238281e+00,-1.002254128456115723e+00
-9.729297459125518799e-02,-1.688797354698181152e+00
-3.214676380157470703e-01,-1.547311067581176758e+00
1.207691431045532227e+00,-3.089340448379516602e+00
7.738900184631347656e-01,-5.211556553840637207e-01
-1.090809941291809082e+00,-1.040785670280456543e+00
9.902103543281555176e-01,-2.853212594985961914e+00
6.484290361404418945e-01,-1.479149103164672852e+00
6.685871481895446777e-01,-3.163194417953491211e+00
-1.203829884529113770e+00,-7.673481702804565430e-01
9.434788823127746582e-01,-5.253453254699707031e-01
3.653808832168579102e+00,-1.316030263900756836e+00
-7.141948938369750977e-01,-1.343963384628295898e+00
2.218503504991531372e-03,-9.196886420249938965e-01
9.541398882865905762e-01,-2.885703086853027344e+00
-7.605166435241699219e-01,-1.778263211250305176e+00
7.106319665908813477e-01,-3.031337022781372070e+00
-8.966825008392333984e-01,-1.286939501762390137e+00
-4.161515831947326660e-02,-2.031645059585571289e+00
-8.282516002655029297e-01,6.151424646377563477e-01
-5.413637757301330566e-01,-3.477699995040893555e+00
-2.252079844474792480e-01,2.818651497364044189e-01
7.194587588310241699e-01,8.310259580612182617e-01
-3.477921485900878906e-01,-1.164781212806701660e+00
-1.809361577033996582e-01,-1.061888694763183594e+00
2.298696935176849365e-01,-1.937771797180175781e+00
-3.780828714370727539e-01,-1.302951335906982422e+00
1.399409174919128418e-01,-7.409092783927917480e-01
-1.293728709220886230e+00,-1.097845315933227539e+00
5.114333629608154297e-01,-1.385020494461059570e+00
-1.709758639335632324e+00,-1.614391922950744629e+00
-7.790190726518630981e-02,-1.334628820419311523e+00
-1.249655246734619141e+00,-1.567064166069030762e+00
-1.211675047874450684e+00,-8.919857144355773926e-01
-7.558776140213012695e-01,-1.418563008308410645e+00
1.925378203392028809e+00,-1.927570700645446777e+00
4.107867479324340820e-01,-4.519088566303253174e-01
4.349770843982696533e-01,-3.154598712921142578e+00
1.672990083694458008e+00,-2.881084442138671875e+00
1.305484294891357422e+00,-3.310268640518188477e+00
1.014770388603210449e+00,-3.195428609848022461e+00
1.007359266281127930e+00,-1.580771684646606445e+00
-1.465340733528137207e+00,-1.273876786231994629e+00
-1.780401349067687988e+00,-1.098217844963073730e+00
-5.729848742485046387e-01,-1.131802439689636230e+00
5.254753232002258301e-01,-2.321185588836669922e+00
-6.687010526657104492e-01,-1.387904524803161621e+00
-2.864192485809326172e+00,-9.838921427726745605e-01
-1.030923843383789062e+00,-7.599936723709106445e-01
5.801166892051696777e-01,-3.049686670303344727e+00
-1.843014359474182129e+00,-4.880754649639129639e-01
-4.255239009857177734e+00,-1.376147866249084473e+00
1.655916929244995117e+00,-2.931396007537841797e+00
-1.371668338775634766e+00,-1.131373286247253418e+00
9.350188970565795898e-01,-2.545468330383300781e+00
-1.789664387702941895e+00,-1.676887154579162598e+00
6.454546749591827393e-02,-1.940340042114257812e+00
-5.575304850935935974e-03,-9.877093434333801270e-01
6.182817816734313965e-01,-3.111034631729125977e+00
1.016649842262268066e+00,-2.263349533081054688e+00
-6.996127367019653320e-01,-1.276034832000732422e+00
-6.934647560119628906e-01,-1.491579890251159668e+00
1.607423067092895508e+00,-1.926240086555480957e+00
-7.103452086448669434e-01,1.945396959781646729e-01
1.607423067092895508e+00,-1.926240086555480957e+00
3.788509368896484375e+00,-1.946750521659851074e+00
1.992964744567871094e-01,-3.277295589447021484e+00
-1.128291368484497070e+00,-1.049523949623107910e+00
6.454546749591827393e-02,-1.940340042114257812e+00
-2.378821849822998047e+00,-1.909433603286743164e+00
1.912466287612915039e-01,-1.050421833992004395e+00
-1.346103787422180176e+00,-1.658478856086730957e+00
-3.724722146987915039e+00,-2.509343624114990234e+00
1.290975451469421387e+00,-3.092852354049682617e+00
1.686169803142547607e-01,-8.128249049186706543e-01
4.442439079284667969e-01,-3.138662576675415039e+00
1.913625299930572510e-01,-1.776298403739929199e+00
-6.509975194931030273e-01,3.387329280376434326e-01
-6.787916421890258789e-01,-1.290379524230957031e+00
1.020934343338012695e+00,-3.093483686447143555e+00
-5.479584336280822754e-01,-1.314257502555847168e+00
-7.215727567672729492e-01,-2.107569217681884766e+00
-1.043675780296325684e+00,-8.654730319976806641e-01
-1.858071446418762207e+00,-3.382603883743286133e+00
4.951303899288177490e-01,-1.680091857910156250e+00
1.419723272323608398e+00,-3.087624549865722656e+00
-8.828801512718200684e-01,-9.790200591087341309e-01
9.198638796806335449e-01,-2.648302316665649414e+00
7.235819101333618164e-01,1.807654649019241333e-02
-2.826212942600250244e-01,-3.282122373580932617e+00
1.532236814498901367e+00,-3.119160890579223633e+00
1.622823238372802734e+00,-2.979449272155761719e+00
-3.186937794089317322e-02,-4.570123851299285889e-01
2.060491800308227539e+00,-1.532371282577514648e+00
-2.423341944813728333e-02,-6.339264512062072754e-01
4.123404026031494141e+00,-1.640102863311767578e+00
1.014127731323242188e+00,-3.426101207733154297e+00
-1.717159450054168701e-01,-1.840826153755187988e+00
8.437184095382690430e-01,-2.492922544479370117e+00
1.153056621551513672e+00,-3.299365520477294922e+00
1.366040110588073730e+00,-2.457896232604980469e+00
2.941801249980926514e-01,-1.801674962043762207e+00
-1.871698200702667236e-01,-1.650384783744812012e+00
-2.252079844474792480e-01,2.818651497364044189e-01
4.758418351411819458e-02,-6.718708276748657227e-01
-1.451283097267150879e+00,-2.480140686035156250e+00
1.996739268302917480e+00,-7.337095737457275391e-01
6.303175091743469238e-01,-1.627454280853271484e+00
9.933041334152221680e-01,-3.053870677947998047e+00
1.149141073226928711e+00,-2.608221471309661865e-01
-1.181820392608642578e+00,-1.121682167053222656e+00
8.180694282054901123e-02,-5.245777964591979980e-01
5.460790991783142090e-01,-2.506202936172485352e+00
2.250122427940368652e-01,-8.430061340332031250e-01
5.243936181068420410e-01,-3.001284360885620117e+00
1.061321973800659180e+00,-3.342290163040161133e+00
-6.645424365997314453e-01,-1.225276470184326172e+00
1.106815338134765625e+00,-2.377016782760620117e+00
1.791169881820678711e+00,-2.256390810012817383e+00
-3.371966361999511719e+00,-1.638879537582397461e+00
5.872244238853454590e-01,-7.741090655326843262e-01
2.608813643455505371e-01,-8.681545853614807129e-01
1.288628458976745605e+00,-2.543223619461059570e+00
-4.485542476177215576e-01,-1.422957062721252441e+00
-1.667947888374328613e+00,-2.542059421539306641e-01
-1.048114061355590820e+00,-1.234227538108825684e+00
9.463072419166564941e-01,-2.552992105484008789e+00
-5.172876715660095215e-01,-1.274791955947875977e-01
3.596100330352783203e+00,-1.671406030654907227e+00
-7.663066983222961426e-01,-1.235558629035949707e+00
-5.317292362451553345e-02,-1.796031117439270020e+00
-4.954219758510589600e-01,-1.267107129096984863e+00
9.740681052207946777e-01,-2.832665443420410156e+00
1.258837342262268066e+00,-3.275294005870819092e-01
1.672872006893157959e-01,-7.906744480133056641e-01
9.044857621192932129e-01,-2.938685119152069092e-01
3.324524641036987305e+00,-1.688211917877197266e+00
-1.038738727569580078e+00,-1.174885272979736328e+00
-1.029595255851745605e+00,-7.812842130661010742e-01
1.508218646049499512e+00,-3.040080070495605469e+00
3.321442306041717529e-01,-8.161095976829528809e-01
-7.715951800346374512e-01,-8.334110379219055176e-01
1.371311545372009277e+00,-2.692070484161376953e+00
7.941688299179077148e-01,-3.699860274791717529e-01
7.459563612937927246e-01,-3.178145885467529297e+00
4.253548085689544678e-01,-1.272698760032653809e+00
6.478849053382873535e-01,-2.957930326461791992e+00
-6.967943906784057617e-01,-1.202571511268615723e+00
3.742441177368164062e+00,-1.915114283561706543e+00
9.483575224876403809e-01,-2.345539808273315430e+00
1.030693531036376953e+00,-3.410256624221801758e+00
4.638523459434509277e-01,-2.754228353500366211e+00
3.208713233470916748e-01,-4.245834648609161377e-01
1.020497322082519531e+00,-3.197360277175903320e+00
4.045985639095306396e-01,-8.392510414123535156e-01
-1.150516629219055176e+00,-9.383686780929565430e-01
3.382067441940307617e+00,-1.508687853813171387e+00
-5.961897969245910645e-01,-1.019610166549682617e+00
-8.946152925491333008e-01,-1.780288100242614746e+00
3.054272010922431946e-02,-1.715590000152587891e+00
4.341166615486145020e-01,-1.754521965980529785e+00
1.023962378501892090e+00,-1.433326840400695801e+00
8.003316521644592285e-01,-2.398043870925903320e+00
6.850881576538085938e-01,-1.207344412803649902e+00
2.941801249980926514e-01,-1.801674962043762207e+00
-6.913729906082153320e-01,-9.932378530502319336e-01
-2.969363927841186523e-01,-1.462064862251281738e+00
6.031360030174255371e-01,-3.042369842529296875e+00
-1.112063407897949219e+00,-1.543406128883361816e+00
-5.931032299995422363e-01,-1.119610071182250977e+00
1.067228198051452637e+00,-2.601983547210693359e+00
-1.108405232429504395e+00,-1.103443384170532227e+00
1.991244256496429443e-01,-9.420452713966369629e-01
-2.179915666580200195e+00,-2.629098176956176758e+00
-1.347529649734497070e+00,-7.466781735420227051e-01
-6.931963562965393066e-01,-1.177038669586181641e+00
-1.164839267730712891e+00,-1.199109554290771484e+00
2.713128030300140381e-01,-7.468811869621276855e-01
4.249426722526550293e-01,-2.893449544906616211e+00
3.938564300537109375e+00,-2.118052482604980469e+00
-3.823658227920532227e+00,-2.520813465118408203e+00
2.928665578365325928e-01,-9.222287535667419434e-01
4.387162625789642334e-01,-1.748908638954162598e+00
9.437735676765441895e-01,-3.105987310409545898e+00
1.317232251167297363e-01,-6.387774944305419922e-01
7.345075905323028564e-02,-8.842626810073852539e-01
-7.073220014572143555e-01,-2.344913721084594727e+00
-2.999650001525878906e+00,-1.717505335807800293e+00
7.194587588310241699e-01,8.310259580612182617e-01
1.470075547695159912e-01,-7.582230567932128906e-01
-1.084543228149414062e+00,-9.769500494003295898e-01
5.496739149093627930e-01,-3.293465375900268555e+00
1.817693114280700684e-01,-1.697025656700134277e+00
1.567781567573547363e+00,-3.068752527236938477e+00
3.648067712783813477e-01,-4.002905488014221191e-01
-2.895886421203613281e+00,-1.903176903724670410e+00
-1.402696967124938965e-01,-1.045160293579101562e+00
-5.445692688226699829e-02,-7.761343121528625488e-01
6.946054100990295410e-01,-1.242205619812011719e+00
1.488211035728454590e+00,-2.346056938171386719e+00
2.810263261198997498e-02,-2.283076941967010498e-01
8.147881627082824707e-01,-2.180148839950561523e+00
8.464904427528381348e-01,-2.422969818115234375e+00
1.481610655784606934e+00,-2.950400114059448242e+00
6.367687582969665527e-01,-1.183530330657958984e+00
4.987883269786834717e-01,-1.937252163887023926e+00
-1.576395034790039062e+00,-3.055373430252075195e+00
-1.322720766067504883e+00,-5.537943243980407715e-01
7.049244642257690430e-02,-8.428474068641662598e-01
-5.059522628784179688e+00,-2.185605287551879883e+00
-2.817287683486938477e+00,-8.690370917320251465e-01
1.861758470535278320e+00,-4.305920302867889404e-01
7.522557973861694336e-01,-2.525760650634765625e+00
-1.434935331344604492e-01,-3.016576528549194336e+00
3.379135206341743469e-02,-6.162569522857666016e-01
4.032340526580810547e+00,-2.145242452621459961e+00
-1.637561678886413574e+00,-3.532286286354064941e-01
-1.154077053070068359e+00,-8.386132121086120605e-01
-6.088162660598754883e-01,-1.299896001815795898e+00
-5.954270362854003906e-01,-1.039964675903320312e+00
1.008887141942977905e-01,-1.697430968284606934e+00
-1.878976702690124512e+00,-4.224151968955993652e-01
-3.182382822036743164e+00,-1.491542458534240723e+00
-1.199190616607666016e+00,-1.172152638435363770e+00
-8.216235637664794922e-01,-1.876072764396667480e+00
5.413468480110168457e-01,-2.886663675308227539e+00
-1.030923843383789062e+00,-7.599936723709106445e-01
-5.547222495079040527e-01,-9.765813946723937988e-01
1.251187443733215332e+00,-2.786228418350219727e+00
-1.349753141403198242e-01,-2.919002532958984375e+00
-4.962540566921234131e-01,-1.022228360176086426e+00
9.924845099449157715e-01,-5.642459392547607422e-01
-9.586057662963867188e-01,-6.956313252449035645e-01
4.653908312320709229e-01,-1.290427088737487793e+00
1.632876694202423096e-01,-2.594819307327270508e+00
-4.451556205749511719e-01,-1.056484103202819824e+00
2.990604639053344727e+00,-1.567775130271911621e+00
-1.400059223175048828e+00,-1.108829379081726074e+00
-3.811254799365997314e-01,-5.663648247718811035e-02
1.893165469169616699e+00,-3.011483192443847656e+00
9.477166533470153809e-01,-3.223748922348022461e+00
3.264865636825561523e+00,-1.624006271362304688e+00
-5.461688637733459473e-01,-1.089225292205810547e+00
5.562033057212829590e-01,-1.609118342399597168e+00
4.204118996858596802e-02,-2.863025426864624023e+00
8.514450192451477051e-01,-2.455378770828247070e+00
7.749929428100585938e-01,-1.628931760787963867e+00
3.898217082023620605e-01,-3.671003878116607666e-01
3.536063134670257568e-01,-3.010496139526367188e+00
4.171204268932342529e-01,-3.324041843414306641e+00
9.237190485000610352e-01,-3.044933319091796875e+00
-7.059766650199890137e-01,-5.056571364402770996e-01
4.950666725635528564e-01,-1.904266476631164551e+00
-4.905772209167480469e+00,-2.622202396392822266e+00
-1.128085255622863770e+00,-1.129969358444213867e+00
2.219607234001159668e-01,-9.370296597480773926e-01
-5.134290456771850586e-01,-1.086527705192565918e+00
-1.424952507019042969e+00,1.053412631154060364e-01
-1.377415359020233154e-01,-6.686850190162658691e-01
1.067333340644836426e+00,-2.454499006271362305e+00
1.564650177955627441e+00,-3.371900796890258789e+00
-1.392614841461181641e+00,-1.031024217605590820e+00
-1.341131687164306641e+00,-9.304617047309875488e-01
5.060123205184936523e-01,-5.446542501449584961e-01
2.938974797725677490e-01,-1.875273585319519043e+00
-8.216235637664794922e-01,-1.876072764396667480e+00
-5.776637196540832520e-01,-1.491609811782836914e+00
5.927509069442749023e-01,-3.091822147369384766e+00
-2.801945447921752930e+00,-2.053125381469726562e+00
1.579946465790271759e-02,-6.732470989227294922e-01
1.084849715232849121e+00,-3.057927131652832031e+00
-1.256237030029296875e-01,-1.203475669026374817e-01
-3.057621717453002930e-01,-9.574670195579528809e-01
-1.070749521255493164e+00,-1.127621293067932129e+00
-2.168782055377960205e-03,-2.798294782638549805e+00
5.121724605560302734e-01,-3.292098999023437500e+00
7.265218496322631836e-01,-1.119350075721740723e+00
-2.889455795288085938e+00,-2.135696887969970703e+00
-7.567970156669616699e-01,-1.278045177459716797e+00
-5.416263341903686523e-01,-1.019629716873168945e+00
3.337382376194000244e-01,-3.236237525939941406e+00
-6.112976670265197754e-01,-1.337040066719055176e+00
-8.424120545387268066e-01,-1.571491360664367676e+00
-3.335487127304077148e+00,-2.916270256042480469e+00
3.769598245620727539e+00,-1.304163694381713867e+00
8.466451168060302734e-01,-2.499228000640869141e+00
1.563120961189270020e+00,-2.893472433090209961e+00
7.195101976394653320e-01,-1.835619330406188965e+00
7.217399477958679199e-01,-3.344273328781127930e+00
-2.894658327102661133e+00,-1.895605564117431641e+00
-7.790190726518630981e-02,-1.334628820419311523e+00
-1.107324242591857910e+00,-2.311795949935913086e+00
-8.685830235481262207e-01,-2.256112575531005859e+00
1.007062196731567383e+00,-2.843936443328857422e+00
5.096381306648254395e-01,-1.453272819519042969e+00
1.780355274677276611e-01,-8.746509552001953125e-01
-2.937902688980102539e+00,-2.049907684326171875e+00
-1.358376979827880859e+00,-8.443732857704162598e-01
-5.116475224494934082e-01,-1.129980206489562988e+00
-5.891250371932983398e-01,-1.582622051239013672e+00
-6.078110933303833008e-01,-1.311791896820068359e+00
-9.903607964515686035e-01,-8.688895702362060547e-01
-1.150060296058654785e+00,-1.089254736900329590e+00
-5.588794946670532227e-01,-1.253458738327026367e+00
-7.302973270416259766e-01,-1.409470319747924805e+00
-1.626114249229431152e+00,-1.112965464591979980e+00
1.224314272403717041e-01,-1.910234808921813965e+00
1.550901532173156738e+00,-2.852096796035766602e+00
1.745135486125946045e-01,-3.228619337081909180e+00
-5.072621345520019531e+00,-2.408187627792358398e+00
-9.014289379119873047e-01,-3.561627388000488281e+00
8.660542964935302734e-01,-2.418388366699218750e+00
-1.394407033920288086e+00,-1.003270149230957031e+00
1.348103284835815430e-01,-7.331138849258422852e-01
3.233944177627563477e+00,-1.431586146354675293e+00
-1.617757380008697510e-01,-9.079014062881469727e-01
-6.577157974243164062e-01,-1.194429636001586914e+00
-4.719251990318298340e-01,-9.985327720642089844e-01
-3.038502037525177002e-01,-1.453609824180603027e+00
3.110965013504028320e+00,-1.328330755233764648e+00
-1.288674473762512207e+00,-8.770395517349243164e-01
-4.516947567462921143e-01,-1.117488145828247070e+00
-5.413637757301330566e-01,-3.477699995040893555e+00
9.494618773460388184e-01,-4.381279051303863525e-01
-1.004932761192321777e+00,-9.425315856933593750e-01
7.789015769958496094e-01,-2.415670394897460938e+00
-5.709223747253417969e-01,-1.114678025245666504e+00
8.514450192451477051e-01,-2.455378770828247070e+00
1.199872270226478577e-01,-7.901475429534912109e-01
2.184600353240966797e+00,-1.955620646476745605e+00
-6.493388414382934570e-01,-1.172978281974792480e+00
-9.698209762573242188e-01,-1.146786212921142578e+00
-6.680029034614562988e-01,-1.317267894744873047e+00
-1.077652812004089355e+00,-1.053147077560424805e+00
-9.498551487922668457e-02,-2.195470571517944336e+00
3.888517618179321289e+00,-2.161046743392944336e+00
-7.688543200492858887e-01,-1.957132816314697266e+00
3.362804651260375977e+00,-3.199293613433837891e-01
-2.578136026859283447e-01,-3.606088161468505859e+00
6.663768738508224487e-02,-3.253498792648315430e+00
-5.282487273216247559e-01,-1.037369728088378906e+00
3.480052575469017029e-02,-1.085136175155639648e+00
-1.210186630487442017e-02,-9.156625270843505859e-01
1.972084939479827881e-01,-9.489521980285644531e-01
-6.662461757659912109e-01,-6.425994634628295898e-01
4.245939254760742188e-01,-3.343362092971801758e+00
-9.669955372810363770e-01,-3.508995056152343750e+00
2.635702133178710938e+00,-2.676460981369018555e+00
2.523867607116699219e+00,-1.269894838333129883e+00
-3.300122916698455811e-01,-3.342144966125488281e+00
-1.261364698410034180e+00,-1.306103944778442383e+00
-3.690892696380615234e+00,-1.025619149208068848e+00
-5.918847322463989258e-01,-1.585749745368957520e+00
6.345744132995605469e-01,-3.124670743942260742e+00
6.612315773963928223e-01,-3.158860921859741211e+00
4.302102327346801758e-02,-1.887128949165344238e+00
4.281116724014282227e-01,-5.532650351524353027e-01
7.073666453361511230e-01,-2.311449050903320312e+00
-1.203124761581420898e+00,-1.013097643852233887e+00
1.063389182090759277e+00,-2.577270984649658203e+00
2.437980175018310547e-01,-2.488832235336303711e+00
-1.441426277160644531e+00,-1.709801077842712402e+00
-9.458861351013183594e-01,-1.271094560623168945e+00
-6.775970458984375000e-01,-1.067869186401367188e+00
3.905825316905975342e-03,-3.284766197204589844e+00
-1.392888426780700684e+00,-1.020525217056274414e+00
-2.727840900421142578e+00,-2.641885042190551758e+00
-2.614015817642211914e+00,-2.631574392318725586e+00
-6.767152547836303711e-01,-1.363609910011291504e+00
-1.661255598068237305e+00,-7.670143246650695801e-01
-6.726179122924804688e-01,-1.204875111579895020e+00
-7.688543200492858887e-01,-1.957132816314697266e+00
2.268605470657348633e+00,-2.259636402130126953e+00
4.840404689311981201e-01,-2.998515844345092773e+00
7.223184406757354736e-02,-9.949051737785339355e-01
-1.480474233627319336e+00,-9.976176023483276367e-01
1.107748150825500488e+00,-2.853169441223144531e+00
-6.534863710403442383e-01,-1.172505736351013184e+00
9.040229916572570801e-01,-2.621711969375610352e+00
-5.456889867782592773e-01,-1.499520182609558105e+00
8.514159321784973145e-01,-2.986532449722290039e+00
1.281577944755554199e+00,-3.172370910644531250e+00
1.654553771018981934e+00,-2.874895095825195312e+00
5.766501277685165405e-02,-3.453604936599731445e+00
-2.195870876312255859e-01,-1.093024611473083496e+00
-2.894658327102661133e+00,-1.895605564117431641e+00
-1.319242000579833984e+00,-1.135407924652099609e+00
2.707160711288452148e+00,-1.223236799240112305e+00
4.080656170845031738e-01,-4.443630278110504150e-01
4.757165312767028809e-01,-3.059454441070556641e+00
3.543803691864013672e-01,-1.947394251823425293e+00
-6.198630928993225098e-01,-1.432385325431823730e+00
1.074127033352851868e-01,-9.391527771949768066e-01
3.813606977462768555e+00,-1.606686592102050781e+00
-6.996127367019653320e-01,-1.276034832000732422e+00
-6.092863082885742188e-01,-1.135409116744995117e+00
3.318952322006225586e-01,-2.556100130081176758e+00
-1.502496123313903809e+00,-8.512865900993347168e-01
1.880341172218322754e-01,-1.585244536399841309e+00
8.292224407196044922e-01,-2.168756961822509766e+00
1.537524759769439697e-01,-8.233140110969543457e-01
-6.707473993301391602e-01,-1.732216358184814453e+00
-6.700912117958068848e-01,-1.540498137474060059e+00
-6.935309767723083496e-01,-1.263845562934875488e+00
7.528756260871887207e-01,-9.946442395448684692e-02
-1.200174570083618164e+00,-7.804903388023376465e-01
-7.605166435241699219e-01,-1.778263211250305176e+00
-1.397622346878051758e+00,-9.905456900596618652e-01
-2.536323070526123047e+00,-1.233424782752990723e+00
-1.661255598068237305e+00,-7.670143246650695801e-01
-8.291470408439636230e-01,-2.218702554702758789e+00
9.563359618186950684e-01,-3.154467344284057617e+00
1.638849139213562012e+00,-2.964473247528076172e+00
-6.805273890495300293e-01,-1.442948102951049805e+00
2.088453292846679688e+00,-3.121866941452026367e+00
-6.674364805221557617e-01,-1.177375912666320801e+00
-1.424952507019042969e+00,1.053412631154060364e-01
1.844012141227722168e-01,-1.805719137191772461e-01
1.737524271011352539e-01,-3.151823759078979492e+00
3.939696252346038818e-01,-2.622364759445190430e+00
1.013005375862121582e+00,-7.476920485496520996e-01
2.182458639144897461e-01,-9.306002855300903320e-01
-4.201315879821777344e+00,-1.036738038063049316e+00
-1.134417131543159485e-01,-3.480280160903930664e+00
-3.173028707504272461e+00,-1.901217222213745117e+00
-1.496967554092407227e+00,-1.283413171768188477e+00
-7.161390185356140137e-01,-1.163105845451354980e+00
2.731795012950897217e-01,-8.666774630546569824e-01
-1.659858345985412598e+00,-8.333676457405090332e-01
-1.266800999641418457e+00,-1.062984347343444824e+00
1.000381588935852051e+00,-3.755980730056762695e-01
-2.228765487670898438e-01,-1.726622104644775391e+00
7.103101611137390137e-01,-2.690122842788696289e+00
3.018517792224884033e-01,-9.477578997611999512e-01
-1.671498894691467285e+00,-1.669787287712097168e+00
3.766577959060668945e+00,-1.891651988029479980e+00
1.430598944425582886e-01,-3.168715715408325195e+00
-5.852811932563781738e-01,-1.359633326530456543e+00
-6.707240939140319824e-01,-1.268989205360412598e+00
3.358712792396545410e-01,-2.653514742851257324e-01
-1.977652609348297119e-01,-8.722198605537414551e-01
5.934795141220092773e-01,-1.604999899864196777e+00
1.767652750015258789e+00,-2.982881784439086914e+00
6.603920459747314453e-01,-1.041738867759704590e+00
-3.733191490173339844e+00,-2.887696027755737305e+00
-1.980495214462280273e+00,-5.761966705322265625e-01
1.060975432395935059e+00,-2.107577085494995117e+00
-3.931795597076416016e+00,-2.118702173233032227e+00
9.689587354660034180e-02,-8.937197923660278320e-01
8.549907803535461426e-01,-3.105704545974731445e+00
-8.512849211692810059e-01,-1.338207364082336426e+00
-2.014175415039062500e+00,-2.133942842483520508e+00
-5.134290456771850586e-01,-1.086527705192565918e+00
3.208713233470916748e-01,-4.245834648609161377e-01
6.110616326332092285e-01,-1.420947313308715820e+00
-9.347609877586364746e-01,-2.648200511932373047e+00
3.025418221950531006e-01,-3.001451492309570312e+00
-1.358591914176940918e+00,-8.013567328453063965e-01
-5.104163289070129395e-01,-1.245161533355712891e+00
1.229249536991119385e-01,-6.127555966377258301e-01
-3.460613787174224854e-01,-1.280379652976989746e+00
-1.265770494937896729e-01,-9.573751091957092285e-01
1.139256358146667480e+00,-3.052902460098266602e+00
7.270833253860473633e-01,-1.080514550209045410e+00
-6.366868615150451660e-01,-1.066859245300292969e+00
1.306758671998977661e-01,-7.114669084548950195e-01
-1.096153616905212402e+00,-1.253781318664550781e+00
3.898426294326782227e-01,-2.619298696517944336e+00
-5.817144513130187988e-01,-1.087558031082153320e+00
1.258837342262268066e+00,-3.275294005870819092e-01
5.782611966133117676e-01,-2.930418252944946289e+00
-8.685830235481262207e-01,-2.256112575531005859e+00
3.366856873035430908e-01,-4.983509480953216553e-01
-1.377415359020233154e-01,-6.686850190162658691e-01
3.423641920089721680e-01,-1.960767745971679688e+00
-3.350905478000640869e-01,-1.127780079841613770e+00
1.366040110588073730e+00,-2.457896232604980469e+00
-7.944034337997436523e-01,-1.175326228141784668e+00
-1.144188642501831055e+00,-1.169339537620544434e+00
-4.911986291408538818e-01,-9.739637374877929688e-01
-1.502496123313903809e+00,-8.512865900993347168e-01
6.978008747100830078e-01,-1.217086195945739746e+00
-4.096460819244384766e+00,-2.518992185592651367e+00
5.428353548049926758e-01,-3.353895187377929688e+00
2.101117670536041260e-01,-1.922481060028076172e+00
-7.103452086448669434e-01,1.945396959781646729e-01
-5.382453799247741699e-01,-9.809428453445434570e-01
5.857854485511779785e-01,-2.845545053482055664e+00
-9.572812914848327637e-02,-9.285394549369812012e-01
-5.062250494956970215e-01,-1.257337570190429688e+00
-6.078110933303833008e-01,-1.311791896820068359e+00
-4.292409121990203857e-01,-9.323169589042663574e-01
-1.299233794212341309e+00,-1.550384044647216797e+00
-8.952564001083374023e-01,-1.822086691856384277e+00
9.437735676765441895e-01,-3.105987310409545898e+00
2.154646515846252441e-01,-1.111541867256164551e+00
9.168274402618408203e-01,-2.527577400207519531e+00
3.888517618179321289e+00,-2.161046743392944336e+00
-7.141948938369750977e-01,-1.343963384628295898e+00
-9.163302779197692871e-01,1.353377103805541992e-02
3.461804687976837158e-01,-1.170645117759704590e+00
1.084790378808975220e-01,-7.511833906173706055e-01
-4.130902588367462158e-01,-1.010533452033996582e+00
1.306758671998977661e-01,-7.114669084548950195e-01
1.785812854766845703e+00,-3.370057821273803711e+00
-5.276189446449279785e-01,-1.238672494888305664e+00
-1.270459294319152832e+00,-9.890359640121459961e-01
5.017324686050415039e-01,-1.672698974609375000e+00
-1.460767507553100586e+00,-8.511167168617248535e-01
7.843672037124633789e-01,-2.933006048202514648e+00
1.480302810668945312e+00,-2.345810413360595703e+00
-6.707240939140319824e-01,-1.268989205360412598e+00
-9.496344327926635742e-01,-8.352124094963073730e-01
-5.424253940582275391e-01,-1.260344743728637695e+00
-5.168383121490478516e-01,-3.587699413299560547e+00
-5.961897969245910645e-01,-1.019610166549682617e+00
-2.088098764419555664e+00,-1.666827917098999023e+00
1.870749294757843018e-01,-1.440538525581359863e+00
-4.705850780010223389e-01,-9.996562004089355469e-01
6.216596961021423340e-01,-1.632482767105102539e+00
-5.467225909233093262e-01,-3.472954928874969482e-01
-6.990441679954528809e-01,-1.412836432456970215e+00
2.208690345287322998e-01,-3.105772972106933594e+00
-8.295176178216934204e-02,-2.847154140472412109e+00
2.272731363773345947e-01,-3.014414787292480469e+00
-4.027118533849716187e-02,-8.407525420188903809e-01
-7.833009213209152222e-02,-9.465416073799133301e-01
-3.235697507858276367e+00,-2.226621389389038086e+00
-1.270617246627807617e+00,-1.176796317100524902e+00
3.335974216461181641e-01,-9.248021841049194336e-01
2.079941332340240479e-01,-3.217308044433593750e+00
8.690882474184036255e-02,-7.443867325782775879e-01
3.898217082023620605e-01,-3.671003878116607666e-01
-8.094932883977890015e-02,-1.602303624153137207e+00
4.951303899288177490e-01,-1.680091857910156250e+00
9.850668311119079590e-01,-3.125897645950317383e+00
-6.023474335670471191e-01,-1.189385175704956055e+00
2.386946976184844971e-01,-2.412780284881591797e+00
1.177493810653686523e+00,-3.322986602783203125e+00
1.011142730712890625e+00,-3.128257513046264648e+00
1.480302810668945312e+00,-2.345810413360595703e+00
1.481659054756164551e+00,-2.979179143905639648e+00
-6.681348681449890137e-01,-1.167300581932067871e+00
4.757165312767028809e-01,-3.059454441070556641e+00
6.445822715759277344e-01,-2.397714614868164062e+00
5.885515213012695312e-01,-9.455488324165344238e-01
1.761061310768127441e+00,-3.003120422363281250e+00
-1.370328664779663086e+00,-9.857281446456909180e-01
-5.913835763931274414e-01,-1.444975495338439941e+00
-1.637561678886413574e+00,-3.532286286354064941e-01
-4.790318906307220459e-01,-3.917632400989532471e-01
-8.087434172630310059e-01,-1.370763182640075684e+00
-2.031309366226196289e+00,-1.566921114921569824e+00
1.177955746650695801e+00,-3.007124423980712891e+00
-1.434304952621459961e+00,-2.415285348892211914e+00
4.046649932861328125e-01,-6.733355522155761719e-01
1.991244256496429443e-01,-9.420452713966369629e-01
1.632876694202423096e-01,-2.594819307327270508e+00
8.488235473632812500e-01,-7.052702307701110840e-01
3.172196626663208008e+00,-2.447529077529907227e+00
2.011121809482574463e-01,-3.225033998489379883e+00
1.457979798316955566e+00,-6.064822673797607422e-01
1.902553439140319824e-01,-2.890747785568237305e-01
1.107924222946166992e+00,-3.207931518554687500e+00
-2.889455795288085938e+00,-2.135696887969970703e+00
-1.070458650588989258e+00,-1.229357957839965820e+00
-2.937902688980102539e+00,-2.049907684326171875e+00
-9.274876713752746582e-01,-1.185302376747131348e+00
-4.663183391094207764e-01,-1.103610515594482422e+00
-9.409167766571044922e-01,-1.098157882690429688e+00
1.875151038169860840e+00,-1.982326507568359375e+00
-1.518888235092163086e+00,-1.827797770500183105e+00
-3.366056203842163086e+00,-1.362785816192626953e+00
-4.507860541343688965e-01,-2.909986734390258789e+00
3.648067712783813477e-01,-4.002905488014221191e-01
-2.892884492874145508e+00,-2.299086570739746094e+00
1.953976154327392578e-01,-3.088957309722900391e+00
3.445414900779724121e-01,-1.422533154487609863e+00
-6.256401538848876953e-02,-9.503635168075561523e-01
9.222391247749328613e-01,-3.230165719985961914e+00
2.938974797725677490e-01,-1.875273585319519043e+00
1.823632717132568359e-01,-6.612659096717834473e-01
-1.265770494937896729e-01,-9.573751091957092285e-01
1.139256358146667480e+00,-3.052902460098266602e+00
6.367687582969665527e-01,-1.183530330657958984e+00
2.830589562654495239e-02,-1.658994078636169434e+00
2.919197380542755127e-01,-4.171704947948455811e-01
1.281577944755554199e+00,-3.172370910644531250e+00
-1.299233794212341309e+00,-1.550384044647216797e+00
1.130348965525627136e-01,-3.259961128234863281e+00
8.634687066078186035e-01,-3.123505115509033203e+00
7.671029865741729736e-02,-7.546505928039550781e-01
4.249664023518562317e-03,-1.537212252616882324e+00
-6.113380789756774902e-01,-1.480691194534301758e+00
2.098867177963256836e+00,-7.089257240295410156e-01
1.076501235365867615e-01,-8.548828959465026855e-01
-4.324089586734771729e-01,-1.321520686149597168e+00
4.942349493503570557e-01,-1.530096769332885742e+00
8.116936087608337402e-01,-2.782194852828979492e+00
-1.079756379127502441e+00,-1.387863636016845703e+00
-6.540331244468688965e-01,-1.407887816429138184e+00
2.879606783390045166e-01,-1.989166855812072754e+00
3.758254349231719971e-01,-1.961088538169860840e+00
6.098865866661071777e-01,-1.276691198348999023e+00
1.745135486125946045e-01,-3.228619337081909180e+00
-7.514255046844482422e-01,-1.714489102363586426e+00
-6.534863710403442383e-01,-1.172505736351013184e+00
-9.690924286842346191e-01,-1.287646055221557617e+00
-8.282516002655029297e-01,6.151424646377563477e-01
2.234882712364196777e-01,-4.346096813678741455e-01
1.904909849166870117e+00,-5.655422210693359375e-01
8.732859790325164795e-02,-9.712854027748107910e-01
-1.461083769798278809e+00,-4.992297589778900146e-01
-2.567768096923828125e+00,-1.637263059616088867e+00
-1.577666044235229492e+00,-1.060280442237854004e+00
9.924845099449157715e-01,-5.642459392547607422e-01
6.318140625953674316e-01,-1.435004770755767822e-01
-1.935707330703735352e-01,-1.077589273452758789e+00
-8.622509837150573730e-01,-1.846306204795837402e+00
4.389077425003051758e-01,-3.039144277572631836e+00
-4.740447998046875000e-01,-3.185017108917236328e+00
5.521076321601867676e-01,-3.106416225433349609e+00
1.749402046203613281e+00,-3.159682035446166992e+00
1.007673859596252441e+00,-3.265760898590087891e+00
-1.616069078445434570e+00,-1.056999683380126953e+00
6.368873715400695801e-01,-1.641772985458374023e+00
-1.082343935966491699e+00,-1.047209620475769043e+00
-1.505336284637451172e+00,-1.734717965126037598e+00
1.178187370300292969e+00,-3.240833759307861328e+00
-5.689538717269897461e-01,-2.796579122543334961e+00
-6.709710955619812012e-01,-1.150673985481262207e+00
-9.730809330940246582e-01,-1.552319288253784180e+00
-5.024551749229431152e-01,-1.570127844810485840e+00
-7.636093497276306152e-01,-1.938788175582885742e+00
-7.754213809967041016e-01,-1.149684190750122070e+00
-5.302019715309143066e-01,-1.458003759384155273e+00
1.207638829946517944e-01,-3.283508062362670898e+00
-1.579203486442565918e+00,-1.065366268157958984e+00
8.820741176605224609e-01,-1.678831428289413452e-01
6.368879675865173340e-01,-1.607012391090393066e+00
-7.500724196434020996e-01,-1.319884061813354492e+00
3.708308041095733643e-01,-1.763715267181396484e+00
-1.684850573539733887e+00,-5.969800353050231934e-01
-3.002201795578002930e+00,-3.692983627319335938e+00
1.651897668838500977e+00,-3.039970874786376953e+00
2.091469168663024902e-01,-2.597452700138092041e-01
-1.203583002090454102e+00,-8.312681913375854492e-01
4.947808980941772461e-01,-1.933275461196899414e+00
-1.254050850868225098e+00,-8.486309647560119629e-01
2.992309808731079102e+00,-1.655252337455749512e+00
-2.256153345108032227e+00,-1.357372641563415527e+00
-3.912313222885131836e+00,-2.562101364135742188e+00
2.046170711517333984e+00,-3.299820184707641602e+00
-7.558776140213012695e-01,-1.418563008308410645e+00
1.053391024470329285e-01,-9.495143294334411621e-01
2.561370134353637695e-01,-1.030460476875305176e+00
2.268605470657348633e+00,-2.259636402130126953e+00
-1.703711032867431641e+00,-5.538402497768402100e-02
1.817693114280700684e-01,-1.697025656700134277e+00
5.333672165870666504e-01,-9.803702831268310547e-01
-7.045173048973083496e-01,-1.588495850563049316e+00
-5.112248420715332031e+00,-2.443603277206420898e+00
-1.047599434852600098e+00,-1.654894113540649414e+00
2.561370134353637695e-01,-1.030460476875305176e+00
-1.531262636184692383e+00,-3.702189207077026367e+00
-6.147283911705017090e-01,-1.136836290359497070e+00
1.394842863082885742e-01,-9.966728091239929199e-01
-1.430539846420288086e+00,-2.292168140411376953e+00
-2.072660684585571289e+00,-4.858377277851104736e-01
2.471474885940551758e+00,-1.581993222236633301e+00
2.167192697525024414e-01,-1.023965597152709961e+00
6.405153870582580566e-01,-1.619571089744567871e+00
2.473874092102050781e-01,-3.053830862045288086e+00
-5.954270362854003906e-01,-1.039964675903320312e+00
2.190918445587158203e+00,-7.455141544342041016e-01
2.386168241500854492e-01,-1.684028804302215576e-01
-1.064792990684509277e+00,-2.513845920562744141e+00
-4.864263236522674561e-01,-1.789641261100769043e+00
-1.350573897361755371e+00,-1.001694321632385254e+00
-1.959518492221832275e-01,-1.635663032531738281e+00
-8.456168770790100098e-01,-1.096286535263061523e+00
-5.942088365554809570e-01,-1.028284907341003418e+00
-2.208545804023742676e-01,-1.846079945564270020e+00
1.141335487365722656e+00,-3.390634298324584961e+00
1.766902446746826172e+00,-2.445995807647705078e+00
-2.617520809173583984e+00,-6.178078055381774902e-01
-7.059766650199890137e-01,-5.056571364402770996e-01
-5.104163289070129395e-01,-1.245161533355712891e+00
-3.369428634643554688e+00,-1.710291028022766113e+00
-4.298600673675537109e+00,-1.645398020744323730e+00
3.269791603088378906e-01,-3.447886109352111816e-01
-2.190003156661987305e+00,-1.869124889373779297e+00
-4.972019195556640625e+00,-2.632121086120605469e+00
-7.457802295684814453e-01,-5.865038633346557617e-01
-2.678250551223754883e+00,-1.951709866523742676e+00
-1.858071446418762207e+00,-3.382603883743286133e+00
1.846477985382080078e+00,-1.814507842063903809e+00
-1.451283097267150879e+00,-2.480140686035156250e+00
6.084812283515930176e-01,-1.217857956886291504e+00
-7.399953007698059082e-01,-1.653807997703552246e+00
-1.435039758682250977e+00,-8.591067194938659668e-01
-5.014628410339355469e+00,-2.226092100143432617e+00
-6.940137147903442383e-01,-1.022746562957763672e+00
-1.115281105041503906e+00,-1.139823198318481445e+00
-1.384338140487670898e+00,-1.131223678588867188e+00
-2.036417484283447266e+00,-2.055996656417846680e+00
3.423641920089721680e-01,-1.960767745971679688e+00
4.265461921691894531e+00,-1.160164475440979004e+00
-2.987684309482574463e-01,-1.139797925949096680e+00
2.342318058013916016e+00,-2.529798746109008789e+00
7.061105370521545410e-01,-3.028311014175415039e+00
7.174500823020935059e-01,-3.175966739654541016e+00
8.102297186851501465e-01,-3.128398180007934570e+00
-4.298600673675537109e+00,-1.645398020744323730e+00
-6.147283911705017090e-01,-1.136836290359497070e+00
-7.437040656805038452e-02,-3.279879570007324219e+00
-1.307810068130493164e+00,-1.110083937644958496e+00
1.107953190803527832e+00,-2.855999469757080078e+00
1.935232579708099365e-01,-7.615011334419250488e-01
2.408119440078735352e+00,-7.919740080833435059e-01
-3.355408668518066406e+00,-2.283946990966796875e+00
-1.230229735374450684e+00,-1.054059863090515137e+00
-1.261364698410034180e+00,-1.306103944778442383e+00
5.891630053520202637e-01,-4.938961267471313477e-01
1.317232251167297363e-01,-6.387774944305419922e-01
1.045320749282836914e+00,-3.061303853988647461e+00
4.152654170989990234e+00,-2.186848878860473633e+00
-4.405423998832702637e-01,-1.087239742279052734e+00
6.751847863197326660e-01,-3.189344406127929688e+00
-1.123566865921020508e+00,-1.237042069435119629e+00
-1.461083769798278809e+00,-4.992297589778900146e-01
-4.560647487640380859e+00,-2.406374216079711914e+00
9.925201535224914551e-01,-2.776823282241821289e+00
2.353845536708831787e-01,-1.133222103118896484e+00
1.165672302246093750e+00,-2.858490228652954102e+00
-4.830171763896942139e-01,-1.139308333396911621e+00
-2.589599788188934326e-01,-2.608781576156616211e+00
-1.462040841579437256e-02,-1.315224409103393555e+00
1.878095626831054688e+00,-1.707797169685363770e+00
4.050612151622772217e-01,-6.810054779052734375e-01
1.881254911422729492e+00,-8.456907272338867188e-01
-3.607894480228424072e-02,-1.373459100723266602e+00
-2.351686060428619385e-01,-2.287737369537353516e+00
1.286946654319763184e+00,-2.705562591552734375e+00
-7.384758591651916504e-01,-1.221688866615295410e+00
-2.402497529983520508e+00,-2.316011667251586914e+00
2.660124897956848145e-01,-1.583647489547729492e+00
2.231260776519775391e+00,-1.336211442947387695e+00
-6.088162660598754883e-01,-1.299896001815795898e+00
6.584134697914123535e-01,-1.674046635627746582e+00
1.271997988224029541e-01,-9.649570584297180176e-01
-5.729848742485046387e-01,-1.131802439689636230e+00
1.313377022743225098e-01,-1.890093326568603516e+00
4.249664023518562317e-03,-1.537212252616882324e+00
1.875151038169860840e+00,-1.982326507568359375e+00
-1.667947888374328613e+00,-2.542059421539306641e-01
5.060417652130126953e-01,-2.411680936813354492e+00
5.800062417984008789e-02,-8.819299936294555664e-01
5.525320172309875488e-01,-9.674958586692810059e-01
-1.133112907409667969e+00,-1.697884917259216309e+00
8.497413992881774902e-01,-2.213410615921020508e+00
1.448417007923126221e-01,-9.583172202110290527e-01
1.769364118576049805e+00,-1.651224136352539062e+00
4.265461921691894531e+00,-1.160164475440979004e+00
1.433430552482604980e+00,-2.464918613433837891e+00
-9.786196351051330566e-01,-8.292610049247741699e-01
-5.105540156364440918e-01,-3.171052694320678711e+00
5.959663987159729004e-01,-1.737128615379333496e+00
2.922411859035491943e-01,-1.982450366020202637e+00
-2.451475858688354492e+00,-1.646750450134277344e+00
2.297053575515747070e+00,-8.362511992454528809e-01
-1.106563806533813477e+00,-1.193823218345642090e+00
-6.418085694313049316e-01,-8.155359625816345215e-01
-1.374958276748657227e+00,-1.072701692581176758e+00
2.105762660503387451e-01,-8.558948636054992676e-01
-4.380214810371398926e-01,-7.301148176193237305e-01
4.281116724014282227e-01,-5.532650351524353027e-01
5.237069129943847656e-01,-3.019626855850219727e+00
-1.757406592369079590e+00,-1.162914335727691650e-01
-3.115423679351806641e+00,-1.673065423965454102e+00
3.589157104492187500e+00,-1.736291408538818359e+00
-4.638817310333251953e+00,-2.344004154205322266e+00
3.620398342609405518e-01,-3.026710748672485352e+00
2.386946976184844971e-01,-2.412780284881591797e+00
1.631244122982025146e-01,-3.102667570114135742e+00
-7.852932810783386230e-01,-1.561585664749145508e+00
6.262155771255493164e-01,-2.158307790756225586e+00
7.630490064620971680e-01,-2.836882114410400391e+00
1.207638829946517944e-01,-3.283508062362670898e+00
1.457979798316955566e+00,-6.064822673797607422e-01
-1.685078501701354980e+00,-1.108724355697631836e+00
6.806508302688598633e-01,-1.491626143455505371e+00
1.357690095901489258e-01,-3.235404014587402344e+00
-3.371966361999511719e+00,-1.638879537582397461e+00
-1.098597049713134766e+00,-8.375628590583801270e-01
1.514174640178680420e-01,-3.048386812210083008e+00
2.327480316162109375e-01,-4.956778585910797119e-01
-3.680476844310760498e-01,-1.063460111618041992e+00
1.014770388603210449e+00,-3.195428609848022461e+00
-5.029378533363342285e-01,-1.790424227714538574e+00
9.461795687675476074e-01,-3.236804246902465820e+00
1.893165469169616699e+00,-3.011483192443847656e+00
2.894015550613403320e+00,-1.489729642868041992e+00
-9.975152611732482910e-01,-2.341743946075439453e+00
1.286946654319763184e+00,-2.705562591552734375e+00
-1.014927774667739868e-02,-3.179428815841674805e+00
-4.623300433158874512e-01,-2.712495088577270508e+00
-5.420045852661132812e-01,-1.197399854660034180e+00
-9.499989449977874756e-03,-3.447999715805053711e+00
3.589157104492187500e+00,-1.736291408538818359e+00
5.902673006057739258e-01,-1.953169465065002441e+00
1.485534071922302246e+00,-2.114157199859619141e+00
-1.063191890716552734e+00,-1.838302731513977051e+00
5.943006277084350586e-01,-1.770783424377441406e+00
-1.115281105041503906e+00,-1.139823198318481445e+00
-3.172723293304443359e+00,-2.048895359039306641e+00
1.538530290126800537e-01,-8.890960812568664551e-01
-1.205008983612060547e+00,-8.765673041343688965e-01
3.585848808288574219e-01,-1.775940299034118652e+00
4.203177988529205322e-01,-2.575741529464721680e+00
1.878095626831054688e+00,-1.707797169685363770e+00
6.895931363105773926e-01,-2.962185859680175781e+00
-7.049786448478698730e-01,-1.371403932571411133e+00
1.739149987697601318e-01,-9.364528059959411621e-01
-1.728348135948181152e+00,-1.120351791381835938e+00
-9.131554365158081055e-01,-1.060534358024597168e+00
2.304440021514892578e+00,-1.572126150131225586e+00
1.305484294891357422e+00,-3.310268640518188477e+00
8.447367548942565918e-01,-2.330625534057617188e+00
-5.355204939842224121e-01,-1.444101214408874512e+00
2.322805523872375488e-01,-1.687849998474121094e+00
-1.050423264503479004e+00,-1.168828368186950684e+00
3.534166574478149414e+00,-1.319447994232177734e+00
8.047353625297546387e-01,-2.926234483718872070e+00
2.340490341186523438e+00,-2.043980836868286133e+00
6.153694391250610352e-01,-2.581633806228637695e+00
-5.780377984046936035e-01,-1.137257695198059082e+00
1.049099683761596680e+00,-3.124249696731567383e+00
1.656390666961669922e+00,-3.341892004013061523e+00
-8.156120777130126953e-01,-1.203825950622558594e+00
8.497413992881774902e-01,-2.213410615921020508e+00
8.734185099601745605e-01,-1.902772307395935059e+00
1.925378203392028809e+00,-1.927570700645446777e+00
9.661725163459777832e-01,-2.924849271774291992e+00
8.214059472084045410e-01,-1.505069375038146973e+00
-1.325134992599487305e+00,-9.650613665580749512e-01
6.257719993591308594e-01,-2.274832963943481445e+00
-1.032730340957641602e+00,-7.651824951171875000e-01
-5.010475218296051025e-02,-2.006995916366577148e+00
4.108925163745880127e-01,2.940676361322402954e-02
-5.665661692619323730e-01,-1.810822248458862305e+00
-3.173028707504272461e+00,-1.901217222213745117e+00
2.058111131191253662e-01,-3.156418323516845703e+00
9.925201535224914551e-01,-2.776823282241821289e+00
5.086730718612670898e-01,-1.736683011054992676e+00
-6.332362294197082520e-01,-1.243324756622314453e+00
-1.099616050720214844e+00,-1.264228582382202148e+00
-3.377554178237915039e+00,-1.698870301246643066e+00
5.800062417984008789e-02,-8.819299936294555664e-01
3.569950461387634277e-01,-7.773802876472473145e-01
2.298587083816528320e+00,-7.843370437622070312e-01
-1.354700446128845215e+00,-7.993481755256652832e-01
1.003853201866149902e+00,-3.243041992187500000e+00
1.221477627754211426e+00,-2.853967905044555664e+00
4.401884377002716064e-01,-3.076240539550781250e+00
8.660542964935302734e-01,-2.418388366699218750e+00
7.737840414047241211e-01,-3.176164388656616211e+00
4.341166615486145020e-01,-1.754521965980529785e+00
5.548365712165832520e-01,-2.784051656723022461e+00
-1.327354669570922852e+00,-9.714485406875610352e-01
7.566479444503784180e-01,-1.306358456611633301e+00
3.972456157207489014e-01,-2.441605567932128906e+00
1.014127731323242188e+00,-3.426101207733154297e+00
-1.646175384521484375e-01,-1.029360651969909668e+00
-1.542618036270141602e+00,-1.290320396423339844e+00
2.818585336208343506e-01,-2.423954486846923828e+00
1.065595626831054688e+00,-3.224253416061401367e+00
1.007811665534973145e+00,-3.114630937576293945e+00
-2.088098764419555664e+00,-1.666827917098999023e+00
1.737524271011352539e-01,-3.151823759078979492e+00
-4.791660010814666748e-01,-1.994894981384277344e+00
1.379099488258361816e-01,-3.094273805618286133e+00
-1.625206947326660156e+00,-7.756119370460510254e-01
-3.727497458457946777e-01,-1.166047334671020508e+00
2.900001764297485352e+00,-1.560951113700866699e+00
-1.099616050720214844e+00,-1.264228582382202148e+00
5.516538023948669434e-01,-2.942001342773437500e+00
-1.854392588138580322e-01,-2.035412788391113281e+00
-2.309598922729492188e-01,-1.916879296302795410e+00
2.117204368114471436e-01,-3.249946832656860352e+00
-1.371178865432739258e+00,-9.180244207382202148e-01
-4.667953550815582275e-01,-3.534842014312744141e+00
6.496878862380981445e-01,-1.292646646499633789e+00
-2.190003156661987305e+00,-1.869124889373779297e+00
5.404295325279235840e-01,-3.285281658172607422e+00
-3.214676380157470703e-01,-1.547311067581176758e+00
1.701835691928863525e-01,-3.088814973831176758e+00
-1.814244091510772705e-01,-1.047559380531311035e+00
-4.424991607666015625e+00,-1.209820389747619629e+00
8.102297186851501465e-01,-3.128398180007934570e+00
-1.564721584320068359e+00,-1.087962746620178223e+00
7.433505058288574219e-01,-3.001585960388183594e+00
6.009864807128906250e-01,-1.723458409309387207e+00
6.777316331863403320e-01,-9.884193539619445801e-01
4.389077425003051758e-01,-3.039144277572631836e+00
5.923765301704406738e-01,-1.293829679489135742e+00
1.739462912082672119e-01,-9.785147309303283691e-01
-1.347529649734497070e+00,-7.466781735420227051e-01
2.512608766555786133e-01,-9.636973738670349121e-01
-1.402696967124938965e-01,-1.045160293579101562e+00
-5.249827504158020020e-01,-1.762788891792297363e+00
-5.938235521316528320e-01,-1.124871611595153809e+00
-6.985440254211425781e-01,-1.071927070617675781e+00
-7.355754822492599487e-02,-1.578803539276123047e+00
2.852659821510314941e-01,-8.308522701263427734e-01
3.708308041095733643e-01,-1.763715267181396484e+00
-1.158073067665100098e+00,-1.086336493492126465e+00
-6.687010526657104492e-01,-1.387904524803161621e+00
-5.521618127822875977e-01,-8.424080014228820801e-01
-6.860476732254028320e-01,-1.542316436767578125e+00
-2.473011910915374756e-01,-2.554370403289794922e+00
2.408079147338867188e+00,-1.488323211669921875e+00
2.525008201599121094e+00,-1.113868474960327148e+00
1.137760356068611145e-01,-1.958675026893615723e+00
-4.811594486236572266e+00,-1.901828885078430176e+00
2.070760130882263184e-01,-8.659698367118835449e-01
-1.434304952621459961e+00,-2.415285348892211914e+00
2.414956688880920410e-04,-2.145809888839721680e+00
-1.646492958068847656e+00,-2.820220232009887695e+00
9.220601320266723633e-01,-3.100205898284912109e+00
1.765115857124328613e+00,-7.464531660079956055e-01
-2.167145729064941406e+00,-2.937814593315124512e-01
-1.728348135948181152e+00,-1.120351791381835938e+00
1.866380274295806885e-01,-1.910725712776184082e+00
-1.321090102195739746e+00,-5.305808186531066895e-01
-9.214319586753845215e-01,-1.193401813507080078e+00
2.484652698040008545e-01,-2.096581220626831055e+00
-4.579376876354217529e-01,-9.353911280632019043e-01
-8.910015821456909180e-01,-1.318441152572631836e+00
-3.708884954452514648e+00,-1.948459029197692871e+00
-1.058071374893188477e+00,-1.192293286323547363e+00
-6.726179122924804688e-01,-1.204875111579895020e+00
3.301835656166076660e-01,-2.766749262809753418e-01
-2.195870876312255859e-01,-1.093024611473083496e+00
2.834481000900268555e-01,-3.263038873672485352e+00
1.671334505081176758e+00,-3.100381374359130859e+00
-4.796175062656402588e-01,-7.526229619979858398e-01
6.857784390449523926e-01,-1.322053432464599609e+00
6.278384327888488770e-01,-1.438010215759277344e+00
-9.718301296234130859e-01,-9.304293990135192871e-01
-3.926381170749664307e-01,-1.148520112037658691e+00
-5.225570201873779297e-01,-1.276305198669433594e+00
1.561271071434020996e+00,-3.186511993408203125e+00
-1.371178865432739258e+00,-9.180244207382202148e-01
6.946054100990295410e-01,-1.242205619812011719e+00
8.690882474184036255e-02,-7.443867325782775879e-01
-1.201530337333679199e+00,-1.182952404022216797e+00
1.799550294876098633e+00,-9.140397310256958008e-01
1.461977839469909668e+00,-2.337476491928100586e+00
5.299874395132064819e-02,-9.228686690330505371e-01
-5.056642889976501465e-01,-1.839363455772399902e+00
5.534734725952148438e-01,-1.155080676078796387e+00
-7.398394942283630371e-01,-1.383621335029602051e+00
2.955746948719024658e-01,-3.193452835083007812e+00
8.277412056922912598e-01,-3.179628133773803711e+00
-1.610075592994689941e+00,-1.595078706741333008e+00
9.538714289665222168e-01,-3.179434061050415039e+00
6.593534350395202637e-01,-1.480431795120239258e+00
-5.273450016975402832e-01,-1.118092060089111328e+00
-2.801945447921752930e+00,-2.053125381469726562e+00
-2.893178462982177734e-01,-1.041848659515380859e+00
1.369019746780395508e-01,-5.137109756469726562e-01
1.672872006893157959e-01,-7.906744480133056641e-01
-2.309598922729492188e-01,-1.916879296302795410e+00
6.361449956893920898e-01,-2.805953621864318848e-01
2.478427588939666748e-01,-7.598823904991149902e-01
-1.094029545783996582e+00,-4.932002425193786621e-01
-4.255239009857177734e+00,-1.376147866249084473e+00
-2.035087585449218750e+00,-1.579243659973144531e+00
-2.185491621494293213e-01,-2.326307535171508789e+00
-1.499561071395874023e+00,-6.440095901489257812e-01
8.016594648361206055e-01,-1.631140112876892090e+00
-8.007362484931945801e-01,-1.229295015335083008e+00
-3.279777169227600098e-01,-9.248295426368713379e-01
-3.345496654510498047e+00,-1.316918730735778809e+00
-1.472204566001892090e+00,-2.791984319686889648e+00
-8.156120777130126953e-01,-1.203825950622558594e+00
-1.150739908218383789e+00,-1.024636268615722656e+00
-1.754504442214965820e-01,-1.568476915359497070e+00
2.010152041912078857e-01,-8.093745708465576172e-01
7.522557973861694336e-01,-2.525760650634765625e+00
3.596100330352783203e+00,-1.671406030654907227e+00
1.207691431045532227e+00,-3.089340448379516602e+00
-4.612208843231201172e+00,-2.389140605926513672e+00
-1.230229735374450684e+00,-1.054059863090515137e+00
-3.172723293304443359e+00,-2.048895359039306641e+00
4.947808980941772461e-01,-1.933275461196899414e+00
-2.832419425249099731e-02,-9.122738242149353027e-01
-2.106732368469238281e+00,-3.758405923843383789e+00
-2.909769535064697266e+00,-1.773968338966369629e+00
-4.819830417633056641e+00,-2.354676961898803711e+00
6.596339344978332520e-01,-3.128103017807006836e+00
-1.279409527778625488e+00,-1.816336870193481445e+00
-8.087434172630310059e-01,-1.370763182640075684e+00
-9.810510277748107910e-01,-1.556792378425598145e+00
-1.334008812904357910e+00,-1.013205528259277344e+00
-1.782641887664794922e+00,-9.580157399177551270e-01
1.563120961189270020e+00,-2.893472433090209961e+00
1.705035090446472168e+00,-2.852739572525024414e+00
1.187290668487548828e+00,-2.958359718322753906e+00
-1.206229925155639648e+00,-9.138970971107482910e-01
6.048395037651062012e-01,-1.668705821037292480e+00
1.446568965911865234e-01,-2.735761165618896484e+00
4.485090672969818115e-01,-2.185816764831542969e+00
7.141779661178588867e-01,-2.987804651260375977e+00
-1.550027251243591309e+00,-1.297130107879638672e+00
1.566773056983947754e-01,-3.138579607009887695e+00
5.271894931793212891e-01,-1.301217555999755859e+00
-1.169974446296691895e+00,-9.439741373062133789e-01
-1.121089458465576172e+00,-1.062941431999206543e+00
4.245939254760742188e-01,-3.343362092971801758e+00
-6.230657100677490234e-01,-2.953885555267333984e+00
-2.009863138198852539e+00,-6.592224240303039551e-01
5.782611966133117676e-01,-2.930418252944946289e+00
1.153056621551513672e+00,-3.299365520477294922e+00
1.827847123146057129e+00,-2.653418779373168945e+00
1.149141073226928711e+00,-2.608221471309661865e-01
1.978265047073364258e-01,-4.377753436565399170e-01
-1.233275651931762695e+00,-1.033151507377624512e+00
-5.365567207336425781e-01,-1.595434308052062988e+00
-1.657913208007812500e+00,-1.205405235290527344e+00
1.227932810783386230e+00,-3.187928676605224609e+00
2.034512042999267578e+00,-3.170226812362670898e+00
4.181525111198425293e-01,-1.359106421470642090e+00
-5.913835763931274414e-01,-1.444975495338439941e+00
-6.767152547836303711e-01,-1.363609910011291504e+00
1.488211035728454590e+00,-2.346056938171386719e+00
-6.268124580383300781e-01,-1.239709138870239258e+00
5.046510696411132812e-01,-4.151735305786132812e+00
-6.467239856719970703e-01,-1.013746619224548340e+00
-1.440440416336059570e+00,-9.751272946596145630e-02
2.700067684054374695e-02,-9.086793661117553711e-01
1.490376472473144531e+00,-2.830103397369384766e+00
7.201216816902160645e-01,-1.872995972633361816e+00
-9.979906678199768066e-01,-1.163331151008605957e+00
1.938556134700775146e-01,-6.115453243255615234e-01
1.416599899530410767e-01,-9.358490109443664551e-01
7.255108952522277832e-01,-1.245391845703125000e+00
-6.967943906784057617e-01,-1.202571511268615723e+00
-1.454787969589233398e+00,-9.020244479179382324e-01
1.486159801483154297e+00,-2.930813312530517578e+00
-1.583029150962829590e+00,2.420853823423385620e-02
-2.107261657714843750e+00,-2.365641355514526367e+00
3.335612535476684570e+00,-2.400258928537368774e-02
5.761771202087402344e-01,-3.721756935119628906e-01
-3.001689314842224121e-01,-2.571374654769897461e+00
-8.291470408439636230e-01,-2.218702554702758789e+00
-3.903038799762725830e-03,-1.641826033592224121e+00
6.137276291847229004e-01,-1.787262439727783203e+00
1.454825699329376221e-01,-6.469726562500000000e-01
8.474575281143188477e-01,-3.017270803451538086e+00
1.106815338134765625e+00,-2.377016782760620117e+00
-1.230935215950012207e+00,-7.964447736740112305e-01
2.276287078857421875e-01,-7.811874747276306152e-01
5.515114665031433105e-01,-8.970706462860107422e-01
-1.823006391525268555e+00,-1.819000840187072754e+00
-5.302019715309143066e-01,-1.458003759384155273e+00
-7.518244981765747070e-01,-1.284892797470092773e+00
3.917894661426544189e-01,-2.921806573867797852e+00
-2.753906697034835815e-02,-3.172908306121826172e+00
1.745229125022888184e+00,-2.971509695053100586e+00
2.264949679374694824e-02,-8.339470028877258301e-01
-1.926123261451721191e+00,-2.147808551788330078e+00
-1.815199255943298340e+00,-1.249314785003662109e+00
-5.010475218296051025e-02,-2.006995916366577148e+00
9.203924536705017090e-01,-2.664408922195434570e+00
5.086730718612670898e-01,-1.736683011054992676e+00
1.251187443733215332e+00,-2.786228418350219727e+00
4.785975515842437744e-01,-3.180343389511108398e+00
-2.536323070526123047e+00,-1.233424782752990723e+00
-1.125830039381980896e-01,-8.302754163742065430e-01
-2.164394378662109375e+00,-3.309178948402404785e-01
2.353845536708831787e-01,-1.133222103118896484e+00
-6.721031069755554199e-01,-1.296945452690124512e+00
2.492958307266235352e-01,-5.864756107330322266e-01
-1.417939662933349609e+00,-6.114175915718078613e-01
9.740681052207946777e-01,-2.832665443420410156e+00
7.920759916305541992e-01,-3.356079816818237305e+00
-3.298635244369506836e+00,-2.762780904769897461e+00
-5.872694849967956543e-01,-1.182754397392272949e+00
-1.392213582992553711e+00,-9.254965186119079590e-01
-2.952346086502075195e+00,-1.769611120223999023e+00
5.285333395004272461e-01,-2.961222171783447266e+00
-1.269473075866699219e+00,-7.223274111747741699e-01
6.101831197738647461e-01,-2.370753765106201172e+00
8.211742043495178223e-01,-2.866266489028930664e+00
1.358912587165832520e-01,-1.192050576210021973e+00
1.377749681472778320e+00,-3.053402662277221680e+00
-1.334807038307189941e+00,-8.636412024497985840e-01
-1.306771874427795410e+00,-1.119284987449645996e+00
3.301835656166076660e-01,-2.766749262809753418e-01
1.130152270197868347e-01,-5.066432356834411621e-01
7.738900184631347656e-01,-5.211556553840637207e-01
7.167146205902099609e-01,-3.359648942947387695e+00
-1.668052196502685547e+00,-4.399921596050262451e-01
1.065415143966674805e+00,-3.098268747329711914e+00
1.054857492446899414e+00,-2.777402877807617188e+00
2.861644886434078217e-02,-8.379303216934204102e-01
6.607810854911804199e-01,-1.755904793739318848e+00
-2.229077577590942383e+00,-1.456900119781494141e+00
1.884523630142211914e-01,-1.989742994308471680e+00
-7.663659006357192993e-02,-1.001724362373352051e+00
6.368873715400695801e-01,-1.641772985458374023e+00
2.275009639561176300e-02,-9.588878750801086426e-01
8.447367548942565918e-01,-2.330625534057617188e+00
-1.050423264503479004e+00,-1.168828368186950684e+00
9.507273137569427490e-02,-1.954198122024536133e+00
3.648879051208496094e+00,-2.088145494461059570e+00
-6.366868615150451660e-01,-1.066859245300292969e+00
8.698372244834899902e-01,-3.761854469776153564e-01
9.716604948043823242e-01,-3.038553714752197266e+00
1.007445216178894043e+00,-3.178184032440185547e+00
-1.075832843780517578e+00,-1.061058402061462402e+00
1.622823238372802734e+00,-2.979449272155761719e+00
1.165672302246093750e+00,-2.858490228652954102e+00
-1.388891935348510742e+00,-1.077094197273254395e+00
7.151410728693008423e-02,-3.198328733444213867e+00
-6.972550153732299805e-01,-1.312176346778869629e+00
5.891630053520202637e-01,-4.938961267471313477e-01
3.165055751800537109e+00,-1.610708951950073242e+00
9.620774388313293457e-01,-3.303056955337524414e+00
7.669723629951477051e-01,-1.833066821098327637e+00
-2.460338771343231201e-01,-1.628388166427612305e+00
5.786572098731994629e-01,-2.947287559509277344e+00
5.428353548049926758e-01,-3.353895187377929688e+00
7.474051117897033691e-01,-2.918262004852294922e+00
-5.013226032257080078e+00,-2.605597972869873047e+00
-1.519519567489624023e+00,-1.297481298446655273e+00
-1.968974351882934570e+00,-1.277510404586791992e+00
-1.789664387702941895e+00,-1.676887154579162598e+00
-1.963605880737304688e+00,-1.427968025207519531e+00
-5.339787602424621582e-01,-1.365937352180480957e+00
-1.048114061355590820e+00,-1.234227538108825684e+00
2.028891146183013916e-01,-9.382259249687194824e-01
7.411284446716308594e-01,-1.701579570770263672e+00
3.759517431259155273e+00,-1.927694320678710938e+00
-1.279409527778625488e+00,-1.816336870193481445e+00
-5.424253940582275391e-01,-1.260344743728637695e+00
-3.938029289245605469e+00,-2.102522850036621094e+00
2.150016069412231445e+00,-7.442863583564758301e-01
-7.517197728157043457e-01,-1.337650299072265625e+00
-7.901342511177062988e-01,-8.557582497596740723e-01
3.925332427024841309e-01,-3.218960285186767578e+00
-3.643956780433654785e-02,-6.256986856460571289e-01
-6.846847534179687500e-01,-1.331702351570129395e+00
6.178961396217346191e-01,-1.605904579162597656e+00
9.733530133962631226e-02,-7.191945612430572510e-02
1.904926896095275879e-01,-7.046394348144531250e-01
-2.208545804023742676e-01,-1.846079945564270020e+00
1.130054831504821777e+00,-3.242928028106689453e+00
3.330567598342895508e+00,-1.826454281806945801e+00
1.288628458976745605e+00,-2.543223619461059570e+00
-3.460613787174224854e-01,-1.280379652976989746e+00
-6.023474335670471191e-01,-1.189385175704956055e+00
-8.553918004035949707e-01,-1.440982103347778320e+00
-1.322299957275390625e+00,-5.102411508560180664e-01
-5.238628983497619629e-01,-3.389083862304687500e+00
-7.115742564201354980e-01,-1.547930717468261719e+00
-5.433303713798522949e-01,-1.100552439689636230e+00
1.480565667152404785e+00,-2.977036476135253906e+00
2.676953747868537903e-02,-9.113412499427795410e-01
-3.931418418884277344e+00,-2.260006904602050781e+00
-1.168542385101318359e+00,-9.606742262840270996e-01
-7.203696370124816895e-01,-1.158677935600280762e+00
-1.375326156616210938e+00,-1.047966599464416504e+00
5.093454122543334961e-01,-3.000834465026855469e+00
-1.348608732223510742e+00,-1.263762354850769043e+00
6.128543019294738770e-01,-1.754871726036071777e+00
-1.059408411383628845e-01,-1.948808312416076660e+00
6.951227784156799316e-03,-9.262822270393371582e-01
3.330567598342895508e+00,-1.826454281806945801e+00
7.073666453361511230e-01,-2.311449050903320312e+00
-1.069285944104194641e-01,-8.044984936714172363e-01
-1.358591914176940918e+00,-8.013567328453063965e-01
8.397171497344970703e-01,-2.946327924728393555e+00
-8.085293322801589966e-02,-7.992066144943237305e-01
-5.878202915191650391e-01,-1.017808556556701660e+00
-7.575680613517761230e-01,-1.148951530456542969e+00
1.134532809257507324e+00,-2.858514547348022461e+00
-3.038502037525177002e-01,-1.453609824180603027e+00
8.904878497123718262e-01,-3.174825429916381836e+00
-1.968225836753845215e+00,-2.732498407363891602e+00
3.545871675014495850e-01,-2.386316537857055664e+00
-9.808731675148010254e-01,-1.314965486526489258e+00
2.608813643455505371e-01,-8.681545853614807129e-01
9.447903931140899658e-02,-9.528995752334594727e-01
-5.226447582244873047e-01,-3.446160316467285156e+00
1.337802052497863770e+00,-2.382512569427490234e+00
-1.150516629219055176e+00,-9.383686780929565430e-01
-7.122544646263122559e-01,-1.527963757514953613e+00
-1.635276675224304199e+00,-1.303120374679565430e+00
1.761061310768127441e+00,-3.003120422363281250e+00
-3.123309612274169922e-01,-1.468387007713317871e+00
-1.545953631401062012e+00,-5.107857584953308105e-01
6.729975342750549316e-01,-5.683630704879760742e-01
3.617431521415710449e-01,-2.059173583984375000e+00
1.899115145206451416e-01,-9.133089184761047363e-01
-2.952342629432678223e-01,-9.045764207839965820e-01
1.390541434288024902e+00,-3.036675453186035156e+00
7.259660959243774414e-02,-9.316220879554748535e-01
5.943006277084350586e-01,-1.770783424377441406e+00
-2.106732368469238281e+00,-3.758405923843383789e+00
1.757224798202514648e-01,-9.414523243904113770e-01
6.818104386329650879e-01,-3.058538675308227539e+00
-1.257310748100280762e+00,-8.576602339744567871e-01
-5.665661692619323730e-01,-1.810822248458862305e+00
-1.123412966728210449e+00,-9.539834260940551758e-01
1.703098416328430176e-01,-1.705548048019409180e+00
-7.033461928367614746e-01,-1.226465225219726562e+00
-1.141632199287414551e+00,-2.244420528411865234e+00
7.650240063667297363e-01,-2.477002620697021484e+00
1.680101275444030762e+00,-3.509643554687500000e+00
2.414223194122314453e+00,-2.266918897628784180e+00
-6.732946038246154785e-01,-1.319006443023681641e+00
-2.453867673873901367e+00,-1.576958298683166504e+00
1.597186028957366943e-01,-1.949219703674316406e+00
4.978293478488922119e-01,-2.969870805740356445e+00
-8.758758902549743652e-01,-2.002253532409667969e+00
-2.826212942600250244e-01,-3.282122373580932617e+00
-4.451556205749511719e-01,-1.056484103202819824e+00
4.746946990489959717e-01,-3.302744865417480469e+00
-2.832712650299072266e+00,-1.380811095237731934e+00
5.302440524101257324e-01,-3.198843002319335938e+00
-1.302449226379394531e+00,-1.380160093307495117e+00
-4.321039021015167236e-01,-2.731023550033569336e+00
-1.452349781990051270e+00,-1.301324963569641113e+00
-1.462201118469238281e+00,-1.002254128456115723e+00
-5.545027256011962891e-01,-1.142769694328308105e+00
-1.167868852615356445e+00,-1.083405971527099609e+00
5.439273715019226074e-01,-1.356556296348571777e+00
-1.099074602127075195e+00,-2.087141513824462891e+00
-5.327512025833129883e-01,-2.400707244873046875e+00
9.733530133962631226e-02,-7.191945612430572510e-02
6.743602454662322998e-02,-7.418633699417114258e-01
-2.269544899463653564e-01,-3.062832117080688477e+00
1.124000787734985352e+00,-2.029854297637939453e+00
-1.215063929557800293e+00,-1.008479237556457520e+00
7.151410728693008423e-02,-3.198328733444213867e+00
4.751216471195220947e-01,-2.435142517089843750e+00
-2.597766369581222534e-02,-1.092680573463439941e+00
7.941688299179077148e-01,-3.699860274791717529e-01
-9.499204754829406738e-01,-8.666223883628845215e-01
3.269791603088378906e-01,-3.447886109352111816e-01
-1.875028371810913086e+00,-1.632995963096618652e+00
5.563830137252807617e-01,-1.990732550621032715e+00
-7.693405747413635254e-01,-1.177854537963867188e+00
6.767746806144714355e-01,-1.617822885513305664e+00
-3.753415107727050781e+00,-2.198230028152465820e+00
-6.330703198909759521e-02,-8.262297511100769043e-01
-9.810510277748107910e-01,-1.556792378425598145e+00
-5.238628983497619629e-01,-3.389083862304687500e+00
6.287847757339477539e-01,-3.139534950256347656e+00
-1.025231361389160156e+00,-3.328534841537475586e+00
2.437980175018310547e-01,-2.488832235336303711e+00
-1.699674725532531738e-01,-2.653654575347900391e+00
1.671334505081176758e+00,-3.100381374359130859e+00
-1.271125078201293945e+00,-7.305355668067932129e-01
3.707595765590667725e-01,-8.688032031059265137e-01
-5.172876715660095215e-01,-1.274791955947875977e-01
-2.033566236495971680e-01,-1.064295530319213867e+00
1.861758470535278320e+00,-4.305920302867889404e-01
7.103101611137390137e-01,-2.690122842788696289e+00
8.397171497344970703e-01,-2.946327924728393555e+00
-2.315721288323402405e-02,-3.111721277236938477e-01
-9.499989449977874756e-03,-3.447999715805053711e+00
-3.350905478000640869e-01,-1.127780079841613770e+00
1.642137765884399414e+00,-3.161501884460449219e+00
-9.690924286842346191e-01,-1.287646055221557617e+00
1.701932072639465332e+00,-3.042178392410278320e+00
-1.460767507553100586e+00,-8.511167168617248535e-01
-7.029689550399780273e-01,-1.318959116935729980e+00
-6.886137723922729492e-01,-2.202045917510986328e+00
-6.289224028587341309e-01,-1.318246006965637207e+00
4.249944686889648438e-01,-1.200590968132019043e+00
2.445628345012664795e-01,-8.990907073020935059e-01
7.671029865741729736e-02,-7.546505928039550781e-01
-6.879109144210815430e-01,-3.084830343723297119e-01
9.843842685222625732e-02,-9.232312440872192383e-01
-2.031309366226196289e+00,-1.566921114921569824e+00
1.176002323627471924e-01,-3.567431271076202393e-01
1.597186028957366943e-01,-1.949219703674316406e+00
-6.562746763229370117e-01,-1.100548744201660156e+00
-1.079993605613708496e+00,-1.205900669097900391e+00
9.237190485000610352e-01,-3.044933319091796875e+00
-7.793183326721191406e-01,-1.299838900566101074e+00
-7.500724196434020996e-01,-1.319884061813354492e+00
-2.237498462200164795e-01,-3.315852642059326172e+00
-7.867125868797302246e-01,-1.481470584869384766e+00
1.654553771018981934e+00,-2.874895095825195312e+00
-3.780828714370727539e-01,-1.302951335906982422e+00
6.009864807128906250e-01,-1.723458409309387207e+00
1.525152027606964111e-01,-6.386508941650390625e-01
6.427617073059082031e-01,-1.607487082481384277e+00
-6.886137723922729492e-01,-2.202045917510986328e+00
4.752945601940155029e-01,-2.756554126739501953e+00
-6.290272474288940430e-01,-1.618483066558837891e+00
-1.357053041458129883e+00,1.188080534338951111e-01
-1.780401349067687988e+00,-1.098217844963073730e+00
-7.228117585182189941e-01,-1.047423839569091797e+00
-1.214710712432861328e+00,-1.557521939277648926e+00
8.047353625297546387e-01,-2.926234483718872070e+00
-1.147943019866943359e+00,-1.092326760292053223e+00
1.061563134193420410e+00,-3.126752614974975586e+00
9.902637004852294922e-01,-3.248528957366943359e+00
8.696452975273132324e-01,-2.508831977844238281e+00
-1.668052196502685547e+00,-4.399921596050262451e-01
1.827765941619873047e+00,-1.804754495620727539e+00
1.819590210914611816e+00,-2.293673038482666016e+00
6.607810854911804199e-01,-1.755904793739318848e+00
-3.347964882850646973e-01,-1.132191181182861328e+00
8.966342359781265259e-02,-2.496894359588623047e+00
2.451823838055133820e-02,-8.124800324440002441e-01
-2.418085575103759766e+00,-1.335895061492919922e+00
