-3.238346338272094727e+00,-3.050080537796020508e+00
1.027514934539794922e+00,-3.340953588485717773e+00
-2.626617252826690674e-01,1.522301137447357178e-01
-1.280089169740676880e-01,6.480010747909545898e-01
1.182274580001831055e+00,-1.765854954719543457e+00
-4.740055203437805176e-01,4.413165450096130371e-01
-2.385631561279296875e+00,-2.616032123565673828e+00
-3.809929609298706055e+00,1.031562566757202148e+00
2.075778007507324219e+00,-5.587051510810852051e-01
3.381885290145874023e+00,-1.705998182296752930e+00
-3.322134912014007568e-01,2.346240282058715820e-01
3.979240179061889648e+00,-9.454109191894531250e+00
2.587106943130493164e+00,-2.627110481262207031e+00
5.286934375762939453e-01,-2.445870637893676758e+00
-4.638279378414154053e-01,6.239847540855407715e-01
-1.657004594802856445e+00,-1.873515397310256958e-01
1.131782233715057373e-01,-3.573277592658996582e-02
-4.453589320182800293e-01,-1.604884147644042969e+00
1.153881251811981201e-01,-2.984570980072021484e+00
-4.213284015655517578e+00,-2.851452350616455078e+00
-8.041232228279113770e-01,-1.640921831130981445e+00
2.409320354461669922e+00,-4.513457775115966797e+00
-9.496501684188842773e-01,-1.729724287986755371e+00
1.785988211631774902e+00,-5.874648690223693848e-01
-4.533884048461914062e+00,-5.937591075897216797e+00
-8.420252799987792969e+00,6.944534301757812500e+00
3.005526304244995117e+00,-5.022364139556884766e+00
-4.739404618740081787e-01,2.068646550178527832e-01
-2.038268804550170898e+00,-6.219464540481567383e-01
4.099335074424743652e-01,-2.325101613998413086e+00
-8.653250336647033691e-02,-3.218698740005493164e+00
1.038679957389831543e+00,1.232925415039062500e+00
-8.040930628776550293e-01,-2.423415660858154297e+00
-4.728198051452636719e-01,3.392687141895294189e-01
-2.874943494796752930e+00,-3.650387048721313477e+00
5.289133787155151367e-01,7.328536510467529297e-01
4.257056117057800293e-01,-2.268055915832519531e+00
-1.695496320724487305e+00,2.904497087001800537e-01
2.643388748168945312e+00,-3.566915273666381836e+00
3.387277126312255859e-01,-2.133854389190673828e+00
2.693249464035034180e+00,-3.896430015563964844e+00
1.168323457241058350e-01,-6.840901449322700500e-03
-2.661601543426513672e+00,-1.886359453201293945e+00
3.900176763534545898e+00,-3.235829591751098633e+00
-6.451582908630371094e-01,-2.418713092803955078e+00
-4.747988700866699219e+00,-6.457433223724365234e+00
4.386345446109771729e-01,-2.221066474914550781e+00
-3.692682743072509766e+00,-7.121781110763549805e-01
2.914809465408325195e+00,-3.005223572254180908e-01
-4.335566997528076172e+00,-1.818322658538818359e+00
-3.763386607170104980e-02,-2.261633396148681641e+00
-2.274194240570068359e+00,-1.433012127876281738e+00
1.130524277687072754e+00,-3.680535554885864258e+00
9.466949701309204102e-01,1.241023302078247070e+00
4.607601836323738098e-02,-4.646847724914550781e+00
2.843725204467773438e+00,-2.987885236740112305e+00
4.677563905715942383e-01,-3.291919469833374023e+00
-5.781431496143341064e-02,-2.666267395019531250e+00
1.329558640718460083e-01,-1.013317465782165527e+00
-2.420511007308959961e+00,-3.242761135101318359e+00
-1.517688274383544922e+00,-1.538010686635971069e-01
-5.516085624694824219e-01,-3.095997333526611328e+00
2.415216341614723206e-02,9.388501048088073730e-01
-7.117157578468322754e-01,4.480000436305999756e-01
9.854296445846557617e-01,-7.568902969360351562e-01
-6.521340847015380859e+00,4.062671959400177002e-01
-6.857264041900634766e-01,1.803011298179626465e-01
-4.671864509582519531e+00,-2.367689609527587891e+00
-4.735857963562011719e+00,-5.271646976470947266e+00
-1.886203765869140625e+00,-1.850224137306213379e+00
9.890596866607666016e-01,-3.498872280120849609e+00
3.866256773471832275e-01,-2.869644880294799805e+00
9.629306197166442871e-02,-2.903714895248413086e+00
2.538349032402038574e-01,-5.164234638214111328e-01
2.693249464035034180e+00,-3.896430015563964844e+00
5.078005790710449219e+00,-2.274694681167602539e+00
-4.200046658515930176e-01,-3.549353361129760742e+00
-2.635615468025207520e-01,4.808554351329803467e-01
-1.429766297340393066e+00,5.813280493021011353e-02
-1.063678503036499023e+00,-2.193655490875244141e+00
-6.282494068145751953e-01,-1.404023647308349609e+00
5.433293342590332031e+00,-4.783463478088378906e+00
5.310853719711303711e-01,8.997202515602111816e-01
4.215697765350341797e+00,-5.287832736968994141e+00
-3.739659309387207031e+00,-2.219280481338500977e+00
-7.490468025207519531e-01,5.497115850448608398e-02
-2.192481040954589844e+00,-4.589004814624786377e-01
-1.171784698963165283e-01,-1.174602031707763672e+00
-1.067858338356018066e+00,1.638093441724777222e-01
-3.591327071189880371e-01,3.192212283611297607e-01
-5.534052848815917969e-01,-4.126996040344238281e+00
-3.109056353569030762e-01,-2.435552597045898438e+00
-3.265214443206787109e+00,-2.568867921829223633e+00
-6.869480013847351074e-01,-3.276320934295654297e+00
-1.214422345161437988e+00,-4.244883358478546143e-01
-1.507196617126464844e+01,1.914800167083740234e+00
-2.601879119873046875e+00,-1.714027166366577148e+00
1.133136034011840820e+00,-3.972936391830444336e+00
4.435328006744384766e+00,-3.492088794708251953e+00
-4.222639560699462891e+00,-2.425489425659179688e+00
-1.546710729598999023e-01,-6.071059703826904297e-01
1.608495116233825684e+00,-4.504708290100097656e+00
-9.293516159057617188e+00,4.863096773624420166e-02
1.221996188163757324e+00,-3.984613180160522461e+00
8.667351305484771729e-02,-1.365523338317871094e+00
-7.029710710048675537e-02,1.028934597969055176e+00
-9.967884421348571777e-01,-2.105492591857910156e+00
2.117410421371459961e+00,-1.093306303024291992e+00
4.359953105449676514e-01,-2.976944208145141602e+00
-2.441322565078735352e+00,-6.242437362670898438e-01
-1.205888748168945312e+01,7.052389979362487793e-01
-1.551530599594116211e+00,-7.150288820266723633e-01
-1.066958755254745483e-01,-3.030479907989501953e+00
4.437716960906982422e+00,-2.349946975708007812e+00
-6.435123682022094727e-01,-2.603188753128051758e+00
-3.546738862991333008e+00,-2.844382286071777344e+00
-4.815501868724822998e-01,-6.402678489685058594e-01
-3.016923904418945312e+00,-3.936408042907714844e+00
-5.659979581832885742e-01,-5.166037082672119141e-01
-4.669307231903076172e+00,-2.936283111572265625e+00
2.747116386890411377e-01,-1.536357522010803223e+00
-3.000385522842407227e+00,3.227858304977416992e+00
-3.848689794540405273e-01,3.320508897304534912e-01
3.414741039276123047e+00,-2.334003925323486328e+00
-1.010963082313537598e+00,-1.307006478309631348e+00
1.765972375869750977e+00,-3.965072870254516602e+00
-1.484623432159423828e+00,-5.369306802749633789e-01
6.997846126556396484e+00,2.966334819793701172e+00
-2.626635074615478516e+00,4.525740742683410645e-01
-8.499274849891662598e-01,-8.602385520935058594e-01
3.434687137603759766e+00,-2.877252101898193359e+00
-8.350806236267089844e-01,2.344401925802230835e-01
-1.934880495071411133e+00,-3.696250677108764648e+00
1.231661558151245117e+00,4.075511693954467773e-01
-1.807674407958984375e+00,-1.321383833885192871e+00
-1.022318363189697266e+01,-4.266399860382080078e+00
1.157351374626159668e+00,-4.142479896545410156e-01
-1.142447829246520996e+00,-4.669017195701599121e-01
4.579421043395996094e+00,-2.147237539291381836e+00
1.314617633819580078e+00,1.966713428497314453e+00
-1.184109002351760864e-01,2.862591743469238281e-01
-3.739659309387207031e+00,-2.219280481338500977e+00
-1.407462000846862793e+00,3.442813873291015625e+00
-5.626505017280578613e-01,-3.262310922145843506e-01
-9.933120727539062500e+00,5.417581081390380859e+00
1.168323457241058350e-01,-6.840901449322700500e-03
4.943893551826477051e-01,-1.663563251495361328e-01
-3.322134912014007568e-01,2.346240282058715820e-01
-1.980011463165283203e-01,2.436563819646835327e-01
4.449633955955505371e-01,-4.744169235229492188e+00
3.202975749969482422e+00,-4.782715320587158203e+00
1.868998706340789795e-01,-1.470539927482604980e+00
-2.040053367614746094e+00,-8.990768790245056152e-01
8.995178341865539551e-01,-1.970406651496887207e+00
-2.814487218856811523e-01,1.965983062982559204e-01
4.644944146275520325e-02,-1.240049079060554504e-01
-9.440490007400512695e-01,-4.882726192474365234e+00
5.678275823593139648e-01,7.571682929992675781e-01
-5.804271221160888672e+00,-1.683451414108276367e+00
-3.829561948776245117e+00,-4.597866058349609375e+00
-8.764546394348144531e+00,-1.767334699630737305e+00
-1.994289755821228027e+00,-1.071032762527465820e+00
4.391687870025634766e+00,-5.058851242065429688e+00
-5.046416521072387695e-01,-4.488207697868347168e-01
9.035153388977050781e-01,-3.546124696731567383e-01
-1.311066865921020508e+00,-1.666484832763671875e+00
2.463357746601104736e-01,-2.728616476058959961e+00
-5.436520576477050781e-01,6.653915643692016602e-01
-3.175662517547607422e+00,-3.093426465988159180e+00
-4.409122943878173828e+00,5.406551957130432129e-01
-9.923968464136123657e-03,-1.507254689931869507e-01
-2.060106039047241211e+00,-3.653255939483642578e+00
1.133339285850524902e+00,-8.224708557128906250e+00
-1.703303337097167969e+00,-4.070183753967285156e+00
8.544622063636779785e-01,-1.478409886360168457e+00
5.187816619873046875e+00,-2.962781906127929688e+00
-2.848565101623535156e+00,-1.934612512588500977e+00
6.883491277694702148e-01,-5.199297428131103516e+00
2.538349032402038574e-01,-5.164234638214111328e-01
-5.736673831939697266e+00,2.331329822540283203e+00
-7.143055200576782227e-01,-7.531587481498718262e-01
-8.089950084686279297e-01,2.069823145866394043e-01
-5.629664286971092224e-02,-1.990992188453674316e+00
8.038512468338012695e-01,-3.780379533767700195e+00
-1.049755692481994629e+00,5.840620994567871094e-01
2.438777685165405273e+00,1.002444505691528320e+00
2.354874849319458008e+00,-9.370744824409484863e-01
7.764313817024230957e-01,7.991127371788024902e-01
-4.050766527652740479e-01,1.807158887386322021e-01
-1.166301131248474121e+00,5.580635666847229004e-01
1.209850907325744629e+00,-6.808157563209533691e-01
1.898395299911499023e+00,-2.075299501419067383e+00
-1.990551233291625977e+00,-1.994340062141418457e+00
-1.178188443183898926e+00,-3.865271091461181641e+00
-1.178188443183898926e+00,-3.865271091461181641e+00
4.691682457923889160e-01,7.800916433334350586e-01
1.290850520133972168e+00,-3.501044034957885742e+00
2.177610874176025391e+00,-4.893960475921630859e+00
8.255427479743957520e-01,-5.937536358833312988e-01
2.253798723220825195e+00,-3.260433673858642578e+00
1.063259840011596680e+00,-2.410395622253417969e+00
-3.728886127471923828e+00,2.389090806245803833e-01
-2.641922235488891602e-01,2.514844834804534912e-01
-1.366617774963378906e+01,-2.244601726531982422e+00
-2.465170383453369141e+00,-3.385462164878845215e-01
-1.564918637275695801e+00,-4.602793693542480469e+00
-3.161743879318237305e-01,4.159342497587203979e-02
3.218609809875488281e+00,-2.074768781661987305e+00
1.167086362838745117e+00,1.157137751579284668e+00
-1.147087693214416504e+00,1.467055201530456543e+00
-1.227444887161254883e+00,1.844900548458099365e-01
-1.090831160545349121e+00,-1.333347260951995850e-01
5.195859670639038086e-01,-4.042193889617919922e+00
-8.722903132438659668e-01,-2.260013103485107422e+00
6.239283680915832520e-01,-1.210654854774475098e+00
-2.787360906600952148e+00,-2.933798074722290039e+00
1.229561418294906616e-01,-9.074105024337768555e-01
-2.491102218627929688e+00,-3.427940845489501953e+00
-6.577144265174865723e-01,-2.968608856201171875e+00
4.994926929473876953e+00,-5.385609149932861328e+00
3.110762357711791992e+00,-3.491765737533569336e+00
-1.907025218009948730e+00,-1.256367087364196777e+00
-2.955876290798187256e-02,-6.798684597015380859e-01
4.226735830307006836e-01,-4.758104801177978516e+00
-1.890786528587341309e+00,-5.550615787506103516e+00
5.270254239439964294e-02,-2.794958353042602539e+00
1.451026648283004761e-02,8.840300142765045166e-02
-6.691493988037109375e+00,8.452406883239746094e+00
-7.019032835960388184e-01,-5.567311644554138184e-01
4.350052475929260254e-01,-2.991344213485717773e+00
-5.711776018142700195e-01,-1.823149621486663818e-01
4.947588443756103516e+00,-9.551952362060546875e+00
-1.160693407058715820e+00,-5.467338562011718750e-01
1.120010256767272949e+00,-4.499875605106353760e-01
-2.101911783218383789e+00,-9.104987978935241699e-01
-1.370270550251007080e-01,-1.433938741683959961e+00
-6.843864917755126953e-01,-1.023845195770263672e+00
1.039418578147888184e+00,-4.268459320068359375e+00
-8.869987130165100098e-01,6.316626667976379395e-01
-1.058472394943237305e+00,-2.760290503501892090e-01
-1.435158491134643555e+00,1.977472603321075439e-01
-7.443984746932983398e-01,2.997116148471832275e-01
-1.121676683425903320e+00,1.786628961563110352e-01
1.738236665725708008e+00,-2.950485706329345703e+00
8.442232608795166016e-01,9.688469022512435913e-02
-3.498522043228149414e+00,2.490497827529907227e+00
-6.943167448043823242e-01,2.473195642232894897e-01
4.870635867118835449e-01,-1.848017215728759766e+00
8.080478310585021973e-01,7.609540224075317383e-01
2.927496433258056641e+00,-3.306246519088745117e+00
-1.214930176734924316e+00,1.265047043561935425e-01
-7.627897858619689941e-01,3.116614818572998047e-01
-4.050766527652740479e-01,1.807158887386322021e-01
2.433942556381225586e+00,-1.027112483978271484e+00
2.676472902297973633e+00,-2.951682567596435547e+00
-5.080013871192932129e-01,1.640403866767883301e-01
2.338650226593017578e+00,1.066586613655090332e+00
-1.408932328224182129e+00,-3.496896624565124512e-01
-2.883956134319305420e-01,5.634371638298034668e-01
-4.657341480255126953e+00,-3.875076055526733398e+00
-2.184475183486938477e+00,-3.172199487686157227e+00
-1.361580938100814819e-01,2.700516879558563232e-01
-1.606884241104125977e+00,-3.341084957122802734e+00
-3.108127415180206299e-01,5.370523333549499512e-01
-6.090298175811767578e+00,-3.335451602935791016e+00
4.415830373764038086e-01,-8.109523653984069824e-01
2.942130804061889648e+00,-1.766532540321350098e+00
-3.375417292118072510e-01,2.717036008834838867e-01
-9.890601038932800293e-02,-2.432314634323120117e+00
6.130848526954650879e-01,-3.125510215759277344e+00
1.603646636009216309e+00,-7.437635898590087891e+00
3.286618709564208984e+00,-1.082471966743469238e+00
5.730852603912353516e+00,-3.130214214324951172e+00
-3.652653694152832031e-01,2.534512281417846680e-01
-2.717190980911254883e+00,-2.984714031219482422e+00
3.517899811267852783e-01,-2.473811149597167969e+00
8.314064025878906250e+00,-4.987279891967773438e+00
-2.262516975402832031e+00,-1.833844184875488281e+00
-1.009853482246398926e+00,3.906684815883636475e-01
-4.942991435527801514e-01,-5.457496643066406250e-01
2.124218702316284180e+00,-1.693504214286804199e+00
-7.501515746116638184e-01,2.635617852210998535e-01
2.855965614318847656e+00,-1.143659710884094238e+00
2.132621765136718750e+00,-2.603956699371337891e+00
6.050475239753723145e-01,-3.523254394531250000e+00
-1.548099756240844727e+00,-2.277053594589233398e+00
-4.905865788459777832e-01,-1.487544894218444824e+00
-2.103083729743957520e-01,-3.438516378402709961e+00
7.620684504508972168e-01,1.160918951034545898e+00
-4.299507141113281250e-01,-1.034018769860267639e-01
1.770471692085266113e+00,-3.851564645767211914e+00
-3.347615480422973633e+00,-2.525488138198852539e+00
2.262611389160156250e-01,-3.230412721633911133e+00
-4.011886119842529297e+00,-6.113643646240234375e+00
-3.092731535434722900e-01,4.164535105228424072e-01
5.995520353317260742e-01,-6.471680402755737305e-01
6.751759648323059082e-01,-4.137836933135986328e+00
-2.154751300811767578e+00,8.966364860534667969e-01
3.121107578277587891e+00,-5.787321090698242188e+00
1.532543778419494629e+00,-2.022332996129989624e-01
3.559393644332885742e+00,-4.349093914031982422e+00
-2.124101877212524414e+00,-1.096486330032348633e+00
2.694410562515258789e+00,-4.233420848846435547e+00
-5.600750446319580078e-03,-2.649993896484375000e-01
3.685418367385864258e-01,-3.143722772598266602e+00
-5.517427921295166016e-01,4.498999416828155518e-01
-1.025537967681884766e+00,-4.923722743988037109e+00
-9.554789960384368896e-02,-1.588514924049377441e+00
1.939712017774581909e-01,-2.121945768594741821e-01
-1.617817208170890808e-02,-8.399989604949951172e-01
6.860129535198211670e-02,-1.884065389633178711e+00
1.280890256166458130e-01,-1.583082824945449829e-01
4.451744258403778076e-03,1.400139331817626953e-01
-3.656780958175659180e+00,-6.331458091735839844e+00
-2.242681980133056641e-01,2.370661944150924683e-01
-5.556393146514892578e+00,3.855262100696563721e-01
3.225502014160156250e+00,-3.824872970581054688e+00
1.179142475128173828e+00,-1.750793218612670898e+00
5.408051013946533203e-01,-2.655104398727416992e+00
-5.042735576629638672e+00,-2.693620443344116211e+00
5.320620536804199219e-01,-2.415468215942382812e+00
-4.045726299285888672e+00,-2.315288782119750977e+00
-1.334104657173156738e+00,4.529075920581817627e-01
3.702509641647338867e+00,8.104103207588195801e-01
2.495970249176025391e+00,-1.510412216186523438e+00
4.206338524818420410e-01,-3.055226564407348633e+00
8.004295229911804199e-01,-3.934474661946296692e-03
-5.256619930267333984e+00,-1.063442826271057129e+00
-4.318106174468994141e-01,-1.690403819084167480e+00
-3.130014896392822266e+00,-1.952960252761840820e+00
-1.861436724662780762e+00,-2.439849615097045898e+00
-1.572672605514526367e+00,5.505781769752502441e-01
6.201980113983154297e-01,1.081529140472412109e+00
-8.040930628776550293e-01,-2.423415660858154297e+00
-3.468427896499633789e+00,6.091355681419372559e-01
1.234833955764770508e+00,-3.591584682464599609e+00
-8.070988655090332031e+00,-1.415476560592651367e+00
-5.936197042465209961e-01,3.758995234966278076e-01
2.323870420455932617e+00,-5.914381146430969238e-01
6.077712774276733398e-01,-6.961088776588439941e-01
-1.966664886474609375e+01,3.662516117095947266e+00
-1.002284288406372070e+00,3.750900030136108398e-01
4.326395392417907715e-01,-2.893929719924926758e+00
-3.884544670581817627e-01,3.447535336017608643e-01
-1.519175618886947632e-01,2.053280323743820190e-01
4.285154819488525391e+00,-3.140208423137664795e-01
1.055333375930786133e+00,-6.881389021873474121e-01
-2.131399154663085938e+00,2.879250526428222656e+00
2.407739639282226562e+00,-2.354840755462646484e+00
2.259245872497558594e+00,5.664656758308410645e-01
-3.451264858245849609e+00,-2.520743608474731445e+00
-6.455197334289550781e-01,-4.976053833961486816e-01
6.879135370254516602e-01,-5.114967375993728638e-02
-3.730454444885253906e-01,-2.937956809997558594e+00
-1.753766179084777832e+00,8.394373059272766113e-01
-1.065484142303466797e+01,-1.155180454254150391e+00
-3.575443983078002930e+00,-3.642627716064453125e+00
-5.836834311485290527e-01,-1.375777125358581543e+00
1.444479823112487793e+00,-2.014213323593139648e+00
3.215170860290527344e+00,4.902361929416656494e-01
1.991037964820861816e+00,-3.333016157150268555e+00
8.314064025878906250e+00,-4.987279891967773438e+00
6.383064389228820801e-01,-1.575894951820373535e+00
-1.443664580583572388e-01,-1.462629199028015137e+00
1.028829216957092285e+00,-4.381393432617187500e+00
-3.697486162185668945e+00,-2.825577497482299805e+00
-1.055051311850547791e-01,2.383996099233627319e-01
2.759757995605468750e+00,-2.305399894714355469e+00
3.053302764892578125e-01,-7.851362228393554688e-01
-9.622142910957336426e-01,-7.281503081321716309e-02
-2.839239597320556641e+00,3.825633764266967773e+00
-1.218132138252258301e+00,-3.422775030136108398e+00
4.326395392417907715e-01,-2.893929719924926758e+00
8.147899806499481201e-02,-2.842514514923095703e+00
-6.326347351074218750e+00,-7.497572898864746094e-01
-6.491377830505371094e+00,-1.207884922623634338e-01
-5.526680946350097656e-01,2.444531619548797607e-01
9.704682826995849609e-01,-3.643055915832519531e+00
-1.088733673095703125e-01,-1.279282331466674805e+00
-1.230399608612060547e+00,-4.623529016971588135e-01
-6.079728126525878906e+00,-1.632172942161560059e+00
-4.955258667469024658e-01,4.918078482151031494e-01
1.713474392890930176e+00,1.391669034957885742e+00
-2.297116219997406006e-01,2.499137371778488159e-01
9.854296445846557617e-01,-7.568902969360351562e-01
-9.564968347549438477e-01,-9.921117424964904785e-01
-9.569702148437500000e-01,5.272960066795349121e-01
2.386543750762939453e-01,-3.059478700160980225e-01
-1.639852404594421387e+00,-5.153938770294189453e+00
3.683603048324584961e+00,-2.166833400726318359e+00
-2.427482604980468750e+00,-3.051595449447631836e+00
6.982069611549377441e-01,-7.563857078552246094e+00
-3.268987417221069336e+00,-2.725850105285644531e+00
1.788228511810302734e+00,-3.664059638977050781e-01
5.714177489280700684e-01,5.289600789546966553e-02
-1.314303129911422729e-01,-3.662597894668579102e+00
-5.619098544120788574e-01,-1.176494717597961426e+00
-3.308600664138793945e+00,-2.370516300201416016e+00
-6.401703357696533203e-01,-1.417535901069641113e+00
7.096878886222839355e-01,-2.518134832382202148e+00
3.895935788750648499e-02,-3.564728796482086182e-02
-1.087581872940063477e+00,-7.286381721496582031e-01
-4.243627190589904785e-01,2.999408245086669922e-01
-2.628615379333496094e+00,2.342737197875976562e+00
-9.473283588886260986e-02,-5.325433254241943359e+00
-2.814487218856811523e-01,1.965983062982559204e-01
-5.599012970924377441e-01,1.060435175895690918e+00
-7.984112501144409180e-01,-2.298533678054809570e+00
-3.414728641510009766e+00,-3.031553268432617188e+00
4.512926042079925537e-01,4.961953759193420410e-01
-1.868438243865966797e+00,-3.204141616821289062e+00
-3.092731535434722900e-01,4.164535105228424072e-01
-1.507196617126464844e+01,1.914800167083740234e+00
-7.133913040161132812e-02,-8.828859031200408936e-02
6.568802356719970703e+00,-2.509317636489868164e+00
-2.904729843139648438e+00,1.420374214649200439e-01
9.667626619338989258e-01,-3.995866060256958008e+00
-2.869886875152587891e+00,-2.706397771835327148e+00
-4.124959707260131836e-01,6.001710891723632812e-01
-9.709429144859313965e-01,-2.553612232208251953e+00
-6.825776100158691406e-01,1.887242943048477173e-01
1.295596480369567871e+00,-8.550246238708496094e+00
-1.550632953643798828e+00,-1.620192050933837891e+00
-3.534512996673583984e+00,1.192940592765808105e+00
3.910491228103637695e+00,-2.521238088607788086e+00
5.245800614356994629e-01,2.102227956056594849e-01
1.020323276519775391e+00,-1.165711402893066406e+00
5.028805255889892578e+00,1.455947518348693848e+00
-1.188516736030578613e+00,-8.272955417633056641e-01
3.614485740661621094e+00,-3.933675885200500488e-01
5.742322802543640137e-01,9.757226705551147461e-01
-3.695261716842651367e+00,-2.971464872360229492e+00
1.296336293220520020e+00,-4.517869472503662109e+00
-1.991604864597320557e-01,3.046250939369201660e-01
2.437134981155395508e+00,-1.904286384582519531e+00
2.480945348739624023e+00,-4.288866519927978516e+00
-5.198193550109863281e+00,-7.511985778808593750e+00
8.530811071395874023e-01,-2.977652788162231445e+00
-6.886116862297058105e-01,2.470494210720062256e-01
-1.100433617830276489e-01,-6.826320886611938477e-01
1.683934211730957031e+00,1.531657814979553223e+00
-6.888330459594726562e+00,-5.561769485473632812e+00
3.734382688999176025e-01,-3.070278652012348175e-02
-2.962440729141235352e+00,-2.362531661987304688e+00
-9.218343496322631836e-01,-4.720963954925537109e+00
2.208206892013549805e+00,-7.878091335296630859e+00
-6.737138628959655762e-01,2.791168093681335449e-01
-5.961220860481262207e-01,1.048350095748901367e+00
9.154655337333679199e-01,1.321018934249877930e+00
-5.537173748016357422e-01,-4.347842633724212646e-01
1.220862746238708496e+00,-1.644512534141540527e+00
-1.086367011070251465e+00,-1.872207522392272949e+00
1.497690320014953613e+00,1.301657110452651978e-01
3.053302764892578125e-01,-7.851362228393554688e-01
-7.169596552848815918e-01,2.315514832735061646e-01
-1.195005655288696289e+00,4.374645650386810303e-01
-3.498697757720947266e+00,-1.746246337890625000e+00
-1.599126756191253662e-01,4.849966764450073242e-01
-2.685616731643676758e+00,-5.228345394134521484e+00
1.381776630878448486e-01,-1.562733888626098633e+00
4.327135562896728516e+00,-5.820060253143310547e+00
-4.555142223834991455e-01,5.893914103507995605e-01
4.337651729583740234e+00,-6.540982723236083984e+00
-8.622228503227233887e-01,-1.036360859870910645e+00
-1.278960466384887695e+00,-4.283275902271270752e-01
1.259500026702880859e+00,7.582787871360778809e-01
-5.243883728981018066e-01,5.436657667160034180e-01
1.043287158012390137e+00,8.077707886695861816e-02
3.142660140991210938e+00,-4.781215190887451172e+00
2.188126564025878906e+00,2.354794502258300781e+00
-3.102894544601440430e+00,-3.653719186782836914e+00
8.267046213150024414e-01,1.305633544921875000e+00
-8.406539559364318848e-01,7.629130482673645020e-01
1.354565858840942383e+00,-5.294374942779541016e+00
9.521690011024475098e-02,2.128289341926574707e-01
-3.364698171615600586e+00,-2.573722839355468750e+00
-3.747940301895141602e+00,-2.648535966873168945e+00
-8.494151234626770020e-01,4.393233060836791992e-01
-6.016153335571289062e+00,-4.169732332229614258e-01
-6.881257891654968262e-01,-1.109348416328430176e+00
-1.058999896049499512e+00,-9.778142720460891724e-02
-3.497572183609008789e+00,-4.950900554656982422e+00
-1.377685964107513428e-01,2.637413442134857178e-01
-1.188856959342956543e+00,-1.389558553695678711e+00
4.435328006744384766e+00,-3.492088794708251953e+00
2.623773574829101562e+00,-2.455063104629516602e+00
6.960725188255310059e-01,-2.130374431610107422e+00
-2.727460622787475586e+00,-1.780978322029113770e+00
-2.471064805984497070e+00,-1.975462794303894043e+00
-7.660552859306335449e-02,2.924642264842987061e-01
3.812659263610839844e+00,-5.147554874420166016e+00
8.341649174690246582e-01,1.632988810539245605e+00
2.154179096221923828e+00,-4.592218399047851562e-01
-6.837007045745849609e+00,-2.530869483947753906e+00
1.643166422843933105e+00,-8.324455022811889648e-01
-1.081889152526855469e+00,4.550572335720062256e-01
2.894048988819122314e-01,-2.534894943237304688e+00
-2.749069213867187500e+00,-2.498177766799926758e+00
2.623773574829101562e+00,-2.455063104629516602e+00
1.371679663658142090e+00,6.700388789176940918e-01
1.267139554023742676e+00,-1.059223413467407227e+00
3.843510627746582031e+00,-4.070322036743164062e+00
-3.398319005966186523e+00,-8.206851005554199219e+00
4.416552066802978516e+00,-1.853097200393676758e+00
6.156620383262634277e-01,7.477540969848632812e-01
1.763108849525451660e+00,1.820585608482360840e+00
1.291506886482238770e+00,1.583096623420715332e+00
-1.420475721359252930e+00,-2.688966393470764160e-01
-1.986172199249267578e+00,-2.976830720901489258e+00
-4.764198511838912964e-02,-1.503459572792053223e+00
-2.274194240570068359e+00,-1.433012127876281738e+00
-7.410554885864257812e-01,-1.818146854639053345e-01
-1.960878968238830566e+00,-9.558262825012207031e-01
-2.479989767074584961e+00,2.686774969100952148e+00
1.402570009231567383e-01,5.383160114288330078e-01
-4.420435130596160889e-01,4.851473271846771240e-01
-3.325978994369506836e+00,2.084341943264007568e-01
-3.316632807254791260e-01,8.808206319808959961e-01
5.705755949020385742e-01,-2.928579092025756836e+00
-1.983801424503326416e-01,1.837320625782012939e-01
-2.782959461212158203e+00,2.487170934677124023e+00
7.467744946479797363e-01,8.525344133377075195e-01
-1.029066085815429688e+00,1.303236603736877441e+00
-2.441322565078735352e+00,-6.242437362670898438e-01
-7.453691959381103516e+00,-6.665216684341430664e-01
3.714427053928375244e-01,-3.969177722930908203e+00
-5.894873142242431641e-01,-3.396001577377319336e+00
8.867643475532531738e-01,2.198578268289566040e-01
1.133015036582946777e+00,-1.705522179603576660e+00
-2.452343404293060303e-01,-1.509981155395507812e+00
-6.012190580368041992e-01,-2.081829786300659180e+00
1.421516299247741699e+00,-9.081452369689941406e+00
-6.084362864494323730e-01,-7.811242938041687012e-01
-3.033167362213134766e+00,-3.716791868209838867e+00
5.742322802543640137e-01,9.757226705551147461e-01
-5.705261826515197754e-01,6.773709654808044434e-01
-2.369718313217163086e+00,-2.857453107833862305e+00
-4.537757039070129395e-01,-3.613309562206268311e-01
-8.610813319683074951e-02,-2.354224771261215210e-01
-5.197994410991668701e-02,4.514986574649810791e-01
9.309165000915527344e+00,3.898986339569091797e+00
3.794078111648559570e+00,-4.793987751007080078e+00
-2.179669857025146484e+00,-2.167726516723632812e+00
-6.558252573013305664e-01,2.191382497549057007e-01
-2.353782415390014648e+00,-1.977626681327819824e+00
4.883369922637939453e+00,-6.593317985534667969e+00
6.050475239753723145e-01,-3.523254394531250000e+00
8.210721611976623535e-02,-1.530828475952148438e-01
-8.923581242561340332e-01,-4.787826538085937500e-01
-1.646311759948730469e+00,-2.782005548477172852e+00
-2.676819860935211182e-01,-1.937935709953308105e+00
6.152820587158203125e-01,-4.451309204101562500e+00
3.517899811267852783e-01,-2.473811149597167969e+00
1.791991591453552246e+00,-2.455194711685180664e+00
1.198872447013854980e+00,-9.381802082061767578e-01
-8.494151234626770020e-01,4.393233060836791992e-01
-2.054836273193359375e+00,-2.950791828334331512e-02
-6.431180000305175781e+00,6.225863456726074219e+00
6.284391880035400391e-02,8.265913724899291992e-01
2.517990350723266602e+00,-9.156208038330078125e-01
-5.475814342498779297e+00,8.196970939636230469e+00
2.062947988510131836e+00,-3.073184967041015625e+00
5.645958781242370605e-01,5.080556273460388184e-01
-1.397576093673706055e+00,5.404272675514221191e-01
-1.122775793075561523e+00,-5.414474010467529297e-02
-4.297623038291931152e-01,-4.128974437713623047e+00
-1.205888748168945312e+01,7.052389979362487793e-01
-7.133992195129394531e+00,-1.291667938232421875e+00
-1.200196981430053711e+00,9.232760071754455566e-01
-2.601879119873046875e+00,-1.714027166366577148e+00
-9.447682499885559082e-01,-9.585806727409362793e-01
-3.888176381587982178e-01,7.878401875495910645e-01
-6.888330459594726562e+00,-5.561769485473632812e+00
1.349711298942565918e+00,-1.151260957121849060e-01
2.530817031860351562e+00,-3.273912906646728516e+00
-4.581624984741210938e+00,-3.105561256408691406e+00
-6.857511401176452637e-01,-1.331592082977294922e+00
-2.731561183929443359e+00,-7.981921672821044922e+00
9.610693454742431641e-01,1.078065156936645508e+00
1.099879980087280273e+00,-5.353203773498535156e+00
3.303030252456665039e+00,-1.754570603370666504e+00
-3.848689794540405273e-01,3.320508897304534912e-01
-3.130676448345184326e-01,-1.301317930221557617e+00
1.559985876083374023e+00,-4.449966907501220703e+00
-2.312648534774780273e+00,-8.958302140235900879e-01
-4.781191349029541016e+00,-2.653340816497802734e+00
5.296185016632080078e-01,-3.731753349304199219e+00
-6.775083541870117188e-01,-1.091379880905151367e+00
-1.588839888572692871e-01,-1.323225378990173340e+00
-2.850180625915527344e+00,-4.955477237701416016e+00
3.754405379295349121e-01,8.513143658638000488e-01
5.405885219573974609e+00,-9.725592613220214844e+00
-6.976816058158874512e-01,1.608591526746749878e-01
-6.454884409904479980e-01,-1.386986255645751953e+00
-7.600371837615966797e-01,1.843467652797698975e-01
-4.409171044826507568e-01,-1.279773235321044922e+00
-1.397576093673706055e+00,5.404272675514221191e-01
6.879135370254516602e-01,-5.114967375993728638e-02
-1.531383156776428223e+00,-1.336068987846374512e+00
4.630511999130249023e-01,5.636078715324401855e-01
2.530817031860351562e+00,-3.273912906646728516e+00
-3.882658004760742188e+00,1.055036298930644989e-02
1.291431665420532227e+00,7.690095305442810059e-01
-5.458581447601318359e-01,-9.548906087875366211e-01
-2.604171037673950195e-01,3.991838917136192322e-02
3.538671731948852539e+00,-4.022939682006835938e+00
-7.443984746932983398e-01,2.997116148471832275e-01
-1.887021899223327637e+00,-6.450575590133666992e-01
6.377958059310913086e-01,-2.503380775451660156e+00
-1.399564146995544434e-01,4.812809526920318604e-01
-1.492677807807922363e+00,1.799730062484741211e-01
-3.764571547508239746e-01,2.549269497394561768e-01
-1.245928645133972168e+00,-3.511946201324462891e+00
-3.517143726348876953e-01,1.554102599620819092e-01
7.764313817024230957e-01,7.991127371788024902e-01
7.788180708885192871e-01,-4.891662120819091797e+00
1.098911836743354797e-02,-1.913235634565353394e-01
3.863916873931884766e+00,4.576330780982971191e-01
-3.060479640960693359e+00,-1.282603025436401367e+00
3.091004133224487305e+00,-1.439571022987365723e+00
-9.194523692131042480e-01,-2.316904783248901367e+00
1.592209100723266602e+00,-2.096418857574462891e+00
1.415157079696655273e+00,1.841865658760070801e+00
1.194847971200942993e-01,1.197978854179382324e-03
9.605991840362548828e-01,-9.777581095695495605e-01
-2.889314889907836914e+00,-1.725540995597839355e+00
-2.973581552505493164e+00,-2.220106601715087891e+00
-1.998195171356201172e+00,8.212346434593200684e-01
7.527938365936279297e+00,-6.598508358001708984e+00
3.111620843410491943e-01,-8.959227055311203003e-02
5.810000896453857422e-01,-1.556782126426696777e+00
-7.029710710048675537e-02,1.028934597969055176e+00
-6.489776611328125000e+00,-7.037543058395385742e-01
-4.545746803283691406e+00,-7.637667655944824219e+00
5.310853719711303711e-01,8.997202515602111816e-01
4.844418525695800781e+00,-1.657134771347045898e+00
-2.920428991317749023e+00,-2.187903881072998047e+00
1.272174596786499023e+00,-3.862563371658325195e+00
-9.707877039909362793e-01,6.130350232124328613e-01
1.234833955764770508e+00,-3.591584682464599609e+00
-2.148992538452148438e+00,2.224000170826911926e-03
2.340637683868408203e+00,-1.025188922882080078e+00
4.912395477294921875e-01,-2.433454275131225586e+00
-6.742108345031738281e+00,5.066091060638427734e+00
-7.718603610992431641e-01,3.965891301631927490e-01
3.022471427917480469e+00,-2.629900693893432617e+00
-1.728523612022399902e+00,1.665741056203842163e-01
-3.196365356445312500e+00,-2.098048180341720581e-01
-4.627950787544250488e-01,3.657361268997192383e-01
3.913397490978240967e-01,-3.700651884078979492e+00
-1.734534502029418945e+00,-4.060445308685302734e+00
-2.061352491378784180e+00,-3.223933935165405273e+00
-1.845037460327148438e+00,-2.973812818527221680e+00
-1.070446148514747620e-02,-1.255457639694213867e+00
-1.535442709922790527e+00,5.386601090431213379e-01
-6.342878341674804688e+00,8.863033726811408997e-03
4.089848041534423828e+00,-1.725357413291931152e+00
-7.370245456695556641e+00,-6.841284751892089844e+00
2.854007184505462646e-01,1.454272679984569550e-02
-1.434934496879577637e+00,-2.925133705139160156e+00
-1.344468593597412109e+00,-3.415775299072265625e-01
6.867694854736328125e-01,-3.969220519065856934e-01
-9.003812670707702637e-01,4.595832824707031250e-01
-2.296743631362915039e+00,-3.043063163757324219e+00
3.614485740661621094e+00,-3.933675885200500488e-01
1.174200534820556641e+00,-9.411046504974365234e-01
1.143995285034179688e+00,3.585687279701232910e-01
3.687177896499633789e+00,-3.430505275726318359e+00
7.253134846687316895e-01,-3.036525726318359375e+00
-3.808310031890869141e+00,-3.038671255111694336e+00
-7.645018100738525391e-01,-7.314524650573730469e-01
-6.691493988037109375e+00,8.452406883239746094e+00
-2.397234737873077393e-01,-1.865786075592041016e+00
-1.131355047225952148e+00,1.758925020694732666e-01
-7.498606443405151367e-01,-3.696563094854354858e-02
2.791645824909210205e-01,1.288151741027832031e-01
-1.245372444391250610e-01,-2.550355434417724609e+00
-1.741961121559143066e+00,-3.504876613616943359e+00
-8.406539559364318848e-01,7.629130482673645020e-01
-1.945343255996704102e+00,-1.769798547029495239e-01
-3.556369066238403320e+00,-2.703999757766723633e+00
-8.474342823028564453e-01,-3.202475309371948242e+00
1.307714819908142090e+00,-4.260437488555908203e+00
1.586547732353210449e+00,-2.294674396514892578e+00
-1.058481931686401367e+00,-1.985800623893737793e+00
2.114406600594520569e-02,7.218091189861297607e-02
-4.177700281143188477e-01,2.872578613460063934e-02
1.335821151733398438e+00,7.934986948966979980e-01
-4.028655529022216797e+00,-2.000689506530761719e+00
8.423656821250915527e-01,-5.650568485260009766e+00
-3.817537784576416016e+00,2.057684421539306641e+00
3.075405955314636230e-01,-2.226453065872192383e+00
-1.223864078521728516e+00,-3.273911178112030029e-01
7.836875319480895996e-02,-1.331577062606811523e+00
1.369599699974060059e+00,-3.400822579860687256e-01
-3.622516393661499023e+00,-3.667496681213378906e+00
5.195859670639038086e-01,-4.042193889617919922e+00
1.286914348602294922e+00,-1.017107486724853516e+00
3.186680078506469727e-01,-6.078577041625976562e+00
-2.755605280399322510e-01,1.996765136718750000e-01
2.134993076324462891e+00,-8.558433532714843750e+00
-5.759646296501159668e-01,1.743120551109313965e-01
1.924450278282165527e+00,-5.027648925781250000e+00
3.169649243354797363e-01,-1.251845240592956543e+00
-1.834498167037963867e+00,-1.293215632438659668e+00
-2.430717945098876953e+00,1.545480340719223022e-01
-2.303254604339599609e-01,7.070586830377578735e-02
-3.024507761001586914e+00,-2.740251064300537109e+00
-1.663588732481002808e-01,2.991227805614471436e-02
3.863916873931884766e+00,4.576330780982971191e-01
4.474279403686523438e+00,-7.053335189819335938e+00
-6.568190455436706543e-01,2.110335975885391235e-01
-2.479608505964279175e-01,-1.032843708992004395e+00
2.716918885707855225e-01,-1.943799614906311035e+00
-7.064336538314819336e-01,-2.439364671707153320e+00
-5.572113394737243652e-01,-7.938002347946166992e-01
1.311549782752990723e+00,-1.724834918975830078e+00
-9.919728636741638184e-01,-7.345281839370727539e-01
9.144029617309570312e-01,-2.242777347564697266e+00
1.917650818824768066e+00,-2.503892898559570312e+00
-1.062822699546813965e+00,-1.167572379112243652e+00
-1.116307377815246582e+00,1.079959943890571594e-01
-1.497005224227905273e-01,3.504647612571716309e-01
-6.458297371864318848e-01,-9.950214028358459473e-01
-1.759443521499633789e+00,-1.540589332580566406e+00
3.890767395496368408e-01,-4.148018360137939453e+00
-2.181857347488403320e+00,2.904650688171386719e+00
-7.860551834106445312e+00,-5.479915618896484375e+00
-3.876462876796722412e-01,3.995465934276580811e-01
-1.826250076293945312e+00,-1.718141674995422363e+00
1.095615625381469727e+00,-2.006701707839965820e+00
9.752078056335449219e-01,-1.571503043174743652e+00
-2.564162731170654297e+00,-7.144142389297485352e-01
1.290850520133972168e+00,-3.501044034957885742e+00
-1.502264380455017090e+00,-8.544738888740539551e-01
2.246156707406044006e-02,4.723300039768218994e-02
-3.888176381587982178e-01,7.878401875495910645e-01
-3.107105970382690430e+00,3.684102296829223633e-01
-7.411147952079772949e-01,2.604501545429229736e-01
7.835099697113037109e-01,2.380347728729248047e+00
2.518057584762573242e+00,-8.366613835096359253e-02
-3.271062076091766357e-01,8.095150589942932129e-01
-2.248603105545043945e+00,-2.264677047729492188e+00
-6.105818271636962891e+00,4.905132055282592773e-01
8.238390684127807617e-01,-3.388682842254638672e+00
-6.825776100158691406e-01,1.887242943048477173e-01
-2.850180625915527344e+00,-4.955477237701416016e+00
-8.722209930419921875e-01,4.266621768474578857e-01
-8.217544555664062500e-01,-1.953041315078735352e+00
-1.488746881484985352e+00,-2.830564260482788086e+00
-1.940224885940551758e+00,-4.554517269134521484e+00
-1.377685964107513428e-01,2.637413442134857178e-01
-5.346543788909912109e-01,4.065153300762176514e-01
1.260516285896301270e+00,7.167810201644897461e-01
6.427921652793884277e-01,-5.186452388763427734e+00
1.636944293975830078e+00,-1.899507492780685425e-01
1.136251688003540039e+00,-3.462010860443115234e+00
5.028805255889892578e+00,1.455947518348693848e+00
6.779095530509948730e-01,6.934850662946701050e-02
1.794156789779663086e+00,8.408009409904479980e-01
5.507865175604820251e-02,8.784468472003936768e-02
1.900042891502380371e+00,-3.554050922393798828e+00
1.889301657676696777e+00,-4.091230869293212891e+00
7.664695978164672852e-01,-3.001892328262329102e+00
-1.124964356422424316e-01,-1.409018635749816895e+00
1.610049307346343994e-01,-2.173335790634155273e+00
3.674790620803833008e+00,-9.465518951416015625e+00
-1.588839888572692871e-01,-1.323225378990173340e+00
2.283580064773559570e+00,4.887473285198211670e-01
-2.352391242980957031e+00,1.583024501800537109e+00
4.707056656479835510e-02,-3.388742685317993164e+00
2.166242301464080811e-01,1.182252839207649231e-01
1.211268305778503418e-01,-2.144898176193237305e+00
1.260516285896301270e+00,7.167810201644897461e-01
1.791991591453552246e+00,-2.455194711685180664e+00
2.110269069671630859e-01,-1.375308871269226074e+00
-7.686957120895385742e-01,-3.082124233245849609e+00
4.947588443756103516e+00,-9.551952362060546875e+00
1.359580397605895996e+00,-2.780195474624633789e+00
3.842623710632324219e+00,1.186268448829650879e+00
-2.154751300811767578e+00,8.966364860534667969e-01
-2.874943494796752930e+00,-3.650387048721313477e+00
3.100621998310089111e-01,-3.459958076477050781e+00
-3.613219261169433594e+00,2.617183685302734375e+00
3.253611087799072266e+00,2.582193613052368164e+00
3.336622416973114014e-01,-2.773762702941894531e+00
-1.092744588851928711e+00,-1.701894402503967285e+00
-1.494931101799011230e+00,-4.046156883239746094e+00
-8.535604476928710938e-01,1.839973777532577515e-01
-2.230901479721069336e+00,-2.098543167114257812e+00
-1.225554704666137695e+00,-3.130325376987457275e-01
5.662801861763000488e-01,-6.063350439071655273e-01
-6.431945562362670898e-01,-2.961479902267456055e+00
-6.432658672332763672e+00,-1.911243796348571777e-01
-3.821135997772216797e+00,-4.256153106689453125e+00
1.135082721710205078e+00,3.900903835892677307e-02
-5.933150649070739746e-01,1.236120611429214478e-01
-1.861436724662780762e+00,-2.439849615097045898e+00
1.536964893341064453e+00,-2.383250713348388672e+00
7.836875319480895996e-02,-1.331577062606811523e+00
2.748731076717376709e-01,-2.863473415374755859e+00
-5.169799923896789551e-01,4.749683141708374023e-01
-2.018277406692504883e+00,-3.617009162902832031e+00
-2.062406539916992188e+00,-1.646579355001449585e-01
1.898359060287475586e+00,-2.181918732821941376e-02
-2.441153526306152344e-01,-1.132304310798645020e+00
1.536707639694213867e+00,-2.294653892517089844e+00
1.909066364169120789e-02,2.956224977970123291e-01
2.173649311065673828e+00,-2.718264818191528320e+00
2.259611129760742188e+00,-1.646004915237426758e+00
8.831202983856201172e-01,-4.651777267456054688e+00
2.637467384338378906e-01,-4.608856886625289917e-02
-2.187340974807739258e+00,-1.615158915519714355e+00
2.108906745910644531e+00,-2.710092067718505859e+00
1.023066401481628418e+00,-2.664221763610839844e+00
-2.889314889907836914e+00,-1.725540995597839355e+00
1.918222427368164062e+00,5.354726314544677734e-02
1.795892477035522461e+00,-3.735121011734008789e+00
1.759242773056030273e+00,-2.404164314270019531e+00
-1.800104975700378418e+00,-9.469752311706542969e-01
8.734285831451416016e-01,-1.624625563621520996e+00
-7.300562262535095215e-01,2.854340672492980957e-01
3.179296255111694336e+00,-2.062250614166259766e+00
6.751759648323059082e-01,-4.137836933135986328e+00
-1.861870288848876953e+00,-2.514869689941406250e+00
-3.354054689407348633e+00,-2.091290712356567383e+00
-2.837075948715209961e+00,1.005004787445068359e+01
1.272158741950988770e+00,-1.412313938140869141e+00
-5.908497333526611328e+00,-1.369926631450653076e-01
1.574472635984420776e-01,-7.858436554670333862e-02
4.632726669311523438e+00,-8.068672180175781250e+00
-1.513326525688171387e+00,-1.720745086669921875e+00
-9.602509737014770508e-01,2.153988182544708252e-01
-2.445651143789291382e-01,-1.871705532073974609e+00
-6.837007045745849609e+00,-2.530869483947753906e+00
2.332556843757629395e-01,-2.372891187667846680e+00
3.303030252456665039e+00,-1.754570603370666504e+00
-7.499468922615051270e-01,3.179839849472045898e-01
2.082700133323669434e-01,-2.577600717544555664e+00
-9.972260594367980957e-01,8.280145525932312012e-01
-6.921249628067016602e-01,-8.775728195905685425e-02
-4.622998237609863281e-01,-2.069606542587280273e+00
3.017368555068969727e+00,-1.328978419303894043e+00
-4.002819061279296875e+00,-8.825002312660217285e-01
-1.669785857200622559e+00,-1.080627441406250000e+00
-4.474839270114898682e-01,-2.406443119049072266e+00
-4.993039369583129883e-01,-1.748722344636917114e-01
3.121107578277587891e+00,-5.787321090698242188e+00
1.621447324752807617e+00,-2.182785034179687500e+00
-1.468275338411331177e-01,9.492950141429901123e-02
-1.353449523448944092e-01,2.316239923238754272e-01
3.910565078258514404e-01,8.606541752815246582e-01
2.927496433258056641e+00,-3.306246519088745117e+00
-1.259269416332244873e-01,-1.454756140708923340e+00
4.117467999458312988e-01,-1.633042573928833008e+00
-8.460338115692138672e-01,-7.278415560722351074e-01
-3.364698171615600586e+00,-2.573722839355468750e+00
3.723732531070709229e-01,-3.352612257003784180e+00
-2.508563041687011719e+00,-3.320620298385620117e+00
3.644259646534919739e-02,-3.143789052963256836e+00
-3.444231271743774414e+00,-3.163904190063476562e+00
7.088302612304687500e+00,-7.986695766448974609e+00
2.474471628665924072e-01,4.373108968138694763e-02
6.878273487091064453e-01,-3.613123655319213867e+00
6.860129535198211670e-02,-1.884065389633178711e+00
5.699540972709655762e-01,-1.028725579380989075e-01
-8.641141653060913086e-01,-4.283164501190185547e+00
-2.462188452482223511e-01,3.278900682926177979e-01
3.723732531070709229e-01,-3.352612257003784180e+00
-2.986044287681579590e-01,3.752389848232269287e-01
3.186947822570800781e+00,-4.288657188415527344e+00
-9.569702148437500000e-01,5.272960066795349121e-01
5.195013999938964844e+00,-7.090746402740478516e+00
2.024917125701904297e+00,1.573270320892333984e+00
-3.468427896499633789e+00,6.091355681419372559e-01
-1.405308365821838379e+00,-4.241459846496582031e+00
1.903835386037826538e-01,8.208019286394119263e-02
-4.555142223834991455e-01,5.893914103507995605e-01
1.909352660179138184e+00,-4.672004699707031250e+00
-1.284196019172668457e+00,-3.858086168766021729e-01
-5.271710395812988281e+00,-3.316949129104614258e+00
-1.827876329421997070e+00,-4.793823242187500000e+00
-6.489776611328125000e+00,-7.037543058395385742e-01
3.813771963119506836e+00,-8.218379020690917969e-01
1.143995285034179688e+00,3.585687279701232910e-01
-1.885705828666687012e+00,1.465455174446105957e+00
3.773931503295898438e+00,-7.173076272010803223e-01
-2.022248983383178711e+00,-1.417968869209289551e+00
-9.648013710975646973e-01,-1.989107251167297363e+00
2.210871875286102295e-01,-3.497183799743652344e+00
-7.765833735466003418e-01,-6.691747158765792847e-02
-5.635115146636962891e+00,-1.995265126228332520e+00
2.544326066970825195e+00,-7.587889432907104492e-01
-1.820640683174133301e+00,-3.166450738906860352e+00
1.622683525085449219e+00,7.623808383941650391e-01
-1.025537967681884766e+00,-4.923722743988037109e+00
-8.085922002792358398e-01,-1.392792344093322754e+00
-1.987581610679626465e+00,-3.254320621490478516e+00
1.094505071640014648e+00,-2.928428173065185547e+00
4.905909895896911621e-01,-3.072067737579345703e+00
-1.813257694244384766e+00,-1.244291186332702637e+00
-1.703303337097167969e+00,-4.070183753967285156e+00
-1.195005655288696289e+00,4.374645650386810303e-01
5.553267598152160645e-01,4.561920166015625000e-01
-3.175662517547607422e+00,-3.093426465988159180e+00
6.507674694061279297e+00,-6.214572906494140625e+00
-5.200063228607177734e+00,-5.541911602020263672e+00
4.297134399414062500e+00,-6.303704977035522461e-01
-1.728058099746704102e+00,1.664600729942321777e+00
-6.279749870300292969e-01,2.445842623710632324e-01
2.025909274816513062e-01,-1.499395966529846191e+00
3.248245716094970703e-01,-4.239345073699951172e+00
-7.660678625106811523e-01,4.008994400501251221e-01
-1.147087693214416504e+00,1.467055201530456543e+00
5.577144145965576172e+00,-1.509540081024169922e+00
1.425585389137268066e+00,-7.852861881256103516e+00
-4.928710460662841797e+00,-3.404934704303741455e-01
6.954892873764038086e-01,-1.296074986457824707e+00
1.264652967453002930e+00,-4.370981216430664062e+00
-9.738221764564514160e-01,-1.571534276008605957e+00
-4.772691428661346436e-01,1.823866516351699829e-01
-3.811177253723144531e+00,-5.352206707000732422e+00
-5.526775121688842773e-01,5.599992871284484863e-01
-1.859933614730834961e+00,-1.276564598083496094e+00
-4.792592823505401611e-01,-5.661453247070312500e+00
1.694046974182128906e+00,-4.178815186023712158e-01
1.182274580001831055e+00,-1.765854954719543457e+00
-3.161557912826538086e-01,-1.445666313171386719e+00
-1.614116430282592773e-01,-1.339672803878784180e+00
5.325399398803710938e+00,-1.656188368797302246e+00
-1.214422345161437988e+00,-4.244883358478546143e-01
-1.491406112909317017e-01,-7.746707201004028320e-01
-8.304611444473266602e-01,1.047296226024627686e-01
-7.162145376205444336e-01,5.155575275421142578e-01
3.146835863590240479e-01,-6.654803752899169922e-01
1.105914592742919922e+00,-3.730926513671875000e+00
-8.711388707160949707e-01,3.087953329086303711e-01
1.482454299926757812e+00,-4.603410243988037109e+00
-1.280089169740676880e-01,6.480010747909545898e-01
-4.045726299285888672e+00,-2.315288782119750977e+00
-4.688712120056152344e+00,-4.161779403686523438e+00
7.039596438407897949e-01,-3.934303283691406250e+00
-6.577144265174865723e-01,-2.968608856201171875e+00
1.377148866653442383e+00,-8.455449342727661133e-02
-2.296743631362915039e+00,-3.043063163757324219e+00
-4.014504700899124146e-02,-2.289223432540893555e+00
-3.978346586227416992e+00,-2.318129301071166992e+00
-3.695261716842651367e+00,-2.971464872360229492e+00
-2.526379823684692383e+00,1.500905990600585938e+00
3.066706657409667969e+00,-2.190191507339477539e+00
4.460214674472808838e-01,-9.758190512657165527e-01
-7.618307471275329590e-01,1.213049069046974182e-01
-8.913943171501159668e-01,1.455273926258087158e-01
-1.356640100479125977e+00,-9.868754744529724121e-01
-4.751523494720458984e+00,3.675022423267364502e-01
-5.801501750946044922e+00,-3.954629182815551758e+00
3.895935788750648499e-02,-3.564728796482086182e-02
4.632726669311523438e+00,-8.068672180175781250e+00
3.100621998310089111e-01,-3.459958076477050781e+00
-3.780600547790527344e+00,-3.170424461364746094e+00
1.610049307346343994e-01,-2.173335790634155273e+00
-4.437557220458984375e+00,-5.587266921997070312e+00
9.298323988914489746e-01,-4.242632865905761719e+00
3.286618709564208984e+00,-1.082471966743469238e+00
-7.300562262535095215e-01,2.854340672492980957e-01
-5.509932041168212891e+00,-2.303856611251831055e+00
-1.019369840621948242e+00,-2.027253955602645874e-01
-2.673536539077758789e+00,1.148044705390930176e+00
-3.634100437164306641e+00,-2.008808135986328125e+00
2.517990350723266602e+00,-9.156208038330078125e-01
-1.070446148514747620e-02,-1.255457639694213867e+00
4.314139783382415771e-01,-2.528656482696533203e+00
-2.018277406692504883e+00,-3.617009162902832031e+00
1.231116056442260742e-01,-3.314569592475891113e-02
-9.320292621850967407e-03,-4.816194772720336914e-01
-1.371827423572540283e-01,-3.317364931106567383e+00
1.240804195404052734e+01,-1.619512081146240234e+00
1.516654133796691895e+00,-5.369376540184020996e-01
3.662780821323394775e-01,1.132324814796447754e+00
-9.103546142578125000e-01,4.358644187450408936e-01
-1.597297310829162598e+00,-8.841363787651062012e-01
1.910037040710449219e+00,-1.176841139793395996e+00
-1.891990184783935547e+00,-1.085975766181945801e+00
-5.306781530380249023e-01,3.093926906585693359e-01
-6.090298175811767578e+00,-3.335451602935791016e+00
3.718151807785034180e+00,-2.118220567703247070e+00
2.613126993179321289e+00,-3.238065719604492188e+00
8.544622063636779785e-01,-1.478409886360168457e+00
-5.626505017280578613e-01,-3.262310922145843506e-01
2.833963394165039062e+00,-1.396964669227600098e+00
-3.858003914356231689e-01,2.947586476802825928e-01
2.421606063842773438e+00,1.310147166252136230e+00
-3.692547798156738281e+00,-3.179787397384643555e+00
-3.859901428222656250e+00,-3.206970453262329102e+00
1.265100598335266113e+00,-3.194562435150146484e+00
4.270565509796142578e-01,-1.594379663467407227e+00
-2.798257768154144287e-01,-3.719514906406402588e-01
-2.657329320907592773e+00,-1.438573598861694336e+00
-2.397234737873077393e-01,-1.865786075592041016e+00
-4.991693794727325439e-01,6.330740451812744141e-01
4.795500636100769043e-01,-4.197477817535400391e+00
5.855254173278808594e+00,-7.590008735656738281e+00
-3.354054689407348633e+00,-2.091290712356567383e+00
1.642689824104309082e+00,-1.316761821508407593e-01
-3.622516393661499023e+00,-3.667496681213378906e+00
-5.717678666114807129e-01,-2.410459041595458984e+00
1.852188259363174438e-01,-2.732144117355346680e+00
2.038469552993774414e+00,-3.609175920486450195e+00
2.145780920982360840e-01,-2.954662322998046875e+00
-5.897484421730041504e-01,8.661329746246337891e-02
-3.648962080478668213e-02,7.472417354583740234e-01
1.960444301366806030e-01,-1.603330492973327637e+00
-6.040703058242797852e-01,-1.042809367179870605e+00
1.620709300041198730e+00,-3.214570522308349609e+00
-1.182488203048706055e-01,3.718784078955650330e-02
-2.229520380496978760e-01,2.722508609294891357e-01
-2.370491743087768555e+00,-1.888357043266296387e+00
5.835707783699035645e-01,-1.146529316902160645e+00
5.204803347587585449e-01,-2.225502729415893555e+00
7.039596438407897949e-01,-3.934303283691406250e+00
1.296138390898704529e-02,5.510838329792022705e-02
-1.281633228063583374e-02,7.598709315061569214e-03
3.670797049999237061e-01,1.971889287233352661e-01
1.504653215408325195e+00,-1.227666616439819336e+00
-4.824539124965667725e-01,-4.228353023529052734e+00
3.270208537578582764e-01,-4.208422183990478516e+00
2.259611129760742188e+00,-1.646004915237426758e+00
7.467744946479797363e-01,8.525344133377075195e-01
-6.673345088958740234e+00,-6.732759475708007812e+00
3.738519191741943359e+00,-2.293262481689453125e+00
-4.067504107952117920e-01,2.532434165477752686e-01
-1.121403932571411133e+00,5.768787860870361328e-01
-9.621286392211914062e-01,-2.516830921173095703e+00
-1.602601885795593262e+00,-4.619048833847045898e-01
1.728602871298789978e-02,-4.771503448486328125e+00
3.931548595428466797e-01,3.224220991134643555e+00
-1.279589772224426270e+00,-2.325701951980590820e+00
-1.790177077054977417e-01,-6.675884723663330078e-01
-3.004404306411743164e+00,-3.455212593078613281e+00
-2.112790584564208984e+00,-3.258425235748291016e+00
9.298323988914489746e-01,-4.242632865905761719e+00
-9.564968347549438477e-01,-9.921117424964904785e-01
-7.317034602165222168e-01,1.897137761116027832e-01
-5.414557456970214844e-01,-1.062959909439086914e+00
7.171003818511962891e-01,2.555031180381774902e-01
1.130524277687072754e+00,-3.680535554885864258e+00
-1.307686209678649902e+00,-5.136440992355346680e-01
-3.802230060100555420e-01,-1.376139640808105469e+00
-9.738221764564514160e-01,-1.571534276008605957e+00
-1.435158491134643555e+00,1.977472603321075439e-01
3.685418367385864258e-01,-3.143722772598266602e+00
-2.308467030525207520e-01,1.511475890874862671e-01
1.516654133796691895e+00,-5.369376540184020996e-01
1.592209100723266602e+00,-2.096418857574462891e+00
1.179142475128173828e+00,-1.750793218612670898e+00
-4.352068305015563965e-01,6.137139201164245605e-01
7.385641932487487793e-01,-2.285982608795166016e+00
2.184611797332763672e+00,8.350763320922851562e-01
-2.384206056594848633e+00,-1.612986922264099121e+00
-1.587780356407165527e+00,1.949856638908386230e+00
1.552067875862121582e+00,-3.740735530853271484e+00
-5.674906969070434570e-01,2.543522119522094727e-01
-1.770394444465637207e+00,-9.682401269674301147e-02
-2.213109493255615234e+00,5.447337627410888672e+00
7.475958466529846191e-01,-1.262095093727111816e+00
-4.718090534210205078e+00,-1.920316696166992188e+00
3.832474470138549805e+00,-2.641582012176513672e+00
8.867643475532531738e-01,2.198578268289566040e-01
1.998845934867858887e+00,-2.023978948593139648e+00
-1.781063199043273926e+00,-2.260077238082885742e+00
-3.055101260542869568e-02,-1.635039299726486206e-01
-2.786164760589599609e+00,-2.501235008239746094e+00
-6.333297729492187500e+00,-5.014538764953613281e-01
1.351399064064025879e+00,-2.254508972167968750e+00
-2.200268208980560303e-04,1.529997944831848145e+00
-7.757387161254882812e-01,1.561940908432006836e-01
-3.016923904418945312e+00,-3.936408042907714844e+00
3.679840564727783203e+00,-4.078400611877441406e+00
-1.388240605592727661e-01,-3.536188602447509766e-02
3.753915548324584961e+00,-4.202118873596191406e+00
2.791645824909210205e-01,1.288151741027832031e-01
1.951662778854370117e+00,-7.707156658172607422e+00
1.171622425317764282e-01,5.841957032680511475e-02
-2.508563041687011719e+00,-3.320620298385620117e+00
1.497690320014953613e+00,1.301657110452651978e-01
2.438777685165405273e+00,1.002444505691528320e+00
-2.101911783218383789e+00,-9.104987978935241699e-01
-1.122775793075561523e+00,-5.414474010467529297e-02
2.773460626602172852e+00,-4.602448463439941406e+00
-1.013610064983367920e-01,-5.907100439071655273e-01
-1.002284288406372070e+00,3.750900030136108398e-01
-1.868445754051208496e+00,-1.038280963897705078e+00
1.265707850456237793e+00,2.591424286365509033e-01
1.123408913612365723e+00,-1.215223789215087891e+00
2.053887248039245605e-01,-1.738365888595581055e+00
3.503686189651489258e+00,-7.939013004302978516e+00
1.314205080270767212e-01,-1.433019191026687622e-01
2.446964263916015625e+00,-1.336327195167541504e+00
1.100996255874633789e+00,-4.340724349021911621e-01
-2.909687042236328125e+00,-2.258011341094970703e+00
4.585679173469543457e-01,-1.894166231155395508e+00
2.544401168823242188e+00,-2.683611154556274414e+00
-2.274920701980590820e+00,-7.787519097328186035e-01
2.117410421371459961e+00,-1.093306303024291992e+00
-5.957296371459960938e+00,-1.168113946914672852e+00
2.988305330276489258e+00,-1.401246070861816406e+00
1.459743857383728027e+00,-2.379486322402954102e+00
-1.406622052192687988e+00,-1.454654812812805176e+00
-9.560522437095642090e-01,6.778454184532165527e-01
-2.181578397750854492e+00,-2.137484073638916016e+00
8.371651172637939453e-03,1.001019254326820374e-01
3.048943281173706055e+00,-2.586524963378906250e+00
-5.856325626373291016e+00,-1.727621108293533325e-01
3.933038711547851562e-01,-6.152464747428894043e-01
1.854621410369873047e+00,-3.017272233963012695e+00
-2.031886339187622070e+00,-2.804856300354003906e+00
-8.288736641407012939e-02,2.251853793859481812e-01
-2.831516027450561523e+00,-2.346081972122192383e+00
-2.924100875854492188e+00,-8.275839686393737793e-01
8.734285831451416016e-01,-1.624625563621520996e+00
2.246880054473876953e+00,-3.143907546997070312e+00
-1.354720354080200195e+00,9.387298226356506348e-01
3.040073871612548828e+00,-4.248870372772216797e+00
-3.362216711044311523e+00,-9.857862591743469238e-01
-3.414728641510009766e+00,-3.031553268432617188e+00
-8.869987130165100098e-01,6.316626667976379395e-01
7.835099697113037109e-01,2.380347728729248047e+00
2.835556268692016602e-01,-5.267726898193359375e+00
-4.123680293560028076e-01,-5.795373916625976562e-01
-1.859929561614990234e-01,-2.256723165512084961e+00
7.883664131164550781e+00,-7.350471496582031250e+00
4.968457818031311035e-01,-2.842354297637939453e+00
1.267139554023742676e+00,-1.059223413467407227e+00
2.549759387969970703e+00,1.818648695945739746e+00
1.237586498260498047e+00,-4.943559169769287109e+00
1.443994283676147461e+00,-1.887454032897949219e+00
-1.753678560256958008e+00,1.300975799560546875e+00
-6.604556083679199219e+00,-1.406148433685302734e+00
-3.493220567703247070e+00,-4.642640113830566406e+00
-2.295264005661010742e+00,-3.302398920059204102e-01
9.540132880210876465e-01,-2.892828941345214844e+00
2.126517295837402344e+00,-2.828156709671020508e+00
2.506113529205322266e+00,-2.109227657318115234e+00
1.593042373657226562e+00,7.925300598144531250e-01
-1.468275338411331177e-01,9.492950141429901123e-02
1.586547732353210449e+00,-2.294674396514892578e+00
-2.080354839563369751e-01,-6.030933856964111328e-01
-7.333510875701904297e+00,-5.746104717254638672e+00
-1.638759374618530273e+00,-1.105013966560363770e+00
-5.271710395812988281e+00,-3.316949129104614258e+00
2.176812410354614258e+00,-2.404837369918823242e+00
-3.004848957061767578e+00,-2.951055526733398438e+00
-1.526052951812744141e+00,1.885455608367919922e+00
1.834882736206054688e+00,-9.835149645805358887e-01
-9.230843186378479004e-02,-2.436740875244140625e+00
-3.809929609298706055e+00,1.031562566757202148e+00
-8.614186286926269531e+00,2.183851003646850586e+00
2.382237434387207031e+00,-4.018836498260498047e+00
-3.517143726348876953e-01,1.554102599620819092e-01
3.082216024398803711e+00,-3.803086280822753906e+00
1.905872225761413574e+00,1.434777081012725830e-01
-8.242813944816589355e-01,1.941522210836410522e-01
-7.600371837615966797e-01,1.843467652797698975e-01
-3.066600561141967773e+00,1.860009431838989258e+00
1.171225011348724365e-01,8.467509150505065918e-01
3.240220069885253906e+00,-1.712435722351074219e+00
9.873386621475219727e-01,5.701556205749511719e-01
-5.853801250457763672e+00,-2.356019765138626099e-01
-5.173274874687194824e-01,2.549986839294433594e-01
-3.808310031890869141e+00,-3.038671255111694336e+00
-1.283126175403594971e-01,-1.661121010780334473e+00
-2.412789344787597656e+00,-2.784590005874633789e+00
-1.246436715126037598e+00,-1.216704621911048889e-01
1.261017918586730957e+00,-5.011023879051208496e-01
1.227440714836120605e+00,-5.249985694885253906e+00
5.320620536804199219e-01,-2.415468215942382812e+00
7.088302612304687500e+00,-7.986695766448974609e+00
6.057537198066711426e-01,-3.486120462417602539e+00
2.947420477867126465e-01,-2.569569349288940430e+00
2.176812410354614258e+00,-2.404837369918823242e+00
-3.033167362213134766e+00,-3.716791868209838867e+00
-2.412789344787597656e+00,-2.784590005874633789e+00
1.703159093856811523e+00,-5.119072437286376953e+00
6.582658886909484863e-01,1.212193012237548828e+00
9.216898679733276367e-01,-3.801939725875854492e+00
-1.334104657173156738e+00,4.529075920581817627e-01
-1.237394213676452637e+00,-4.389201641082763672e+00
-5.436520576477050781e-01,6.653915643692016602e-01
-3.709159135818481445e+00,-2.265410900115966797e+00
-2.799548208713531494e-01,-5.724001526832580566e-01
-6.006306171417236328e+00,-7.262111663818359375e+00
-8.627927303314208984e-01,1.633181124925613403e-01
3.475019931793212891e-01,-3.337383031845092773e+00
-2.537054717540740967e-01,3.613744676113128662e-01
1.572419285774230957e+00,-3.768184423446655273e+00
-5.804271221160888672e+00,-1.683451414108276367e+00
-3.491958379745483398e-01,2.719831466674804688e-01
-1.948591709136962891e+00,-1.653785705566406250e+00
-1.401013135910034180e+00,2.317343503236770630e-01
1.795892477035522461e+00,-3.735121011734008789e+00
5.559850335121154785e-01,-1.387741684913635254e+00
-3.367523908615112305e+00,1.019065856933593750e+00
9.757103025913238525e-02,1.056016385555267334e-01
-3.097972154617309570e+00,-2.294728040695190430e+00
-6.464830040931701660e-01,3.705355525016784668e-01
-5.131270885467529297e-01,2.906303405761718750e-01
-2.955876290798187256e-02,-6.798684597015380859e-01
-1.497005224227905273e-01,3.504647612571716309e-01
3.662780821323394775e-01,1.132324814796447754e+00
4.439027786254882812e+00,-4.200584411621093750e+00
-1.777305126190185547e+00,-3.160292863845825195e+00
3.702509641647338867e+00,8.104103207588195801e-01
-2.489868402481079102e+00,2.724130153656005859e+00
2.332556843757629395e-01,-2.372891187667846680e+00
-2.107547283172607422e+00,-3.658696889877319336e+00
-2.385631561279296875e+00,-2.616032123565673828e+00
-2.957473993301391602e+00,-8.367006182670593262e-01
-2.312648534774780273e+00,-8.958302140235900879e-01
1.719049453735351562e+00,4.054433852434158325e-02
5.093502044677734375e+00,-4.013423919677734375e+00
-9.933120727539062500e+00,5.417581081390380859e+00
1.535526990890502930e+00,-1.845576524734497070e+00
-2.973581552505493164e+00,-2.220106601715087891e+00
8.147396087646484375e+00,-1.794867873191833496e+00
4.257056117057800293e-01,-2.268055915832519531e+00
-1.781334042549133301e+00,-2.888813018798828125e+00
-8.254833221435546875e-01,-4.933753609657287598e-01
9.930049180984497070e-01,-3.593382120132446289e+00
3.714427053928375244e-01,-3.969177722930908203e+00
-1.475469493865966797e+01,3.202916145324707031e+00
-2.947021484375000000e+00,-2.086246490478515625e+00
-4.575542509555816650e-01,-3.121505022048950195e+00
5.083246707916259766e+00,-5.013466358184814453e+00
-8.653250336647033691e-02,-3.218698740005493164e+00
-3.689148128032684326e-01,-1.251166820526123047e+00
1.760208964347839355e+00,-7.755724906921386719e+00
1.984187066555023193e-01,9.146396070718765259e-02
5.289133787155151367e-01,7.328536510467529297e-01
1.371322631835937500e+00,-3.256708145141601562e+00
2.043466567993164062e+00,1.267719864845275879e+00
2.748748362064361572e-01,8.638882637023925781e-02
-6.107177734375000000e-01,1.109318062663078308e-01
2.751828432083129883e+00,3.284317627549171448e-02
-2.943434715270996094e-01,-2.575667798519134521e-01
3.484195709228515625e+00,-3.279402732849121094e+00
-1.112786173820495605e+00,4.237807691097259521e-01
-2.172491312026977539e+00,2.921088457107543945e+00
4.161650538444519043e-01,4.912477433681488037e-01
-2.358941078186035156e+00,-2.741626977920532227e+00
6.383064389228820801e-01,-1.575894951820373535e+00
-6.673345088958740234e+00,-6.732759475708007812e+00
4.190006732940673828e+00,-1.827545285224914551e+00
-4.012305259704589844e+00,2.118035554885864258e+00
-1.188856959342956543e+00,-1.389558553695678711e+00
-9.659410715103149414e-01,-1.559937834739685059e+00
-8.420252799987792969e+00,6.944534301757812500e+00
-2.291255235671997070e+00,-2.859615385532379150e-01
1.151619434356689453e+00,-2.484604835510253906e+00
1.079721331596374512e+00,-1.957755327224731445e+00
1.058323264122009277e+00,-6.563454270362854004e-01
-2.124101877212524414e+00,-1.096486330032348633e+00
-4.453589320182800293e-01,-1.604884147644042969e+00
-7.019007205963134766e-01,-1.858588457107543945e+00
-4.400811672210693359e+00,3.246196508407592773e+00
-4.251021862030029297e+00,-5.699388504028320312e+00
-5.517427921295166016e-01,4.498999416828155518e-01
3.738519191741943359e+00,-2.293262481689453125e+00
5.640945434570312500e-01,-6.865705251693725586e-01
2.914809465408325195e+00,-3.005223572254180908e-01
-5.920027494430541992e-01,1.375870108604431152e-01
5.641136169433593750e-01,-5.018472194671630859e+00
2.797982454299926758e+00,-3.199982881546020508e+00
-4.637262970209121704e-02,3.611290827393531799e-02
-3.858003914356231689e-01,2.947586476802825928e-01
1.353114962577819824e+00,7.639358639717102051e-01
-2.110395908355712891e+00,7.471439838409423828e-01
-8.254073143005371094e+00,-1.066141366958618164e+00
-2.538218021392822266e+00,-4.487559795379638672e+00
-2.195833444595336914e+00,-3.438344717025756836e+00
-3.588056087493896484e+00,-2.069710493087768555e+00
-3.531103432178497314e-01,4.993256926536560059e-01
1.351399064064025879e+00,-2.254508972167968750e+00
-2.185323953628540039e+00,1.370683431625366211e+00
-1.785923838615417480e+00,-7.426540851593017578e-01
-4.128475189208984375e+00,4.292364120483398438e+00
6.419582843780517578e+00,1.286209821701049805e+00
8.667351305484771729e-02,-1.365523338317871094e+00
1.866201758384704590e+00,-3.529740571975708008e+00
2.188126564025878906e+00,2.354794502258300781e+00
-2.509193718433380127e-01,3.132922649383544922e-01
3.987080156803131104e-01,-1.539870142936706543e+00
-2.781976759433746338e-01,6.219193935394287109e-01
6.169713735580444336e-01,9.097129106521606445e-01
-4.367232620716094971e-01,4.933518767356872559e-01
-2.391832590103149414e+00,-2.292463302612304688e+00
2.736474990844726562e+00,2.046270847320556641e+00
1.958487629890441895e+00,-2.121312916278839111e-01
6.960725188255310059e-01,-2.130374431610107422e+00
3.890767395496368408e-01,-4.148018360137939453e+00
8.004295229911804199e-01,-3.934474661946296692e-03
-4.751523494720458984e+00,3.675022423267364502e-01
1.229561418294906616e-01,-9.074105024337768555e-01
-3.877811431884765625e-01,2.615287303924560547e-01
-2.848565101623535156e+00,-1.934612512588500977e+00
-7.250326156616210938e+00,6.441372632980346680e-01
1.329558640718460083e-01,-1.013317465782165527e+00
2.494298934936523438e+00,-6.162688255310058594e+00
-6.040703058242797852e-01,-1.042809367179870605e+00
-1.360389828681945801e+00,-3.824433982372283936e-01
-1.273591327667236328e+01,-1.625131845474243164e+00
-6.262703895568847656e+00,2.846193611621856689e-01
-8.577725887298583984e-01,-1.589389801025390625e+00
5.195013999938964844e+00,-7.090746402740478516e+00
6.334782838821411133e-01,6.108230948448181152e-01
1.157351374626159668e+00,-4.142479896545410156e-01
3.142660140991210938e+00,-4.781215190887451172e+00
6.982069611549377441e-01,-7.563857078552246094e+00
3.370610177516937256e-01,4.722109317779541016e+00
1.432557225227355957e+00,-8.245868086814880371e-01
-2.274920701980590820e+00,-7.787519097328186035e-01
4.662761688232421875e-01,-2.639283180236816406e+00
-1.518292874097824097e-01,-3.472483456134796143e-01
-4.734937846660614014e-01,-1.998471856117248535e+00
-2.219719886779785156e+00,3.170061111450195312e+00
2.177610874176025391e+00,-4.893960475921630859e+00
-1.680575013160705566e+00,1.302297234535217285e+00
-2.515731096267700195e+00,2.064719438552856445e+00
-3.639848828315734863e-01,-6.416518211364746094e+00
4.733283519744873047e-01,-6.695776581764221191e-01
3.005956649780273438e+00,-7.153683185577392578e+00
-1.263972759246826172e+00,-5.890387296676635742e-01
-9.972260594367980957e-01,8.280145525932312012e-01
-4.303792953491210938e+00,5.266098380088806152e-01
-5.196307659149169922e+00,-7.122536301612854004e-01
-1.058999896049499512e+00,-9.778142720460891724e-02
1.907072305679321289e+00,1.693534731864929199e+00
3.359300494194030762e-01,-3.100080966949462891e+00
-1.639852404594421387e+00,-5.153938770294189453e+00
-2.552112579345703125e+00,-2.878846168518066406e+00
9.794918298721313477e-01,-1.918259263038635254e+00
1.116888642311096191e+00,-1.608914136886596680e-01
9.605991840362548828e-01,-9.777581095695495605e-01
-1.371827423572540283e-01,-3.317364931106567383e+00
-1.990551233291625977e+00,-1.994340062141418457e+00
-3.543736934661865234e-01,2.386144697666168213e-01
-8.562438488006591797e-01,2.109055072069168091e-01
3.393389582633972168e-01,-1.556769199669361115e-02
-5.674906969070434570e-01,2.543522119522094727e-01
-8.261426687240600586e-01,-1.726119160652160645e+00
1.302225708961486816e+00,-2.137557744979858398e+00
-2.874675989151000977e+00,-2.786288499832153320e+00
-5.555341243743896484e-01,-1.136991620063781738e+00
1.028829216957092285e+00,-4.381393432617187500e+00
-8.622228503227233887e-01,-1.036360859870910645e+00
-1.062822699546813965e+00,-1.167572379112243652e+00
4.386345446109771729e-01,-2.221066474914550781e+00
3.571025133132934570e-01,-2.045519590377807617e+00
1.118736743927001953e+00,1.396911978721618652e+00
1.059700012207031250e+00,-1.892014622688293457e+00
-1.669785857200622559e+00,-1.080627441406250000e+00
-1.388240605592727661e-01,-3.536188602447509766e-02
1.878189444541931152e-01,-3.771563619375228882e-02
1.620694637298583984e+00,-3.701958179473876953e+00
-2.295264005661010742e+00,-3.302398920059204102e-01
-6.917317867279052734e+00,-7.340795993804931641e-01
-6.308919429779052734e+00,-5.249537467956542969e+00
5.705755949020385742e-01,-2.928579092025756836e+00
-7.932727813720703125e+00,-1.336266517639160156e+00
-3.187810480594635010e-01,-1.131163835525512695e+00
2.693694114685058594e+00,-1.386128425598144531e+00
-6.432658672332763672e+00,-1.911243796348571777e-01
-2.787360906600952148e+00,-2.933798074722290039e+00
-2.110149860382080078e+00,-1.580731511116027832e+00
-7.757387161254882812e-01,1.561940908432006836e-01
3.005526304244995117e+00,-5.022364139556884766e+00
-1.070893883705139160e+00,-4.738978147506713867e-01
-6.084362864494323730e-01,-7.811242938041687012e-01
-4.606881737709045410e-01,2.136331796646118164e+00
-5.131270885467529297e-01,2.906303405761718750e-01
3.336622416973114014e-01,-2.773762702941894531e+00
-4.197318851947784424e-01,3.801082372665405273e-01
-2.825741171836853027e-01,-1.302553176879882812e+00
4.152130708098411560e-02,2.895173057913780212e-02
4.952117428183555603e-02,-3.019226714968681335e-03
-2.853711247444152832e-01,3.062433302402496338e-01
1.426738500595092773e+00,-3.804033994674682617e-01
-2.434836149215698242e+00,-6.742036342620849609e+00
4.905909895896911621e-01,-3.072067737579345703e+00
-2.596320390701293945e+00,-3.168695211410522461e+00
2.736474990844726562e+00,2.046270847320556641e+00
-3.825050592422485352e-01,5.609720945358276367e-01
3.410789012908935547e+00,-3.489038705825805664e+00
-1.031361818313598633e+00,3.498334884643554688e-01
-2.789655625820159912e-01,1.754517704248428345e-01
-7.926568508148193359e+00,-7.292113780975341797e+00
-4.083129882812500000e+00,-3.135999292135238647e-02
4.285154819488525391e+00,-3.140208423137664795e-01
3.248245716094970703e-01,-4.239345073699951172e+00
2.506113529205322266e+00,-2.109227657318115234e+00
1.542431354522705078e+00,-2.850358486175537109e+00
-1.910271048545837402e+00,-2.086925983428955078e+00
2.314739704132080078e+00,6.499943137168884277e-02
-2.807872056961059570e+00,-4.255670547485351562e+00
-1.194193363189697266e-01,7.607594132423400879e-03
1.304445385932922363e+00,-3.890580654144287109e+00
2.082750201225280762e-01,6.755197048187255859e-01
-4.540045559406280518e-01,-1.895731568336486816e+00
1.738898605108261108e-01,-2.584849119186401367e+00
6.894103884696960449e-01,-2.916253566741943359e+00
1.107656478881835938e+00,-3.674608945846557617e+00
-2.749069213867187500e+00,-2.498177766799926758e+00
-3.749119043350219727e-01,5.562806129455566406e-02
-4.944908618927001953e+00,2.313805103302001953e+00
-1.200196981430053711e+00,9.232760071754455566e-01
-1.324077844619750977e+00,-2.908700704574584961e-01
6.835143566131591797e+00,-5.775098323822021484e+00
-3.677703857421875000e+00,-5.754509925842285156e+00
-5.196307659149169922e+00,-7.122536301612854004e-01
1.397961735725402832e+00,-3.840938329696655273e+00
4.226735830307006836e-01,-4.758104801177978516e+00
-3.170571327209472656e-01,-9.446175098419189453e-01
1.671930193901062012e+00,-1.008710265159606934e+00
1.113016158342361450e-01,2.083872109651565552e-01
-8.042141914367675781e+00,-1.868349790573120117e+00
-7.133913040161132812e-02,-8.828859031200408936e-02
8.618768453598022461e-01,9.383955001831054688e-01
-9.710232615470886230e-01,6.369915008544921875e-01
-3.237730026245117188e+00,-3.046801805496215820e+00
2.973713874816894531e+00,-6.063419342041015625e+00
-2.291255235671997070e+00,-2.859615385532379150e-01
2.114406600594520569e-02,7.218091189861297607e-02
2.480945348739624023e+00,-4.288866519927978516e+00
4.644944146275520325e-02,-1.240049079060554504e-01
-1.129680037498474121e+00,4.803669750690460205e-01
4.376584291458129883e-01,-2.602831125259399414e+00
-6.664256453514099121e-01,3.093767404556274414e+00
-3.480388164520263672e+00,1.888996005058288574e+00
-4.906849861145019531e+00,-3.381093263626098633e+00
2.856221199035644531e+00,2.207599163055419922e+00
2.861464500427246094e+00,-4.710162162780761719e+00
-5.306781530380249023e-01,3.093926906585693359e-01
-1.790177077054977417e-01,-6.675884723663330078e-01
-1.360908031463623047e+00,-2.983073234558105469e+00
3.273283243179321289e+00,-4.510066509246826172e+00
-4.671864509582519531e+00,-2.367689609527587891e+00
6.779095530509948730e-01,6.934850662946701050e-02
1.209682971239089966e-01,-1.559466600418090820e+00
4.373673796653747559e-01,-2.838371038436889648e+00
2.108906745910644531e+00,-2.710092067718505859e+00
6.269863843917846680e-01,-2.253256320953369141e+00
-6.943167448043823242e-01,2.473195642232894897e-01
1.265100598335266113e+00,-3.194562435150146484e+00
1.029390335083007812e+00,9.212196469306945801e-01
9.592304229736328125e-01,4.017910063266754150e-01
-5.144341588020324707e-01,-3.599614500999450684e-01
-4.243627190589904785e-01,2.999408245086669922e-01
4.086927413940429688e+00,-3.520273923873901367e+00
1.053182244300842285e+00,-9.135671257972717285e-01
-4.059825897216796875e+00,-3.073725461959838867e+00
4.150674343109130859e+00,7.104641437530517578e+00
3.048943281173706055e+00,-2.586524963378906250e+00
-7.189945697784423828e+00,-1.430753946304321289e+00
4.161650538444519043e-01,4.912477433681488037e-01
-2.670839309692382812e+00,-2.061204195022583008e+00
-1.885705828666687012e+00,1.465455174446105957e+00
-1.028871059417724609e+00,2.585798501968383789e-01
-3.421856164932250977e+00,-2.778583526611328125e+00
1.627407908439636230e+00,-2.595781326293945312e+00
2.066122889518737793e-01,-2.767570018768310547e+00
-7.453691959381103516e+00,-6.665216684341430664e-01
1.758384466171264648e+00,-2.574666500091552734e+00
-5.463044166564941406e+00,-5.324780464172363281e+00
-8.083351254463195801e-01,2.649575769901275635e-01
3.227329969406127930e+00,-2.375665426254272461e+00
1.216714024543762207e+00,1.434729576110839844e+00
7.253134846687316895e-01,-3.036525726318359375e+00
4.150674343109130859e+00,7.104641437530517578e+00
-2.789655625820159912e-01,1.754517704248428345e-01
3.259329080581665039e+00,-4.105373859405517578e+00
-3.331826925277709961e-01,-1.761239469051361084e-01
-4.910347163677215576e-01,3.852761089801788330e-01
1.247355103492736816e+00,6.880190968513488770e-01
-7.410554885864257812e-01,-1.818146854639053345e-01
2.242890298366546631e-01,1.682996004819869995e-01
-3.343797326087951660e-01,4.463295042514801025e-01
-1.742338687181472778e-01,4.559671878814697266e-01
-7.645018100738525391e-01,-7.314524650573730469e-01
-2.107547283172607422e+00,-3.658696889877319336e+00
-2.537054717540740967e-01,3.613744676113128662e-01
9.218449592590332031e-01,-1.389752864837646484e+00
4.050510525703430176e-01,2.551541030406951904e-01
4.359953105449676514e-01,-2.976944208145141602e+00
-1.514034748077392578e+00,-2.694795370101928711e+00
-7.152948856353759766e+00,1.534164845943450928e-01
8.474092185497283936e-02,3.197008371353149414e-01
-2.897582292556762695e+00,-1.673483848571777344e+00
-1.245850920677185059e+00,-2.569682121276855469e+00
-7.204339027404785156e+00,-7.064896106719970703e+00
4.373673796653747559e-01,-2.838371038436889648e+00
3.098618388175964355e-01,1.926407068967819214e-01
6.978676319122314453e-01,-2.616351127624511719e+00
-6.202852725982666016e-01,6.875744462013244629e-01
1.868998706340789795e-01,-1.470539927482604980e+00
3.146835863590240479e-01,-6.654803752899169922e-01
-7.926568508148193359e+00,-7.292113780975341797e+00
-1.562146902084350586e+00,-3.749283552169799805e+00
-2.471879005432128906e+00,9.695945382118225098e-01
-2.307369261980056763e-01,-1.163409352302551270e+00
-1.753766179084777832e+00,8.394373059272766113e-01
-1.646757125854492188e+00,-3.719470739364624023e+00
-4.531038761138916016e+00,-5.977403163909912109e+00
-5.588938593864440918e-01,2.484412640333175659e-01
-8.578166007995605469e+00,-5.480243563652038574e-01
-5.588938593864440918e-01,2.484412640333175659e-01
-4.468177631497383118e-02,-1.528356410562992096e-02
-2.275646328926086426e-01,-4.392128437757492065e-02
-3.161743879318237305e-01,4.159342497587203979e-02
1.090940713882446289e+00,-5.068570137023925781e+00
-6.001730561256408691e-01,-1.440651535987854004e+00
2.647281885147094727e-01,-2.811239242553710938e+00
-8.601995468139648438e+00,-3.720647335052490234e+00
1.153881251811981201e-01,-2.984570980072021484e+00
1.604823470115661621e+00,-2.793364524841308594e+00
-2.452343404293060303e-01,-1.509981155395507812e+00
-2.825741171836853027e-01,-1.302553176879882812e+00
1.622683525085449219e+00,7.623808383941650391e-01
2.145780920982360840e-01,-2.954662322998046875e+00
-3.354163646697998047e+00,-3.864343404769897461e+00
1.212381005287170410e+00,-3.597573935985565186e-01
-1.509128451347351074e+00,-1.024830102920532227e+00
-4.192555546760559082e-01,1.637340635061264038e-01
-1.450292706489562988e+00,-2.092368364334106445e+00
-2.509193718433380127e-01,3.132922649383544922e-01
-5.042735576629638672e+00,-2.693620443344116211e+00
-6.105818271636962891e+00,4.905132055282592773e-01
2.391557455062866211e+00,-6.351284980773925781e+00
-1.775868773460388184e+00,-3.017730236053466797e+00
7.098102569580078125e-02,-6.379518657922744751e-02
2.406289875507354736e-01,-3.197804450988769531e+00
1.835795640945434570e+00,-2.691597461700439453e+00
-5.316621065139770508e-02,-4.144137859344482422e+00
-7.660678625106811523e-01,4.008994400501251221e-01
2.139329910278320312e-01,-1.584564685821533203e+00
1.494907885789871216e-01,-3.671666607260704041e-03
-4.944908618927001953e+00,2.313805103302001953e+00
5.093502044677734375e+00,-4.013423919677734375e+00
-9.182623624801635742e-01,-5.283355712890625000e-01
9.925620257854461670e-02,-2.829066514968872070e+00
1.449127316474914551e+00,2.662760496139526367e+00
-3.829561948776245117e+00,-4.597866058349609375e+00
1.628068923950195312e+00,-4.628627300262451172e+00
3.221589565277099609e+00,-4.051942825317382812e+00
-1.421933650970458984e+00,-1.624650716781616211e+00
-2.148992538452148438e+00,2.224000170826911926e-03
-4.942991435527801514e-01,-5.457496643066406250e-01
1.280313491821289062e+00,1.172717452049255371e+00
3.410789012908935547e+00,-3.489038705825805664e+00
6.174166202545166016e-01,-4.202692031860351562e+00
-7.063904762268066406e+00,-1.819730639457702637e+00
-3.310187101364135742e+00,4.317972809076309204e-03
2.386543750762939453e-01,-3.059478700160980225e-01
1.855777740478515625e+00,-2.373644560575485229e-01
-5.086814165115356445e-01,5.517796874046325684e-01
-2.614293813705444336e+00,-3.055804252624511719e+00
2.694410562515258789e+00,-4.233420848846435547e+00
7.248925685882568359e+00,-5.656470775604248047e+00
2.053887248039245605e-01,-1.738365888595581055e+00
-5.113208889961242676e-01,-8.302109241485595703e-01
-1.066958755254745483e-01,-3.030479907989501953e+00
4.777870178222656250e+00,-5.022159099578857422e+00
-5.913215160369873047e+00,-3.730258643627166748e-01
8.164179325103759766e-01,-2.767886877059936523e+00
1.636944293975830078e+00,-1.899507492780685425e-01
9.309165000915527344e+00,3.898986339569091797e+00
-1.230548024177551270e+00,9.515831470489501953e-01
9.523184895515441895e-01,-1.644932478666305542e-01
2.603993892669677734e+00,-4.262711048126220703e+00
6.212644577026367188e-01,2.399516701698303223e-01
-3.531103432178497314e-01,4.993256926536560059e-01
-1.862932443618774414e+00,-4.016163051128387451e-01
-9.182623624801635742e-01,-5.283355712890625000e-01
6.753673076629638672e+00,-2.528009176254272461e+00
-7.870332598686218262e-01,9.477027058601379395e-01
1.524910211563110352e+00,-1.974277853965759277e+00
3.899247407913208008e+00,-3.136775732040405273e+00
1.454845309257507324e+00,-6.776367425918579102e-01
7.802043914794921875e+00,-5.828447818756103516e+00
2.066122889518737793e-01,-2.767570018768310547e+00
-3.159801959991455078e+00,3.556240797042846680e-01
2.747116386890411377e-01,-1.536357522010803223e+00
1.316368460655212402e+00,-6.013870239257812500e-02
-6.016153335571289062e+00,-4.169732332229614258e-01
5.372208356857299805e-01,-1.911203622817993164e+00
4.715531468391418457e-01,-2.330914258956909180e+00
-5.853801250457763672e+00,-2.356019765138626099e-01
-2.058986425399780273e+00,-2.576526641845703125e+00
1.200084447860717773e+00,-5.747193694114685059e-01
4.922052100300788879e-02,5.807984992861747742e-02
1.607513427734375000e+00,-1.622011065483093262e+00
-3.811177253723144531e+00,-5.352206707000732422e+00
-1.781063199043273926e+00,-2.260077238082885742e+00
-7.033892273902893066e-01,4.935521483421325684e-01
-8.261426687240600586e-01,-1.726119160652160645e+00
-1.983801424503326416e-01,1.837320625782012939e-01
-4.120385050773620605e-01,-1.314589500427246094e+00
1.206111431121826172e+00,-4.598149299621582031e+00
2.613126993179321289e+00,-3.238065719604492188e+00
-5.623538970947265625e+00,-1.181687116622924805e+00
-1.982264161109924316e+00,-1.875931978225708008e+00
-1.081889152526855469e+00,4.550572335720062256e-01
-6.342878341674804688e+00,8.863033726811408997e-03
3.413508892059326172e+00,-4.110120773315429688e+00
-3.066541910171508789e+00,2.157966852188110352e+00
-2.837075948715209961e+00,1.005004787445068359e+01
-1.626770019531250000e+00,-2.754524230957031250e+00
1.856308698654174805e+00,-3.394714593887329102e-01
1.449127316474914551e+00,2.662760496139526367e+00
3.387277126312255859e-01,-2.133854389190673828e+00
1.643166422843933105e+00,-8.324455022811889648e-01
2.751828432083129883e+00,3.284317627549171448e-02
2.614681124687194824e-01,8.255120515823364258e-01
4.321686029434204102e-01,2.779539525508880615e-01
-1.047724932432174683e-01,-9.931141734123229980e-01
-3.064041614532470703e+00,-2.469762802124023438e+00
-2.610813617706298828e+00,-1.090821266174316406e+00
5.078005790710449219e+00,-2.274694681167602539e+00
1.977770447731018066e+00,-1.409639231860637665e-02
-2.307369261980056763e-01,-1.163409352302551270e+00
-2.102676868438720703e+00,-5.919995307922363281e-01
-9.441226720809936523e-04,-2.055444002151489258e+00
-6.038810014724731445e-01,-6.253625750541687012e-01
5.226780414581298828e+00,-7.077892303466796875e+00
-4.244008064270019531e-01,-1.672598838806152344e+00
-2.111613512039184570e+00,-2.355844020843505859e+00
-2.648898363113403320e+00,-2.104843854904174805e+00
1.013670802116394043e+00,-4.440621376037597656e+00
8.164179325103759766e-01,-2.767886877059936523e+00
-2.275646328926086426e-01,-4.392128437757492065e-02
3.674790620803833008e+00,-9.465518951416015625e+00
-5.458581447601318359e-01,-9.548906087875366211e-01
-1.697991192340850830e-01,-1.956673711538314819e-01
1.171622425317764282e-01,5.841957032680511475e-02
-1.778124928474426270e+00,-3.170565128326416016e+00
-1.722770214080810547e+00,-1.679531574249267578e+00
-1.481695055961608887e+00,-5.227266788482666016e+00
-2.491102218627929688e+00,-3.427940845489501953e+00
-2.800888061523437500e+00,-3.263957738876342773e+00
1.099488377571105957e+00,6.421265006065368652e-01
-1.741961121559143066e+00,-3.504876613616943359e+00
-1.089996576309204102e+00,1.653242111206054688e-01
-5.848629474639892578e+00,-1.101490497589111328e+00
3.217836856842041016e+00,-1.037520408630371094e+00
2.891110658645629883e+00,-4.667506694793701172e+00
-5.861777782440185547e+00,-1.463890075683593750e+00
-5.885400772094726562e+00,-1.399655699729919434e+00
1.261017918586730957e+00,-5.011023879051208496e-01
-4.396627098321914673e-02,1.689330786466598511e-01
2.755379676818847656e-01,-2.526621580123901367e+00
-1.621500253677368164e-01,-2.972648441791534424e-01
1.297075748443603516e+00,1.688611745834350586e+00
-8.610813319683074951e-02,-2.354224771261215210e-01
1.032840371131896973e+00,-2.663343548774719238e-01
5.967807024717330933e-03,-8.432202786207199097e-02
2.617210745811462402e-01,1.956176161766052246e-01
9.063501358032226562e-01,-1.163455963134765625e+00
6.014983654022216797e-01,8.992828130722045898e-01
-2.103083729743957520e-01,-3.438516378402709961e+00
-7.274072170257568359e-01,2.638039737939834595e-02
1.951662778854370117e+00,-7.707156658172607422e+00
-4.120385050773620605e-01,-1.314589500427246094e+00
-1.929621934890747070e+00,-2.035614967346191406e+00
-6.326347351074218750e+00,-7.497572898864746094e-01
3.913397490978240967e-01,-3.700651884078979492e+00
2.988305330276489258e+00,-1.401246070861816406e+00
-2.955494165420532227e+00,-1.874982118606567383e+00
-1.684022068977355957e+00,-1.091500401496887207e+00
-2.552204430103302002e-01,-1.297064274549484253e-01
3.005956649780273438e+00,-7.153683185577392578e+00
-3.802230060100555420e-01,-1.376139640808105469e+00
3.048554897308349609e+00,-1.899329543113708496e+00
-4.335566997528076172e+00,-1.818322658538818359e+00
1.157115459442138672e+00,4.025750756263732910e-01
-2.479989767074584961e+00,2.686774969100952148e+00
-6.015232086181640625e+00,-4.288679957389831543e-01
-2.060106039047241211e+00,-3.653255939483642578e+00
-1.209738254547119141e-01,-8.303852379322052002e-02
-1.526770830154418945e+00,-2.414251118898391724e-01
-2.135794401168823242e+00,-4.684145003557205200e-02
-1.484623432159423828e+00,-5.369306802749633789e-01
2.693694114685058594e+00,-1.386128425598144531e+00
1.088801145553588867e+00,-7.870402932167053223e-01
-1.548099756240844727e+00,-2.277053594589233398e+00
4.416552066802978516e+00,-1.853097200393676758e+00
-1.994289755821228027e+00,-1.071032762527465820e+00
3.124026536941528320e+00,-4.440850734710693359e+00
4.635339736938476562e+00,-3.325207710266113281e+00
-2.682080030441284180e+00,-4.181355953216552734e+00
-2.663892805576324463e-01,9.381219744682312012e-01
4.579421043395996094e+00,-2.147237539291381836e+00
9.561185836791992188e-01,-3.561177492141723633e+00
-2.291083633899688721e-01,-1.636885762214660645e+00
3.225502014160156250e+00,-3.824872970581054688e+00
1.800796389579772949e+00,1.394175887107849121e-01
1.591740250587463379e-01,-1.727479696273803711e+00
2.326081752777099609e+00,-1.834011077880859375e+00
-1.891990184783935547e+00,-1.085975766181945801e+00
1.116888642311096191e+00,-1.608914136886596680e-01
1.567008793354034424e-01,-6.447168588638305664e-01
-4.096438407897949219e+00,-2.602093458175659180e+00
2.973713874816894531e+00,-6.063419342041015625e+00
1.527192592620849609e+00,8.861538767814636230e-01
1.903835386037826538e-01,8.208019286394119263e-02
-1.912644863128662109e+00,-1.081346035003662109e+00
1.738898605108261108e-01,-2.584849119186401367e+00
-6.071441620588302612e-02,-3.219931364059448242e+00
-8.350806236267089844e-01,2.344401925802230835e-01
3.736390545964241028e-02,-1.131401434540748596e-01
3.009023427963256836e+00,-1.150654196739196777e+00
1.765972375869750977e+00,-3.965072870254516602e+00
-3.238346338272094727e+00,-3.050080537796020508e+00
-2.161135375499725342e-01,-3.515399932861328125e+00
1.150789707899093628e-01,-2.140439748764038086e+00
1.133339285850524902e+00,-8.224708557128906250e+00
1.444509476423263550e-01,-2.714923858642578125e+00
-2.396901130676269531e+00,-1.574697256088256836e+00
-1.695496320724487305e+00,2.904497087001800537e-01
-4.961245954036712646e-01,2.926604747772216797e-01
-5.600750446319580078e-03,-2.649993896484375000e-01
-4.791618287563323975e-01,2.706239819526672363e-01
2.773443937301635742e+00,-2.739215850830078125e+00
-3.864387273788452148e-01,-1.194235324859619141e+00
-3.697486162185668945e+00,-2.825577497482299805e+00
1.533129096031188965e+00,-2.461937814950942993e-01
-2.188838720321655273e+00,2.911655902862548828e+00
7.810832858085632324e-01,-6.457940340042114258e-01
2.114552021026611328e+00,1.156072020530700684e+00
1.905872225761413574e+00,1.434777081012725830e-01
1.627625077962875366e-01,-1.025544524192810059e+00
-3.061651468276977539e+00,-3.392920732498168945e+00
3.696433827280998230e-02,-1.538379192352294922e+00
-3.959225863218307495e-02,-1.396647691726684570e+00
-2.029393315315246582e-01,-4.571082890033721924e-01
-2.497380733489990234e+00,-3.042321920394897461e+00
2.246880054473876953e+00,-3.143907546997070312e+00
-7.490468025207519531e-01,5.497115850448608398e-02
-1.370270550251007080e-01,-1.433938741683959961e+00
8.831202983856201172e-01,-4.651777267456054688e+00
-3.182709217071533203e-01,3.434288501739501953e-01
5.203698873519897461e-01,7.563582658767700195e-01
3.001068592071533203e+00,-9.453072547912597656e+00
4.655898809432983398e-01,-2.753499507904052734e+00
9.609580039978027344e-01,2.747332453727722168e-01
2.171087741851806641e+00,-3.359637260437011719e+00
-3.520703554153442383e+00,1.932713389396667480e-01
-1.024959802627563477e+00,6.013005971908569336e-01
5.195037648081779480e-02,2.836665511131286621e-01
-2.920428991317749023e+00,-2.187903881072998047e+00
-5.402483463287353516e+00,-2.634262561798095703e+00
3.341225385665893555e-01,-1.660017132759094238e+00
3.856797218322753906e+00,-3.766539573669433594e+00
-4.177700281143188477e-01,2.872578613460063934e-02
-4.326618015766143799e-01,4.861004650592803955e-01
1.314617633819580078e+00,1.966713428497314453e+00
1.272174596786499023e+00,-3.862563371658325195e+00
-2.269900083541870117e+00,-1.907682895660400391e+00
8.147899806499481201e-02,-2.842514514923095703e+00
-5.516673922538757324e-01,4.311035573482513428e-02
-1.157845616340637207e+00,3.812298774719238281e-01
5.345542430877685547e-01,6.905704140663146973e-01
-2.947021484375000000e+00,-2.086246490478515625e+00
-9.240803867578506470e-02,-2.866777479648590088e-01
-3.291459321975708008e+00,-2.155351161956787109e+00
-1.278960466384887695e+00,-4.283275902271270752e-01
1.053182244300842285e+00,-9.135671257972717285e-01
-1.086122274398803711e+00,-9.659063220024108887e-01
8.035234808921813965e-01,1.001595258712768555e+00
6.978676319122314453e-01,-2.616351127624511719e+00
-1.455706655979156494e-01,-3.138134241104125977e+00
-5.198193550109863281e+00,-7.511985778808593750e+00
-3.257207870483398438e+00,3.683248460292816162e-01
3.459681570529937744e-01,-3.970299720764160156e+00
-1.720650076866149902e+00,-8.871652185916900635e-02
-1.713490605354309082e+00,-2.332118749618530273e+00
-1.493340283632278442e-01,-4.489756107330322266e+00
-1.971433877944946289e+00,-1.609123349189758301e-01
-9.194523692131042480e-01,-2.316904783248901367e+00
-1.405308365821838379e+00,-4.241459846496582031e+00
-3.054244041442871094e+00,-2.227020740509033203e+00
-2.670839309692382812e+00,-2.061204195022583008e+00
-7.156144142150878906e+00,2.502219974994659424e-01
1.743806838989257812e+00,-2.764500379562377930e+00
-2.879588365554809570e+00,-2.482385396957397461e+00
-1.354720354080200195e+00,9.387298226356506348e-01
4.864660277962684631e-02,-7.321342080831527710e-02
6.766244173049926758e-01,-2.118143558502197266e+00
7.580531835556030273e-01,1.167088389396667480e+00
1.835795640945434570e+00,-2.691597461700439453e+00
3.075405955314636230e-01,-2.226453065872192383e+00
-1.217229723930358887e+00,-2.661906957626342773e+00
1.448922634124755859e+00,-1.714764118194580078e+00
1.371679663658142090e+00,6.700388789176940918e-01
4.698292016983032227e-01,-2.741979122161865234e+00
-4.039835035800933838e-01,3.222372531890869141e-01
2.363950490951538086e+00,-2.412274926900863647e-01
-2.131249159574508667e-01,2.786050736904144287e-01
1.112187147140502930e+00,9.850697517395019531e-01
-1.879588007926940918e+00,-1.146557927131652832e+00
-1.754858016967773438e+01,-1.533203363418579102e+00
3.899247407913208008e+00,-3.136775732040405273e+00
1.801125407218933105e-01,1.052058488130569458e-01
-3.247580766677856445e+00,2.448817640542984009e-01
1.795981377363204956e-01,-2.537348270416259766e+00
2.603993892669677734e+00,-4.262711048126220703e+00
3.215702533721923828e+00,-3.239501476287841797e+00
-1.311066865921020508e+00,-1.666484832763671875e+00
-2.487643003463745117e+00,-3.937314510345458984e+00
-4.809509277343750000e+00,-3.709192752838134766e+00
1.284320354461669922e-01,1.629908196628093719e-02
1.020323276519775391e+00,-1.165711402893066406e+00
-6.451582908630371094e-01,-2.418713092803955078e+00
7.788180708885192871e-01,-4.891662120819091797e+00
-1.811908364295959473e+00,-1.096991658210754395e+00
-2.111613512039184570e+00,-2.355844020843505859e+00
-6.665694713592529297e+00,-6.582093238830566406e-01
1.671930193901062012e+00,-1.008710265159606934e+00
-1.513326525688171387e+00,-1.720745086669921875e+00
1.165980219841003418e+00,5.421459078788757324e-01
-6.560047626495361328e+00,1.937876582145690918e+00
5.325399398803710938e+00,-1.656188368797302246e+00
1.536707639694213867e+00,-2.294653892517089844e+00
-6.422930717468261719e+00,-1.906093120574951172e+00
1.128056049346923828e-01,-4.175127297639846802e-02
6.325972080230712891e-01,5.734227895736694336e-01
-2.359924763441085815e-01,1.035981774330139160e-01
-9.403353929519653320e-01,-1.877925992012023926e-01
-4.809509277343750000e+00,-3.709192752838134766e+00
3.040073871612548828e+00,-4.248870372772216797e+00
1.684556752443313599e-01,-1.797112584114074707e+00
-8.534097075462341309e-01,6.983896493911743164e-01
2.071879625320434570e+00,-3.911590814590454102e+00
5.296185016632080078e-01,-3.731753349304199219e+00
-8.614186286926269531e+00,2.183851003646850586e+00
1.627407908439636230e+00,-2.595781326293945312e+00
-1.617817208170890808e-02,-8.399989604949951172e-01
5.216978549957275391e+00,-9.794742584228515625e+00
-1.709249317646026611e-01,1.749230772256851196e-01
-1.061655044555664062e+00,-1.032579615712165833e-01
-2.243007272481918335e-01,-1.598823904991149902e+00
-1.778124928474426270e+00,-3.170565128326416016e+00
3.862968981266021729e-01,-2.868128776550292969e+00
-1.535257577896118164e+00,-3.850149810314178467e-01
2.643388748168945312e+00,-3.566915273666381836e+00
1.491311192512512207e-01,-2.673954725265502930e+00
-1.491406112909317017e-01,-7.746707201004028320e-01
-8.282739639282226562e+00,4.969618469476699829e-02
9.146137535572052002e-02,-5.878641456365585327e-02
-6.773620247840881348e-01,7.560539245605468750e-02
1.261190056800842285e+00,-3.259232044219970703e+00
3.100329637527465820e+00,-3.782697200775146484e+00
-7.525073528289794922e+00,7.932439446449279785e-01
3.515342175960540771e-01,-2.761440753936767578e+00
-2.835893332958221436e-01,3.432978987693786621e-01
-1.051777005195617676e+00,-3.656353950500488281e-01
5.290288105607032776e-02,7.881156355142593384e-02
-7.152948856353759766e+00,1.534164845943450928e-01
-3.237730026245117188e+00,-3.046801805496215820e+00
1.561722397804260254e+00,-2.136424779891967773e+00
-5.402909278869628906e+00,-8.057354688644409180e-01
9.592304229736328125e-01,4.017910063266754150e-01
-2.691187381744384766e+00,-2.014583587646484375e+00
-7.063904762268066406e+00,-1.819730639457702637e+00
-9.321535229682922363e-01,-5.982694625854492188e-01
-3.310187101364135742e+00,4.317972809076309204e-03
-5.883291959762573242e-01,6.476014852523803711e-01
-4.439868628978729248e-01,-3.142955601215362549e-01
1.759242773056030273e+00,-2.404164314270019531e+00
8.995178341865539551e-01,-1.970406651496887207e+00
7.385641932487487793e-01,-2.285982608795166016e+00
-7.250326156616210938e+00,6.441372632980346680e-01
5.539086461067199707e-01,7.067353725433349609e-01
1.039418578147888184e+00,-4.268459320068359375e+00
2.823824882507324219e+00,-2.777207612991333008e+00
-1.283126175403594971e-01,-1.661121010780334473e+00
6.373512148857116699e-01,-1.484781622886657715e+00
-6.586427092552185059e-01,5.880328416824340820e-01
-3.608944892883300781e+00,-7.016994357109069824e-01
2.688979387283325195e+00,-9.277716636657714844e+00
-7.765833735466003418e-01,-6.691747158765792847e-02
-2.031407833099365234e+00,-1.403108000755310059e+00
-3.697065114974975586e-01,1.896165758371353149e-01
9.750080108642578125e-01,-4.830905437469482422e+00
-4.643695354461669922e+00,-9.299495220184326172e-01
-4.483459472656250000e+00,2.788202285766601562e+00
1.363871246576309204e-01,-2.231335878372192383e+00
-1.926458030939102173e-01,-3.802948236465454102e+00
-4.299507141113281250e-01,-1.034018769860267639e-01
6.516871452331542969e-01,-1.061979174613952637e+00
-2.604171037673950195e-01,3.991838917136192322e-02
-3.344523310661315918e-01,-2.598456859588623047e+00
-2.075705677270889282e-01,-1.385736107826232910e+00
1.002868938446044922e+01,-3.712811708450317383e+00
-1.567963212728500366e-01,4.109861254692077637e-01
-7.330438137054443359e+00,-4.448708534240722656e+00
-1.689118385314941406e+01,8.417709350585937500e+00
-1.245928645133972168e+00,-3.511946201324462891e+00
-6.869480013847351074e-01,-3.276320934295654297e+00
-6.282494068145751953e-01,-1.404023647308349609e+00
-6.961231827735900879e-01,-1.865708112716674805e+00
-6.604556083679199219e+00,-1.406148433685302734e+00
2.132621765136718750e+00,-2.603956699371337891e+00
-1.124831318855285645e+00,-2.072022199630737305e+00
1.874217152595520020e+00,-4.718380570411682129e-01
-6.238705515861511230e-01,-2.226538419723510742e+00
7.732597589492797852e-01,-1.681401848793029785e+00
4.215697765350341797e+00,-5.287832736968994141e+00
1.776170253753662109e+00,-2.038064002990722656e+00
-3.318507432937622070e+00,4.167862534523010254e-01
-4.942999839782714844e+00,-2.071098566055297852e+00
-4.011436998844146729e-01,2.745611369609832764e-01
-1.220901608467102051e+00,3.711239397525787354e-01
-2.428775280714035034e-01,7.828938364982604980e-01
-5.020296573638916016e-01,8.918526172637939453e-01
-4.909917354583740234e+00,1.936220884323120117e+00
1.491146802902221680e+00,-1.698771715164184570e+00
2.804823637008666992e+00,-9.887431263923645020e-01
-2.276441335678100586e+00,-2.879159688949584961e+00
-8.499274849891662598e-01,-8.602385520935058594e-01
1.329894810914993286e-01,-2.150819778442382812e+00
2.627200365066528320e+00,1.074319243431091309e+00
9.328079223632812500e-01,-4.916708946228027344e+00
-2.029393315315246582e-01,-4.571082890033721924e-01
4.297134399414062500e+00,-6.303704977035522461e-01
2.023301362991333008e+00,1.428491115570068359e+00
-9.710232615470886230e-01,6.369915008544921875e-01
2.291502237319946289e+00,-3.184556961059570312e+00
-1.324540853500366211e+00,-1.177262738347053528e-01
1.905975341796875000e+00,-1.573433130979537964e-01
-4.311357736587524414e-01,-1.036605358123779297e+00
-9.033981561660766602e-01,-2.747401237487792969e+00
-3.182709217071533203e-01,3.434288501739501953e-01
-1.862932443618774414e+00,-4.016163051128387451e-01
-5.738934874534606934e-01,-3.416238784790039062e+00
1.492649614810943604e-01,-1.629201889038085938e+00
-2.445314168930053711e+00,8.444430679082870483e-02
-9.704023599624633789e-01,-8.782408714294433594e+00
-2.445314168930053711e+00,8.444430679082870483e-02
-2.939816474914550781e+00,2.575908660888671875e+00
8.474092185497283936e-02,3.197008371353149414e-01
1.105914592742919922e+00,-3.730926513671875000e+00
-4.311357736587524414e-01,-1.036605358123779297e+00
3.123159110546112061e-01,8.991350531578063965e-01
-1.807674407958984375e+00,-1.321383833885192871e+00
1.040313124656677246e+00,-1.516823887825012207e+00
9.466949701309204102e-01,1.241023302078247070e+00
-5.287443399429321289e-01,1.069071292877197266e+00
-3.747940301895141602e+00,-2.648535966873168945e+00
-3.876462876796722412e-01,3.995465934276580811e-01
1.304499208927154541e-01,-2.996812343597412109e+00
-4.997393488883972168e-01,-6.966222286224365234e+00
3.295925632119178772e-02,-2.627734899520874023e+00
-8.089950084686279297e-01,2.069823145866394043e-01
7.096878886222839355e-01,-2.518134832382202148e+00
5.995520353317260742e-01,-6.471680402755737305e-01
5.405885219573974609e+00,-9.725592613220214844e+00
2.616438567638397217e-01,4.564074575901031494e-01
-2.633356094360351562e+00,-3.071347713470458984e+00
-1.350692868232727051e+00,9.754664301872253418e-01
3.469194412231445312e+00,-5.557566642761230469e+00
-1.728523612022399902e+00,1.665741056203842163e-01
-9.392766952514648438e+00,-4.225222766399383545e-01
-7.778238505125045776e-03,5.593192577362060547e-01
-8.535604476928710938e-01,1.839973777532577515e-01
-1.097125887870788574e+00,5.903108119964599609e-01
-8.764546394348144531e+00,-1.767334699630737305e+00
-2.282501935958862305e+00,3.655423820018768311e-01
-8.631348609924316406e+00,-2.048420667648315430e+00
-3.000385522842407227e+00,3.227858304977416992e+00
-5.066345930099487305e-01,5.080976486206054688e-01
-1.259269416332244873e-01,-1.454756140708923340e+00
-1.324077844619750977e+00,-2.908700704574584961e-01
-5.686233043670654297e-01,8.525957465171813965e-01
-1.540846467018127441e+00,-2.359357029199600220e-01
-1.185199379920959473e+00,-1.213458418846130371e+00
2.336817979812622070e-01,-1.523321151733398438e+00
-7.330438137054443359e+00,-4.448708534240722656e+00
-3.102894544601440430e+00,-3.653719186782836914e+00
3.071512877941131592e-01,4.462112858891487122e-02
-6.204239368438720703e+00,-6.320958137512207031e-01
-2.008090496063232422e+00,-1.107123613357543945e+00
-6.857264041900634766e-01,1.803011298179626465e-01
-8.946719169616699219e+00,-7.441058158874511719e-01
1.701584219932556152e+00,-2.646521806716918945e+00
-2.434836149215698242e+00,-6.742036342620849609e+00
-4.675811529159545898e-01,-1.141673207283020020e+00
-3.229796171188354492e+00,-2.206007003784179688e+00
-6.478625535964965820e-02,-6.619029492139816284e-02
-4.124959707260131836e-01,6.001710891723632812e-01
3.866256773471832275e-01,-2.869644880294799805e+00
-2.119227409362792969e+00,3.829736709594726562e-01
-2.914229869842529297e+00,2.300370484590530396e-01
1.615500688552856445e+00,9.818122386932373047e-01
-3.498697757720947266e+00,-1.746246337890625000e+00
-2.305451154708862305e+00,-2.623811006546020508e+00
-2.662759304046630859e+00,1.143453717231750488e+00
6.766244173049926758e-01,-2.118143558502197266e+00
4.956700325012207031e+00,-3.374170780181884766e+00
2.073407649993896484e+00,-2.036959886550903320e+00
-1.526770830154418945e+00,-2.414251118898391724e-01
-2.611544370651245117e+00,-5.919399261474609375e+00
-2.706627368927001953e+00,2.081753969192504883e+00
2.755379676818847656e-01,-2.526621580123901367e+00
-9.554789960384368896e-02,-1.588514924049377441e+00
-1.086367011070251465e+00,-1.872207522392272949e+00
-3.088605105876922607e-01,-1.254135072231292725e-01
-5.200033187866210938e+00,1.365432858467102051e+00
-2.742612123489379883e+00,-2.577995300292968750e+00
-6.665694713592529297e+00,-6.582093238830566406e-01
-2.338139057159423828e+00,1.801857590675354004e+00
3.022471427917480469e+00,-2.629900693893432617e+00
3.979240179061889648e+00,-9.454109191894531250e+00
-8.534097075462341309e-01,6.983896493911743164e-01
1.151619434356689453e+00,-2.484604835510253906e+00
-4.828178405761718750e+00,-4.914296150207519531e+00
-1.572672605514526367e+00,5.505781769752502441e-01
-3.929380655288696289e+00,-2.507908821105957031e+00
-3.666113913059234619e-01,3.667164444923400879e-01
-2.361468076705932617e+00,-1.217084527015686035e+00
-3.652653694152832031e-01,2.534512281417846680e-01
1.079077124595642090e+00,-3.678422212600708008e+00
-2.496435880661010742e+00,2.682507991790771484e+00
-1.793621540069580078e+00,-6.118468046188354492e-01
-4.420435130596160889e-01,4.851473271846771240e-01
-4.824149608612060547e-01,-4.852409958839416504e-01
-4.784029483795166016e+00,-2.916838645935058594e+00
-4.728198051452636719e-01,3.392687141895294189e-01
9.144029617309570312e-01,-2.242777347564697266e+00
3.484251499176025391e+00,-4.991423606872558594e+00
-3.277852773666381836e+00,2.066843748092651367e+00
1.840882301330566406e+00,-3.913193225860595703e+00
3.599848151206970215e-01,-9.924284815788269043e-01
-3.240467011928558350e-01,-1.484502315521240234e+00
-1.259386777877807617e+00,-1.254153847694396973e+00
-6.560047626495361328e+00,1.937876582145690918e+00
-1.106063485145568848e+00,-5.804814100265502930e-01
-1.660339474678039551e+00,-2.314277172088623047e+00
-1.185199379920959473e+00,-1.213458418846130371e+00
-3.004404306411743164e+00,-3.455212593078613281e+00
-8.676532506942749023e-01,-3.082349598407745361e-01
-2.920506000518798828e-01,-4.075239002704620361e-01
1.123408913612365723e+00,-1.215223789215087891e+00
1.171797156333923340e+00,-4.716109275817871094e+00
-4.409171044826507568e-01,-1.279773235321044922e+00
2.479020833969116211e+00,-3.901122331619262695e+00
-2.763684988021850586e+00,-2.338205814361572266e+00
5.678275823593139648e-01,7.571682929992675781e-01
3.497386455535888672e+00,-2.813811063766479492e+00
5.198058485984802246e-01,-4.074789524078369141e+00
2.757089138031005859e+00,-2.273245811462402344e+00
-3.740088701248168945e+00,-1.908427357673645020e+00
1.716506108641624451e-02,-2.908707261085510254e-01
-1.953341007232666016e+00,2.739343881607055664e+00
9.610693454742431641e-01,1.078065156936645508e+00
-2.262516975402832031e+00,-1.833844184875488281e+00
-1.002450466156005859e+00,-1.469944477081298828e+00
-6.567287445068359375e-01,-2.257200144231319427e-02
-3.768558025360107422e+00,-4.485268115997314453e+00
-2.058986425399780273e+00,-2.576526641845703125e+00
2.323870420455932617e+00,-5.914381146430969238e-01
1.259341359138488770e+00,6.262490153312683105e-01
-1.689118385314941406e+01,8.417709350585937500e+00
-3.004848957061767578e+00,-2.951055526733398438e+00
1.608495116233825684e+00,-4.504708290100097656e+00
-1.361580938100814819e-01,2.700516879558563232e-01
-5.105321407318115234e-01,-1.566727876663208008e+00
-8.562438488006591797e-01,2.109055072069168091e-01
-7.366501331329345703e+00,-1.878553748130798340e+00
5.084734559059143066e-01,5.947988033294677734e-01
-1.148542404174804688e+00,-2.729848623275756836e+00
-2.876977920532226562e+00,-3.844421148300170898e+00
-1.743757128715515137e+00,-1.768010854721069336e+00
-2.049048900604248047e+00,-8.979165554046630859e-02
-7.464640617370605469e+00,-1.946936368942260742e+00
-1.509128451347351074e+00,-1.024830102920532227e+00
-1.420475721359252930e+00,-2.688966393470764160e-01
-1.587780356407165527e+00,1.949856638908386230e+00
-1.567925930023193359e+00,-1.723740577697753906e+00
-1.086122274398803711e+00,-9.659063220024108887e-01
9.261522293090820312e-01,1.760084331035614014e-01
6.507674694061279297e+00,-6.214572906494140625e+00
-3.556369066238403320e+00,-2.703999757766723633e+00
1.216714024543762207e+00,1.434729576110839844e+00
2.841727018356323242e+00,8.756880760192871094e-01
-6.028730392456054688e+00,3.718602180480957031e+00
-2.704322934150695801e-01,-1.355450868606567383e+00
-1.620011180639266968e-01,-4.006603360176086426e-01
-4.619676113128662109e+00,-3.647445440292358398e+00
-2.219719886779785156e+00,3.170061111450195312e+00
6.016829967498779297e+00,-1.396891288459300995e-02
1.221996188163757324e+00,-3.984613180160522461e+00
1.681315302848815918e-01,-2.250040292739868164e+00
-2.710729837417602539e+00,-2.758777618408203125e+00
-7.797571420669555664e-01,-1.473298668861389160e+00
3.437498092651367188e+00,-9.797272086143493652e-01
1.350726246833801270e+00,6.438323259353637695e-01
1.302225708961486816e+00,-2.137557744979858398e+00
1.045723199844360352e+00,-5.881814956665039062e-01
-4.537757039070129395e-01,-3.613309562206268311e-01
9.328079223632812500e-01,-4.916708946228027344e+00
-3.061651468276977539e+00,-3.392920732498168945e+00
-8.994382023811340332e-01,-1.943302601575851440e-01
4.733283519744873047e-01,-6.695776581764221191e-01
-2.487643003463745117e+00,-3.937314510345458984e+00
-4.888350009918212891e+00,-2.958133518695831299e-01
2.031341791152954102e-01,-5.778434276580810547e+00
-1.948591709136962891e+00,-1.653785705566406250e+00
-5.856485366821289062e-01,-6.526516675949096680e-01
-1.615677595138549805e+00,-3.807854890823364258e+00
-2.736109495162963867e+00,1.857007026672363281e+00
2.544401168823242188e+00,-2.683611154556274414e+00
-2.059292316436767578e+00,-7.123320579528808594e+00
1.313249707221984863e+00,4.745667934417724609e+00
-4.367232620716094971e-01,4.933518767356872559e-01
-2.824991464614868164e+00,1.757617115974426270e+00
1.620694637298583984e+00,-3.701958179473876953e+00
-1.406622052192687988e+00,-1.454654812812805176e+00
4.439740478992462158e-01,-1.000247836112976074e+00
-4.462316930294036865e-01,-1.299498438835144043e+00
-2.957473993301391602e+00,-8.367006182670593262e-01
-6.776054859161376953e+00,-1.220574855804443359e+00
-1.796421594917774200e-02,1.567212864756584167e-03
-1.991604864597320557e-01,3.046250939369201660e-01
-5.893271565437316895e-01,3.436929881572723389e-01
-4.326153278350830078e+00,-4.299884319305419922e+00
-1.122062921524047852e+00,-1.081501126289367676e+00
1.018388390541076660e+00,1.373316287994384766e+00
1.777784705162048340e+00,-3.329046249389648438e+00
-2.230901479721069336e+00,-2.098543167114257812e+00
1.279589414596557617e+00,-3.911986589431762695e+00
6.850719451904296875e+00,-3.018312931060791016e+00
-4.071318149566650391e+00,-3.978162050247192383e+00
-1.770394444465637207e+00,-9.682401269674301147e-02
-8.083351254463195801e-01,2.649575769901275635e-01
2.831203699111938477e+00,-3.623297929763793945e+00
4.439027786254882812e+00,-4.200584411621093750e+00
2.326081752777099609e+00,-1.834011077880859375e+00
1.587442457675933838e-01,-2.817143440246582031e+00
1.045723199844360352e+00,-5.881814956665039062e-01
4.870635867118835449e-01,-1.848017215728759766e+00
1.451026648283004761e-02,8.840300142765045166e-02
8.588320612907409668e-01,7.908911705017089844e-01
-4.533884048461914062e+00,-5.937591075897216797e+00
-3.491958379745483398e-01,2.719831466674804688e-01
-1.366617774963378906e+01,-2.244601726531982422e+00
-9.440490007400512695e-01,-4.882726192474365234e+00
2.071879625320434570e+00,-3.911590814590454102e+00
2.335734069347381592e-01,-7.323008179664611816e-01
-1.742338687181472778e-01,4.559671878814697266e-01
-1.245850920677185059e+00,-2.569682121276855469e+00
1.048060655593872070e+00,1.440784692764282227e+00
1.304445385932922363e+00,-3.890580654144287109e+00
-2.807872056961059570e+00,-4.255670547485351562e+00
-2.663892805576324463e-01,9.381219744682312012e-01
2.318188920617103577e-02,-2.215530395507812500e+00
1.357517480850219727e+00,-7.555071711540222168e-01
6.582658886909484863e-01,1.212193012237548828e+00
-4.128475189208984375e+00,4.292364120483398438e+00
-9.564492106437683105e-01,-3.935463726520538330e-01
-1.100277781486511230e+00,5.165091156959533691e-01
-1.551530599594116211e+00,-7.150288820266723633e-01
-2.986044287681579590e-01,3.752389848232269287e-01
1.161922693252563477e+00,7.859719395637512207e-01
-6.238705515861511230e-01,-2.226538419723510742e+00
5.699540972709655762e-01,-1.028725579380989075e-01
6.409729719161987305e-01,-1.011059507727622986e-01
1.910037040710449219e+00,-1.176841139793395996e+00
-1.859933614730834961e+00,-1.276564598083496094e+00
-2.717190980911254883e+00,-2.984714031219482422e+00
7.042360305786132812e-01,8.278838396072387695e-01
3.687177896499633789e+00,-3.430505275726318359e+00
-1.987581610679626465e+00,-3.254320621490478516e+00
7.810832858085632324e-01,-6.457940340042114258e-01
7.066656649112701416e-02,-2.607491970062255859e+00
5.346636772155761719e+00,-7.754348278045654297e+00
2.062947988510131836e+00,-3.073184967041015625e+00
1.758357167243957520e+00,-2.891097784042358398e+00
1.684556752443313599e-01,-1.797112584114074707e+00
2.831985235214233398e+00,-1.315570354461669922e+00
-1.831265240907669067e-01,-1.545244574546813965e+00
-9.560522437095642090e-01,6.778454184532165527e-01
1.551443934440612793e-01,-3.052134625613689423e-02
1.297075748443603516e+00,1.688611745834350586e+00
4.630511999130249023e-01,5.636078715324401855e-01
-1.385375022888183594e+00,-5.355234146118164062e-01
2.843725204467773438e+00,-2.987885236740112305e+00
-4.508144855499267578e+00,-2.662420988082885742e+00
-2.782959461212158203e+00,2.487170934677124023e+00
-1.410940885543823242e+00,-3.654459714889526367e+00
3.459681570529937744e-01,-3.970299720764160156e+00
-2.405735492706298828e+00,-4.358263015747070312e+00
6.510828733444213867e-01,-1.684729576110839844e+00
-6.965216159820556641e+00,-4.772710204124450684e-01
4.474279403686523438e+00,-7.053335189819335938e+00
-1.986172199249267578e+00,-2.976830720901489258e+00
-1.567963212728500366e-01,4.109861254692077637e-01
-6.002474308013916016e+00,-1.004557728767395020e+00
1.529892683029174805e+00,-6.192139148712158203e+00
-1.142447829246520996e+00,-4.669017195701599121e-01
-1.775868773460388184e+00,-3.017730236053466797e+00
-4.462316930294036865e-01,-1.299498438835144043e+00
-3.381194353103637695e+00,-2.655614137649536133e+00
-2.904986381530761719e+00,-1.031313657760620117e+00
9.561185836791992188e-01,-3.561177492141723633e+00
1.482454299926757812e+00,-4.603410243988037109e+00
2.029411643743515015e-01,-2.351058006286621094e+00
1.889301657676696777e+00,-4.091230869293212891e+00
3.017368555068969727e+00,-1.328978419303894043e+00
-1.130896210670471191e+00,8.214581012725830078e-01
1.336408138275146484e+00,-5.944857597351074219e-01
-4.032783985137939453e+00,6.127631187438964844e+00
1.909066364169120789e-02,2.956224977970123291e-01
1.878189444541931152e-01,-3.771563619375228882e-02
2.640520095825195312e+00,-8.648172378540039062e+00
-3.109056353569030762e-01,-2.435552597045898438e+00
-2.540388703346252441e-01,-3.226801156997680664e+00
-3.270308971405029297e+00,-2.294158458709716797e+00
-5.355472087860107422e+00,-5.535276889801025391e+00
1.668227836489677429e-02,1.284898817539215088e-01
3.881062567234039307e-01,1.475683450698852539e-01
-1.330252408981323242e+00,1.534745335578918457e+00
-1.753678560256958008e+00,1.300975799560546875e+00
5.714177489280700684e-01,5.289600789546966553e-02
2.034414529800415039e+00,-1.882633090019226074e+00
2.385070800781250000e+00,1.380539894104003906e+00
3.230124711990356445e-01,-1.678108215332031250e+00
-4.468177631497383118e-02,-1.528356410562992096e-02
-4.039835035800933838e-01,3.222372531890869141e-01
-5.629664286971092224e-02,-1.990992188453674316e+00
-4.037878990173339844e+00,-2.047303199768066406e+00
-1.126718401908874512e+00,-6.792292594909667969e-01
1.307567596435546875e+00,-4.296268463134765625e+00
-8.577725887298583984e-01,-1.589389801025390625e+00
-4.989756643772125244e-01,-7.213318943977355957e-01
1.316368460655212402e+00,-6.013870239257812500e-02
2.262611389160156250e-01,-3.230412721633911133e+00
5.641136169433593750e-01,-5.018472194671630859e+00
1.365997344255447388e-01,1.374497264623641968e-01
6.308771610260009766e+00,-7.468205928802490234e+00
8.341649174690246582e-01,1.632988810539245605e+00
6.014983654022216797e-01,8.992828130722045898e-01
-3.598703816533088684e-02,-1.927213072776794434e+00
3.799098253250122070e+00,-1.361238718032836914e+00
4.442864358425140381e-01,-3.058484077453613281e+00
1.336408138275146484e+00,-5.944857597351074219e-01
-1.733313083648681641e+00,1.087125897407531738e+00
-6.896472722291946411e-02,-1.010325923562049866e-01
-2.179669857025146484e+00,-2.167726516723632812e+00
2.650632143020629883e+00,-2.270343780517578125e+00
-2.655824720859527588e-01,1.928713023662567139e-01
-1.631059408187866211e+00,-3.140963077545166016e+00
-1.298998951911926270e+00,6.594223380088806152e-01
1.654669046401977539e+00,-3.863121569156646729e-01
1.923856511712074280e-02,-1.195634827017784119e-01
-5.033914446830749512e-01,8.468934893608093262e-01
-9.070940613746643066e-01,1.390920996665954590e+00
1.113016158342361450e-01,2.083872109651565552e-01
-1.168452858924865723e+00,-2.424621582031250000e+00
1.161922693252563477e+00,7.859719395637512207e-01
2.797982454299926758e+00,-3.199982881546020508e+00
-3.066600561141967773e+00,1.860009431838989258e+00
-3.679698705673217773e+00,-2.347038269042968750e+00
-3.610169142484664917e-02,-2.618345320224761963e-01
4.181517064571380615e-01,-2.408051729202270508e+00
5.372208356857299805e-01,-1.911203622817993164e+00
-2.715245008468627930e+00,-2.622597932815551758e+00
-3.019436836242675781e+00,3.057067871093750000e+00
-5.738934874534606934e-01,-3.416238784790039062e+00
1.094505071640014648e+00,-2.928428173065185547e+00
-7.019032835960388184e-01,-5.567311644554138184e-01
3.723901748657226562e+00,-2.134565353393554688e+00
-2.993704676628112793e-01,-1.372645020484924316e+00
-1.530152797698974609e+00,-8.708732128143310547e-01
-2.391832590103149414e+00,-2.292463302612304688e+00
-5.961220860481262207e-01,1.048350095748901367e+00
-1.194193363189697266e-01,7.607594132423400879e-03
1.895682066679000854e-01,-2.538817644119262695e+00
-9.293516159057617188e+00,4.863096773624420166e-02
2.134993076324462891e+00,-8.558433532714843750e+00
6.516871452331542969e-01,-1.061979174613952637e+00
3.082216024398803711e+00,-3.803086280822753906e+00
2.678293704986572266e+00,6.507133245468139648e-01
3.799098253250122070e+00,-1.361238718032836914e+00
2.738492488861083984e-01,-1.566044986248016357e-01
-4.330311417579650879e-01,1.556173264980316162e-01
-9.806125164031982422e-01,5.159804224967956543e-01
2.354874849319458008e+00,-9.370744824409484863e-01
3.931548595428466797e-01,3.224220991134643555e+00
1.307714819908142090e+00,-4.260437488555908203e+00
6.850719451904296875e+00,-3.018312931060791016e+00
-9.988039970397949219e+00,-2.751096487045288086e+00
2.219429314136505127e-01,1.915436834096908569e-01
-6.261890530586242676e-01,-5.126889944076538086e-01
-2.358941078186035156e+00,-2.741626977920532227e+00
-2.607031822204589844e+00,-1.816668748855590820e+00
3.253611087799072266e+00,2.582193613052368164e+00
2.240700423717498779e-01,-3.300905227661132812e-02
9.469575285911560059e-01,5.744395852088928223e-01
1.535526990890502930e+00,-1.845576524734497070e+00
1.210843205451965332e+00,-4.921411037445068359e+00
-3.590811252593994141e+00,-2.152038335800170898e+00
4.089848041534423828e+00,-1.725357413291931152e+00
4.184017181396484375e+00,-5.140081882476806641e+00
-7.224917411804199219e+00,-1.096618652343750000e+00
1.469223856925964355e+00,-1.925420641899108887e+00
-6.552640199661254883e-01,-2.117363810539245605e-01
-2.897582292556762695e+00,-1.673483848571777344e+00
1.785988211631774902e+00,-5.874648690223693848e-01
-2.131399154663085938e+00,2.879250526428222656e+00
3.130092322826385498e-01,-1.519705355167388916e-01
1.211268305778503418e-01,-2.144898176193237305e+00
2.315030395984649658e-01,-2.746018648147583008e+00
-9.231506347656250000e+00,-6.109263420104980469e+00
-9.218343496322631836e-01,-4.720963954925537109e+00
-1.487194538116455078e+00,-1.617609858512878418e+00
-1.017525792121887207e+00,1.622726321220397949e-01
-1.434934496879577637e+00,-2.925133705139160156e+00
9.154655337333679199e-01,1.321018934249877930e+00
4.396064758300781250e+00,-6.220827698707580566e-01
-2.266159534454345703e+00,-5.420551300048828125e-01
1.112187147140502930e+00,9.850697517395019531e-01
-3.054244041442871094e+00,-2.227020740509033203e+00
-4.772691428661346436e-01,1.823866516351699829e-01
-2.109076827764511108e-03,-3.170150041580200195e+00
5.645958781242370605e-01,5.080556273460388184e-01
1.279589414596557617e+00,-3.911986589431762695e+00
-4.784029483795166016e+00,-2.916838645935058594e+00
-2.610813617706298828e+00,-1.090821266174316406e+00
7.171003818511962891e-01,2.555031180381774902e-01
7.098102569580078125e-02,-6.379518657922744751e-02
4.089850425720214844e+00,-2.958386182785034180e+00
8.467924594879150391e-01,-3.502763032913208008e+00
-1.481695055961608887e+00,-5.227266788482666016e+00
-4.785936474800109863e-01,-2.020912408828735352e+00
-3.158662915229797363e-01,-4.376699924468994141e+00
-6.975311636924743652e-01,2.399966493248939514e-02
-1.646311759948730469e+00,-2.782005548477172852e+00
8.126813173294067383e-01,-3.787787437438964844e+00
-3.231449127197265625e+00,-3.263046026229858398e+00
2.181360483169555664e+00,-2.509217023849487305e+00
-6.455197334289550781e-01,-4.976053833961486816e-01
1.030568003654479980e+00,-3.659650325775146484e+00
-5.200033187866210938e+00,1.365432858467102051e+00
-2.542579174041748047e-02,-7.611896842718124390e-02
6.409729719161987305e-01,-1.011059507727622986e-01
-5.256619930267333984e+00,-1.063442826271057129e+00
-4.071318149566650391e+00,-3.978162050247192383e+00
-1.127115249633789062e+00,-1.091380238533020020e+00
-1.407704234123229980e+00,-3.184730529785156250e+00
-1.540846467018127441e+00,-2.359357029199600220e-01
9.178190827369689941e-01,-3.906511783599853516e+00
2.126517295837402344e+00,-2.828156709671020508e+00
-2.427482604980468750e+00,-3.051595449447631836e+00
3.723901748657226562e+00,-2.134565353393554688e+00
-2.673536539077758789e+00,1.148044705390930176e+00
1.107776284217834473e+00,2.199500799179077148e+00
-1.879797875881195068e-01,3.449564576148986816e-01
-5.181096196174621582e-01,-1.453851938247680664e+00
-9.704023599624633789e-01,-8.782408714294433594e+00
-2.356994390487670898e+00,-4.321098327636718750e+00
-5.711776018142700195e-01,-1.823149621486663818e-01
-5.316621065139770508e-02,-4.144137859344482422e+00
3.981037437915802002e-01,-2.435835361480712891e+00
7.066656649112701416e-02,-2.607491970062255859e+00
-2.682080030441284180e+00,-4.181355953216552734e+00
1.141965746879577637e+00,-1.608846306800842285e+00
1.396934866905212402e+00,-8.114767670631408691e-01
-6.567287445068359375e-01,-2.257200144231319427e-02
4.913024231791496277e-02,-2.339465618133544922e+00
-1.408932328224182129e+00,-3.496896624565124512e-01
-1.130896210670471191e+00,8.214581012725830078e-01
1.363871246576309204e-01,-2.231335878372192383e+00
-3.639848828315734863e-01,-6.416518211364746094e+00
1.925816759467124939e-02,-1.595003366470336914e+00
-7.932727813720703125e+00,-1.336266517639160156e+00
-1.564918637275695801e+00,-4.602793693542480469e+00
-3.231449127197265625e+00,-3.263046026229858398e+00
-4.315920472145080566e-01,4.561954736709594727e-01
-2.000776529312133789e+00,-2.732910871505737305e+00
3.124026536941528320e+00,-4.440850734710693359e+00
-1.525434017181396484e+00,-1.897851705551147461e+00
3.949839115142822266e+00,-2.160528421401977539e+00
-6.107177734375000000e-01,1.109318062663078308e-01
-2.263776302337646484e+00,-3.067047335207462311e-02
2.315030395984649658e-01,-2.746018648147583008e+00
5.216978549957275391e+00,-9.794742584228515625e+00
6.839890480041503906e-01,-3.119368314743041992e+00
4.056814685463905334e-02,2.824743092060089111e-01
1.840882301330566406e+00,-3.913193225860595703e+00
1.293477177619934082e+00,3.227764666080474854e-01
-1.866557896137237549e-01,-1.611020684242248535e+00
-3.089359760284423828e+00,-4.800756454467773438e+00
-1.720384240150451660e+00,-1.126612186431884766e+00
-5.692386150360107422e+00,-5.788093090057373047e+00
-1.428197473287582397e-01,-2.312816143035888672e+00
1.296138390898704529e-02,5.510838329792022705e-02
-2.799548208713531494e-01,-5.724001526832580566e-01
1.194847971200942993e-01,1.197978854179382324e-03
-4.657341480255126953e+00,-3.875076055526733398e+00
-4.200046658515930176e-01,-3.549353361129760742e+00
8.035234808921813965e-01,1.001595258712768555e+00
1.854621410369873047e+00,-3.017272233963012695e+00
-2.384206056594848633e+00,-1.612986922264099121e+00
1.284320354461669922e-01,1.629908196628093719e-02
-5.913923740386962891e+00,-1.309581756591796875e+00
-6.776054859161376953e+00,-1.220574855804443359e+00
-1.443664580583572388e-01,-1.462629199028015137e+00
-2.633356094360351562e+00,-3.071347713470458984e+00
-3.356346786022186279e-01,2.478147298097610474e-01
-2.465987443923950195e+00,-2.833291530609130859e+00
-6.735035777091979980e-01,-8.066211938858032227e-01
-3.494966030120849609e-01,6.675674319267272949e-01
-4.352068305015563965e-01,6.137139201164245605e-01
-2.263776302337646484e+00,-3.067047335207462311e-02
-1.028871059417724609e+00,2.585798501968383789e-01
2.521192312240600586e+00,-3.966081142425537109e+00
-3.610169142484664917e-02,-2.618345320224761963e-01
-9.321535229682922363e-01,-5.982694625854492188e-01
-3.588056087493896484e+00,-2.069710493087768555e+00
-1.193669676780700684e+00,4.106451570987701416e-01
4.040985107421875000e+00,-4.340563297271728516e+00
-1.401877999305725098e+00,1.778790593147277832e+00
6.016829967498779297e+00,-1.396891288459300995e-02
-4.747988700866699219e+00,-6.457433223724365234e+00
1.447717785835266113e+00,-2.736555576324462891e+00
1.637480497360229492e+00,-5.029504746198654175e-02
-2.200268208980560303e-04,1.529997944831848145e+00
3.800381720066070557e-01,2.321798354387283325e-03
1.063259840011596680e+00,-2.410395622253417969e+00
-2.763684988021850586e+00,-2.338205814361572266e+00
-5.856485366821289062e-01,-6.526516675949096680e-01
-2.181578397750854492e+00,-2.137484073638916016e+00
-4.606881737709045410e-01,2.136331796646118164e+00
1.128056049346923828e-01,-4.175127297639846802e-02
-6.601723670959472656e+00,5.698453783988952637e-01
-8.440150260925292969e+00,-1.661591649055480957e+00
-2.401915490627288818e-01,2.345768213272094727e-01
1.048060655593872070e+00,1.440784692764282227e+00
2.812567472457885742e+00,-2.398876667022705078e+00
7.042360305786132812e-01,8.278838396072387695e-01
2.296721458435058594e+00,-4.012698650360107422e+00
1.371322631835937500e+00,-3.256708145141601562e+00
5.855254173278808594e+00,-7.590008735656738281e+00
-2.777709007263183594e+00,5.897216200828552246e-01
1.426738500595092773e+00,-3.804033994674682617e-01
1.593042373657226562e+00,7.925300598144531250e-01
2.572451159358024597e-02,-6.021969914436340332e-01
-7.366501331329345703e+00,-1.878553748130798340e+00
7.515993714332580566e-01,8.190455436706542969e-01
9.146137535572052002e-02,-5.878641456365585327e-02
-3.291459321975708008e+00,-2.155351161956787109e+00
-4.575542509555816650e-01,-3.121505022048950195e+00
-3.375417292118072510e-01,2.717036008834838867e-01
1.587442457675933838e-01,-2.817143440246582031e+00
-2.747473239898681641e+00,-3.712926626205444336e+00
-3.158662915229797363e-01,-4.376699924468994141e+00
-6.975311636924743652e-01,2.399966493248939514e-02
-1.567925930023193359e+00,-1.723740577697753906e+00
-2.610230743885040283e-01,-1.991623520851135254e+00
-4.669307231903076172e+00,-2.936283111572265625e+00
-5.033914446830749512e-01,8.468934893608093262e-01
1.141965746879577637e+00,-1.608846306800842285e+00
-2.902655005455017090e-01,5.780823230743408203e-01
-5.405547618865966797e-01,1.638399064540863037e-01
-7.052665710449218750e+00,-9.059855341911315918e-01
1.125085800886154175e-01,-1.485941886901855469e+00
2.716918885707855225e-01,-1.943799614906311035e+00
-6.843233108520507812e+00,2.181090787053108215e-02
-2.972000598907470703e+00,-3.050894021987915039e+00
4.192398488521575928e-01,-2.255773305892944336e+00
-1.722770214080810547e+00,-1.679531574249267578e+00
-1.214930176734924316e+00,1.265047043561935425e-01
2.124218702316284180e+00,-1.693504214286804199e+00
-1.294642239809036255e-01,-2.294060945510864258e+00
4.350052475929260254e-01,-2.991344213485717773e+00
9.776468276977539062e-01,-3.493040084838867188e+00
-9.228351116180419922e-01,-2.221968889236450195e+00
1.551443934440612793e-01,-3.052134625613689423e-02
-9.923968464136123657e-03,-1.507254689931869507e-01
-1.631059408187866211e+00,-3.140963077545166016e+00
1.030414253473281860e-01,-3.105387687683105469e+00
1.002868938446044922e+01,-3.712811708450317383e+00
-4.792196273803710938e+00,-3.416866302490234375e+00
-7.934297084808349609e+00,-3.500995784997940063e-02
-3.097972154617309570e+00,-2.294728040695190430e+00
8.886573791503906250e+00,-6.890385150909423828e+00
1.265707850456237793e+00,2.591424286365509033e-01
3.240220069885253906e+00,-1.712435722351074219e+00
-4.888350009918212891e+00,-2.958133518695831299e-01
-1.102166938781738281e+01,3.568059682846069336e+00
-1.065276622772216797e+00,-3.100701093673706055e+00
1.209850907325744629e+00,-6.808157563209533691e-01
2.935610339045524597e-02,-2.443212419748306274e-01
-1.188024878501892090e-02,-5.161421298980712891e-01
-4.637262970209121704e-02,3.611290827393531799e-02
-7.162145376205444336e-01,5.155575275421142578e-01
-6.279749870300292969e-01,2.445842623710632324e-01
3.073362588882446289e+00,-1.627147436141967773e+00
-1.900678277015686035e+00,-1.109127998352050781e+00
1.771170377731323242e+00,-3.573799133300781250e+00
1.788228511810302734e+00,-3.664059638977050781e-01
-4.638279378414154053e-01,6.239847540855407715e-01
3.887278214097023010e-02,-8.540247082710266113e-01
-5.781431496143341064e-02,-2.666267395019531250e+00
1.607513427734375000e+00,-1.622011065483093262e+00
1.184558510780334473e+00,-1.707016825675964355e+00
1.377148866653442383e+00,-8.455449342727661133e-02
1.090940713882446289e+00,-5.068570137023925781e+00
4.567269086837768555e-01,-1.816347718238830566e+00
-6.023973226547241211e-01,4.219394028186798096e-01
2.967221498489379883e+00,-1.553905487060546875e+00
-8.510431289672851562e+00,-4.116151630878448486e-01
-1.960878968238830566e+00,-9.558262825012207031e-01
2.713261544704437256e-01,-2.593937873840332031e+00
-9.873607158660888672e-01,-1.406385779380798340e+00
4.853533744812011719e+00,-1.470131635665893555e+00
2.082750201225280762e-01,6.755197048187255859e-01
-9.553486108779907227e-01,1.900223344564437866e-01
-7.333510875701904297e+00,-5.746104717254638672e+00
2.267920255661010742e+00,-7.784949302673339844e+00
-1.205476045608520508e+00,-1.120712876319885254e+00
1.099879980087280273e+00,-5.353203773498535156e+00
-2.864782571792602539e+00,-1.457693457603454590e+00
2.314739704132080078e+00,6.499943137168884277e-02
8.715197443962097168e-01,1.071545720100402832e+00
4.942977800965309143e-02,2.683315515518188477e+00
1.776170253753662109e+00,-2.038064002990722656e+00
5.832701325416564941e-01,-3.567324876785278320e+00
-2.091062068939208984e+00,-1.773612380027770996e+00
-1.733313083648681641e+00,1.087125897407531738e+00
6.330842494964599609e+00,-1.548315048217773438e+00
-5.105321407318115234e-01,-1.566727876663208008e+00
-2.661601543426513672e+00,-1.886359453201293945e+00
-9.628210216760635376e-03,-3.524242341518402100e-02
1.413217782974243164e+00,1.831726074218750000e+00
1.504653215408325195e+00,-1.227666616439819336e+00
-2.091062068939208984e+00,-1.773612380027770996e+00
3.887661695480346680e-01,3.255205154418945312e-01
7.587521672248840332e-01,-3.995106935501098633e+00
-2.086504697799682617e+00,-2.016123771667480469e+00
4.482520222663879395e-01,1.494352519512176514e-01
3.813771963119506836e+00,-8.218379020690917969e-01
-1.249832510948181152e+00,3.086703538894653320e+00
-1.982264161109924316e+00,-1.875931978225708008e+00
-1.752933382987976074e+00,-1.052585959434509277e+00
1.599611043930053711e-01,-2.132705599069595337e-01
-2.710729837417602539e+00,-2.758777618408203125e+00
-6.491377830505371094e+00,-1.207884922623634338e-01
-1.022318363189697266e+01,-4.266399860382080078e+00
2.154179096221923828e+00,-4.592218399047851562e-01
5.839730501174926758e-01,-1.224618315696716309e+00
3.753915548324584961e+00,-4.202118873596191406e+00
3.933431506156921387e-01,-1.657263159751892090e+00
1.924450278282165527e+00,-5.027648925781250000e+00
1.770471692085266113e+00,-3.851564645767211914e+00
1.159622669219970703e-01,-1.728495240211486816e+00
-6.892595291137695312e-01,3.872815370559692383e-01
-2.924100875854492188e+00,-8.275839686393737793e-01
3.842623710632324219e+00,1.186268448829650879e+00
-4.326153278350830078e+00,-4.299884319305419922e+00
8.467924594879150391e-01,-3.502763032913208008e+00
2.298576593399047852e+00,1.164775013923645020e+00
1.895516514778137207e+00,1.446108460426330566e+00
-6.932440280914306641e+00,-1.661094188690185547e+00
1.167520046234130859e+00,3.869013786315917969e-01
1.415157079696655273e+00,1.841865658760070801e+00
-5.463044166564941406e+00,-5.324780464172363281e+00
1.247355103492736816e+00,6.880190968513488770e-01
2.616438567638397217e-01,4.564074575901031494e-01
-3.367523908615112305e+00,1.019065856933593750e+00
3.071512877941131592e-01,4.462112858891487122e-02
-1.421933650970458984e+00,-1.624650716781616211e+00
1.133015036582946777e+00,-1.705522179603576660e+00
3.718151807785034180e+00,-2.118220567703247070e+00
1.688263535499572754e+00,1.856303691864013672e+00
1.760208964347839355e+00,-7.755724906921386719e+00
7.355132102966308594e-01,-3.172653436660766602e+00
2.587061643600463867e+00,-2.632335901260375977e+00
6.334782838821411133e-01,6.108230948448181152e-01
-1.127115249633789062e+00,-1.091380238533020020e+00
-3.400410890579223633e+00,3.963784933090209961e+00
-1.845037460327148438e+00,-2.973812818527221680e+00
-1.429766297340393066e+00,5.813280493021011353e-02
-2.490194886922836304e-01,-3.143862187862396240e-01
-1.182488203048706055e-01,3.718784078955650330e-02
-8.623679280281066895e-01,1.583273559808731079e-01
1.895516514778137207e+00,1.446108460426330566e+00
7.587521672248840332e-01,-3.995106935501098633e+00
1.131782233715057373e-01,-3.573277592658996582e-02
3.142876386642456055e+00,-4.079294681549072266e+00
-4.993039369583129883e-01,-1.748722344636917114e-01
-3.239176988601684570e+00,-2.538844108581542969e+00
-4.400811672210693359e+00,3.246196508407592773e+00
8.740909695625305176e-01,7.670563459396362305e-01
2.834716558456420898e+00,-4.236227035522460938e+00
2.034414529800415039e+00,-1.882633090019226074e+00
-5.050837039947509766e+00,-1.791060686111450195e+00
-3.768558025360107422e+00,-4.485268115997314453e+00
-5.883291959762573242e-01,6.476014852523803711e-01
-2.188838720321655273e+00,2.911655902862548828e+00
-1.908431291580200195e+00,-3.418513059616088867e+00
-4.739404618740081787e-01,2.068646550178527832e-01
3.066706657409667969e+00,-2.190191507339477539e+00
8.886573791503906250e+00,-6.890385150909423828e+00
1.226248502731323242e+00,1.285387158393859863e+00
-9.570212960243225098e-01,-1.930522471666336060e-01
1.475083380937576294e-01,-2.015816450119018555e+00
-5.547751784324645996e-01,1.522818803787231445e+00
-2.112790584564208984e+00,-3.258425235748291016e+00
-2.708338387310504913e-02,-8.572403788566589355e-01
-4.622998237609863281e-01,-2.069606542587280273e+00
-2.784985303878784180e+00,8.366907835006713867e-01
1.206602573394775391e+00,-2.460823297500610352e+00
-3.480388164520263672e+00,1.888996005058288574e+00
-9.648013710975646973e-01,-1.989107251167297363e+00
-1.280578970909118652e-01,-1.036068201065063477e+00
-1.705672740936279297e+00,4.528318345546722412e-01
6.057537198066711426e-01,-3.486120462417602539e+00
5.161458849906921387e-01,7.251449227333068848e-01
-6.725769042968750000e-01,-1.798223972320556641e+00
-1.998195171356201172e+00,8.212346434593200684e-01
1.681315302848815918e-01,-2.250040292739868164e+00
-1.968033075332641602e+00,-9.462949037551879883e-01
-2.284136056900024414e+00,-1.463717937469482422e+00
-2.276441335678100586e+00,-2.879159688949584961e+00
-5.836834311485290527e-01,-1.375777125358581543e+00
1.125085800886154175e-01,-1.485941886901855469e+00
-2.777709007263183594e+00,5.897216200828552246e-01
4.956700325012207031e+00,-3.374170780181884766e+00
-6.458297371864318848e-01,-9.950214028358459473e-01
2.488590776920318604e-01,-3.464489698410034180e+00
-3.040434122085571289e+00,-2.059819459915161133e+00
1.112828850746154785e+00,-1.060125827789306641e+00
-1.509046316146850586e+00,-7.404682636260986328e-01
-2.845183610916137695e+00,-2.024834156036376953e+00
-3.325978994369506836e+00,2.084341943264007568e-01
-3.400410890579223633e+00,3.963784933090209961e+00
-1.517688274383544922e+00,-1.538010686635971069e-01
3.556237220764160156e+00,-6.862161159515380859e+00
-9.320292621850967407e-03,-4.816194772720336914e-01
-1.879588007926940918e+00,-1.146557927131652832e+00
-7.749002575874328613e-01,-1.314094901084899902e+00
1.146306395530700684e+00,-9.584598988294601440e-02
-4.012305259704589844e+00,2.118035554885864258e+00
2.407739639282226562e+00,-2.354840755462646484e+00
-5.200063228607177734e+00,-5.541911602020263672e+00
3.616455078125000000e+00,-4.118189811706542969e+00
-2.831516027450561523e+00,-2.346081972122192383e+00
-4.531038761138916016e+00,-5.977403163909912109e+00
-4.037878990173339844e+00,-2.047303199768066406e+00
-2.593398988246917725e-01,2.103084474802017212e-01
1.240804195404052734e+01,-1.619512081146240234e+00
1.527192592620849609e+00,8.861538767814636230e-01
-2.801524400711059570e+00,2.021689891815185547e+00
1.683934211730957031e+00,1.531657814979553223e+00
7.819908261299133301e-01,-1.159950733184814453e+00
-6.735035777091979980e-01,-8.066211938858032227e-01
1.008839607238769531e+00,-2.559906244277954102e-01
1.834882736206054688e+00,-9.835149645805358887e-01
-1.160693407058715820e+00,-5.467338562011718750e-01
-1.131355047225952148e+00,1.758925020694732666e-01
-6.023973226547241211e-01,4.219394028186798096e-01
-6.601723670959472656e+00,5.698453783988952637e-01
3.009023427963256836e+00,-1.150654196739196777e+00
-2.040053367614746094e+00,-8.990768790245056152e-01
-1.353449523448944092e-01,2.316239923238754272e-01
1.615500688552856445e+00,9.818122386932373047e-01
6.152820587158203125e-01,-4.451309204101562500e+00
2.246156707406044006e-02,4.723300039768218994e-02
-2.685616731643676758e+00,-5.228345394134521484e+00
-1.861870288848876953e+00,-2.514869689941406250e+00
-5.020296573638916016e-01,8.918526172637939453e-01
5.025760531425476074e-01,-9.686530232429504395e-01
-7.618307471275329590e-01,1.213049069046974182e-01
1.313249707221984863e+00,4.745667934417724609e+00
-2.727460622787475586e+00,-1.780978322029113770e+00
1.540421366691589355e+00,-2.681487202644348145e-01
-1.705672740936279297e+00,4.528318345546722412e-01
2.637467384338378906e-01,-4.608856886625289917e-02
1.924558877944946289e-01,-7.017479538917541504e-01
4.554716944694519043e-01,-2.861481189727783203e+00
-1.656747162342071533e-01,4.871522784233093262e-01
-2.801524400711059570e+00,2.021689891815185547e+00
-1.356640100479125977e+00,-9.868754744529724121e-01
-3.196365356445312500e+00,-2.098048180341720581e-01
9.345964789390563965e-01,-7.276158928871154785e-01
-2.606591463088989258e+00,-9.324601292610168457e-01
7.355132102966308594e-01,-3.172653436660766602e+00
1.217322230339050293e+00,7.232610583305358887e-01
-2.289489030838012695e+00,-2.401969432830810547e+00
5.470086097717285156e+00,-8.369211196899414062e+00
3.994030654430389404e-01,-2.485730648040771484e+00
-8.254833221435546875e-01,-4.933753609657287598e-01
-2.784985303878784180e+00,8.366907835006713867e-01
-4.344986379146575928e-01,-2.340520471334457397e-01
1.095615625381469727e+00,-2.006701707839965820e+00
-2.839579105377197266e+00,-2.171989202499389648e+00
2.519155740737915039e+00,-1.496206521987915039e+00
-4.137691974639892578e+00,-3.933655023574829102e+00
-1.407462000846862793e+00,3.442813873291015625e+00
-2.428775280714035034e-01,7.828938364982604980e-01
-1.446079134941101074e+00,-1.056532621383666992e+00
2.946992218494415283e-01,-1.873339891433715820e+00
4.698292016983032227e-01,-2.741979122161865234e+00
2.114640474319458008e+00,-4.205086708068847656e+00
-4.600672245025634766e+00,4.505673885345458984e+00
-4.349498450756072998e-01,2.527540326118469238e-01
-1.937333106994628906e+00,9.307593703269958496e-01
-2.911881506443023682e-01,-1.198131442070007324e+00
8.038512468338012695e-01,-3.780379533767700195e+00
-9.282103776931762695e-01,2.417360693216323853e-01
-6.464830040931701660e-01,3.705355525016784668e-01
5.453541278839111328e-01,-3.939672470092773438e+00
-1.509046316146850586e+00,-7.404682636260986328e-01
-2.102676868438720703e+00,-5.919995307922363281e-01
-3.318507432937622070e+00,4.167862534523010254e-01
-5.120234489440917969e-01,-2.406825870275497437e-01
-3.728886127471923828e+00,2.389090806245803833e-01
1.991037964820861816e+00,-3.333016157150268555e+00
-9.919728636741638184e-01,-7.345281839370727539e-01
4.148180484771728516e+00,-8.804074287414550781e+00
-1.756549924612045288e-01,-1.302516937255859375e+00
-8.601995468139648438e+00,-3.720647335052490234e+00
5.592169165611267090e-01,-1.283563256263732910e+00
9.469575285911560059e-01,5.744395852088928223e-01
-2.229389250278472900e-01,-2.789637446403503418e-01
-9.570212960243225098e-01,-1.930522471666336060e-01
-2.301771879196166992e+00,-3.250775337219238281e+00
5.141401886940002441e-01,-2.601284027099609375e+00
2.165324449539184570e+00,-2.169428586959838867e+00
1.242828369140625000e+00,7.408746480941772461e-01
2.488590776920318604e-01,-3.464489698410034180e+00
1.023066401481628418e+00,-2.664221763610839844e+00
-4.042454242706298828e+00,1.936520934104919434e+00
4.878412246704101562e+00,-4.776620388031005859e+00
-6.089393496513366699e-01,2.355535477399826050e-01
-1.680575013160705566e+00,1.302297234535217285e+00
8.371651172637939453e-03,1.001019254326820374e-01
-1.385375022888183594e+00,-5.355234146118164062e-01
-6.737138628959655762e-01,2.791168093681335449e-01
-1.259386777877807617e+00,-1.254153847694396973e+00
-5.537173748016357422e-01,-4.347842633724212646e-01
3.559393644332885742e+00,-4.349093914031982422e+00
-1.217229723930358887e+00,-2.661906957626342773e+00
-5.628241896629333496e-01,-5.903196930885314941e-01
-5.066345930099487305e-01,5.080976486206054688e-01
-8.474342823028564453e-01,-3.202475309371948242e+00
1.311549782752990723e+00,-1.724834918975830078e+00
-4.425325393676757812e-01,-6.524133086204528809e-01
-4.999060928821563721e-01,3.492299318313598633e-01
-6.886116862297058105e-01,2.470494210720062256e-01
1.293477177619934082e+00,3.227764666080474854e-01
2.219429314136505127e-01,1.915436834096908569e-01
2.307340800762176514e-01,-7.802773118019104004e-01
1.984187066555023193e-01,9.146396070718765259e-02
8.826914787292480469e+00,-6.763530254364013672e+00
-1.063678503036499023e+00,-2.193655490875244141e+00
-2.515731096267700195e+00,2.064719438552856445e+00
2.165324449539184570e+00,-2.169428586959838867e+00
-1.195553392171859741e-01,3.121478259563446045e-01
-3.011631667613983154e-01,-7.763760089874267578e-01
1.136398762464523315e-01,-1.147950410842895508e+00
2.975060939788818359e-01,1.528779864311218262e-01
3.408520698547363281e+00,-3.275956153869628906e+00
1.851943731307983398e-01,5.821357965469360352e-01
-5.675126910209655762e-01,-2.415980577468872070e+00
1.167520046234130859e+00,3.869013786315917969e-01
2.339120581746101379e-02,5.308155417442321777e-01
6.373512148857116699e-01,-1.484781622886657715e+00
2.204197943210601807e-01,1.868787705898284912e-01
-5.881587862968444824e-01,-3.500349760055541992e+00
2.856221199035644531e+00,2.207599163055419922e+00
-8.623679280281066895e-01,1.583273559808731079e-01
2.127560853958129883e+00,-1.899151206016540527e+00
-9.477778524160385132e-02,8.243813365697860718e-02
-1.436686873435974121e+00,-3.371061086654663086e-01
-1.175630569458007812e+00,-3.460102558135986328e+00
2.935610339045524597e-02,-2.443212419748306274e-01
-1.173402428627014160e+00,-1.651863694190979004e+00
-1.718824386596679688e+00,-1.896635055541992188e+00
3.497386455535888672e+00,-2.813811063766479492e+00
-1.929621934890747070e+00,-2.035614967346191406e+00
-1.148542404174804688e+00,-2.729848623275756836e+00
5.559850335121154785e-01,-1.387741684913635254e+00
-2.415744304656982422e+00,-3.007719039916992188e+00
1.146283626556396484e+00,-4.434114456176757812e+00
-1.088733673095703125e-01,-1.279282331466674805e+00
-2.321190357208251953e+00,-2.034234762191772461e+00
-9.873607158660888672e-01,-1.406385779380798340e+00
2.767124652862548828e+00,-2.638092756271362305e+00
1.329894810914993286e-01,-2.150819778442382812e+00
-6.893257617950439453e+00,-7.938198089599609375e+00
1.481466293334960938e+00,-8.132995963096618652e-01
-1.047724932432174683e-01,-9.931141734123229980e-01
-6.664256453514099121e-01,3.093767404556274414e+00
-3.064861059188842773e+00,-1.684855103492736816e+00
-1.003103613853454590e+00,-5.691747665405273438e-01
1.763108849525451660e+00,1.820585608482360840e+00
-2.955494165420532227e+00,-1.874982118606567383e+00
3.800381720066070557e-01,2.321798354387283325e-03
-3.864387273788452148e-01,-1.194235324859619141e+00
2.617210745811462402e-01,1.956176161766052246e-01
-6.773620247840881348e-01,7.560539245605468750e-02
-5.856325626373291016e+00,-1.727621108293533325e-01
6.419582843780517578e+00,1.286209821701049805e+00
2.519155740737915039e+00,-1.496206521987915039e+00
-6.401703357696533203e-01,-1.417535901069641113e+00
6.835143566131591797e+00,-5.775098323822021484e+00
8.530811071395874023e-01,-2.977652788162231445e+00
-4.975326657295227051e-01,-1.176621675491333008e+00
-2.745610237121582031e+00,-3.929377555847167969e+00
5.270254239439964294e-02,-2.794958353042602539e+00
1.237467527389526367e+00,9.697654247283935547e-01
6.624839901924133301e-01,-2.958287477493286133e+00
4.442864358425140381e-01,-3.058484077453613281e+00
-5.840593338012695312e+00,-2.204517364501953125e+00
-1.168452858924865723e+00,-2.424621582031250000e+00
-1.968290954828262329e-01,1.883667856454849243e-01
-9.215563535690307617e-01,3.931960761547088623e-01
-3.493220567703247070e+00,-4.642640113830566406e+00
-7.064336538314819336e-01,-2.439364671707153320e+00
-2.657968521118164062e+00,-1.161066412925720215e+00
2.208206892013549805e+00,-7.878091335296630859e+00
-1.816103816032409668e+00,-2.938937187194824219e+00
-3.248973488807678223e-01,-1.528368353843688965e+00
-8.242813944816589355e-01,1.941522210836410522e-01
3.408520698547363281e+00,-3.275956153869628906e+00
-1.743757128715515137e+00,-1.768010854721069336e+00
-5.913923740386962891e+00,-1.309581756591796875e+00
1.539972305297851562e+00,-2.880503892898559570e+00
-2.213109493255615234e+00,5.447337627410888672e+00
-2.056959390640258789e+00,-8.200926333665847778e-02
-3.335089981555938721e-01,-2.800925493240356445e+00
5.835707783699035645e-01,-1.146529316902160645e+00
-1.608415246009826660e+00,-1.793264031410217285e+00
-7.005477696657180786e-02,-2.142932415008544922e+00
-2.429454922676086426e-01,7.847857475280761719e-01
-5.080013871192932129e-01,1.640403866767883301e-01
2.075778007507324219e+00,-5.587051510810852051e-01
-3.836274743080139160e-01,1.458978056907653809e-01
-1.004775047302246094e+00,-1.732113599777221680e+00
-2.369718313217163086e+00,-2.857453107833862305e+00
8.588320612907409668e-01,7.908911705017089844e-01
-1.236206769943237305e+00,-3.222873687744140625e+00
-2.574436902999877930e+00,-4.655751705169677734e+00
-2.742612123489379883e+00,-2.577995300292968750e+00
1.136398762464523315e-01,-1.147950410842895508e+00
-5.402483463287353516e+00,-2.634262561798095703e+00
-3.978346586227416992e+00,-2.318129301071166992e+00
2.214920759201049805e+00,-7.928849697113037109e+00
2.023301362991333008e+00,1.428491115570068359e+00
1.800796389579772949e+00,1.394175887107849121e-01
-2.479608505964279175e-01,-1.032843708992004395e+00
4.594285964965820312e+00,-2.532164335250854492e+00
-2.816492557525634766e+00,-9.336517453193664551e-01
-4.553733021020889282e-02,-2.748869895935058594e+00
-3.105489492416381836e+00,-4.206066131591796875e+00
1.794156789779663086e+00,8.408009409904479980e-01
2.166242301464080811e-01,1.182252839207649231e-01
5.453541278839111328e-01,-3.939672470092773438e+00
9.986132383346557617e-01,-3.665927171707153320e+00
3.696433827280998230e-02,-1.538379192352294922e+00
-3.347615480422973633e+00,-2.525488138198852539e+00
-2.704322934150695801e-01,-1.355450868606567383e+00
-2.706627368927001953e+00,2.081753969192504883e+00
-6.586427092552185059e-01,5.880328416824340820e-01
1.222547769546508789e+00,1.124140620231628418e+00
2.834716558456420898e+00,-4.236227035522460938e+00
1.217322230339050293e+00,7.232610583305358887e-01
-1.205476045608520508e+00,-1.120712876319885254e+00
-7.686957120895385742e-01,-3.082124233245849609e+00
2.429363727569580078e-01,3.595383763313293457e-01
1.287258625030517578e+00,6.641194224357604980e-01
1.280313491821289062e+00,1.172717452049255371e+00
8.210721611976623535e-02,-1.530828475952148438e-01
1.172874212265014648e+00,-1.361859440803527832e+00
1.447717785835266113e+00,-2.736555576324462891e+00
1.501940965652465820e+00,-1.117288827896118164e+00
3.679840564727783203e+00,-4.078400611877441406e+00
2.924330711364746094e+00,-1.165107250213623047e+00
-1.100277781486511230e+00,5.165091156959533691e-01
-1.400505304336547852e+00,1.341537237167358398e+00
-1.417198777198791504e+00,2.257744312286376953e+00
4.777870178222656250e+00,-5.022159099578857422e+00
-1.638759374618530273e+00,-1.105013966560363770e+00
6.867694854736328125e-01,-3.969220519065856934e-01
-1.011709451675415039e+00,-6.670517921447753906e-01
-3.549289107322692871e-01,3.701713383197784424e-01
1.477355480194091797e+00,-1.794841647148132324e+00
2.600251138210296631e-01,-4.855775833129882812e-02
-2.661815881729125977e+00,-2.200464963912963867e+00
5.927618980407714844e+00,-9.576255798339843750e+00
1.572419285774230957e+00,-3.768184423446655273e+00
1.668227836489677429e-02,1.284898817539215088e-01
6.077712774276733398e-01,-6.961088776588439941e-01
3.575649738311767578e+00,-5.717121958732604980e-01
-2.542579174041748047e-02,-7.611896842718124390e-02
-5.686233043670654297e-01,8.525957465171813965e-01
-1.395223855972290039e+00,1.081897974014282227e+00
-8.946719169616699219e+00,-7.441058158874511719e-01
-8.070988655090332031e+00,-1.415476560592651367e+00
3.002022027969360352e+00,-3.932915687561035156e+00
1.352975815534591675e-01,-1.529423356056213379e+00
2.942130804061889648e+00,-1.766532540321350098e+00
-7.071687579154968262e-01,1.159527748823165894e-01
-1.112786173820495605e+00,4.237807691097259521e-01
-2.445651143789291382e-01,-1.871705532073974609e+00
-1.401877999305725098e+00,1.778790593147277832e+00
-3.598703816533088684e-02,-1.927213072776794434e+00
-2.049048900604248047e+00,-8.979165554046630859e-02
9.925620257854461670e-02,-2.829066514968872070e+00
6.284391880035400391e-02,8.265913724899291992e-01
-2.905095338821411133e+00,-3.267294883728027344e+00
5.187816619873046875e+00,-2.962781906127929688e+00
-1.003022074699401855e+00,-2.691016435623168945e+00
-1.166301131248474121e+00,5.580635666847229004e-01
-1.502264380455017090e+00,-8.544738888740539551e-01
5.019374489784240723e-01,-3.170836448669433594e+00
-2.752118349075317383e+00,-3.765977859497070312e+00
-2.433771133422851562e+00,-2.495683431625366211e+00
-1.518347620964050293e+00,-2.477083921432495117e+00
1.079077124595642090e+00,-3.678422212600708008e+00
2.953683614730834961e+00,-2.742787599563598633e+00
-1.264039397239685059e+00,1.561667203903198242e+00
6.753673076629638672e+00,-2.528009176254272461e+00
1.006452083587646484e+00,4.121682643890380859e-01
-5.475814342498779297e+00,8.196970939636230469e+00
-5.043613433837890625e+00,-1.800007581710815430e+00
2.344581112265586853e-02,-7.465205192565917969e-01
2.738492488861083984e-01,-1.566044986248016357e-01
-4.734937846660614014e-01,-1.998471856117248535e+00
-1.811908364295959473e+00,-1.096991658210754395e+00
-3.755489587783813477e+00,-3.089742898941040039e+00
-5.516673922538757324e-01,4.311035573482513428e-02
-2.119227409362792969e+00,3.829736709594726562e-01
6.166317462921142578e+00,-6.097393512725830078e+00
-2.124251365661621094e+00,-2.623034477233886719e+00
-3.317412137985229492e+00,-2.047228097915649414e+00
2.068991661071777344e+00,-1.263309828937053680e-02
4.567269086837768555e-01,-1.816347718238830566e+00
1.444509476423263550e-01,-2.714923858642578125e+00
5.290288105607032776e-02,7.881156355142593384e-02
3.922993540763854980e-01,-1.055551879107952118e-02
-1.157845616340637207e+00,3.812298774719238281e-01
-5.736798286437988281e+00,-1.681098461151123047e+00
6.156620383262634277e-01,7.477540969848632812e-01
2.855965614318847656e+00,-1.143659710884094238e+00
-1.756549924612045288e-01,-1.302516937255859375e+00
-1.061655044555664062e+00,-1.032579615712165833e-01
-2.301771879196166992e+00,-3.250775337219238281e+00
-8.994382023811340332e-01,-1.943302601575851440e-01
-3.343797326087951660e-01,4.463295042514801025e-01
2.678293704986572266e+00,6.507133245468139648e-01
4.607601836323738098e-02,-4.646847724914550781e+00
5.290287494659423828e+00,5.485302209854125977e-01
1.475083380937576294e-01,-2.015816450119018555e+00
4.715531468391418457e-01,-2.330914258956909180e+00
-2.538218021392822266e+00,-4.487559795379638672e+00
7.883664131164550781e+00,-7.350471496582031250e+00
-3.088605105876922607e-01,-1.254135072231292725e-01
-4.740055203437805176e-01,4.413165450096130371e-01
7.620684504508972168e-01,1.160918951034545898e+00
1.011095404624938965e+00,-3.380369663238525391e+00
3.856797218322753906e+00,-3.766539573669433594e+00
1.353114962577819824e+00,7.639358639717102051e-01
-1.663588732481002808e-01,2.991227805614471436e-02
5.083246707916259766e+00,-5.013466358184814453e+00
-8.460338115692138672e-01,-7.278415560722351074e-01
-4.168994426727294922e-01,5.533069744706153870e-02
-2.535892724990844727e+00,-1.183539628982543945e+00
-1.024959802627563477e+00,6.013005971908569336e-01
3.740310192108154297e+00,-3.258593797683715820e+00
1.917650818824768066e+00,-2.503892898559570312e+00
-5.840593338012695312e+00,-2.204517364501953125e+00
-3.398319005966186523e+00,-8.206851005554199219e+00
-3.608944892883300781e+00,-7.016994357109069824e-01
-4.299811422824859619e-01,4.456423223018646240e-01
5.196989059448242188e+00,-1.982340216636657715e+00
-7.638459801673889160e-01,2.121254950761795044e-01
-9.463720321655273438e-01,-1.467203944921493530e-01
-3.546738862991333008e+00,-2.844382286071777344e+00
-1.661750435829162598e+00,-8.723514080047607422e-01
1.977770447731018066e+00,-1.409639231860637665e-02
-5.555341243743896484e-01,-1.136991620063781738e+00
-5.894873142242431641e-01,-3.396001577377319336e+00
-1.900678277015686035e+00,-1.109127998352050781e+00
-7.747610211372375488e-01,-2.516986608505249023e+00
-1.446079134941101074e+00,-1.056532621383666992e+00
2.114640474319458008e+00,-4.205086708068847656e+00
-4.298054873943328857e-01,-1.250838398933410645e+00
-7.369525432586669922e-01,7.905275225639343262e-01
8.126813173294067383e-01,-3.787787437438964844e+00
-6.079728126525878906e+00,-1.632172942161560059e+00
-5.061147809028625488e-01,1.850514411926269531e-01
-3.764571547508239746e-01,2.549269497394561768e-01
2.891110658645629883e+00,-4.667506694793701172e+00
-1.097125887870788574e+00,5.903108119964599609e-01
-5.547751784324645996e-01,1.522818803787231445e+00
3.049623489379882812e+00,-3.772742986679077148e+00
-2.463513910770416260e-01,7.243325710296630859e-01
5.632729530334472656e-01,-2.214342355728149414e+00
-5.050837039947509766e+00,-1.791060686111450195e+00
-1.952952265739440918e+00,2.233974218368530273e+00
-4.170402884483337402e-01,6.406524181365966797e-01
-1.757837414741516113e+00,-2.012386322021484375e-01
3.341225385665893555e-01,-1.660017132759094238e+00
4.922052100300788879e-02,5.807984992861747742e-02
-1.879797875881195068e-01,3.449564576148986816e-01
-3.762070238590240479e-01,3.513711690902709961e-01
1.291506886482238770e+00,1.583096623420715332e+00
1.443994283676147461e+00,-1.887454032897949219e+00
2.530117034912109375e+00,4.158102869987487793e-01
1.905975341796875000e+00,-1.573433130979537964e-01
2.535618305206298828e+00,7.791313529014587402e-01
6.269863843917846680e-01,-2.253256320953369141e+00
2.073407649993896484e+00,-2.036959886550903320e+00
-2.370491743087768555e+00,-1.888357043266296387e+00
-1.662012100219726562e+00,-9.533134102821350098e-01
-2.181857347488403320e+00,2.904650688171386719e+00
1.172874212265014648e+00,-1.361859440803527832e+00
6.839890480041503906e-01,-3.119368314743041992e+00
1.226377010345458984e+00,1.086199641227722168e+00
-3.613219261169433594e+00,2.617183685302734375e+00
4.444834589958190918e-01,-2.302270412445068359e+00
-4.688712120056152344e+00,-4.161779403686523438e+00
-2.635615468025207520e-01,4.808554351329803467e-01
-7.860551834106445312e+00,-5.479915618896484375e+00
4.047815799713134766e-01,-2.396575450897216797e+00
-1.621177911758422852e+00,-1.173674225807189941e+00
-1.237704181671142578e+01,-3.449738740921020508e+00
-3.720888376235961914e+00,-2.376134872436523438e+00
1.159622669219970703e-01,-1.728495240211486816e+00
-1.283751875162124634e-01,-4.467824399471282959e-01
-1.625264644622802734e+00,1.878497719764709473e+00
-2.662759304046630859e+00,1.143453717231750488e+00
-4.785936474800109863e-01,-2.020912408828735352e+00
-2.465987443923950195e+00,-2.833291530609130859e+00
-9.057401120662689209e-02,-2.211798191070556641e+00
8.361932754516601562e+00,-7.742804527282714844e+00
4.573624134063720703e-01,2.042123675346374512e-02
1.413437128067016602e+00,-1.747813344001770020e+00
1.380845189094543457e+00,-3.661987066268920898e+00
-1.027323007583618164e+00,5.869669914245605469e-01
-1.963447481393814087e-01,-3.203392982482910156e+00
9.939715862274169922e-01,1.001267552375793457e+00
3.869850873947143555e+00,-5.468427658081054688e+00
6.878273487091064453e-01,-3.613123655319213867e+00
3.413508892059326172e+00,-4.110120773315429688e+00
-2.308467030525207520e-01,1.511475890874862671e-01
3.048554897308349609e+00,-1.899329543113708496e+00
-1.864152908325195312e+00,-1.316045165061950684e+00
-5.659979581832885742e-01,-5.166037082672119141e-01
-6.013460636138916016e+00,-2.512342691421508789e+00
-1.625264644622802734e+00,1.878497719764709473e+00
-1.126718401908874512e+00,-6.792292594909667969e-01
-9.473283588886260986e-02,-5.325433254241943359e+00
4.089850425720214844e+00,-2.958386182785034180e+00
-4.281433522701263428e-01,2.257115244865417480e-01
-4.204968929290771484e+00,-3.616219758987426758e+00
8.423656821250915527e-01,-5.650568485260009766e+00
-3.024507761001586914e+00,-2.740251064300537109e+00
-1.004845738410949707e+00,1.856470227241516113e+00
6.510828733444213867e-01,-1.684729576110839844e+00
-4.192555546760559082e-01,1.637340635061264038e-01
5.203698873519897461e-01,7.563582658767700195e-01
-7.245123982429504395e-01,-8.532161116600036621e-01
2.477033436298370361e-01,-3.045983791351318359e+00
-2.305451154708862305e+00,-2.623811006546020508e+00
-3.265214443206787109e+00,-2.568867921829223633e+00
2.748748362064361572e-01,8.638882637023925781e-02
-1.945343255996704102e+00,-1.769798547029495239e-01
3.484251499176025391e+00,-4.991423606872558594e+00
3.571025133132934570e-01,-2.045519590377807617e+00
2.544326066970825195e+00,-7.587889432907104492e-01
-1.193669676780700684e+00,4.106451570987701416e-01
-1.977130174636840820e-01,5.208828926086425781e+00
4.807592868804931641e+00,-2.279993295669555664e+00
-3.362216711044311523e+00,-9.857862591743469238e-01
-1.078177571296691895e+00,-9.479482769966125488e-01
-2.946516752243041992e+00,-2.332552194595336914e+00
-8.241328001022338867e-01,-4.132243156433105469e+00
-5.705261826515197754e-01,6.773709654808044434e-01
-7.926862239837646484e-01,-3.601290702819824219e+00
-2.606591463088989258e+00,-9.324601292610168457e-01
2.429363727569580078e-01,3.595383763313293457e-01
-2.248603105545043945e+00,-2.264677047729492188e+00
-2.771767377853393555e-01,1.660010069608688354e-01
3.001068592071533203e+00,-9.453072547912597656e+00
5.592169165611267090e-01,-1.283563256263732910e+00
3.202975749969482422e+00,-4.782715320587158203e+00
-4.318106174468994141e-01,-1.690403819084167480e+00
6.130848526954650879e-01,-3.125510215759277344e+00
5.159447193145751953e-01,-1.101841107010841370e-01
-1.070893883705139160e+00,-4.738978147506713867e-01
-2.659122049808502197e-01,4.524923264980316162e-01
-2.352391242980957031e+00,1.583024501800537109e+00
6.377958059310913086e-01,-2.503380775451660156e+00
9.609580039978027344e-01,2.747332453727722168e-01
-5.593588948249816895e-01,-1.183207631111145020e+00
4.952117428183555603e-02,-3.019226714968681335e-03
1.200084447860717773e+00,-5.747193694114685059e-01
-7.778238505125045776e-03,5.593192577362060547e-01
-1.615677595138549805e+00,-3.807854890823364258e+00
-1.184109002351760864e-01,2.862591743469238281e-01
2.338650226593017578e+00,1.066586613655090332e+00
-2.462188452482223511e-01,3.278900682926177979e-01
2.499372243881225586e+00,-1.545113205909729004e+00
1.627625077962875366e-01,-1.025544524192810059e+00
1.998845934867858887e+00,-2.023978948593139648e+00
2.823824882507324219e+00,-2.777207612991333008e+00
7.662001252174377441e-01,-3.927408456802368164e+00
2.857641220092773438e+00,-4.299914836883544922e+00
-1.092744588851928711e+00,-1.701894402503967285e+00
9.785647392272949219e-01,-2.704405598342418671e-02
-1.171784698963165283e-01,-1.174602031707763672e+00
-1.237704181671142578e+01,-3.449738740921020508e+00
-3.826448917388916016e+00,-2.738487482070922852e+00
-1.013610064983367920e-01,-5.907100439071655273e-01
-2.584809541702270508e+00,-4.062216579914093018e-01
3.273283243179321289e+00,-4.510066509246826172e+00
-2.463513910770416260e-01,7.243325710296630859e-01
-5.414557456970214844e-01,-1.062959909439086914e+00
-6.435123682022094727e-01,-2.603188753128051758e+00
-3.929380655288696289e+00,-2.507908821105957031e+00
3.404172897338867188e+00,-6.417882442474365234e+00
-6.932440280914306641e+00,-1.661094188690185547e+00
1.855777740478515625e+00,-2.373644560575485229e-01
-1.242082715034484863e+00,-9.487594962120056152e-01
2.532888650894165039e-01,-3.683448791503906250e+00
-1.868445754051208496e+00,-1.038280963897705078e+00
1.029390335083007812e+00,9.212196469306945801e-01
1.448013633489608765e-01,-4.837948799133300781e+00
1.501940965652465820e+00,-1.117288827896118164e+00
4.573624134063720703e-01,2.042123675346374512e-02
-1.710315346717834473e-01,2.321398705244064331e-01
6.212644577026367188e-01,2.399516701698303223e-01
-4.989756643772125244e-01,-7.213318943977355957e-01
-1.714253872632980347e-01,-7.252501249313354492e-01
-9.215563535690307617e-01,3.931960761547088623e-01
4.211234092712402344e+00,-3.374489784240722656e+00
-2.396901130676269531e+00,-1.574697256088256836e+00
-2.611544370651245117e+00,-5.919399261474609375e+00
-1.321369767189025879e+00,-2.853338003158569336e+00
-6.028730392456054688e+00,3.718602180480957031e+00
-6.552640199661254883e-01,-2.117363810539245605e-01
-4.281433522701263428e-01,2.257115244865417480e-01
-4.545746803283691406e+00,-7.637667655944824219e+00
-1.656747162342071533e-01,4.871522784233093262e-01
-1.407704234123229980e+00,-3.184730529785156250e+00
-8.711388707160949707e-01,3.087953329086303711e-01
1.030414253473281860e-01,-3.105387687683105469e+00
-9.115749001502990723e-01,4.966356456279754639e-01
3.949839115142822266e+00,-2.160528421401977539e+00
4.376584291458129883e-01,-2.602831125259399414e+00
1.557515740394592285e+00,-5.171532630920410156e-01
4.912395477294921875e-01,-2.433454275131225586e+00
-3.161557912826538086e-01,-1.445666313171386719e+00
-3.130014896392822266e+00,-1.952960252761840820e+00
-7.052665710449218750e+00,-9.059855341911315918e-01
3.186680078506469727e-01,-6.078577041625976562e+00
3.644259646534919739e-02,-3.143789052963256836e+00
1.637480497360229492e+00,-5.029504746198654175e-02
-8.756463050842285156e+00,-6.504388332366943359e+00
-5.593588948249816895e-01,-1.183207631111145020e+00
1.623284816741943359e+00,-4.029306888580322266e+00
2.759757995605468750e+00,-2.305399894714355469e+00
-5.893271565437316895e-01,3.436929881572723389e-01
2.440045833587646484e+00,-3.748572111129760742e+00
2.713261544704437256e-01,-2.593937873840332031e+00
3.098618388175964355e-01,1.926407068967819214e-01
1.677687883377075195e+00,-1.998582959175109863e+00
-9.070940613746643066e-01,1.390920996665954590e+00
-6.961231827735900879e-01,-1.865708112716674805e+00
-1.436686873435974121e+00,-3.371061086654663086e-01
-1.890786528587341309e+00,-5.550615787506103516e+00
-1.841182947158813477e+00,-8.887096643447875977e-01
1.557515740394592285e+00,-5.171532630920410156e-01
-5.114347934722900391e-01,-4.643247723579406738e-01
1.088801145553588867e+00,-7.870402932167053223e-01
6.510375022888183594e+00,-2.856748342514038086e+00
2.804823637008666992e+00,-9.887431263923645020e-01
-4.017036914825439453e+00,-3.441751480102539062e+00
9.392983913421630859e-01,-1.063789486885070801e+00
-4.349498450756072998e-01,2.527540326118469238e-01
2.175515413284301758e+00,-3.585628271102905273e+00
-4.295051693916320801e-01,3.958890140056610107e-01
-3.825050592422485352e-01,5.609720945358276367e-01
-1.223864078521728516e+00,-3.273911178112030029e-01
5.196989059448242188e+00,-1.982340216636657715e+00
-3.229418992996215820e+00,6.801984310150146484e-01
-2.430717945098876953e+00,1.545480340719223022e-01
-1.661750435829162598e+00,-8.723514080047607422e-01
-1.360907673835754395e+00,-2.983073472976684570e+00
-3.142887726426124573e-02,-7.845414876937866211e-01
-1.536346077919006348e+00,-2.254467248916625977e+00
1.586079120635986328e+00,3.281010091304779053e-01
