8.418726325035095215e-01,-2.121123790740966797e+00
1.076844692230224609e+00,-2.207235813140869141e+00
2.254853487014770508e+00,1.551251649856567383e+00
3.398247718811035156e+00,-1.493177771568298340e+00
1.840197801589965820e+00,-2.000237703323364258e+00
2.419334411621093750e+00,1.644075393676757812e+00
8.586164116859436035e-01,-1.914693593978881836e+00
1.023182868957519531e+00,7.029008865356445312e-01
3.362070083618164062e+00,-2.337091445922851562e+00
2.859030723571777344e+00,-2.458597898483276367e+00
2.274188280105590820e+00,1.590723633766174316e+00
9.215130209922790527e-01,-2.391290903091430664e+00
1.781059384346008301e+00,-2.289565086364746094e+00
1.329530000686645508e+00,-1.981960058212280273e+00
2.180582523345947266e+00,1.721164941787719727e+00
1.428473711013793945e+00,1.028359532356262207e+00
3.232180356979370117e+00,-1.270703673362731934e+00
1.615043997764587402e+00,-8.856184482574462891e-01
1.412449955940246582e+00,-1.995217323303222656e+00
7.989755868911743164e-01,-1.276460647583007812e+00
1.432618379592895508e+00,-9.058731794357299805e-01
8.643383979797363281e-01,-2.269138336181640625e+00
1.284017920494079590e+00,-9.027420282363891602e-01
3.467107534408569336e+00,-2.321802854537963867e+00
4.957109093666076660e-01,-2.141514539718627930e+00
2.680355906486511230e-01,-1.095617294311523438e+00
1.234217286109924316e+00,-2.322640657424926758e+00
2.234646558761596680e+00,1.635357022285461426e+00
1.319324612617492676e+00,3.562857806682586670e-01
1.261819362640380859e+00,-1.816904783248901367e+00
1.091678738594055176e+00,-1.163116097450256348e+00
1.189646434783935547e+01,-2.609536647796630859e+00
1.016210198402404785e+00,-1.078226089477539062e+00
2.333157062530517578e+00,1.536529064178466797e+00
5.664047002792358398e-01,-2.143404960632324219e+00
4.478928565979003906e+00,-1.626710653305053711e+00
1.550786614418029785e+00,-1.997614860534667969e+00
1.346297621726989746e+00,1.108561635017395020e+00
1.772710323333740234e+00,-2.421341419219970703e+00
1.239888072013854980e+00,-1.804400920867919922e+00
1.533559203147888184e+00,-2.314076185226440430e+00
2.993444681167602539e+00,-1.323399901390075684e+00
1.078689217567443848e+00,1.802245378494262695e+00
1.986817002296447754e+00,-2.492707014083862305e+00
1.193695068359375000e+00,-1.271695852279663086e+00
2.364328205585479736e-01,-2.536933660507202148e+00
1.278299689292907715e+00,-1.803074717521667480e+00
7.998629212379455566e-01,-1.283456087112426758e+00
3.335650920867919922e+00,-2.654005527496337891e+00
8.575776219367980957e-01,-1.306618571281433105e+00
1.401184797286987305e+00,-1.234980225563049316e+00
9.647236466407775879e-01,-1.550845265388488770e+00
1.259805798530578613e+00,-2.199338674545288086e+00
8.689008712768554688e+00,-2.368604660034179688e+00
5.759218931198120117e-01,-2.254280567169189453e+00
1.861943721771240234e+00,-2.365536928176879883e+00
1.292170166969299316e+00,-2.269359588623046875e+00
9.826055765151977539e-01,-2.085638284683227539e+00
2.666364192962646484e+00,-4.638821184635162354e-01
8.220357894897460938e-01,-2.102894783020019531e+00
1.434763431549072266e+00,1.035112500190734863e+00
1.001830935478210449e+00,-1.226814031600952148e+00
2.064729213714599609e+00,-1.790866971015930176e+00
2.093127250671386719e+00,1.644052863121032715e+00
2.755023717880249023e+00,-2.095531463623046875e+00
5.308538675308227539e-01,-8.303967714309692383e-01
1.967291831970214844e+00,1.598275780677795410e+00
7.209204435348510742e-01,-1.170380830764770508e+00
4.729995131492614746e-01,-2.435874700546264648e+00
1.034720182418823242e+00,-1.905773639678955078e+00
1.251932621002197266e+00,-2.275282621383666992e+00
1.354841947555541992e+00,-2.153496980667114258e+00
1.051112532615661621e+00,-2.046173095703125000e+00
3.240210056304931641e+00,-6.198425292968750000e-01
1.533559203147888184e+00,-2.314076185226440430e+00
1.973206758499145508e+00,-2.620807886123657227e+00
9.615761041641235352e-01,-1.121798992156982422e+00
2.434154510498046875e+00,1.559638381004333496e+00
1.704942941665649414e+00,1.130060315132141113e+00
1.105739474296569824e+00,-1.181118965148925781e+00
1.708006978034973145e+00,-6.477670669555664062e-01
1.607032895088195801e+00,-2.637713909149169922e+00
4.794826507568359375e+00,-2.017353296279907227e+00
1.405698776245117188e+00,-2.441956996917724609e+00
6.764180660247802734e-01,-1.970734596252441406e+00
1.916485786437988281e+00,1.538153529167175293e+00
1.178425073623657227e+00,9.252825975418090820e-01
2.554704666137695312e+00,-8.304427862167358398e-01
1.738684415817260742e+00,1.392875194549560547e+00
2.118207931518554688e+00,1.766885638236999512e+00
5.535004138946533203e-01,-2.522474050521850586e+00
1.119237661361694336e+00,-1.387601494789123535e+00
8.611042499542236328e-01,-1.525507926940917969e+00
1.045435190200805664e+00,-1.166374325752258301e+00
1.382827401161193848e+00,-1.093649387359619141e+00
-2.223422825336456299e-01,-2.376838207244873047e+00
9.134966135025024414e-01,-1.477745294570922852e+00
1.188294529914855957e+00,-2.254472970962524414e+00
1.696767687797546387e+00,-2.477559566497802734e+00
5.036326646804809570e-01,-1.998212456703186035e+00
2.676493167877197266e+00,8.512659072875976562e-01
1.191434860229492188e+00,-2.263730049133300781e+00
5.446289181709289551e-01,-8.123996257781982422e-01
1.116610050201416016e+00,-2.380934238433837891e+00
1.905719280242919922e+00,-1.409819841384887695e+00
2.086914062500000000e+00,1.684483408927917480e+00
1.036080479621887207e+00,-2.076807022094726562e+00
2.044981956481933594e+00,-2.229972124099731445e+00
1.195463895797729492e+00,-2.029127836227416992e+00
1.314184904098510742e+00,1.187740683555603027e+00
-4.007942974567413330e-03,-2.210895061492919922e+00
1.379236221313476562e+00,-3.062227666378021240e-01
1.089785099029541016e+00,-2.109770774841308594e+00
2.223191976547241211e+00,-2.589501857757568359e+00
8.998116850852966309e-01,-1.358636379241943359e+00
8.760935664176940918e-01,-1.112142086029052734e+00
1.959028959274291992e+00,-8.961614370346069336e-01
7.657626867294311523e-01,-2.309750318527221680e+00
1.930738925933837891e+00,-1.103905320167541504e+00
4.228233993053436279e-01,-2.180233240127563477e+00
2.031869173049926758e+00,-2.090670824050903320e+00
7.536179423332214355e-01,2.299735546112060547e+00
2.471601724624633789e+00,1.574907183647155762e+00
1.908420681953430176e+00,-2.437462806701660156e+00
1.528661251068115234e+00,-3.294838368892669678e-01
1.022698879241943359e+00,-2.319151401519775391e+00
1.549826979637145996e+00,7.167530059814453125e-01
6.456256866455078125e+00,-3.319050073623657227e+00
1.131368517875671387e+00,9.019150733947753906e-01
1.806976079940795898e+00,-1.966894567012786865e-01
1.761825561523437500e+00,-2.489099502563476562e+00
2.127801418304443359e+00,1.437450170516967773e+00
9.298312067985534668e-01,-2.112432003021240234e+00
4.900753974914550781e+00,-2.299323320388793945e+00
1.099165916442871094e+00,-1.487435460090637207e+00
1.551462709903717041e-01,-2.241678476333618164e+00
2.800795793533325195e+00,-2.171832561492919922e+00
1.847223997116088867e+00,7.152253389358520508e-01
2.037490844726562500e+00,-2.655880212783813477e+00
1.133269500732421875e+01,-2.675988912582397461e+00
2.344201326370239258e+00,1.702150702476501465e+00
6.764180660247802734e-01,-1.970734596252441406e+00
1.269096732139587402e+00,1.635659217834472656e+00
2.156391620635986328e+00,1.300083518028259277e+00
4.127696156501770020e-01,-1.054667711257934570e+00
2.993444681167602539e+00,-1.323399901390075684e+00
2.928524971008300781e+00,-2.203742504119873047e+00
2.274188280105590820e+00,1.590723633766174316e+00
2.269976377487182617e+00,1.814947009086608887e+00
6.526929140090942383e-01,-2.149767637252807617e+00
1.252516388893127441e+00,-2.343675851821899414e+00
1.947056770324707031e+00,-1.392578840255737305e+00
1.264958381652832031e+00,9.488123655319213867e-01
1.255375862121582031e+00,-1.615780234336853027e+00
2.092175960540771484e+00,1.627707362174987793e+00
2.704163789749145508e+00,-1.354511857032775879e+00
6.467528343200683594e-01,-2.191562891006469727e+00
5.257584571838378906e+00,-2.176538228988647461e+00
2.746617794036865234e-01,-2.128715991973876953e+00
6.597602367401123047e-01,-2.429121732711791992e+00
2.705792486667633057e-01,-2.214286565780639648e+00
1.268061041831970215e+00,-5.896312594413757324e-01
1.296071648597717285e+00,-2.390993595123291016e+00
2.148621559143066406e+00,1.293044924736022949e+00
2.940158605575561523e+00,-2.254165410995483398e+00
1.168754220008850098e+00,-8.104358911514282227e-01
1.379334092140197754e+00,-2.058358907699584961e+00
1.847728252410888672e+00,1.698917746543884277e+00
7.812858223915100098e-01,-2.150343418121337891e+00
5.443498492240905762e-01,-7.854124307632446289e-01
2.072995662689208984e+00,-1.778841972351074219e+00
9.160963296890258789e-01,-2.157963514328002930e+00
8.760695457458496094e-01,-2.693196296691894531e+00
8.721024394035339355e-01,-1.243890643119812012e+00
2.318905830383300781e+00,-1.448399662971496582e+00
1.802703022956848145e+00,-2.508592367172241211e+00
1.040060281753540039e+00,1.769605517387390137e+00
9.920977354049682617e-01,-2.369738101959228516e+00
3.240210056304931641e+00,-6.198425292968750000e-01
9.660586118698120117e-01,1.103488564491271973e+00
2.291159868240356445e+00,4.743343591690063477e-02
2.086274147033691406e+00,1.508192181587219238e+00
1.641418576240539551e+00,-1.060381889343261719e+00
9.456998109817504883e-01,-2.072175264358520508e+00
1.826556205749511719e+00,1.573785424232482910e+00
7.156641006469726562e+00,-2.727098941802978516e+00
1.976621389389038086e+00,-2.187737226486206055e+00
4.873051643371582031e+00,-2.297745227813720703e+00
1.966564416885375977e+00,1.650888562202453613e+00
1.741295814514160156e+00,1.369847536087036133e+00
2.503271579742431641e+00,-2.022843122482299805e+00
2.159940719604492188e+00,-2.248715400695800781e+00
1.279036879539489746e+00,-1.108853101730346680e+00
9.707942008972167969e-01,-1.089547991752624512e+00
9.707942008972167969e-01,-1.089547991752624512e+00
4.624909877777099609e+00,-1.645119428634643555e+00
1.251819372177124023e+00,-2.266456604003906250e+00
8.837323188781738281e-01,-2.297999382019042969e+00
3.214323997497558594e+00,-2.435263872146606445e+00
1.927055835723876953e+00,-2.311422109603881836e+00
1.735690355300903320e+00,-2.187072992324829102e+00
1.046976685523986816e+00,8.220809698104858398e-01
2.338056087493896484e+00,1.731143832206726074e+00
4.446321725845336914e-02,-2.250929832458496094e+00
1.281703829765319824e+00,5.370904207229614258e-01
8.151521682739257812e-01,-2.218029737472534180e+00
2.129185199737548828e+00,1.510903716087341309e+00
2.354647636413574219e+00,-2.467035770416259766e+00
1.070446014404296875e+01,-2.714778661727905273e+00
1.440193653106689453e+00,1.995983242988586426e+00
1.783253431320190430e+00,1.355294108390808105e+00
1.689257383346557617e+00,1.095731019973754883e+00
8.895717263221740723e-01,-2.075886249542236328e+00
1.215494155883789062e+00,-1.291530609130859375e+00
2.492182970046997070e+00,-8.069366216659545898e-01
7.768601775169372559e-01,-2.065867424011230469e+00
2.739410161972045898e+00,-2.901996672153472900e-01
1.015253424644470215e+00,-9.319994449615478516e-01
9.951835870742797852e-01,-1.279903888702392578e+00
1.338370561599731445e+00,-2.411508321762084961e+00
2.238263845443725586e+00,-2.454966545104980469e+00
1.192562699317932129e+00,-6.178309917449951172e-01
3.222316026687622070e+00,6.568323373794555664e-01
5.249794721603393555e-01,-2.535975456237792969e+00
7.917230129241943359e-01,-9.630374908447265625e-01
1.408500552177429199e+00,-1.105612635612487793e+00
2.066293716430664062e+00,-1.815288901329040527e+00
5.306645035743713379e-01,1.380150318145751953e+00
2.294692993164062500e+00,-4.836491048336029053e-01
1.616754889488220215e+00,-4.880748391151428223e-01
1.999886274337768555e+00,1.426433205604553223e+00
1.206799864768981934e+00,-2.248356580734252930e+00
1.713338971138000488e+00,1.630638539791107178e-01
2.571589469909667969e+00,-1.632584333419799805e+00
1.186452865600585938e+00,9.534034729003906250e-01
1.757036209106445312e+00,-1.132455348968505859e+00
1.496562004089355469e+00,-8.451842069625854492e-01
1.010729670524597168e+00,-2.244236946105957031e+00
1.801586151123046875e+00,1.623428702354431152e+00
1.645289659500122070e+00,9.795603752136230469e-01
1.535267710685729980e+00,1.342883467674255371e+00
2.114973783493041992e+00,1.627109646797180176e+00
1.662365436553955078e+00,1.466372132301330566e+00
1.522702813148498535e+00,-2.221149682998657227e+00
3.826358556747436523e+00,-2.218625307083129883e+00
1.051480770111083984e+00,1.334007501602172852e+00
2.107440471649169922e+00,1.664903163909912109e+00
1.529270052909851074e+00,-1.801270604133605957e+00
5.904713630676269531e+00,-2.274054527282714844e+00
2.275540113449096680e+00,-2.459368228912353516e+00
1.685835003852844238e+00,1.481783032417297363e+00
2.080091953277587891e+00,1.600191712379455566e+00
1.966564416885375977e+00,1.650888562202453613e+00
3.191730022430419922e+00,-2.515049457550048828e+00
2.269627571105957031e+00,-2.453938484191894531e+00
2.221060991287231445e+00,1.566124081611633301e+00
7.312150478363037109e+00,-2.752951622009277344e+00
1.637320280075073242e+00,1.061323881149291992e+00
2.447843790054321289e+00,1.575213789939880371e+00
6.730764508247375488e-01,-2.223827123641967773e+00
1.134612441062927246e+00,-1.187340497970581055e+00
2.276420593261718750e+00,1.821203827857971191e+00
1.095893859863281250e+00,-1.147939801216125488e+00
2.433547019958496094e+00,1.631581306457519531e+00
8.176911473274230957e-01,-1.008689284324645996e+00
3.280820608139038086e+00,5.739994049072265625e-01
2.814595699310302734e+00,-2.471184968948364258e+00
2.086918592453002930e+00,1.761601567268371582e+00
1.388534545898437500e+00,-1.345945596694946289e+00
1.291204333305358887e+00,-2.149283409118652344e+00
1.084149003028869629e+00,-2.407384872436523438e+00
3.176997661590576172e+00,-2.618284940719604492e+00
1.767773509025573730e+00,-2.514647006988525391e+00
2.170965194702148438e+00,1.437022447586059570e+00
8.233129382133483887e-01,-1.997264981269836426e+00
1.153049468994140625e+00,-1.903284788131713867e+00
9.782642722129821777e-01,-2.793056488037109375e+00
1.082805395126342773e+00,-1.826825976371765137e+00
1.956484079360961914e+00,1.431271433830261230e+00
2.413382291793823242e+00,-9.707663059234619141e-01
2.175040960311889648e+00,-2.273056030273437500e+00
2.207599163055419922e+00,1.519947171211242676e+00
3.193379402160644531e+00,-2.413145780563354492e+00
1.527703642845153809e+00,-2.244002342224121094e+00
1.257421135902404785e+00,-2.268094062805175781e+00
1.101290822029113770e+00,-1.390259504318237305e+00
1.656096577644348145e+00,-7.782686948776245117e-01
1.031088709831237793e+00,-2.126084327697753906e+00
7.804999828338623047e+00,-2.124601840972900391e+00
1.734491229057312012e+00,1.552109360694885254e+00
8.468040823936462402e-01,-2.205695867538452148e+00
8.115084171295166016e-01,-2.048996686935424805e+00
1.625629782676696777e+00,-2.224241495132446289e+00
3.335894346237182617e-01,-2.244042873382568359e+00
2.496665954589843750e+00,1.723782896995544434e+00
2.935463190078735352e+00,-8.206161260604858398e-01
8.494240045547485352e-01,-2.115556478500366211e+00
1.354162216186523438e+00,1.413688778877258301e+00
8.776642084121704102e-01,-2.347233057022094727e+00
3.652910470962524414e+00,-2.248966693878173828e+00
1.684173226356506348e+00,-2.380758285522460938e+00
1.359182596206665039e+00,8.166199922561645508e-01
1.308611392974853516e+00,-2.395202636718750000e+00
1.940000176429748535e+00,1.458972930908203125e+00
1.499660015106201172e+00,-2.216241836547851562e+00
2.192518472671508789e+00,1.521982550621032715e+00
7.514886260032653809e-01,-2.130935907363891602e+00
1.805106639862060547e+00,-1.121389508247375488e+00
2.135890245437622070e+00,1.635509133338928223e+00
2.447725534439086914e+00,8.334460258483886719e-01
1.673957705497741699e+00,-2.086658000946044922e+00
2.711521625518798828e+00,-1.305026888847351074e+00
2.957249641418457031e+00,-1.428966999053955078e+00
2.993292808532714844e-01,-2.319995641708374023e+00
2.490867853164672852e+00,1.698915839195251465e+00
7.462714910507202148e-01,1.084484338760375977e+00
1.768843650817871094e+00,-2.321233272552490234e+00
2.376503944396972656e+00,-2.209505796432495117e+00
1.062210202217102051e+00,-2.007471561431884766e+00
4.753190875053405762e-01,-1.999617576599121094e+00
1.369636654853820801e+00,-2.059435367584228516e+00
7.352722287178039551e-01,-1.284091114997863770e+00
1.786859273910522461e+00,1.329669594764709473e+00
4.226324558258056641e+00,-2.720798969268798828e+00
2.205712318420410156e+00,-2.304681539535522461e+00
1.540908098220825195e+00,-2.242759466171264648e+00
3.155169725418090820e+00,-2.155073404312133789e+00
6.482651829719543457e-01,-1.256192564964294434e+00
1.454797506332397461e+00,-9.017733335494995117e-01
8.931494355201721191e-01,-1.796379208564758301e+00
9.063526391983032227e-01,-1.265182733535766602e+00
1.643259406089782715e+00,1.168362259864807129e+00
8.740592002868652344e+00,-2.036902904510498047e+00
1.016210198402404785e+00,-1.078226089477539062e+00
9.955773949623107910e-01,7.110148668289184570e-01
1.051543354988098145e+00,-2.183488845825195312e+00
3.562710583209991455e-01,-1.998281598091125488e+00
2.177092075347900391e+00,1.532331466674804688e+00
2.856784343719482422e+00,-2.265301704406738281e+00
2.548402786254882812e+00,-7.914818525314331055e-01
-2.844635844230651855e-01,-2.346932172775268555e+00
1.965453982353210449e+00,1.441656589508056641e+00
1.208298683166503906e+00,-2.269068717956542969e+00
2.181890726089477539e+00,1.628234744071960449e+00
2.041761636734008789e+00,1.701672673225402832e+00
3.351952552795410156e+00,-2.624446392059326172e+00
2.549505949020385742e+00,-1.437047004699707031e+00
1.160167813301086426e+00,1.930653691291809082e+00
1.568473219871520996e+00,-2.280271530151367188e+00
6.355737686157226562e+00,-2.701009988784790039e+00
7.874177694320678711e-01,-2.151510477066040039e+00
2.372239112854003906e+00,-6.291768550872802734e-01
3.172039747238159180e+00,-2.172628164291381836e+00
1.132645845413208008e+00,-1.084964156150817871e+00
1.432169914245605469e+00,1.401729702949523926e+00
2.018319815397262573e-02,-2.184996843338012695e+00
4.301373362541198730e-01,-2.248839139938354492e+00
1.739821672439575195e+00,-7.992933988571166992e-01
1.785755515098571777e+00,-2.128602504730224609e+00
4.208761692047119141e+00,-2.722877740859985352e+00
1.700317263603210449e+00,-2.395079135894775391e+00
9.782642722129821777e-01,-2.793056488037109375e+00
1.790350675582885742e+00,-1.869899630546569824e+00
1.593112826347351074e+00,-1.115064501762390137e+00
1.003530263900756836e+00,-2.185679435729980469e+00
6.199713349342346191e-01,-2.180588960647583008e+00
2.409336090087890625e+00,1.698811888694763184e+00
1.713847875595092773e+00,-2.328999519348144531e+00
2.996517181396484375e+00,-1.527318656444549561e-01
1.861554741859436035e+00,1.186166882514953613e+00
1.064950466156005859e+00,1.350458741188049316e+00
1.051982879638671875e+00,-1.134657621383666992e+00
1.208298683166503906e+00,-2.269068717956542969e+00
9.965917468070983887e-01,-2.102860689163208008e+00
4.590142369270324707e-01,-1.701300978660583496e+00
7.788125276565551758e-01,1.309119582176208496e+00
2.050536632537841797e+00,1.518768548965454102e+00
1.164619445800781250e+00,-2.197444438934326172e+00
1.930971384048461914e+00,-1.104314684867858887e+00
1.655553221702575684e+00,8.636757135391235352e-01
4.971778690814971924e-01,-1.960052371025085449e+00
1.927047014236450195e+00,1.609915494918823242e+00
1.087503147125244141e+01,-2.935446262359619141e+00
2.253132104873657227e+00,1.615732669830322266e+00
2.755023717880249023e+00,-2.095531463623046875e+00
1.754551768302917480e+00,-3.402053713798522949e-01
1.828516483306884766e+00,1.566783189773559570e+00
2.510689258575439453e+00,1.562567353248596191e+00
8.355398178100585938e-01,-1.114376544952392578e+00
1.996785402297973633e+00,-2.470853805541992188e+00
6.826571226119995117e-01,-2.133995294570922852e+00
7.161438465118408203e-01,-2.695163726806640625e+00
7.650134563446044922e-01,-2.097188949584960938e+00
3.034436941146850586e+00,-2.238473892211914062e+00
3.500257968902587891e+00,-2.151209831237792969e+00
1.097798943519592285e+00,-1.167238354682922363e+00
1.821433901786804199e+00,-5.771452188491821289e-01
6.383724212646484375e-01,-1.923609018325805664e+00
1.641640901565551758e+00,-7.759464979171752930e-01
1.498120546340942383e+00,-2.037667036056518555e+00
2.879466533660888672e+00,-1.274504423141479492e+00
1.715743303298950195e+00,1.642019450664520264e-01
2.180344104766845703e+00,1.612545132637023926e+00
1.001322627067565918e+00,2.062872409820556641e+00
6.563768386840820312e-01,-2.244179487228393555e+00
2.092175960540771484e+00,1.627707362174987793e+00
1.813083767890930176e+00,1.835159659385681152e+00
9.573869705200195312e-01,-9.814132452011108398e-01
7.116495370864868164e-01,-2.132011413574218750e+00
4.280965805053710938e+00,-1.990640759468078613e-01
1.015137076377868652e+00,-2.106052637100219727e+00
2.496665954589843750e+00,1.723782896995544434e+00
-2.223422825336456299e-01,-2.376838207244873047e+00
2.158864498138427734e+00,1.530302882194519043e+00
2.169376850128173828e+00,-2.742381572723388672e+00
1.123395204544067383e+00,6.150180101394653320e-01
1.287900447845458984e+00,-2.144059658050537109e+00
6.956276893615722656e-01,-1.818772196769714355e+00
2.257798433303833008e+00,1.744874119758605957e+00
1.384843349456787109e+00,1.249116063117980957e+00
2.200376272201538086e+00,1.531318306922912598e+00
8.223318457603454590e-01,-2.673377275466918945e+00
1.295336246490478516e+00,-7.224074602127075195e-01
1.085014343261718750e+00,1.399940609931945801e+00
1.916332244873046875e+00,-2.424173593521118164e+00
4.451842308044433594e+00,-7.571049928665161133e-01
2.278940200805664062e+00,-1.298991799354553223e+00
6.488746166229248047e+00,-2.868297338485717773e+00
2.055289983749389648e+00,-3.883541524410247803e-01
4.249446868896484375e+00,-2.777089118957519531e+00
4.694800376892089844e+00,-1.753458380699157715e+00
7.415748834609985352e-01,-2.035217523574829102e+00
9.183185100555419922e-01,-2.131309032440185547e+00
2.490595340728759766e+00,1.678089976310729980e+00
2.966530084609985352e+00,-2.433494567871093750e+00
1.503041744232177734e+00,-2.367727041244506836e+00
4.612033367156982422e-01,-2.315082550048828125e+00
1.126991152763366699e+00,-2.115197658538818359e+00
2.057470083236694336e+00,1.611907720565795898e+00
3.496748685836791992e+00,-2.138617336750030518e-01
1.081847572326660156e+01,-2.727729558944702148e+00
2.490252554416656494e-01,-2.390532255172729492e+00
3.525581121444702148e+00,-1.013513922691345215e+00
1.073131561279296875e+00,1.762718558311462402e+00
7.039167881011962891e-01,-2.237712621688842773e+00
9.163624048233032227e-01,-2.347234249114990234e+00
2.116705417633056641e+00,1.653584599494934082e+00
2.073825597763061523e+00,-1.810576200485229492e+00
9.092624664306640625e+00,-2.109023571014404297e+00
2.126181840896606445e+00,1.258522510528564453e+00
2.259933710098266602e+00,-2.104808568954467773e+00
1.394260168075561523e+00,-1.244643568992614746e+00
3.380697250366210938e+00,-2.278270721435546875e+00
2.996517181396484375e+00,-1.527318656444549561e-01
2.195915460586547852e+00,1.556604743003845215e+00
1.896448373794555664e+00,1.534430265426635742e+00
1.150232791900634766e+00,-1.364613294601440430e+00
2.601352214813232422e+00,1.548999071121215820e+00
4.654211401939392090e-01,-2.174894094467163086e+00
1.932797908782958984e+00,-1.387830734252929688e+00
1.228816628456115723e+00,-2.315482616424560547e+00
2.359198808670043945e+00,1.738308548927307129e+00
1.061496734619140625e+00,-2.416712045669555664e+00
1.875698447227478027e+00,-3.482037186622619629e-01
1.596751093864440918e+00,9.083425998687744141e-01
3.847835302352905273e+00,-2.122637987136840820e+00
2.358877182006835938e+00,1.816391944885253906e+00
3.429039001464843750e+00,-2.205662012100219727e+00
1.373810887336730957e+00,-2.256498098373413086e+00
1.241824722290039062e+01,-3.057239532470703125e+00
5.306894183158874512e-01,-2.053528308868408203e+00
7.956408023834228516e+00,-2.156924724578857422e+00
1.925855994224548340e+00,1.608326315879821777e+00
1.058379054069519043e+00,-2.323442935943603516e+00
3.211405515670776367e+00,-1.962088346481323242e+00
7.226175069808959961e-01,-1.312755107879638672e+00
8.214099407196044922e-01,-1.387698888778686523e+00
2.090143680572509766e+00,1.633140206336975098e+00
7.227289080619812012e-01,-1.583490133285522461e+00
1.894343733787536621e+00,-3.745142817497253418e-01
1.823409795761108398e+00,1.239399671554565430e+00
6.098229289054870605e-01,-2.306392669677734375e+00
2.118973493576049805e+00,1.601757884025573730e+00
1.488091111183166504e+00,-8.482388257980346680e-01
1.696767687797546387e+00,-2.477559566497802734e+00
1.791832089424133301e+00,-2.317232608795166016e+00
1.271341204643249512e+00,-1.884856343269348145e+00
1.089680790901184082e+00,1.850727677345275879e+00
8.112300634384155273e-01,-1.769035339355468750e+00
2.815349102020263672e+00,-1.933832168579101562e+00
1.238151192665100098e+00,-2.343843460083007812e+00
6.434413433074951172e+00,-2.224957704544067383e+00
3.339948415756225586e+00,-2.302089214324951172e+00
3.306702673435211182e-01,-2.217745780944824219e+00
1.994611263275146484e+00,-1.604786515235900879e+00
2.014859676361083984e+00,1.519572854042053223e+00
1.132035255432128906e+00,-1.956412434577941895e+00
7.181717157363891602e-01,-1.995124697685241699e+00
1.791832089424133301e+00,-2.317232608795166016e+00
7.515820503234863281e+00,-2.506889343261718750e+00
2.702704429626464844e+00,-2.076313495635986328e+00
1.688137292861938477e+00,-2.396975278854370117e+00
4.442879259586334229e-01,-2.382644176483154297e+00
2.206208944320678711e+00,-2.615765333175659180e+00
3.786972522735595703e+00,-2.091681241989135742e+00
1.236411571502685547e+01,-2.937875032424926758e+00
1.184290981292724609e+01,-2.617760181427001953e+00
1.668617844581604004e+00,8.516036272048950195e-01
8.873009681701660156e-01,-2.097043514251708984e+00
1.849009394645690918e+00,-1.326082468032836914e+00
9.647236466407775879e-01,-1.550845265388488770e+00
1.973417401313781738e+00,1.340200781822204590e+00
1.280639529228210449e+00,-6.567001342773437500e-01
9.942247271537780762e-01,2.103356361389160156e+00
3.923344135284423828e+00,-7.799504995346069336e-01
2.211640357971191406e+00,1.894848227500915527e+00
1.025048613548278809e+00,8.020424842834472656e-01
2.347940921783447266e+00,1.846325755119323730e+00
1.534480810165405273e+00,-2.246267795562744141e+00
2.004154682159423828e+00,1.689859151840209961e+00
8.660713434219360352e-01,1.763703823089599609e+00
5.989170074462890625e+00,-2.153300762176513672e+00
1.712880253791809082e+00,1.737816214561462402e+00
1.314184904098510742e+00,1.187740683555603027e+00
4.944945871829986572e-01,-1.988950252532958984e+00
9.386434555053710938e-01,-2.100076198577880859e+00
1.063968539237976074e+00,-1.147226572036743164e+00
3.924771547317504883e+00,-2.237636089324951172e+00
2.007995605468750000e+00,-1.822614192962646484e+00
1.980220556259155273e+00,-9.906288385391235352e-01
1.194675445556640625e+00,-1.300703763961791992e+00
1.289808869361877441e+00,-2.365730762481689453e+00
2.234943866729736328e+00,-1.112785339355468750e-01
7.656897902488708496e-01,-2.227691411972045898e+00
4.694800376892089844e+00,-1.753458380699157715e+00
1.811689376831054688e+00,1.669781684875488281e+00
8.649669885635375977e-01,-2.061436653137207031e+00
2.056564807891845703e+00,1.416954278945922852e+00
2.287361145019531250e+00,1.537885785102844238e+00
3.145240545272827148e+00,-1.518776774406433105e+00
7.160912513732910156e+00,-3.416858196258544922e+00
1.382346153259277344e+00,-2.274405479431152344e+00
8.953288197517395020e-01,-1.863449335098266602e+00
1.955579757690429688e+00,1.428012013435363770e+00
8.846477866172790527e-01,-1.532019376754760742e+00
7.832636237144470215e-01,-2.415503025054931641e+00
1.257421135902404785e+00,-2.268094062805175781e+00
2.242046356201171875e+00,1.592674851417541504e+00
2.216886043548583984e+00,7.772494554519653320e-01
8.873995542526245117e-01,-1.128639578819274902e+00
1.578144192695617676e+00,-1.154391765594482422e+00
1.099617004394531250e+00,-2.418356180191040039e+00
1.153049468994140625e+00,-1.903284788131713867e+00
1.514692425727844238e+00,-2.143828392028808594e+00
2.638232469558715820e+00,-2.096847534179687500e+00
2.090143680572509766e+00,1.633140206336975098e+00
1.393774151802062988e+00,8.612532615661621094e-01
5.967527627944946289e-01,1.366427659988403320e+00
4.643583297729492188e+00,-1.820173621177673340e+00
2.800494432449340820e+00,-2.408651113510131836e+00
4.201079607009887695e-01,1.643519759178161621e+00
1.490784525871276855e+00,-2.358524084091186523e+00
4.304136753082275391e+00,-2.112347841262817383e+00
1.853255271911621094e+00,1.390079379081726074e+00
1.840923547744750977e+00,1.180913567543029785e+00
8.794625401496887207e-01,-1.046704888343811035e+00
-4.007942974567413330e-03,-2.210895061492919922e+00
7.646155357360839844e-01,-1.233013510704040527e+00
1.710950255393981934e+00,1.717814803123474121e+00
9.134966135025024414e-01,-1.477745294570922852e+00
1.845084667205810547e+00,-1.663575470447540283e-01
2.344802856445312500e+00,1.871526360511779785e+00
2.490252554416656494e-01,-2.390532255172729492e+00
4.471374034881591797e+00,-2.551620244979858398e+00
1.445473074913024902e+00,-2.233525991439819336e+00
4.384865164756774902e-01,-2.187047958374023438e+00
1.714673042297363281e+00,-6.811385154724121094e-01
4.351483285427093506e-01,-2.240128755569458008e+00
8.701328277587890625e+00,-2.375050783157348633e+00
1.341099739074707031e+00,-2.361077070236206055e+00
2.556438922882080078e+00,-2.455511093139648438e+00
2.471601724624633789e+00,1.574907183647155762e+00
1.934458851814270020e+00,-1.073886275291442871e+00
1.128594875335693359e+00,-2.023337125778198242e+00
1.270136475563049316e+00,7.127726078033447266e-01
7.394897341728210449e-01,-1.160323739051818848e+00
1.483424544334411621e+00,-2.124604225158691406e+00
2.084668874740600586e+00,-3.374080061912536621e-01
2.009049415588378906e+00,-1.155490279197692871e+00
6.056579351425170898e-01,-2.306736230850219727e+00
5.046089649200439453e+00,-2.177076578140258789e+00
1.060310125350952148e+00,-2.413733243942260742e+00
2.193238973617553711e+00,1.518828749656677246e+00
1.614861249923706055e+00,-8.687320947647094727e-01
2.282524347305297852e+00,1.557783246040344238e+00
1.685846209526062012e+00,9.594787359237670898e-01
1.853255271911621094e+00,1.390079379081726074e+00
3.172039747238159180e+00,-2.172628164291381836e+00
1.422190070152282715e+00,1.001823544502258301e+00
3.941301584243774414e+00,-2.091915369033813477e+00
1.445473074913024902e+00,-2.233525991439819336e+00
1.092957496643066406e+00,7.251449823379516602e-01
7.199572563171386719e+00,-2.410583496093750000e+00
2.287577629089355469e+00,-2.057946622371673584e-01
1.976678729057312012e+00,-1.823680877685546875e+00
1.782443523406982422e+00,-2.331327438354492188e+00
2.114973783493041992e+00,1.627109646797180176e+00
1.532674193382263184e+00,1.786339581012725830e-01
1.386679410934448242e+00,-2.068036794662475586e+00
2.336677312850952148e+00,1.631113171577453613e+00
1.528079271316528320e+00,1.363733410835266113e+00
2.006650209426879883e+00,1.745352029800415039e+00
1.134738445281982422e+00,-1.116282582283020020e+00
2.198106527328491211e+00,1.721128463745117188e+00
4.873051643371582031e+00,-2.297745227813720703e+00
1.161533117294311523e+00,-2.291486978530883789e+00
2.139400482177734375e+00,-1.833541870117187500e+00
4.140877246856689453e+00,-2.647049665451049805e+00
1.276368618011474609e+00,1.614868521690368652e+00
3.012663841247558594e+00,-2.501913547515869141e+00
1.172566652297973633e+00,-1.296231150627136230e+00
2.143793821334838867e+00,-2.149226427078247070e+00
1.257105159759521484e+01,-2.655966758728027344e+00
2.724434137344360352e+00,-1.262107253074645996e+00
2.030887365341186523e+00,-1.967195630073547363e+00
1.035614728927612305e+00,1.918369174003601074e+00
6.975334286689758301e-01,-1.828812956809997559e+00
1.209100365638732910e+00,1.332655310630798340e+00
1.320024013519287109e+00,-2.672650098800659180e+00
2.903607606887817383e+00,-1.499349713325500488e+00
2.381483793258666992e+00,-2.068443775177001953e+00
2.086914062500000000e+00,1.684483408927917480e+00
9.194232225418090820e-01,1.533013582229614258e+00
1.911242306232452393e-01,-2.339151382446289062e+00
4.794826507568359375e+00,-2.017353296279907227e+00
2.148667812347412109e+00,-2.642514228820800781e+00
8.790946006774902344e-01,-1.869118571281433105e+00
1.018946409225463867e+00,-2.040619850158691406e+00
1.991591572761535645e+00,1.484232783317565918e+00
1.051543354988098145e+00,-2.183488845825195312e+00
1.361241579055786133e+00,1.068745970726013184e+00
3.196298599243164062e+00,-2.435637712478637695e+00
1.238284945487976074e+00,-1.984114646911621094e+00
1.367675364017486572e-01,-1.735457658767700195e+00
1.956668615341186523e+00,1.597053885459899902e+00
1.561216473579406738e+00,-2.366426706314086914e+00
1.594530582427978516e+00,1.277883410453796387e+00
1.089591145515441895e+00,7.234439849853515625e-01
2.211533546447753906e+00,1.857281565666198730e+00
1.095270633697509766e+00,-2.213086366653442383e+00
7.764708399772644043e-01,-1.053856015205383301e+00
8.678745031356811523e-01,-2.148448944091796875e+00
1.021058440208435059e+00,-2.164978027343750000e+00
2.135039091110229492e+00,-1.128457784652709961e+00
1.370474815368652344e+00,1.400782465934753418e+00
4.948756992816925049e-01,-1.246951341629028320e+00
2.572046995162963867e+00,-2.568970680236816406e+00
2.623199522495269775e-01,-2.234441280364990234e+00
3.477618217468261719e+00,-1.383944630622863770e+00
9.440283775329589844e-01,-1.141977310180664062e+00
1.588345289230346680e+00,9.059358835220336914e-01
2.169166326522827148e+00,-1.143944859504699707e+00
1.950927495956420898e+00,1.526827812194824219e+00
7.591457366943359375e-01,-2.029356956481933594e+00
4.249446868896484375e+00,-2.777089118957519531e+00
2.430803298950195312e+00,-2.065864086151123047e+00
4.517421722412109375e+00,-2.282030105590820312e+00
1.683179140090942383e+00,-2.495826005935668945e+00
1.042468786239624023e+00,-2.129852533340454102e+00
5.185478925704956055e-01,-2.013781070709228516e+00
2.161481857299804688e+00,1.970034539699554443e-01
5.306645035743713379e-01,1.380150318145751953e+00
1.465918660163879395e+00,-1.280854821205139160e+00
2.104881048202514648e+00,1.288555741310119629e+00
2.135780572891235352e+00,1.260516762733459473e+00
3.914135217666625977e+00,-2.167824745178222656e+00
1.117800951004028320e+00,-1.786053895950317383e+00
1.077655434608459473e+00,-1.183448672294616699e+00
1.925855994224548340e+00,1.608326315879821777e+00
1.314262151718139648e+00,9.582139253616333008e-01
7.465499043464660645e-01,-2.073573350906372070e+00
9.644256234169006348e-01,-1.065790772438049316e+00
1.209050536155700684e+00,-2.257203102111816406e+00
1.782767176628112793e+00,-2.212738513946533203e+00
1.227456450462341309e+00,-1.084633111953735352e+00
2.729021549224853516e+00,-1.743190526962280273e+00
1.937728047370910645e+00,1.603870868682861328e+00
6.387495040893554688e+00,-2.412694931030273438e+00
8.279305696487426758e-01,-1.301565885543823242e+00
8.093862533569335938e-01,-2.317133188247680664e+00
8.652734756469726562e-01,1.291724324226379395e+00
1.530658364295959473e+00,-1.717853546142578125e+00
1.641463637351989746e+00,1.047855377197265625e+00
2.360943794250488281e+00,-2.163427352905273438e+00
3.410023689270019531e+00,-2.291948556900024414e+00
7.028034925460815430e-01,-2.227477550506591797e+00
8.895717263221740723e-01,-2.075886249542236328e+00
2.057428359985351562e+00,-1.951355099678039551e+00
5.664286613464355469e-01,-2.540391445159912109e+00
2.231061458587646484e+00,1.646855235099792480e+00
1.014996767044067383e+00,-2.428775072097778320e+00
2.161409616470336914e+00,1.559414267539978027e+00
8.156509995460510254e-01,-2.179105997085571289e+00
2.726059913635253906e+00,-2.257200479507446289e+00
1.226153492927551270e+00,-1.462217211723327637e+00
1.295851588249206543e+00,9.400404691696166992e-01
2.073609828948974609e+00,1.542269587516784668e+00
8.677325844764709473e-01,-2.062622070312500000e+00
2.065451383590698242e+00,1.542367815971374512e+00
4.140877246856689453e+00,-2.647049665451049805e+00
1.442654609680175781e+00,-2.394659042358398438e+00
1.967352747917175293e+00,1.517263650894165039e+00
2.244608879089355469e+00,-4.740042984485626221e-01
1.530290246009826660e+00,-1.857153058052062988e+00
8.967241048812866211e-01,-1.299507975578308105e+00
2.294250726699829102e+00,-2.192130982875823975e-01
2.556050777435302734e+00,-2.274909019470214844e+00
1.804145097732543945e+00,2.756457030773162842e-02
1.256021499633789062e+00,-1.636486291885375977e+00
1.681654214859008789e+00,-2.235163688659667969e+00
1.581804513931274414e+00,-7.153828144073486328e-01
1.818256139755249023e+00,1.221847891807556152e+00
3.187856197357177734e+00,-1.327481150627136230e+00
1.888892889022827148e+00,-4.113284349441528320e-01
1.188749194145202637e+00,-1.517869710922241211e+00
1.004299283027648926e+00,-2.188677549362182617e+00
1.119978547096252441e+00,2.271550655364990234e+00
2.965614497661590576e-01,-2.316034793853759766e+00
2.353856801986694336e+00,1.590462327003479004e+00
1.085934638977050781e+00,-1.756861448287963867e+00
1.483492374420166016e+00,-2.026175022125244141e+00
2.373133897781372070e+00,-2.165886640548706055e+00
1.285676002502441406e+00,1.002294659614562988e+00
1.251819372177124023e+00,-2.266456604003906250e+00
1.301206231117248535e+00,-2.150878906250000000e-01
2.699226856231689453e+00,-1.335111498832702637e+00
2.344802856445312500e+00,1.871526360511779785e+00
1.021790981292724609e+00,7.825193405151367188e-01
2.106466770172119141e+00,1.534853458404541016e+00
1.023720741271972656e+01,-2.520358800888061523e+00
4.529368877410888672e+00,-2.441706895828247070e+00
2.179970979690551758e+00,1.736041426658630371e+00
7.573140263557434082e-01,-1.771745324134826660e+00
6.133891344070434570e-01,-1.249571204185485840e+00
1.263885021209716797e+00,-2.188812971115112305e+00
2.200376272201538086e+00,1.531318306922912598e+00
6.056579351425170898e-01,-2.306736230850219727e+00
1.860362887382507324e+00,1.521207213401794434e+00
1.513952970504760742e+00,1.309629559516906738e+00
1.104489922523498535e+00,-1.352320075035095215e+00
6.612101197242736816e-01,-2.216681003570556641e+00
2.118973493576049805e+00,1.601757884025573730e+00
2.051620006561279297e+00,1.609370708465576172e+00
6.188450813293457031e+00,-2.324260234832763672e+00
1.174568176269531250e+00,-2.407563924789428711e+00
3.617891788482666016e+00,-2.363188266754150391e+00
1.062661528587341309e+00,-2.190897703170776367e+00
6.488746166229248047e+00,-2.868297338485717773e+00
3.532408237457275391e+00,-2.222415685653686523e+00
7.084184169769287109e+00,-2.783972740173339844e+00
2.156941175460815430e+00,-1.580392003059387207e+00
1.169451355934143066e+00,-2.117777824401855469e+00
1.081178426742553711e+00,-2.220551967620849609e+00
1.598759651184082031e+00,-7.019345760345458984e-01
1.799873113632202148e+00,-1.146279215812683105e+00
1.269610762596130371e+00,-1.790125727653503418e+00
1.177516818046569824e+00,-2.414574623107910156e+00
2.009049415588378906e+00,-1.155490279197692871e+00
7.213483333587646484e+00,-2.754569530487060547e+00
1.352614641189575195e+00,1.544706940650939941e+00
1.008116126060485840e+00,-2.237361669540405273e+00
3.449365139007568359e+00,-1.178738951683044434e+00
1.373487353324890137e+00,-1.450141429901123047e+00
6.188450813293457031e+00,-2.324260234832763672e+00
1.514692425727844238e+00,-2.143828392028808594e+00
1.480841517448425293e+00,-1.610488176345825195e+00
7.467390894889831543e-01,-2.099450111389160156e+00
1.206799864768981934e+00,-2.248356580734252930e+00
1.371392607688903809e+00,-1.174570918083190918e+00
5.871962070465087891e+00,-2.878355026245117188e+00
1.354162216186523438e+00,1.413688778877258301e+00
5.664047002792358398e-01,-2.143404960632324219e+00
1.010443210601806641e+00,-2.159198045730590820e+00
7.553879022598266602e-01,1.463819503784179688e+00
8.975914001464843750e+00,-2.982848167419433594e+00
1.659463405609130859e+00,-1.016240358352661133e+00
1.299394369125366211e+00,-8.866838216781616211e-01
7.626270651817321777e-01,-1.032324075698852539e+00
1.952017784118652344e+00,1.662146329879760742e+00
9.105911850929260254e-01,-1.880499482154846191e+00
1.614116907119750977e+00,1.111931681632995605e+00
2.182422161102294922e+00,-1.162376284599304199e+00
9.896472096443176270e-01,-1.121101379394531250e+00
8.196745514869689941e-01,1.662986636161804199e+00
7.561321854591369629e-01,-2.224254846572875977e+00
5.092463016510009766e+00,-2.503051519393920898e+00
2.435039758682250977e+00,1.466449618339538574e+00
9.063526391983032227e-01,-1.265182733535766602e+00
1.701577067375183105e+00,-2.079333305358886719e+00
2.360943794250488281e+00,-2.163427352905273438e+00
1.354968190193176270e+00,-2.144418716430664062e+00
1.822179079055786133e+00,1.678025960922241211e+00
8.500451445579528809e-01,-2.229282617568969727e+00
1.210532069206237793e+00,8.984800577163696289e-01
4.842319011688232422e+00,-2.485735416412353516e+00
2.077437639236450195e+00,-5.216531753540039062e-01
1.531464576721191406e+00,-2.166006326675415039e+00
3.673084497451782227e+00,-1.371227145195007324e+00
1.862995982170104980e+00,-2.343979358673095703e+00
2.238703489303588867e+00,-2.312217235565185547e+00
1.073703169822692871e+00,-2.339282751083374023e+00
2.969031572341918945e+00,-1.352407455444335938e+00
8.576244115829467773e-01,-1.856594920158386230e+00
1.907749414443969727e+00,-2.311273336410522461e+00
1.213929295539855957e+00,-1.310228466987609863e+00
1.035614728927612305e+00,1.918369174003601074e+00
4.315762996673583984e+00,-2.392685174942016602e+00
1.152045249938964844e+00,-2.207144021987915039e+00
1.583094596862792969e+00,-2.167401075363159180e+00
1.310650348663330078e+00,-2.462417483329772949e-01
1.487788558006286621e+00,-1.626602292060852051e+00
2.081970214843750000e+00,1.692723155021667480e+00
1.715903520584106445e+00,-2.292195081710815430e+00
8.494240045547485352e-01,-2.115556478500366211e+00
7.055675387382507324e-01,-1.978712081909179688e+00
9.007031917572021484e-01,-1.594828128814697266e+00
1.012535691261291504e+00,1.119325399398803711e+00
2.012414455413818359e+00,-2.043143987655639648e+00
9.469442367553710938e-01,1.471850514411926270e+00
2.927459716796875000e+00,-1.320691466331481934e+00
9.633944630622863770e-01,-2.446964979171752930e+00
1.126868724822998047e+00,-1.207902312278747559e+00
2.013341188430786133e+00,1.424701929092407227e+00
1.379245162010192871e+00,-1.017756938934326172e+00
3.306702673435211182e-01,-2.217745780944824219e+00
1.236803770065307617e+00,-1.862445592880249023e+00
2.556438922882080078e+00,-2.455511093139648438e+00
2.110459327697753906e+00,1.653050780296325684e+00
1.480912804603576660e+00,-2.032849788665771484e+00
1.807733297348022461e+00,1.593160271644592285e+00
2.271924972534179688e+00,-1.331080436706542969e+00
1.571243047714233398e+00,1.335965394973754883e+00
2.799106836318969727e+00,-2.475777626037597656e+00
8.095780014991760254e-01,-1.250035405158996582e+00
1.317373037338256836e+00,-6.435197591781616211e-01
1.106302380561828613e+00,-1.364544391632080078e+00
1.648712038993835449e+00,1.540818929672241211e+00
8.776642084121704102e-01,-2.347233057022094727e+00
1.844051599502563477e+00,-2.147846698760986328e+00
2.097625017166137695e+00,1.605980396270751953e+00
2.620097160339355469e+00,1.556139826774597168e+00
4.463864326477050781e+00,-1.698645710945129395e+00
2.275540113449096680e+00,-2.459368228912353516e+00
1.841615915298461914e+00,-1.319514751434326172e+00
2.059655666351318359e+00,-2.053404092788696289e+00
2.077980756759643555e+00,-2.309788018465042114e-01
7.226175069808959961e-01,-1.312755107879638672e+00
1.581017494201660156e+00,-2.263949632644653320e+00
9.199459552764892578e-01,-2.103260517120361328e+00
1.201611518859863281e+00,-1.144313931465148926e+00
4.879878759384155273e-01,-2.129971981048583984e+00
1.104982495307922363e+00,-2.416083574295043945e+00
3.902101516723632812e+00,-2.172457456588745117e+00
1.090910077095031738e+00,-2.184425115585327148e+00
1.673957705497741699e+00,-2.086658000946044922e+00
2.565628767013549805e+00,-1.644337058067321777e+00
8.912205100059509277e-01,-2.259085178375244141e+00
2.341540098190307617e+00,1.614485383033752441e+00
1.581017494201660156e+00,-2.263949632644653320e+00
2.343840837478637695e+00,1.725283026695251465e+00
1.780260086059570312e+00,-2.402094841003417969e+00
1.828516483306884766e+00,1.566783189773559570e+00
1.360355854034423828e+00,-2.470413208007812500e+00
1.220128822326660156e+01,-3.048509359359741211e+00
9.955773949623107910e-01,7.110148668289184570e-01
7.915288805961608887e-01,-2.288201808929443359e+00
3.202609539031982422e+00,-1.395387411117553711e+00
2.359198808670043945e+00,1.738308548927307129e+00
1.085666179656982422e+00,-2.217910766601562500e+00
1.645201086997985840e+00,1.042714476585388184e+00
6.592903137207031250e-01,-2.195556163787841797e+00
6.017206907272338867e-01,-2.261832952499389648e+00
9.194232225418090820e-01,1.533013582229614258e+00
3.680411338806152344e+00,-2.705337047576904297e+00
4.517421722412109375e+00,-2.282030105590820312e+00
1.120192170143127441e+00,2.005608081817626953e+00
4.251008510589599609e+00,-2.745990514755249023e+00
1.333431959152221680e+00,-9.693449735641479492e-01
1.225738167762756348e+00,-1.258295893669128418e+00
1.181079268455505371e+00,-2.205259323120117188e+00
1.953832149505615234e+00,1.437637209892272949e+00
6.282553076744079590e-01,-1.245971918106079102e+00
3.339592218399047852e+00,-2.478965044021606445e+00
1.187414169311523438e+00,-1.162581562995910645e+00
7.420361518859863281e+00,-2.698022842407226562e+00
7.514886260032653809e-01,-2.130935907363891602e+00
1.594565987586975098e+00,-7.118440866470336914e-01
8.880510330200195312e-01,-2.091840505599975586e+00
1.232774972915649414e+00,-2.261191129684448242e+00
1.508450031280517578e+00,-4.225168228149414062e-01
1.370897293090820312e+00,-7.508438825607299805e-01
8.721024394035339355e-01,-1.243890643119812012e+00
1.896448373794555664e+00,1.534430265426635742e+00
4.661290645599365234e+00,-2.313287258148193359e+00
7.812858223915100098e-01,-2.150343418121337891e+00
1.334473490715026855e+00,-2.673448324203491211e+00
5.071242451667785645e-01,-2.388035535812377930e+00
3.050176143646240234e+00,-2.674011468887329102e+00
1.391966819763183594e+00,1.934270262718200684e+00
2.227359533309936523e+00,1.646447777748107910e+00
2.044674873352050781e+00,-2.238484382629394531e+00
1.397324323654174805e+00,-2.384669303894042969e+00
2.556026220321655273e+00,1.752426981925964355e+00
1.440193653106689453e+00,1.995983242988586426e+00
1.925555586814880371e+00,-2.617629766464233398e+00
7.114195227622985840e-01,-2.695384740829467773e+00
6.389613747596740723e-01,-1.225515484809875488e+00
2.305988311767578125e+00,-1.449165582656860352e+00
9.783679246902465820e-01,-2.263699293136596680e+00
1.750466942787170410e+00,-9.123742580413818359e-01
2.077399969100952148e+00,1.651527523994445801e+00
5.965041518211364746e-01,-2.421715497970581055e+00
2.044618129730224609e+00,1.588338017463684082e+00
1.332637548446655273e+00,-9.477546215057373047e-01
7.149402499198913574e-01,-2.440238714218139648e+00
3.342952966690063477e+00,-2.251682758331298828e+00
1.840197801589965820e+00,-2.000237703323364258e+00
1.556690573692321777e+00,-1.174476027488708496e+00
2.006101131439208984e+00,-1.164980173110961914e+00
2.839030027389526367e+00,-2.822014570236206055e+00
1.382827401161193848e+00,-1.093649387359619141e+00
3.097927331924438477e+00,5.740543603897094727e-01
2.283434391021728516e+00,1.555680513381958008e+00
2.084548473358154297e+00,1.660392403602600098e+00
3.462198257446289062e+00,3.547534048557281494e-01
1.263633131980895996e+00,-2.222743988037109375e+00
2.107519626617431641e+00,1.648819923400878906e+00
1.271981000900268555e+00,-2.222425460815429688e+00
3.398247718811035156e+00,-1.493177771568298340e+00
7.352722287178039551e-01,-1.284091114997863770e+00
6.000277400016784668e-01,-2.324591636657714844e+00
1.048991918563842773e+00,-2.255602121353149414e+00
9.951835870742797852e-01,-1.279903888702392578e+00
3.072727203369140625e+00,-2.233783483505249023e+00
7.591457366943359375e-01,-2.029356956481933594e+00
1.542319297790527344e+00,-2.021370649337768555e+00
8.092306852340698242e-01,-1.340551972389221191e+00
7.415748834609985352e-01,-2.035217523574829102e+00
1.370298266410827637e+00,1.549321293830871582e+00
1.946798086166381836e+00,-2.438385725021362305e+00
1.791641235351562500e+00,1.531775236129760742e+00
2.466173171997070312e+00,1.441363334655761719e+00
2.174204349517822266e+00,1.472930073738098145e+00
1.505343675613403320e+00,-1.852016001939773560e-01
9.613528847694396973e-01,-1.006942033767700195e+00
4.273238182067871094e-01,-2.416922807693481445e+00
2.879466533660888672e+00,-1.274504423141479492e+00
9.633944630622863770e-01,-2.446964979171752930e+00
1.010443210601806641e+00,-2.159198045730590820e+00
7.133422493934631348e-01,-2.173186063766479492e+00
1.269610762596130371e+00,-1.790125727653503418e+00
3.706872463226318359e-01,-2.414590835571289062e+00
1.201842546463012695e+00,-2.229355335235595703e+00
3.176997661590576172e+00,-2.618284940719604492e+00
2.081970214843750000e+00,1.692723155021667480e+00
2.415909767150878906e-01,-2.192881107330322266e+00
2.042397022247314453e+00,1.109128475189208984e+00
1.152516961097717285e+00,1.113869428634643555e+00
8.133084177970886230e-01,-1.329317688941955566e+00
2.800494432449340820e+00,-2.408651113510131836e+00
2.135039091110229492e+00,-1.128457784652709961e+00
1.233002662658691406e+00,-2.183879852294921875e+00
8.500451445579528809e-01,-2.229282617568969727e+00
2.615996122360229492e+00,-1.467532515525817871e+00
3.633930444717407227e+00,1.098245263099670410e+00
1.051341056823730469e+00,-1.229025721549987793e+00
2.627804994583129883e+00,-2.794446706771850586e+00
2.693516731262207031e+00,-1.777570486068725586e+00
4.237026691436767578e+00,-1.582351565361022949e+00
2.054597854614257812e+00,1.666576981544494629e+00
1.409098267555236816e+00,-6.458582878112792969e-01
1.800846457481384277e+00,1.509119153022766113e+00
1.251800298690795898e+00,-7.815800905227661133e-01
2.190634965896606445e+00,1.549349069595336914e+00
8.176911473274230957e-01,-1.008689284324645996e+00
1.906571626663208008e+00,-2.446254253387451172e+00
1.986155152320861816e+00,-2.428127527236938477e+00
2.318905830383300781e+00,-1.448399662971496582e+00
2.156391620635986328e+00,1.300083518028259277e+00
2.802329778671264648e+00,-2.400285005569458008e+00
2.105377435684204102e+00,1.754203438758850098e+00
8.860373497009277344e+00,-2.998072862625122070e+00
9.617096185684204102e-01,-2.119045734405517578e+00
5.562442541122436523e-01,-2.163800716400146484e+00
1.388457059860229492e+00,-2.281235694885253906e+00
1.954806923866271973e+00,-1.088931441307067871e+00
2.143509626388549805e+00,1.439520478248596191e+00
1.107277393341064453e+00,-1.388677120208740234e+00
1.465918660163879395e+00,-1.280854821205139160e+00
2.173610448837280273e+00,1.687065958976745605e+00
1.048423171043395996e+00,-2.219739198684692383e+00
1.001386046409606934e+00,-2.314879894256591797e+00
9.007031917572021484e-01,-1.594828128814697266e+00
4.043431758880615234e+00,-2.335526466369628906e+00
7.028034925460815430e-01,-2.227477550506591797e+00
1.016632080078125000e+00,-1.068157792091369629e+00
1.717310667037963867e+00,-8.255618810653686523e-01
1.518757581710815430e+00,-2.133230209350585938e+00
1.376952290534973145e+00,-2.096291542053222656e+00
1.914931297302246094e+00,1.551876187324523926e+00
3.351068258285522461e+00,-1.478770613670349121e+00
2.112928628921508789e+00,-1.157611966133117676e+00
1.777183294296264648e+00,-4.566238820552825928e-01
1.557683467864990234e+00,-2.272775650024414062e+00
2.237307548522949219e+00,1.649867415428161621e+00
2.286318063735961914e+00,1.796767115592956543e+00
8.117253780364990234e-01,-1.772373914718627930e+00
2.170623064041137695e+00,-2.060486555099487305e+00
1.433384299278259277e+00,-1.313396453857421875e+00
1.048991918563842773e+00,-2.255602121353149414e+00
2.641538858413696289e+00,-1.435196161270141602e+00
2.690262317657470703e+00,-1.383618116378784180e+00
3.495132923126220703e+00,-1.104891300201416016e+00
2.361782073974609375e+00,-2.114783525466918945e+00
1.036321878433227539e+00,-2.158957719802856445e+00
1.043947458267211914e+00,-2.138426542282104492e+00
2.238703489303588867e+00,-2.312217235565185547e+00
5.989170074462890625e+00,-2.153300762176513672e+00
3.288767933845520020e-01,-2.421032905578613281e+00
1.882054805755615234e+00,-2.398442983627319336e+00
2.256704330444335938e+00,1.605106830596923828e+00
1.668791413307189941e+00,1.552966117858886719e+00
9.457532763481140137e-01,-1.205817580223083496e+00
1.537749290466308594e+00,7.050719261169433594e-01
7.849623560905456543e-01,-2.129548072814941406e+00
1.721328616142272949e+00,2.024899482727050781e+00
9.997045993804931641e-01,-1.121762275695800781e+00
3.620214939117431641e+00,-6.045570969581604004e-02
7.344580292701721191e-01,-2.155216217041015625e+00
9.739421606063842773e-01,-2.133309841156005859e+00
1.201842546463012695e+00,-2.229355335235595703e+00
1.754551768302917480e+00,-3.402053713798522949e-01
1.947649359703063965e+00,1.670999884605407715e+00
2.103514909744262695e+00,-3.335964977741241455e-01
4.830182075500488281e+00,-2.485212087631225586e+00
1.259805798530578613e+00,-2.199338674545288086e+00
1.672443628311157227e+00,8.337014913558959961e-01
1.633263230323791504e+00,-9.901283979415893555e-01
1.750466942787170410e+00,-9.123742580413818359e-01
1.535267710685729980e+00,1.342883467674255371e+00
1.499660015106201172e+00,-2.216241836547851562e+00
2.182047605514526367e+00,1.535453081130981445e+00
2.693516731262207031e+00,-1.777570486068725586e+00
2.143793821334838867e+00,-2.149226427078247070e+00
2.376503944396972656e+00,-2.209505796432495117e+00
2.082298994064331055e+00,1.601305127143859863e+00
1.259094357490539551e+00,-1.866265892982482910e+00
8.009869575500488281e+00,-2.776962280273437500e+00
1.112482428550720215e+00,-1.795378923416137695e+00
1.503550171852111816e+00,1.915498614311218262e+00
9.521816372871398926e-01,-2.079521656036376953e+00
2.040564060211181641e+00,1.616949796676635742e+00
1.436541914939880371e+00,1.014210581779479980e+00
1.053495526313781738e+00,1.344447970390319824e+00
1.965070962905883789e+00,-1.367250919342041016e+00
1.686248779296875000e+00,-2.146281957626342773e+00
1.648021340370178223e+00,-2.470180511474609375e+00
3.924771547317504883e+00,-2.237636089324951172e+00
2.134818077087402344e+00,-2.208409786224365234e+00
8.980919122695922852e-01,-1.387043833732604980e+00
2.434211492538452148e+00,-1.384660363197326660e+00
9.316968321800231934e-01,-2.021708965301513672e+00
6.914427876472473145e-01,-1.268728137016296387e+00
1.472678065299987793e+00,-2.139226198196411133e+00
1.799681782722473145e+00,1.870624661445617676e+00
2.178014516830444336e+00,1.451216340065002441e+00
7.657626867294311523e-01,-2.309750318527221680e+00
1.766862154006958008e+00,-2.393440485000610352e+00
1.900239229202270508e+00,1.503733038902282715e+00
1.773562073707580566e+00,-2.390169858932495117e+00
3.914135217666625977e+00,-2.167824745178222656e+00
8.358330130577087402e-01,-2.672522068023681641e+00
2.549788236618041992e+00,-1.459953665733337402e+00
9.199459552764892578e-01,-2.103260517120361328e+00
3.380697250366210938e+00,-2.278270721435546875e+00
7.156641006469726562e+00,-2.727098941802978516e+00
1.186452865600585938e+00,9.534034729003906250e-01
1.840923547744750977e+00,1.180913567543029785e+00
1.205626368522644043e+00,-2.230442047119140625e+00
2.872384548187255859e+00,1.132338047027587891e+00
1.965453982353210449e+00,1.441656589508056641e+00
1.193082332611083984e+00,-6.846495866775512695e-01
4.972914695739746094e+00,-2.458603858947753906e+00
2.007247209548950195e+00,-2.063199281692504883e+00
1.692485690116882324e+00,-1.267131209373474121e+00
1.435747385025024414e+00,-2.374705553054809570e+00
3.102881193161010742e+00,-2.195970535278320312e+00
2.779568433761596680e+00,-2.440024614334106445e+00
2.986370563507080078e+00,-2.205771207809448242e+00
8.303065896034240723e-01,-1.241570591926574707e+00
1.253900766372680664e+00,-1.771695494651794434e+00
2.012112617492675781e+00,-2.381237268447875977e+00
1.311490893363952637e+00,3.384276926517486572e-01
2.044981956481933594e+00,-2.229972124099731445e+00
4.746857583522796631e-01,-2.019343852996826172e+00
2.701799392700195312e+00,-2.429353952407836914e+00
1.714482426643371582e+00,-2.175874948501586914e+00
1.219904065132141113e+00,-6.976296901702880859e-01
1.665953516960144043e+00,1.552517414093017578e+00
6.814268231391906738e-01,-1.748171567916870117e+00
2.680920839309692383e+00,-1.975945115089416504e+00
1.826758265495300293e+00,-2.358724832534790039e+00
5.926573276519775391e-01,-1.505122661590576172e+00
2.931318044662475586e+00,-8.592387437820434570e-01
1.747089028358459473e+00,-2.260968685150146484e+00
9.280974864959716797e-01,-2.130661725997924805e+00
3.196981906890869141e+00,-1.334897279739379883e+00
8.706174492835998535e-01,-2.016332387924194336e+00
1.376701831817626953e+00,1.040028572082519531e+00
1.487788558006286621e+00,-1.626602292060852051e+00
1.912551403045654297e+00,-2.322621107101440430e+00
1.463279008865356445e+00,1.532328248023986816e+00
1.376635789871215820e+00,-2.274753570556640625e+00
1.125026941299438477e+00,1.277541279792785645e+00
7.116495370864868164e-01,-2.132011413574218750e+00
1.801586151123046875e+00,1.623428702354431152e+00
1.023720741271972656e+01,-2.520358800888061523e+00
7.825824022293090820e-01,-2.321205854415893555e+00
1.967049837112426758e+00,-1.247159838676452637e+00
1.347215533256530762e+00,-2.047811746597290039e+00
1.802003502845764160e+00,-2.742440462112426758e+00
1.165159106254577637e+00,-2.054069757461547852e+00
2.702704429626464844e+00,-2.076313495635986328e+00
1.082698440551757812e+01,-3.080484390258789062e+00
9.040590524673461914e-01,-2.397260189056396484e+00
2.198876619338989258e+00,-2.166042089462280273e+00
1.278795123100280762e+00,1.390482783317565918e+00
4.385446906089782715e-01,-1.959308981895446777e+00
4.885568618774414062e-01,-2.451179742813110352e+00
1.289345741271972656e+00,5.383480787277221680e-01
1.578802704811096191e+00,-2.169750213623046875e+00
1.493481397628784180e+00,-2.245110988616943359e+00
1.785083532333374023e+00,-2.327527761459350586e+00
7.113535881042480469e+00,-2.748391866683959961e+00
2.097625017166137695e+00,1.605980396270751953e+00
1.782767176628112793e+00,-2.212738513946533203e+00
1.510709524154663086e+00,-1.785714507102966309e+00
3.063319325447082520e-01,-2.243782043457031250e+00
1.360829353332519531e+00,-7.244178056716918945e-01
6.592903137207031250e-01,-2.195556163787841797e+00
1.902860164642333984e+00,-2.288566112518310547e+00
7.206860184669494629e-01,-2.087049245834350586e+00
1.447641730308532715e+00,1.951461911201477051e+00
2.000678062438964844e+00,-1.395398974418640137e+00
1.280694723129272461e+00,-1.890364885330200195e+00
1.023182868957519531e+00,7.029008865356445312e-01
4.933322072029113770e-01,-9.103850126266479492e-01
1.516024827957153320e+00,-2.356608867645263672e+00
2.198106527328491211e+00,1.721128463745117188e+00
1.855657935142517090e+00,-2.420524835586547852e+00
4.733676433563232422e+00,-2.471294641494750977e+00
2.217287540435791016e+00,1.514696478843688965e+00
2.282524347305297852e+00,1.557783246040344238e+00
1.065482258796691895e+00,1.340689063072204590e+00
4.804226875305175781e+00,-1.897303223609924316e+00
2.431274890899658203e+00,-2.408218860626220703e+00
6.046575546264648438e+00,-2.294323205947875977e+00
1.080855369567871094e+00,1.421791434288024902e+00
2.158876180648803711e+00,1.574764013290405273e+00
5.185478925704956055e-01,-2.013781070709228516e+00
1.541844725608825684e+00,-1.275161147117614746e+00
9.386364817619323730e-01,-1.500831007957458496e+00
1.891530752182006836e+00,1.194923043251037598e+00
2.880960226058959961e+00,-2.074192762374877930e+00
1.251511573791503906e+00,-2.331118822097778320e+00
1.369636654853820801e+00,-2.059435367584228516e+00
1.104982495307922363e+00,-2.416083574295043945e+00
1.262297391891479492e+00,-2.171068668365478516e+00
1.091945052146911621e+00,-1.879718542098999023e+00
1.902860164642333984e+00,-2.288566112518310547e+00
7.656897902488708496e-01,-2.227691411972045898e+00
9.386364817619323730e-01,-1.500831007957458496e+00
8.898468017578125000e-01,-2.196765899658203125e+00
6.811553478240966797e+00,-1.719981431961059570e+00
9.556806683540344238e-01,-2.064042329788208008e+00
1.786859273910522461e+00,1.329669594764709473e+00
9.242613315582275391e-01,-2.164147615432739258e+00
1.847728252410888672e+00,1.698917746543884277e+00
8.172625303268432617e-01,-1.421213626861572266e+00
2.699240446090698242e+00,8.367217779159545898e-01
5.845938324928283691e-01,-2.344969987869262695e+00
2.074852466583251953e+00,1.636909246444702148e+00
1.642827153205871582e+00,-2.200402975082397461e+00
2.576009988784790039e+00,1.622703909873962402e+00
1.245631814002990723e+00,-2.291953086853027344e+00
2.746617794036865234e-01,-2.128715991973876953e+00
2.093156576156616211e+00,1.554887294769287109e+00
1.381701827049255371e+00,-1.273546099662780762e+00
1.586930871009826660e+00,1.234156727790832520e+00
1.152045249938964844e+00,-2.207144021987915039e+00
1.994946956634521484e+00,-1.600010037422180176e+00
1.033623218536376953e+00,9.441941976547241211e-01
2.971355915069580078e+00,-1.353105783462524414e+00
9.210773110389709473e-01,-1.503146052360534668e+00
2.204161405563354492e+00,1.762016892433166504e+00
2.121143102645874023e+00,1.686672091484069824e+00
3.222316026687622070e+00,6.568323373794555664e-01
3.187856197357177734e+00,-1.327481150627136230e+00
4.237026691436767578e+00,-1.582351565361022949e+00
1.776849389076232910e+00,-2.483361244201660156e+00
9.323780536651611328e-01,-2.120506048202514648e+00
4.226324558258056641e+00,-2.720798969268798828e+00
1.017331838607788086e+00,1.881250739097595215e+00
1.236803770065307617e+00,-1.862445592880249023e+00
8.990521430969238281e-01,-2.353121995925903320e+00
8.586164116859436035e-01,-1.914693593978881836e+00
1.150477886199951172e+00,7.616680860519409180e-01
1.270136475563049316e+00,7.127726078033447266e-01
4.031725406646728516e+00,-2.395740270614624023e+00
1.441350221633911133e+00,-2.519313573837280273e+00
4.127696156501770020e-01,-1.054667711257934570e+00
2.269556760787963867e+00,-2.234605550765991211e+00
6.975334286689758301e-01,-1.828812956809997559e+00
6.651244759559631348e-01,-2.841793060302734375e+00
1.550786614418029785e+00,-1.997614860534667969e+00
8.944878578186035156e-01,-1.097065567970275879e+00
2.176816225051879883e+00,7.688387632369995117e-01
1.395508289337158203e+00,-2.301455974578857422e+00
9.386434555053710938e-01,-2.100076198577880859e+00
-2.400387823581695557e-01,-2.398565530776977539e+00
8.154274225234985352e-01,-1.810325264930725098e+00
9.336075186729431152e-01,-1.049278974533081055e+00
1.264199376106262207e+00,-2.455469846725463867e+00
1.091678738594055176e+00,-1.163116097450256348e+00
1.798590898513793945e+00,-4.267655909061431885e-01
8.724194169044494629e-01,-2.362693786621093750e+00
2.679310321807861328e+00,-1.460837244987487793e+00
4.478928565979003906e+00,-1.626710653305053711e+00
1.172508597373962402e+00,-2.252433300018310547e+00
8.895857810974121094e+00,-2.914437770843505859e+00
3.939597368240356445e+00,-7.872496843338012695e-01
2.071000576019287109e+00,1.480827927589416504e+00
4.841782093048095703e+00,-2.666740417480468750e+00
2.086742877960205078e+00,1.685263514518737793e+00
1.769922375679016113e+00,-2.414217472076416016e+00
1.979106426239013672e+00,1.558068633079528809e+00
1.307361006736755371e+00,2.262399196624755859e+00
5.070417404174804688e+00,-2.945756316184997559e-01
7.388756275177001953e-01,-1.253651380538940430e+00
1.790350675582885742e+00,-1.869899630546569824e+00
3.288767933845520020e-01,-2.421032905578613281e+00
2.557318210601806641e+00,-2.583542108535766602e+00
9.007309079170227051e-01,1.303312301635742188e+00
1.488091111183166504e+00,-8.482388257980346680e-01
1.456986188888549805e+00,-7.476381063461303711e-01
2.680355906486511230e-01,-1.095617294311523438e+00
1.372577548027038574e+00,3.790050446987152100e-01
1.131232023239135742e+00,-2.019214391708374023e+00
1.594398260116577148e+00,-1.976338148117065430e+00
2.664300918579101562e+00,-1.752001643180847168e+00
1.359182596206665039e+00,8.166199922561645508e-01
1.615043997764587402e+00,-8.856184482574462891e-01
1.470604419708251953e+00,-1.286416292190551758e+00
7.501319050788879395e-01,1.311551451683044434e+00
4.985791444778442383e-01,-2.491213321685791016e+00
2.192518472671508789e+00,1.521982550621032715e+00
1.882054805755615234e+00,-2.398442983627319336e+00
3.240894556045532227e+00,-6.849831342697143555e-01
3.335650920867919922e+00,-2.654005527496337891e+00
2.084461212158203125e+00,1.676737666130065918e+00
8.818275928497314453e-01,-2.323585033416748047e+00
1.839536309242248535e+00,-2.288067817687988281e+00
2.047654628753662109e+00,1.712134480476379395e+00
2.105377435684204102e+00,1.754203438758850098e+00
6.147188186645507812e+00,-2.484389066696166992e+00
1.333324193954467773e+00,1.269127249717712402e+00
5.122167468070983887e-01,-2.010831594467163086e+00
6.398369073867797852e-01,-2.125911474227905273e+00
9.375935196876525879e-01,-2.180997133255004883e+00
8.834146261215209961e-01,-1.517338037490844727e+00
2.421566724777221680e+00,1.709807991981506348e+00
1.472678065299987793e+00,-2.139226198196411133e+00
1.407637357711791992e+00,1.376786231994628906e+00
1.366030573844909668e+00,-7.971018552780151367e-01
7.249917984008789062e-01,1.607446789741516113e+00
5.121327400207519531e+00,-2.930259227752685547e+00
1.905719280242919922e+00,-1.409819841384887695e+00
1.386240005493164062e+00,-2.265515565872192383e+00
1.241824722290039062e+01,-3.057239532470703125e+00
2.294653177261352539e+00,1.784260630607604980e+00
1.975509881973266602e+00,-1.618727564811706543e+00
2.504277944564819336e+00,1.748364806175231934e+00
6.160680294036865234e+00,-2.183768749237060547e+00
2.186120986938476562e+00,1.721298456192016602e+00
6.407776474952697754e-01,-1.933263301849365234e+00
9.369488716125488281e+00,-3.117968320846557617e+00
3.506136655807495117e+00,-2.340054512023925781e+00
1.271341204643249512e+00,-1.884856343269348145e+00
1.004299283027648926e+00,-2.188677549362182617e+00
3.155169725418090820e+00,-2.155073404312133789e+00
9.613528847694396973e-01,-1.006942033767700195e+00
2.739410161972045898e+00,-2.901996672153472900e-01
1.942383050918579102e+00,1.606148004531860352e+00
1.040060281753540039e+00,1.769605517387390137e+00
6.432093977928161621e-01,1.277682781219482422e+00
2.666364192962646484e+00,-4.638821184635162354e-01
8.692745566368103027e-01,-2.362045526504516602e+00
1.777183294296264648e+00,-4.566238820552825928e-01
1.598484277725219727e+00,5.804094076156616211e-01
4.408679902553558350e-02,-2.240692138671875000e+00
7.726045846939086914e-01,1.490345954895019531e+00
1.461961150169372559e+00,1.136475443840026855e+00
1.360355854034423828e+00,-2.470413208007812500e+00
4.352152347564697266e+00,-2.193519115447998047e+00
2.800795793533325195e+00,-2.171832561492919922e+00
1.373810887336730957e+00,-2.256498098373413086e+00
7.161438465118408203e-01,-2.695163726806640625e+00
1.870304346084594727e+00,1.541343569755554199e+00
2.506259441375732422e+00,-2.022768497467041016e+00
1.311490893363952637e+00,3.384276926517486572e-01
1.159356951713562012e+00,-1.897432804107666016e+00
2.107949972152709961e+00,1.626056909561157227e+00
1.404564261436462402e+00,-1.227228522300720215e+00
1.440346956253051758e+00,2.097794055938720703e+00
8.837323188781738281e-01,-2.297999382019042969e+00
1.644291281700134277e+00,1.417524218559265137e+00
1.166674971580505371e+00,1.785244584083557129e+00
8.251290917396545410e-01,-2.400129318237304688e+00
2.967295408248901367e+00,-5.637496113777160645e-01
8.523902893066406250e-01,-2.442959070205688477e+00
1.886935591697692871e+00,4.635364115238189697e-01
1.807733297348022461e+00,1.593160271644592285e+00
9.977929592132568359e-01,7.175096273422241211e-01
7.009890079498291016e-01,-1.253662109375000000e+00
1.823409795761108398e+00,1.239399671554565430e+00
1.251153659820556641e+01,-3.006897687911987305e+00
1.478830695152282715e+00,-1.087422966957092285e+00
8.355398178100585938e-01,-1.114376544952392578e+00
9.731045961380004883e-01,-1.869964003562927246e+00
1.605946421623229980e+00,-1.297275185585021973e+00
3.312707185745239258e+00,-2.275046586990356445e+00
2.030887365341186523e+00,-1.967195630073547363e+00
1.051341056823730469e+00,-1.229025721549987793e+00
1.279036879539489746e+00,-1.108853101730346680e+00
2.110421180725097656e+00,1.736529707908630371e+00
2.006179809570312500e+00,1.543270349502563477e+00
3.265194892883300781e+00,-1.224288463592529297e+00
2.040564060211181641e+00,1.616949796676635742e+00
1.243636608123779297e+00,-1.089685440063476562e+00
1.516519069671630859e+00,-2.189541339874267578e+00
7.855677008628845215e-01,-2.052381038665771484e+00
1.819224357604980469e+00,-6.019736528396606445e-01
1.003530263900756836e+00,-2.185679435729980469e+00
1.875698447227478027e+00,-3.482037186622619629e-01
1.581804513931274414e+00,-7.153828144073486328e-01
1.278299689292907715e+00,-1.803074717521667480e+00
1.823240518569946289e+00,-2.024480104446411133e+00
7.985564231872558594e+00,-2.530752420425415039e+00
1.293060421943664551e+00,-1.630559682846069336e+00
1.317373037338256836e+00,-6.435197591781616211e-01
1.900239229202270508e+00,1.503733038902282715e+00
2.906410694122314453e+00,-1.475787520408630371e+00
1.185122489929199219e+00,-2.256007194519042969e+00
1.289345741271972656e+00,5.383480787277221680e-01
4.548779726028442383e-01,-1.920907020568847656e+00
9.695820808410644531e-01,-3.836969435214996338e-01
1.534480810165405273e+00,-2.246267795562744141e+00
6.778393387794494629e-01,-1.270855069160461426e+00
1.749762296676635742e+00,-1.145499348640441895e+00
2.246693849563598633e+00,-2.348215103149414062e+00
8.196745514869689941e-01,1.662986636161804199e+00
7.768601775169372559e-01,-2.065867424011230469e+00
1.236122846603393555e+00,-1.732470989227294922e+00
2.178014516830444336e+00,1.451216340065002441e+00
1.234217286109924316e+00,-2.322640657424926758e+00
1.751207113265991211e+00,8.740501403808593750e-01
2.234943866729736328e+00,-1.112785339355468750e-01
1.571333527565002441e+00,2.001750946044921875e+00
2.121143102645874023e+00,1.686672091484069824e+00
1.659463405609130859e+00,-1.016240358352661133e+00
2.077065706253051758e+00,1.710546851158142090e+00
1.916242837905883789e+00,-9.011681079864501953e-01
1.978047251701354980e+00,-1.801000952720642090e+00
2.159825086593627930e+00,-1.607250094413757324e+00
2.245558261871337891e+00,1.646369218826293945e+00
3.139920949935913086e+00,-2.164125680923461914e+00
9.527425765991210938e-01,-3.744503557682037354e-01
1.508450031280517578e+00,-4.225168228149414062e-01
9.030107855796813965e-01,-2.112356424331665039e+00
9.369488716125488281e+00,-3.117968320846557617e+00
2.217208862304687500e+00,1.667862296104431152e+00
2.245025634765625000e+00,-2.448055505752563477e+00
1.976412296295166016e+00,1.594920873641967773e+00
1.959501147270202637e+00,1.625338315963745117e+00
2.038114964962005615e-01,-2.225984811782836914e+00
1.146856546401977539e+00,1.137147545814514160e+00
3.351952552795410156e+00,-2.624446392059326172e+00
1.397324323654174805e+00,-2.384669303894042969e+00
1.785083532333374023e+00,-2.327527761459350586e+00
1.515156269073486328e+00,-2.192576408386230469e+00
1.041420936584472656e+00,-1.805428862571716309e+00
4.592114925384521484e+00,-2.580433368682861328e+00
7.543788552284240723e-01,-2.269350767135620117e+00
1.771041274070739746e+00,-1.860518932342529297e+00
1.271075010299682617e+00,-2.079246520996093750e+00
4.879611015319824219e+00,-7.653809785842895508e-01
1.381663918495178223e+00,-1.391451120376586914e+00
1.256459355354309082e+00,-2.097816467285156250e+00
1.252850174903869629e+00,-2.063267230987548828e+00
1.154231667518615723e+00,-2.139115810394287109e+00
7.181717157363891602e-01,-1.995124697685241699e+00
2.009599447250366211e+00,1.766033291816711426e+00
8.403653502464294434e-01,1.321241021156311035e+00
1.710950255393981934e+00,1.717814803123474121e+00
1.663204908370971680e+00,1.006334781646728516e+00
1.308593273162841797e+00,-2.684866428375244141e+00
5.794357061386108398e-01,-2.531768560409545898e+00
7.009890079498291016e-01,-1.253662109375000000e+00
1.379754543304443359e+00,-2.364839315414428711e+00
5.249794721603393555e-01,-2.535975456237792969e+00
2.239071607589721680e+00,-4.495283663272857666e-01
1.815576672554016113e+00,-1.590253472328186035e+00
3.216047048568725586e+00,-1.480703234672546387e+00
2.905365228652954102e-01,-2.135500431060791016e+00
2.158864498138427734e+00,1.530302882194519043e+00
8.693095207214355469e+00,-2.395218133926391602e+00
1.782308578491210938e+00,1.607985258102416992e+00
5.933077335357666016e-01,-2.273489475250244141e+00
7.953364253044128418e-01,-2.426813840866088867e+00
1.372577548027038574e+00,3.790050446987152100e-01
2.729021549224853516e+00,-1.743190526962280273e+00
1.503041744232177734e+00,-2.367727041244506836e+00
2.704163789749145508e+00,-1.354511857032775879e+00
1.808832883834838867e+00,1.331539988517761230e+00
1.428916096687316895e+00,-2.087050676345825195e+00
1.267876744270324707e+00,1.688013911247253418e+00
1.094949364662170410e+00,1.377947688102722168e+00
4.629984200000762939e-01,-2.193522453308105469e+00
1.083382129669189453e+01,-3.070672512054443359e+00
1.311189413070678711e+00,-2.319151878356933594e+00
2.190634965896606445e+00,1.549349069595336914e+00
3.620214939117431641e+00,-6.045570969581604004e-02
9.665548801422119141e-01,-1.133617877960205078e+00
1.470683336257934570e+00,-2.276975154876708984e+00
7.209204435348510742e-01,-1.170380830764770508e+00
3.532408237457275391e+00,-2.222415685653686523e+00
1.703215360641479492e+00,-1.241886377334594727e+00
1.082563757896423340e+00,-2.005972385406494141e+00
1.907749414443969727e+00,-2.311273336410522461e+00
1.494549751281738281e+00,-1.347445964813232422e+00
2.107440471649169922e+00,1.664903163909912109e+00
1.388457059860229492e+00,-2.281235694885253906e+00
9.065507888793945312e+00,-2.577307939529418945e+00
4.705324172973632812e+00,-2.187752723693847656e+00
1.698935270309448242e+00,1.623501658439636230e+00
2.180344104766845703e+00,1.612545132637023926e+00
1.681718111038208008e+00,-2.484604358673095703e+00
2.235436201095581055e+00,-2.098462581634521484e+00
6.265988349914550781e-01,-2.144825458526611328e+00
1.318745374679565430e+00,1.648417830467224121e+00
1.826758265495300293e+00,-2.358724832534790039e+00
3.338201940059661865e-01,-2.013426780700683594e+00
5.070417404174804688e+00,-2.945756316184997559e-01
8.201114535331726074e-01,-1.773965835571289062e+00
1.120192170143127441e+00,2.005608081817626953e+00
1.856729269027709961e+00,1.535927891731262207e+00
9.533348083496093750e-01,-2.094304084777832031e+00
1.262321710586547852e+00,-2.169378280639648438e+00
1.031347393989562988e+00,-2.036404132843017578e+00
4.944945871829986572e-01,-1.988950252532958984e+00
1.431470870971679688e+00,-2.229099512100219727e+00
4.570482075214385986e-01,-2.500808238983154297e+00
2.381728410720825195e+00,1.659541487693786621e+00
1.642579674720764160e+00,-2.489368915557861328e+00
1.242682456970214844e+01,-2.858585357666015625e+00
1.042468786239624023e+00,-2.129852533340454102e+00
1.318745374679565430e+00,1.648417830467224121e+00
1.959501147270202637e+00,1.625338315963745117e+00
1.471449732780456543e+00,-2.325890779495239258e+00
2.007927894592285156e+00,1.427969574928283691e+00
2.110620737075805664e+00,1.659594655036926270e+00
5.687750816345214844e+00,-2.332340717315673828e+00
1.973417401313781738e+00,1.340200781822204590e+00
3.003363847732543945e+00,-1.311885476112365723e+00
2.284722805023193359e+00,1.657844901084899902e+00
2.284528970718383789e+00,1.775233507156372070e+00
2.161481857299804688e+00,1.970034539699554443e-01
8.990521430969238281e-01,-2.353121995925903320e+00
2.576009988784790039e+00,1.622703909873962402e+00
2.029856681823730469e+00,-2.112590312957763672e+00
4.678922653198242188e+00,3.130037188529968262e-01
1.195463895797729492e+00,-2.029127836227416992e+00
9.627165198326110840e-01,-1.124482393264770508e+00
1.421762406826019287e-01,-1.743360042572021484e+00
2.791156053543090820e+00,-1.592587590217590332e+00
1.198622703552246094e+00,-1.518402338027954102e+00
1.014787316322326660e+00,-1.179397225379943848e+00
5.188905000686645508e-01,-2.058690786361694336e+00
1.082563757896423340e+00,-2.005972385406494141e+00
3.309662580490112305e+00,-1.161736607551574707e+00
1.125227332115173340e+00,-2.032021760940551758e+00
1.819718003273010254e+00,1.589166760444641113e+00
1.947056770324707031e+00,-1.392578840255737305e+00
3.462198257446289062e+00,3.547534048557281494e-01
2.038114964962005615e-01,-2.225984811782836914e+00
1.566765069961547852e+00,-2.213113546371459961e+00
1.197918891906738281e+00,1.364045739173889160e+00
2.462874174118041992e+00,-5.740709304809570312e-01
1.432169914245605469e+00,1.401729702949523926e+00
6.591226458549499512e-01,-2.179838180541992188e+00
4.545384049415588379e-01,-2.357664108276367188e+00
2.132338285446166992e+00,1.769158720970153809e+00
5.219327807426452637e-01,-1.281203150749206543e+00
2.132338285446166992e+00,1.769158720970153809e+00
2.137547731399536133e+00,-1.833295822143554688e+00
1.766482830047607422e+00,1.712898612022399902e+00
2.129185199737548828e+00,1.510903716087341309e+00
1.012188315391540527e+00,-2.167533159255981445e+00
1.737544536590576172e+00,-6.505423784255981445e-01
1.249735236167907715e+00,-1.838055133819580078e+00
-3.452092409133911133e-03,-2.288655281066894531e+00
1.412449955940246582e+00,-1.995217323303222656e+00
1.523619055747985840e+00,-2.156422615051269531e+00
1.980220556259155273e+00,-9.906288385391235352e-01
1.916242837905883789e+00,-9.011681079864501953e-01
7.420361518859863281e+00,-2.698022842407226562e+00
1.376952290534973145e+00,-2.096291542053222656e+00
7.941630482673645020e-01,-2.108488321304321289e+00
3.235534191131591797e+00,-2.285724163055419922e+00
1.530039310455322266e+00,1.671885550022125244e-01
2.074938535690307617e+00,1.677970528602600098e+00
1.173814296722412109e+00,-1.253366589546203613e+00
2.294653177261352539e+00,1.784260630607604980e+00
4.753190875053405762e-01,-1.999617576599121094e+00
6.133891344070434570e-01,-1.249571204185485840e+00
1.005222439765930176e+00,-2.249729394912719727e+00
9.330226778984069824e-01,-2.131716489791870117e+00
2.609435081481933594e+00,-1.342970371246337891e+00
1.480638504028320312e+00,-2.131259441375732422e+00
1.620505571365356445e+00,-2.305579423904418945e+00
9.750872254371643066e-01,-2.154747247695922852e+00
2.556026220321655273e+00,1.752426981925964355e+00
2.015175104141235352e+00,-1.480020761489868164e+00
2.888413906097412109e+00,-2.059640645980834961e+00
8.403653502464294434e-01,1.321241021156311035e+00
1.441350221633911133e+00,-2.519313573837280273e+00
1.927295804023742676e+00,-7.373405694961547852e-01
1.133556246757507324e+00,-2.039355516433715820e+00
1.093082809448242188e+01,-2.798467159271240234e+00
6.597602367401123047e-01,-2.429121732711791992e+00
9.663108587265014648e-01,-2.103508949279785156e+00
1.806159973144531250e+00,-2.410951614379882812e+00
1.275530099868774414e+00,-8.955990076065063477e-01
1.361241579055786133e+00,1.068745970726013184e+00
2.413382291793823242e+00,-9.707663059234619141e-01
1.125785446166992188e+01,-2.727771043777465820e+00
2.245025634765625000e+00,-2.448055505752563477e+00
9.239835739135742188e-01,-2.081428050994873047e+00
2.925841510295867920e-01,-2.088879585266113281e+00
1.121279597282409668e+00,7.984740734100341797e-01
2.510689258575439453e+00,1.562567353248596191e+00
3.948544025421142578e+00,-2.298070907592773438e+00
2.251514673233032227e+00,1.755483508110046387e+00
8.349847793579101562e-01,-2.060941457748413086e+00
1.308611392974853516e+00,-2.395202636718750000e+00
9.342781305313110352e-01,-2.775487422943115234e+00
1.692485690116882324e+00,-1.267131209373474121e+00
2.243849515914916992e+00,-1.312725543975830078e-01
1.089785099029541016e+00,-2.109770774841308594e+00
1.277708888053894043e+00,-2.384145021438598633e+00
1.086235165596008301e+00,1.413284659385681152e+00
1.102622985839843750e+00,-2.053673744201660156e+00
3.617891788482666016e+00,-2.363188266754150391e+00
7.160912513732910156e+00,-3.416858196258544922e+00
1.491068840026855469e+00,1.552527546882629395e+00
2.569103717803955078e+00,-1.615184307098388672e+00
1.438135266304016113e+00,-2.288646697998046875e+00
4.462779998779296875e+00,5.727442502975463867e-01
2.421566724777221680e+00,1.709807991981506348e+00
1.621589541435241699e+00,5.813350677490234375e-01
1.927295804023742676e+00,-7.373405694961547852e-01
2.154918193817138672e+00,-2.739600419998168945e+00
1.823423266410827637e+00,1.588114380836486816e+00
2.184909820556640625e+00,-2.152547836303710938e+00
1.578293800354003906e+00,-2.421140670776367188e+00
2.060386896133422852e+00,-1.928070545196533203e+00
1.795514702796936035e+00,-2.753378391265869141e+00
1.031347393989562988e+00,-2.036404132843017578e+00
1.110013365745544434e+00,7.923470735549926758e-01
2.031869173049926758e+00,-2.090670824050903320e+00
3.311749935150146484e+00,-2.222582817077636719e+00
7.227289080619812012e-01,-1.583490133285522461e+00
1.601416587829589844e+00,-1.954740762710571289e+00
1.123121142387390137e+00,-1.877971529960632324e+00
1.080855369567871094e+00,1.421791434288024902e+00
8.410716056823730469e-01,-1.251696348190307617e+00
2.573267698287963867e+00,-1.615468263626098633e+00
2.084708690643310547e+00,1.574543595314025879e+00
1.919931650161743164e+00,-2.042878150939941406e+00
5.965041518211364746e-01,-2.421715497970581055e+00
8.980919122695922852e-01,-1.387043833732604980e+00
1.865322709083557129e+00,1.725610613822937012e+00
1.243636608123779297e+00,-1.089685440063476562e+00
2.004154682159423828e+00,1.689859151840209961e+00
1.736689805984497070e+00,-6.530462503433227539e-01
1.229079008102416992e+00,-2.299091100692749023e+00
1.986155152320861816e+00,-2.428127527236938477e+00
6.723114848136901855e-01,-1.343268871307373047e+00
1.047374248504638672e+00,-1.820002913475036621e+00
2.014859676361083984e+00,1.519572854042053223e+00
4.948756992816925049e-01,-1.246951341629028320e+00
1.911442399024963379e+00,-2.367919683456420898e+00
1.073889613151550293e+00,1.674907088279724121e+00
1.012535691261291504e+00,1.119325399398803711e+00
9.441646337509155273e-01,-1.302208185195922852e+00
3.552897691726684570e+00,-2.236844539642333984e+00
1.093082809448242188e+01,-2.798467159271240234e+00
1.239888072013854980e+00,-1.804400920867919922e+00
1.994611263275146484e+00,-1.604786515235900879e+00
4.841782093048095703e+00,-2.666740417480468750e+00
5.258115768432617188e+00,-1.875777959823608398e+00
4.727050304412841797e+00,-8.811252117156982422e-01
2.644649267196655273e+00,-1.708014309406280518e-01
8.129613995552062988e-01,-2.045448541641235352e+00
8.476516008377075195e-01,-1.354162454605102539e+00
1.973206758499145508e+00,-2.620807886123657227e+00
4.061410903930664062e+00,-2.401689052581787109e+00
2.462874174118041992e+00,-5.740709304809570312e-01
1.308513283729553223e+00,4.240817129611968994e-01
1.263222932815551758e+00,-1.627423644065856934e+00
2.468344211578369141e+00,-2.530011832714080811e-01
1.401770114898681641e+00,-2.535479307174682617e+00
1.387643098831176758e+00,-1.008356213569641113e+00
8.572101593017578125e-01,-1.872169852256774902e+00
8.206501007080078125e-01,-1.781130909919738770e+00
1.246619105339050293e+00,-2.158108234405517578e+00
1.102622985839843750e+00,-2.053673744201660156e+00
1.766482830047607422e+00,1.712898612022399902e+00
1.177516818046569824e+00,-2.414574623107910156e+00
2.287577629089355469e+00,-2.057946622371673584e-01
1.945956826210021973e+00,1.424017786979675293e+00
2.549788236618041992e+00,-1.459953665733337402e+00
8.979859352111816406e-01,-2.139045715332031250e+00
1.260196805000305176e+00,-9.347426891326904297e-01
5.223199129104614258e-01,-2.212399005889892578e+00
1.015253424644470215e+00,-9.319994449615478516e-01
7.306103706359863281e-01,-2.172908782958984375e+00
7.114127159118652344e+00,-2.457577466964721680e+00
1.077655434608459473e+00,-1.183448672294616699e+00
2.093252658843994141e+00,1.321899771690368652e+00
7.135853767395019531e-01,-1.359544634819030762e+00
3.264490365982055664e+00,-2.621816396713256836e+00
1.333606719970703125e+00,-2.322587490081787109e+00
5.024960041046142578e-01,-1.961384057998657227e+00
6.343762874603271484e-01,-1.182246804237365723e+00
2.880960226058959961e+00,-2.074192762374877930e+00
2.847980260848999023e+00,1.703745007514953613e+00
1.199379086494445801e+00,-2.039396524429321289e+00
2.359511613845825195e+00,1.591940283775329590e+00
1.381484031677246094e+01,-2.809116840362548828e+00
2.287361145019531250e+00,1.537885785102844238e+00
3.190903902053833008e+00,-2.270163297653198242e+00
2.711588621139526367e+00,-1.405051112174987793e+00
3.554810762405395508e+00,-1.065284252166748047e+00
2.317996263504028320e+00,-2.099547386169433594e+00
5.206153869628906250e+00,-1.859953641891479492e+00
1.031088709831237793e+00,-2.126084327697753906e+00
2.195162773132324219e+00,1.528421878814697266e+00
8.358330130577087402e-01,-2.672522068023681641e+00
1.736689805984497070e+00,-6.530462503433227539e-01
1.083973288536071777e+00,-1.336487293243408203e+00
4.590142369270324707e-01,-1.701300978660583496e+00
1.095270633697509766e+00,-2.213086366653442383e+00
2.701799392700195312e+00,-2.429353952407836914e+00
6.836791038513183594e-01,-1.742341399192810059e+00
1.450964331626892090e+00,-6.794345378875732422e-01
1.772721171379089355e+00,1.698853373527526855e+00
8.523902893066406250e-01,-2.442959070205688477e+00
1.633263230323791504e+00,-9.901283979415893555e-01
2.365644693374633789e+00,-2.452259302139282227e+00
8.575776219367980957e-01,-1.306618571281433105e+00
4.297489643096923828e+00,-2.179725885391235352e+00
9.942247271537780762e-01,2.103356361389160156e+00
8.486489653587341309e-01,1.332211852073669434e+00
9.160963296890258789e-01,-2.157963514328002930e+00
2.070082426071166992e+00,-1.827925562858581543e+00
1.624871969223022461e+00,1.167870759963989258e+00
1.371726155281066895e+00,1.042891025543212891e+00
1.549826979637145996e+00,7.167530059814453125e-01
2.246693849563598633e+00,-2.348215103149414062e+00
2.079748630523681641e+00,-1.962954759597778320e+00
1.101290822029113770e+00,-1.390259504318237305e+00
2.206208944320678711e+00,-2.615765333175659180e+00
1.268061041831970215e+00,-5.896312594413757324e-01
1.487483501434326172e+00,-2.346396446228027344e+00
1.787550210952758789e+00,-2.574435472488403320e+00
6.877966523170471191e-01,-2.292157411575317383e+00
2.758064985275268555e+00,-1.917149305343627930e+00
2.037490844726562500e+00,-2.655880212783813477e+00
9.991406202316284180e-01,-2.138783931732177734e+00
1.372588753700256348e+00,-2.111447095870971680e+00
1.768843650817871094e+00,-2.321233272552490234e+00
4.227658271789550781e+00,-2.377273797988891602e+00
1.735517859458923340e+00,-2.155092716217041016e+00
1.419215321540832520e+00,-1.175533175468444824e+00
1.251800298690795898e+00,-7.815800905227661133e-01
3.312707185745239258e+00,-2.275046586990356445e+00
3.058653354644775391e+00,6.108692884445190430e-01
3.927115797996520996e-01,-2.196361780166625977e+00
7.953364253044128418e-01,-2.426813840866088867e+00
6.809463500976562500e+00,-2.563607215881347656e+00
3.202609539031982422e+00,-1.395387411117553711e+00
1.262611865997314453e+00,-6.158661842346191406e-01
1.256459355354309082e+00,-2.097816467285156250e+00
1.133071660995483398e+00,-1.182298183441162109e+00
2.127801418304443359e+00,1.437450170516967773e+00
2.058475971221923828e+00,-1.802054166793823242e+00
2.975194931030273438e+00,-2.496623039245605469e+00
1.022698879241943359e+00,-2.319151401519775391e+00
8.418726325035095215e-01,-2.121123790740966797e+00
6.950757503509521484e-01,-1.998689293861389160e+00
1.566261053085327148e+00,-2.191552400588989258e+00
8.760695457458496094e-01,-2.693196296691894531e+00
1.467678904533386230e+00,-2.163069009780883789e+00
1.131088018417358398e+00,-1.478266119956970215e+00
1.346297621726989746e+00,1.108561635017395020e+00
2.352587223052978516e+00,1.726324200630187988e+00
1.940000176429748535e+00,1.458972930908203125e+00
2.082478046417236328e+00,1.754008293151855469e+00
1.975187659263610840e+00,-2.380742311477661133e+00
2.069818258285522461e+00,-5.199580788612365723e-01
6.199713349342346191e-01,-2.180588960647583008e+00
3.117480039596557617e+00,-2.163756132125854492e+00
1.320837497711181641e+00,2.285329818725585938e+00
2.026406049728393555e+00,-1.518729805946350098e+00
7.576316833496093750e+00,-2.782793998718261719e+00
4.733676433563232422e+00,-2.471294641494750977e+00
2.839826107025146484e+00,-4.842793643474578857e-01
7.159823775291442871e-01,-2.203071594238281250e+00
1.846579670906066895e+00,-1.194173812866210938e+00
1.847233295440673828e+00,-1.196557521820068359e+00
2.297288417816162109e+00,1.448795914649963379e+00
9.016979336738586426e-01,-2.170943498611450195e+00
1.912551403045654297e+00,-2.322621107101440430e+00
1.916485786437988281e+00,1.538153529167175293e+00
1.757036209106445312e+00,-1.132455348968505859e+00
1.073703169822692871e+00,-2.339282751083374023e+00
2.226287126541137695e+00,1.596705079078674316e+00
4.725074768066406250e+00,-2.114641666412353516e+00
1.259626507759094238e+00,-2.351484298706054688e+00
1.502404451370239258e+00,-4.429903924465179443e-01
4.206710338592529297e+00,-2.330001115798950195e+00
1.493875503540039062e+00,-2.239692449569702148e+00
1.040073752403259277e+00,8.641242980957031250e-01
1.803105592727661133e+00,1.704634308815002441e+00
3.668991565704345703e+00,-9.209556579589843750e-01
8.790946006774902344e-01,-1.869118571281433105e+00
7.491328120231628418e-01,-1.012870550155639648e+00
2.065981388092041016e+00,-2.067605972290039062e+00
1.771923780441284180e+00,-2.413712024688720703e+00
1.937728047370910645e+00,1.603870868682861328e+00
2.079825401306152344e+00,1.536775469779968262e+00
1.133269500732421875e+01,-2.675988912582397461e+00
1.018946409225463867e+00,-2.040619850158691406e+00
1.087510228157043457e+00,-1.826810240745544434e+00
9.965917468070983887e-01,-2.102860689163208008e+00
1.933177232742309570e+00,1.616309046745300293e+00
2.006393671035766602e+00,1.401054978370666504e+00
4.214794158935546875e+00,-1.545599579811096191e+00
8.154274225234985352e-01,-1.810325264930725098e+00
1.747685551643371582e+00,-1.659925699234008789e+00
1.244581460952758789e+00,-1.231090188026428223e+00
1.596751093864440918e+00,9.083425998687744141e-01
2.235436201095581055e+00,-2.098462581634521484e+00
1.692903041839599609e+00,-2.963511943817138672e-01
7.357954978942871094e+00,-2.378932476043701172e+00
1.125227332115173340e+00,-2.032021760940551758e+00
1.009582877159118652e+00,-2.167167186737060547e+00
4.612033367156982422e-01,-2.315082550048828125e+00
1.021395325660705566e+00,7.586407661437988281e-01
1.044752836227416992e+00,-2.134378433227539062e+00
1.301916480064392090e+00,1.169001460075378418e+00
9.004889726638793945e-01,-1.279656767845153809e+00
8.099251389503479004e-01,-2.286500930786132812e+00
1.314978003501892090e+00,9.571951627731323242e-01
1.172566652297973633e+00,-1.296231150627136230e+00
7.915288805961608887e-01,-2.288201808929443359e+00
6.902430653572082520e-01,-1.804865360260009766e+00
8.201114535331726074e-01,-1.773965835571289062e+00
6.273398399353027344e-01,1.251932621002197266e+00
1.574185967445373535e+00,-2.211835622787475586e+00
6.280297040939331055e-01,-1.910465240478515625e+00
1.463279008865356445e+00,1.532328248023986816e+00
2.189001798629760742e+00,1.479770898818969727e+00
1.574928164482116699e+00,-1.370646953582763672e+00
7.347968101501464844e+00,-1.883039474487304688e+00
1.620505571365356445e+00,-2.305579423904418945e+00
1.530658364295959473e+00,-1.717853546142578125e+00
8.931804299354553223e-01,-1.072144508361816406e+00
1.836331129074096680e+00,-2.000702857971191406e+00
7.515820503234863281e+00,-2.506889343261718750e+00
1.308110237121582031e+00,-2.056155681610107422e+00
2.267785787582397461e+00,1.595864415168762207e+00
3.514465570449829102e+00,-2.301809310913085938e+00
2.341530084609985352e+00,1.844048857688903809e+00
9.238257408142089844e+00,-2.705562114715576172e+00
1.454493641853332520e+00,-6.607257127761840820e-01
-3.535195440053939819e-02,-2.283287525177001953e+00
1.578293800354003906e+00,-2.421140670776367188e+00
3.312411546707153320e+00,-1.132107138633728027e+00
1.178503751754760742e+00,8.971759080886840820e-01
1.361427664756774902e+00,-2.069452047348022461e+00
1.438135266304016113e+00,-2.288646697998046875e+00
1.788569688796997070e+00,-2.431138992309570312e+00
1.168754220008850098e+00,-8.104358911514282227e-01
6.975633502006530762e-01,-2.162953615188598633e+00
3.754353821277618408e-01,-2.226741552352905273e+00
2.843956470489501953e+00,-1.416344165802001953e+00
2.278940200805664062e+00,-1.298991799354553223e+00
1.193695068359375000e+00,-1.271695852279663086e+00
1.161533117294311523e+00,-2.291486978530883789e+00
1.382799625396728516e+00,-7.767581939697265625e-01
8.572101593017578125e-01,-1.872169852256774902e+00
6.258892416954040527e-01,-1.233290433883666992e+00
1.815576672554016113e+00,-1.590253472328186035e+00
1.126868724822998047e+00,-1.207902312278747559e+00
5.809475421905517578e+00,-2.358902931213378906e+00
8.334612846374511719e-01,-4.919043481349945068e-01
2.839030027389526367e+00,-2.822014570236206055e+00
1.531464576721191406e+00,-2.166006326675415039e+00
5.178861021995544434e-01,-2.024441480636596680e+00
2.525946855545043945e+00,1.627633333206176758e+00
4.709669113159179688e+00,-2.322089910507202148e+00
2.267484903335571289e+00,1.514525055885314941e+00
1.787967085838317871e+00,1.269529819488525391e+00
3.754353821277618408e-01,-2.226741552352905273e+00
1.376635789871215820e+00,-2.274753570556640625e+00
1.579893350601196289e+00,-1.256036996841430664e+00
1.594454646110534668e+00,1.844121575355529785e+00
1.121023297309875488e+00,-2.246138095855712891e+00
1.483424544334411621e+00,-2.124604225158691406e+00
4.933322072029113770e-01,-9.103850126266479492e-01
1.262321710586547852e+00,-2.169378280639648438e+00
2.447725534439086914e+00,8.334460258483886719e-01
8.317327499389648438e-01,-2.412804603576660156e+00
2.762630462646484375e+00,-1.601410269737243652e+00
1.890067219734191895e+00,1.184673786163330078e+00
1.659122109413146973e+00,-1.016032695770263672e+00
8.979859352111816406e-01,-2.139045715332031250e+00
1.251511096954345703e+00,-2.120132207870483398e+00
1.438296556472778320e+00,1.028854846954345703e+00
1.772710323333740234e+00,-2.421341419219970703e+00
1.135095357894897461e+00,-2.030310869216918945e+00
3.097927331924438477e+00,5.740543603897094727e-01
3.392521739006042480e-01,-1.061686277389526367e+00
2.683842897415161133e+00,-1.440916895866394043e+00
2.181910514831542969e+00,1.534407734870910645e+00
1.360641002655029297e+00,-2.249777078628540039e+00
1.867749214172363281e+00,-2.417706251144409180e+00
4.869907498359680176e-01,-9.403594732284545898e-01
1.283868670463562012e+00,-2.165446996688842773e+00
2.548247814178466797e+00,1.655694365501403809e+00
1.475369215011596680e+00,1.155017614364624023e+00
2.442902565002441406e+00,-1.325678825378417969e+00
1.421762406826019287e-01,-1.743360042572021484e+00
5.933077335357666016e-01,-2.273489475250244141e+00
1.793676733970642090e+00,-2.214931488037109375e+00
6.503397822380065918e-01,-1.718538045883178711e+00
4.705324172973632812e+00,-2.187752723693847656e+00
6.757899522781372070e-01,-1.803349852561950684e+00
2.925841510295867920e-01,-2.088879585266113281e+00
2.061755180358886719e+00,-3.706795573234558105e-01
1.121279597282409668e+00,7.984740734100341797e-01
1.923191308975219727e+00,1.602869391441345215e+00
1.384765267372131348e+00,-1.760485887527465820e+00
1.583094596862792969e+00,-2.167401075363159180e+00
1.255375862121582031e+00,-1.615780234336853027e+00
1.259094357490539551e+00,-1.866265892982482910e+00
6.432093977928161621e-01,1.277682781219482422e+00
5.038290500640869141e+00,-2.073029518127441406e+00
1.010729670524597168e+00,-2.244236946105957031e+00
2.069017171859741211e+00,-2.409786462783813477e+00
1.541844725608825684e+00,-1.275161147117614746e+00
2.320083856582641602e+00,-2.070690870285034180e+00
2.029636383056640625e+00,1.565576195716857910e+00
7.979668974876403809e-01,-1.319794535636901855e+00
1.036594629287719727e+00,-2.305925130844116211e+00
1.953832149505615234e+00,1.437637209892272949e+00
1.253972887992858887e+00,9.969726800918579102e-01
2.301595926284790039e+00,1.587476849555969238e+00
1.063516259193420410e+00,-2.410018205642700195e+00
1.156818389892578125e+00,1.264759302139282227e+00
7.325875163078308105e-01,1.571603775024414062e+00
1.466701745986938477e+00,-2.085887908935546875e+00
9.630929231643676758e-01,-2.223161697387695312e+00
1.734491229057312012e+00,1.552109360694885254e+00
2.387171983718872070e+00,-2.070813179016113281e+00
1.976678729057312012e+00,-1.823680877685546875e+00
1.294977426528930664e+00,-2.011012077331542969e+00
1.930562734603881836e+00,-8.760901689529418945e-01
5.328412652015686035e-01,-2.859029293060302734e+00
3.230459213256835938e+00,1.625555872917175293e+00
-1.316414028406143188e-02,-2.577476024627685547e+00
-3.609601557254791260e-01,-2.362444639205932617e+00
1.134738445281982422e+00,-1.116282582283020020e+00
1.045435190200805664e+00,-1.166374325752258301e+00
1.708006978034973145e+00,-6.477670669555664062e-01
1.381196737289428711e+00,-1.353369355201721191e+00
4.385446906089782715e-01,-1.959308981895446777e+00
1.527703642845153809e+00,-2.244002342224121094e+00
1.237020611763000488e+00,-9.156950712203979492e-01
3.698081254959106445e+00,-2.391551971435546875e+00
1.392655611038208008e+00,-1.402443408966064453e+00
1.830002903938293457e+00,-1.951026320457458496e+00
1.405698776245117188e+00,-2.441956996917724609e+00
1.840278506278991699e+00,-2.148638486862182617e+00
1.204241275787353516e+00,9.260931015014648438e-01
6.620969772338867188e-01,-1.210162162780761719e+00
2.287215948104858398e+00,1.626288056373596191e+00
1.834474325180053711e+00,1.427698731422424316e+00
2.113672971725463867e+00,1.864222407341003418e+00
2.091775655746459961e+00,1.701200366020202637e+00
7.539327144622802734e-01,-6.154760122299194336e-01
2.266057968139648438e+00,-2.190326929092407227e+00
3.203041791915893555e+00,-2.503818035125732422e+00
9.203034043312072754e-01,-2.124404668807983398e+00
1.806976079940795898e+00,-1.966894567012786865e-01
1.257236838340759277e+00,-1.830822825431823730e+00
6.770804882049560547e+00,-2.865701675415039062e+00
9.485641717910766602e-01,-2.417012929916381836e+00
2.297288417816162109e+00,1.448795914649963379e+00
3.050176143646240234e+00,-2.674011468887329102e+00
8.728200912475585938e+00,-2.859038114547729492e+00
1.782308578491210938e+00,1.607985258102416992e+00
1.829860448837280273e+00,-2.248348951339721680e+00
1.659876465797424316e+00,1.103393554687500000e+00
3.713018417358398438e+00,-2.275713682174682617e+00
1.816058278083801270e+00,-7.896714210510253906e-01
9.518582224845886230e-01,-1.150102615356445312e+00
2.226287126541137695e+00,1.596705079078674316e+00
1.621589541435241699e+00,5.813350677490234375e-01
1.576258778572082520e+00,-2.258955240249633789e+00
1.527204990386962891e+00,-1.847077608108520508e+00
1.108586192131042480e+00,6.026862859725952148e-01
6.905863285064697266e-01,-2.433806896209716797e+00
1.108586192131042480e+00,6.026862859725952148e-01
1.157155156135559082e+00,1.998860239982604980e+00
2.791156053543090820e+00,-1.592587590217590332e+00
1.263633131980895996e+00,-2.222743988037109375e+00
1.816058278083801270e+00,-7.896714210510253906e-01
4.289924621582031250e+00,-2.076864004135131836e+00
1.099165916442871094e+00,-1.487435460090637207e+00
2.258325815200805664e+00,-1.926048159599304199e+00
8.689008712768554688e+00,-2.368604660034179688e+00
1.981348037719726562e+00,1.675998568534851074e+00
8.214099407196044922e-01,-1.387698888778686523e+00
2.353856801986694336e+00,1.590462327003479004e+00
1.467916607856750488e+00,-9.701292514801025391e-01
8.125028014183044434e-01,-2.373020648956298828e+00
1.239835500717163086e+00,-1.992519378662109375e+00
2.086274147033691406e+00,1.508192181587219238e+00
1.498120546340942383e+00,-2.037667036056518555e+00
2.935463190078735352e+00,-8.206161260604858398e-01
1.060310125350952148e+00,-2.413733243942260742e+00
4.615855693817138672e+00,-9.664580225944519043e-02
1.270454525947570801e+00,-6.682147979736328125e-01
1.933014273643493652e+00,1.615660071372985840e+00
8.941004276275634766e-01,-2.324928045272827148e+00
1.594530582427978516e+00,1.277883410453796387e+00
6.396635621786117554e-02,-2.180944919586181641e+00
3.705451965332031250e+00,-9.079214334487915039e-01
1.952017784118652344e+00,1.662146329879760742e+00
1.855183601379394531e+00,1.586747527122497559e+00
2.705792486667633057e-01,-2.214286565780639648e+00
1.333138227462768555e+00,1.075568318367004395e+00
2.162794470787048340e-01,-2.214124441146850586e+00
7.536179423332214355e-01,2.299735546112060547e+00
2.368918657302856445e+00,1.804817438125610352e+00
1.841615915298461914e+00,-1.319514751434326172e+00
1.663204908370971680e+00,1.006334781646728516e+00
2.171054124832153320e+00,1.747549891471862793e+00
1.450363516807556152e+00,1.033805012702941895e+00
1.545722246170043945e+00,-7.209097146987915039e-01
1.609171271324157715e+00,-1.655032634735107422e+00
-1.316414028406143188e-02,-2.577476024627685547e+00
5.306894183158874512e-01,-2.053528308868408203e+00
3.276274919509887695e+00,-1.848722934722900391e+00
5.912294983863830566e-01,-1.502157330513000488e+00
1.286464333534240723e+00,-6.406140327453613281e-01
1.967291831970214844e+00,1.598275780677795410e+00
1.011173725128173828e-01,-2.084218263626098633e+00
1.492232799530029297e+00,-2.242519378662109375e+00
9.527425765991210938e-01,-3.744503557682037354e-01
1.697392702102661133e+00,9.592238664627075195e-01
8.668496608734130859e-01,-1.987062931060791016e+00
2.001005649566650391e+00,1.699698567390441895e+00
2.257798433303833008e+00,1.744874119758605957e+00
1.354841947555541992e+00,-2.153496980667114258e+00
1.271441578865051270e+00,1.018351435661315918e+00
1.299347519874572754e+00,9.624947309494018555e-01
8.036251068115234375e+00,-2.756909608840942383e+00
1.150232791900634766e+00,-1.364613294601440430e+00
9.814309477806091309e-01,-1.881630420684814453e+00
1.368905305862426758e+00,1.205529332160949707e+00
1.574928164482116699e+00,-1.370646953582763672e+00
1.848822474479675293e+00,-2.562819957733154297e+00
1.586038351058959961e+00,-2.206207990646362305e+00
1.624871969223022461e+00,1.167870759963989258e+00
4.562911987304687500e-01,-2.431625366210937500e+00
1.014339685440063477e+00,1.889736294746398926e+00
1.199379086494445801e+00,-2.039396524429321289e+00
1.805106639862060547e+00,-1.121389508247375488e+00
1.394260168075561523e+00,-1.244643568992614746e+00
1.709366202354431152e+00,1.613206505775451660e+00
5.199902057647705078e-01,-8.118697404861450195e-01
6.292008161544799805e-01,-1.927603125572204590e+00
6.258892416954040527e-01,-1.233290433883666992e+00
1.120358347892761230e+00,1.983821034431457520e+00
1.561216473579406738e+00,-2.366426706314086914e+00
9.215130209922790527e-01,-2.391290903091430664e+00
1.594454646110534668e+00,1.844121575355529785e+00
1.131232023239135742e+00,-2.019214391708374023e+00
5.570490360260009766e-01,-2.433159828186035156e+00
1.643259406089782715e+00,1.168362259864807129e+00
8.171330690383911133e-01,-1.133676767349243164e+00
2.168614149093627930e+00,1.717401385307312012e+00
1.388720870018005371e+00,-1.058239936828613281e+00
2.170965194702148438e+00,1.437022447586059570e+00
1.309376120567321777e+00,-2.220196247100830078e+00
1.125436782836914062e+00,2.277597904205322266e+00
1.552742242813110352e+00,-5.727683305740356445e-01
2.211640357971191406e+00,1.894848227500915527e+00
2.415723562240600586e+00,-9.726542234420776367e-01
4.090936183929443359e-01,-2.138107538223266602e+00
2.333157062530517578e+00,1.536529064178466797e+00
1.256021499633789062e+00,-1.636486291885375977e+00
1.320989489555358887e+00,-2.330060720443725586e+00
8.745844960212707520e-01,1.799659729003906250e+00
9.158768653869628906e-01,-2.237051010131835938e+00
2.676532745361328125e+00,-2.066664695739746094e+00
1.654662013053894043e+00,-1.077480792999267578e+00
1.464408636093139648e+00,-6.491241455078125000e-01
8.334612846374511719e-01,-4.919043481349945068e-01
1.861080765724182129e+00,7.047047615051269531e-01
9.329894781112670898e-01,-1.310162544250488281e+00
1.545722246170043945e+00,-7.209097146987915039e-01
7.344580292701721191e-01,-2.155216217041015625e+00
1.925100922584533691e+00,-1.092623233795166016e+00
2.313971281051635742e+00,1.425192952156066895e+00
2.007247209548950195e+00,-2.063199281692504883e+00
1.054066419601440430e+00,-2.248954296112060547e+00
1.685846209526062012e+00,9.594787359237670898e-01
1.397360444068908691e+00,-2.218536615371704102e+00
1.006074905395507812e+00,-1.843046665191650391e+00
5.257584571838378906e+00,-2.176538228988647461e+00
1.638753652572631836e+00,-2.502069950103759766e+00
1.088948249816894531e+00,-2.197582006454467773e+00
1.924136996269226074e+00,-2.419541120529174805e+00
7.057362198829650879e-01,-1.982265353202819824e+00
2.163155317306518555e+00,1.487070202827453613e+00
1.456657409667968750e+00,2.106187820434570312e+00
8.701328277587890625e+00,-2.375050783157348633e+00
1.082805395126342773e+00,-1.826825976371765137e+00
1.480128526687622070e+00,-6.459552049636840820e-01
2.172075033187866211e+00,1.554914474487304688e+00
5.822550654411315918e-01,-2.251454353332519531e+00
8.410716056823730469e-01,-1.251696348190307617e+00
2.856784343719482422e+00,-2.265301704406738281e+00
6.780001640319824219e+00,-2.541429996490478516e+00
-3.609601557254791260e-01,-2.362444639205932617e+00
7.206860184669494629e-01,-2.087049245834350586e+00
1.191434860229492188e+00,-2.263730049133300781e+00
2.276420593261718750e+00,1.821203827857971191e+00
1.493951559066772461e+00,-9.693077802658081055e-01
2.006179809570312500e+00,1.543270349502563477e+00
2.599492371082305908e-01,-2.178160190582275391e+00
6.150593280792236328e+00,-2.378723859786987305e+00
9.497299194335937500e-01,-1.165180325508117676e+00
7.121654152870178223e-01,-2.214932918548583984e+00
9.895086288452148438e-01,-1.044098734855651855e+00
1.398194432258605957e+00,8.381440639495849609e-01
1.902720630168914795e-01,-2.253731489181518555e+00
1.530039310455322266e+00,1.671885550022125244e-01
1.668617844581604004e+00,8.516036272048950195e-01
1.503550171852111816e+00,1.915498614311218262e+00
1.074656486511230469e+00,-1.299230575561523438e+00
1.692903041839599609e+00,-2.963511943817138672e-01
4.909117221832275391e+00,-2.485102653503417969e+00
1.334473490715026855e+00,-2.673448324203491211e+00
7.465499043464660645e-01,-2.073573350906372070e+00
1.242682456970214844e+01,-2.858585357666015625e+00
6.039364337921142578e+00,-2.890975713729858398e+00
6.230769157409667969e-01,1.164642453193664551e+00
1.832740783691406250e+00,-8.909753561019897461e-01
2.775388240814208984e+00,1.150820612907409668e+00
4.259859919548034668e-01,-2.315983057022094727e+00
1.440346956253051758e+00,2.097794055938720703e+00
1.958630681037902832e+00,-2.596498966217041016e+00
1.116610050201416016e+00,-2.380934238433837891e+00
1.114485740661621094e+00,-1.904330492019653320e+00
7.832276821136474609e-01,-2.136707782745361328e+00
1.737667083740234375e+00,-8.460959196090698242e-01
3.054312705993652344e+00,-2.657690763473510742e+00
7.175843238830566406e+00,-2.734882593154907227e+00
1.516519069671630859e+00,-2.189541339874267578e+00
2.630336284637451172e+00,-2.121110916137695312e+00
2.056564807891845703e+00,1.416954278945922852e+00
9.485641717910766602e-01,-2.417012929916381836e+00
7.159823775291442871e-01,-2.203071594238281250e+00
2.049364328384399414e+00,1.076455473899841309e+00
2.967295408248901367e+00,-5.637496113777160645e-01
6.975633502006530762e-01,-2.162953615188598633e+00
6.868757605552673340e-01,-1.300567030906677246e+00
6.623556017875671387e-01,-2.448949813842773438e+00
1.381701827049255371e+00,-1.273546099662780762e+00
2.464973926544189453e+00,-2.450379729270935059e-01
9.148070216178894043e-01,-2.238400220870971680e+00
1.092149496078491211e+00,1.837262392044067383e+00
2.012112617492675781e+00,-2.381237268447875977e+00
5.336679518222808838e-03,-2.595155000686645508e+00
1.875644922256469727e+00,1.584253907203674316e+00
2.186120986938476562e+00,1.721298456192016602e+00
1.047666192054748535e+00,1.762745738029479980e+00
1.185122489929199219e+00,-2.256007194519042969e+00
1.219904065132141113e+00,-6.976296901702880859e-01
2.863479137420654297e+00,-5.601089000701904297e-01
1.745762944221496582e+00,-6.926540136337280273e-01
1.150477886199951172e+00,7.616680860519409180e-01
6.356071233749389648e-01,-1.139454126358032227e+00
2.595379114151000977e+00,-1.327583551406860352e+00
2.490595340728759766e+00,1.678089976310729980e+00
1.994597792625427246e+00,1.560004591941833496e+00
5.590941905975341797e-01,-2.410293102264404297e+00
1.686591625213623047e+00,-3.012204766273498535e-01
1.193460178375244141e+01,-2.628878593444824219e+00
1.552230834960937500e+00,-2.382603406906127930e+00
9.105911850929260254e-01,-1.880499482154846191e+00
9.675239324569702148e-01,-2.201300621032714844e+00
1.977288007736206055e+00,-2.807446479797363281e+00
3.692249357700347900e-01,-2.272959232330322266e+00
1.436541914939880371e+00,1.014210581779479980e+00
2.381728410720825195e+00,1.659541487693786621e+00
1.973467230796813965e+00,-2.429907798767089844e+00
1.776849389076232910e+00,-2.483361244201660156e+00
1.419215321540832520e+00,-1.175533175468444824e+00
1.621891975402832031e+00,-7.039567232131958008e-01
2.630336284637451172e+00,-2.121110916137695312e+00
1.529270052909851074e+00,-1.801270604133605957e+00
2.066293716430664062e+00,-1.815288901329040527e+00
5.865880012512207031e+00,-2.330072879791259766e+00
4.957109093666076660e-01,-2.141514539718627930e+00
2.093156576156616211e+00,1.554887294769287109e+00
4.446321725845336914e-02,-2.250929832458496094e+00
6.467528343200683594e-01,-2.191562891006469727e+00
1.121023297309875488e+00,-2.246138095855712891e+00
3.001062631607055664e+00,-1.780878007411956787e-01
2.284528970718383789e+00,1.775233507156372070e+00
1.014787316322326660e+00,-1.179397225379943848e+00
7.152887821197509766e+00,-2.405597686767578125e+00
1.271075010299682617e+00,-2.079246520996093750e+00
7.543788552284240723e-01,-2.269350767135620117e+00
2.758064985275268555e+00,-1.917149305343627930e+00
1.392052650451660156e+00,-1.446287274360656738e+00
2.247175455093383789e+00,-2.109096050262451172e+00
6.811553478240966797e+00,-1.719981431961059570e+00
7.249917984008789062e-01,1.607446789741516113e+00
1.752064466476440430e+00,8.843257427215576172e-01
1.835178852081298828e+00,1.453324079513549805e+00
1.379236221313476562e+00,-3.062227666378021240e-01
2.343840837478637695e+00,1.725283026695251465e+00
6.171412467956542969e+00,-2.377324819564819336e+00
1.392655611038208008e+00,-1.402443408966064453e+00
2.565628767013549805e+00,-1.644337058067321777e+00
2.884807825088500977e+00,-2.232729434967041016e+00
1.800846457481384277e+00,1.509119153022766113e+00
1.332637548446655273e+00,-9.477546215057373047e-01
8.233129382133483887e-01,-1.997264981269836426e+00
6.175589084625244141e+00,-2.332986354827880859e+00
1.683179140090942383e+00,-2.495826005935668945e+00
8.880510330200195312e-01,-2.091840505599975586e+00
2.026406049728393555e+00,-1.518729805946350098e+00
1.313973784446716309e+00,-2.011054992675781250e+00
1.020438313484191895e+00,-2.472939252853393555e+00
1.490784525871276855e+00,-2.358524084091186523e+00
1.624476790428161621e+00,-2.278421401977539062e+00
1.579893350601196289e+00,-1.256036996841430664e+00
2.718661308288574219e+00,-2.469341278076171875e+00
1.698501944541931152e+00,-7.805651426315307617e-01
1.665953516960144043e+00,1.552517414093017578e+00
3.007525920867919922e+00,-1.377308845520019531e+00
1.381484031677246094e+01,-2.809116840362548828e+00
3.941301584243774414e+00,-2.091915369033813477e+00
1.666610479354858398e+00,8.309484720230102539e-01
1.861943721771240234e+00,-2.365536928176879883e+00
4.325985312461853027e-01,-1.990494728088378906e+00
8.660713434219360352e-01,1.763703823089599609e+00
7.477345466613769531e-01,-2.145092248916625977e+00
1.044752836227416992e+00,-2.134378433227539062e+00
6.937975883483886719e-01,-2.260359287261962891e+00
2.382336139678955078e+00,-2.174861192703247070e+00
8.073503375053405762e-01,1.668594002723693848e+00
1.442654609680175781e+00,-2.394659042358398438e+00
8.873009681701660156e-01,-2.097043514251708984e+00
3.230459213256835938e+00,1.625555872917175293e+00
6.121817827224731445e-01,-1.316048979759216309e+00
8.941633701324462891e-01,-2.358942270278930664e+00
1.847223997116088867e+00,7.152253389358520508e-01
9.330226778984069824e-01,-2.131716489791870117e+00
1.745762944221496582e+00,-6.926540136337280273e-01
7.101376652717590332e-01,-2.108831644058227539e+00
1.352433919906616211e+00,1.106422781944274902e+00
9.991406202316284180e-01,-2.138783931732177734e+00
1.271981000900268555e+00,-2.222425460815429688e+00
1.107181906700134277e+00,-1.913716554641723633e+00
1.081178426742553711e+00,-2.220551967620849609e+00
2.799106836318969727e+00,-2.475777626037597656e+00
1.541873931884765625e+00,2.041773080825805664e+00
2.665149688720703125e+00,-2.101972818374633789e+00
5.562931895256042480e-01,1.463438630104064941e+00
3.673084497451782227e+00,-1.371227145195007324e+00
2.906410694122314453e+00,-1.475787520408630371e+00
8.519456386566162109e-01,-2.312669754028320312e+00
1.119237661361694336e+00,-1.387601494789123535e+00
9.983735084533691406e-01,-2.143228769302368164e+00
9.008082151412963867e-01,-1.898758530616760254e+00
3.526583313941955566e-01,-2.393845081329345703e+00
2.808192491531372070e+00,-1.945865631103515625e+00
4.084045410156250000e+00,-2.113145589828491211e+00
1.598691105842590332e+00,1.925542473793029785e+00
1.278795123100280762e+00,1.390482783317565918e+00
3.500257968902587891e+00,-2.151209831237792969e+00
1.779166698455810547e+00,-2.157809734344482422e+00
8.931187629699707031e+00,-3.047598361968994141e+00
1.920522689819335938e+00,-1.411134481430053711e+00
2.137547731399536133e+00,-1.833295822143554688e+00
2.267785787582397461e+00,1.595864415168762207e+00
1.641418576240539551e+00,-1.060381889343261719e+00
8.081150054931640625e-01,-1.260732650756835938e+00
1.886505126953125000e+00,4.816428720951080322e-01
1.312623620033264160e+00,-2.230366230010986328e+00
1.461961150169372559e+00,1.136475443840026855e+00
2.308565616607666016e+00,2.305757999420166016e-02
3.311749935150146484e+00,-2.222582817077636719e+00
1.625629782676696777e+00,-2.224241495132446289e+00
8.818275928497314453e-01,-2.323585033416748047e+00
3.245110034942626953e+00,-1.270417690277099609e+00
1.668205499649047852e+00,-2.385581493377685547e+00
6.434413433074951172e+00,-2.224957704544067383e+00
5.206153869628906250e+00,-1.859953641891479492e+00
1.170820116996765137e+00,-1.846919298171997070e+00
2.537144422531127930e+00,-2.611555576324462891e+00
1.158851385116577148e+00,-2.131054878234863281e+00
2.665149688720703125e+00,-2.101972818374633789e+00
1.366207838058471680e+00,1.240326285362243652e+00
2.179514646530151367e+00,1.528186202049255371e+00
8.953288197517395020e-01,-1.863449335098266602e+00
2.060230016708374023e+00,-2.416644096374511719e+00
1.735009431838989258e+00,1.548290729522705078e+00
9.313077926635742188e-01,-2.039082765579223633e+00
1.642463088035583496e+00,1.134612679481506348e+00
2.321694850921630859e+00,-2.246770143508911133e+00
1.943222284317016602e+00,1.546847343444824219e+00
1.979303002357482910e+00,1.646902203559875488e+00
1.680597305297851562e+00,1.674283146858215332e+00
3.216047048568725586e+00,-1.480703234672546387e+00
9.310907721519470215e-01,-1.189158320426940918e+00
6.171412467956542969e+00,-2.377324819564819336e+00
1.839536309242248535e+00,-2.288067817687988281e+00
1.065482258796691895e+00,1.340689063072204590e+00
7.623872160911560059e-01,-1.264423608779907227e+00
2.271670579910278320e+00,1.512111902236938477e+00
1.534317851066589355e+00,-4.711035490036010742e-01
1.601416587829589844e+00,-1.954740762710571289e+00
8.682205677032470703e-01,-1.962515711784362793e+00
7.535959482192993164e-01,2.244410514831542969e+00
1.576258778572082520e+00,-2.258955240249633789e+00
1.232774972915649414e+00,-2.261191129684448242e+00
2.294692993164062500e+00,-4.836491048336029053e-01
1.989995002746582031e+00,-2.495655775070190430e+00
1.629134416580200195e+00,-9.881869554519653320e-01
1.518049478530883789e+00,3.082895874977111816e-01
6.407776474952697754e-01,-1.933263301849365234e+00
2.073825597763061523e+00,-1.810576200485229492e+00
1.771041274070739746e+00,-1.860518932342529297e+00
1.134228825569152832e+00,-1.986368894577026367e+00
5.446289181709289551e-01,-8.123996257781982422e-01
1.014996767044067383e+00,-2.428775072097778320e+00
2.387171983718872070e+00,-2.070813179016113281e+00
1.855657935142517090e+00,-2.420524835586547852e+00
5.174489021301269531e+00,-2.650170087814331055e+00
2.537144422531127930e+00,-2.611555576324462891e+00
3.141619682312011719e+00,-2.252398490905761719e+00
2.236390352249145508e+00,1.552035570144653320e+00
1.779758214950561523e+00,1.554502129554748535e+00
1.976621389389038086e+00,-2.187737226486206055e+00
1.721328616142272949e+00,2.024899482727050781e+00
1.209050536155700684e+00,-2.257203102111816406e+00
1.977288007736206055e+00,-2.807446479797363281e+00
1.525347381830215454e-01,-2.327744960784912109e+00
2.915877580642700195e+00,-1.326576828956604004e+00
2.360793352127075195e+00,-6.461830139160156250e-01
7.388756275177001953e-01,-1.253651380538940430e+00
8.031631112098693848e-01,-1.806417584419250488e+00
8.975914001464843750e+00,-2.982848167419433594e+00
3.448419570922851562e+00,-1.438716530799865723e+00
6.432454109191894531e+00,-2.506055593490600586e+00
2.269556760787963867e+00,-2.234605550765991211e+00
1.068938612937927246e+00,-2.142476558685302734e+00
8.919321298599243164e-01,-1.603393554687500000e+00
2.572046995162963867e+00,-2.568970680236816406e+00
1.544566512107849121e+00,-2.315101861953735352e+00
4.504602551460266113e-01,-1.667964220046997070e+00
1.939041376113891602e+00,-2.166728973388671875e+00
1.985119938850402832e+00,-1.213504552841186523e+00
1.198622703552246094e+00,-1.518402338027954102e+00
3.467107534408569336e+00,-2.321802854537963867e+00
1.160167813301086426e+00,1.930653691291809082e+00
2.387965917587280273e+00,1.569643855094909668e+00
1.373487353324890137e+00,-1.450141429901123047e+00
1.135569572448730469e+00,-1.988475918769836426e+00
3.532862663269042969e-01,-2.386735200881958008e+00
7.039167881011962891e-01,-2.237712621688842773e+00
1.219117403030395508e+00,-6.931385993957519531e-01
1.873739719390869141e+00,1.505403518676757812e+00
9.440283775329589844e-01,-1.141977310180664062e+00
9.092624664306640625e+00,-2.109023571014404297e+00
3.427489519119262695e+00,-2.636340856552124023e+00
1.289758324623107910e+00,4.340201318264007568e-01
9.238257408142089844e+00,-2.705562114715576172e+00
6.902430653572082520e-01,-1.804865360260009766e+00
2.077399969100952148e+00,1.651527523994445801e+00
1.493940472602844238e+00,-2.067853689193725586e+00
4.304136753082275391e+00,-2.112347841262817383e+00
9.675239324569702148e-01,-2.201300621032714844e+00
4.090936183929443359e-01,-2.138107538223266602e+00
8.476516008377075195e-01,-1.354162454605102539e+00
4.830182075500488281e+00,-2.485212087631225586e+00
2.609435081481933594e+00,-1.342970371246337891e+00
1.621400237083435059e+00,-2.490315675735473633e+00
1.254013419151306152e+00,-2.161456823348999023e+00
5.223199129104614258e-01,-2.212399005889892578e+00
1.347218275070190430e+00,-2.061564683914184570e+00
9.270570874214172363e-01,-2.247950077056884766e+00
2.056173563003540039e+00,1.530085921287536621e+00
8.873995542526245117e-01,-1.128639578819274902e+00
9.179998636245727539e-01,-2.239989995956420898e+00
5.336828827857971191e-01,-2.032404661178588867e+00
1.734742760658264160e+00,-2.282313585281372070e+00
2.372239112854003906e+00,-6.291768550872802734e-01
9.342461228370666504e-01,-2.161286354064941406e+00
5.199902057647705078e-01,-8.118697404861450195e-01
2.184564113616943359e+00,1.471908211708068848e+00
2.884807825088500977e+00,-2.232729434967041016e+00
6.482651829719543457e-01,-1.256192564964294434e+00
3.692249357700347900e-01,-2.272959232330322266e+00
1.531585335731506348e+00,-4.726499319076538086e-01
9.947497248649597168e-01,-1.229971408843994141e+00
1.450363516807556152e+00,1.033805012702941895e+00
1.206237912178039551e+00,-2.236624002456665039e+00
1.493481397628784180e+00,-2.245110988616943359e+00
6.826571226119995117e-01,-2.133995294570922852e+00
1.989995002746582031e+00,-2.495655775070190430e+00
1.152516961097717285e+00,1.113869428634643555e+00
1.003052902221679688e+01,-2.529279232025146484e+00
2.329520702362060547e+00,1.818802952766418457e+00
1.706891775131225586e+00,-6.524463891983032227e-01
6.905863285064697266e-01,-2.433806896209716797e+00
7.767017483711242676e-01,-2.293131828308105469e+00
1.999886274337768555e+00,1.426433205604553223e+00
9.750872254371643066e-01,-2.154747247695922852e+00
1.512099981307983398e+00,-2.147932052612304688e+00
1.313973784446716309e+00,-2.011054992675781250e+00
6.877966523170471191e-01,-2.292157411575317383e+00
2.008488655090332031e+00,-2.034368276596069336e+00
2.678127527236938477e+00,-2.077160120010375977e+00
2.172075033187866211e+00,1.554914474487304688e+00
1.256584644317626953e+00,-1.809016585350036621e+00
1.637320280075073242e+00,1.061323881149291992e+00
1.541873931884765625e+00,2.041773080825805664e+00
1.466701745986938477e+00,-2.085887908935546875e+00
8.251290917396545410e-01,-2.400129318237304688e+00
1.571620583534240723e+00,-1.242688536643981934e+00
6.778393387794494629e-01,-1.270855069160461426e+00
8.151521682739257812e-01,-2.218029737472534180e+00
5.336828827857971191e-01,-2.032404661178588867e+00
2.368759870529174805e+00,1.666666865348815918e+00
8.934298753738403320e-01,-1.854503035545349121e+00
1.487483501434326172e+00,-2.346396446228027344e+00
1.266097307205200195e+00,-6.700156927108764648e-01
2.006371736526489258e+00,-2.482479095458984375e+00
2.071000576019287109e+00,1.480827927589416504e+00
1.337462067604064941e+00,9.150804281234741211e-01
1.135569572448730469e+00,-1.988475918769836426e+00
8.317327499389648438e-01,-2.412804603576660156e+00
1.687939882278442383e+00,-2.232153654098510742e+00
3.778301239013671875e+00,-1.317742228507995605e+00
9.158768653869628906e-01,-2.237051010131835938e+00
4.475123405456542969e+00,-2.414213657379150391e+00
1.579732060432434082e+00,-1.156061530113220215e+00
7.087424397468566895e-01,-2.105584859848022461e+00
1.299169182777404785e+00,-7.181499004364013672e-01
2.228987812995910645e-01,-2.536369085311889648e+00
1.297521591186523438e+00,-1.824769973754882812e+00
2.641538858413696289e+00,-1.435196161270141602e+00
2.699240446090698242e+00,8.367217779159545898e-01
2.724434137344360352e+00,-1.262107253074645996e+00
6.730764508247375488e-01,-2.223827123641967773e+00
9.615761041641235352e-01,-1.121798992156982422e+00
7.357954978942871094e+00,-2.378932476043701172e+00
1.747089028358459473e+00,-2.260968685150146484e+00
1.112482428550720215e+00,-1.795378923416137695e+00
2.843956470489501953e+00,-1.416344165802001953e+00
4.546171724796295166e-01,-2.039900541305541992e+00
6.356071233749389648e-01,-1.139454126358032227e+00
1.593112826347351074e+00,-1.115064501762390137e+00
1.270454525947570801e+00,-6.682147979736328125e-01
2.107658386230468750e+00,1.620937228202819824e+00
8.713294863700866699e-01,-1.969157099723815918e+00
2.178715229034423828e+00,-1.246109902858734131e-01
2.104399919509887695e+00,1.830222487449645996e+00
2.082298994064331055e+00,1.601305127143859863e+00
1.337462067604064941e+00,9.150804281234741211e-01
1.856729269027709961e+00,1.535927891731262207e+00
1.275353670120239258e+00,-2.210368156433105469e+00
2.271670579910278320e+00,1.512111902236938477e+00
2.061755180358886719e+00,-3.706795573234558105e-01
8.834146261215209961e-01,-1.517338037490844727e+00
1.963243722915649414e+00,1.448200583457946777e+00
1.777692079544067383e+00,-2.395571947097778320e+00
1.390975594520568848e+00,-1.788292169570922852e+00
1.958630681037902832e+00,-2.596498966217041016e+00
2.364328205585479736e-01,-2.536933660507202148e+00
1.490514636039733887e+00,-1.196031928062438965e+00
3.953126430511474609e+00,-2.303048133850097656e+00
1.799681782722473145e+00,1.870624661445617676e+00
3.386551618576049805e+00,-1.968513250350952148e+00
1.735690355300903320e+00,-2.187072992324829102e+00
1.006074905395507812e+00,-1.843046665191650391e+00
2.464973926544189453e+00,-2.450379729270935059e-01
6.814268231391906738e-01,-1.748171567916870117e+00
1.571333527565002441e+00,2.001750946044921875e+00
2.525946855545043945e+00,1.627633333206176758e+00
6.951397657394409180e-01,1.104651808738708496e+00
3.218032419681549072e-01,-2.080275535583496094e+00
2.219066858291625977e+00,1.656397461891174316e+00
7.152887821197509766e+00,-2.405597686767578125e+00
1.649854421615600586e+00,-2.309272527694702148e+00
6.175589084625244141e+00,-2.332986354827880859e+00
1.191184520721435547e+00,-2.212613821029663086e+00
1.172508597373962402e+00,-2.252433300018310547e+00
1.001386046409606934e+00,-2.314879894256591797e+00
1.121530294418334961e+00,9.305154085159301758e-01
3.139920949935913086e+00,-2.164125680923461914e+00
7.113535881042480469e+00,-2.748391866683959961e+00
3.189211606979370117e+00,6.794590950012207031e-01
2.599492371082305908e-01,-2.178160190582275391e+00
6.476211071014404297e+00,-2.223435640335083008e+00
2.683842897415161133e+00,-1.440916895866394043e+00
1.244581460952758789e+00,-1.231090188026428223e+00
9.336075186729431152e-01,-1.049278974533081055e+00
2.086918592453002930e+00,1.761601567268371582e+00
1.621891975402832031e+00,-7.039567232131958008e-01
8.572823405265808105e-01,-1.132615447044372559e+00
9.270570874214172363e-01,-2.247950077056884766e+00
2.056173563003540039e+00,1.530085921287536621e+00
1.074656486511230469e+00,-1.299230575561523438e+00
1.443588376045227051e+00,-1.205131888389587402e+00
4.228233993053436279e-01,-2.180233240127563477e+00
1.979303002357482910e+00,1.646902203559875488e+00
2.008488655090332031e+00,-2.034368276596069336e+00
2.525547027587890625e+00,1.654812097549438477e+00
2.064346075057983398e+00,1.660393118858337402e+00
4.400067031383514404e-01,-1.913811326026916504e+00
1.638171672821044922e+00,-1.250610351562500000e+00
1.530290246009826660e+00,-1.857153058052062988e+00
7.570949792861938477e-01,1.328264355659484863e+00
6.953814029693603516e-01,-2.012501001358032227e+00
1.175903797149658203e+00,-1.833145141601562500e+00
1.260196805000305176e+00,-9.347426891326904297e-01
1.685835003852844238e+00,1.481783032417297363e+00
2.175040960311889648e+00,-2.273056030273437500e+00
1.292480587959289551e+00,-1.829884409904479980e+00
1.616754889488220215e+00,-4.880748391151428223e-01
1.214783787727355957e+00,-2.265856742858886719e+00
1.061226367950439453e+00,-1.298664569854736328e+00
3.007525920867919922e+00,-1.377308845520019531e+00
2.072995662689208984e+00,-1.778841972351074219e+00
9.313077926635742188e-01,-2.039082765579223633e+00
1.528997898101806641e+00,-2.166596651077270508e+00
5.328412652015686035e-01,-2.859029293060302734e+00
4.040755927562713623e-01,-2.232453346252441406e+00
6.470527648925781250e-01,1.124855399131774902e+00
9.210773110389709473e-01,-1.503146052360534668e+00
1.623109221458435059e+00,-2.641504287719726562e+00
4.972914695739746094e+00,-2.458603858947753906e+00
2.431274890899658203e+00,-2.408218860626220703e+00
6.868757605552673340e-01,-1.300567030906677246e+00
5.069911479949951172e-01,-1.026710510253906250e+00
1.050141215324401855e+00,-1.201260924339294434e+00
2.503271579742431641e+00,-2.022843122482299805e+00
2.351894855499267578e+00,-1.629005074501037598e+00
3.650399923324584961e+00,1.085949420928955078e+00
2.047654628753662109e+00,1.712134480476379395e+00
2.084548473358154297e+00,1.660392403602600098e+00
2.227359533309936523e+00,1.646447777748107910e+00
2.533154010772705078e+00,-2.449455022811889648e+00
1.305846214294433594e+00,-7.220392227172851562e-01
8.690175414085388184e-01,-2.306436300277709961e+00
3.034436941146850586e+00,-2.238473892211914062e+00
2.180582523345947266e+00,1.721164941787719727e+00
2.477234840393066406e+00,8.717856407165527344e-01
9.826055765151977539e-01,-2.085638284683227539e+00
1.919931650161743164e+00,-2.042878150939941406e+00
1.881278991699218750e+00,-2.027934789657592773e+00
3.072727203369140625e+00,-2.233783483505249023e+00
1.012188315391540527e+00,-2.167533159255981445e+00
1.571357011795043945e+00,-1.699084162712097168e+00
2.497159957885742188e+00,1.643530130386352539e+00
2.455708265304565430e+00,-2.409600496292114258e+00
1.049110740423202515e-01,-2.092652082443237305e+00
1.280639529228210449e+00,-6.567001342773437500e-01
1.464284658432006836e+00,-2.080681562423706055e+00
1.468153476715087891e+00,-7.320581674575805664e-01
2.826905012130737305e+00,-2.805606365203857422e+00
4.879611015319824219e+00,-7.653809785842895508e-01
2.015659332275390625e+00,1.567739605903625488e+00
3.063319325447082520e-01,-2.243782043457031250e+00
1.140701413154602051e+00,-2.371714830398559570e+00
1.525432229042053223e+00,-3.361769318580627441e-01
1.341099739074707031e+00,-2.361077070236206055e+00
1.202065229415893555e+00,1.769725203514099121e+00
4.592114925384521484e+00,-2.580433368682861328e+00
8.876219749450683594e+00,-2.380863904953002930e+00
1.717572927474975586e+00,2.006324768066406250e+00
1.840278506278991699e+00,-2.148638486862182617e+00
1.014930129051208496e+00,-2.129189968109130859e+00
1.128335595130920410e+00,-1.773156404495239258e+00
1.366207838058471680e+00,1.240326285362243652e+00
2.648124694824218750e+00,-2.789228677749633789e+00
1.493951559066772461e+00,-9.693077802658081055e-01
1.078689217567443848e+00,1.802245378494262695e+00
1.771209120750427246e+00,-1.862359285354614258e+00
1.382631015777587891e+01,-2.793704509735107422e+00
2.361782073974609375e+00,-2.114783525466918945e+00
1.128335595130920410e+00,-1.773156404495239258e+00
5.026648998260498047e+00,2.469834983348846436e-01
9.307940602302551270e-01,-2.161303758621215820e+00
8.916913866996765137e-01,-1.863100528717041016e+00
3.363219261169433594e+00,-1.254660248756408691e+00
3.680411338806152344e+00,-2.705337047576904297e+00
1.312144279479980469e+00,1.660163521766662598e+00
1.047374248504638672e+00,-1.820002913475036621e+00
1.367382764816284180e+00,8.424495458602905273e-01
2.720350027084350586e+00,-1.272151350975036621e+00
7.832276821136474609e-01,-2.136707782745361328e+00
7.788125276565551758e-01,1.309119582176208496e+00
1.551462709903717041e-01,-2.241678476333618164e+00
3.339948415756225586e+00,-2.302089214324951172e+00
1.864605069160461426e+00,-1.501205086708068848e+00
1.773562073707580566e+00,-2.390169858932495117e+00
2.403172969818115234e+00,-2.137778520584106445e+00
8.156509995460510254e-01,-2.179105997085571289e+00
8.468040823936462402e-01,-2.205695867538452148e+00
1.823755145072937012e+00,-1.289044976234436035e+00
2.199385881423950195e+00,1.772746920585632324e+00
1.376701831817626953e+00,1.040028572082519531e+00
5.871962070465087891e+00,-2.878355026245117188e+00
5.590941905975341797e-01,-2.410293102264404297e+00
1.254013419151306152e+00,-2.161456823348999023e+00
8.126695632934570312e+00,-2.764330625534057617e+00
1.101061058044433594e+01,-2.982159376144409180e+00
6.156675815582275391e-01,-1.301858544349670410e+00
4.547315597534179688e+00,-2.297178745269775391e+00
1.257105159759521484e+01,-2.655966758728027344e+00
4.570482075214385986e-01,-2.500808238983154297e+00
5.687750816345214844e+00,-2.332340717315673828e+00
4.615855693817138672e+00,-9.664580225944519043e-02
1.033623218536376953e+00,9.441941976547241211e-01
3.276274919509887695e+00,-1.848722934722900391e+00
1.275530099868774414e+00,-8.955990076065063477e-01
2.007995605468750000e+00,-1.822614192962646484e+00
1.906571626663208008e+00,-2.446254253387451172e+00
1.212971687316894531e+01,-2.833590269088745117e+00
8.724194169044494629e-01,-2.362693786621093750e+00
1.391743898391723633e+00,-2.244975090026855469e+00
1.909790277481079102e+00,-2.304742336273193359e+00
4.352152347564697266e+00,-2.193519115447998047e+00
1.531585335731506348e+00,-4.726499319076538086e-01
6.429921984672546387e-01,1.987738490104675293e+00
1.021058440208435059e+00,-2.164978027343750000e+00
1.704942941665649414e+00,1.130060315132141113e+00
2.136385679244995117e+00,1.517039775848388672e+00
2.237307548522949219e+00,1.649867415428161621e+00
2.136048555374145508e+00,1.588761687278747559e+00
1.101061058044433594e+01,-2.982159376144409180e+00
9.307940602302551270e-01,-2.161303758621215820e+00
3.232180356979370117e+00,-1.270703673362731934e+00
1.682238221168518066e+00,-2.242613315582275391e+00
1.648712038993835449e+00,1.540818929672241211e+00
1.034602165222167969e+00,-9.505542516708374023e-01
7.501319050788879395e-01,1.311551451683044434e+00
7.492526531219482422e+00,-2.380295753479003906e+00
1.563257455825805664e+00,-2.342175960540771484e+00
1.779166698455810547e+00,-2.157809734344482422e+00
8.620830774307250977e-01,-1.228361845016479492e+00
5.822550654411315918e-01,-2.251454353332519531e+00
1.923191308975219727e+00,1.602869391441345215e+00
1.320837497711181641e+00,2.285329818725585938e+00
7.397639751434326172e-01,-2.114126920700073242e+00
2.234646558761596680e+00,1.635357022285461426e+00
1.946798086166381836e+00,-2.438385725021362305e+00
1.623109221458435059e+00,-2.641504287719726562e+00
1.077145862579345703e+01,-2.696591854095458984e+00
1.804583787918090820e+00,1.319437980651855469e+00
1.260214805603027344e+00,-1.739365100860595703e+00
1.504377365112304688e+00,1.839518666267395020e+00
9.739421606063842773e-01,-2.133309841156005859e+00
2.654806375503540039e+00,-1.653067767620086670e-01
1.571243047714233398e+00,1.335965394973754883e+00
1.187576532363891602e+00,9.182482957839965820e-01
1.708621382713317871e+00,-2.227876901626586914e+00
1.094949364662170410e+00,1.377947688102722168e+00
1.225738167762756348e+00,-1.258295893669128418e+00
2.460247278213500977e+00,-5.366475582122802734e-01
1.504340767860412598e+00,1.420855641365051270e+00
1.262297391891479492e+00,-2.171068668365478516e+00
5.317329883575439453e+00,-2.190119028091430664e+00
1.294104576110839844e+00,-1.087794542312622070e+00
1.209100365638732910e+00,1.332655310630798340e+00
1.114485740661621094e+00,-1.904330492019653320e+00
1.320575833320617676e+00,-6.402726173400878906e-01
9.218509793281555176e-01,-1.432170867919921875e+00
9.203034043312072754e-01,-2.124404668807983398e+00
1.739821672439575195e+00,-7.992933988571166992e-01
1.638171672821044922e+00,-1.250610351562500000e+00
1.121530294418334961e+00,9.305154085159301758e-01
1.848822474479675293e+00,-2.562819957733154297e+00
1.888892889022827148e+00,-4.113284349441528320e-01
8.721488714218139648e-01,-2.162571907043457031e+00
7.122395038604736328e-01,-1.760114550590515137e+00
2.264937877655029297e+00,-1.303298950195312500e+00
1.536713719367980957e+00,3.140486180782318115e-01
7.607432603836059570e-01,-1.776046872138977051e+00
1.025048613548278809e+00,8.020424842834472656e-01
6.429921984672546387e-01,1.987738490104675293e+00
1.434763431549072266e+00,1.035112500190734863e+00
8.429294824600219727e-01,-2.424682617187500000e+00
3.633930444717407227e+00,1.098245263099670410e+00
1.454493641853332520e+00,-6.607257127761840820e-01
1.635725378990173340e+00,-4.873164296150207520e-01
4.313294410705566406e+00,-2.358625650405883789e+00
9.007309079170227051e-01,1.303312301635742188e+00
1.568473219871520996e+00,-2.280271530151367188e+00
5.071242451667785645e-01,-2.388035535812377930e+00
1.933680415153503418e+00,-2.324751138687133789e+00
8.706174492835998535e-01,-2.016332387924194336e+00
4.545384049415588379e-01,-2.357664108276367188e+00
8.081150054931640625e-01,-1.260732650756835938e+00
2.099564552307128906e+00,1.596420049667358398e+00
2.627804994583129883e+00,-2.794446706771850586e+00
6.809463500976562500e+00,-2.563607215881347656e+00
1.077506661415100098e+00,1.687247991561889648e+00
1.081847572326660156e+01,-2.727729558944702148e+00
2.328479528427124023e+00,-1.626938462257385254e+00
2.178715229034423828e+00,-1.246109902858734131e-01
2.689775466918945312e+00,-1.448003888130187988e+00
2.000678062438964844e+00,-1.395398974418640137e+00
1.713338971138000488e+00,1.630638539791107178e-01
2.104881048202514648e+00,1.288555741310119629e+00
2.497159957885742188e+00,1.643530130386352539e+00
6.951397657394409180e-01,1.104651808738708496e+00
2.975194931030273438e+00,-2.496623039245605469e+00
1.264958381652832031e+00,9.488123655319213867e-01
2.620097160339355469e+00,1.556139826774597168e+00
8.036251068115234375e+00,-2.756909608840942383e+00
1.099617004394531250e+00,-2.418356180191040039e+00
2.699226856231689453e+00,-1.335111498832702637e+00
4.654211401939392090e-01,-2.174894094467163086e+00
7.055675387382507324e-01,-1.978712081909179688e+00
2.091775655746459961e+00,1.701200366020202637e+00
2.033388853073120117e+00,-1.523050904273986816e+00
2.466173171997070312e+00,1.441363334655761719e+00
1.875644922256469727e+00,1.584253907203674316e+00
1.089680790901184082e+00,1.850727677345275879e+00
2.851517915725708008e+00,-2.165279865264892578e+00
1.504340767860412598e+00,1.420855641365051270e+00
2.969031572341918945e+00,-1.352407455444335938e+00
2.832944869995117188e+00,-4.708859622478485107e-01
1.122623443603515625e+00,-2.036474466323852539e+00
2.833186149597167969e+00,1.700356721878051758e+00
1.077506661415100098e+00,1.687247991561889648e+00
1.505343675613403320e+00,-1.852016001939773560e-01
1.089591145515441895e+00,7.234439849853515625e-01
2.726482152938842773e+00,-2.119390726089477539e+00
1.433115959167480469e+00,7.320148944854736328e-01
1.391743898391723633e+00,-2.244975090026855469e+00
6.982708454132080078e+00,-2.419616222381591797e+00
8.362544178962707520e-01,-2.013151168823242188e+00
1.410302639007568359e+00,-2.441066980361938477e+00
1.521838307380676270e+00,-7.476474046707153320e-01
2.176816225051879883e+00,7.688387632369995117e-01
1.187576532363891602e+00,9.182482957839965820e-01
2.076391935348510742e+00,1.495868086814880371e+00
1.483492374420166016e+00,-2.026175022125244141e+00
9.934328198432922363e-01,-1.432060003280639648e+00
3.018760442733764648e+00,-2.463175058364868164e+00
5.333819389343261719e-01,-2.330532550811767578e+00
1.269096732139587402e+00,1.635659217834472656e+00
2.113672971725463867e+00,1.864222407341003418e+00
1.556754469871520996e+00,-5.795009136199951172e-01
1.520345568656921387e+00,-1.710724115371704102e+00
1.308110237121582031e+00,-2.056155681610107422e+00
1.460023880004882812e+00,-2.239303588867187500e+00
6.745818257331848145e-01,1.880142688751220703e+00
1.938085317611694336e+00,1.517670392990112305e+00
1.275032401084899902e+00,1.413645148277282715e+00
1.824047207832336426e+00,-8.793590068817138672e-01
9.456998109817504883e-01,-2.072175264358520508e+00
2.136110305786132812e+00,1.432993412017822266e+00
2.204161405563354492e+00,1.762016892433166504e+00
1.396017551422119141e+00,-2.253085613250732422e+00
1.536713719367980957e+00,3.140486180782318115e-01
1.308513283729553223e+00,4.240817129611968994e-01
1.204241275787353516e+00,9.260931015014648438e-01
1.641177654266357422e+00,1.524211883544921875e+00
1.046976685523986816e+00,8.220809698104858398e-01
1.700317263603210449e+00,-2.395079135894775391e+00
1.804145097732543945e+00,2.756457030773162842e-02
9.344391226768493652e-01,-2.393390178680419922e+00
1.976030588150024414e+00,-9.084928035736083984e-01
-3.452092409133911133e-03,-2.288655281066894531e+00
2.023285865783691406e+00,-1.568050146102905273e+00
6.432454109191894531e+00,-2.506055593490600586e+00
2.455208778381347656e+00,1.543846249580383301e+00
1.804583787918090820e+00,1.319437980651855469e+00
1.268130183219909668e+00,-7.613923549652099609e-01
1.176024556159973145e+00,-2.034732580184936523e+00
1.719162344932556152e+00,-2.209836244583129883e+00
6.899086475372314453e+00,-2.567117452621459961e+00
8.721488714218139648e-01,-2.162571907043457031e+00
1.213929295539855957e+00,-1.310228466987609863e+00
7.736214399337768555e-01,1.276017546653747559e+00
1.614167451858520508e+00,-2.489672422409057617e+00
2.226011991500854492e+00,1.631783246994018555e+00
1.644291281700134277e+00,1.417524218559265137e+00
2.680920839309692383e+00,-1.975945115089416504e+00
1.666610479354858398e+00,8.309484720230102539e-01
2.116705417633056641e+00,1.653584599494934082e+00
1.464408636093139648e+00,-6.491241455078125000e-01
2.126181840896606445e+00,1.258522510528564453e+00
1.684173226356506348e+00,-2.380758285522460938e+00
8.931804299354553223e-01,-1.072144508361816406e+00
2.047274589538574219e+00,-2.705994248390197754e-01
2.368918657302856445e+00,1.804817438125610352e+00
9.644256234169006348e-01,-1.065790772438049316e+00
2.556050777435302734e+00,-2.274909019470214844e+00
2.161823749542236328e+00,-1.768599748611450195e-01
2.104875326156616211e+00,1.705633401870727539e+00
2.057470083236694336e+00,1.611907720565795898e+00
4.475123405456542969e+00,-2.414213657379150391e+00
2.915877580642700195e+00,-1.326576828956604004e+00
2.512763738632202148e+00,-8.496873378753662109e-01
2.679310321807861328e+00,-1.460837244987487793e+00
2.507347106933593750e+00,-2.599756240844726562e+00
1.105739474296569824e+00,-1.181118965148925781e+00
1.166674971580505371e+00,1.785244584083557129e+00
1.719162344932556152e+00,-2.209836244583129883e+00
2.037589311599731445e+00,1.551296114921569824e+00
1.962402462959289551e+00,-1.010643362998962402e+00
1.975614428520202637e+00,-1.065698504447937012e+00
2.792604923248291016e+00,-1.596499800682067871e+00
1.822729825973510742e+00,-2.413606405258178711e+00
3.139984607696533203e+00,1.652236700057983398e+00
1.010689020156860352e+00,-1.160697817802429199e+00
4.547315597534179688e+00,-2.297178745269775391e+00
2.351966381072998047e+00,1.709686636924743652e+00
2.320083856582641602e+00,-2.070690870285034180e+00
2.860418558120727539e+00,-1.268286347389221191e+00
9.572667479515075684e-01,-1.064240574836730957e+00
1.083382129669189453e+01,-3.070672512054443359e+00
2.136048555374145508e+00,1.588761687278747559e+00
2.258188247680664062e+00,-2.323019981384277344e+00
1.960902810096740723e+00,1.667989969253540039e+00
1.389558672904968262e+00,-7.473253011703491211e-01
9.689241051673889160e-01,-1.049638032913208008e+00
2.351894855499267578e+00,-1.629005074501037598e+00
1.276318192481994629e+00,-8.709633350372314453e-01
1.056485772132873535e+00,-1.341844558715820312e+00
1.638753652572631836e+00,-2.502069950103759766e+00
1.083973288536071777e+00,-1.336487293243408203e+00
9.497299194335937500e-01,-1.165180325508117676e+00
1.994946956634521484e+00,-1.600010037422180176e+00
9.302018880844116211e-01,-2.089856386184692383e+00
9.186252355575561523e-01,-2.248435735702514648e+00
1.930971384048461914e+00,-1.104314684867858887e+00
8.580853343009948730e-01,-1.527255892753601074e+00
1.468153476715087891e+00,-7.320581674575805664e-01
1.501986622810363770e+00,-2.336819171905517578e+00
1.257236838340759277e+00,-1.830822825431823730e+00
5.117125511169433594e-01,-2.383893728256225586e+00
1.969450235366821289e+00,-1.648703932762145996e+00
2.644649267196655273e+00,-1.708014309406280518e-01
1.267876744270324707e+00,1.688013911247253418e+00
9.729789495468139648e-01,1.591794490814208984e+00
1.912439703941345215e+00,-7.593717575073242188e-01
1.236411571502685547e+01,-2.937875032424926758e+00
6.836791038513183594e-01,-1.742341399192810059e+00
3.386551618576049805e+00,-1.968513250350952148e+00
2.069818258285522461e+00,-5.199580788612365723e-01
3.554810762405395508e+00,-1.065284252166748047e+00
2.181910514831542969e+00,1.534407734870910645e+00
5.926573276519775391e-01,-1.505122661590576172e+00
5.121327400207519531e+00,-2.930259227752685547e+00
3.018760442733764648e+00,-2.463175058364868164e+00
1.641640901565551758e+00,-7.759464979171752930e-01
1.308593273162841797e+00,-2.684866428375244141e+00
1.126991152763366699e+00,-2.115197658538818359e+00
1.864790916442871094e+00,-3.678832054138183594e-01
6.620742678642272949e-01,-2.246258974075317383e+00
1.408500552177429199e+00,-1.105612635612487793e+00
9.175354003906250000e+00,-2.702945470809936523e+00
1.401547551155090332e+00,-2.237232446670532227e+00
1.158851385116577148e+00,-2.131054878234863281e+00
3.637930154800415039e-01,-2.256835937500000000e+00
9.310907721519470215e-01,-1.189158320426940918e+00
2.498712301254272461e+00,1.627880096435546875e+00
2.039951562881469727e+00,1.621983885765075684e+00
4.885568618774414062e-01,-2.451179742813110352e+00
8.967241048812866211e-01,-1.299507975578308105e+00
8.372513651847839355e-01,-1.380577683448791504e+00
9.163624048233032227e-01,-2.347234249114990234e+00
1.024689197540283203e+00,-1.215358138084411621e+00
1.405431270599365234e+00,-1.114413738250732422e+00
2.217287540435791016e+00,1.514696478843688965e+00
1.822729825973510742e+00,-2.413606405258178711e+00
9.895086288452148438e-01,-1.044098734855651855e+00
4.546171724796295166e-01,-2.039900541305541992e+00
1.768862009048461914e+00,-2.320833921432495117e+00
1.053495526313781738e+00,1.344447970390319824e+00
1.345446944236755371e+00,9.609340429306030273e-01
8.991335630416870117e-01,-2.059880971908569336e+00
2.170623064041137695e+00,-2.060486555099487305e+00
1.086408853530883789e+00,-1.496283054351806641e+00
1.555590510368347168e+00,-2.030484914779663086e+00
2.767241477966308594e+00,-1.939014315605163574e+00
2.221060991287231445e+00,1.566124081611633301e+00
3.362070083618164062e+00,-2.337091445922851562e+00
2.117286920547485352e+00,1.677898049354553223e+00
1.188709259033203125e+00,-8.253527879714965820e-01
8.649669885635375977e-01,-2.061436653137207031e+00
5.865880012512207031e+00,-2.330072879791259766e+00
8.879154920578002930e-01,-2.267519474029541016e+00
4.175821244716644287e-01,-2.243552446365356445e+00
6.292008161544799805e-01,-1.927603125572204590e+00
1.975614428520202637e+00,-1.065698504447937012e+00
7.491328120231628418e-01,-1.012870550155639648e+00
8.092306852340698242e-01,-1.340551972389221191e+00
9.241740703582763672e-01,-2.664227485656738281e+00
8.728200912475585938e+00,-2.859038114547729492e+00
4.227658271789550781e+00,-2.377273797988891602e+00
2.244608879089355469e+00,-4.740042984485626221e-01
2.023074150085449219e+00,-2.632766246795654297e+00
1.125467061996459961e+00,7.676692008972167969e-01
1.148924112319946289e+00,-2.074486017227172852e+00
6.020508408546447754e-01,-2.255415201187133789e+00
7.084184169769287109e+00,-2.783972740173339844e+00
3.449365139007568359e+00,-1.178738951683044434e+00
1.396017551422119141e+00,-2.253085613250732422e+00
1.264965534210205078e+00,-2.233905553817749023e+00
1.846579670906066895e+00,-1.194173812866210938e+00
8.115084171295166016e-01,-2.048996686935424805e+00
1.832740783691406250e+00,-8.909753561019897461e-01
1.014339685440063477e+00,1.889736294746398926e+00
2.029636383056640625e+00,1.565576195716857910e+00
1.091675853729248047e+01,-2.649511337280273438e+00
1.563257455825805664e+00,-2.342175960540771484e+00
6.982708454132080078e+00,-2.419616222381591797e+00
1.525432229042053223e+00,-3.361769318580627441e-01
7.467390894889831543e-01,-2.099450111389160156e+00
4.902807712554931641e+00,-9.534966945648193359e-02
5.903963565826416016e+00,-2.435635805130004883e+00
1.125785446166992188e+01,-2.727771043777465820e+00
2.242046356201171875e+00,1.592674851417541504e+00
2.265919685363769531e+00,-1.971082091331481934e+00
1.490514636039733887e+00,-1.196031928062438965e+00
1.854726076126098633e+00,-2.001868486404418945e+00
1.766862154006958008e+00,-2.393440485000610352e+00
3.177874803543090820e+00,-2.595017194747924805e+00
1.835178852081298828e+00,1.453324079513549805e+00
1.495355844497680664e+00,1.824034810066223145e+00
1.587175488471984863e+00,1.855466723442077637e+00
1.277708888053894043e+00,-2.384145021438598633e+00
1.360829353332519531e+00,-7.244178056716918945e-01
2.169166326522827148e+00,-1.143944859504699707e+00
1.796855330467224121e+00,7.962614297866821289e-03
1.957335114479064941e+00,1.599527239799499512e+00
2.554297208786010742e+00,-2.274929046630859375e+00
2.833845376968383789e+00,-1.449043512344360352e+00
9.757235646247863770e-01,-1.560356974601745605e+00
1.362645983695983887e+00,-2.442804574966430664e+00
1.245631814002990723e+00,-2.291953086853027344e+00
2.808192491531372070e+00,-1.945865631103515625e+00
2.548402786254882812e+00,-7.914818525314331055e-01
3.681032657623291016e+00,-2.693408250808715820e+00
2.184564113616943359e+00,1.471908211708068848e+00
2.171054124832153320e+00,1.747549891471862793e+00
1.483073830604553223e+00,1.370032787322998047e+00
1.011173725128173828e-01,-2.084218263626098633e+00
3.562710583209991455e-01,-1.998281598091125488e+00
1.461720228195190430e+00,-2.267472267150878906e+00
1.820042967796325684e+00,-1.283965229988098145e+00
2.814595699310302734e+00,-2.471184968948364258e+00
2.125152587890625000e+00,1.607278704643249512e+00
1.979106426239013672e+00,1.558068633079528809e+00
1.379245162010192871e+00,-1.017756938934326172e+00
1.390975594520568848e+00,-1.788292169570922852e+00
1.170820116996765137e+00,-1.846919298171997070e+00
1.398194432258605957e+00,8.381440639495849609e-01
1.133556246757507324e+00,-2.039355516433715820e+00
4.643583297729492188e+00,-1.820173621177673340e+00
7.105734348297119141e-01,-2.199046850204467773e+00
1.802703022956848145e+00,-2.508592367172241211e+00
7.756163477897644043e-01,-2.007990360260009766e+00
1.741295814514160156e+00,1.369847536087036133e+00
1.301206231117248535e+00,-2.150878906250000000e-01
1.263753533363342285e+00,-2.256487131118774414e+00
6.360427737236022949e-01,-2.171586036682128906e+00
8.461787700653076172e-01,-1.512549042701721191e+00
9.078306555747985840e-01,-1.077241539955139160e+00
1.309376120567321777e+00,-2.220196247100830078e+00
1.821905493736267090e+00,-2.360968112945556641e+00
1.499144792556762695e+00,1.931046366691589355e+00
2.154918193817138672e+00,-2.739600419998168945e+00
4.724294185638427734e+00,-2.185303449630737305e+00
4.201079607009887695e-01,1.643519759178161621e+00
7.040006518363952637e-01,-1.219484686851501465e+00
2.739375352859497070e+00,-3.418615460395812988e-01
3.141619682312011719e+00,-2.252398490905761719e+00
1.404564261436462402e+00,-1.227228522300720215e+00
1.382799625396728516e+00,-7.767581939697265625e-01
5.684675574302673340e-01,-2.242911338806152344e+00
1.933177232742309570e+00,1.616309046745300293e+00
1.271441578865051270e+00,1.018351435661315918e+00
1.016514182090759277e+00,-2.436857938766479492e+00
7.325084209442138672e-01,-2.039046049118041992e+00
1.020775198936462402e+00,-1.454481124877929688e+00
3.952853441238403320e+00,-2.303632259368896484e+00
1.571357011795043945e+00,-1.699084162712097168e+00
1.467678904533386230e+00,-2.163069009780883789e+00
2.442902565002441406e+00,-1.325678825378417969e+00
2.964471578598022461e+00,-1.361937761306762695e+00
2.006393671035766602e+00,1.401054978370666504e+00
8.025330901145935059e-01,-9.387685060501098633e-01
3.786972522735595703e+00,-2.091681241989135742e+00
3.193379402160644531e+00,-2.413145780563354492e+00
1.976030588150024414e+00,-9.084928035736083984e-01
1.890067219734191895e+00,1.184673786163330078e+00
1.268130183219909668e+00,-7.613923549652099609e-01
2.049364328384399414e+00,1.076455473899841309e+00
2.284722805023193359e+00,1.657844901084899902e+00
5.174489021301269531e+00,-2.650170087814331055e+00
5.759218931198120117e-01,-2.254280567169189453e+00
4.824210166931152344e+00,-2.877523899078369141e+00
1.260214805603027344e+00,-1.739365100860595703e+00
1.123121142387390137e+00,-1.877971529960632324e+00
6.398369073867797852e-01,-2.125911474227905273e+00
1.802003502845764160e+00,-2.742440462112426758e+00
1.709366202354431152e+00,1.613206505775451660e+00
2.419334411621093750e+00,1.644075393676757812e+00
7.804999828338623047e+00,-2.124601840972900391e+00
1.216015219688415527e+00,-2.245405197143554688e+00
1.771923780441284180e+00,-2.413712024688720703e+00
6.147188186645507812e+00,-2.484389066696166992e+00
2.065451383590698242e+00,1.542367815971374512e+00
1.264199376106262207e+00,-2.455469846725463867e+00
2.077980756759643555e+00,-2.309788018465042114e-01
1.884334921836853027e+00,1.515213012695312500e+00
1.154996514320373535e+00,-1.463367104530334473e+00
1.803105592727661133e+00,1.704634308815002441e+00
1.596219539642333984e+00,-2.409992694854736328e+00
1.681654214859008789e+00,-2.235163688659667969e+00
3.637930154800415039e-01,-2.256835937500000000e+00
4.442879259586334229e-01,-2.382644176483154297e+00
7.979668974876403809e-01,-1.319794535636901855e+00
2.287069082260131836e+00,1.795477271080017090e+00
2.127920627593994141e+00,-2.633037328720092773e+00
2.060800790786743164e+00,1.624168276786804199e+00
1.665790796279907227e+00,1.447503924369812012e+00
8.760935664176940918e-01,-1.112142086029052734e+00
1.202614545822143555e+00,-6.169945001602172852e-01
4.061410903930664062e+00,-2.401689052581787109e+00
1.819224357604980469e+00,-6.019736528396606445e-01
1.063968539237976074e+00,-1.147226572036743164e+00
1.305846214294433594e+00,-7.220392227172851562e-01
9.264214634895324707e-01,-1.250336289405822754e+00
1.556754469871520996e+00,-5.795009136199951172e-01
1.460023880004882812e+00,-2.239303588867187500e+00
1.826537847518920898e+00,-8.033379316329956055e-01
1.571482539176940918e+00,2.073756694793701172e+00
9.179998636245727539e-01,-2.239989995956420898e+00
4.971778690814971924e-01,-1.960052371025085449e+00
1.994053125381469727e+00,1.577704310417175293e+00
2.006650209426879883e+00,1.745352029800415039e+00
1.333606719970703125e+00,-2.322587490081787109e+00
1.855183601379394531e+00,1.586747527122497559e+00
1.504377365112304688e+00,1.839518666267395020e+00
1.901363611221313477e+00,-2.362715244293212891e+00
3.014674425125122070e+00,-1.316069006919860840e+00
1.469102859497070312e+00,-2.074806451797485352e+00
8.620830774307250977e-01,-1.228361845016479492e+00
1.079455018043518066e+00,1.882989287376403809e+00
2.209944009780883789e+00,1.736687302589416504e+00
1.376954436302185059e+00,-3.821872472763061523e-01
2.065981388092041016e+00,-2.067605972290039062e+00
2.084708690643310547e+00,1.574543595314025879e+00
2.329520702362060547e+00,1.818802952766418457e+00
1.948065996170043945e+00,1.533728718757629395e+00
1.184290981292724609e+01,-2.617760181427001953e+00
2.198876619338989258e+00,-2.166042089462280273e+00
4.119694709777832031e+00,-2.618820428848266602e+00
3.713018417358398438e+00,-2.275713682174682617e+00
4.701563835144042969e+00,-2.671947479248046875e+00
1.494549751281738281e+00,-1.347445964813232422e+00
1.586038351058959961e+00,-2.206207990646362305e+00
8.117253780364990234e-01,-1.772373914718627930e+00
1.283113837242126465e+00,7.205122709274291992e-01
1.119978547096252441e+00,2.271550655364990234e+00
2.265919685363769531e+00,-1.971082091331481934e+00
1.687939882278442383e+00,-2.232153654098510742e+00
1.061861705780029297e+01,-2.770781755447387695e+00
7.553879022598266602e-01,1.463819503784179688e+00
1.448329925537109375e+00,-2.075353622436523438e+00
6.000277400016784668e-01,-2.324591636657714844e+00
2.434154510498046875e+00,1.559638381004333496e+00
2.965614497661590576e-01,-2.316034793853759766e+00
1.458900094032287598e+00,-2.081727743148803711e+00
1.267254829406738281e+00,-7.835052013397216797e-01
1.333032920956611633e-02,-2.218883275985717773e+00
7.943851947784423828e-01,-1.147892594337463379e+00
1.823755145072937012e+00,-1.289044976234436035e+00
2.316559553146362305e+00,1.576159000396728516e+00
1.410727143287658691e+00,1.945197224617004395e+00
1.368905305862426758e+00,1.205529332160949707e+00
1.347218275070190430e+00,-2.061564683914184570e+00
8.713294863700866699e-01,-1.969157099723815918e+00
1.610566258430480957e+00,-1.373712301254272461e+00
1.317409396171569824e+00,-2.679137229919433594e+00
3.512714147567749023e+00,-1.089156985282897949e+00
2.133494853973388672e+00,-2.136268138885498047e+00
1.114568948745727539e+00,-2.276050806045532227e+00
1.823332786560058594e+00,1.528867363929748535e+00
9.444719552993774414e-01,-2.098127841949462891e+00
9.121963500976562500e+00,-2.573830842971801758e+00
1.301928520202636719e+00,-2.335170984268188477e+00
1.090910077095031738e+00,-2.184425115585327148e+00
1.911442399024963379e+00,-2.367919683456420898e+00
2.182047605514526367e+00,1.535453081130981445e+00
2.365644693374633789e+00,-2.452259302139282227e+00
1.398710608482360840e+00,-7.518951892852783203e-01
1.930738925933837891e+00,-1.103905320167541504e+00
9.193062782287597656e-01,-1.196621656417846680e+00
1.410727143287658691e+00,1.945197224617004395e+00
1.886505126953125000e+00,4.816428720951080322e-01
6.563768386840820312e-01,-2.244179487228393555e+00
1.621400237083435059e+00,-2.490315675735473633e+00
1.975211024284362793e+00,1.525386452674865723e+00
4.932382404804229736e-01,-2.261454343795776367e+00
8.093862533569335938e-01,-2.317133188247680664e+00
8.677325844764709473e-01,-2.062622070312500000e+00
1.685413241386413574e+00,1.729465842247009277e+00
2.382336139678955078e+00,-2.174861192703247070e+00
2.074938535690307617e+00,1.677970528602600098e+00
4.725074768066406250e+00,-2.114641666412353516e+00
2.162212371826171875e+00,1.465243697166442871e-01
1.562111973762512207e+00,-2.093229770660400391e+00
9.814309477806091309e-01,-1.881630420684814453e+00
8.611042499542236328e-01,-1.525507926940917969e+00
3.939597368240356445e+00,-7.872496843338012695e-01
1.314262151718139648e+00,9.582139253616333008e-01
1.320989489555358887e+00,-2.330060720443725586e+00
1.823240518569946289e+00,-2.024480104446411133e+00
3.339592218399047852e+00,-2.478965044021606445e+00
1.963243722915649414e+00,1.448200583457946777e+00
1.404467821121215820e+00,1.587337732315063477e+00
1.951339244842529297e+00,-2.619770526885986328e+00
1.125026941299438477e+00,1.277541279792785645e+00
1.763940691947937012e+00,-3.413631319999694824e-01
9.038283228874206543e-01,-1.787770509719848633e+00
7.267720699310302734e-01,-2.260355472564697266e+00
1.811689376831054688e+00,1.669781684875488281e+00
9.153645634651184082e-01,-1.163844823837280273e+00
1.433115959167480469e+00,7.320148944854736328e-01
4.902807712554931641e+00,-9.534966945648193359e-02
7.573140263557434082e-01,-1.771745324134826660e+00
1.901348233222961426e+00,1.853035926818847656e+00
1.259626507759094238e+00,-2.351484298706054688e+00
2.023285865783691406e+00,-1.568050146102905273e+00
1.252516388893127441e+00,-2.343675851821899414e+00
1.454797506332397461e+00,-9.017733335494995117e-01
1.291204333305358887e+00,-2.149283409118652344e+00
3.137750148773193359e+00,-2.155950307846069336e+00
1.751207113265991211e+00,8.740501403808593750e-01
2.563005447387695312e+00,1.728269219398498535e+00
1.352614641189575195e+00,1.544706940650939941e+00
1.386679410934448242e+00,-2.068036794662475586e+00
4.206710338592529297e+00,-2.330001115798950195e+00
1.687755465507507324e+00,-8.165314197540283203e-01
2.159825086593627930e+00,-1.607250094413757324e+00
2.573267698287963867e+00,-1.615468263626098633e+00
3.705451965332031250e+00,-9.079214334487915039e-01
9.148070216178894043e-01,-2.238400220870971680e+00
2.344201326370239258e+00,1.702150702476501465e+00
7.312150478363037109e+00,-2.752951622009277344e+00
2.341540098190307617e+00,1.614485383033752441e+00
2.283981084823608398e+00,-2.316054344177246094e+00
2.839826107025146484e+00,-4.842793643474578857e-01
2.134818077087402344e+00,-2.208409786224365234e+00
2.069017171859741211e+00,-2.409786462783813477e+00
9.213744401931762695e-01,-2.079674959182739258e+00
1.563427686691284180e+00,-2.361532688140869141e+00
1.299394369125366211e+00,-8.866838216781616211e-01
3.141563177108764648e+00,-2.186696529388427734e+00
2.554704666137695312e+00,-8.304427862167358398e-01
1.333032920956611633e-02,-2.218883275985717773e+00
5.353307127952575684e-01,-2.050716638565063477e+00
2.872384548187255859e+00,1.132338047027587891e+00
1.396181821823120117e+00,3.917719423770904541e-01
1.470683336257934570e+00,-2.276975154876708984e+00
3.014674425125122070e+00,-1.316069006919860840e+00
2.103514909744262695e+00,-3.335964977741241455e-01
8.998116850852966309e-01,-1.358636379241943359e+00
8.171330690383911133e-01,-1.133676767349243164e+00
8.279327750205993652e-01,-2.429700851440429688e+00
6.156675815582275391e-01,-1.301858544349670410e+00
3.948544025421142578e+00,-2.298070907592773438e+00
1.528034329414367676e+00,-1.584376543760299683e-01
1.302542328834533691e+00,-2.294306039810180664e+00
1.193082332611083984e+00,-6.846495866775512695e-01
9.065507888793945312e+00,-2.577307939529418945e+00
6.618505716323852539e-01,-2.331424474716186523e+00
1.854726076126098633e+00,-2.001868486404418945e+00
3.512714147567749023e+00,-1.089156985282897949e+00
2.218514680862426758e+00,1.576394319534301758e+00
4.462779998779296875e+00,5.727442502975463867e-01
2.308565616607666016e+00,2.305757999420166016e-02
2.700549125671386719e+00,-4.484789371490478516e-01
2.039951562881469727e+00,1.621983885765075684e+00
1.279026150703430176e+00,-2.458713769912719727e+00
1.131088018417358398e+00,-1.478266119956970215e+00
4.562911987304687500e-01,-2.431625366210937500e+00
9.683149456977844238e-01,-1.158535242080688477e+00
6.230769157409667969e-01,1.164642453193664551e+00
1.985119938850402832e+00,-1.213504552841186523e+00
1.975211024284362793e+00,1.525386452674865723e+00
1.911242306232452393e-01,-2.339151382446289062e+00
2.833186149597167969e+00,1.700356721878051758e+00
9.947497248649597168e-01,-1.229971408843994141e+00
2.107519626617431641e+00,1.648819923400878906e+00
1.528997898101806641e+00,-2.166596651077270508e+00
1.818562507629394531e+00,1.691962838172912598e+00
2.006371736526489258e+00,-2.482479095458984375e+00
1.428916096687316895e+00,-2.087050676345825195e+00
2.990374565124511719e+00,-2.251112699508666992e+00
1.238284945487976074e+00,-1.984114646911621094e+00
1.556690573692321777e+00,-1.174476027488708496e+00
8.931494355201721191e-01,-1.796379208564758301e+00
4.400067031383514404e-01,-1.913811326026916504e+00
5.664286613464355469e-01,-2.540391445159912109e+00
1.201611518859863281e+00,-1.144313931465148926e+00
3.953126430511474609e+00,-2.303048133850097656e+00
2.424691319465637207e-01,-2.377732753753662109e+00
1.687755465507507324e+00,-8.165314197540283203e-01
8.634817600250244141e-01,-2.149282217025756836e+00
1.713847875595092773e+00,-2.328999519348144531e+00
1.994597792625427246e+00,1.560004591941833496e+00
1.538653254508972168e+00,-2.170358896255493164e+00
1.464284658432006836e+00,-2.080681562423706055e+00
3.309662580490112305e+00,-1.161736607551574707e+00
1.829625844955444336e+00,-2.029751300811767578e+00
1.680597305297851562e+00,1.674283146858215332e+00
1.381196737289428711e+00,-1.353369355201721191e+00
1.389558672904968262e+00,-7.473253011703491211e-01
7.917230129241943359e-01,-9.630374908447265625e-01
1.189074039459228516e+00,-6.945838928222656250e-01
2.990374565124511719e+00,-2.251112699508666992e+00
1.974682331085205078e+00,1.293780684471130371e+00
2.079748630523681641e+00,-1.962954759597778320e+00
1.971226930618286133e+00,-2.776506423950195312e+00
3.203041791915893555e+00,-2.503818035125732422e+00
7.764388322830200195e-01,-2.262516260147094727e+00
1.980774998664855957e+00,-2.046262264251708984e+00
1.938085317611694336e+00,1.517670392990112305e+00
1.440811514854431152e+00,-2.285933017730712891e+00
2.069246053695678711e+00,1.616711258888244629e+00
2.217208862304687500e+00,1.667862296104431152e+00
1.641463637351989746e+00,1.047855377197265625e+00
2.127920627593994141e+00,-2.633037328720092773e+00
1.023736000061035156e+00,9.467898607254028320e-01
1.295851588249206543e+00,9.400404691696166992e-01
1.202614545822143555e+00,-6.169945001602172852e-01
9.665549397468566895e-01,-1.133618235588073730e+00
2.149918079376220703e+00,-5.828915238380432129e-01
8.724437355995178223e-01,-2.122471809387207031e+00
4.876254558563232422e+00,-2.506428003311157227e+00
