8.397753238677978516e-01,6.995981335639953613e-01
7.819159030914306641e-01,8.933541774749755859e-01
-4.895522817969322205e-02,-1.144786238670349121e+00
3.440591320395469666e-02,-1.431997418403625488e+00
5.659103989601135254e-01,-3.487743735313415527e-01
-2.133824229240417480e-01,-1.279109001159667969e+00
-6.863205432891845703e-01,8.678353428840637207e-01
-9.056993126869201660e-01,8.512704819440841675e-02
9.465741515159606934e-01,-1.091734051704406738e+00
1.137243270874023438e+00,-7.923478484153747559e-01
-2.488060891628265381e-01,-1.198981881141662598e+00
1.450393557548522949e+00,1.272352814674377441e+00
-9.004916250705718994e-02,-2.513447701930999756e-01
4.618985652923583984e-01,3.247073590755462646e-01
-2.769520506262779236e-02,-1.135578989982604980e+00
-7.283266186714172363e-01,-2.730739116668701172e-01
-6.259192526340484619e-02,-1.316937446594238281e+00
2.732473611831665039e-02,-1.828719079494476318e-01
2.735666930675506592e-01,2.554374337196350098e-01
-7.711361050605773926e-01,1.374770164489746094e+00
6.449902057647705078e-02,-1.105051562190055847e-01
1.076739430427551270e+00,9.139946103096008301e-01
-3.588295876979827881e-01,1.712102293968200684e-01
1.054415345191955566e+00,-1.155486226081848145e+00
6.468935608863830566e-01,1.815395832061767578e+00
-3.290476560592651367e+00,1.807520031929016113e+00
1.174597382545471191e+00,2.902944386005401611e-01
-2.150254845619201660e-01,-1.155477881431579590e+00
-5.409908294677734375e-01,-1.077446714043617249e-01
3.596262335777282715e-01,7.721686363220214844e-02
3.225677013397216797e-01,4.352410733699798584e-01
-4.469810426235198975e-01,-3.047456502914428711e+00
-4.030922651290893555e-01,3.672368228435516357e-01
-2.936887443065643311e-01,-1.399938702583312988e+00
5.098683834075927734e-01,1.745000958442687988e+00
-8.824567496776580811e-02,-2.075661659240722656e+00
5.667112469673156738e-01,-8.889361470937728882e-02
6.193800270557403564e-02,2.747084200382232666e-02
1.708676576614379883e+00,1.943262219429016113e-01
3.398725986480712891e-01,9.147153049707412720e-02
1.205083608627319336e+00,1.772317290306091309e-01
2.529448270797729492e-02,-1.260801672935485840e+00
-9.526471495628356934e-01,8.163936734199523926e-01
2.000729084014892578e+00,1.655434966087341309e-01
-3.423387408256530762e-01,2.320139706134796143e-01
1.671356439590454102e+00,4.203916072845458984e+00
4.216623008251190186e-01,6.212418526411056519e-02
-7.572561502456665039e-01,1.620250821113586426e+00
1.770299911499023438e+00,-8.547494411468505859e-01
-3.035563528537750244e-01,1.325620293617248535e+00
3.743886053562164307e-01,4.113810062408447266e-01
-2.582193315029144287e-01,1.078717634081840515e-01
6.667734980583190918e-01,3.247932791709899902e-01
-2.143939435482025146e-01,-2.535267829895019531e+00
1.019156813621520996e+00,1.716131687164306641e+00
1.228290438652038574e+00,5.961504578590393066e-02
7.029015421867370605e-01,4.117969274520874023e-01
7.248765230178833008e-01,5.341228246688842773e-01
9.548895061016082764e-03,-4.620732069015502930e-01
8.957824707031250000e-01,8.525187969207763672e-01
-7.059305906295776367e-01,-2.829650938510894775e-01
-2.630363702774047852e-01,6.287609338760375977e-01
1.564622223377227783e-01,-1.015576839447021484e+00
-4.813252389430999756e-01,-1.192299365997314453e+00
4.850144386291503906e-01,-1.456383109092712402e+00
-1.631794571876525879e+00,2.081615209579467773e+00
-4.306421577930450439e-01,-1.116365909576416016e+00
-4.937462806701660156e-01,1.630721569061279297e+00
1.652446508407592773e+00,2.843901872634887695e+00
2.640843689441680908e-01,2.249667346477508545e-01
1.177720665931701660e+00,3.895645141601562500e-01
5.955238938331604004e-01,3.599169552326202393e-01
6.659678816795349121e-01,4.745748043060302734e-01
1.054910942912101746e-01,-1.310230016708374023e+00
1.205083608627319336e+00,1.772317290306091309e-01
2.447756528854370117e+00,1.495250165462493896e-01
1.691274940967559814e-01,4.744985699653625488e-01
-1.743992567062377930e-01,-1.254310131072998047e+00
-5.117607116699218750e-01,-4.384950101375579834e-01
6.527026295661926270e-01,9.878196120262145996e-01
-3.297318518161773682e-02,-2.350508868694305420e-01
2.606035232543945312e+00,1.327394247055053711e+00
-2.061541378498077393e-02,-2.100460767745971680e+00
1.495561957359313965e+00,3.790049254894256592e-01
-5.261728763580322266e-01,1.001921892166137695e+00
-3.948122859001159668e-01,-1.097034335136413574e+00
-5.648366808891296387e-01,1.047632619738578796e-01
1.599327027797698975e-01,-4.477326571941375732e-01
-7.552085518836975098e-01,-1.297581672668457031e+00
-3.628790676593780518e-01,-1.171518802642822266e+00
3.761516511440277100e-01,2.106108903884887695e+00
5.388546735048294067e-03,3.777120411396026611e-01
-3.806455433368682861e-01,7.152668237686157227e-01
4.628301262855529785e-01,7.001035809516906738e-01
-2.210315465927124023e-01,9.009174257516860962e-02
-2.651300430297851562e+00,4.186281681060791016e+00
-5.881567001342773438e-01,1.009483337402343750e+00
1.331787109375000000e+00,3.545085489749908447e-01
1.835100054740905762e+00,2.292456924915313721e-01
-8.124046921730041504e-01,1.685074567794799805e+00
-1.179091334342956543e-01,-5.675631165504455566e-01
1.317162871360778809e+00,3.542318940162658691e-01
-1.476155638694763184e+00,3.025687694549560547e+00
1.533260941505432129e+00,6.357213258743286133e-01
2.026037871837615967e-01,-9.474714398384094238e-01
-8.614080399274826050e-02,-1.084735631942749023e+00
5.758466720581054688e-01,6.512520313262939453e-01
1.086892724037170410e+00,-4.201520383358001709e-01
3.728172779083251953e-01,2.320979535579681396e-01
-8.706678152084350586e-01,-3.736869096755981445e-01
-2.020117521286010742e+00,2.830943822860717773e+00
-4.583303928375244141e-01,-1.396938860416412354e-01
-1.995021700859069824e-01,7.306773066520690918e-01
2.047077894210815430e+00,2.615415304899215698e-02
-4.621312320232391357e-01,2.705153822898864746e-01
-6.308767944574356079e-03,1.357308864593505859e+00
8.268050104379653931e-02,-2.630349695682525635e-01
9.483742713928222656e-01,1.200244307518005371e+00
1.071015372872352600e-01,-2.575189173221588135e-01
8.226752281188964844e-03,1.737196803092956543e+00
8.573637604713439941e-01,-5.869336128234863281e-01
-3.042649269104003906e+00,-6.082357764244079590e-01
-4.005592465400695801e-01,-1.323650836944580078e+00
1.999627947807312012e+00,4.981724619865417480e-01
-2.050104737281799316e-01,-2.593058049678802490e-01
1.119321107864379883e+00,1.133505105972290039e+00
-5.119179487228393555e-01,-2.694748938083648682e-01
4.847294330596923828e+00,-1.266295790672302246e+00
-9.506574869155883789e-01,-9.280860424041748047e-03
-2.050187587738037109e-01,-3.016942739486694336e-01
1.805749297142028809e+00,5.857461094856262207e-01
-5.618878602981567383e-01,-1.348290562629699707e+00
3.303958177566528320e-01,1.508858323097229004e+00
7.810852527618408203e-01,-1.799452662467956543e+00
-3.563364446163177490e-01,1.859818398952484131e-01
-6.955580711364746094e-01,3.399018049240112305e+00
4.268115460872650146e-01,-1.136290192604064941e+00
-4.088830947875976562e-01,-3.411796092987060547e-01
2.223688840866088867e+00,5.797154307365417480e-01
-1.982602775096893311e-01,-2.803302764892578125e+00
-8.270609378814697266e-02,-1.259956836700439453e+00
-5.261728763580322266e-01,1.001921892166137695e+00
-1.745195031166076660e+00,-4.121057987213134766e-01
-1.806306540966033936e-01,-6.729761958122253418e-01
-3.161639451980590820e+00,3.333102464675903320e+00
2.529448270797729492e-02,-1.260801672935485840e+00
4.054244160652160645e-01,-1.419083237648010254e+00
-2.488060891628265381e-01,-1.198981881141662598e+00
-3.228370100259780884e-02,-1.160343170166015625e+00
8.689773678779602051e-01,6.062000393867492676e-01
1.324421286582946777e+00,3.149681389331817627e-01
-2.051204442977905273e-01,-7.597020268440246582e-01
-4.856461286544799805e-01,8.995451778173446655e-02
3.749860823154449463e-01,-1.587800383567810059e-01
-1.949463784694671631e-01,-1.120167016983032227e+00
2.778683230280876160e-02,-1.179998755455017090e+00
5.702306628227233887e-01,1.397811889648437500e+00
-7.691055536270141602e-03,-2.127054929733276367e+00
-9.160267710685729980e-01,1.610320329666137695e+00
1.598158955574035645e+00,1.935068964958190918e+00
7.680098414421081543e-01,2.968652486801147461e+00
-4.421172738075256348e-01,-2.442911453545093536e-02
1.647416591644287109e+00,5.906468629837036133e-01
-2.536361217498779297e-01,-6.201441884040832520e-01
7.174184322357177734e-01,-9.543555974960327148e-01
-3.819299340248107910e-01,1.038735285401344299e-01
3.622780442237854004e-01,2.536039948463439941e-01
-4.657322466373443604e-01,-1.146902084350585938e+00
9.918112754821777344e-01,1.396471977233886719e+00
-1.396797299385070801e+00,1.342767477035522461e+00
1.288568079471588135e-01,-1.014791727066040039e+00
2.522483468055725098e-01,1.305171608924865723e+00
2.676831245422363281e+00,2.672293424606323242e+00
3.473373055458068848e-01,1.105291366577148438e+00
7.621531188488006592e-02,-1.095278859138488770e+00
2.711923122406005859e+00,6.151512861251831055e-01
-8.754824399948120117e-01,7.613696455955505371e-01
1.895546317100524902e+00,8.166326880455017090e-01
1.054910942912101746e-01,-1.310230016708374023e+00
-1.364432215690612793e+00,5.942023545503616333e-02
-1.916227042675018311e-01,-4.111118018627166748e-01
-4.456875324249267578e-01,-1.210603594779968262e+00
-3.174932673573493958e-02,-3.237789869308471680e-02
6.796364188194274902e-01,6.595223546028137207e-01
-7.296358942985534668e-01,-1.304631114006042480e+00
7.545415759086608887e-01,-2.333613157272338867e+00
1.017659306526184082e+00,-4.680267274379730225e-01
3.600570857524871826e-01,-2.029873132705688477e+00
-4.131834506988525391e-01,-9.490883946418762207e-01
-7.650584578514099121e-01,-1.280209183692932129e+00
2.053367495536804199e-01,-1.107261419296264648e+00
1.001949667930603027e+00,-6.004932522773742676e-01
2.191929891705513000e-02,-2.672169357538223267e-02
4.276420176029205322e-02,1.012713789939880371e+00
4.276420176029205322e-02,1.012713789939880371e+00
-1.138649433851242065e-01,-2.120095014572143555e+00
1.141821742057800293e+00,4.358778297901153564e-01
1.130042314529418945e+00,9.575480818748474121e-01
6.903079152107238770e-01,-9.567042589187622070e-01
1.284429192543029785e+00,-1.790580451488494873e-01
-4.692312180995941162e-01,1.253307938575744629e+00
-6.907556653022766113e-01,1.738232374191284180e-01
-2.087204158306121826e-01,-1.215963959693908691e+00
-1.379791736602783203e+00,2.315073728561401367e+00
-5.625609755516052246e-01,-1.030870750546455383e-01
4.164609313011169434e-01,1.180822491645812988e+00
-2.704045474529266357e-01,-1.087740540504455566e+00
1.447988986968994141e+00,-3.112623989582061768e-01
-2.307107448577880859e-01,-3.049239635467529297e+00
-7.249912619590759277e-01,-8.662765026092529297e-01
-4.041450023651123047e-01,-5.674077272415161133e-01
-6.253046393394470215e-01,-4.379728138446807861e-01
7.657189369201660156e-01,6.848566532135009766e-01
-2.777667045593261719e-01,3.250516355037689209e-01
3.121851384639739990e-01,-8.418884873390197754e-01
1.674887239933013916e-01,1.382355451583862305e+00
8.708424121141433716e-02,-5.082848668098449707e-01
1.084454581141471863e-01,1.194042205810546875e+00
-2.083713114261627197e-01,6.278613805770874023e-01
1.286932826042175293e+00,4.270155727863311768e-01
1.578499913215637207e+00,-1.240510791540145874e-01
-3.443457484245300293e-01,-8.061195909976959229e-02
4.034593701362609863e-03,-6.114057302474975586e-01
-1.284048259258270264e-01,1.192628145217895508e+00
-9.644303321838378906e-01,1.477067112922668457e+00
9.551624655723571777e-01,-7.680518180131912231e-02
6.206867843866348267e-02,-9.882882833480834961e-01
-3.391002416610717773e+00,9.624262452125549316e-01
-2.402236759662628174e-01,-4.393845200538635254e-01
-1.014650613069534302e-01,-2.142799496650695801e-01
-2.772496044635772705e-01,-6.843072772026062012e-01
1.278665184974670410e+00,3.835534155368804932e-01
-3.239864706993103027e-01,-2.735952436923980713e-01
1.757942736148834229e-01,-1.258136391639709473e+00
-5.653844475746154785e-01,8.958276361227035522e-02
1.405097246170043945e-01,-1.838578879833221436e-01
5.131240189075469971e-02,-8.103145658969879150e-02
6.707541942596435547e-01,5.464106798171997070e-01
-6.412882804870605469e-01,-1.072231411933898926e+00
-4.958184063434600830e-01,-3.417843878269195557e-01
-1.042393088340759277e+00,-3.505406975746154785e-01
-5.194385051727294922e-01,-1.227310776710510254e+00
-3.595769107341766357e-01,-7.843711972236633301e-01
1.084559440612792969e+00,1.607858538627624512e-01
6.547169685363769531e-01,-1.492979764938354492e+00
-2.150480747222900391e+00,-2.130641341209411621e-01
-3.589808940887451172e-01,-1.176030635833740234e+00
4.891651272773742676e-01,-2.069592177867889404e-01
4.993381351232528687e-02,-2.230804681777954102e+00
1.632684707641601562e+00,-1.489247083663940430e-01
-4.467058181762695312e-01,-9.685606360435485840e-01
-4.762931466102600098e-01,-1.226531028747558594e+00
-4.131834506988525391e-01,-9.490883946418762207e-01
1.349715232849121094e+00,-7.513512372970581055e-01
1.626611351966857910e+00,-1.477518975734710693e-01
-2.214479446411132812e-01,-1.145601153373718262e+00
8.397995829582214355e-01,-2.638414382934570312e+00
-4.945532679557800293e-01,-3.789664506912231445e-01
-2.909351885318756104e-01,-1.278745293617248535e+00
-7.887339591979980469e-02,1.360089182853698730e+00
-2.712548971176147461e-01,1.995854675769805908e-01
-1.056736893951892853e-02,-1.177428483963012695e+00
3.522362709045410156e-01,4.279094040393829346e-01
-2.336722016334533691e-01,-1.255365371704101562e+00
-5.306413173675537109e-01,2.433347225189208984e+00
-1.105565130710601807e-01,-5.641498565673828125e-01
1.510909199714660645e+00,-5.791131854057312012e-01
-2.590711414813995361e-01,-1.128637075424194336e+00
3.075055480003356934e-01,3.772263228893280029e-01
7.329367399215698242e-01,3.246999382972717285e-01
1.743721961975097656e+00,1.363202691078186035e+00
1.769952774047851562e+00,-5.957801938056945801e-01
3.070176839828491211e+00,6.758480072021484375e-01
-2.653797566890716553e-01,-1.087023019790649414e+00
-4.341854453086853027e-01,7.416238188743591309e-01
3.251030445098876953e-01,1.781227588653564453e-01
3.433844804763793945e+00,1.950450897216796875e+00
2.602909505367279053e-01,8.271086961030960083e-02
-7.416650652885437012e-01,-1.368262529373168945e+00
-3.004201650619506836e-01,-7.002632617950439453e-01
8.190307021141052246e-01,-1.546282172203063965e-01
-5.344054698944091797e-01,-1.298511624336242676e+00
1.253789544105529785e+00,-7.206406593322753906e-01
1.201271295547485352e+00,8.057825267314910889e-02
8.736378550529479980e-01,3.934696018695831299e-01
1.205777004361152649e-02,2.220680713653564453e-01
-2.134895324707031250e-02,-2.215116024017333984e-01
2.095040380954742432e-01,4.599931836128234863e-01
-5.291144251823425293e-01,-2.595441341400146484e+00
-5.594547986984252930e-01,-8.009840250015258789e-01
1.104737401008605957e+00,1.194477319717407227e+00
-2.490600645542144775e-01,8.304317593574523926e-01
-2.430072128772735596e-01,1.146082401275634766e+00
6.319288015365600586e-01,2.724272966384887695e+00
-1.071536615490913391e-01,-1.192969441413879395e+00
6.801108121871948242e-01,-1.130188107490539551e+00
8.353925943374633789e-01,7.068138718605041504e-01
-7.946922183036804199e-01,-5.015401840209960938e-01
1.322314739227294922e+00,1.008229017257690430e+00
7.912977337837219238e-01,-1.279455423355102539e+00
1.626510977745056152e+00,4.387554824352264404e-01
-4.567536413669586182e-01,1.836985349655151367e-02
1.410582065582275391e+00,5.721960663795471191e-01
-2.193121612071990967e-01,-8.613491654396057129e-01
1.031153440475463867e+00,1.145048066973686218e-01
-4.859209060668945312e-01,-1.203396558761596680e+00
7.377489209175109863e-01,1.344076633453369141e+00
1.303092837333679199e-01,-1.932989358901977539e-01
-3.367225080728530884e-02,-1.117904782295227051e+00
1.027284637093544006e-01,-5.678837895393371582e-01
6.560434103012084961e-01,-1.101833730936050415e-01
3.374357149004936218e-02,-1.188634037971496582e+00
2.905532345175743103e-02,-1.250642180442810059e+00
2.455523312091827393e-01,3.561085224151611328e+00
-8.629201352596282959e-02,-1.204470992088317871e+00
-2.227662801742553711e+00,1.325812935829162598e+00
1.355446219444274902e+00,7.993698865175247192e-02
7.478270530700683594e-01,-7.939492464065551758e-01
4.318666458129882812e-01,1.949207186698913574e-01
-8.098914027214050293e-01,1.637122035026550293e+00
4.755262732505798340e-01,1.686187982559204102e-01
-7.618918418884277344e-01,1.519110679626464844e+00
-3.655137419700622559e-01,-7.012588381767272949e-01
1.860438585281372070e+00,-1.184178113937377930e+00
1.016569614410400391e+00,-2.208225131034851074e-01
7.375822067260742188e-01,2.944514751434326172e-01
3.831304311752319336e-01,-1.416251063346862793e+00
-7.578595280647277832e-01,1.374355792999267578e+00
-1.424085497856140137e-01,-1.185227930545806885e-02
-6.404122114181518555e-01,6.862366199493408203e-01
-7.009980082511901855e-01,5.169204473495483398e-01
-1.028564810752868652e+00,-4.999453723430633545e-01
-5.092077851295471191e-01,-2.678245544433593750e+00
-4.030922651290893555e-01,3.672368228435516357e-01
-7.426642775535583496e-01,9.000474959611892700e-02
7.083546519279479980e-01,8.140601515769958496e-01
-9.347691535949707031e-01,1.559454560279846191e+00
-3.206716477870941162e-01,-1.185178756713867188e+00
8.945665955543518066e-01,-9.494160413742065430e-01
2.239416241645812988e-01,-7.584598064422607422e-01
-3.839646816253662109e+00,2.768147230148315430e+00
-7.110126614570617676e-01,-1.374398946762084961e+00
-1.354202926158905029e-01,-1.876344382762908936e-01
-2.457309067249298096e-01,-1.151610970497131348e+00
-4.070187360048294067e-02,-1.094526529312133789e+00
2.210345745086669922e+00,-6.470261216163635254e-01
5.479846149682998657e-02,-1.143443584442138672e+00
-2.325136423110961914e+00,-9.489748477935791016e-01
1.049216508865356445e+00,8.312033861875534058e-02
5.898318886756896973e-01,-2.508555650711059570e+00
1.752496957778930664e-01,1.575942516326904297e+00
-2.843492329120635986e-01,-4.727914631366729736e-01
4.388987421989440918e-01,-1.460826277732849121e+00
2.831323742866516113e-01,4.876065850257873535e-01
-7.162495851516723633e-01,-9.676665663719177246e-01
-1.211600303649902344e+00,2.133892536163330078e+00
7.436298131942749023e-01,2.002907514572143555e+00
-9.422838687896728516e-03,-1.817232072353363037e-01
6.483913064002990723e-01,-1.801354587078094482e-01
2.132466554641723633e+00,-1.118758320808410645e+00
1.783846974372863770e+00,2.136652171611785889e-01
3.433844804763793945e+00,1.950450897216796875e+00
4.428992569446563721e-01,-4.360170364379882812e-01
-9.265235662460327148e-01,-5.937647819519042969e-01
8.210368156433105469e-01,4.988321065902709961e-01
-1.370612718164920807e-02,1.432853102684020996e+00
-2.241768836975097656e-01,-1.267729878425598145e+00
1.036629080772399902e+00,4.809220135211944580e-02
-1.664084792137145996e-01,-5.511499047279357910e-01
-3.917654156684875488e-01,-5.679287314414978027e-01
-2.389765024185180664e+00,4.970082640647888184e-01
3.260298073291778564e-01,9.749497771263122559e-01
-1.354202926158905029e-01,-1.876344382762908936e-01
7.805424928665161133e-01,4.674392342567443848e-01
-1.251891493797302246e+00,1.027463436126708984e+00
-1.629086732864379883e+00,1.339324951171875000e+00
-4.376979172229766846e-01,-1.179527401924133301e+00
7.634009122848510742e-01,8.649643659591674805e-01
-4.439001381397247314e-01,-5.667769908905029297e-01
-4.512988328933715820e-01,-3.667054474353790283e-01
-8.522097468376159668e-01,1.096303820610046387e+00
-4.515011310577392578e-01,-1.106743931770324707e+00
3.504841923713684082e-01,-3.309701919555664062e+00
-1.956318616867065430e-01,-1.171889185905456543e+00
4.850144386291503906e-01,-1.456383109092712402e+00
-5.654936283826828003e-02,-2.704141736030578613e-01
-6.851120591163635254e-01,-1.290716171264648438e+00
1.502097249031066895e-01,-1.349738121032714844e+00
4.945260882377624512e-01,1.028284430503845215e+00
1.938413977622985840e+00,6.032379269599914551e-01
9.338616728782653809e-01,1.204832077026367188e+00
2.832928657531738281e+00,2.169375658035278320e+00
1.771273016929626465e-01,1.422902345657348633e+00
8.203119039535522461e-01,-1.123708844184875488e+00
1.927053034305572510e-01,-1.574035644531250000e+00
1.733827590942382812e-01,4.048015177249908447e-01
4.201968759298324585e-02,-2.625807225704193115e-01
-9.342135190963745117e-01,9.799033999443054199e-01
-8.517820388078689575e-03,-2.059431374073028564e-01
5.566190481185913086e-01,1.074589416384696960e-01
7.844019681215286255e-03,-1.236261129379272461e+00
-3.275418877601623535e-01,-2.905921638011932373e-01
-2.544059455394744873e-01,-1.148412227630615234e+00
-2.226941347122192383e+00,-5.563559532165527344e-01
8.697852492332458496e-01,1.730091571807861328e+00
-1.949463784694671631e-01,-1.120167016983032227e+00
2.488513290882110596e-02,-9.990438818931579590e-01
-5.113689303398132324e-01,2.099662423133850098e-01
5.367866903543472290e-02,1.394584178924560547e+00
-1.492077112197875977e-02,-1.738134503364562988e+00
7.395877838134765625e-01,9.008764028549194336e-01
-1.071536615490913391e-01,-1.192969441413879395e+00
-2.651300430297851562e+00,4.186281681060791016e+00
3.860761970281600952e-02,-1.113940596580505371e+00
2.843221664428710938e+00,2.493710815906524658e-01
-1.011950373649597168e+00,-5.364200472831726074e-02
6.393016576766967773e-01,3.282392323017120361e-01
-7.655725479125976562e-01,8.234236836433410645e-01
-1.406252533197402954e-01,-1.205595731735229492e+00
-7.169386148452758789e-01,-5.942140817642211914e-01
-3.321691155433654785e-01,-1.194439530372619629e+00
2.597099065780639648e+00,1.887582421302795410e+00
-1.613124310970306396e-01,-3.460267186164855957e-02
-2.259758472442626953e+00,-1.789094507694244385e-01
2.034823417663574219e+00,2.218688428401947021e-01
3.723453730344772339e-02,-1.917859911918640137e+00
2.925103008747100830e-01,-8.763636946678161621e-01
1.953567743301391602e+00,-2.080043554306030273e+00
-3.674302995204925537e-01,-3.894196450710296631e-01
2.202835798263549805e+00,-1.696061491966247559e+00
-5.261114984750747681e-02,-2.093694448471069336e+00
-3.585726618766784668e-01,8.064009547233581543e-01
9.489957094192504883e-01,1.036142230033874512e+00
-8.305718749761581421e-02,-1.228528022766113281e+00
1.339644908905029297e+00,-5.795830488204956055e-01
1.195467472076416016e+00,2.093404531478881836e-01
6.311902403831481934e-01,2.191061735153198242e+00
8.574724793434143066e-01,1.448907852172851562e-01
-4.166279733180999756e-01,-1.156031966209411621e+00
-1.382544785737991333e-01,-1.484498977661132812e+00
-2.255387306213378906e-01,-3.062497615814208984e+00
-1.803094148635864258e-02,3.282432794570922852e+00
1.171366050839424133e-01,-1.476323127746582031e+00
-8.371270298957824707e-01,7.829349637031555176e-01
7.037576436996459961e-01,1.654932141304016113e+00
1.480538725852966309e+00,9.571519494056701660e-01
-3.258899450302124023e-01,-1.168725252151489258e+00
1.689417064189910889e-01,-9.721631407737731934e-01
-5.336469411849975586e-01,-2.686304807662963867e+00
-2.519093751907348633e-01,-6.725465655326843262e-01
8.162367343902587891e-01,-5.920599699020385742e-01
4.232236146926879883e-01,4.014976620674133301e-01
6.689499020576477051e-01,-1.347986936569213867e+00
-1.664084792137145996e-01,-5.511499047279357910e-01
-3.961744010448455811e-01,-1.165219664573669434e+00
-7.961787581443786621e-01,-1.418281912803649902e+00
8.471980690956115723e-02,1.517411470413208008e-01
-1.286948919296264648e-01,-1.301515460014343262e+00
2.875612676143646240e-02,2.072668552398681641e+00
-9.013105183839797974e-02,-7.645526528358459473e-01
1.209607243537902832e+00,5.969402194023132324e-01
-1.302395313978195190e-01,-1.210765838623046875e+00
1.527617692947387695e+00,1.042627215385437012e+00
-6.149973720312118530e-02,-3.017861843109130859e-01
-4.838457703590393066e-01,-3.585542738437652588e-01
1.765267550945281982e-01,-2.084763050079345703e+00
-2.293903827667236328e-01,-1.235296487808227539e+00
4.931908845901489258e-01,-1.320868968963623047e+00
1.164226293563842773e+00,1.503470540046691895e-01
4.934785366058349609e-01,-3.744212865829467773e+00
6.726261973381042480e-01,1.825239896774291992e+00
-5.135570764541625977e-01,-2.610444307327270508e+00
-4.970822036266326904e-01,-1.013269424438476562e+00
1.423951864242553711e+00,7.698104381561279297e-01
3.882038593292236328e-02,-1.289977908134460449e+00
-1.084640264511108398e+00,1.180599451065063477e+00
-8.410385251045227051e-01,1.149043917655944824e+00
-5.003902316093444824e-01,-1.206522703170776367e+00
-1.113130569458007812e+00,6.946398615837097168e-01
-3.100291490554809570e-01,-3.575605452060699463e-01
-4.685311913490295410e-01,-6.329537630081176758e-01
6.341523528099060059e-01,2.237108230590820312e+00
-1.386703848838806152e-01,-1.043662786483764648e+00
-1.489134728908538818e-01,-8.843459188938140869e-03
1.835100054740905762e+00,2.292456924915313721e-01
-6.043122708797454834e-02,-2.261824607849121094e-01
4.416469633579254150e-01,-9.252350777387619019e-03
-9.646132588386535645e-01,8.027418851852416992e-01
-8.153057694435119629e-01,8.114019632339477539e-01
5.368373990058898926e-01,-1.406226754188537598e+00
1.383655548095703125e+00,6.474332809448242188e-01
-9.171574562788009644e-02,-2.295790433883666992e+00
8.930283188819885254e-01,-1.023632884025573730e+00
-8.658825159072875977e-01,2.622678518295288086e+00
4.586329460144042969e-01,-5.940173268318176270e-01
-7.714495062828063965e-01,-1.435384869575500488e+00
6.908417940139770508e-01,-3.645538911223411560e-02
-4.075823426246643066e-01,6.883373856544494629e-01
-6.043122708797454834e-02,-2.261824607849121094e-01
1.577599644660949707e-01,-2.304230213165283203e+00
1.300411224365234375e-01,-1.152722001075744629e+00
1.529118180274963379e+00,2.022803127765655518e-01
2.514815628528594971e-01,2.383363962173461914e+00
2.154995203018188477e+00,3.000137209892272949e-02
2.385975420475006104e-01,-2.021890401840209961e+00
-7.957820594310760498e-02,-3.568594932556152344e+00
-4.163827896118164062e-01,-3.089274644851684570e+00
-4.621898829936981201e-01,-3.585233092308044434e-01
5.881648063659667969e-01,6.165191531181335449e-01
5.229950547218322754e-01,-1.993128955364227295e-01
-2.582193315029144287e-01,1.078717634081840515e-01
-3.629592657089233398e-01,-6.321104764938354492e-01
-4.504866600036621094e-01,1.696087792515754700e-02
-2.403986454010009766e+00,-5.612129569053649902e-01
1.234603151679039001e-01,-1.444227457046508789e+00
-2.307972908020019531e-01,-1.204003453254699707e+00
-6.713142395019531250e-01,5.292353034019470215e-02
-1.293039321899414062e-01,-1.166664361953735352e+00
6.410708427429199219e-01,2.635997235774993896e-01
-5.530750378966331482e-02,-1.073587179183959961e+00
-2.455123186111450195e+00,-1.710849404335021973e-01
-3.348761796951293945e-02,-2.223430156707763672e+00
-3.785316348075866699e-01,-8.710844516754150391e-01
-8.706678152084350586e-01,-3.736869096755981445e-01
-1.198177337646484375e+00,1.341456413269042969e+00
6.775967478752136230e-01,6.110585927963256836e-01
8.926111459732055664e-02,6.053692102432250977e-01
5.115574598312377930e-01,-1.594237923622131348e+00
1.409844160079956055e-01,-9.848808646202087402e-01
-3.910590112209320068e-01,-4.844447970390319824e-01
-1.950296759605407715e-01,3.191901147365570068e-01
1.419634222984313965e+00,4.848048090934753418e-01
-9.489823132753372192e-02,-3.745796084403991699e-01
1.181230545043945312e+00,1.385754942893981934e+00
-5.261114984750747681e-02,-2.093694448471069336e+00
-6.433236002922058105e-01,-1.055106759071350098e+00
7.232674360275268555e-01,7.867444157600402832e-01
-2.373116612434387207e-01,-7.144985198974609375e-01
-7.778595387935638428e-02,-1.141657948493957520e+00
6.543330848217010498e-03,-1.253722310066223145e+00
4.433363914489746094e+00,-2.347870588302612305e+00
1.407220840454101562e+00,3.804725408554077148e-01
-4.317477345466613770e-01,6.708357334136962891e-01
-4.917340874671936035e-01,-7.377079725265502930e-01
-5.419439673423767090e-01,5.742399096488952637e-01
1.307211160659790039e+00,8.623662590980529785e-01
8.736378550529479980e-01,3.934696018695831299e-01
-2.401465475559234619e-01,-1.155753493309020996e+00
-3.187038302421569824e-01,-4.533545970916748047e-01
-8.817599415779113770e-01,4.291985630989074707e-01
3.319379091262817383e-01,-2.999667525291442871e-01
1.812679052352905273e+00,1.022651314735412598e+00
3.251030445098876953e-01,1.781227588653564453e-01
1.174621582031250000e+00,6.876883655786514282e-02
1.436289250850677490e-01,-1.145283341407775879e+00
-5.003902316093444824e-01,-1.206522703170776367e+00
-8.338249325752258301e-01,-3.269245922565460205e-01
-2.493643999099731445e+00,1.393019080162048340e+00
-5.895375013351440430e-01,-2.225981473922729492e+00
1.177689805626869202e-01,-3.899865448474884033e-01
-4.561383724212646484e+00,-2.335734665393829346e-01
9.236403703689575195e-01,3.412757515907287598e-01
2.224975228309631348e-01,-2.009937047958374023e+00
-4.050189554691314697e-01,-6.705261468887329102e-01
-4.695813655853271484e-01,-5.307689309120178223e-01
-3.559498488903045654e-02,5.383747816085815430e-01
-2.020117521286010742e+00,2.830943822860717773e+00
-9.647099375724792480e-01,1.103403568267822266e+00
-3.803737163543701172e-01,-8.837061524391174316e-01
-5.881567001342773438e-01,1.009483337402343750e+00
-2.042546868324279785e-01,-3.195263743400573730e-01
-1.243041828274726868e-01,-1.179118752479553223e+00
-1.803094148635864258e-02,3.282432794570922852e+00
1.128551721572875977e+00,-1.614670872688293457e+00
7.909526824951171875e-01,3.598724305629730225e-01
1.470213383436203003e-02,1.683187603950500488e+00
4.009088873863220215e-02,-2.614940106868743896e-01
4.665531218051910400e-01,2.631515264511108398e+00
-2.291031777858734131e-01,-2.526416778564453125e+00
1.779408931732177734e+00,6.975913643836975098e-01
1.727708578109741211e+00,-4.086711704730987549e-01
-4.005592465400695801e-01,-1.323650836944580078e+00
1.282010078430175781e-01,-2.658856213092803955e-01
9.022462964057922363e-01,4.492668211460113525e-01
-6.655192375183105469e-01,-1.958460509777069092e-01
-4.318842589855194092e-01,1.549434542655944824e+00
4.283309280872344971e-01,4.722000956535339355e-01
-3.390016257762908936e-01,-3.722075521945953369e-01
1.811889410018920898e-01,-2.784271240234375000e-01
1.818035840988159180e-01,1.787961125373840332e+00
1.476406678557395935e-02,-2.009461641311645508e+00
1.546086311340332031e+00,1.107639789581298828e+00
-2.975913286209106445e-01,-1.179028630256652832e+00
8.983641862869262695e-03,-1.696755588054656982e-01
-4.557073712348937988e-01,-1.312592387199401855e+00
-6.918942332267761230e-01,-5.031868219375610352e-01
-4.050189554691314697e-01,-6.705261468887329102e-01
4.388987421989440918e-01,-1.460826277732849121e+00
-6.041878461837768555e-01,-3.275840282440185547e-01
1.288981139659881592e-01,-1.658487319946289062e+00
7.909526824951171875e-01,3.598724305629730225e-01
-7.662521004676818848e-01,-1.153009161353111267e-01
-7.663027942180633545e-02,-2.348589420318603516e+00
-2.234249711036682129e-01,-4.068505764007568359e-01
9.645979851484298706e-02,-8.725153803825378418e-01
1.339641451835632324e+00,6.619639694690704346e-02
-5.194385051727294922e-01,-1.227310776710510254e+00
-3.929340839385986328e-01,-2.723059952259063721e-01
6.179911494255065918e-01,2.047276198863983154e-01
-6.663686782121658325e-02,-1.210711002349853516e+00
-9.990742802619934082e-01,-3.677329421043395996e-01
-1.800915300846099854e-01,-1.096541285514831543e+00
2.954850494861602783e-01,9.400110244750976562e-01
-1.945397555828094482e-01,-1.186388492584228516e+00
3.600570857524871826e-01,-2.029873132705688477e+00
7.702264785766601562e-01,4.893179535865783691e-01
1.047512218356132507e-01,-1.007107615470886230e+00
1.406840562820434570e+00,-1.118429303169250488e+00
-1.722626209259033203e+00,-5.205332636833190918e-01
1.137006878852844238e+00,-7.188463807106018066e-01
-1.687129437923431396e-01,2.995223402976989746e-01
9.722869396209716797e-01,-5.767926573753356934e-01
-5.268387198448181152e-01,-3.066599607467651367e+00
9.030494838953018188e-03,-1.143160700798034668e+00
7.070488333702087402e-01,-5.088531374931335449e-01
-9.510528445243835449e-01,7.208291888236999512e-01
-9.063479304313659668e-01,9.008457660675048828e-01
-1.523257493972778320e+00,-1.631541550159454346e-01
2.653194904327392578e+00,1.454363465309143066e+00
1.569981873035430908e-01,-1.363726735115051270e+00
4.577353000640869141e-01,-7.724672555923461914e-01
-8.614080399274826050e-02,-1.084735631942749023e+00
-1.256241202354431152e+00,9.142799377441406250e-01
7.796456217765808105e-01,3.679337739944458008e+00
-2.061541378498077393e-02,-2.100460767745971680e+00
2.905944347381591797e+00,1.931562274694442749e-02
-5.345867276191711426e-01,8.673245310783386230e-01
4.299412965774536133e-01,1.745166778564453125e-01
-7.471981048583984375e-01,-1.454512000083923340e+00
7.083546519279479980e-01,8.140601515769958496e-01
-7.471135258674621582e-01,-2.598696947097778320e-01
1.241248846054077148e+00,-7.001077532768249512e-01
4.306101799011230469e-01,1.262546479701995850e-01
-2.757846117019653320e+00,1.571575164794921875e+00
-4.198752343654632568e-01,-1.144072771072387695e+00
1.046236634254455566e+00,4.610478281974792480e-01
-8.980299830436706543e-01,-4.359977543354034424e-01
-6.614879369735717773e-01,-1.182697191834449768e-01
-2.224165201187133789e-01,-1.212925910949707031e+00
6.940414309501647949e-01,4.732056856155395508e-01
3.271473050117492676e-01,1.280736088752746582e+00
6.621440649032592773e-01,6.525887846946716309e-01
5.800014138221740723e-01,7.805079221725463867e-01
2.127484977245330811e-01,-3.535978794097900391e-01
-5.387144088745117188e-01,-6.548997759819030762e-01
-1.747161269187927246e+00,1.679471731185913086e+00
1.893802404403686523e+00,-2.033713161945343018e-01
-3.208467662334442139e-01,2.996395826339721680e+00
9.694607555866241455e-02,-1.444681286811828613e+00
-9.759823679924011230e-01,4.474902451038360596e-01
-5.248927474021911621e-01,-3.339047133922576904e-01
1.002827808260917664e-01,-6.707329154014587402e-01
-8.143491148948669434e-01,-1.365190625190734863e+00
4.898766279220581055e-01,1.513592839241027832e+00
2.202835798263549805e+00,-1.696061491966247559e+00
3.715626299381256104e-01,-6.547277569770812988e-01
2.637073695659637451e-01,-1.842592120170593262e+00
1.832424759864807129e+00,6.361917257308959961e-01
8.446862697601318359e-01,8.037899136543273926e-01
-9.898881316184997559e-01,1.390742182731628418e+00
-1.857822835445404053e-01,-3.925835490226745605e-01
-3.391002416610717773e+00,9.624262452125549316e-01
-9.631777554750442505e-02,2.202370762825012207e-02
-3.543021082878112793e-01,-9.998139739036560059e-01
-3.130186498165130615e-01,-6.617377996444702148e-01
1.116022393107414246e-01,-1.525699973106384277e+00
2.237830162048339844e-01,2.177792787551879883e-01
5.504007935523986816e-01,9.426052570343017578e-01
-4.970822036266326904e-01,-1.013269424438476562e+00
-7.622318267822265625e-01,-2.555968463420867920e-01
8.957919478416442871e-02,1.213393330574035645e+00
3.760959804058074951e-01,7.273545265197753906e-01
5.969483852386474609e-01,4.221047163009643555e-01
1.305517554283142090e+00,-1.095883920788764954e-02
-2.174496948719024658e-01,2.556675970554351807e-01
2.518199384212493896e-02,-1.182667493820190430e+00
-2.031886577606201172e-01,-1.040874838829040527e+00
1.608034372329711914e-01,-2.227897882461547852e+00
-4.150042235851287842e-01,1.181515455245971680e+00
1.245877861976623535e+00,1.601677536964416504e+00
-2.527401208877563477e+00,4.683994501829147339e-02
4.808223247528076172e-01,-2.904455065727233887e-01
-5.269643664360046387e-01,-3.650895655155181885e-01
3.338194191455841064e-01,-5.091856122016906738e-01
5.320610404014587402e-01,-1.094197511672973633e+00
1.369353413581848145e+00,1.953128814697265625e+00
7.657189369201660156e-01,6.848566532135009766e-01
1.342628002166748047e-01,-7.861874103546142578e-01
1.757611393928527832e+00,2.350338935852050781e+00
-2.789055407047271729e-01,-1.091304898262023926e+00
1.848042726516723633e+00,1.355683565139770508e+00
-3.829031586647033691e-01,-1.178261280059814453e+00
3.709470480680465698e-02,1.584791183471679688e+00
6.189409494400024414e-01,-9.335956573486328125e-01
1.601483821868896484e-01,-2.460602298378944397e-02
-1.104240059852600098e+00,-9.268689155578613281e-02
8.727363497018814087e-02,-9.846650362014770508e-01
8.747109174728393555e-01,6.954763531684875488e-01
8.015850186347961426e-02,-9.999598860740661621e-01
1.406840562820434570e+00,-1.118429303169250488e+00
1.678942441940307617e+00,6.081824302673339844e-01
-2.756542563438415527e-01,-1.055113554000854492e+00
2.838335186243057251e-02,-3.347858786582946777e-01
5.271575450897216797e-01,-1.994345784187316895e-01
-5.761061906814575195e-01,3.663562238216400146e-01
-2.016084194183349609e-01,-3.903821408748626709e-01
9.366016387939453125e-01,-6.525965332984924316e-01
-2.809910476207733154e-01,-3.189763426780700684e-01
2.783337235450744629e-01,-1.602052524685859680e-02
1.253116846084594727e+00,1.042474433779716492e-01
-1.298781633377075195e-01,-6.259799003601074219e-02
-4.844153821468353271e-01,-6.204501986503601074e-01
-1.638610847294330597e-02,-1.292461991310119629e+00
-3.041868209838867188e-01,-3.297166228294372559e-01
1.158414706587791443e-01,2.951904386281967163e-02
7.833834290504455566e-01,5.316508412361145020e-01
-2.568124771118164062e+00,-1.042509436607360840e+00
-3.490176498889923096e-01,3.415440559387207031e+00
-1.930275559425354004e-01,-1.173353433609008789e+00
2.637123465538024902e-01,9.525307267904281616e-02
7.075830698013305664e-01,1.597191691398620605e-01
1.983589231967926025e-01,-2.418493628501892090e-01
-6.068732738494873047e-01,-2.452963292598724365e-01
1.141821742057800293e+00,4.358778297901153564e-01
-3.286978006362915039e-01,-1.547499746084213257e-01
3.918337076902389526e-02,-1.203755497932434082e+00
-1.243041828274726868e-01,-1.179118752479553223e+00
-7.782135605812072754e-01,7.047011703252792358e-02
-4.320328831672668457e-01,-1.179856896400451660e+00
-1.500098586082458496e+00,-3.638885736465454102e+00
4.444228708744049072e-01,-1.955417037010192871e+00
-1.109282076358795166e-01,-1.144440889358520508e+00
-7.955835461616516113e-01,8.224167227745056152e-01
-2.113202571868896484e+00,9.742373824119567871e-01
7.338346838951110840e-01,3.303305506706237793e-01
-3.321691155433654785e-01,-1.194439530372619629e+00
1.818035840988159180e-01,1.787961125373840332e+00
-6.962670683860778809e-01,-1.311610937118530273e+00
-7.302424311637878418e-01,-5.508644580841064453e-01
5.695260167121887207e-01,9.370976686477661133e-01
3.017384409904479980e-01,1.949243903160095215e+00
-1.386703848838806152e-01,-1.043662786483764648e+00
-4.371438026428222656e-01,-1.138518691062927246e+00
-2.948338352143764496e-02,-1.966092348098754883e+00
1.590921401977539062e+00,7.060918211936950684e-01
6.918284893035888672e-01,-1.247277140617370605e+00
8.207040429115295410e-01,8.105986118316650391e-01
1.953567743301391602e+00,-2.080043554306030273e+00
2.840386033058166504e-01,-1.557821035385131836e+00
1.942447662353515625e+00,-2.797597646713256836e+00
1.153453364968299866e-01,-9.949796795845031738e-01
8.968487381935119629e-01,9.768337756395339966e-02
1.073198318481445312e+00,3.532077372074127197e-01
-4.120758175849914551e-02,-2.017308771610260010e-01
9.406758099794387817e-02,-2.354337275028228760e-01
2.763734459877014160e-01,2.283054292201995850e-01
2.019075155258178711e+00,1.486551880836486816e+00
1.811889410018920898e-01,-2.784271240234375000e-01
5.023770928382873535e-01,-2.442234277725219727e+00
-2.052186012268066406e+00,-7.722680568695068359e-01
8.617028594017028809e-01,5.408323407173156738e-01
1.662061810493469238e-01,-1.582612514495849609e+00
9.957920759916305542e-02,-1.206716969609260559e-01
-2.948338352143764496e-02,-1.966092348098754883e+00
1.174621582031250000e+00,6.876883655786514282e-02
3.373804688453674316e-01,-4.115731716156005859e-01
-1.934142112731933594e-01,6.656463742256164551e-01
1.278665184974670410e+00,3.835534155368804932e-01
6.535308361053466797e-01,1.009593531489372253e-02
1.581473946571350098e+00,-1.721212029457092285e+00
-7.946922183036804199e-01,-5.015401840209960938e-01
5.098683834075927734e-01,1.745000958442687988e+00
8.793175220489501953e-01,4.257087111473083496e-01
-1.779301285743713379e+00,1.414424300193786621e+00
1.051066398620605469e+00,-3.581302881240844727e+00
8.012063801288604736e-03,-1.463438868522644043e-01
-3.333374857902526855e-01,1.379851400852203369e-01
3.641864061355590820e-01,1.224490880966186523e+00
-4.956675469875335693e-01,-1.166651844978332520e+00
-5.259584784507751465e-01,7.500674128532409668e-01
-5.254665017127990723e-01,-3.684214055538177490e-01
7.975675165653228760e-02,-6.763623952865600586e-01
-1.638325154781341553e-01,7.323846817016601562e-01
-1.337952256202697754e+00,1.111668229103088379e+00
9.087234735488891602e-01,6.990531682968139648e-01
6.085222363471984863e-01,-1.981723666191101074e+00
-4.519294202327728271e-01,-1.378873109817504883e+00
-7.009980082511901855e-01,5.169204473495483398e-01
7.108398079872131348e-01,2.012500762939453125e-01
3.338194191455841064e-01,-5.091856122016906738e-01
5.824291706085205078e-01,3.275014162063598633e-01
-4.857687950134277344e-01,-1.107029080390930176e+00
8.865991234779357910e-01,1.065801143646240234e+00
-7.399045825004577637e-01,-2.214986979961395264e-01
9.332453608512878418e-01,-1.398165106773376465e+00
2.416892722249031067e-02,-3.244491219520568848e-01
6.815055608749389648e-01,2.387852668762207031e-01
-3.596824705600738525e-01,-1.972109198570251465e+00
1.358021378517150879e+00,-9.427113831043243408e-02
1.070117712020874023e+00,-2.077877521514892578e-01
1.337509036064147949e+00,5.991384983062744141e-01
6.139875948429107666e-02,-1.340851068496704102e+00
-6.289213895797729492e-01,8.825912475585937500e-01
1.319514870643615723e+00,-6.932879239320755005e-02
5.625377893447875977e-01,2.981095761060714722e-02
-9.510528445243835449e-01,7.208291888236999512e-01
8.946495056152343750e-01,-1.333171248435974121e+00
6.211373209953308105e-01,9.789139777421951294e-02
6.562898755073547363e-01,2.620702087879180908e-01
-3.551392555236816406e-01,-1.388171166181564331e-01
2.704484164714813232e-01,-2.033775150775909424e-01
-4.621572196483612061e-01,-1.273026943206787109e+00
8.164123296737670898e-01,2.363193631172180176e-01
8.353925943374633789e-01,7.068138718605041504e-01
7.707673311233520508e-01,1.272437572479248047e+00
-4.969547986984252930e-01,9.047677516937255859e-01
-1.846468567848205566e+00,2.551171779632568359e-01
7.116163969039916992e-01,-3.054710030555725098e-01
-1.555078506469726562e+00,1.204178571701049805e+00
-2.465736120939254761e-02,-1.244720220565795898e+00
1.770445227622985840e+00,1.431951999664306641e+00
-1.538209319114685059e-01,1.255322992801666260e-01
-6.768776774406433105e-01,-1.459846615791320801e+00
-1.198413819074630737e-01,3.781335055828094482e-02
-8.658825159072875977e-01,2.622678518295288086e+00
3.753204643726348877e-01,1.447934508323669434e-01
1.727708578109741211e+00,-4.086711704730987549e-01
-6.395406723022460938e-01,-1.427348017692565918e+00
6.311924457550048828e-01,-1.275120526552200317e-01
-5.644772648811340332e-01,-1.047037601470947266e+00
-2.995047569274902344e-01,-6.216858625411987305e-01
-5.949433445930480957e-01,-6.189687252044677734e-01
4.209616035223007202e-02,-3.817927241325378418e-01
-4.984906017780303955e-01,1.134199380874633789e+00
-4.717861413955688477e-01,-2.364389598369598389e-02
-4.335698112845420837e-02,3.320225179195404053e-01
-7.535761594772338867e-01,-7.434904575347900391e-01
1.322314739227294922e+00,1.008229017257690430e+00
2.666448354721069336e-01,-2.835594713687896729e-01
-4.787406325340270996e-02,-1.159634351730346680e+00
-1.258801519870758057e-01,-1.326205372810363770e+00
-1.491207778453826904e-01,-2.055306673049926758e+00
1.632684707641601562e+00,-1.489247083663940430e-01
4.603786468505859375e-01,-3.490618765354156494e-01
2.621164619922637939e-01,-6.036229133605957031e-01
-2.520015835762023926e-01,-3.859231173992156982e-01
-1.084640264511108398e+00,1.180599451065063477e+00
1.001705050468444824e+00,2.742338180541992188e-02
-4.633458256721496582e-01,8.557155132293701172e-01
2.121550142765045166e-01,3.174774944782257080e-01
7.497237920761108398e-01,1.856469392776489258e+00
2.056746721267700195e+00,9.144311547279357910e-01
1.150026246905326843e-01,-1.516138553619384766e+00
6.984552741050720215e-01,4.823197722434997559e-01
6.560434103012084961e-01,-1.101833730936050415e-01
3.092212080955505371e-01,-1.395392537117004395e+00
-3.832396492362022400e-02,7.926662564277648926e-01
-8.872030675411224365e-02,-1.234116554260253906e+00
1.001705050468444824e+00,2.742338180541992188e-02
-2.360735535621643066e-01,-1.243218183517456055e+00
1.483793854713439941e+00,9.671748429536819458e-02
-6.851120591163635254e-01,-1.290716171264648438e+00
1.656131267547607422e+00,1.028014302253723145e+00
-5.954007059335708618e-02,-4.277618408203125000e+00
-7.426642775535583496e-01,9.000474959611892700e-02
3.406981229782104492e-01,1.259267449378967285e+00
-8.090194314718246460e-03,-1.327288746833801270e+00
-1.302395313978195190e-01,-1.210765838623046875e+00
1.173637509346008301e+00,5.167787671089172363e-01
-5.102733969688415527e-01,-3.794137835502624512e-01
-3.202201724052429199e-01,2.204183340072631836e+00
5.300620198249816895e-01,1.546494483947753906e+00
-1.256241202354431152e+00,9.142799377441406250e-01
2.943073749542236328e+00,-5.803503990173339844e-01
2.637073695659637451e-01,-1.842592120170593262e+00
-8.951326608657836914e-01,7.440752983093261719e-01
2.632411003112792969e+00,-1.556022763252258301e+00
-2.693147361278533936e-01,7.004614174365997314e-02
-1.625974178314208984e-01,3.710569143295288086e-01
8.376476764678955078e-01,4.325235188007354736e-01
-3.797849714756011963e-01,-6.094045042991638184e-01
-2.598627805709838867e+00,7.483710646629333496e-01
1.020673871040344238e+00,-9.042231440544128418e-01
5.642135143280029297e-01,6.612140685319900513e-02
1.105307340621948242e+00,-2.228395223617553711e+00
7.377489209175109863e-01,1.344076633453369141e+00
-1.202814429998397827e-01,-6.072391942143440247e-02
7.203965187072753906e-01,7.519161701202392578e-01
8.346148133277893066e-01,9.289665818214416504e-01
-1.831422746181488037e-01,-2.175065577030181885e-01
-3.925890326499938965e-01,-1.076190918684005737e-02
3.473373055458068848e-01,1.105291366577148438e+00
-7.961787581443786621e-01,-1.418281912803649902e+00
6.851311922073364258e-01,-1.569146275520324707e+00
9.918112754821777344e-01,1.396471977233886719e+00
2.714942455291748047e+00,1.551788449287414551e+00
9.571389555931091309e-01,2.388764142990112305e+00
3.623014211654663086e+00,-1.820739805698394775e-01
-5.829654932022094727e-01,-8.953355550765991211e-01
-3.625189065933227539e-01,-1.239226579666137695e+00
9.626241922378540039e-01,-3.025822937488555908e-01
1.848750591278076172e+00,7.503112554550170898e-01
-7.820040583610534668e-01,-1.893083214759826660e+00
-7.249912619590759277e-01,-8.662765026092529297e-01
2.750791549682617188e+00,1.096848011016845703e+00
3.218868970870971680e+00,2.262500762939453125e+00
-1.513375043869018555e+00,1.603503823280334473e+00
8.347343653440475464e-02,-1.089520335197448730e+00
8.408992290496826172e-01,8.847833871841430664e-01
-2.229240536689758301e-02,-8.031274378299713135e-02
-2.790758013725280762e-01,-1.108208894729614258e+00
1.647307395935058594e+00,1.628359079360961914e+00
-5.377094745635986328e-01,-1.128438591957092285e+00
-1.867810189723968506e-01,2.407707273960113525e-02
6.798902750015258789e-01,1.503777503967285156e+00
8.121468424797058105e-01,-1.075113892555236816e+00
5.659103989601135254e-01,-3.487743735313415527e-01
1.198014393448829651e-01,-1.395954340696334839e-01
1.836574971675872803e-01,-3.013250827789306641e-01
2.458191394805908203e+00,-1.545141935348510742e-01
-2.210315465927124023e-01,9.009174257516860962e-02
-3.748793900012969971e-02,-5.821644067764282227e-01
-4.788040518760681152e-01,-1.342487573623657227e+00
-5.653744339942932129e-01,-1.244867086410522461e+00
-1.955783963203430176e-01,-1.614033341407775879e+00
1.287397027015686035e+00,3.691817522048950195e-01
-6.607341766357421875e-01,-1.427232146263122559e+00
6.895816326141357422e-01,3.796501457691192627e-01
3.440591320395469666e-02,-1.431997418403625488e+00
-7.618918418884277344e-01,1.519110679626464844e+00
1.090046525001525879e+00,2.621072769165039062e+00
5.652629733085632324e-01,5.211002230644226074e-01
-2.083713114261627197e-01,6.278613805770874023e-01
5.876232385635375977e-01,-1.188699603080749512e+00
4.898766279220581055e-01,1.513592839241027832e+00
6.510584950447082520e-01,-2.098097205162048340e-01
-7.304112911224365234e-01,1.082484841346740723e+00
-3.585726618766784668e-01,8.064009547233581543e-01
-2.131745576858520508e+00,-7.177287340164184570e-01
2.283255815505981445e+00,3.198771476745605469e-01
3.914349079132080078e-01,-8.249725103378295898e-01
-4.573862552642822266e-01,-1.383681654930114746e+00
-5.369529128074645996e-01,-1.278196096420288086e+00
-2.927580773830413818e-01,-2.416014373302459717e-01
-8.904488086700439453e-01,2.853687107563018799e-01
-1.503695547580718994e-01,2.654284477233886719e+00
7.844019681215286255e-03,-1.236261129379272461e+00
1.770445227622985840e+00,1.431951999664306641e+00
8.793175220489501953e-01,4.257087111473083496e-01
-1.352912187576293945e-02,1.390197038650512695e+00
2.763734459877014160e-01,2.283054292201995850e-01
8.378449082374572754e-01,2.725135803222656250e+00
7.241043448448181152e-01,3.916456699371337891e-01
1.769952774047851562e+00,-5.957801938056945801e-01
-4.621572196483612061e-01,-1.273026943206787109e+00
-5.957819819450378418e-01,2.066428661346435547e+00
-4.646804034709930420e-01,-5.620113015174865723e-01
-7.120468616485595703e-01,3.476898968219757080e-01
-7.516156435012817383e-01,1.112060546875000000e+00
1.177689805626869202e-01,-3.899865448474884033e-01
2.127484977245330811e-01,-3.535978794097900391e-01
5.662474036216735840e-01,3.218503296375274658e-01
8.865991234779357910e-01,1.065801143646240234e+00
3.871398419141769409e-02,-1.206158757209777832e+00
-3.884626626968383789e-01,-1.579838633537292480e+00
1.702141463756561279e-01,3.754536509513854980e-01
5.057535171508789062e+00,1.310146749019622803e-01
1.486104428768157959e-01,-1.326102375984191895e+00
-1.783675849437713623e-01,-2.067386627197265625e+00
-7.751877307891845703e-01,-1.798942208290100098e+00
-4.525587260723114014e-01,-6.112902611494064331e-02
3.211900293827056885e-01,-7.282019257545471191e-01
-3.922022581100463867e-01,2.409887313842773438e-02
-3.791393637657165527e-01,-1.214172959327697754e+00
-5.306413173675537109e-01,2.433347225189208984e+00
2.018759250640869141e+00,5.720555782318115234e-01
1.682732224464416504e+00,6.338562071323394775e-02
7.621531188488006592e-02,-1.095278859138488770e+00
-1.806306540966033936e-01,-6.729761958122253418e-01
7.765369862318038940e-02,-3.625600636005401611e-01
-2.440766692161560059e-01,-1.114170312881469727e+00
1.192226886749267578e+00,-2.977849483489990234e+00
7.924789786338806152e-01,6.184623837471008301e-01
4.363334178924560547e-02,1.355957508087158203e+00
1.170918226242065430e+00,2.051265239715576172e-01
2.258867621421813965e-01,-2.307934463024139404e-01
-2.564009130001068115e-01,-1.111016750335693359e+00
5.141315609216690063e-02,1.408917009830474854e-01
-9.631777554750442505e-02,2.202370762825012207e-02
-2.378812432289123535e-01,-1.192991256713867188e+00
7.629469037055969238e-01,5.011978149414062500e-01
1.036389708518981934e+00,5.373454689979553223e-01
-4.969547986984252930e-01,9.047677516937255859e-01
8.339982032775878906e-01,-1.295918345451354980e+00
1.369353413581848145e+00,1.953128814697265625e+00
-4.682758152484893799e-01,2.026001513004302979e-01
-5.062127485871315002e-03,-1.926323175430297852e-01
6.306913495063781738e-01,2.014407515525817871e-01
-6.585678458213806152e-02,-1.011433675885200500e-01
-3.879050910472869873e-01,-1.153107523918151855e+00
1.585860922932624817e-02,-1.377323985099792480e+00
1.697307229042053223e-01,-2.804031372070312500e-01
-8.213264867663383484e-03,-3.019793927669525146e-01
1.068187475204467773e+00,1.447045803070068359e-01
-2.334882318973541260e-01,-1.218493700027465820e+00
-2.419386059045791626e-02,-1.178614735603332520e+00
-8.315401077270507812e-01,8.064366579055786133e-01
6.035594940185546875e-01,-4.915514588356018066e-01
4.848234653472900391e-01,9.000361710786819458e-02
5.652629733085632324e-01,5.211002230644226074e-01
5.223194509744644165e-02,-1.191362857818603516e+00
1.563881337642669678e-02,-1.199492216110229492e+00
1.373958289623260498e-01,-1.733814716339111328e+00
7.861161231994628906e-01,-3.343235552310943604e-01
4.220626354217529297e-01,5.956496000289916992e-01
7.236775159835815430e-01,5.153121352195739746e-01
1.070117712020874023e+00,-2.077877521514892578e-01
-3.348761796951293945e-02,-2.223430156707763672e+00
1.140104651451110840e+00,3.157410621643066406e+00
2.140297889709472656e+00,2.026655077934265137e-01
-2.647026777267456055e-01,-1.177560806274414062e+00
-1.605146646499633789e+00,-1.516221046447753906e+00
-1.896649599075317383e-01,4.900259971618652344e-01
-4.827375113964080811e-01,-2.733963131904602051e-01
8.909801840782165527e-01,7.565239667892456055e-01
-1.075951933860778809e+00,-1.955078363418579102e+00
-7.532851099967956543e-01,3.690850734710693359e-01
-1.853927373886108398e-01,-1.504017114639282227e+00
9.541295766830444336e-01,8.175930380821228027e-01
7.196475863456726074e-01,9.201877713203430176e-01
7.241043448448181152e-01,3.916456699371337891e-01
-5.654936283826828003e-02,-2.704141736030578613e-01
-4.839668869972229004e-01,-1.177385330200195312e+00
-2.769517302513122559e-01,-3.862919509410858154e-01
3.656206727027893066e-01,-1.748679399490356445e+00
6.667734980583190918e-01,3.247932791709899902e-01
-5.063989758491516113e-01,-3.167926967144012451e-01
7.302235066890716553e-02,-1.564819365739822388e-01
-2.229240536689758301e-02,-8.031274378299713135e-02
-1.042393088340759277e+00,-3.505406975746154785e-01
1.031153440475463867e+00,1.145048066973686218e-01
-2.541160956025123596e-02,-1.103711605072021484e+00
1.486104428768157959e-01,-1.326102375984191895e+00
9.722869396209716797e-01,-5.767926573753356934e-01
7.478270530700683594e-01,-7.939492464065551758e-01
-2.212167978286743164e-01,-1.134325981140136719e+00
4.941297173500061035e-01,4.914030432701110840e-02
3.867899477481842041e-01,-2.424020767211914062e+00
3.975301086902618408e-01,4.676475375890731812e-02
-5.676833987236022949e-01,-8.935534358024597168e-01
8.077410459518432617e-01,7.872136831283569336e-01
-4.247170388698577881e-01,-1.171123385429382324e+00
-7.034845948219299316e-01,-4.471360445022583008e-01
-2.179683923721313477e+00,4.536601305007934570e-01
5.285266041755676270e-01,-4.277921617031097412e-01
-2.305512130260467529e-01,1.085037112236022949e+00
1.938391208648681641e+00,7.142528891563415527e-01
5.115574598312377930e-01,-1.594237923622131348e+00
9.372905492782592773e-01,-5.823079347610473633e-01
-5.629993081092834473e-01,6.553633213043212891e-01
2.276866883039474487e-02,-1.079760313034057617e+00
8.528420925140380859e-01,7.636357545852661133e-01
-1.077537775039672852e+00,1.166913509368896484e+00
7.256913781166076660e-01,1.196139380335807800e-01
2.313033044338226318e-01,-1.045994281768798828e+00
-5.195202827453613281e-01,-1.260116577148437500e+00
9.483742713928222656e-01,1.200244307518005371e+00
1.439548254013061523e+00,1.133523657917976379e-01
-1.665893793106079102e-01,-8.732861876487731934e-01
1.474801898002624512e+00,1.230856105685234070e-01
1.116022393107414246e-01,-1.525699973106384277e+00
2.905486106872558594e+00,1.930610895156860352e+00
1.084973290562629700e-01,-1.133477449417114258e+00
-4.633458256721496582e-01,8.557155132293701172e-01
6.689499020576477051e-01,-1.347986936569213867e+00
7.545415759086608887e-01,-2.333613157272338867e+00
-5.653844475746154785e-01,8.958276361227035522e-02
-4.695813655853271484e-01,-5.307689309120178223e-01
1.253560662269592285e+00,3.812279403209686279e-01
-4.747675359249114990e-01,-1.646328926086425781e+00
-7.110126614570617676e-01,-1.374398946762084961e+00
-4.888628125190734863e-01,2.100262790918350220e-03
8.729325532913208008e-01,-1.997632384300231934e+00
6.934967041015625000e-01,-3.240756988525390625e-01
1.621237397193908691e-01,-2.313178181648254395e-01
1.564596652984619141e+00,5.205357074737548828e-01
7.309281229972839355e-01,-1.039003133773803711e+00
7.085445523262023926e-02,-3.717507719993591309e-01
4.809341430664062500e-01,-1.230880141258239746e+00
1.776115000247955322e-01,1.302071690559387207e+00
3.490603566169738770e-01,5.554396659135818481e-02
1.185473918914794922e+00,-8.139576762914657593e-03
-5.253284573554992676e-01,-1.406902223825454712e-01
1.086892724037170410e+00,-4.201520383358001709e-01
-1.507862687110900879e+00,1.508632421493530273e+00
1.524605393409729004e+00,-4.093215763568878174e-01
6.620096564292907715e-01,-9.667192399501800537e-02
-2.318504750728607178e-01,-3.576026856899261475e-02
-1.554549098014831543e+00,-1.377580285072326660e+00
-7.797567844390869141e-01,8.786059617996215820e-01
3.838306665420532227e-02,-1.150292754173278809e+00
1.972066998481750488e+00,5.293400287628173828e-01
-1.527541995048522949e+00,1.138018727302551270e+00
7.488754391670227051e-01,-1.112365365028381348e+00
1.291825890541076660e+00,-1.668587028980255127e-01
9.234651327133178711e-01,9.954350590705871582e-01
-1.588697545230388641e-02,-1.295988917350769043e+00
-5.133186578750610352e-01,7.802115678787231445e-01
-1.137399077415466309e+00,-2.509181797504425049e-01
2.704484164714813232e-01,-2.033775150775909424e-01
1.294838428497314453e+00,-6.823676824569702148e-02
-8.925308585166931152e-01,-1.084238886833190918e+00
1.342993140220642090e+00,1.908418238162994385e-01
-1.545713424682617188e+00,8.335949778556823730e-01
5.367866903543472290e-02,1.394584178924560547e+00
-6.412882804870605469e-01,-1.072231411933898926e+00
-1.500098586082458496e+00,-3.638885736465454102e+00
8.254047632217407227e-01,5.680022835731506348e-01
1.353351175785064697e-01,-9.260629415512084961e-01
2.362237572669982910e-01,3.336103260517120361e-01
2.489510536193847656e+00,1.376021981239318848e+00
6.757942438125610352e-01,2.103033065795898438e-01
1.300411224365234375e-01,-1.152722001075744629e+00
7.496812343597412109e-01,-3.825167417526245117e+00
1.522921204566955566e+00,1.217415452003479004e+00
8.712927103042602539e-01,-6.813238263130187988e-01
-2.020068168640136719e+00,-2.221402525901794434e-01
-9.044911861419677734e-01,1.253731369972229004e+00
1.944967985153198242e+00,3.159196853637695312e+00
-5.981398820877075195e-01,-1.196301579475402832e-01
6.381587982177734375e-01,2.474164366722106934e-01
1.131115317344665527e+00,1.024122908711433411e-01
9.853574037551879883e-01,-1.023343279957771301e-01
1.501225709915161133e+00,-2.532094001770019531e+00
-4.787406325340270996e-02,-1.159634351730346680e+00
1.305517554283142090e+00,-1.095883920788764954e-02
5.071503520011901855e-01,-2.964369356632232666e-01
-2.642166614532470703e-01,2.785998344421386719e+00
-4.244765639305114746e-01,6.367009133100509644e-03
-3.202201724052429199e-01,2.204183340072631836e+00
1.127381205558776855e+00,-1.465124450623989105e-02
1.486870944499969482e-01,1.350123882293701172e+00
-5.941733717918395996e-01,-8.567317724227905273e-01
3.917197883129119873e-01,-5.431848764419555664e-01
2.129705548286437988e-01,2.684109807014465332e-01
-9.056993126869201660e-01,8.512704819440841675e-02
-2.326024532318115234e+00,1.775782346725463867e+00
1.700970411300659180e+00,5.906570553779602051e-01
-1.945397555828094482e-01,-1.186388492584228516e+00
1.591775178909301758e+00,8.152767270803451538e-02
8.653560280799865723e-01,-1.475999712944030762e+00
-5.223586559295654297e-01,-1.326657891273498535e+00
-4.557073712348937988e-01,-1.312592387199401855e+00
-2.124627113342285156e+00,-3.609369322657585144e-02
-2.404848039150238037e-01,-2.166264295578002930e+00
1.251832842826843262e+00,-2.449311017990112305e-01
-1.182604022324085236e-02,-2.189018249511718750e+00
-1.109670162200927734e+00,7.532463669776916504e-01
-3.291685283184051514e-01,-1.225220441818237305e+00
-9.898881316184997559e-01,1.390742182731628418e+00
1.964880228042602539e-01,-1.642957180738449097e-01
-5.746172070503234863e-01,8.342816233634948730e-01
-4.510226249694824219e-01,-4.640957415103912354e-01
1.980758011341094971e-01,-1.153159499168395996e+00
1.710236072540283203e+00,6.523562073707580566e-01
4.755262732505798340e-01,1.686187982559204102e-01
2.056746721267700195e+00,9.144311547279357910e-01
6.826905012130737305e-01,4.196311831474304199e-01
3.490064144134521484e-01,1.702550053596496582e-01
1.127381205558776855e+00,-1.465124450623989105e-02
1.181230545043945312e+00,1.385754942893981934e+00
-5.746172070503234863e-01,8.342816233634948730e-01
9.288720488548278809e-01,7.336151003837585449e-01
-5.303999781608581543e-01,-2.577172279357910156e+00
6.499813199043273926e-01,4.886820912361145020e-01
-3.655137419700622559e-01,-7.012588381767272949e-01
6.651875376701354980e-01,1.244771480560302734e+00
-4.657322466373443604e-01,-1.146902084350585938e+00
-7.767220139503479004e-01,1.053163409233093262e+00
-1.333521902561187744e-01,-5.653917193412780762e-01
7.808119058609008789e-01,2.232160568237304688e+00
-4.463803172111511230e-01,-1.203649044036865234e+00
4.414783716201782227e-01,4.493159353733062744e-01
-1.021317467093467712e-01,-1.292639851570129395e+00
1.195886254310607910e+00,4.522371292114257812e-01
-9.160267710685729980e-01,1.610320329666137695e+00
-1.369214504957199097e-01,-1.101550459861755371e+00
2.371951937675476074e-03,1.307470351457595825e-02
-4.995697438716888428e-01,-4.471836388111114502e-01
6.211373209953308105e-01,9.789139777421951294e-02
2.489758729934692383e-01,-1.012441039085388184e+00
-8.036638498306274414e-01,1.374379098415374756e-01
1.757803186774253845e-02,-1.251382231712341309e+00
-2.755296528339385986e-01,7.529354691505432129e-01
-3.634640872478485107e-01,-1.226686477661132812e+00
-3.697313666343688965e-01,-1.205770969390869141e+00
4.034593701362609863e-03,-6.114057302474975586e-01
-1.638610847294330597e-02,-1.292461991310119629e+00
-1.783675849437713623e-01,-2.067386627197265625e+00
1.751287817955017090e+00,3.112599253654479980e-01
6.328713893890380859e-01,9.095505475997924805e-01
1.860438585281372070e+00,-1.184178113937377930e+00
-2.370171070098876953e+00,-4.507438838481903076e-01
3.753204643726348877e-01,1.447934508323669434e-01
8.559294939041137695e-01,1.092130303382873535e+00
-6.863205432891845703e-01,8.678353428840637207e-01
-6.114553213119506836e-01,5.127597600221633911e-02
-6.655192375183105469e-01,-1.958460509777069092e-01
9.453010559082031250e-01,-1.602348446846008301e+00
2.205917835235595703e+00,1.371367692947387695e+00
-3.161639451980590820e+00,3.333102464675903320e+00
9.703420400619506836e-01,-6.444849967956542969e-01
-9.063479304313659668e-01,9.008457660675048828e-01
4.124683856964111328e+00,3.685539484024047852e+00
5.667112469673156738e-01,-8.889361470937728882e-02
6.682249903678894043e-01,1.063655495643615723e+00
-2.936089634895324707e-01,-4.527487456798553467e-01
8.127849698066711426e-01,4.191860556602478027e-01
6.775967478752136230e-01,6.110585927963256836e-01
-2.271092414855957031e+00,4.702897071838378906e+00
-7.012174129486083984e-01,8.191959857940673828e-01
6.949522346258163452e-02,4.551104307174682617e-01
2.290512561798095703e+00,9.514729976654052734e-01
3.225677013397216797e-01,4.352410733699798584e-01
-1.860966719686985016e-02,-2.848556935787200928e-01
1.312028408050537109e+00,1.105725884437561035e+00
7.537095993757247925e-02,-1.216050267219543457e+00
-8.824567496776580811e-02,-2.075661659240722656e+00
7.574836015701293945e-01,9.566289782524108887e-01
1.091204047203063965e+00,-2.735889911651611328e+00
1.080548390746116638e-01,-1.477560043334960938e+00
-3.320050537586212158e-01,-1.052315592765808105e+00
1.327389478683471680e+00,-1.448931813240051270e+00
-9.558899700641632080e-02,-9.939861297607421875e-01
1.759027838706970215e+00,4.641997814178466797e-01
-9.789732694625854492e-01,-1.533572793006896973e+00
-2.302782773971557617e+00,-1.160837173461914062e+00
-1.540759205818176270e-01,-1.888071060180664062e+00
-9.457558393478393555e-01,1.425772547721862793e+00
4.428992569446563721e-01,-4.360170364379882812e-01
1.140104651451110840e+00,3.157410621643066406e+00
1.924615263938903809e+00,-1.110174283385276794e-01
-2.643142700195312500e+00,3.019323647022247314e-01
-1.489134728908538818e-01,-8.843459188938140869e-03
-1.383263915777206421e-01,-7.502079010009765625e-02
-3.290476560592651367e+00,1.807520031929016113e+00
-5.838491320610046387e-01,-1.066875457763671875e-01
6.937611103057861328e-01,1.093968674540519714e-01
4.823288321495056152e-01,-3.140165209770202637e-01
3.424341976642608643e-01,-1.113177299499511719e+00
-4.567536413669586182e-01,1.836985349655151367e-02
2.732473611831665039e-02,-1.828719079494476318e-01
1.814839243888854980e-01,-1.017865985631942749e-01
-3.021222352981567383e+00,3.788162767887115479e-01
6.865922212600708008e-01,2.456455707550048828e+00
-4.859209060668945312e-01,-1.203396558761596680e+00
2.140297889709472656e+00,2.026655077934265137e-01
2.675395309925079346e-01,-1.077817678451538086e+00
1.770299911499023438e+00,-8.547494411468505859e-01
-2.808487117290496826e-01,-1.115484833717346191e+00
6.940474510192871094e-01,5.406473875045776367e-01
1.329648613929748535e+00,1.702053099870681763e-02
-4.829080775380134583e-03,-1.034236073493957520e+00
-2.440766692161560059e-01,-1.114170312881469727e+00
1.693860888481140137e-01,-2.301465749740600586e+00
-9.669836163520812988e-01,-4.234321713447570801e-01
-1.165724515914916992e+00,1.491201162338256836e+00
1.771576106548309326e-01,1.934613585472106934e+00
8.827939629554748535e-01,1.015440464019775391e+00
-3.602182269096374512e-01,8.297291994094848633e-01
-1.746273636817932129e-01,-1.249948978424072266e+00
7.256913781166076660e-01,1.196139380335807800e-01
-8.870283365249633789e-01,-4.387082159519195557e-01
-3.834958970546722412e-01,-5.779018253087997437e-02
-3.491901874542236328e+00,-2.977414727210998535e-01
3.052294969558715820e+00,-1.109694838523864746e+00
2.026037871837615967e-01,-9.474714398384094238e-01
1.034719824790954590e+00,2.441577017307281494e-01
4.934785366058349609e-01,-3.744212865829467773e+00
-1.161001324653625488e-01,-1.215677738189697266e+00
8.593399077653884888e-02,-7.971167564392089844e-01
-7.511391490697860718e-02,-1.245452880859375000e+00
-1.508118212223052979e-01,-2.274013042449951172e+00
-2.159234881401062012e-01,-1.189926028251647949e+00
-7.845117449760437012e-01,9.324440360069274902e-01
1.282159447669982910e+00,-3.533514499664306641e+00
9.451329708099365234e-01,-1.125093698501586914e+00
4.416469633579254150e-01,-9.252350777387619019e-03
7.833834290504455566e-01,5.316508412361145020e-01
3.831304311752319336e-01,-1.416251063346862793e+00
-8.904488086700439453e-01,2.853687107563018799e-01
8.708424121141433716e-02,-5.082848668098449707e-01
-1.781567931175231934e-01,-8.130820393562316895e-01
-8.754824399948120117e-01,7.613696455955505371e-01
-3.302529573440551758e+00,1.449384808540344238e+00
9.548895061016082764e-03,-4.620732069015502930e-01
1.261697173118591309e+00,1.100986123085021973e+00
-8.213264867663383484e-03,-3.019793927669525146e-01
-5.310881137847900391e-01,-2.179975807666778564e-01
-1.352486610412597656e+00,2.196710586547851562e+00
-1.791023612022399902e+00,1.359703183174133301e+00
-7.391313910484313965e-01,-4.163690507411956787e-01
1.656131267547607422e+00,1.028014302253723145e+00
2.371956110000610352e-01,-1.999899148941040039e+00
4.268115460872650146e-01,-1.136290192604064941e+00
1.164226293563842773e+00,1.503470540046691895e-01
2.832928657531738281e+00,2.169375658035278320e+00
-1.192771196365356445e+00,-1.316535234451293945e+00
1.803232729434967041e-01,-1.140906333923339844e+00
-5.253284573554992676e-01,-1.406902223825454712e-01
2.992183864116668701e-01,1.187608912587165833e-01
-3.279475495219230652e-02,-1.117628335952758789e+00
3.334746360778808594e-01,3.422336280345916748e-01
-2.180820226669311523e+00,-1.272235274314880371e+00
1.130042314529418945e+00,9.575480818748474121e-01
-5.348683595657348633e-01,-7.425454854965209961e-01
-8.870604038238525391e-01,6.622290611267089844e-01
8.193535208702087402e-01,1.435398459434509277e+00
-1.155384927988052368e-01,-6.019666790962219238e-01
1.565777420997619629e+00,1.285225868225097656e+00
-3.538057208061218262e-01,-3.282445073127746582e-01
-5.644772648811340332e-01,-1.047037601470947266e+00
-7.850316762924194336e-01,9.788476675748825073e-02
-5.836966633796691895e-01,1.306834578514099121e+00
-4.685311913490295410e-01,-6.329537630081176758e-01
-8.405560255050659180e-02,-3.585659503936767578e+00
5.365226417779922485e-02,-1.629172563552856445e-01
4.945260882377624512e-01,1.028284430503845215e+00
3.007273972034454346e-01,1.091418340802192688e-01
2.648764252662658691e-01,-2.113578915596008301e-01
4.810639619827270508e-01,-1.238113880157470703e+00
7.070488333702087402e-01,-5.088531374931335449e-01
1.702141463756561279e-01,3.754536509513854980e-01
2.191929891705513000e-02,-2.672169357538223267e-02
-2.319238185882568359e-01,-1.119742751121520996e+00
-6.249223947525024414e-01,-1.357642531394958496e+00
1.992115974426269531e-01,-1.556323528289794922e+00
-4.247170388698577881e-01,-1.171123385429382324e+00
-2.480703592300415039e-01,2.451946139335632324e-01
7.450845241546630859e-01,2.071532607078552246e-01
1.765080988407135010e-01,1.329437255859375000e+00
2.740728482604026794e-02,-2.583241760730743408e-01
8.210368156433105469e-01,4.988321065902709961e-01
-6.149973720312118530e-02,-3.017861843109130859e-01
-1.298781633377075195e-01,-6.259799003601074219e-02
4.216623008251190186e-01,6.212418526411056519e-02
5.499421954154968262e-01,-2.340017557144165039e-01
1.774476468563079834e-01,-2.305547475814819336e+00
1.378004550933837891e-01,2.201515734195709229e-01
-4.717861413955688477e-01,-2.364389598369598389e-02
-1.665893793106079102e-01,-8.732861876487731934e-01
3.229339420795440674e-01,-1.192554473876953125e+00
8.412982225418090820e-01,9.384245276451110840e-01
-5.981398820877075195e-01,-1.196301579475402832e-01
-1.173853754997253418e+00,1.068529963493347168e+00
-2.628895044326782227e-01,2.561448335647583008e+00
6.410708427429199219e-01,2.635997235774993896e-01
-9.752447605133056641e-01,1.385508894920349121e+00
1.337630152702331543e-01,-2.298681437969207764e-01
1.232916235923767090e+00,-2.195532321929931641e-01
-1.337952256202697754e+00,1.111668229103088379e+00
1.674887239933013916e-01,1.382355451583862305e+00
3.587666451930999756e-01,4.581207036972045898e-02
-5.195202827453613281e-01,-1.260116577148437500e+00
1.174597382545471191e+00,2.902944386005401611e-01
-4.078617095947265625e-01,-3.995696306228637695e-01
-9.489823132753372192e-02,-3.745796084403991699e-01
-2.426368713378906250e+00,-2.182119131088256836e+00
-3.697313666343688965e-01,-1.205770969390869141e+00
8.012063801288604736e-03,-1.463438868522644043e-01
-1.477444767951965332e-01,-1.141475200653076172e+00
7.204720377922058105e-02,-2.869237065315246582e-01
1.083910986781120300e-01,-9.317716956138610840e-01
8.528017252683639526e-02,-1.046072840690612793e+00
-2.525775432586669922e-01,-1.139627099037170410e+00
7.245603799819946289e-01,-1.167440295219421387e+00
2.414802312850952148e-01,2.795295476913452148e+00
-1.831422746181488037e-01,-2.175065577030181885e-01
7.477846741676330566e-01,7.601920962333679199e-01
1.282159447669982910e+00,-3.533514499664306641e+00
-1.353899687528610229e-01,-1.172267079353332520e+00
1.560534715652465820e+00,-9.779623150825500488e-02
-9.548442363739013672e-01,-1.482843995094299316e+00
-2.080515027046203613e-01,-1.044652581214904785e+00
-1.159557104110717773e+00,1.860733866691589355e+00
-5.887721776962280273e-01,3.118203580379486084e-01
2.210345745086669922e+00,-6.470261216163635254e-01
1.848750591278076172e+00,7.503112554550170898e-01
9.853574037551879883e-01,-1.023343279957771301e-01
6.155007481575012207e-01,4.693890362977981567e-02
2.962814271450042725e-01,1.060889586806297302e-01
1.181303977966308594e+00,-1.540718555450439453e+00
8.924299478530883789e-01,8.616256713867187500e-01
5.456469655036926270e-01,-2.854905724525451660e-01
5.643025040626525879e-01,3.114800453186035156e-01
-6.801416724920272827e-02,-1.973392605781555176e+00
-1.115285381674766541e-01,2.594166994094848633e-01
7.697901725769042969e-01,3.993040919303894043e-01
5.349848270416259766e-01,9.684594720602035522e-02
5.518022179603576660e-01,3.308747112751007080e-01
-4.075823426246643066e-01,6.883373856544494629e-01
-1.783207356929779053e-01,-1.073747515678405762e+00
-1.778645992279052734e+00,1.125448346138000488e+00
-3.803737163543701172e-01,-8.837061524391174316e-01
-4.883909821510314941e-01,-3.575511574745178223e-01
2.674441814422607422e+00,1.540752887725830078e+00
1.966788768768310547e+00,2.441250801086425781e+00
-5.836966633796691895e-01,1.306834578514099121e+00
7.503688335418701172e-01,9.793058037757873535e-01
-1.284048259258270264e-01,1.192628145217895508e+00
2.265143021941184998e-02,-3.258166909217834473e-01
5.562072992324829102e-01,-6.353617310523986816e-01
3.220703080296516418e-02,-1.319549083709716797e+00
-7.680110931396484375e-01,1.947137475013732910e+00
3.860761970281600952e-02,-1.113940596580505371e+00
-2.034055292606353760e-01,-2.530530452728271484e+00
-7.897835373878479004e-01,-1.322170257568359375e+00
2.309909090399742126e-02,1.169693112373352051e+00
1.408106446266174316e+00,1.504765033721923828e+00
-5.838491320610046387e-01,-1.066875457763671875e-01
2.518199384212493896e-02,-1.182667493820190430e+00
1.195467472076416016e+00,2.093404531478881836e-01
2.778683230280876160e-02,-1.179998755455017090e+00
-4.867493212223052979e-01,-6.130252480506896973e-01
7.187104225158691406e-01,2.147010564804077148e-01
-1.588615775108337402e+00,-3.362418115139007568e-01
-2.297316551208496094e+00,1.752914488315582275e-01
-8.827242255210876465e-02,2.020568132400512695e+00
1.104334712028503418e+00,-4.682193279266357422e+00
1.194377303123474121e+00,3.088575601577758789e-01
-3.791393637657165527e-01,-1.214172959327697754e+00
-1.853927373886108398e-01,-1.504017114639282227e+00
2.458245158195495605e-01,1.023118853569030762e+00
1.353085517883300781e+00,1.682236790657043457e-01
-4.937462806701660156e-01,1.630721569061279297e+00
2.840386033058166504e-01,-1.557821035385131836e+00
1.384980976581573486e-01,-2.582403421401977539e-01
3.226531147956848145e-01,2.595229744911193848e-01
1.319514870643615723e+00,-6.932879239320755005e-02
4.887506365776062012e-01,8.356865495443344116e-02
-3.589808940887451172e-01,-1.176030635833740234e+00
1.170918226242065430e+00,2.051265239715576172e-01
-3.982213139533996582e-02,-2.555616378784179688e+00
3.187364339828491211e-01,-2.129427433013916016e+00
-7.840773463249206543e-01,-8.633762001991271973e-01
-2.544059455394744873e-01,-1.148412227630615234e+00
1.787027239799499512e+00,5.488899946212768555e-01
8.085949420928955078e-01,-5.816086530685424805e-01
-2.226307094097137451e-01,1.917230963706970215e+00
-1.441777229309082031e+00,-7.672741413116455078e-01
1.972066998481750488e+00,5.293400287628173828e-01
-9.202173948287963867e-01,1.983862042427062988e+00
-1.540759205818176270e-01,-1.888071060180664062e+00
-7.746422290802001953e-01,7.250533699989318848e-01
-8.951326608657836914e-01,7.440752983093261719e-01
-6.783642768859863281e-01,-1.313239574432373047e+00
7.044912576675415039e-01,4.343467652797698975e-01
6.682721376419067383e-01,1.523196101188659668e-01
5.233426690101623535e-01,4.377847611904144287e-01
-1.198177337646484375e+00,1.341456413269042969e+00
1.201789498329162598e+00,1.595396101474761963e-01
1.318649649620056152e+00,2.839990377426147461e+00
-4.512271583080291748e-01,-1.291523933410644531e+00
2.024410009384155273e+00,6.328979730606079102e-01
-2.901194095611572266e-01,-3.400897264480590820e+00
8.446862697601318359e-01,8.037899136543273926e-01
-1.441777229309082031e+00,-7.672741413116455078e-01
-2.080515027046203613e-01,-1.044652581214904785e+00
1.590390324592590332e+00,5.069125890731811523e-01
-2.075752913951873779e-01,-8.659593462944030762e-01
-3.137147128582000732e-01,-1.146044611930847168e+00
2.371840476989746094e-01,-2.223860979080200195e+00
-3.629592657089233398e-01,-6.321104764938354492e-01
-3.048638626933097839e-02,-1.235738039016723633e+00
-9.789892286062240601e-02,-1.205143570899963379e+00
-1.253997720777988434e-02,-1.171160340309143066e+00
-1.857822835445404053e-01,-3.925835490226745605e-01
8.559294939041137695e-01,1.092130303382873535e+00
-1.021317467093467712e-01,-1.292639851570129395e+00
8.591166138648986816e-01,-6.057854890823364258e-01
-1.957920566201210022e-02,-1.435710191726684570e+00
3.728172779083251953e-01,2.320979535579681396e-01
6.862789392471313477e-01,1.098323941230773926e+00
-4.231968879699707031e+00,1.015609741210937500e+00
6.343252211809158325e-02,-1.214583754539489746e+00
1.703835427761077881e-01,7.830090075731277466e-02
-8.140874505043029785e-01,4.276029765605926514e-01
7.218729257583618164e-01,1.815356731414794922e+00
3.226531147956848145e-01,2.595229744911193848e-01
1.388409137725830078e-01,-1.549445152282714844e+00
4.717503786087036133e-01,1.316252052783966064e-01
-4.770396947860717773e-01,-1.095351815223693848e+00
-2.051204442977905273e-01,-7.597020268440246582e-01
-1.955783963203430176e-01,-1.614033341407775879e+00
-1.159557104110717773e+00,1.860733866691589355e+00
5.112622380256652832e-01,7.041307091712951660e-01
-1.298687100410461426e+00,-2.786464989185333252e-01
7.392971217632293701e-02,-3.843951821327209473e-01
-7.162495851516723633e-01,-9.676665663719177246e-01
1.071141287684440613e-01,8.113140463829040527e-01
7.706059813499450684e-01,2.425865411758422852e+00
-2.958981692790985107e-01,-1.161764740943908691e+00
-1.287644147872924805e+00,1.226912021636962891e+00
-2.958981692790985107e-01,-1.161764740943908691e+00
1.005107089877128601e-01,-9.840309619903564453e-01
9.458822011947631836e-02,-9.397669434547424316e-01
-2.704045474529266357e-01,-1.087740540504455566e+00
8.384543657302856445e-01,4.892985820770263672e-01
-3.634322881698608398e-01,-3.213818669319152832e-01
3.395096063613891602e-01,1.060452833771705627e-01
-1.218331933021545410e+00,3.755726099014282227e+00
2.735666930675506592e-01,2.554374337196350098e-01
1.123103499412536621e+00,1.164968088269233704e-01
-3.910590112209320068e-01,-4.844447970390319824e-01
7.204720377922058105e-02,-2.869237065315246582e-01
1.105307340621948242e+00,-2.228395223617553711e+00
-6.585678458213806152e-02,-1.011433675885200500e-01
8.994706273078918457e-01,7.789660692214965820e-01
5.011910200119018555e-01,-1.177592635154724121e+00
-4.447662234306335449e-01,-1.758274435997009277e-01
-2.872718572616577148e-01,-1.113702297210693359e+00
-2.102749943733215332e-01,1.392371058464050293e-01
-1.161001324653625488e-01,-1.215677738189697266e+00
-8.098914027214050293e-01,1.637122035026550293e+00
-2.113202571868896484e+00,9.742373824119567871e-01
1.025725841522216797e+00,7.531317472457885742e-01
7.163557410240173340e-01,7.034212350845336914e-01
3.620716929435729980e-02,-1.116054415702819824e+00
6.952673792839050293e-01,-9.529072046279907227e-02
8.644519448280334473e-01,2.444580793380737305e-01
3.873672783374786377e-01,5.543770194053649902e-01
-7.820040583610534668e-01,-1.893083214759826660e+00
1.717285215854644775e-01,-9.686453342437744141e-01
1.430395245552062988e-01,-1.197094082832336426e+00
-1.778645992279052734e+00,1.125448346138000488e+00
2.205917835235595703e+00,1.371367692947387695e+00
1.648932322859764099e-02,-2.423122525215148926e-01
3.561640083789825439e-01,3.433558940887451172e-01
5.267165601253509521e-02,-2.729325056076049805e+00
1.598158955574035645e+00,1.935068964958190918e+00
7.092527151107788086e-01,6.178232431411743164e-01
1.763738751411437988e+00,5.005455613136291504e-01
-2.211602330207824707e-01,7.714803516864776611e-02
-7.471135258674621582e-01,-2.598696947097778320e-01
-3.004201650619506836e-01,-7.002632617950439453e-01
-1.865975856781005859e-01,-2.858668327331542969e+00
1.560534715652465820e+00,-9.779623150825500488e-02
5.606651902198791504e-01,5.669463872909545898e-01
-9.366992712020874023e-01,2.108948707580566406e+00
-7.179995179176330566e-01,-1.230776160955429077e-01
1.502097249031066895e-01,-1.349738121032714844e+00
8.144071102142333984e-01,-1.273054122924804688e+00
-1.352165043354034424e-01,-1.231675267219543457e+00
8.625136017799377441e-01,8.516393899917602539e-01
1.410582065582275391e+00,5.721960663795471191e-01
3.224076271057128906e+00,2.595242023468017578e+00
1.621237397193908691e-01,-2.313178181648254395e-01
-1.005387380719184875e-01,-3.639770448207855225e-01
-1.995021700859069824e-01,7.306773066520690918e-01
1.538376092910766602e+00,5.579249262809753418e-01
-1.092109799385070801e+00,7.276051044464111328e-01
6.191703677177429199e-01,1.194209679961204529e-01
6.918284893035888672e-01,-1.247277140617370605e+00
4.433363914489746094e+00,-2.347870588302612305e+00
-6.515927910804748535e-01,-9.752480387687683105e-01
3.426911234855651855e-01,-1.332108855247497559e+00
1.135613322257995605e+00,1.485703289508819580e-01
1.367282122373580933e-02,-1.588385462760925293e+00
-1.746273636817932129e-01,-1.249948978424072266e+00
-4.335231184959411621e-01,-2.673501372337341309e-01
1.648932322859764099e-02,-2.423122525215148926e-01
2.938552618026733398e+00,3.328763544559478760e-01
-5.552762746810913086e-01,-1.089980959892272949e+00
8.594266772270202637e-01,-6.114397048950195312e-01
1.830138206481933594e+00,5.816184878349304199e-01
4.654408693313598633e-01,-4.259618818759918213e-01
2.584210634231567383e+00,1.386246562004089355e+00
5.233426690101623535e-01,4.377847611904144287e-01
-7.933330535888671875e-01,-7.718110829591751099e-02
8.573637604713439941e-01,-5.869336128234863281e-01
5.579518675804138184e-01,-1.331436634063720703e+00
-1.113130569458007812e+00,6.946398615837097168e-01
4.351902902126312256e-01,-2.770890593528747559e-01
3.356462419033050537e-01,1.554438769817352295e-01
-1.109670162200927734e+00,7.532463669776916504e-01
-3.092439472675323486e-01,6.285980343818664551e-01
2.577412724494934082e-01,-1.159429788589477539e+00
9.920287877321243286e-02,-1.030178785324096680e+00
6.015641689300537109e-01,-2.131046354770660400e-01
1.647307395935058594e+00,1.628359079360961914e+00
-5.629993081092834473e-01,6.553633213043212891e-01
-4.431482553482055664e-01,-1.107137084007263184e+00
-2.480703592300415039e-01,2.451946139335632324e-01
-5.530750378966331482e-02,-1.073587179183959961e+00
-1.333106402307748795e-02,-2.799013257026672363e-01
1.327044129371643066e+00,5.098171830177307129e-01
1.682732224464416504e+00,6.338562071323394775e-02
-1.366448044776916504e+00,8.131428360939025879e-01
2.795782089233398438e-01,1.409701406955718994e-01
-7.714495062828063965e-01,-1.435384869575500488e+00
-1.747161269187927246e+00,1.679471731185913086e+00
1.433246850967407227e+00,7.813372462987899780e-02
-2.450817823410034180e+00,-9.014118909835815430e-01
-1.846468567848205566e+00,2.551171779632568359e-01
2.325031459331512451e-01,1.025953412055969238e+00
1.031087279319763184e+00,-1.319301962852478027e+00
5.267165601253509521e-02,-2.729325056076049805e+00
3.398725986480712891e-01,9.147153049707412720e-02
4.586329460144042969e-01,-5.940173268318176270e-01
1.327389478683471680e+00,-1.448931813240051270e+00
-1.413741111755371094e-01,-2.159993648529052734e+00
-1.924309432506561279e-01,-2.013120174407958984e+00
7.355626672506332397e-02,-4.927782714366912842e-01
1.486719548702239990e-01,1.149719834327697754e+00
-1.128739476203918457e+00,6.095550060272216797e-01
2.447756528854370117e+00,1.495250165462493896e-01
1.060694932937622070e+00,-1.470387220382690430e+00
7.392971217632293701e-02,-3.843951821327209473e-01
-5.200071930885314941e-01,-1.013208851218223572e-01
1.418138146400451660e-01,2.321428954601287842e-01
-1.744121909141540527e-01,-4.686886668205261230e-01
2.216519832611083984e+00,1.281746625900268555e+00
1.298537552356719971e-01,-1.296415030956268311e-01
-5.078676342964172363e-01,6.116793155670166016e-01
-8.743764162063598633e-01,8.110229372978210449e-01
5.364333391189575195e-01,4.233369827270507812e-01
6.191703677177429199e-01,1.194209679961204529e-01
9.458822011947631836e-02,-9.397669434547424316e-01
2.019075155258178711e+00,1.486551880836486816e+00
-2.234249711036682129e-01,-4.068505764007568359e-01
-2.117995023727416992e-01,-8.648829460144042969e-01
1.084973290562629700e-01,-1.133477449417114258e+00
7.273752093315124512e-01,8.423586487770080566e-01
-2.078840732574462891e-01,-1.635264791548252106e-02
4.912288784980773926e-01,1.443932175636291504e+00
1.084454581141471863e-01,1.194042205810546875e+00
9.638258814811706543e-01,8.246487379074096680e-01
2.865329384803771973e-02,-2.348513841629028320e+00
5.504007935523986816e-01,9.426052570343017578e-01
-7.255058288574218750e-01,-1.481888294219970703e+00
-9.756838083267211914e-01,1.319319248199462891e+00
1.550139546394348145e+00,-5.463971495628356934e-01
1.242115974426269531e+00,3.209599554538726807e-01
-8.697116374969482422e-01,1.232212066650390625e+00
-1.018117427825927734e+00,1.290136814117431641e+00
1.980758011341094971e-01,-1.153159499168395996e+00
-8.370389044284820557e-02,-1.359107375144958496e+00
6.810809969902038574e-01,4.256952404975891113e-01
-1.865840256214141846e-01,-1.225620031356811523e+00
-4.871387183666229248e-01,-3.414444923400878906e+00
-7.778595387935638428e-02,-1.141657948493957520e+00
4.726471900939941406e-01,-1.155282020568847656e+00
2.150942385196685791e-02,-1.168946266174316406e+00
7.850848138332366943e-02,-1.772331476211547852e+00
6.447623372077941895e-01,-4.667956531047821045e-01
-1.061388179659843445e-01,-2.170384407043457031e+00
2.095040380954742432e-01,4.599931836128234863e-01
-4.424657523632049561e-01,-1.239522576332092285e+00
2.905486106872558594e+00,1.930610895156860352e+00
-1.333106402307748795e-02,-2.799013257026672363e-01
1.342718899250030518e-01,6.012971699237823486e-02
-1.251891493797302246e+00,1.027463436126708984e+00
6.940414309501647949e-01,4.732056856155395508e-01
1.524605393409729004e+00,-4.093215763568878174e-01
-1.059210300445556641e+00,8.284854292869567871e-01
-3.949825763702392578e-01,-6.297814846038818359e-02
1.221506372094154358e-01,-9.498516321182250977e-01
1.565777420997619629e+00,1.285225868225097656e+00
7.302235066890716553e-02,-1.564819365739822388e-01
1.452423214912414551e+00,-3.118092417716979980e-01
-3.035563528537750244e-01,1.325620293617248535e+00
1.118294671177864075e-01,-1.941752910614013672e+00
-2.403986454010009766e+00,-5.612129569053649902e-01
-2.524718523025512695e+00,4.703660011291503906e-01
2.522483468055725098e-01,1.305171608924865723e+00
1.975696161389350891e-02,-1.059339165687561035e+00
-5.449498891830444336e-01,-3.755965232849121094e-01
-7.727556228637695312e-01,-2.612071931362152100e-01
-5.119179487228393555e-01,-2.694748938083648682e-01
1.232916235923767090e+00,-2.195532321929931641e-01
7.545441985130310059e-01,-5.887730717658996582e-01
1.205777004361152649e-02,2.220680713653564453e-01
2.154995203018188477e+00,3.000137209892272949e-02
-4.421172738075256348e-01,-2.442911453545093536e-02
1.289934873580932617e+00,2.120781838893890381e-01
3.317203760147094727e+00,2.750588953495025635e-01
8.343429565429687500e-01,1.201155185699462891e+00
-7.912588119506835938e-02,-1.131253004074096680e+00
2.223688840866088867e+00,5.797154307365417480e-01
6.411532759666442871e-01,6.288440227508544922e-01
1.615122705698013306e-02,-1.660394072532653809e-01
1.355446219444274902e+00,7.993698865175247192e-02
8.188633918762207031e-01,-1.373795628547668457e+00
6.324705481529235840e-01,-1.190019771456718445e-01
8.227985501289367676e-01,2.572181075811386108e-02
-3.922022581100463867e-01,2.409887313842773438e-02
4.810639619827270508e-01,-1.238113880157470703e+00
-5.501857027411460876e-02,-5.572966337203979492e-01
-6.413226947188377380e-03,1.851208567619323730e+00
1.408106446266174316e+00,1.504765033721923828e+00
1.806813180446624756e-01,-2.341170787811279297e+00
-8.090194314718246460e-03,-1.327288746833801270e+00
-4.747959077358245850e-01,-2.647388167679309845e-02
7.697901725769042969e-01,3.993040919303894043e-01
1.396622955799102783e-01,4.130319058895111084e-01
-5.618878602981567383e-01,-1.348290562629699707e+00
1.229959055781364441e-01,-9.463835954666137695e-01
1.590875267982482910e+00,-4.668123126029968262e-01
1.119321107864379883e+00,1.133505105972290039e+00
8.397753238677978516e-01,6.995981335639953613e-01
-6.568290591239929199e-01,2.558641135692596436e-01
3.589284121990203857e-01,4.389916062355041504e-01
2.676831245422363281e+00,2.672293424606323242e+00
3.108424842357635498e-01,3.810299634933471680e-01
2.243792116641998291e-01,-5.745565146207809448e-02
6.193800270557403564e-02,2.747084200382232666e-02
-1.485870629549026489e-01,-1.217077732086181641e+00
-2.193121612071990967e-01,-8.613491654396057129e-01
-2.555296123027801514e-01,-1.143047928810119629e+00
1.342870354652404785e+00,-9.673161804676055908e-02
2.602588012814521790e-02,-3.163052797317504883e-01
-1.370612718164920807e-02,1.432853102684020996e+00
7.660098075866699219e-01,-1.177534341812133789e+00
-2.390506267547607422e+00,-1.224783420562744141e+00
-1.329522430896759033e-01,-8.185397386550903320e-01
1.099041581153869629e+00,-2.613696575164794922e+00
8.653560280799865723e-01,-1.475999712944030762e+00
1.235404834151268005e-01,-5.386400818824768066e-01
1.021081924438476562e+00,1.437981009483337402e+00
-4.241382181644439697e-01,-6.947185397148132324e-01
-4.491259455680847168e-01,-5.122389197349548340e-01
-3.045350015163421631e-01,-1.253802537918090820e+00
7.146373987197875977e-01,7.083817124366760254e-01
1.294838428497314453e+00,-6.823676824569702148e-02
-3.948122859001159668e-01,-1.097034335136413574e+00
1.405097246170043945e-01,-1.838578879833221436e-01
1.337509036064147949e+00,5.991384983062744141e-01
-1.859430968761444092e-01,-1.140963196754455566e+00
6.596418470144271851e-02,-2.125214338302612305e+00
1.398087143898010254e+00,4.249492287635803223e-01
-1.283105909824371338e-01,-2.255696654319763184e-01
5.202281475067138672e-01,-1.669771075248718262e+00
1.231893658638000488e+00,1.184765771031379700e-01
-6.772475242614746094e-01,1.239602491259574890e-01
-7.118523716926574707e-01,-1.139713644981384277e+00
5.147850513458251953e-02,-1.452939391136169434e+00
-5.345867276191711426e-01,8.673245310783386230e-01
-4.747917950153350830e-01,2.050304412841796875e+00
2.675605416297912598e-01,-5.892081856727600098e-01
1.763453841209411621e+00,4.357823729515075684e-01
-2.031886577606201172e-01,-1.040874838829040527e+00
-1.784218549728393555e-01,-1.095787286758422852e+00
-1.982602775096893311e-01,-2.803302764892578125e+00
4.299412965774536133e-01,1.745166778564453125e-01
2.269879281520843506e-01,1.565103232860565186e-01
7.805424928665161133e-01,4.674392342567443848e-01
-2.298525571823120117e-01,-9.666005373001098633e-01
-7.469978928565979004e-01,-1.491742014884948730e+00
1.879365742206573486e-02,-2.053781032562255859e+00
-7.012174129486083984e-01,8.191959857940673828e-01
4.858250021934509277e-01,-4.270947873592376709e-01
6.796777844429016113e-01,-4.328117147088050842e-02
-4.838457703590393066e-01,-3.585542738437652588e-01
8.085949420928955078e-01,-5.816086530685424805e-01
-3.373876214027404785e-01,-3.191173076629638672e-01
-5.133140832185745239e-02,-2.394200801849365234e+00
4.717503786087036133e-01,1.316252052783966064e-01
2.744199931621551514e-01,4.141468405723571777e-01
6.311902403831481934e-01,2.191061735153198242e+00
-8.502976298332214355e-01,5.655519664287567139e-02
5.055543184280395508e-01,5.407851338386535645e-01
-9.397302865982055664e-01,-3.480626344680786133e-01
-6.904929876327514648e-01,5.015679001808166504e-01
-1.474131941795349121e-01,7.923111319541931152e-01
-7.098100185394287109e-01,-2.616927921772003174e-01
-1.687129437923431396e-01,2.995223402976989746e-01
3.406981229782104492e-01,1.259267449378967285e+00
-9.876827597618103027e-01,9.727813601493835449e-01
-7.746422290802001953e-01,7.250533699989318848e-01
-3.425516366958618164e+00,1.392805457115173340e+00
6.447632908821105957e-01,-8.187922090291976929e-02
-9.105193614959716797e-01,1.002870202064514160e+00
-8.925308585166931152e-01,-1.084238886833190918e+00
-2.634235918521881104e-01,-1.086298465728759766e+00
2.199275791645050049e-01,-1.604622900485992432e-01
-5.349673032760620117e-01,-2.589731454849243164e+00
8.644519448280334473e-01,2.444580793380737305e-01
4.808223247528076172e-01,-2.904455065727233887e-01
-5.200914740562438965e-01,4.434456825256347656e-01
6.121741533279418945e-01,-2.607352137565612793e-01
1.577599644660949707e-01,-2.304230213165283203e+00
5.465587228536605835e-02,-1.025209650397300720e-01
-2.530071735382080078e-01,-1.199776649475097656e+00
9.337922930717468262e-01,-1.235482096672058105e+00
-4.055925458669662476e-02,-1.182425498962402344e+00
1.818821728229522705e-01,-2.529981851577758789e+00
-4.003244042396545410e-01,-5.980274826288223267e-02
-1.942459702491760254e+00,2.128421545028686523e+00
1.830138206481933594e+00,5.816184878349304199e-01
1.102861985564231873e-01,-1.538831233978271484e+00
-6.727141737937927246e-01,-1.968392431735992432e-01
3.386425673961639404e-01,2.736494243144989014e-01
1.135613322257995605e+00,1.485703289508819580e-01
1.697838783264160156e+00,5.449464321136474609e-01
-3.819299340248107910e-01,1.038735285401344299e-01
3.391996622085571289e-01,1.581853270530700684e+00
-1.048543080687522888e-01,1.733239173889160156e+00
6.198078393936157227e-03,-1.210070013999938965e+00
2.925103008747100830e-01,-8.763636946678161621e-01
-3.423387408256530762e-01,2.320139706134796143e-01
7.702264785766601562e-01,4.893179535865783691e-01
-4.070875942707061768e-01,-7.641369104385375977e-02
-5.078676342964172363e-01,6.116793155670166016e-01
-1.194274783134460449e+00,1.187972187995910645e+00
5.562072992324829102e-01,-6.353617310523986816e-01
-1.538209319114685059e-01,1.255322992801666260e-01
1.534101366996765137e-01,-2.199071884155273438e+00
-1.304628491401672363e+00,3.228651583194732666e-01
2.458191394805908203e+00,-1.545141935348510742e-01
6.815055608749389648e-01,2.387852668762207031e-01
-8.245077133178710938e-01,1.042722225189208984e+00
-8.655986189842224121e-02,-1.272845745086669922e+00
2.202441990375518799e-01,-1.925764918327331543e+00
-1.359495520591735840e-01,-1.161130785942077637e+00
-4.472940266132354736e-01,-6.417948007583618164e-01
-1.048543080687522888e-01,1.733239173889160156e+00
1.342993140220642090e+00,1.908418238162994385e-01
6.290726661682128906e-01,-1.105948463082313538e-01
-5.948824286460876465e-01,-9.651429057121276855e-01
1.106049895286560059e+00,4.054830372333526611e-01
4.283309280872344971e-01,4.722000956535339355e-01
-2.326024532318115234e+00,1.775782346725463867e+00
6.682721376419067383e-01,1.523196101188659668e-01
1.027284637093544006e-01,-5.678837895393371582e-01
1.333735704421997070e+00,9.495583772659301758e-01
-3.334714099764823914e-02,-1.206437110900878906e+00
-4.018230140209197998e-01,-5.083550810813903809e-01
5.213629454374313354e-02,-1.917174756526947021e-01
7.273752093315124512e-01,8.423586487770080566e-01
6.522231698036193848e-01,2.020146548748016357e-01
-4.464201033115386963e-01,4.140833765268325806e-02
1.708676576614379883e+00,1.943262219429016113e-01
3.069348931312561035e-01,2.559413909912109375e-01
-3.748793900012969971e-02,-5.821644067764282227e-01
-4.194428920745849609e+00,1.591886758804321289e+00
1.030336692929267883e-02,-1.195300579071044922e+00
-3.688983619213104248e-01,-1.183203458786010742e+00
6.023646593093872070e-01,9.975094348192214966e-02
1.546375393867492676e+00,3.177884966135025024e-02
-2.281217575073242188e+00,2.267815828323364258e+00
8.244397044181823730e-01,3.919738531112670898e-01
-1.365436613559722900e-01,-1.306720972061157227e+00
-5.218188166618347168e-01,-4.512204229831695557e-01
1.464255154132843018e-01,-1.043197631835937500e+00
-4.231968879699707031e+00,1.015609741210937500e+00
2.309909090399742126e-02,1.169693112373352051e+00
1.202517390251159668e+00,-2.576358616352081299e-03
-1.150274872779846191e+00,8.878749012947082520e-01
3.187364339828491211e-01,-2.129427433013916016e+00
-7.190478444099426270e-01,7.656918168067932129e-01
-9.366992712020874023e-01,2.108948707580566406e+00
-2.915167212486267090e-01,-3.863819539546966553e-01
-7.179995179176330566e-01,-1.230776160955429077e-01
-4.831451177597045898e-01,-1.112001538276672363e+00
4.939854145050048828e-01,-3.046529293060302734e-01
6.562898755073547363e-01,2.620702087879180908e-01
3.749860823154449463e-01,-1.587800383567810059e-01
4.941297173500061035e-01,4.914030432701110840e-02
-3.302529573440551758e+00,1.449384808540344238e+00
3.123016282916069031e-02,-2.067959785461425781e+00
6.707541942596435547e-01,5.464106798171997070e-01
1.379962086677551270e+00,-1.586090326309204102e-01
1.964880228042602539e-01,-1.642957180738449097e-01
4.701656401157379150e-01,-7.781155705451965332e-01
-5.099076032638549805e-01,-1.105769872665405273e+00
-7.118040919303894043e-01,1.166748642921447754e+00
1.296284437179565430e+00,5.064003467559814453e-01
-3.797849714756011963e-01,-6.094045042991638184e-01
-4.933854639530181885e-01,7.651633024215698242e-02
-2.410841882228851318e-01,-1.185731530189514160e+00
1.879977464675903320e+00,9.511364102363586426e-01
-1.738193154335021973e+00,6.249498724937438965e-01
-3.092775106430053711e+00,-2.192280590534210205e-01
6.172360777854919434e-01,2.262098789215087891e-01
-1.563780605792999268e-01,8.528378009796142578e-01
-5.594547986984252930e-01,-8.009840250015258789e-01
3.590475916862487793e-01,-8.558082580566406250e-01
9.645979851484298706e-02,-8.725153803825378418e-01
1.970618963241577148e-01,2.926533818244934082e-01
8.415577560663223267e-02,-2.976562082767486572e-01
4.630017757415771484e+00,2.145053625106811523e+00
-4.625851213932037354e-01,-1.884023308753967285e+00
-6.598374843597412109e-01,4.827767372131347656e+00
-4.812617301940917969e+00,2.760586500167846680e+00
2.954850494861602783e-01,9.400110244750976562e-01
4.628301262855529785e-01,7.001035809516906738e-01
-3.297318518161773682e-02,-2.350508868694305420e-01
2.542043030261993408e-01,-2.041819989681243896e-01
-9.044911861419677734e-01,1.253731369972229004e+00
1.201271295547485352e+00,8.057825267314910889e-02
-3.070949912071228027e-01,3.912263363599777222e-02
1.093967318534851074e+00,-1.284954428672790527e+00
-1.066215783357620239e-01,2.850182354450225830e-01
6.851886510848999023e-01,-4.218109548091888428e-01
1.495561957359313965e+00,3.790049254894256592e-01
1.151512861251831055e+00,-3.616150468587875366e-02
-7.351412773132324219e-01,-2.085597515106201172e-01
-7.653524279594421387e-01,1.708580851554870605e+00
-1.331850141286849976e-01,-1.190908074378967285e+00
-7.711908817291259766e-01,-1.392297863960266113e+00
-1.250576674938201904e-01,-1.136129379272460938e+00
-2.094801962375640869e-01,-1.134775638580322266e+00
-1.574720978736877441e+00,3.340680599212646484e-01
9.254074692726135254e-01,-6.165000796318054199e-01
1.385627627372741699e+00,-7.169189453125000000e-01
7.587742805480957031e-01,7.793188095092773438e-01
-2.050187587738037109e-01,-3.016942739486694336e-01
2.769809365272521973e-01,1.813804805278778076e-01
2.846845626831054688e+00,-2.543392658233642578e+00
1.446719646453857422e+00,8.286311626434326172e-01
-3.045350015163421631e-01,-1.253802537918090820e+00
3.623014211654663086e+00,-1.820739805698394775e-01
9.486299157142639160e-01,-2.852981328964233398e+00
-7.897835373878479004e-01,-1.322170257568359375e+00
1.237182617187500000e+00,1.147475093603134155e-02
-5.349506735801696777e-01,-3.577063083648681641e-01
8.406754732131958008e-01,-1.236903548240661621e+00
-1.189327239990234375e-02,-1.740411221981048584e-01
-3.269317746162414551e-01,5.585397481918334961e-01
-1.859430968761444092e-01,-1.140963196754455566e+00
-4.335231184959411621e-01,-2.673501372337341309e-01
2.704818844795227051e-01,4.862285852432250977e-01
5.075711607933044434e-01,-3.048162460327148438e-01
-8.657832145690917969e-01,-9.387586265802383423e-03
1.634542644023895264e-01,7.743706703186035156e-01
-8.657832145690917969e-01,-9.387586265802383423e-03
-2.427347421646118164e+00,-9.527246952056884766e-01
6.343252211809158325e-02,-1.214583754539489746e+00
1.287397027015686035e+00,3.691817522048950195e-01
-1.189327239990234375e-02,-1.740411221981048584e-01
1.543496251106262207e-01,-2.071494579315185547e+00
-3.563364446163177490e-01,1.859818398952484131e-01
2.674206793308258057e-01,-8.467043042182922363e-01
-2.143939435482025146e-01,-2.535267829895019531e+00
-5.882240533828735352e-01,-1.115932583808898926e+00
-8.410385251045227051e-01,1.149043917655944824e+00
-1.930275559425354004e-01,-1.173353433609008789e+00
2.951025366783142090e-01,3.367784321308135986e-01
2.902790904045104980e-01,6.889215707778930664e-01
3.297546803951263428e-01,2.437687516212463379e-01
-4.456875324249267578e-01,-1.210603594779968262e+00
5.566190481185913086e-01,1.074589416384696960e-01
6.801108121871948242e-01,-1.130188107490539551e+00
1.546086311340332031e+00,1.107639789581298828e+00
-1.344487369060516357e-01,-1.802914619445800781e+00
-2.190307974815368652e-01,-7.890728116035461426e-02
-6.219384074211120605e-01,-1.082327842712402344e+00
1.283514738082885742e+00,9.059485793113708496e-01
-8.980299830436706543e-01,-4.359977543354034424e-01
-1.604270100593566895e+00,3.814120531082153320e+00
-7.462121546268463135e-02,-1.481336474418640137e+00
-4.956675469875335693e-01,-1.166651844978332520e+00
-7.593091726303100586e-01,-1.277848720550537109e+00
7.680098414421081543e-01,2.968652486801147461e+00
-9.498766660690307617e-01,-2.782123982906341553e-01
-1.171574473381042480e+00,1.887046217918395996e+00
-3.042649269104003906e+00,-6.082357764244079590e-01
-2.291868925094604492e-01,-1.273556709289550781e+00
4.603786468505859375e-01,-3.490618765354156494e-01
-4.883909821510314941e-01,-3.575511574745178223e-01
-1.025643274188041687e-01,-1.130983352661132812e+00
-4.221992492675781250e-01,4.509409517049789429e-02
-9.176891297101974487e-02,-1.171930655837059021e-01
2.048254609107971191e-01,-9.740979671478271484e-01
-6.598374843597412109e-01,4.827767372131347656e+00
6.726261973381042480e-01,1.825239896774291992e+00
7.175700366497039795e-02,-1.392060518264770508e+00
-1.454541325569152832e+00,1.049895048141479492e+00
-4.481320381164550781e-01,1.142545044422149658e-02
-4.306421577930450439e-01,-1.116365909576416016e+00
-1.460984230041503906e+00,1.976261019706726074e+00
1.162953615188598633e+00,1.657122969627380371e-01
2.414802312850952148e-01,2.795295476913452148e+00
-5.222399830818176270e-01,-4.826490879058837891e-01
-5.162899494171142578e-01,7.747388482093811035e-01
-2.175006642937660217e-02,-1.001913189888000488e+00
-1.406252533197402954e-01,-1.205595731735229492e+00
5.955238938331604004e-01,3.599169552326202393e-01
-9.010171890258789062e-01,-2.624036073684692383e-01
-1.170001864433288574e+00,-8.501712977886199951e-02
9.007409214973449707e-01,-2.402324438095092773e+00
8.471980690956115723e-02,1.517411470413208008e-01
1.266216039657592773e-01,-3.994857519865036011e-02
-6.351067423820495605e-01,-5.544323325157165527e-01
2.199275791645050049e-01,-1.604622900485992432e-01
3.916315317153930664e+00,3.187254071235656738e-01
9.295000433921813965e-01,5.863663554191589355e-02
-5.449498891830444336e-01,-3.755965232849121094e-01
1.206909641623497009e-01,2.704168081283569336e+00
-2.361986398696899414e+00,-4.212366640567779541e-01
6.810809969902038574e-01,4.256952404975891113e-01
1.303092837333679199e-01,-1.932989358901977539e-01
4.232236146926879883e-01,4.014976620674133301e-01
-4.506282508373260498e-02,-9.173009395599365234e-01
-1.500768542289733887e+00,1.810309648513793945e+00
-8.013581037521362305e-01,9.328272342681884766e-01
-1.194274783134460449e+00,1.187972187995910645e+00
-8.098746538162231445e-01,7.402628660202026367e-01
1.046236634254455566e+00,4.610478281974792480e-01
1.450393557548522949e+00,1.272352814674377441e+00
-5.948824286460876465e-01,-9.651429057121276855e-01
6.937611103057861328e-01,1.093968674540519714e-01
1.190171957015991211e+00,7.727460265159606934e-01
-1.028564810752868652e+00,-4.999453723430633545e-01
-8.127164244651794434e-01,1.734280943870544434e+00
-8.127601444721221924e-02,-1.174755573272705078e+00
-1.520395278930664062e-01,6.646522134542465210e-02
-2.653797566890716553e-01,-1.087023019790649414e+00
7.174316048622131348e-01,3.104517161846160889e-01
-2.407256841659545898e+00,-1.105140924453735352e+00
-3.689405918121337891e-01,-6.362456828355789185e-02
-2.307972908020019531e-01,-1.204003453254699707e+00
-2.564076185226440430e-01,-6.843606829643249512e-01
-1.657975912094116211e-01,1.791219830513000488e+00
-2.936887443065643311e-01,-1.399938702583312988e+00
2.783337235450744629e-01,-1.602052524685859680e-02
1.354110479354858398e+00,3.246432244777679443e-01
-2.398253202438354492e+00,-2.576050460338592529e-01
9.937438964843750000e-01,9.701253771781921387e-01
1.960462331771850586e-01,-1.143392920494079590e+00
9.742764383554458618e-02,-2.027275264263153076e-01
-1.564046442508697510e-01,-6.154745072126388550e-02
-1.304628491401672363e+00,3.228651583194732666e-01
-4.058531820774078369e-01,-3.415475785732269287e-01
-7.915874123573303223e-01,5.149587988853454590e-01
-9.176891297101974487e-02,-1.171930655837059021e-01
9.541295766830444336e-01,8.175930380821228027e-01
2.146790623664855957e-01,-2.646259367465972900e-01
-2.772722542285919189e-01,-1.255046725273132324e+00
6.934967041015625000e-01,-3.240756988525390625e-01
6.120386123657226562e-01,6.192474961280822754e-01
-6.918942332267761230e-01,-5.031868219375610352e-01
1.206539511680603027e+00,2.244299054145812988e-01
2.771137356758117676e-01,1.431454420089721680e-01
-7.691055536270141602e-03,-2.127054929733276367e+00
2.011205911636352539e+00,6.673895120620727539e-01
6.578317284584045410e-01,4.963369369506835938e-01
2.106637239456176758e+00,2.903651297092437744e-01
-4.329852461814880371e-01,8.983160853385925293e-01
-3.380498290061950684e-02,-1.145819783210754395e+00
-2.178858518600463867e+00,-1.395855069160461426e+00
-2.291031777858734131e-01,-2.526416778564453125e+00
2.602909505367279053e-01,8.271086961030960083e-02
-3.131998777389526367e-01,-3.447445109486579895e-02
-3.713491261005401611e-01,-1.251839041709899902e+00
7.716141641139984131e-02,1.622097253799438477e+00
-3.092439472675323486e-01,6.285980343818664551e-01
8.945665955543518066e-01,-9.494160413742065430e-01
2.214221358299255371e-01,-2.332819223403930664e+00
-4.812617301940917969e+00,2.760586500167846680e+00
1.486870944499969482e-01,1.350123882293701172e+00
1.317162871360778809e+00,3.542318940162658691e-01
-1.056736893951892853e-02,-1.177428483963012695e+00
5.658488869667053223e-01,1.676028668880462646e-01
-6.249223947525024414e-01,-1.357642531394958496e+00
-6.746351718902587891e-01,1.816720008850097656e+00
-4.952203482389450073e-02,-2.299643754959106445e+00
-3.025934696197509766e-01,5.184860229492187500e-01
9.470421075820922852e-01,1.435748457908630371e+00
-1.087201952934265137e+00,4.996896386146545410e-01
-5.972467064857482910e-01,-2.876089215278625488e-01
-1.028048634529113770e+00,1.853378891944885254e+00
-4.447662234306335449e-01,-1.758274435997009277e-01
-4.621898829936981201e-01,-3.585233092308044434e-01
-5.676833987236022949e-01,-8.935534358024597168e-01
-8.566316962242126465e-01,5.420802831649780273e-01
-3.373876214027404785e-01,-3.191173076629638672e-01
4.147940129041671753e-02,-1.819808959960937500e+00
2.714942455291748047e+00,1.551788449287414551e+00
8.957919478416442871e-02,1.213393330574035645e+00
-2.901194095611572266e-01,-3.400897264480590820e+00
1.428513646125793457e+00,-1.944617509841918945e+00
-2.944550275802612305e+00,7.368353605270385742e-01
8.215768635272979736e-02,-1.897776424884796143e-01
-3.105936348438262939e-01,-1.441656947135925293e+00
1.088337540626525879e+00,2.337300300598144531e+00
-2.180820226669311523e+00,-1.272235274314880371e+00
2.667697191238403320e+00,9.325499534606933594e-01
1.533260941505432129e+00,6.357213258743286133e-01
3.425237834453582764e-01,1.554558873176574707e-01
9.033066630363464355e-01,8.426813483238220215e-01
6.378148496150970459e-02,-2.330222129821777344e-01
3.039861440658569336e+00,-4.161134958267211914e-01
9.272911548614501953e-01,-2.286489486694335938e+00
7.450845241546630859e-01,2.071532607078552246e-01
2.105661928653717041e-01,-1.133475899696350098e+00
-2.373116612434387207e-01,-7.144985198974609375e-01
1.446719646453857422e+00,8.286311626434326172e-01
1.021081924438476562e+00,1.437981009483337402e+00
-3.438368439674377441e-01,-5.804930329322814941e-01
-1.155384927988052368e-01,-6.019666790962219238e-01
3.391996622085571289e-01,1.581853270530700684e+00
-1.365698575973510742e+00,5.733489394187927246e-01
1.345340967178344727e+00,1.696932196617126465e+00
2.371951937675476074e-03,1.307470351457595825e-02
-1.640966236591339111e-01,-4.617518186569213867e-01
1.909046173095703125e-01,1.101590514183044434e+00
-8.323651552200317383e-01,7.489652037620544434e-01
1.185473918914794922e+00,-8.139576762914657593e-03
2.121407389640808105e-01,4.641742229461669922e+00
-1.314469456672668457e+00,-1.869277119636535645e+00
-2.159234881401062012e-01,-1.189926028251647949e+00
-1.004555106163024902e+00,7.909370660781860352e-01
8.412982225418090820e-01,9.384245276451110840e-01
-2.318504750728607178e-01,-3.576026856899261475e-02
-1.586329638957977295e-01,-5.485754013061523438e-01
2.484964951872825623e-02,-2.308864891529083252e-01
-6.114553213119506836e-01,5.127597600221633911e-02
-1.400576949119567871e+00,1.406338334083557129e+00
9.537503123283386230e-03,-1.118862986564636230e+00
-8.305718749761581421e-02,-1.228528022766113281e+00
-3.441475033760070801e-01,-1.142423987388610840e+00
1.458869695663452148e+00,2.348005533218383789e+00
-3.162479698657989502e-01,-3.169542849063873291e-01
-5.186132788658142090e-01,-3.098418474197387695e+00
1.036404132843017578e+00,2.825098931789398193e-01
-5.259584784507751465e-01,7.500674128532409668e-01
8.538665175437927246e-01,1.025407075881958008e+00
3.694873809814453125e+00,1.247114300727844238e+00
1.058397531509399414e+00,1.996254563331604004e+00
-7.034845948219299316e-01,-4.471360445022583008e-01
-4.512271583080291748e-01,-1.291523933410644531e+00
1.620478391647338867e+00,3.974533081054687500e-02
1.751287817955017090e+00,3.112599253654479980e-01
8.227985501289367676e-01,2.572181075811386108e-02
-8.740507066249847412e-02,-1.542656719684600830e-01
2.105661928653717041e-01,-1.133475899696350098e+00
4.891651272773742676e-01,-2.069592177867889404e-01
6.206867843866348267e-02,-9.882882833480834961e-01
3.309662044048309326e-01,-2.216714143753051758e+00
6.468935608863830566e-01,1.815395832061767578e+00
-1.369214504957199097e-01,-1.101550459861755371e+00
-1.379791736602783203e+00,2.315073728561401367e+00
5.702306628227233887e-01,1.397811889648437500e+00
1.106049895286560059e+00,4.054830372333526611e-01
-1.564471125602722168e-01,-5.385681390762329102e-01
-1.253997720777988434e-02,-1.171160340309143066e+00
-8.140874505043029785e-01,4.276029765605926514e-01
1.111990958452224731e-02,-2.312165975570678711e+00
5.643025040626525879e-01,3.114800453186035156e-01
8.924299478530883789e-01,8.616256713867187500e-01
-7.912588119506835938e-02,-1.131253004074096680e+00
5.970449000597000122e-02,-7.524456083774566650e-02
3.888304233551025391e-01,-6.297176480293273926e-01
-5.303999781608581543e-01,-2.577172279357910156e+00
-3.491901874542236328e+00,-2.977414727210998535e-01
-3.553328514099121094e-01,-4.389297068119049072e-01
-7.871349453926086426e-01,-1.399264335632324219e+00
-4.583303928375244141e-01,-1.396938860416412354e-01
-2.360735535621643066e-01,-1.243218183517456055e+00
2.300644814968109131e-01,-2.277283191680908203e+00
-1.066215783357620239e-01,2.850182354450225830e-01
3.092212080955505371e-01,-1.395392537117004395e+00
3.389656841754913330e-01,-1.294291734695434570e+00
3.211900293827056885e-01,-7.282019257545471191e-01
-1.867810189723968506e-01,2.407707273960113525e-02
-4.341854453086853027e-01,7.416238188743591309e-01
1.126226782798767090e-02,-2.275174379348754883e+00
1.832424759864807129e+00,6.361917257308959961e-01
7.203965187072753906e-01,7.519161701202392578e-01
-1.329522430896759033e-01,-8.185397386550903320e-01
3.622301220893859863e-01,3.250767588615417480e-01
1.672417879104614258e+00,9.232947230339050293e-01
9.236403703689575195e-01,3.412757515907287598e-01
1.063180088996887207e+00,1.592374444007873535e-01
6.290726661682128906e-01,-1.105948463082313538e-01
1.627543210983276367e+00,-4.315023124217987061e-01
8.074887096881866455e-03,-2.174239158630371094e-01
-1.554549098014831543e+00,-1.377580285072326660e+00
-2.716929465532302856e-02,-1.245830893516540527e+00
-4.871387183666229248e-01,-3.414444923400878906e+00
1.288981139659881592e-01,-1.658487319946289062e+00
-4.622430801391601562e-01,-3.420141637325286865e-01
1.228290438652038574e+00,5.961504578590393066e-02
-9.112282395362854004e-01,1.048398137092590332e+00
-2.455123186111450195e+00,-1.710849404335021973e-01
8.630238473415374756e-02,8.788863420486450195e-01
5.055543184280395508e-01,5.407851338386535645e-01
8.738180994987487793e-01,1.115137577056884766e+00
3.265676498413085938e-01,-2.181535065174102783e-01
-1.362631082534790039e+00,1.146397829055786133e+00
1.678942441940307617e+00,6.081824302673339844e-01
5.881648063659667969e-01,6.165191531181335449e-01
-4.625851213932037354e-01,-1.884023308753967285e+00
-8.668495416641235352e-01,1.465644955635070801e+00
1.373267531394958496e+00,1.152956962585449219e+00
-4.088830947875976562e-01,-3.411796092987060547e-01
7.163557410240173340e-01,7.034212350845336914e-01
2.484964951872825623e-02,-2.308864891529083252e-01
1.089696064591407776e-01,1.333694100379943848e+00
6.968729197978973389e-03,9.349035471677780151e-02
6.411532759666442871e-01,6.288440227508544922e-01
6.895816326141357422e-01,3.796501457691192627e-01
3.170030415058135986e-01,1.729885637760162354e-01
1.073198318481445312e+00,3.532077372074127197e-01
4.209616035223007202e-02,-3.817927241325378418e-01
-1.892484307289123535e+00,-1.433859109878540039e+00
6.913895010948181152e-01,-1.099153399467468262e+00
-4.770853042602539062e+00,3.272290229797363281e-01
-3.596824705600738525e-01,-1.972109198570251465e+00
3.229339420795440674e-01,-1.192554473876953125e+00
9.877846240997314453e-01,1.383883833885192871e+00
5.388546735048294067e-03,3.777120411396026611e-01
2.161636948585510254e-01,3.871198296546936035e-01
-6.162801384925842285e-01,7.421830892562866211e-01
1.294080257415771484e+00,2.423924922943115234e+00
1.076758429408073425e-01,-1.163121819496154785e+00
4.725302010774612427e-02,-1.599887967109680176e+00
-1.899899840354919434e+00,-1.126334309577941895e+00
-2.020068168640136719e+00,-2.221402525901794434e-01
1.927053034305572510e-01,-1.574035644531250000e+00
1.125186920166015625e+00,-1.212175041437149048e-01
1.414915680885314941e+00,-3.576535701751708984e+00
2.341324388980865479e-01,-3.032334446907043457e-01
1.005107089877128601e-01,-9.840309619903564453e-01
-2.530071735382080078e-01,-1.199776649475097656e+00
-3.174932673573493958e-02,-3.237789869308471680e-02
-2.224569022655487061e-01,1.543992877006530762e+00
-3.791121840476989746e-01,-3.408446013927459717e-01
6.992715001106262207e-01,3.532343208789825439e-01
-7.391313910484313965e-01,-4.163690507411956787e-01
-1.970492899417877197e-01,-4.312677085399627686e-01
5.579518675804138184e-01,-1.331436634063720703e+00
-2.430072128772735596e-01,1.146082401275634766e+00
6.940474510192871094e-01,5.406473875045776367e-01
-8.371993899345397949e-02,-1.328129053115844727e+00
1.829161405563354492e+00,7.163407802581787109e-01
-9.171574562788009644e-02,-2.295790433883666992e+00
-1.061388179659843445e-01,-2.170384407043457031e+00
1.921762228012084961e-01,2.751753032207489014e-01
2.035714149475097656e+00,-1.705817282199859619e-01
6.209768056869506836e-01,3.885983526706695557e-01
6.913895010948181152e-01,-1.099153399467468262e+00
-9.284340739250183105e-01,-3.558008670806884766e-01
-4.161658138036727905e-02,-1.111605525016784668e+00
-4.317477345466613770e-01,6.708357334136962891e-01
1.943531870841979980e+00,1.314436495304107666e-01
-3.923219144344329834e-01,-6.833801865577697754e-01
8.594646453857421875e-01,7.996659278869628906e-01
-9.340882301330566406e-01,-4.169090092182159424e-01
3.717239797115325928e-01,-2.707471549510955811e-01
-2.339515984058380127e-01,-1.063266396522521973e+00
-5.943697690963745117e-01,-1.130112648010253906e+00
-1.606228351593017578e+00,-1.187489032745361328e+00
3.220703080296516418e-02,-1.319549083709716797e+00
3.775009810924530029e-01,8.528429269790649414e-01
2.300644814968109131e-01,-2.277283191680908203e+00
1.329648613929748535e+00,1.702053099870681763e-02
-2.124627113342285156e+00,-3.609369322657585144e-02
-2.631386816501617432e-01,1.712672829627990723e+00
-1.543347239494323730e-01,-1.182367563247680664e+00
-8.692728728055953979e-02,-2.233615815639495850e-01
4.351902902126312256e-01,-2.770890593528747559e-01
7.665756344795227051e-01,5.863767266273498535e-01
-2.842490196228027344e+00,-3.976305723190307617e-01
2.704818844795227051e-01,4.862285852432250977e-01
8.346148133277893066e-01,9.289665818214416504e-01
-2.402236759662628174e-01,-4.393845200538635254e-01
2.124942064285278320e+00,1.277845501899719238e-01
-1.377711743116378784e-01,3.210732340812683105e-02
-3.724671304225921631e-01,-2.152794897556304932e-01
-7.845117449760437012e-01,9.324440360069274902e-01
1.689417064189910889e-01,-9.721631407737731934e-01
5.456469655036926270e-01,-2.854905724525451660e-01
6.482805013656616211e-01,3.539449870586395264e-01
-1.476155638694763184e+00,3.025687694549560547e+00
1.848042726516723633e+00,1.355683565139770508e+00
3.590475916862487793e-01,-8.558082580566406250e-01
1.591775178909301758e+00,8.152767270803451538e-02
1.371831059455871582e+00,-1.755095958709716797e+00
2.035714149475097656e+00,-1.705817282199859619e-01
7.253894805908203125e-01,-1.027660727500915527e+00
-2.255545854568481445e-01,-1.139090299606323242e+00
-7.770809531211853027e-01,-1.297954082489013672e+00
1.017659306526184082e+00,-4.680267274379730225e-01
-1.075951933860778809e+00,-1.955078363418579102e+00
5.969483852386474609e-01,4.221047163009643555e-01
3.694873809814453125e+00,1.247114300727844238e+00
-3.106658458709716797e-01,3.064748048782348633e+00
-5.254236981272697449e-03,-1.214853763580322266e+00
-3.114893138408660889e-01,-4.487594962120056152e-01
-9.457558393478393555e-01,1.425772547721862793e+00
-7.076499462127685547e-01,8.199541568756103516e-01
1.051066398620605469e+00,-3.581302881240844727e+00
5.200230330228805542e-02,-1.401971220970153809e+00
3.768844008445739746e-01,-2.315662384033203125e+00
9.703420400619506836e-01,-6.444849967956542969e-01
6.957283020019531250e-01,4.764015674591064453e-01
-5.951589941978454590e-01,9.488625526428222656e-01
1.893802404403686523e+00,-2.033713161945343018e-01
1.693337440490722656e+00,5.508109331130981445e-01
-1.507502198219299316e+00,1.251995325088500977e+00
1.101058602333068848e+00,-2.664910554885864258e-01
1.678151190280914307e-01,-2.435291111469268799e-01
1.703835427761077881e-01,7.830090075731277466e-02
1.054415345191955566e+00,-1.155486226081848145e+00
-2.325136423110961914e+00,-9.489748477935791016e-01
-1.865781545639038086e-01,-1.320996642112731934e+00
9.957920759916305542e-02,-1.206716969609260559e-01
3.806754946708679199e-01,1.869079768657684326e-01
-3.817140161991119385e-01,2.591973066329956055e+00
7.037576436996459961e-01,1.654932141304016113e+00
-2.359502017498016357e-01,-6.455425918102264404e-02
-7.862578034400939941e-01,-1.437141418457031250e+00
-9.759823679924011230e-01,4.474902451038360596e-01
-5.336469411849975586e-01,-2.686304807662963867e+00
2.425127029418945312e+00,-5.912472605705261230e-01
-5.343093276023864746e-01,-1.133866310119628906e-01
1.818821728229522705e-01,-2.529981851577758789e+00
-9.876827597618103027e-01,9.727813601493835449e-01
-2.790758013725280762e-01,-1.108208894729614258e+00
7.372772097587585449e-01,4.143266379833221436e-01
2.224975228309631348e-01,-2.009937047958374023e+00
8.538665175437927246e-01,1.025407075881958008e+00
-1.657975912094116211e-01,1.791219830513000488e+00
-1.128739476203918457e+00,6.095550060272216797e-01
3.656206727027893066e-01,-1.748679399490356445e+00
3.620716929435729980e-02,-1.116054415702819824e+00
1.947990179061889648e+00,7.084715962409973145e-01
4.670133292675018311e-01,3.879853785037994385e-01
4.912288784980773926e-01,1.443932175636291504e+00
5.160694122314453125e-01,7.688559591770172119e-02
2.072488963603973389e-01,5.772521495819091797e-01
-4.208568632602691650e-01,-1.112463116645812988e+00
-8.817599415779113770e-01,4.291985630989074707e-01
7.557396888732910156e-01,7.242941856384277344e-01
-8.526349663734436035e-01,1.241669535636901855e+00
1.058672070503234863e+00,8.719291538000106812e-03
-2.843492329120635986e-01,-4.727914631366729736e-01
9.011682868003845215e-01,9.537585973739624023e-01
-1.500768542289733887e+00,1.810309648513793945e+00
-2.381626963615417480e-01,-7.151827216148376465e-01
3.389656841754913330e-01,-1.294291734695434570e+00
-7.578595280647277832e-01,1.374355792999267578e+00
1.058397531509399414e+00,1.996254563331604004e+00
-1.328767240047454834e-01,-2.231291532516479492e-01
2.360654771327972412e-01,1.013452410697937012e+00
-4.221992492675781250e-01,4.509409517049789429e-02
7.361438274383544922e-01,4.260423779487609863e-01
1.131115317344665527e+00,1.024122908711433411e-01
9.338616728782653809e-01,1.204832077026367188e+00
2.124942064285278320e+00,1.277845501899719238e-01
-7.120468616485595703e-01,3.476898968219757080e-01
-9.784168601036071777e-01,-3.420530080795288086e+00
-2.135694213211536407e-02,-1.161238312721252441e+00
-4.684872925281524658e-02,-2.112658321857452393e-01
1.634542644023895264e-01,7.743706703186035156e-01
1.018288731575012207e+00,1.494686245918273926e+00
-2.772496044635772705e-01,-6.843072772026062012e-01
3.873672783374786377e-01,5.543770194053649902e-01
5.246797204017639160e-01,1.583979427814483643e-01
3.622301220893859863e-01,3.250767588615417480e-01
8.343429565429687500e-01,1.201155185699462891e+00
6.618053913116455078e-01,-3.759691417217254639e-01
7.594401836395263672e-01,-1.100234150886535645e+00
-3.713491261005401611e-01,-1.251839041709899902e+00
3.394383490085601807e-01,1.015172526240348816e-01
-4.945532679557800293e-01,-3.789664506912231445e-01
-1.892484307289123535e+00,-1.433859109878540039e+00
6.172360777854919434e-01,2.262098789215087891e-01
8.193535208702087402e-01,1.435398459434509277e+00
-7.465287297964096069e-02,9.435982257127761841e-02
-9.752447605133056641e-01,1.385508894920349121e+00
4.164609313011169434e-01,1.180822491645812988e+00
-8.526349663734436035e-01,1.241669535636901855e+00
-4.527289867401123047e-01,-1.310013651847839355e+00
-5.075711607933044434e-01,6.563977599143981934e-01
1.289934873580932617e+00,2.120781838893890381e-01
-1.991194486618041992e-01,-7.691565155982971191e-02
1.937540650367736816e+00,3.657854795455932617e-01
-3.320050537586212158e-01,-1.052315592765808105e+00
-7.438201904296875000e-01,-2.684667706489562988e-01
3.806754946708679199e-01,1.869079768657684326e-01
1.333735704421997070e+00,9.495583772659301758e-01
5.225633382797241211e-01,2.302176654338836670e-01
2.731367945671081543e-03,-1.416985869407653809e+00
9.937438964843750000e-01,9.701253771781921387e-01
8.885413408279418945e-01,-1.836817264556884766e+00
-9.392891824245452881e-02,5.725562572479248047e-02
2.207848131656646729e-01,1.318065047264099121e+00
-3.670865297317504883e-01,5.746424198150634766e-03
1.531962990760803223e+00,3.428338050842285156e+00
1.808356940746307373e-01,2.539003193378448486e-01
5.223194509744644165e-02,-1.191362857818603516e+00
-1.333521902561187744e-01,-5.653917193412780762e-01
9.030494838953018188e-03,-1.143160700798034668e+00
-7.887339591979980469e-02,1.360089182853698730e+00
1.691274940967559814e-01,4.744985699653625488e-01
-5.133140832185745239e-02,-2.394200801849365234e+00
1.291825890541076660e+00,-1.668587028980255127e-01
3.975301086902618408e-01,4.676475375890731812e-02
6.198078393936157227e-03,-1.210070013999938965e+00
-1.049527168273925781e+00,1.264401316642761230e+00
-1.400576949119567871e+00,1.406338334083557129e+00
-9.265235662460327148e-01,-5.937647819519042969e-01
-2.190307974815368652e-01,-7.890728116035461426e-02
-2.189717292785644531e-01,-1.124174594879150391e+00
-4.814687073230743408e-01,7.121353149414062500e-01
-1.432538926601409912e-01,-3.653905689716339111e-01
-1.501515805721282959e-01,-1.161239266395568848e+00
-2.212167978286743164e-01,-1.134325981140136719e+00
-7.438201904296875000e-01,-2.684667706489562988e-01
-6.783642768859863281e-01,-1.313239574432373047e+00
6.970368623733520508e-01,2.587331831455230713e-01
-1.543347239494323730e-01,-1.182367563247680664e+00
-2.915167212486267090e-01,-3.863819539546966553e-01
-3.602182269096374512e-01,8.297291994094848633e-01
-8.302254676818847656e-01,-1.370617985725402832e+00
1.413139820098876953e+00,7.199017703533172607e-02
3.269340693950653076e-01,8.572622388601303101e-02
2.667697191238403320e+00,9.325499534606933594e-01
1.671356439590454102e+00,4.203916072845458984e+00
6.189590096473693848e-01,2.328891307115554810e-03
7.470251321792602539e-01,-1.328742861747741699e+00
2.313033044338226318e-01,-1.045994281768798828e+00
1.312827467918395996e-01,-1.458534121513366699e+00
-4.692312180995941162e-01,1.253307938575744629e+00
2.771137356758117676e-01,1.431454420089721680e-01
-1.640966236591339111e-01,-4.617518186569213867e-01
-7.797567844390869141e-01,8.786059617996215820e-01
-2.426368713378906250e+00,-2.182119131088256836e+00
-8.655986189842224121e-02,-1.272845745086669922e+00
-2.582774162292480469e+00,1.191777825355529785e+00
-9.332320690155029297e-01,1.549187541007995605e+00
-1.496605873107910156e-01,-1.159539103507995605e+00
1.111990958452224731e-02,-2.312165975570678711e+00
1.043811917304992676e+00,1.171282753348350525e-01
1.126226782798767090e-02,-2.275174379348754883e+00
8.963243961334228516e-01,3.280034363269805908e-01
7.574836015701293945e-01,9.566289782524108887e-01
1.036389708518981934e+00,5.373454689979553223e-01
-9.737595319747924805e-01,-5.231590196490287781e-02
7.245603799819946289e-01,-1.167440295219421387e+00
1.501225709915161133e+00,-2.532094001770019531e+00
-2.884544134140014648e-01,-1.639033675193786621e+00
-6.746351718902587891e-01,1.816720008850097656e+00
-3.512144461274147034e-02,-2.273426055908203125e+00
1.030336692929267883e-02,-1.195300579071044922e+00
6.796777844429016113e-01,-4.328117147088050842e-02
6.949522346258163452e-02,4.551104307174682617e-01
-2.590711414813995361e-01,-1.128637075424194336e+00
-8.740507066249847412e-02,-1.542656719684600830e-01
2.492717504501342773e-01,1.406719326972961426e+00
2.072488963603973389e-01,5.772521495819091797e-01
-4.208568632602691650e-01,-1.112463116645812988e+00
-8.566316962242126465e-01,5.420802831649780273e-01
3.049090802669525146e-01,3.566082119941711426e-01
8.226752281188964844e-03,1.737196803092956543e+00
-5.943697690963745117e-01,-1.130112648010253906e+00
6.618053913116455078e-01,-3.759691417217254639e-01
-1.950181722640991211e-01,-1.294244527816772461e+00
-2.911469936370849609e-01,-1.123029828071594238e+00
-1.187624216079711914e+00,1.096109747886657715e+00
3.094170987606048584e-01,-4.043838977813720703e-01
5.271575450897216797e-01,-1.994345784187316895e-01
-1.611829400062561035e+00,1.367423534393310547e+00
1.976252794265747070e-01,1.452287316322326660e+00
4.485299885272979736e-01,4.312581568956375122e-02
-2.078840732574462891e-01,-1.635264791548252106e-02
-4.467058181762695312e-01,-9.685606360435485840e-01
8.190307021141052246e-01,-1.546282172203063965e-01
2.666076421737670898e-01,2.675699293613433838e-01
-1.014650613069534302e-01,-2.142799496650695801e-01
-1.873432993888854980e-01,-1.955428421497344971e-01
-3.651223182678222656e-01,2.286334931850433350e-01
-2.716929465532302856e-02,-1.245830893516540527e+00
1.288568079471588135e-01,-1.014791727066040039e+00
8.594646453857421875e-01,7.996659278869628906e-01
8.911793231964111328e-01,-3.928228467702865601e-02
4.630017757415771484e+00,2.145053625106811523e+00
7.848706841468811035e-02,1.852037310600280762e+00
-2.891339302062988281e+00,1.048824548721313477e+00
-2.755296528339385986e-01,7.529354691505432129e-01
2.611140489578247070e+00,1.378421187400817871e+00
8.729325532913208008e-01,-1.997632384300231934e+00
1.251832842826843262e+00,-2.449311017990112305e-01
-1.365698575973510742e+00,5.733489394187927246e-01
-2.969711780548095703e+00,2.323687791824340820e+00
3.445789515972137451e-01,6.987600922584533691e-01
2.053367495536804199e-01,-1.107261419296264648e+00
1.019096150994300842e-01,-1.070226311683654785e+00
-3.696833550930023193e-01,-1.519405722618103027e+00
-4.829080775380134583e-03,-1.034236073493957520e+00
-5.653744339942932129e-01,-1.244867086410522461e+00
-3.625189065933227539e-01,-1.239226579666137695e+00
1.525535106658935547e+00,-4.602790474891662598e-01
-3.812925219535827637e-01,6.065193563699722290e-03
1.145305275917053223e+00,1.161265492439270020e+00
8.203119039535522461e-01,-1.123708844184875488e+00
-2.769520506262779236e-02,-1.135578989982604980e+00
1.200410649180412292e-01,-5.704956650733947754e-01
7.248765230178833008e-01,5.341228246688842773e-01
6.015641689300537109e-01,-2.131046354770660400e-01
5.449642539024353027e-01,-3.556836843490600586e-01
5.876232385635375977e-01,-1.188699603080749512e+00
8.384543657302856445e-01,4.892985820770263672e-01
-2.340862527489662170e-02,-7.468792796134948730e-01
-6.697680354118347168e-01,-1.861235857009887695e+00
1.202971458435058594e+00,-2.361004054546356201e-01
-1.540412902832031250e+00,2.762019872665405273e+00
-4.504866600036621094e-01,1.696087792515754700e-02
6.465452313423156738e-01,2.831190824508666992e-01
-1.606644093990325928e-01,-7.893420755863189697e-02
2.663953781127929688e+00,-1.568426787853240967e-01
-6.801416724920272827e-02,-1.973392605781555176e+00
-6.384829282760620117e-01,-1.320302605628967285e+00
-2.642166614532470703e-01,2.785998344421386719e+00
1.421023726463317871e+00,5.335603952407836914e-01
-2.098112106323242188e-01,-2.542333006858825684e-01
1.779408931732177734e+00,6.975913643836975098e-01
-7.789242267608642578e-01,6.586657762527465820e-01
1.181303977966308594e+00,-1.540718555450439453e+00
-2.159321606159210205e-01,-2.514327764511108398e+00
-9.796057343482971191e-01,-1.231166839599609375e+00
1.151512861251831055e+00,-3.616150468587875366e-02
5.220456123352050781e-01,4.805334806442260742e-01
2.129449248313903809e-01,1.328583955764770508e-01
-9.284340739250183105e-01,-3.558008670806884766e-01
4.094833850860595703e+00,7.922577857971191406e-01
5.658488869667053223e-01,1.676028668880462646e-01
-9.526471495628356934e-01,8.163936734199523926e-01
5.504121184349060059e-01,-3.102916479110717773e-01
-4.637011587619781494e-01,-3.322149276733398438e+00
7.861161231994628906e-01,-3.343235552310943604e-01
2.129449248313903809e-01,1.328583955764770508e-01
-2.423717677593231201e-01,-1.904088377952575684e+00
7.164072990417480469e-01,6.423963904380798340e-01
-3.945128023624420166e-01,6.437687873840332031e-01
1.437325030565261841e-02,-1.457259416580200195e+00
2.943073749542236328e+00,-5.803503990173339844e-01
-1.590943455696105957e+00,-4.617045223712921143e-01
2.795782089233398438e-01,1.409701406955718994e-01
-4.292863011360168457e-01,1.965299248695373535e-03
-4.874709993600845337e-03,-1.138705492019653320e+00
9.033066630363464355e-01,8.426813483238220215e-01
-1.629086732864379883e+00,1.339324951171875000e+00
-6.955580711364746094e-01,3.399018049240112305e+00
8.930283188819885254e-01,-1.023632884025573730e+00
4.530286192893981934e-01,-9.802609086036682129e-01
1.474801898002624512e+00,1.230856105685234070e-01
5.635109543800354004e-01,-8.105580210685729980e-01
3.709470480680465698e-02,1.584791183471679688e+00
1.104737401008605957e+00,1.194477319717407227e+00
2.404439151287078857e-01,-3.050792515277862549e-01
-3.716218471527099609e-01,-1.238845229148864746e+00
-1.137399077415466309e+00,-2.509181797504425049e-01
1.581473946571350098e+00,-1.721212029457092285e+00
1.458869695663452148e+00,2.348005533218383789e+00
4.670133292675018311e-01,3.879853785037994385e-01
8.853038549423217773e-01,-2.404487133026123047e+00
1.737254261970520020e-01,-3.692652702331542969e+00
-8.804634213447570801e-01,1.899000048637390137e+00
6.454095244407653809e-01,-1.685102105140686035e+00
-5.268387198448181152e-01,-3.066599607467651367e+00
1.318649649620056152e+00,2.839990377426147461e+00
2.371840476989746094e-01,-2.223860979080200195e+00
-1.344487369060516357e-01,-1.802914619445800781e+00
-8.036638498306274414e-01,1.374379098415374756e-01
7.175700366497039795e-02,-1.392060518264770508e+00
-2.211602330207824707e-01,7.714803516864776611e-02
1.409844160079956055e-01,-9.848808646202087402e-01
2.018759250640869141e+00,5.720555782318115234e-01
-3.094730079174041748e-01,-3.395559549331665039e+00
1.312028408050537109e+00,1.105725884437561035e+00
1.110131263732910156e+00,2.149899005889892578e-01
1.211274981498718262e+00,-4.427194595336914062e-03
2.371956110000610352e-01,-1.999899148941040039e+00
-1.328767240047454834e-01,-2.231291532516479492e-01
-3.872515201568603516e+00,5.644811987876892090e-01
5.800014138221740723e-01,7.805079221725463867e-01
-5.117607116699218750e-01,-4.384950101375579834e-01
-2.702967226505279541e-01,-1.073248982429504395e+00
-2.334882318973541260e-01,-1.218493700027465820e+00
-3.301138281822204590e-01,-1.183785080909729004e+00
1.737254261970520020e-01,-3.692652702331542969e+00
7.164072990417480469e-01,6.423963904380798340e-01
-6.259192526340484619e-02,-1.316937446594238281e+00
1.305319309234619141e+00,9.900642186403274536e-02
-7.535761594772338867e-01,-7.434904575347900391e-01
-1.280043721199035645e-01,1.491911053657531738e+00
-3.021222352981567383e+00,3.788162767887115479e-01
-7.178927958011627197e-02,-2.424302101135253906e+00
1.232901811599731445e+00,2.485314011573791504e-01
1.125186920166015625e+00,-1.212175041437149048e-01
-2.464925348758697510e-01,1.007917404174804688e+00
7.716141641139984131e-02,1.622097253799438477e+00
-4.831451177597045898e-01,-1.112001538276672363e+00
-2.390506267547607422e+00,-1.224783420562744141e+00
6.504619121551513672e-01,7.476627230644226074e-01
-2.150254845619201660e-01,-1.155477881431579590e+00
2.283255815505981445e+00,3.198771476745605469e-01
2.611140489578247070e+00,1.378421187400817871e+00
-2.123145461082458496e-01,-2.830299854278564453e+00
-4.387736916542053223e-01,-6.229091286659240723e-01
2.126308083534240723e-01,2.185423076152801514e-01
-9.318372011184692383e-01,-8.535982370376586914e-01
7.196475863456726074e-01,9.201877713203430176e-01
5.016217380762100220e-02,-4.780215024948120117e-01
-5.949433445930480957e-01,-6.189687252044677734e-01
-8.292260169982910156e-01,-1.720476746559143066e-01
-5.816940665245056152e-01,1.209924459457397461e+00
-2.297316551208496094e+00,1.752914488315582275e-01
-1.625974178314208984e-01,3.710569143295288086e-01
7.246979326009750366e-02,-3.714511096477508545e-01
-1.005779981613159180e+00,-6.835015416145324707e-01
6.826905012130737305e-01,4.196311831474304199e-01
4.990953952074050903e-03,-2.104415416717529297e+00
3.741845786571502686e-01,2.488710880279541016e-01
-1.523257493972778320e+00,-1.631541550159454346e-01
3.425237834453582764e-01,1.554558873176574707e-01
-3.863632380962371826e-01,-2.920627966523170471e-02
-3.078522980213165283e-01,7.292476296424865723e-01
7.587742805480957031e-01,7.793188095092773438e-01
-9.422838687896728516e-03,-1.817232072353363037e-01
3.094170987606048584e-01,-4.043838977813720703e-01
-9.737595319747924805e-01,-5.231590196490287781e-02
3.916315317153930664e+00,3.187254071235656738e-01
-3.041868209838867188e-01,-3.297166228294372559e-01
5.874093174934387207e-01,5.523697733879089355e-01
-8.966240286827087402e-01,8.880749344825744629e-01
7.413442134857177734e-01,-4.080595076084136963e-01
-3.601311147212982178e-01,-2.358411550521850586e-01
-9.769030809402465820e-01,9.043777585029602051e-01
-6.713142395019531250e-01,5.292353034019470215e-02
-3.872515201568603516e+00,5.644811987876892090e-01
-7.059305906295776367e-01,-2.829650938510894775e-01
1.578980922698974609e+00,1.299569845199584961e+00
-3.884626626968383789e-01,-1.579838633537292480e+00
-4.003244042396545410e-01,-5.980274826288223267e-02
-1.116260811686515808e-01,-2.480305433273315430e-01
7.953731417655944824e-01,-1.637969970703125000e+00
-2.643142700195312500e+00,3.019323647022247314e-01
1.049216508865356445e+00,8.312033861875534058e-02
9.571389555931091309e-01,2.388764142990112305e+00
1.261542916297912598e+00,4.294284433126449585e-02
-5.133186578750610352e-01,7.802115678787231445e-01
7.706059813499450684e-01,2.425865411758422852e+00
-2.224569022655487061e-01,1.543992877006530762e+00
-6.534616649150848389e-02,-1.104128241539001465e+00
5.057535171508789062e+00,1.310146749019622803e-01
1.806813180446624756e-01,-2.341170787811279297e+00
-2.512304544448852539e+00,-8.005124926567077637e-01
-2.255387306213378906e-01,-3.062497615814208984e+00
1.324510574340820312e-01,-1.062178969383239746e+00
-1.432538926601409912e-01,-3.653905689716339111e-01
7.122612744569778442e-02,-1.232436180114746094e+00
3.917197883129119873e-01,-5.431848764419555664e-01
-3.239864706993103027e-01,-2.735952436923980713e-01
-3.543021082878112793e-01,-9.998139739036560059e-01
-6.697680354118347168e-01,-1.861235857009887695e+00
-2.582774162292480469e+00,1.191777825355529785e+00
1.590875267982482910e+00,-4.668123126029968262e-01
-4.856461286544799805e-01,8.995451778173446655e-02
-1.258801519870758057e-01,-1.326205372810363770e+00
9.007409214973449707e-01,-2.402324438095092773e+00
1.812679052352905273e+00,1.022651314735412598e+00
3.918337076902389526e-02,-1.203755497932434082e+00
2.875612676143646240e-02,2.072668552398681641e+00
7.707673311233520508e-01,1.272437572479248047e+00
-2.094801962375640869e-01,-1.134775638580322266e+00
5.335573554039001465e-01,-4.709810316562652588e-01
-4.573862552642822266e-01,-1.383681654930114746e+00
-1.314469456672668457e+00,-1.869277119636535645e+00
-9.646132588386535645e-01,8.027418851852416992e-01
8.529471158981323242e-01,-1.074049353599548340e+00
-1.005779981613159180e+00,-6.835015416145324707e-01
6.139875948429107666e-02,-1.340851068496704102e+00
1.185775771737098694e-01,-5.447489023208618164e-01
5.479151010513305664e-01,3.650722205638885498e-01
-6.689347326755523682e-02,-1.368765592575073242e+00
-2.512304544448852539e+00,-8.005124926567077637e-01
-2.927580773830413818e-01,-2.416014373302459717e-01
-6.614879369735717773e-01,-1.182697191834449768e-01
4.352993965148925781e-01,-1.286700248718261719e+00
-3.779683113098144531e-01,-5.320710316300392151e-02
1.110131263732910156e+00,2.149899005889892578e-01
3.058187663555145264e-03,-2.319885253906250000e+00
-4.208961725234985352e-01,7.403196692466735840e-01
1.465677738189697266e+00,3.418948650360107422e-01
8.169230073690414429e-03,-1.937767565250396729e-01
-2.936089634895324707e-01,-4.527487456798553467e-01
-8.292260169982910156e-01,-1.720476746559143066e-01
-2.849139869213104248e-01,-1.082594633102416992e+00
7.075830698013305664e-01,1.597191691398620605e-01
-3.652439415454864502e-01,7.296730279922485352e-01
1.244595646858215332e+00,-4.968628287315368652e-01
-1.136767342686653137e-01,1.522626638412475586e+00
-1.745195031166076660e+00,-4.121057987213134766e-01
-1.250576674938201904e-01,-1.136129379272460938e+00
-5.433539152145385742e-01,-2.689051032066345215e-01
4.964586496353149414e-01,-3.726859092712402344e-01
5.465587228536605835e-02,-1.025209650397300720e-01
1.014420270919799805e+00,4.594157338142395020e-01
-3.030803203582763672e+00,-2.804259024560451508e-02
-2.986375689506530762e-01,-1.046626329421997070e+00
-2.042279243469238281e+00,-5.784168839454650879e-01
-5.265913903713226318e-02,-5.477494001388549805e-02
6.796364188194274902e-01,6.595223546028137207e-01
-5.767784118652343750e-01,-1.341011881828308105e+00
-3.634640872478485107e-01,-1.226686477661132812e+00
8.074586391448974609e-01,4.031498432159423828e-01
-3.601311147212982178e-01,-2.358411550521850586e-01
-5.200071930885314941e-01,-1.013208851218223572e-01
-7.351412773132324219e-01,-2.085597515106201172e-01
-5.726400017738342285e-01,-8.060696125030517578e-01
-6.907556653022766113e-01,1.738232374191284180e-01
1.783846974372863770e+00,2.136652171611785889e-01
-2.809910476207733154e-01,-3.189763426780700684e-01
1.451117515563964844e+00,1.004778742790222168e+00
1.048876717686653137e-01,-2.937123775482177734e-01
-1.218331933021545410e+00,3.755726099014282227e+00
3.126427233219146729e-01,-1.013111591339111328e+00
3.768844008445739746e-01,-2.315662384033203125e+00
-1.849793791770935059e-01,-1.260987520217895508e+00
-4.387736916542053223e-01,-6.229091286659240723e-01
-2.911032438278198242e-01,-7.647936046123504639e-02
4.322186708450317383e-01,1.704531610012054443e-01
1.000179529190063477e+00,-1.125678196549415588e-01
8.379422128200531006e-02,-2.436756372451782227e+00
5.874093174934387207e-01,5.523697733879089355e-01
5.625377893447875977e-01,2.981095761060714722e-02
-2.630731582641601562e+00,1.165227070450782776e-01
1.815302371978759766e+00,3.113930523395538330e-01
-3.663434386253356934e-01,-1.233592033386230469e+00
-5.348683595657348633e-01,-7.425454854965209961e-01
3.838306665420532227e-02,-1.150292754173278809e+00
-4.622430801391601562e-01,-3.420141637325286865e-01
-3.258899450302124023e-01,-1.168725252151489258e+00
-1.564046442508697510e-01,-6.154745072126388550e-02
-2.519093751907348633e-01,-6.725465655326843262e-01
1.626510977745056152e+00,4.387554824352264404e-01
-5.200914740562438965e-01,4.434456825256347656e-01
-3.319441974163055420e-01,-3.655567169189453125e-01
-2.291868925094604492e-01,-1.273556709289550781e+00
3.760959804058074951e-01,7.273545265197753906e-01
9.366016387939453125e-01,-6.525965332984924316e-01
-1.224443167448043823e-01,-3.669338226318359375e-01
-3.854901492595672607e-01,-1.201344370841979980e+00
-4.166279733180999756e-01,-1.156031966209411621e+00
8.885413408279418945e-01,-1.836817264556884766e+00
-5.254236981272697449e-03,-1.214853763580322266e+00
1.371765434741973877e-01,-3.519027829170227051e-01
7.537095993757247925e-02,-1.216050267219543457e+00
1.985315442085266113e+00,-7.525832951068878174e-02
6.527026295661926270e-01,9.878196120262145996e-01
-8.870604038238525391e-01,6.622290611267089844e-01
1.000179529190063477e+00,-1.125678196549415588e-01
8.014144748449325562e-02,-1.039932250976562500e+00
1.248134300112724304e-01,-2.681092619895935059e-01
2.787169218063354492e-01,-4.584516882896423340e-01
4.005397111177444458e-02,-1.211494684219360352e+00
1.772881507873535156e+00,3.683273196220397949e-01
-3.263469338417053223e-01,-1.914957880973815918e+00
-3.595046997070312500e-01,2.820320427417755127e-01
6.454095244407653809e-01,-1.685102105140686035e+00
-8.493614196777343750e-02,-1.229833841323852539e+00
4.701656401157379150e-01,-7.781155705451965332e-01
1.923603191971778870e-02,-1.218965888023376465e+00
4.397572576999664307e-01,7.453363537788391113e-01
1.104334712028503418e+00,-4.682193279266357422e+00
-3.301138281822204590e-01,-1.183785080909729004e+00
1.191405773162841797e+00,-2.458547055721282959e-01
-3.239444494247436523e-01,-8.065348863601684570e-01
-3.975383341312408447e-01,-5.786751210689544678e-02
-1.841014996170997620e-02,9.231911897659301758e-01
1.019096150994300842e-01,-1.070226311683654785e+00
-3.318752348423004150e-01,1.153065934777259827e-01
-3.387933373451232910e-01,7.591153383255004883e-01
2.011205911636352539e+00,6.673895120620727539e-01
1.342718899250030518e-01,6.012971699237823486e-02
-3.025934696197509766e-01,5.184860229492187500e-01
2.489758729934692383e-01,-1.012441039085388184e+00
8.010444045066833496e-01,7.812457084655761719e-01
7.252328395843505859e-01,5.970273017883300781e-01
-4.439001381397247314e-01,-5.667769908905029297e-01
-6.015307903289794922e-01,9.518355131149291992e-01
-1.606644093990325928e-01,-7.893420755863189697e-02
1.763665914535522461e+00,6.115716695785522461e-01
2.769809365272521973e-01,1.813804805278778076e-01
1.364739060401916504e+00,1.564289689064025879e+00
5.745285004377365112e-02,-8.082069158554077148e-01
7.355626672506332397e-02,-4.927782714366912842e-01
-1.588615775108337402e+00,-3.362418115139007568e-01
-1.137432932853698730e+00,6.859139800071716309e-01
4.402425885200500488e-02,-2.459929585456848145e-01
-7.957820594310760498e-02,-3.568594932556152344e+00
-1.059210300445556641e+00,8.284854292869567871e-01
1.312827467918395996e-01,-1.458534121513366699e+00
2.602588012814521790e-02,-3.163052797317504883e-01
7.850848138332366943e-02,-1.772331476211547852e+00
-3.688983619213104248e-01,-1.183203458786010742e+00
-1.527541995048522949e+00,1.138018727302551270e+00
3.052294969558715820e+00,-1.109694838523864746e+00
1.244595646858215332e+00,-4.968628287315368652e-01
-8.517820388078689575e-03,-2.059431374073028564e-01
2.674441814422607422e+00,1.540752887725830078e+00
8.574724793434143066e-01,1.448907852172851562e-01
-4.706102609634399414e-02,-2.752979993820190430e-01
9.694980978965759277e-01,1.466686010360717773e+00
9.551624655723571777e-01,-7.680518180131912231e-02
7.205933332443237305e-02,-2.507210731506347656e+00
1.006080269813537598e+00,1.185603812336921692e-01
6.209768056869506836e-01,3.885983526706695557e-01
-3.561242520809173584e-01,2.400447845458984375e+00
3.775009810924530029e-01,8.528429269790649414e-01
3.744576126337051392e-02,-1.239131689071655273e+00
-8.032434582710266113e-01,-1.694103717803955078e+00
1.944967985153198242e+00,3.159196853637695312e+00
-5.761061906814575195e-01,3.663562238216400146e-01
-5.191458463668823242e-01,1.015946641564369202e-01
1.480538725852966309e+00,9.571519494056701660e-01
6.805682778358459473e-01,9.399431943893432617e-01
5.771202445030212402e-01,9.686779230833053589e-02
-5.223586559295654297e-01,-1.326657891273498535e+00
1.772881507873535156e+00,3.683273196220397949e-01
-1.087201952934265137e+00,4.996896386146545410e-01
-1.049527168273925781e+00,1.264401316642761230e+00
9.674080610275268555e-01,2.155806124210357666e-01
-2.179683923721313477e+00,4.536601305007934570e-01
-7.222575545310974121e-01,-2.410605847835540771e-01
7.134586572647094727e-01,5.769743323326110840e-01
6.035594940185546875e-01,-4.915514588356018066e-01
-2.260437905788421631e-01,8.649974316358566284e-02
2.524948418140411377e-01,2.613560557365417480e-01
-7.731470465660095215e-02,-1.116468429565429688e+00
-2.214479446411132812e-01,-1.145601153373718262e+00
9.465741515159606934e-01,-1.091734051704406738e+00
-3.537082970142364502e-01,-1.170647978782653809e+00
-4.590609669685363770e-01,1.563034951686859131e-01
7.232674360275268555e-01,7.867444157600402832e-01
3.309662044048309326e-01,-2.216714143753051758e+00
2.655368149280548096e-01,9.251373410224914551e-01
3.969167768955230713e-01,2.136465311050415039e+00
-8.013581037521362305e-01,9.328272342681884766e-01
2.787169218063354492e-01,-4.584516882896423340e-01
-4.747917950153350830e-01,2.050304412841796875e+00
-7.304112911224365234e-01,1.082484841346740723e+00
3.308675527572631836e+00,2.196589469909667969e+00
9.486299157142639160e-01,-2.852981328964233398e+00
8.188633918762207031e-01,-1.373795628547668457e+00
2.838335186243057251e-02,-3.347858786582946777e-01
2.208699226379394531e+00,5.721976161003112793e-01
-5.735400915145874023e-01,2.102091163396835327e-02
7.464915513992309570e-01,4.306351840496063232e-01
7.057352066040039062e-01,1.291209697723388672e+00
1.942447662353515625e+00,-2.797597646713256836e+00
1.662061810493469238e-01,-1.582612514495849609e+00
8.074586391448974609e-01,4.031498432159423828e-01
1.288648009300231934e+00,3.552874624729156494e-01
-4.241382181644439697e-01,-6.947185397148132324e-01
-2.490600645542144775e-01,8.304317593574523926e-01
8.215768635272979736e-02,-1.897776424884796143e-01
-2.361986398696899414e+00,-4.212366640567779541e-01
-5.099076032638549805e-01,-1.105769872665405273e+00
-1.866550147533416748e-01,-2.792116641998291016e+00
1.232901811599731445e+00,2.485314011573791504e-01
3.058187663555145264e-03,-2.319885253906250000e+00
-2.098112106323242188e-01,-2.542333006858825684e-01
-1.934142112731933594e-01,6.656463742256164551e-01
-1.066239699721336365e-01,-1.841674327850341797e+00
2.243461012840270996e-01,-2.278931856155395508e+00
-1.865975856781005859e-01,-2.858668327331542969e+00
-2.401465475559234619e-01,-1.155753493309020996e+00
1.971497833728790283e-01,-8.299982547760009766e-01
6.189590096473693848e-01,2.328891307115554810e-03
8.511735796928405762e-01,-4.024755656719207764e-01
1.439548254013061523e+00,1.133523657917976379e-01
1.800641775131225586e+00,-5.916833281517028809e-01
-7.871349453926086426e-01,-1.399264335632324219e+00
-1.678726196289062500e+00,-9.408878684043884277e-01
-5.576466917991638184e-01,-9.013807773590087891e-01
1.538376092910766602e+00,5.579249262809753418e-01
-4.244765639305114746e-01,6.367009133100509644e-03
1.002827808260917664e-01,-6.707329154014587402e-01
-3.134542405605316162e-01,-3.108333945274353027e-01
-1.909987926483154297e-01,-1.057273268699645996e+00
9.943350553512573242e-01,-7.036041617393493652e-01
3.632111102342605591e-02,-1.238201737403869629e+00
-2.298467159271240234e-01,1.040523871779441833e-01
1.675014615058898926e+00,1.213119983673095703e+00
1.195886254310607910e+00,4.522371292114257812e-01
1.076758429408073425e-01,-1.163121819496154785e+00
2.239416241645812988e-01,-7.584598064422607422e-01
2.455512046813964844e+00,-4.757639467716217041e-01
-2.381626963615417480e-01,-7.151827216148376465e-01
-1.025643274188041687e-01,-1.130983352661132812e+00
-5.198934674263000488e-01,-6.776536703109741211e-01
-1.460984230041503906e+00,1.976261019706726074e+00
-9.347691535949707031e-01,1.559454560279846191e+00
1.361210107803344727e+00,1.952182352542877197e-01
2.451132237911224365e-01,-3.048471212387084961e-01
1.510909199714660645e+00,-5.791131854057312012e-01
-4.901076853275299072e-01,-1.279166698455810547e+00
-9.789732694625854492e-01,-1.533572793006896973e+00
-1.198413819074630737e-01,3.781335055828094482e-02
3.269340693950653076e-01,8.572622388601303101e-02
1.921762228012084961e-01,2.751753032207489014e-01
-5.972467064857482910e-01,-2.876089215278625488e-01
3.561640083789825439e-01,3.433558940887451172e-01
-5.895375013351440430e-01,-2.225981473922729492e+00
1.148211956024169922e+00,1.564153432846069336e+00
2.711923122406005859e+00,6.151512861251831055e-01
-3.005689978599548340e-01,6.799544095993041992e-01
-7.650584578514099121e-01,-1.280209183692932129e+00
-3.286978006362915039e-01,-1.547499746084213257e-01
9.139807820320129395e-01,3.203546106815338135e-01
2.823001742362976074e-01,1.693886399269104004e+00
-4.394389390945434570e-01,7.153421044349670410e-01
-6.156134605407714844e-01,3.359335660934448242e-01
7.174316048622131348e-01,3.104517161846160889e-01
1.937718391418457031e+00,4.366505444049835205e-01
-6.264088153839111328e-01,-9.197919964790344238e-01
2.938552618026733398e+00,3.328763544559478760e-01
9.315755218267440796e-02,-2.111342668533325195e+00
-4.561383724212646484e+00,-2.335734665393829346e-01
-5.833017230033874512e-01,1.928543686866760254e+00
4.624378681182861328e-02,-5.021014809608459473e-01
7.253894805908203125e-01,-1.027660727500915527e+00
3.334746360778808594e-01,3.422336280345916748e-01
-4.070875942707061768e-01,-7.641369104385375977e-02
1.212089434266090393e-01,1.581671595573425293e+00
-2.298525571823120117e-01,-9.666005373001098633e-01
-9.010171890258789062e-01,-2.624036073684692383e-01
1.970097780227661133e+00,1.572466254234313965e+00
2.386225461959838867e-01,1.377260446548461914e+00
-3.822747468948364258e-01,8.699278831481933594e-01
9.514474272727966309e-01,-1.269260764122009277e+00
-2.340862527489662170e-02,-7.468792796134948730e-01
3.108424842357635498e-01,3.810299634933471680e-01
1.464255154132843018e-01,-1.043197631835937500e+00
5.493981391191482544e-02,-1.265011787414550781e+00
-7.469978928565979004e-01,-1.491742014884948730e+00
-6.960096359252929688e-01,2.153815269470214844e+00
2.385975420475006104e-01,-2.021890401840209961e+00
1.253789544105529785e+00,-7.206406593322753906e-01
1.048876717686653137e-01,-2.937123775482177734e-01
-4.018230140209197998e-01,-5.083550810813903809e-01
-2.911032438278198242e-01,-7.647936046123504639e-02
-3.438368439674377441e-01,-5.804930329322814941e-01
-9.789892286062240601e-02,-1.205143570899963379e+00
1.371831059455871582e+00,-1.755095958709716797e+00
1.019156813621520996e+00,1.716131687164306641e+00
3.037612199783325195e+00,-9.250211119651794434e-01
2.126308083534240723e-01,2.185423076152801514e-01
3.356462419033050537e-01,1.554438769817352295e-01
1.771576106548309326e-01,1.934613585472106934e+00
2.489510536193847656e+00,1.376021981239318848e+00
-4.506282508373260498e-02,-9.173009395599365234e-01
-2.133824229240417480e-01,-1.279109001159667969e+00
-5.291144251823425293e-01,-2.595441341400146484e+00
5.608052015304565430e-01,6.522051692008972168e-01
1.763453841209411621e+00,4.357823729515075684e-01
1.693860888481140137e-01,-2.301465749740600586e+00
8.015850186347961426e-02,-9.999598860740661621e-01
2.290512561798095703e+00,9.514729976654052734e-01
-2.520015835762023926e-01,-3.859231173992156982e-01
-1.814216673374176025e-01,-8.492247462272644043e-01
1.187060698866844177e-01,2.820366322994232178e-01
-7.118523716926574707e-01,-1.139713644981384277e+00
1.899463057518005371e+00,6.639152169227600098e-01
1.253116846084594727e+00,1.042474433779716492e-01
-3.561242520809173584e-01,2.400447845458984375e+00
2.514815628528594971e-01,2.383363962173461914e+00
-7.118040919303894043e-01,1.166748642921447754e+00
-1.144476383924484253e-01,-1.212455630302429199e+00
3.215679645538330078e+00,4.573147743940353394e-02
-3.790306448936462402e-01,-1.183643341064453125e+00
-6.107151508331298828e-01,-7.505757212638854980e-01
-6.308767944574356079e-03,1.357308864593505859e+00
-3.497867882251739502e-01,-9.101009368896484375e-02
1.060694932937622070e+00,-1.470387220382690430e+00
2.740728482604026794e-02,-2.583241760730743408e-01
8.926111459732055664e-02,6.053692102432250977e-01
-3.812925219535827637e-01,6.065193563699722290e-03
-5.841004252433776855e-01,2.422268688678741455e-01
-5.433539152145385742e-01,-2.689051032066345215e-01
1.014420270919799805e+00,4.594157338142395020e-01
3.272284194827079773e-02,-2.249191105365753174e-01
-1.481793403625488281e+00,-1.565497040748596191e+00
7.557396888732910156e-01,7.242941856384277344e-01
-8.522097468376159668e-01,1.096303820610046387e+00
-3.352419435977935791e-01,-1.128491401672363281e+00
-1.800915300846099854e-01,-1.096541285514831543e+00
1.242115974426269531e+00,3.209599554538726807e-01
-7.593091726303100586e-01,-1.277848720550537109e+00
-9.318372011184692383e-01,-8.535982370376586914e-01
1.434783101081848145e+00,7.440471649169921875e-02
7.939487695693969727e-03,-1.295198440551757812e+00
6.830330491065979004e-01,2.104710936546325684e-01
-2.464925348758697510e-01,1.007917404174804688e+00
-9.746959209442138672e-01,7.344591021537780762e-01
-2.127105891704559326e-01,-1.185460329055786133e+00
-4.243698418140411377e-01,-9.447924792766571045e-02
2.675605416297912598e-01,-5.892081856727600098e-01
9.920287877321243286e-02,-1.030178785324096680e+00
-2.135694213211536407e-02,-1.161238312721252441e+00
-2.274720668792724609e-01,-8.857549428939819336e-01
-4.163827896118164062e-01,-3.089274644851684570e+00
8.712927103042602539e-01,-6.813238263130187988e-01
1.383871436119079590e+00,-6.684141159057617188e-01
8.406754732131958008e-01,-1.236903548240661621e+00
1.126436829566955566e+00,-1.764713764190673828e+00
4.887506365776062012e-01,8.356865495443344116e-02
9.295000433921813965e-01,5.863663554191589355e-02
-8.315401077270507812e-01,8.064366579055786133e-01
-5.113447308540344238e-01,-3.773548081517219543e-02
-2.568124771118164062e+00,-1.042509436607360840e+00
1.971497833728790283e-01,-8.299982547760009766e-01
5.225633382797241211e-01,2.302176654338836670e-01
-3.746251016855239868e-02,-2.701996803283691406e+00
-1.779301285743713379e+00,1.414424300193786621e+00
5.632140040397644043e-01,2.917148768901824951e-01
1.090046525001525879e+00,2.621072769165039062e+00
-1.743992567062377930e-01,-1.254310131072998047e+00
-3.490176498889923096e-01,3.415440559387207031e+00
6.410599946975708008e-01,2.548651099205017090e-01
-4.518277645111083984e-01,4.634871333837509155e-02
-1.209174633026123047e+00,2.408089876174926758e+00
-9.194599986076354980e-01,1.424486756324768066e+00
2.404439151287078857e-01,-3.050792515277862549e-01
-1.462296247482299805e-01,-1.140636205673217773e+00
-6.534276008605957031e-01,-9.156098961830139160e-01
-6.351067423820495605e-01,-5.544323325157165527e-01
5.160694122314453125e-01,7.688559591770172119e-02
-4.814687073230743408e-01,7.121353149414062500e-01
3.390753865242004395e-01,-4.776711463928222656e-01
2.942494630813598633e+00,1.683692812919616699e+00
9.018612653017044067e-02,-1.414443492889404297e+00
9.540030956268310547e-01,-5.623015761375427246e-01
8.397567868232727051e-01,9.731286168098449707e-01
-7.271683216094970703e-01,-1.266625046730041504e+00
2.232801914215087891e-01,4.162645041942596436e-01
-1.217388212680816650e-01,-2.559405803680419922e+00
1.434029698371887207e+00,4.256296157836914062e-01
6.984552741050720215e-01,4.823197722434997559e-01
1.433246850967407227e+00,7.813372462987899780e-02
-2.541160956025123596e-02,-1.103711605072021484e+00
1.452423214912414551e+00,-3.118092417716979980e-01
-4.183256626129150391e-01,-5.446641147136688232e-02
1.071015372872352600e-01,-2.575189173221588135e-01
-8.844322711229324341e-02,7.717164754867553711e-01
-6.534276008605957031e-01,-9.156098961830139160e-01
-3.791121840476989746e-01,-3.408446013927459717e-01
8.697852492332458496e-01,1.730091571807861328e+00
1.947990179061889648e+00,7.084715962409973145e-01
-3.131940960884094238e-01,-1.060692906379699707e+00
-1.696790568530559540e-02,1.228899240493774414e+00
1.245877861976623535e+00,1.601677536964416504e+00
8.747109174728393555e-01,6.954763531684875488e-01
-1.833253860473632812e+00,-1.839942097663879395e+00
3.265676498413085938e-01,-2.181535065174102783e-01
-2.872718572616577148e-01,-1.113702297210693359e+00
6.596418470144271851e-02,-2.125214338302612305e+00
-1.741839051246643066e-01,-4.013083279132843018e-01
7.873890995979309082e-01,-2.926241233944892883e-02
1.266216039657592773e-01,-3.994857519865036011e-02
-3.806455433368682861e-01,7.152668237686157227e-01
1.080548390746116638e-01,-1.477560043334960938e+00
-7.622318267822265625e-01,-2.555968463420867920e-01
1.354110479354858398e+00,3.246432244777679443e-01
5.499421954154968262e-01,-2.340017557144165039e-01
1.020673871040344238e+00,-9.042231440544128418e-01
-8.302254676818847656e-01,-1.370617985725402832e+00
-1.165975928306579590e+00,-7.986119389533996582e-01
2.506372213363647461e+00,1.747945547103881836e-01
-1.545713424682617188e+00,8.335949778556823730e-01
-2.649970948696136475e-01,-2.879742383956909180e-01
-5.917274355888366699e-01,7.619401216506958008e-01
6.675224900245666504e-01,1.625843644142150879e+00
-6.433236002922058105e-01,-1.055106759071350098e+00
-4.236246943473815918e-01,2.203829288482666016e-01
-3.779683113098144531e-01,-5.320710316300392151e-02
-1.066239699721336365e-01,-1.841674327850341797e+00
-7.955835461616516113e-01,8.224167227745056152e-01
1.887592375278472900e-01,-9.364440441131591797e-01
1.398087143898010254e+00,4.249492287635803223e-01
3.126427233219146729e-01,-1.013111591339111328e+00
1.324421286582946777e+00,3.149681389331817627e-01
-1.424085497856140137e-01,-1.185227930545806885e-02
7.329367399215698242e-01,3.246999382972717285e-01
4.038247466087341309e-01,-1.367202520370483398e+00
-4.078617095947265625e-01,-3.995696306228637695e-01
-6.740374565124511719e-01,-1.771668672561645508e+00
-2.052186012268066406e+00,-7.722680568695068359e-01
6.179911494255065918e-01,2.047276198863983154e-01
5.202281475067138672e-01,-1.669771075248718262e+00
1.668222993612289429e-02,-2.507807910442352295e-01
8.528017252683639526e-02,-1.046072840690612793e+00
2.577412724494934082e-01,-1.159429788589477539e+00
-7.462121546268463135e-02,-1.481336474418640137e+00
1.909046173095703125e-01,1.101590514183044434e+00
-8.270609378814697266e-02,-1.259956836700439453e+00
8.397995829582214355e-01,-2.638414382934570312e+00
-8.872030675411224365e-02,-1.234116554260253906e+00
1.276825904846191406e+00,-3.500534594058990479e-01
1.235404834151268005e-01,-5.386400818824768066e-01
9.372905492782592773e-01,-5.823079347610473633e-01
1.379962086677551270e+00,-1.586090326309204102e-01
6.526941657066345215e-01,6.612295508384704590e-01
1.185314416885375977e+00,1.468769013881683350e-01
-3.333374857902526855e-01,1.379851400852203369e-01
4.365094900131225586e-01,-1.328037381172180176e+00
1.599327027797698975e-01,-4.477326571941375732e-01
-1.209174633026123047e+00,2.408089876174926758e+00
-9.601206183433532715e-01,1.392674684524536133e+00
-4.747675359249114990e-01,-1.646328926086425781e+00
-5.515322685241699219e-01,-1.080144494771957397e-01
1.353085517883300781e+00,1.682236790657043457e-01
7.939487695693969727e-03,-1.295198440551757812e+00
-2.769517302513122559e-01,-3.862919509410858154e-01
-4.621312320232391357e-01,2.705153822898864746e-01
-8.127164244651794434e-01,1.734280943870544434e+00
1.339719414710998535e+00,1.050625205039978027e+00
-8.804634213447570801e-01,1.899000048637390137e+00
8.144071102142333984e-01,-1.273054122924804688e+00
-2.843488752841949463e-01,-2.726707458496093750e-01
7.898334264755249023e-01,4.263364672660827637e-01
-4.888628125190734863e-01,2.100262790918350220e-03
-3.982213139533996582e-02,-2.555616378784179688e+00
1.238114118576049805e+00,1.920785546302795410e+00
8.511735796928405762e-01,-4.024755656719207764e-01
9.018612653017044067e-02,-1.414443492889404297e+00
-1.989638209342956543e-01,-1.184448957443237305e+00
1.367282122373580933e-02,-1.588385462760925293e+00
-1.970492899417877197e-01,-4.312677085399627686e-01
1.049035564064979553e-01,-4.657147526741027832e-01
-8.032434582710266113e-01,-1.694103717803955078e+00
2.227805376052856445e+00,7.683474421501159668e-01
2.243792116641998291e-01,-5.745565146207809448e-02
1.206909641623497009e-01,2.704168081283569336e+00
-6.135658025741577148e-01,4.618329405784606934e-01
-2.944550275802612305e+00,7.368353605270385742e-01
1.678151190280914307e-01,-2.435291111469268799e-01
-3.131940960884094238e-01,-1.060692906379699707e+00
7.796456217765808105e-01,3.679337739944458008e+00
-6.689347326755523682e-02,-1.368765592575073242e+00
2.360654771327972412e-01,1.013452410697937012e+00
-6.607341766357421875e-01,-1.427232146263122559e+00
8.911793231964111328e-01,-3.928228467702865601e-02
-6.571052670478820801e-01,-1.141628265380859375e+00
1.937540650367736816e+00,3.657854795455932617e-01
7.187104225158691406e-01,2.147010564804077148e-01
7.988336086273193359e-01,-9.927489161491394043e-01
4.306101799011230469e-01,1.262546479701995850e-01
1.198014393448829651e-01,-1.395954340696334839e-01
-6.404122114181518555e-01,6.862366199493408203e-01
-1.187624216079711914e+00,1.096109747886657715e+00
1.757611393928527832e+00,2.350338935852050781e+00
2.121550142765045166e-01,3.174774944782257080e-01
7.470251321792602539e-01,-1.328742861747741699e+00
-1.068214848637580872e-01,3.189666271209716797e+00
1.668222993612289429e-02,-2.507807910442352295e-01
7.734150886535644531e-01,7.767052650451660156e-01
1.036629080772399902e+00,4.809220135211944580e-02
-3.441475033760070801e-01,-1.142423987388610840e+00
7.052782177925109863e-01,2.407022714614868164e-01
6.465452313423156738e-01,2.831190824508666992e-01
1.388409137725830078e-01,-1.549445152282714844e+00
5.288886427879333496e-01,-3.274780511856079102e-01
-1.606228351593017578e+00,-1.187489032745361328e+00
2.542043030261993408e-01,-2.041819989681243896e-01
-3.975383341312408447e-01,-5.786751210689544678e-02
-9.644303321838378906e-01,1.477067112922668457e+00
-4.362058341503143311e-01,5.479905754327774048e-03
7.988336086273193359e-01,-9.927489161491394043e-01
-4.294304549694061279e-01,-5.159364342689514160e-01
7.545441985130310059e-01,-5.887730717658996582e-01
3.349435806274414062e+00,1.148195624351501465e+00
1.385627627372741699e+00,-7.169189453125000000e-01
7.894495129585266113e-01,6.010519266128540039e-01
6.572897434234619141e-01,-3.617789745330810547e-01
-2.986375689506530762e-01,-1.046626329421997070e+00
8.247174024581909180e-01,2.401099801063537598e-01
-1.871318519115447998e-01,-1.128061532974243164e+00
-1.353899687528610229e-01,-1.172267079353332520e+00
-5.269643664360046387e-01,-3.650895655155181885e-01
3.215679645538330078e+00,4.573147743940353394e-02
-8.299068212509155273e-01,1.087891235947608948e-01
-1.104240059852600098e+00,-9.268689155578613281e-02
-3.497867882251739502e-01,-9.101009368896484375e-02
2.458243370056152344e-01,1.023118972778320312e+00
6.148523837327957153e-02,-3.720294833183288574e-01
1.596066728234291077e-02,5.327859520912170410e-01
1.138985157012939453e+00,-1.521543741226196289e+00
