1.026190042495727539e+00,1.022543668746948242e+00
8.175808191299438477e-01,4.686427116394042969e-01
-6.884430646896362305e-01,2.663836956024169922e+00
-6.125590205192565918e-01,3.180894613265991211e+00
9.156605005264282227e-01,1.699425816535949707e+00
-6.907008886337280273e-01,2.838729619979858398e+00
4.354769587516784668e-01,5.580411553382873535e-01
-6.468334197998046875e-01,1.176913499832153320e+00
1.107063651084899902e+00,2.683618068695068359e+00
1.372417092323303223e+00,2.532572507858276367e+00
-7.168036699295043945e-01,2.706250190734863281e+00
1.368876934051513672e+00,8.144611120223999023e-01
-1.200833469629287720e-01,1.826892495155334473e+00
6.741704940795898438e-01,1.267027616500854492e+00
-9.296073913574218750e-01,2.682148218154907227e+00
-8.060162067413330078e-01,1.780337929725646973e+00
-5.913506150245666504e-01,2.950290441513061523e+00
1.003194600343704224e-02,1.658030271530151367e+00
8.722134679555892944e-02,1.648978710174560547e+00
7.284827232360839844e-01,2.690473496913909912e-01
-2.432790771126747131e-02,1.618533849716186523e+00
1.227727293968200684e+00,1.199999094009399414e+00
-1.225754804909229279e-02,1.148629069328308105e+00
1.033174276351928711e+00,2.503345966339111328e+00
9.634450674057006836e-01,3.406640291213989258e-01
-4.947134852409362793e-01,3.144502043724060059e-01
1.294406771659851074e+00,1.355278730392456055e+00
-7.334548830986022949e-01,2.682913780212402344e+00
-4.804788529872894287e-01,1.495948672294616699e+00
5.262169837951660156e-01,1.279460787773132324e+00
5.726096779108047485e-02,1.115465879440307617e+00
-1.120740294456481934e+00,6.009547710418701172e+00
7.642235606908798218e-02,9.679120182991027832e-01
-9.887316226959228516e-01,2.555572748184204102e+00
9.561652541160583496e-01,3.350670337677001953e-01
-5.248962044715881348e-01,4.104294300079345703e+00
7.951769232749938965e-01,1.536315321922302246e+00
-9.766747355461120605e-01,1.488799929618835449e+00
1.638415813446044922e+00,1.472445964813232422e+00
5.168231725692749023e-01,1.266415834426879883e+00
1.417204260826110840e+00,1.474565267562866211e+00
-6.188267469406127930e-01,2.907258272171020508e+00
-1.925216197967529297e+00,1.438018321990966797e+00
2.036225080490112305e+00,1.511848092079162598e+00
6.531871110200881958e-02,1.106102228164672852e+00
1.640096902847290039e+00,-4.897803068161010742e-03
4.975133538246154785e-01,1.277218341827392578e+00
2.041145414113998413e-01,2.266461402177810669e-01
1.511523127555847168e+00,2.808716297149658203e+00
3.830227255821228027e-01,2.129123210906982422e-01
7.427003234624862671e-02,1.132317662239074707e+00
1.868893206119537354e-02,1.261371970176696777e+00
1.101629972457885742e+00,1.198296546936035156e+00
-5.507967472076416016e-01,5.332038402557373047e+00
8.961902260780334473e-01,8.440406322479248047e-01
1.502662062644958496e+00,1.693157196044921875e+00
9.812916517257690430e-01,1.129569768905639648e+00
1.003069281578063965e+00,1.061974167823791504e+00
-9.768753498792648315e-02,2.513704299926757812e+00
8.511767387390136719e-01,3.978620767593383789e-01
-8.096534013748168945e-01,1.764772415161132812e+00
1.974470466375350952e-01,7.234057188034057617e-01
4.589806199073791504e-01,1.903441548347473145e+00
-1.128482103347778320e+00,2.357979774475097656e+00
2.611612379550933838e-01,2.466845989227294922e+00
9.636089205741882324e-01,-4.454793334007263184e-01
-1.034929513931274414e+00,2.360016584396362305e+00
3.797176480293273926e-01,-4.555115103721618652e-02
1.522591829299926758e+00,2.247641235589981079e-01
1.238450640812516212e-03,1.363951683044433594e+00
1.035478472709655762e+00,1.259975671768188477e+00
7.887485027313232422e-01,1.262632966041564941e+00
6.664251089096069336e-01,1.175792694091796875e+00
-4.178875088691711426e-01,2.924775123596191406e+00
1.417204260826110840e+00,1.474565267562866211e+00
2.647706985473632812e+00,1.127192258834838867e+00
7.697795629501342773e-01,8.604271411895751953e-01
-6.478275656700134277e-01,2.834984779357910156e+00
-9.703223705291748047e-01,1.904865145683288574e+00
1.496183127164840698e-01,1.160378217697143555e+00
-8.353257924318313599e-02,1.824311017990112305e+00
2.512380361557006836e+00,9.319211840629577637e-01
-5.098584294319152832e-01,4.143281459808349609e+00
1.553502798080444336e+00,1.318292975425720215e+00
6.996044516563415527e-01,3.333638310432434082e-01
-9.836703538894653320e-01,2.301284074783325195e+00
-1.933048069477081299e-01,1.268640875816345215e+00
5.100179463624954224e-03,2.452586650848388672e+00
-1.081349134445190430e+00,2.040961742401123047e+00
-1.092615962028503418e+00,2.518918514251708984e+00
3.128016471862792969e+00,-3.237615823745727539e-01
5.389549136161804199e-01,9.800251126289367676e-01
2.958908975124359131e-01,6.115181446075439453e-01
6.815962195396423340e-01,7.716889381408691406e-01
4.289687052369117737e-02,1.399557709693908691e+00
2.062431097030639648e+00,-1.392578363418579102e+00
8.475948125123977661e-02,1.348436713218688965e+00
1.191661715507507324e+00,1.184967279434204102e+00
1.991484999656677246e+00,1.410307049751281738e+00
8.130743503570556641e-01,2.767428755760192871e-01
-5.205558538436889648e-01,2.563547134399414062e+00
1.299923062324523926e+00,1.229764699935913086e+00
9.675974845886230469e-01,-2.834057807922363281e-01
1.660997748374938965e+00,1.178468108177185059e+00
2.057187557220458984e-01,2.009853839874267578e+00
-9.127384424209594727e-01,2.587158679962158203e+00
-3.468223288655281067e-02,1.132597565650939941e+00
8.341429233551025391e-01,1.493132472038269043e+00
6.698981523513793945e-01,1.219551324844360352e+00
-1.338156700134277344e+00,1.395798921585083008e+00
9.374262094497680664e-01,-6.419270634651184082e-01
-2.836776077747344971e-01,1.438688516616821289e+00
8.106943964958190918e-01,1.033279061317443848e+00
1.986600279808044434e+00,1.719096422195434570e+00
-2.061900869011878967e-02,1.049105644226074219e+00
5.334316492080688477e-01,4.239572286605834961e-01
7.958898786455392838e-04,2.078428506851196289e+00
1.084087371826171875e+00,4.399409294128417969e-01
4.681544750928878784e-02,1.982022523880004883e+00
8.377240896224975586e-01,1.400472223758697510e-01
6.983814239501953125e-01,1.759018659591674805e+00
-2.233583450317382812e+00,1.344467997550964355e+00
-1.061728835105895996e+00,2.643580436706542969e+00
1.973036646842956543e+00,1.472515106201171875e+00
-2.222714126110076904e-01,1.658897638320922852e+00
1.733590245246887207e+00,8.167144060134887695e-01
-5.980355739593505859e-01,1.751156091690063477e+00
2.534824848175048828e+00,3.057464599609375000e+00
-7.458776235580444336e-01,1.251902699470520020e+00
-1.857450008392333984e-01,1.963215112686157227e+00
1.678248047828674316e+00,1.593459367752075195e+00
-1.065341472625732422e+00,2.295197725296020508e+00
7.762045860290527344e-01,4.892264008522033691e-01
8.762876391410827637e-01,4.026412010192871094e+00
3.685840591788291931e-02,1.216280102729797363e+00
7.716892361640930176e-01,-2.535752058029174805e-01
6.014028787612915039e-01,2.684494733810424805e+00
-5.806032419204711914e-01,2.009533643722534180e+00
2.593065738677978516e+00,1.029267668724060059e+00
-5.898790359497070312e-01,5.989204883575439453e+00
-8.102617263793945312e-01,2.836818933486938477e+00
6.996044516563415527e-01,3.333638310432434082e-01
-1.224235057830810547e+00,1.358639717102050781e+00
-6.318984031677246094e-01,2.409529447555541992e+00
2.072083801031112671e-01,-6.002688407897949219e-01
-6.188267469406127930e-01,2.907258272171020508e+00
1.566671431064605713e-01,2.810906410217285156e+00
-7.168036699295043945e-01,2.706250190734863281e+00
-7.890688180923461914e-01,2.816054582595825195e+00
9.758236408233642578e-01,9.151731729507446289e-01
1.372933149337768555e+00,1.305818319320678711e+00
-6.550761461257934570e-01,2.390415668487548828e+00
-1.320554316043853760e-01,1.270518660545349121e+00
3.805875182151794434e-01,1.458595752716064453e+00
-9.188953638076782227e-01,2.582393169403076172e+00
-6.538630127906799316e-01,2.720135688781738281e+00
9.164810776710510254e-01,5.727032423019409180e-01
4.856263473629951477e-02,4.402141094207763672e+00
8.722829222679138184e-01,1.817703247070312500e-01
1.912637472152709961e+00,2.849878370761871338e-02
1.279372334480285645e+00,-7.929369807243347168e-02
-2.500642836093902588e-01,1.367057919502258301e+00
1.571167111396789551e+00,1.292825222015380859e+00
-6.383064985275268555e-01,2.439801454544067383e+00
6.839763522148132324e-01,2.348695278167724609e+00
-1.393960267305374146e-01,1.137912511825561523e+00
6.975915431976318359e-01,1.245816588401794434e+00
-1.094100952148437500e+00,2.402272701263427734e+00
8.834264874458312988e-01,3.897998929023742676e-01
-2.765601873397827148e-01,5.912541747093200684e-01
5.376657843589782715e-01,1.907617568969726562e+00
7.335096001625061035e-01,4.864717125892639160e-01
2.306372880935668945e+00,5.367941260337829590e-01
7.609051465988159180e-01,5.521978735923767090e-01
2.174512296915054321e-01,2.414213657379150391e+00
2.377727508544921875e+00,1.332344532012939453e+00
-1.845155954360961914e+00,1.452007174491882324e+00
1.989739775657653809e+00,1.162807941436767578e+00
-4.178875088691711426e-01,2.924775123596191406e+00
-9.561985731124877930e-01,9.815735816955566406e-01
-1.976066529750823975e-01,2.235694646835327148e+00
-1.085437297821044922e+00,2.328746557235717773e+00
1.400699093937873840e-02,1.858997583389282227e+00
1.040419459342956543e+00,8.491029739379882812e-01
-1.181699275970458984e+00,2.107243061065673828e+00
6.267458200454711914e-01,5.381275177001953125e+00
7.593331933021545410e-01,1.589245796203613281e+00
3.905467987060546875e-01,4.304474830627441406e+00
-7.213683128356933594e-01,2.533301115036010742e+00
-1.079971075057983398e+00,2.094662427902221680e+00
5.954487323760986328e-01,2.307794809341430664e+00
1.362982273101806641e+00,2.042136192321777344e+00
-2.571721002459526062e-02,1.432882189750671387e+00
6.457322835922241211e-01,4.786569476127624512e-01
6.457322835922241211e-01,4.786569476127624512e-01
-6.691043376922607422e-01,4.093684196472167969e+00
1.021044135093688965e+00,1.278326749801635742e+00
1.223016262054443359e+00,1.275072932243347168e+00
1.668624758720397949e+00,2.478219032287597656e+00
1.483793497085571289e+00,1.830377340316772461e+00
9.123433828353881836e-01,1.402263879776000977e+00
-6.762840747833251953e-01,1.458205103874206543e+00
-8.343207836151123047e-01,2.792060852050781250e+00
1.347498178482055664e+00,-2.739148139953613281e-01
-5.287508368492126465e-01,1.439379215240478516e+00
7.810875773429870605e-01,5.672877430915832520e-01
-7.018098235130310059e-01,2.566720008850097656e+00
1.614261627197265625e+00,1.888041973114013672e+00
-8.648341298103332520e-01,6.315217494964599609e+00
-2.033469676971435547e+00,1.690295934677124023e+00
-9.937980175018310547e-01,2.126929521560668945e+00
-8.350076675415039062e-01,2.038345813751220703e+00
9.435072541236877441e-01,1.005426526069641113e+00
2.095295190811157227e-01,1.031827211380004883e+00
-2.709801793098449707e-01,2.990830183029174805e+00
5.075367093086242676e-01,5.453147888183593750e-01
-1.351750493049621582e-01,2.544018030166625977e+00
7.601758241653442383e-01,3.378058075904846191e-01
6.808295249938964844e-01,9.662109017372131348e-01
1.781609058380126953e+00,1.213127613067626953e+00
1.584133744239807129e+00,1.761576652526855469e+00
-2.517527639865875244e-01,1.436536908149719238e+00
-3.529446125030517578e-01,2.859600067138671875e+00
3.582241535186767578e+00,-5.463369488716125488e-01
-1.300902804359793663e-03,5.386794209480285645e-01
7.859140038490295410e-01,1.109275579452514648e+00
6.261364221572875977e-01,1.956169366836547852e+00
-1.091359019279479980e+00,2.697730660438537598e-01
-4.863766431808471680e-01,2.290821313858032227e+00
-1.370136439800262451e-01,1.772629261016845703e+00
-7.058790922164916992e-01,2.451234340667724609e+00
1.164576292037963867e+00,1.187943935394287109e+00
-4.153706431388854980e-01,1.820128440856933594e+00
7.109808921813964844e-01,2.458765983581542969e+00
-7.040450572967529297e-01,1.618640303611755371e+00
9.242588281631469727e-02,1.856614351272583008e+00
-4.111081734299659729e-02,1.483462691307067871e+00
9.913755655288696289e-01,8.925232887268066406e-01
-1.156150341033935547e+00,2.186039924621582031e+00
-6.424600481986999512e-01,2.025714397430419922e+00
-9.890603423118591309e-01,1.866909623146057129e+00
-1.108746528625488281e+00,2.413440227508544922e+00
-1.035026907920837402e+00,2.068392038345336914e+00
8.586090803146362305e-01,1.360662221908569336e+00
8.531465530395507812e-01,3.954953432083129883e+00
-1.332364797592163086e+00,1.029988169670104980e+00
-1.085656285285949707e+00,2.455217599868774414e+00
5.380069017410278320e-01,1.580581545829772949e+00
7.101891189813613892e-02,4.660634517669677734e+00
1.566473722457885742e+00,1.743923783302307129e+00
-1.010896801948547363e+00,2.150977373123168945e+00
-1.188897252082824707e+00,2.366487979888916016e+00
-7.213683128356933594e-01,2.533301115036010742e+00
1.534928202629089355e+00,2.363193511962890625e+00
1.554544568061828613e+00,1.758601665496826172e+00
-8.799211978912353516e-01,2.682076454162597656e+00
6.607158184051513672e-01,5.502168655395507812e+00
-7.492551803588867188e-01,1.975287079811096191e+00
-1.062757134437561035e+00,2.636467933654785156e+00
6.545615792274475098e-01,3.835921287536621094e-01
6.865089386701583862e-02,1.319663405418395996e+00
-7.788187861442565918e-01,2.818476676940917969e+00
7.468998432159423828e-02,1.115263819694519043e+00
-6.953520774841308594e-01,2.843926668167114258e+00
6.794293522834777832e-01,9.014755487442016602e-04
-2.012945860624313354e-01,2.991198301315307617e+00
1.691818714141845703e+00,2.236112356185913086e+00
-9.444923400878906250e-01,2.632944107055664062e+00
9.710869193077087402e-02,1.133186459541320801e+00
9.845133423805236816e-01,1.213391423225402832e+00
1.833336472511291504e+00,8.214435577392578125e-01
1.831802845001220703e+00,2.184353590011596680e+00
2.377724409103393555e+00,1.321747422218322754e+00
-6.997648477554321289e-01,2.551748275756835938e+00
4.914633333683013916e-01,5.565730929374694824e-01
5.577760934829711914e-01,1.254931688308715820e+00
2.932548284530639648e+00,5.264331698417663574e-01
5.677421092987060547e-01,1.315924167633056641e+00
-1.173987388610839844e+00,2.124324560165405273e+00
-6.081672906875610352e-01,2.424372911453247070e+00
1.583965659141540527e+00,2.035451889038085938e+00
-1.128858208656311035e+00,2.353683233261108398e+00
1.407446861267089844e+00,2.335810661315917969e+00
1.271374464035034180e+00,1.622817873954772949e+00
9.727799892425537109e-01,1.116493344306945801e+00
5.669642686843872070e-01,1.084545493125915527e+00
-6.378094851970672607e-02,1.793081521987915039e+00
7.389992475509643555e-01,8.887592554092407227e-01
-1.240018486976623535e+00,4.988966464996337891e+00
-8.472099304199218750e-01,2.406364440917968750e+00
8.591570258140563965e-01,4.072660207748413086e-01
5.996838808059692383e-01,4.558737874031066895e-01
8.164880871772766113e-01,1.090920925140380859e+00
1.110696673393249512e+00,4.248733818531036377e-02
-1.006456255912780762e+00,2.856867313385009766e+00
-5.089985951781272888e-02,2.918233156204223633e+00
1.042864561080932617e+00,9.252220392227172852e-01
2.462808340787887573e-01,1.367447614669799805e+00
1.371920704841613770e+00,9.273858070373535156e-01
1.038030266761779785e+00,3.217100143432617188e+00
1.573326826095581055e+00,1.588619470596313477e+00
-1.920844018459320068e-01,1.380750179290771484e+00
1.724652051925659180e+00,1.336624145507812500e+00
-6.959241628646850586e-01,2.446423292160034180e+00
8.628874421119689941e-01,1.202773451805114746e+00
-1.073352336883544922e+00,2.467454195022583008e+00
9.332893490791320801e-01,7.011233568191528320e-01
1.168606504797935486e-01,1.801546931266784668e+00
-7.702718973159790039e-01,2.695663213729858398e+00
-4.037843048572540283e-01,2.673593044281005859e+00
9.687441587448120117e-01,1.609720468521118164e+00
-6.139771938323974609e-01,2.746865987777709961e+00
-6.284490823745727539e-01,2.909255504608154297e+00
1.845698833465576172e+00,-1.727545112371444702e-01
-7.238497734069824219e-01,2.889262676239013672e+00
-8.002657443284988403e-02,2.926569581031799316e-01
1.474944949150085449e+00,1.630050063133239746e+00
3.208120167255401611e-01,1.758119821548461914e+00
5.431540012359619141e-01,5.463140010833740234e-01
7.980530858039855957e-01,1.125963628292083740e-01
6.725381016731262207e-01,1.395167589187622070e+00
7.452211976051330566e-01,2.367922365665435791e-01
-1.109861135482788086e+00,2.008656501770019531e+00
1.453657746315002441e+00,2.682788372039794922e+00
1.568695664405822754e+00,2.042006969451904297e+00
9.151136875152587891e-01,1.204967141151428223e+00
2.650067806243896484e-01,3.038350343704223633e+00
7.689891457557678223e-01,2.602443099021911621e-01
-1.350283995270729065e-02,1.594159841537475586e+00
4.673370718955993652e-01,5.159396529197692871e-01
-5.725773423910140991e-02,1.072566151618957520e+00
-1.193021297454833984e+00,1.535082340240478516e+00
-1.235206007957458496e+00,5.199457168579101562e+00
7.642235606908798218e-02,9.679120182991027832e-01
-6.368116736412048340e-01,1.279725670814514160e+00
9.083471894264221191e-01,6.518365144729614258e-01
9.708225131034851074e-01,1.558358073234558105e-01
-1.132200598716735840e+00,2.404786348342895508e+00
1.010849118232727051e+00,2.630641698837280273e+00
-1.417831778526306152e-01,2.910063505172729492e+00
1.140648365020751953e+00,-1.198634624481201172e+00
-1.154622077941894531e+00,2.110529184341430664e+00
-1.333177238702774048e-01,1.707026362419128418e+00
-8.018419742584228516e-01,2.679824352264404297e+00
-8.530542850494384766e-01,2.686624526977539062e+00
1.984905600547790527e+00,2.239858150482177734e+00
2.760260403156280518e-01,2.551583290100097656e+00
-1.589049220085144043e+00,1.530856847763061523e+00
8.695459961891174316e-01,1.186146616935729980e+00
3.743950128555297852e-01,5.491667270660400391e+00
7.842329144477844238e-01,3.616831302642822266e-01
1.494536176323890686e-02,2.192733764648437500e+00
2.215253710746765137e-01,2.969541311264038086e+00
7.027661204338073730e-01,8.064270019531250000e-01
-1.439218521118164062e+00,1.479876637458801270e+00
1.226579785346984863e+00,-2.410566359758377075e-01
1.034412026405334473e+00,2.799073755741119385e-01
-2.407839521765708923e-02,1.814877390861511230e+00
8.420474529266357422e-01,1.603669285774230957e+00
1.609124422073364258e+00,2.581726551055908203e+00
1.689049601554870605e+00,1.403639316558837891e+00
2.932548284530639648e+00,5.264331698417663574e-01
6.660587787628173828e-01,1.837449669837951660e+00
2.061441242694854736e-01,1.176506996154785156e+00
1.051147937774658203e+00,1.019089818000793457e+00
7.780537009239196777e-01,3.140240311622619629e-01
-7.389202117919921875e-01,2.884819030761718750e+00
2.171182632446289062e+00,1.310235261917114258e+00
-4.289290904998779297e-01,2.604577302932739258e+00
-9.298171401023864746e-01,2.110205411911010742e+00
-1.146020889282226562e+00,9.850621223449707031e-01
7.659851312637329102e-01,6.003918051719665527e-01
-1.333177238702774048e-01,1.707026362419128418e+00
9.752371311187744141e-01,1.068572998046875000e+00
1.291534453630447388e-01,4.792643189430236816e-01
-9.977645277976989746e-01,6.513314247131347656e-01
-1.099752664566040039e+00,2.336842298507690430e+00
1.021225571632385254e+00,1.221655488014221191e+00
7.774709165096282959e-02,2.098251104354858398e+00
-6.062111854553222656e-01,1.936254024505615234e+00
8.157241344451904297e-01,8.551749587059020996e-02
-9.903357625007629395e-01,2.454524278640747070e+00
8.166306465864181519e-02,6.659844875335693359e+00
-7.913582921028137207e-01,2.689477920532226562e+00
2.611612379550933838e-01,2.466845989227294922e+00
-2.060708403587341309e-01,1.806311607360839844e+00
-1.130719065666198730e+00,2.168446063995361328e+00
-6.302942037582397461e-01,2.839050769805908203e+00
8.158579468727111816e-01,5.523045659065246582e-01
1.785590529441833496e+00,1.630460023880004883e+00
1.038970232009887695e+00,4.499513506889343262e-01
2.351184129714965820e+00,4.972711801528930664e-01
5.155172348022460938e-01,4.869234561920166016e-01
9.429188370704650879e-01,2.701676368713378906e+00
2.073134332895278931e-01,3.176689147949218750e+00
6.815489530563354492e-01,9.175315499305725098e-01
-8.183671534061431885e-02,1.925155639648437500e+00
2.702990472316741943e-01,5.570414066314697266e-01
-5.243167653679847717e-02,1.828107476234436035e+00
7.632638216018676758e-01,1.423101425170898438e+00
-6.144997477531433105e-01,2.805670261383056641e+00
-4.131099283695220947e-01,1.836938619613647461e+00
-7.853711843490600586e-01,2.671789407730102539e+00
-2.122511148452758789e+00,1.432191371917724609e+00
1.085144162178039551e+00,7.737398743629455566e-01
-9.188953638076782227e-01,2.582393169403076172e+00
-9.316197037696838379e-01,2.523705244064331055e+00
-8.276486396789550781e-02,1.141287088394165039e+00
8.593276143074035645e-01,3.404895067214965820e-01
-2.228310406208038330e-01,3.608616352081298828e+00
8.622533679008483887e-01,6.327912807464599609e-01
-1.006456255912780762e+00,2.856867313385009766e+00
2.062431097030639648e+00,-1.392578363418579102e+00
-6.646894216537475586e-01,2.603086709976196289e+00
2.801437854766845703e+00,1.280688405036926270e+00
-7.311438918113708496e-01,1.313443899154663086e+00
1.019608736038208008e+00,1.174234151840209961e+00
3.944793641567230225e-01,5.566630959510803223e-01
-1.066320419311523438e+00,2.680973768234252930e+00
-1.413963198661804199e+00,1.504150509834289551e+00
-7.429167032241821289e-01,2.681434154510498047e+00
2.393678665161132812e+00,5.908782482147216797e-01
-9.677302092313766479e-02,1.583050489425659180e+00
-9.765896201133728027e-01,9.638670682907104492e-01
2.179590940475463867e+00,1.410019159317016602e+00
-4.488013684749603271e-01,3.613562583923339844e+00
1.876628100872039795e-01,2.267867565155029297e+00
1.586620807647705078e+00,3.852221488952636719e+00
-5.089938640594482422e-01,2.095442056655883789e+00
1.672573566436767578e+00,3.121760845184326172e+00
-6.866815090179443359e-01,4.107510566711425781e+00
4.992615580558776855e-01,4.482303261756896973e-01
1.163143634796142578e+00,8.658297061920166016e-01
-7.553684115409851074e-01,2.900117874145507812e+00
1.577246427536010742e+00,2.097870111465454102e+00
1.579065561294555664e+00,1.402398347854614258e+00
1.126523137092590332e+00,2.755744457244873047e-01
9.641947746276855469e-01,1.366927862167358398e+00
-1.109365463256835938e+00,2.382816314697265625e+00
-4.500805735588073730e-01,2.822078227996826172e+00
-8.922407031059265137e-01,6.686984539031982422e+00
1.294605970382690430e+00,3.047566115856170654e-02
-6.844139844179153442e-02,3.485842227935791016e+00
-1.933901786804199219e+00,1.449197053909301758e+00
1.010375738143920898e+00,7.131524085998535156e-01
1.210814356803894043e+00,9.277003407478332520e-01
-1.263366580009460449e+00,2.265877246856689453e+00
5.023508667945861816e-01,1.966642975807189941e+00
-1.391788125038146973e+00,5.269644260406494141e+00
-6.366934776306152344e-01,2.431519031524658203e+00
6.981920003890991211e-01,2.045479536056518555e+00
1.413270086050033569e-01,1.826165437698364258e+00
1.012245297431945801e+00,3.651144742965698242e+00
-4.289290904998779297e-01,2.604577302932739258e+00
-1.078195452690124512e+00,2.483792781829833984e+00
-1.159771203994750977e+00,2.112320184707641602e+00
2.685286402702331543e-01,1.182034850120544434e+00
-6.080669164657592773e-01,2.971640110015869141e+00
8.580530285835266113e-01,2.108405083417892456e-01
-6.601651310920715332e-01,2.422701597213745117e+00
1.159296870231628418e+00,1.170402288436889648e+00
-1.121170878410339355e+00,2.668716192245483398e+00
1.563106417655944824e+00,1.097520351409912109e+00
-1.407752037048339844e-01,1.930305242538452148e+00
-6.452987790107727051e-01,1.906708002090454102e+00
7.176799774169921875e-01,3.485642910003662109e+00
-1.088829040527343750e+00,2.769352674484252930e+00
7.909183502197265625e-01,3.497434139251708984e+00
1.280414342880249023e+00,1.486421346664428711e+00
-7.645582556724548340e-01,8.561687469482421875e+00
1.004578709602355957e+00,3.127046227455139160e-01
-1.124861001968383789e+00,5.076362133026123047e+00
-1.117650866508483887e+00,2.286751270294189453e+00
1.138639807701110840e+00,1.058706998825073242e+00
4.934819415211677551e-02,3.505297183990478516e+00
1.167294383049011230e-01,5.622683763504028320e-01
5.271387696266174316e-01,4.314705729484558105e-01
-1.203180670738220215e+00,2.375847816467285156e+00
-1.593258380889892578e+00,1.172489047050476074e+00
-1.262936890125274658e-01,2.002079010009765625e+00
-9.236853122711181641e-01,2.186039686203002930e+00
1.162913322448730469e+00,3.129497766494750977e-01
-8.566495180130004883e-01,2.579894065856933594e+00
-6.259246915578842163e-02,1.516590595245361328e+00
1.991484999656677246e+00,1.410307049751281738e+00
-1.051340177655220032e-01,1.831464290618896484e+00
4.722715020179748535e-01,1.316795706748962402e+00
-1.929490804672241211e+00,1.424228668212890625e+00
3.472438752651214600e-01,5.755029916763305664e-01
-8.928890824317932129e-01,2.889642238616943359e+00
1.457675933837890625e+00,1.216432929039001465e+00
-6.681205630302429199e-01,5.023254871368408203e+00
9.950095415115356445e-01,2.661105394363403320e+00
7.314193844795227051e-01,-1.113116294145584106e-01
9.125863909721374512e-01,2.312038183212280273e+00
-1.197978258132934570e+00,2.129292488098144531e+00
7.027524709701538086e-01,1.247695446014404297e+00
3.999561667442321777e-01,5.699344873428344727e-01
-1.051340177655220032e-01,1.831464290618896484e+00
-8.533232808113098145e-01,5.856368541717529297e+00
2.269171923398971558e-01,2.589082479476928711e+00
1.512206912040710449e+00,1.537335395812988281e+00
1.007571339607238770e+00,2.334313392639160156e-01
1.974574089050292969e+00,1.706011891365051270e+00
1.831043064594268799e-01,4.026828289031982422e+00
-4.749346375465393066e-01,7.298505306243896484e+00
-1.155731201171875000e+00,6.068628787994384766e+00
-6.228032708168029785e-01,1.932422161102294922e+00
8.790834546089172363e-01,6.568958163261413574e-01
2.666602134704589844e-01,1.763899207115173340e+00
1.868893206119537354e-02,1.261371970176696777e+00
-6.951779723167419434e-01,2.273634433746337891e+00
-1.800295263528823853e-01,1.334905505180358887e+00
-2.132442951202392578e+00,1.450633645057678223e+00
-4.732764661312103271e-01,3.381676197052001953e+00
-1.117620825767517090e+00,2.674118518829345703e+00
-7.271583676338195801e-01,1.259373664855957031e+00
-1.108541727066040039e+00,2.789523124694824219e+00
9.631298184394836426e-01,1.276136755943298340e+00
-8.665742278099060059e-01,2.525242328643798828e+00
-1.832215070724487305e+00,1.288936614990234375e+00
-6.310374140739440918e-01,4.622353076934814453e+00
-1.107277512550354004e+00,2.219586133956909180e+00
-1.338156700134277344e+00,1.395798921585083008e+00
1.201223582029342651e-01,5.454015135765075684e-01
6.718086004257202148e-01,1.132530927658081055e+00
6.752362251281738281e-01,8.640720844268798828e-01
3.223276138305664062e-01,3.548704147338867188e+00
5.470607280731201172e-01,1.814276456832885742e+00
6.872268766164779663e-02,2.028309583663940430e+00
1.537735909223556519e-01,1.012028217315673828e+00
1.697667837142944336e+00,1.331316709518432617e+00
-2.126954197883605957e-01,2.206297397613525391e+00
9.502522945404052734e-01,3.796537518501281738e-01
-6.866815090179443359e-01,4.107510566711425781e+00
-1.542141556739807129e+00,1.884823203086853027e+00
9.572409391403198242e-01,6.494408249855041504e-01
-6.666996479034423828e-01,2.465723514556884766e+00
-6.611126065254211426e-01,2.698036670684814453e+00
-6.535005569458007812e-01,3.098603248596191406e+00
2.824147939682006836e+00,4.502832412719726562e+00
1.376445293426513672e+00,1.471623420715332031e+00
3.926120102405548096e-01,6.436218023300170898e-01
-9.249272942543029785e-01,2.371155023574829102e+00
5.205776691436767578e-01,5.805836319923400879e-01
1.433418273925781250e+00,1.083704948425292969e+00
9.727799892425537109e-01,1.116493344306945801e+00
-7.176487445831298828e-01,2.703305721282958984e+00
-5.323221683502197266e-01,2.232529401779174805e+00
-2.044557593762874603e-02,6.924043297767639160e-01
2.713875174522399902e-01,1.086552500724792480e+00
1.798873662948608398e+00,9.608083963394165039e-01
5.577760934829711914e-01,1.254931688308715820e+00
1.199126124382019043e+00,1.620540976524353027e+00
2.678220570087432861e-01,2.518265724182128906e+00
-1.203180670738220215e+00,2.375847816467285156e+00
-6.666415929794311523e-01,1.805989384651184082e+00
-1.241495132446289062e+00,6.174347996711730957e-01
-1.168470025062561035e+00,3.483198165893554688e+00
-7.301758974790573120e-03,2.333438396453857422e+00
-1.240551233291625977e+00,8.104941248893737793e-02
1.735544204711914062e+00,1.396221280097961426e+00
1.211035326123237610e-01,4.116816997528076172e+00
-9.590051770210266113e-01,2.255126953125000000e+00
-9.458739757537841797e-01,2.065485954284667969e+00
6.075255274772644043e-01,3.627939522266387939e-02
9.374262094497680664e-01,-6.419270634651184082e-01
1.925478428602218628e-01,5.572655200958251953e-01
-1.089527368545532227e+00,2.217098236083984375e+00
8.475948125123977661e-02,1.348436713218688965e+00
-1.963030099868774414e-01,1.967096567153930664e+00
-1.145931720733642578e+00,2.758717775344848633e+00
1.294605970382690430e+00,3.047566115856170654e-02
1.298491597175598145e+00,3.621674537658691406e+00
9.459496140480041504e-01,1.151591420173645020e+00
8.613259792327880859e-01,2.150651663541793823e-01
-5.605385079979896545e-02,1.910378813743591309e+00
1.026334047317504883e+00,6.780013442039489746e-02
-3.868815600872039795e-01,5.119099617004394531e+00
1.832808732986450195e+00,1.150389194488525391e+00
1.801473736763000488e+00,2.002540111541748047e+00
-1.061728835105895996e+00,2.643580436706542969e+00
1.005504876375198364e-01,1.980077981948852539e+00
9.927564859390258789e-01,1.240290164947509766e+00
-6.386135816574096680e-01,1.592983007431030273e+00
3.271656632423400879e-01,3.409089148044586182e-02
7.852689623832702637e-01,1.170186877250671387e+00
-1.461578309535980225e-01,2.066257238388061523e+00
1.083041876554489136e-01,2.085102319717407227e+00
8.180243372917175293e-01,2.907508611679077148e-01
-5.150893330574035645e-01,3.957967519760131836e+00
1.563728690147399902e+00,1.000677227973937988e+00
-9.553607106208801270e-01,2.561693668365478516e+00
9.974163025617599487e-03,1.637376546859741211e+00
-1.117846727371215820e+00,2.449037790298461914e+00
-6.010006070137023926e-01,2.057597637176513672e+00
-9.590051770210266113e-01,2.255126953125000000e+00
2.215253710746765137e-01,2.969541311264038086e+00
-8.060256242752075195e-01,1.784011244773864746e+00
-1.146857365965843201e-01,3.717427015304565430e+00
9.459496140480041504e-01,1.151591420173645020e+00
-8.327697515487670898e-01,1.337320089340209961e+00
-9.000752568244934082e-01,5.645973682403564453e+00
-1.869185417890548706e-01,2.205592393875122070e+00
6.249213218688964844e-01,1.907700419425964355e+00
1.439325094223022461e+00,1.613856315612792969e+00
-1.108746528625488281e+00,2.413440227508544922e+00
-4.921308159828186035e-01,1.756650686264038086e+00
7.019850611686706543e-01,1.292971491813659668e+00
-7.524549365043640137e-01,2.783831119537353516e+00
-1.081418633460998535e+00,1.785762310028076172e+00
-9.211550951004028320e-01,2.620493650436401367e+00
7.313396930694580078e-01,6.594388484954833984e-01
-1.013142585754394531e+00,2.681917667388916016e+00
3.905467987060546875e-01,4.304474830627441406e+00
8.776145577430725098e-01,1.053137540817260742e+00
5.627974271774291992e-01,1.945728182792663574e+00
1.454257965087890625e+00,3.016264677047729492e+00
-1.247090935707092285e+00,1.373988747596740723e+00
1.407858133316040039e+00,2.249967575073242188e+00
1.282227337360382080e-01,1.021674633026123047e+00
8.366318345069885254e-01,1.645373344421386719e+00
-1.342315793037414551e+00,6.189058780670166016e+00
-6.162560582160949707e-01,2.740006685256958008e+00
2.789308130741119385e-01,2.248630762100219727e+00
-1.714952588081359863e+00,1.440803527832031250e+00
3.217335343360900879e-01,5.271280407905578613e-01
-1.114585518836975098e+00,1.317304611206054688e+00
2.465246677398681641e+00,8.050297498703002930e-01
-6.101124882698059082e-01,2.975069761276245117e+00
5.979958176612854004e-01,1.773738980293273926e+00
-9.127384424209594727e-01,2.587158679962158203e+00
-1.487178325653076172e+00,1.047723889350891113e+00
1.606143474578857422e+00,-1.495435684919357300e-01
-5.098584294319152832e-01,4.143281459808349609e+00
2.328940629959106445e+00,1.548295259475708008e+00
-4.826445505023002625e-02,1.350524306297302246e+00
6.472117304801940918e-01,1.282536625862121582e+00
-1.191896438598632812e+00,2.130278587341308594e+00
9.083471894264221191e-01,6.518365144729614258e-01
-8.579310178756713867e-01,1.679663777351379395e+00
1.387290477752685547e+00,2.317500591278076172e+00
6.349393129348754883e-01,1.327553391456604004e+00
-1.599999666213989258e+00,8.597344160079956055e-01
-1.040107846260070801e+00,2.411010265350341797e+00
1.801355957984924316e+00,1.360780477523803711e+00
-9.043642282485961914e-01,2.020744085311889648e+00
-6.391993761062622070e-01,1.369970440864562988e+00
-1.101112961769104004e+00,2.681524276733398438e+00
9.131098985671997070e-01,9.901915788650512695e-01
7.818905115127563477e-01,5.096051692962646484e-01
5.930852293968200684e-01,5.265281796455383301e-01
8.471850752830505371e-01,6.566654443740844727e-01
1.018325462937355042e-01,2.154929161071777344e+00
3.515169024467468262e-01,1.065790176391601562e+00
-2.312893792986869812e-02,4.122468829154968262e-01
1.917804002761840820e+00,1.807293891906738281e+00
1.111543059349060059e+00,-5.325394868850708008e-02
4.732555150985717773e-01,3.107075691223144531e+00
3.190667927265167236e-02,6.813017129898071289e-01
-6.633655428886413574e-01,1.902789831161499023e+00
-3.721856474876403809e-01,2.734700202941894531e+00
-1.231194257736206055e+00,2.055079698562622070e+00
8.600071668624877930e-01,5.314947366714477539e-01
1.672573566436767578e+00,3.121760845184326172e+00
9.218961596488952637e-01,2.090517759323120117e+00
5.731735825538635254e-01,3.882321834564208984e+00
1.895181894302368164e+00,1.370957612991333008e+00
1.061757922172546387e+00,1.169331431388854980e+00
4.672015309333801270e-01,4.696702361106872559e-01
-3.353950083255767822e-01,2.118234395980834961e+00
-1.091359019279479980e+00,2.697730660438537598e-01
4.792706295847892761e-02,1.256384134292602539e+00
-6.579050421714782715e-01,2.452408313751220703e+00
-6.458002328872680664e-01,2.407690286636352539e+00
4.689996317028999329e-02,3.432828426361083984e+00
4.907742142677307129e-01,1.162993192672729492e+00
7.783151865005493164e-01,5.794031620025634766e-01
-1.117650866508483887e+00,2.286751270294189453e+00
-8.032382130622863770e-01,1.650220990180969238e+00
7.432785630226135254e-01,3.750807046890258789e-01
5.026863887906074524e-02,8.985610008239746094e-01
1.027708053588867188e+00,8.183916807174682617e-01
1.198971748352050781e+00,1.576016664505004883e+00
6.197502091526985168e-02,1.091037273406982422e+00
3.698631525039672852e-01,2.710200786590576172e+00
-7.867772579193115234e-01,2.509789228439331055e+00
5.164337530732154846e-02,4.680382251739501953e+00
1.429838687181472778e-01,1.724105328321456909e-01
1.058141946792602539e+00,7.882193922996520996e-01
-1.063340663909912109e+00,7.371961474418640137e-01
6.317113637924194336e-01,1.680358409881591797e+00
-7.090963125228881836e-01,1.946304321289062500e+00
8.098255097866058350e-02,2.239607334136962891e+00
8.886207342147827148e-01,3.381759881973266602e+00
1.033635616302490234e+00,7.762865424156188965e-01
9.435072541236877441e-01,1.005426526069641113e+00
9.085124731063842773e-01,2.006046056747436523e+00
1.859513044357299805e+00,2.225438207387924194e-01
-7.397506237030029297e-01,2.733582496643066406e+00
1.883523106575012207e+00,8.306068778038024902e-01
-1.073111295700073242e+00,2.392418861389160156e+00
1.152667403221130371e+00,1.023371100425720215e+00
2.362763434648513794e-01,2.115029811859130859e+00
5.785085633397102356e-02,1.399689078330993652e+00
-9.230409860610961914e-01,1.547965645790100098e+00
-7.276650667190551758e-01,2.566223621368408203e+00
6.651869416236877441e-01,1.152322530746459961e+00
-7.408114671707153320e-01,2.568506479263305664e+00
1.454257965087890625e+00,3.016264677047729492e+00
1.747641801834106445e+00,1.255496859550476074e+00
-9.666287302970886230e-01,2.410563707351684570e+00
-9.094157069921493530e-02,2.263435125350952148e+00
5.951636433601379395e-01,1.550576448440551758e+00
-2.161495201289653778e-02,1.028686761856079102e+00
-1.908272653818130493e-01,2.228902578353881836e+00
1.319208502769470215e+00,2.056920289993286133e+00
-3.232291638851165771e-01,1.903906345367431641e+00
4.236095547676086426e-01,1.397515535354614258e+00
1.322230696678161621e+00,1.614675283432006836e+00
-1.149973273277282715e-01,1.518171548843383789e+00
-9.177106022834777832e-01,2.174169063568115234e+00
-6.101454496383666992e-01,3.027058362960815430e+00
-1.506988853216171265e-01,2.008052825927734375e+00
5.481761693954467773e-02,1.448491573333740234e+00
8.921853899955749512e-01,1.035215973854064941e+00
-2.269624710083007812e+00,1.552100062370300293e+00
2.121882915496826172e+00,-4.885554313659667969e-01
-6.975098848342895508e-01,2.736608982086181641e+00
5.501352548599243164e-01,1.364313006401062012e+00
7.534997463226318359e-01,1.421780824661254883e+00
1.497679799795150757e-01,2.146142959594726562e+00
-7.836843132972717285e-01,1.689301371574401855e+00
1.021044135093688965e+00,1.278326749801635742e+00
-3.338680863380432129e-01,1.543319940567016602e+00
2.834181785583496094e-01,2.584731578826904297e+00
-1.145931720733642578e+00,2.758717775344848633e+00
-6.673418879508972168e-01,1.308724045753479004e+00
-1.069835782051086426e+00,2.349796295166015625e+00
-1.425675511360168457e+00,6.195460796356201172e+00
3.884349465370178223e-01,4.311322212219238281e+00
-9.690869450569152832e-01,2.660141944885253906e+00
3.499554395675659180e-01,5.977181792259216309e-01
-8.238580822944641113e-02,1.256580799818038940e-01
1.026935935020446777e+00,1.178898096084594727e+00
-7.429167032241821289e-01,2.681434154510498047e+00
8.180243372917175293e-01,2.907508611679077148e-01
-1.098969697952270508e+00,2.138155460357666016e+00
1.810073107481002808e-01,1.075041055679321289e+00
1.798216700553894043e-01,1.122089624404907227e+00
8.155974149703979492e-01,4.389106035232543945e-01
-8.566495180130004883e-01,2.579894065856933594e+00
-9.878947734832763672e-01,2.466758251190185547e+00
-1.876426637172698975e-01,4.939002513885498047e+00
1.663152217864990234e+00,1.158410429954528809e+00
1.009841084480285645e+00,3.462714433670043945e+00
1.065817236900329590e+00,1.168921470642089844e+00
1.586620807647705078e+00,3.852221488952636719e+00
1.022608757019042969e+00,2.920436859130859375e+00
1.228003740310668945e+00,5.527665615081787109e+00
5.395992994308471680e-01,1.918788671493530273e+00
9.548410773277282715e-01,1.283330678939819336e+00
1.175182223320007324e+00,1.276144981384277344e+00
-5.767057463526725769e-02,1.752982854843139648e+00
7.820754498243331909e-02,1.878836154937744141e+00
5.056627988815307617e-01,1.193645000457763672e+00
1.718343019485473633e+00,1.202221989631652832e+00
1.083041876554489136e-01,2.085102319717407227e+00
3.594591617584228516e-01,5.468313694000244141e+00
-1.585785388946533203e+00,1.526945590972900391e+00
8.706595301628112793e-01,1.005847215652465820e+00
3.395912423729896545e-02,3.546585083007812500e+00
1.253702938556671143e-01,1.564884543418884277e+00
-1.876426637172698975e-01,4.939002513885498047e+00
1.199126124382019043e+00,1.620540976524353027e+00
4.137028455734252930e-01,1.103685259819030762e+00
8.400371074676513672e-01,8.963243961334228516e-01
1.164576292037963867e+00,1.187943935394287109e+00
8.786533474922180176e-01,1.388349652290344238e+00
1.633831858634948730e+00,3.679164409637451172e+00
2.462808340787887573e-01,1.367447614669799805e+00
9.561652541160583496e-01,3.350670337677001953e-01
9.458928108215332031e-01,1.071093320846557617e+00
-1.149285912513732910e+00,7.196518778800964355e-01
7.351991534233093262e-01,8.112454414367675781e+00
3.309331834316253662e-02,1.771492242813110352e+00
-3.673664107918739319e-02,1.152368426322937012e+00
7.388480305671691895e-01,5.205212831497192383e-01
-1.084380865097045898e+00,2.357332706451416016e+00
4.598434269428253174e-01,5.699343085289001465e-01
-8.211521506309509277e-01,1.944002389907836914e+00
-3.678129315376281738e-01,2.736816167831420898e+00
7.128788232803344727e-01,9.813804030418395996e-01
-1.779799580574035645e+00,1.162071347236633301e+00
1.069929122924804688e+00,9.606480002403259277e-01
4.326007366180419922e-01,4.467999935150146484e+00
-6.567784547805786133e-01,2.750322341918945312e+00
-5.725773423910140991e-02,1.072566151618957520e+00
8.783358335494995117e-01,1.481842517852783203e+00
8.098255097866058350e-02,2.239607334136962891e+00
8.270725607872009277e-01,1.212647199630737305e+00
-9.753429889678955078e-01,2.374021053314208984e+00
8.589081168174743652e-01,4.575968980789184570e-01
-7.326228022575378418e-01,1.543040752410888672e+00
1.191377162933349609e+00,3.348831176757812500e+00
-1.132753491401672363e-01,2.116265296936035156e+00
1.120168089866638184e+00,1.522061109542846680e+00
-5.867862701416015625e-01,3.355369567871093750e+00
1.445990443229675293e+00,1.724115848541259766e+00
1.593092441558837891e+00,1.974865674972534180e+00
9.756612777709960938e-01,1.084844470024108887e+00
3.138188719749450684e-01,2.732900381088256836e+00
-2.381229028105735779e-02,1.375483751296997070e+00
1.425767421722412109e+00,1.763105630874633789e+00
7.340326309204101562e-01,1.376582026481628418e+00
-1.714952588081359863e+00,1.440803527832031250e+00
1.162174582481384277e+00,3.175242900848388672e+00
1.144234657287597656e+00,1.351100206375122070e+00
1.232004404067993164e+00,1.623214960098266602e+00
-3.407816290855407715e-01,1.538318753242492676e+00
3.588278293609619141e-01,1.309348106384277344e+00
-1.105461120605468750e+00,2.404189109802246094e+00
2.119559049606323242e+00,1.382876515388488770e+00
1.042864561080932617e+00,9.252220392227172852e-01
-7.761301845312118530e-02,1.073005437850952148e+00
4.784324765205383301e-01,4.625208973884582520e-01
-8.687365055084228516e-01,1.089970946311950684e+00
9.655086398124694824e-01,1.891990184783935547e+00
-1.397397518157958984e+00,9.628232717514038086e-01
-6.112819910049438477e-01,2.845587491989135742e+00
1.722379207611083984e+00,8.061016798019409180e-01
1.836039312183856964e-02,1.220179319381713867e+00
-1.184626698493957520e+00,2.108253955841064453e+00
-1.473811641335487366e-02,1.559358119964599609e+00
7.314193844795227051e-01,-1.113116294145584106e-01
5.535832643508911133e-01,1.227241516113281250e+00
1.801473736763000488e+00,2.002540111541748047e+00
-1.255782604217529297e+00,2.241443872451782227e+00
9.788398742675781250e-01,1.597918748855590820e+00
-1.539979696273803711e+00,1.892749071121215820e+00
-7.285383939743041992e-01,2.391233444213867188e+00
2.814997136592864990e-01,9.500585794448852539e-01
1.679393887519836426e+00,2.147567272186279297e+00
1.704393625259399414e-01,9.773303568363189697e-02
-2.073725461959838867e-01,1.394066452980041504e+00
2.668231129646301270e-01,1.089557647705078125e+00
-8.287087678909301758e-01,2.305744171142578125e+00
1.371920704841613770e+00,9.273858070373535156e-01
7.809912562370300293e-01,1.563095450401306152e+00
-8.276064991950988770e-01,2.622446060180664062e+00
-6.172845363616943359e-01,2.879016637802124023e+00
-6.204690933227539062e-01,3.997099399566650391e+00
1.566473722457885742e+00,1.743923783302307129e+00
1.454771310091018677e-01,1.890687942504882812e+00
6.379085183143615723e-01,1.706674218177795410e+00
-4.799321889877319336e-01,2.095160484313964844e+00
1.167294383049011230e-01,5.622683763504028320e-01
8.196913599967956543e-01,1.135280847549438477e+00
5.735231041908264160e-01,5.029400587081909180e-01
7.802309393882751465e-01,1.083922624588012695e+00
9.500467181205749512e-01,3.354119062423706055e-01
2.165061950683593750e+00,1.121359348297119141e+00
7.318035513162612915e-02,3.401669502258300781e+00
1.012320399284362793e+00,1.073811411857604980e+00
9.687441587448120117e-01,1.609720468521118164e+00
2.688270807266235352e-01,2.990574359893798828e+00
8.191541433334350586e-01,9.144770503044128418e-01
-7.073193192481994629e-01,2.760904073715209961e+00
8.196913599967956543e-01,1.135280847549438477e+00
-7.964095473289489746e-01,2.813040256500244141e+00
1.547562837600708008e+00,1.601516246795654297e+00
-1.130719065666198730e+00,2.168446063995361328e+00
1.507074236869812012e+00,1.264840841293334961e+00
-4.212549328804016113e-01,1.032319641113281250e+01
-6.368116736412048340e-01,1.279725670814514160e+00
8.620991110801696777e-01,5.605997443199157715e-01
3.943190574645996094e-01,2.773133993148803711e+00
-1.121170878410339355e+00,2.668716192245483398e+00
1.117030620574951172e+00,1.189021944999694824e+00
-6.969589591026306152e-01,1.967494249343872070e+00
7.315970659255981445e-01,1.099036633968353271e-02
7.873759269714355469e-01,4.214971661567687988e-01
-1.487178325653076172e+00,1.047723889350891113e+00
2.104778289794921875e+00,2.348852872848510742e+00
5.731735825538635254e-01,3.882321834564208984e+00
-1.878861546516418457e+00,1.484997391700744629e+00
1.851267218589782715e+00,2.660782814025878906e+00
-4.294125363230705261e-02,1.421844482421875000e+00
1.822532415390014648e-01,1.019320845603942871e+00
9.373893737792968750e-01,1.113271951675415039e+00
-8.091946840286254883e-01,2.400061607360839844e+00
7.612420916557312012e-01,-8.451423048973083496e-02
1.514544844627380371e+00,2.590055704116821289e+00
6.136561036109924316e-01,5.160301327705383301e-01
1.055999517440795898e+00,4.729557037353515625e+00
9.332893490791320801e-01,7.011233568191528320e-01
-9.526131302118301392e-02,1.530315876007080078e+00
8.225660920143127441e-01,4.582709074020385742e-01
1.010494112968444824e+00,1.327716231346130371e+00
-1.684708446264266968e-01,1.707093715667724609e+00
-1.451392322778701782e-01,1.431282639503479004e+00
7.609051465988159180e-01,5.521978735923767090e-01
-1.159771203994750977e+00,2.112320184707641602e+00
7.027733325958251953e-01,4.388555049896240234e+00
8.834264874458312988e-01,3.897998929023742676e-01
2.511002302169799805e+00,7.797724008560180664e-01
1.482775211334228516e+00,1.896669715642929077e-01
2.242362737655639648e+00,2.063600063323974609e+00
-2.130397558212280273e+00,1.640333294868469238e+00
-1.127780199050903320e+00,2.522715091705322266e+00
7.629531621932983398e-01,1.132323622703552246e+00
2.053714513778686523e+00,1.231816530227661133e+00
-1.320933699607849121e+00,2.431294679641723633e+00
-2.033469676971435547e+00,1.690295934677124023e+00
2.326229810714721680e+00,1.154970645904541016e+00
2.590218305587768555e+00,4.332905411720275879e-01
4.751254245638847351e-02,4.599521160125732422e-01
2.443818151950836182e-01,2.404508829116821289e+00
9.734593629837036133e-01,7.318465113639831543e-01
3.771608695387840271e-02,1.871277928352355957e+00
-8.529614210128784180e-01,2.622477054595947266e+00
1.185672879219055176e+00,3.318524360656738281e-01
-1.016698479652404785e+00,2.450511932373046875e+00
-1.513539813458919525e-02,1.300096511840820312e+00
2.432618856430053711e+00,1.830455362796783447e-01
1.089374661445617676e+00,3.074547767639160156e+00
9.156605005264282227e-01,1.699425816535949707e+00
1.113306656479835510e-01,1.428970694541931152e+00
9.611925482749938965e-02,2.108070850372314453e+00
2.301009416580200195e+00,1.756508827209472656e+00
4.289687052369117737e-02,1.399557709693908691e+00
-3.213811814785003662e-01,2.783578157424926758e+00
-1.096781134605407715e+00,2.427102088928222656e+00
-1.143649697303771973e+00,2.329979181289672852e+00
-1.443999260663986206e-01,2.928420066833496094e+00
1.113907098770141602e+00,1.227318286895751953e+00
-1.234357595443725586e+00,2.238402605056762695e+00
1.138900995254516602e+00,1.160870432853698730e+00
-6.125590205192565918e-01,3.180894613265991211e+00
7.452211976051330566e-01,2.367922365665435791e-01
1.506142139434814453e+00,1.530943512916564941e-01
1.030564427375793457e+00,8.616406917572021484e-01
6.808295249938964844e-01,9.662109017372131348e-01
1.220749378204345703e+00,4.145346641540527344e+00
8.600071668624877930e-01,5.314947366714477539e-01
9.398251771926879883e-01,1.705024242401123047e+00
5.342450737953186035e-01,4.156057834625244141e-01
4.992615580558776855e-01,4.482303261756896973e-01
-1.560736060142517090e+00,1.508387923240661621e+00
1.742623686790466309e+00,1.739298224449157715e+00
-9.501600861549377441e-01,2.289353370666503906e+00
-6.567412018775939941e-01,2.702132225036621094e+00
-1.066005349159240723e+00,2.353065490722656250e+00
-2.775015234947204590e-01,1.644464015960693359e+00
-1.970095038414001465e-01,6.577348709106445312e-01
2.712382555007934570e+00,-5.017113685607910156e-01
-6.144997477531433105e-01,2.805670261383056641e+00
1.722379207611083984e+00,8.061016798019409180e-01
9.458928108215332031e-01,1.071093320846557617e+00
6.779270172119140625e-01,3.956496119499206543e-01
5.056627988815307617e-01,1.193645000457763672e+00
1.310634970664978027e+00,1.466803848743438721e-01
1.006260037422180176e+00,9.760233163833618164e-01
1.831802845001220703e+00,2.184353590011596680e+00
-1.105461120605468750e+00,2.404189109802246094e+00
5.758538246154785156e-01,-1.922410577535629272e-01
-5.875955224037170410e-01,2.248489618301391602e+00
-1.289734616875648499e-02,7.860138416290283203e-01
5.155943036079406738e-01,4.018713235855102539e-01
-7.301758974790573120e-03,2.333438396453857422e+00
1.018325462937355042e-01,2.154929161071777344e+00
1.014244556427001953e+00,1.254725933074951172e+00
8.589081168174743652e-01,4.575968980789184570e-01
2.907091677188873291e-01,2.447516679763793945e+00
-4.669147133827209473e-01,2.985594034194946289e+00
6.877543330192565918e-01,9.765837192535400391e-01
2.835536479949951172e+00,1.472963213920593262e+00
8.342987895011901855e-01,2.489171743392944336e+00
-5.910294055938720703e-01,3.818263292312622070e+00
-1.231696605682373047e+00,2.148214101791381836e+00
-6.081978082656860352e-01,1.690642356872558594e+00
-9.158219695091247559e-01,2.292768001556396484e+00
-1.347883194684982300e-01,1.379917621612548828e+00
-1.057945966720581055e+00,2.428846836090087891e+00
6.794293522834777832e-01,9.014755487442016602e-04
1.898195981979370117e+00,1.502861499786376953e+00
1.596993207931518555e+00,1.615219354629516602e+00
2.174512296915054321e-01,2.414213657379150391e+00
-6.318984031677246094e-01,2.409529447555541992e+00
-2.216854318976402283e-02,2.214255809783935547e+00
-8.850311040878295898e-01,2.707280874252319336e+00
1.051408767700195312e+00,6.805392265319824219e+00
1.015253305435180664e+00,9.451808929443359375e-01
9.175851941108703613e-01,2.990609407424926758e-01
1.147828221321105957e+00,1.387222528457641602e+00
3.110970929265022278e-02,2.171938896179199219e+00
-6.824296116828918457e-01,2.521478176116943359e+00
1.889806687831878662e-01,1.263907909393310547e+00
4.792706295847892761e-02,1.256384134292602539e+00
-9.987041950225830078e-01,2.573874950408935547e+00
9.810565114021301270e-01,9.434556961059570312e-01
1.118890643119812012e+00,1.018158555030822754e+00
4.784324765205383301e-01,4.625208973884582520e-01
1.106108427047729492e+00,3.307345867156982422e+00
1.033635616302490234e+00,7.762865424156188965e-01
-7.643607258796691895e-02,1.098870754241943359e+00
-2.264733985066413879e-02,1.774269819259643555e+00
1.192086815834045410e+00,1.527127981185913086e+00
1.159085705876350403e-02,1.707668662071228027e+00
-9.912556409835815430e-01,2.250557184219360352e+00
5.667644739151000977e-01,3.104590177536010742e+00
1.253816932439804077e-01,2.113360166549682617e+00
-1.340507864952087402e-01,1.954583883285522461e+00
9.607466459274291992e-01,1.271266222000122070e+00
-7.243741750717163086e-01,2.693048954010009766e+00
-7.820864319801330566e-01,2.803553104400634766e+00
3.313409686088562012e-01,5.854384899139404297e-01
3.022218644618988037e-01,2.157093286514282227e+00
1.112855002284049988e-01,1.584179639816284180e+00
1.030564427375793457e+00,8.616406917572021484e-01
2.717854380607604980e-01,2.556702613830566406e+00
-6.312053203582763672e-01,2.696234703063964844e+00
-5.787084102630615234e-01,3.142055273056030273e+00
9.092699289321899414e-01,1.971818208694458008e+00
8.601930737495422363e-01,8.108909726142883301e-01
9.082676768302917480e-01,8.942216634750366211e-01
1.593092441558837891e+00,1.974865674972534180e+00
-6.310374140739440918e-01,4.622353076934814453e+00
1.509396076202392578e+00,7.752406597137451172e-02
2.190829753875732422e+00,1.409103751182556152e+00
-6.841229200363159180e-01,2.672676563262939453e+00
-1.016250014305114746e+00,2.150000333786010742e+00
1.422975063323974609e-01,8.441869616508483887e-01
-5.823086500167846680e-01,1.769027948379516602e+00
1.076811313629150391e+00,7.763466238975524902e-01
-1.344048619270324707e+00,2.098476648330688477e+00
-9.426765143871307373e-03,7.943469882011413574e-01
-4.242383241653442383e-01,2.746082067489624023e+00
1.001621842384338379e+00,3.147457838058471680e-01
8.881396055221557617e-01,6.126049757003784180e-01
1.006260037422180176e+00,9.760233163833618164e-01
-2.060708403587341309e-01,1.806311607360839844e+00
-1.049647569656372070e+00,2.336186408996582031e+00
-1.704391837120056152e-01,2.053958892822265625e+00
1.321462094783782959e-01,3.171111583709716797e+00
1.101629972457885742e+00,1.198296546936035156e+00
-5.994141697883605957e-01,1.859348297119140625e+00
-5.541078746318817139e-03,1.511561393737792969e+00
3.771608695387840271e-02,1.871277928352355957e+00
-9.890603423118591309e-01,1.866909623146057129e+00
8.628874421119689941e-01,1.202773451805114746e+00
-8.173139691352844238e-01,2.580868482589721680e+00
8.342987895011901855e-01,2.489171743392944336e+00
8.366318345069885254e-01,1.645373344421386719e+00
3.208120167255401611e-01,1.758119821548461914e+00
-9.751493930816650391e-01,2.500591754913330078e+00
6.037482023239135742e-01,1.423774719238281250e+00
3.388833701610565186e-01,5.813790798187255859e+00
5.265220403671264648e-01,1.319269418716430664e+00
-2.125699043273925781e+00,1.635477781295776367e+00
1.083831667900085449e+00,1.186119914054870605e+00
-9.724633693695068359e-01,2.469779014587402344e+00
-6.948143243789672852e-01,1.882349729537963867e+00
-1.119876980781555176e+00,9.907427430152893066e-01
2.057474851608276367e-01,2.033022165298461914e+00
8.198015689849853516e-01,1.128767848014831543e+00
2.222755908966064453e+00,1.172237515449523926e+00
3.223276138305664062e-01,3.548704147338867188e+00
1.403509497642517090e+00,1.992211461067199707e+00
6.228255853056907654e-02,6.354986429214477539e-01
-5.993582010269165039e-01,2.564976453781127930e+00
1.053933620452880859e+00,1.034120202064514160e+00
1.226222887635231018e-01,5.449473857879638672e-01
9.900366067886352539e-01,1.396264195442199707e+00
-8.751656413078308105e-01,2.483757972717285156e+00
-1.056734800338745117e+00,2.328531265258789062e+00
1.084087371826171875e+00,4.399409294128417969e-01
1.583700060844421387e+00,1.523217201232910156e+00
-7.159990072250366211e-01,2.437628030776977539e+00
1.533448576927185059e+00,1.557263493537902832e+00
4.689996317028999329e-02,3.432828426361083984e+00
2.766057252883911133e+00,4.666301608085632324e-01
2.636544108390808105e-01,2.504306316375732422e+00
5.735231041908264160e-01,5.029400587081909180e-01
1.012245297431945801e+00,3.651144742965698242e+00
6.267458200454711914e-01,5.381275177001953125e+00
-7.040450572967529297e-01,1.618640303611755371e+00
-9.458739757537841797e-01,2.065485954284667969e+00
1.257052540779113770e+00,1.228312611579895020e+00
-5.092644691467285156e-01,2.785648584365844727e+00
-1.154622077941894531e+00,2.110529184341430664e+00
-2.051907032728195190e-01,1.349277019500732422e+00
9.950299859046936035e-01,4.139306068420410156e+00
9.636955857276916504e-01,1.864736795425415039e+00
1.935353130102157593e-01,1.570845603942871094e+00
1.704875230789184570e+00,1.334059119224548340e+00
1.893864572048187256e-01,2.542095184326171875e+00
1.778280615806579590e+00,2.023179769515991211e+00
8.726059794425964355e-01,3.188872337341308594e+00
6.255316734313964844e-02,6.298235058784484863e-01
5.526658892631530762e-01,1.356034517288208008e+00
1.512019038200378418e+00,1.758161902427673340e+00
-4.937055110931396484e-01,1.502457976341247559e+00
8.341429233551025391e-01,1.493132472038269043e+00
3.416893184185028076e-01,4.238353371620178223e-01
1.686986088752746582e+00,2.064312219619750977e+00
8.902838826179504395e-01,1.400213479995727539e+00
-1.477431654930114746e-01,1.404853940010070801e+00
-1.557207345962524414e+00,1.750556111335754395e+00
3.587022721767425537e-01,5.968407392501831055e-01
2.533218264579772949e-01,2.628144741058349609e+00
1.954107880592346191e+00,1.365393280982971191e+00
-1.391181826591491699e+00,9.567138552665710449e-01
-6.156958267092704773e-02,2.898291587829589844e+00
1.013787508010864258e+00,1.402864217758178711e+00
8.364806175231933594e-01,4.186731576919555664e-01
-6.193197369575500488e-01,2.957841873168945312e+00
4.682830870151519775e-01,4.945814013481140137e-01
-9.475600123405456543e-01,1.676136493682861328e+00
3.588278293609619141e-01,1.309348106384277344e+00
1.433653354644775391e+00,1.736727833747863770e+00
-1.526803135871887207e+00,1.583541631698608398e+00
1.356105685234069824e+00,1.488724231719970703e+00
3.352991044521331787e-01,1.805866807699203491e-01
8.593276143074035645e-01,3.404895067214965820e-01
-1.156150341033935547e+00,2.186039924621582031e+00
-1.425675511360168457e+00,6.195460796356201172e+00
1.050725460052490234e+00,8.965131640434265137e-01
-6.531410217285156250e-01,2.299016237258911133e+00
6.237651109695434570e-01,1.063869237899780273e+00
2.641188859939575195e+00,8.317279815673828125e-01
7.998407483100891113e-01,1.280904531478881836e+00
2.269171923398971558e-01,2.589082479476928711e+00
4.959413707256317139e-01,8.131601333618164062e+00
1.687881469726562500e+00,7.146500349044799805e-01
1.285451292991638184e+00,2.001325368881225586e+00
-1.423981428146362305e+00,1.433539986610412598e+00
8.790642619132995605e-01,2.541551291942596436e-01
1.445219993591308594e+00,2.881430983543395996e-01
-5.380654335021972656e-01,1.414305567741394043e+00
1.244151949882507324e+00,1.581850171089172363e+00
1.013508558273315430e+00,1.278745889663696289e+00
1.302232980728149414e+00,1.719070196151733398e+00
1.167934775352478027e+00,5.523606777191162109e+00
-8.276064991950988770e-01,2.622446060180664062e+00
1.198971748352050781e+00,1.576016664505004883e+00
5.152251720428466797e-01,1.629663348197937012e+00
9.769509434700012207e-01,-1.345966756343841553e-02
-1.615849137306213379e-01,1.432874202728271484e+00
7.315970659255981445e-01,1.099036633968353271e-02
1.449033498764038086e+00,1.828337669372558594e+00
8.359003067016601562e-01,3.612784147262573242e-01
-2.080878734588623047e+00,1.681139588356018066e+00
8.691733479499816895e-01,2.100823879241943359e+00
5.917510390281677246e-01,1.091662049293518066e+00
-6.468334197998046875e-01,1.176913499832153320e+00
-2.725722789764404297e-01,-1.320621967315673828e-01
1.615639328956604004e+00,1.474261879920959473e+00
-1.013142585754394531e+00,2.681917667388916016e+00
1.555205345153808594e+00,1.579744219779968262e+00
1.159842133522033691e+00,3.364090919494628906e+00
-1.108895421028137207e+00,2.392017602920532227e+00
-1.117846727371215820e+00,2.449037790298461914e+00
-1.344985723495483398e+00,1.196819067001342773e+00
-1.275948166847229004e+00,3.420447349548339844e+00
1.743599891662597656e+00,2.046412706375122070e+00
-3.187293112277984619e-01,5.157962322235107422e+00
-1.334841370582580566e+00,1.006768107414245605e+00
-1.153180956840515137e+00,2.328735828399658203e+00
4.672015309333801270e-01,4.696702361106872559e-01
1.641219854354858398e-01,1.438655853271484375e+00
4.721486568450927734e-01,5.596279501914978027e-01
-9.514524936676025391e-01,2.065790414810180664e+00
3.769439160823822021e-01,2.527024507522583008e+00
1.840340971946716309e+00,1.161723017692565918e+00
6.725381016731262207e-01,1.395167589187622070e+00
2.165061950683593750e+00,1.121359348297119141e+00
9.674026370048522949e-01,1.124312996864318848e+00
5.835447311401367188e-01,1.313032865524291992e+00
1.449033498764038086e+00,1.828337669372558594e+00
9.502522945404052734e-01,3.796537518501281738e-01
4.721486568450927734e-01,5.596279501914978027e-01
1.132757544517517090e+00,1.029679179191589355e+00
-1.426011443138122559e+00,4.920456409454345703e+00
6.505773663520812988e-01,1.232602119445800781e+00
-1.109861135482788086e+00,2.008656501770019531e+00
8.424553275108337402e-01,5.687560439109802246e-01
-1.094100952148437500e+00,2.402272701263427734e+00
4.651087224483489990e-01,4.831767082214355469e-01
-4.616309404373168945e-01,2.540341377258300781e+00
1.366502881050109863e+00,3.775428533554077148e-01
-1.125671148300170898e+00,2.395179271697998047e+00
7.818784117698669434e-01,1.208444356918334961e+00
-6.356109380722045898e-01,2.922373771667480469e+00
1.041881442070007324e+00,1.253230094909667969e+00
8.722829222679138184e-01,1.817703247070312500e-01
-9.220241904258728027e-01,2.531197786331176758e+00
3.020107373595237732e-02,1.384197950363159180e+00
-9.737194776535034180e-01,2.017485857009887695e+00
1.144234657287597656e+00,1.351100206375122070e+00
3.734657466411590576e-01,1.965023756027221680e+00
-7.279307246208190918e-01,1.136450409889221191e+00
-6.132515668869018555e-01,2.950513124465942383e+00
2.444513440132141113e-01,6.501979231834411621e-01
-1.205928444862365723e+00,2.489882230758666992e+00
-1.101876378059387207e+00,2.458626985549926758e+00
-3.529446125030517578e-01,2.859600067138671875e+00
-6.101454496383666992e-01,3.027058362960815430e+00
-5.910294055938720703e-01,3.818263292312622070e+00
1.656187534332275391e+00,1.454595565795898438e+00
8.062149286270141602e-01,6.051319241523742676e-01
1.453657746315002441e+00,2.682788372039794922e+00
-2.080097198486328125e+00,1.438744425773620605e+00
5.535832643508911133e-01,1.227241516113281250e+00
1.947821378707885742e+00,7.047336101531982422e-01
4.354769587516784668e-01,5.580411553382873535e-01
-6.703189015388488770e-01,1.501812934875488281e+00
-6.386135816574096680e-01,1.592983007431030273e+00
1.152618408203125000e+00,3.385445117950439453e+00
2.219169616699218750e+00,8.688975572586059570e-01
2.072083801031112671e-01,-6.002688407897949219e-01
1.217915654182434082e+00,2.047627925872802734e+00
3.217335343360900879e-01,5.271280407905578613e-01
3.454924821853637695e+00,1.068281382322311401e-01
7.951769232749938965e-01,1.536315321922302246e+00
8.151435852050781250e-01,5.789186358451843262e-01
-5.255351662635803223e-01,2.207161188125610352e+00
9.238198995590209961e-01,1.150331735610961914e+00
6.718086004257202148e-01,1.132530927658081055e+00
1.571887016296386719e+00,-9.958171844482421875e-01
3.461782932281494141e-01,5.663732290267944336e-01
6.502413153648376465e-01,8.993163108825683594e-01
2.107990264892578125e+00,1.051315903663635254e+00
5.726096779108047485e-02,1.115465879440307617e+00
-1.534140408039093018e-01,1.984280228614807129e+00
1.211819767951965332e+00,9.150499105453491211e-01
3.215591013431549072e-01,2.592848777770996094e+00
-5.248962044715881348e-01,4.104294300079345703e+00
8.071305751800537109e-01,5.229634642601013184e-01
9.061607122421264648e-01,5.935674190521240234e+00
-1.941451057791709900e-02,3.406474590301513672e+00
-7.301176190376281738e-01,2.547136545181274414e+00
1.503877639770507812e+00,3.400872468948364258e+00
-9.636236429214477539e-01,2.617886066436767578e+00
1.724868893623352051e+00,1.559450387954711914e+00
-1.332266807556152344e+00,2.124177217483520508e+00
-2.348420619964599609e+00,1.652324318885803223e+00
-2.434889376163482666e-01,3.983887672424316406e+00
-8.822449296712875366e-02,5.691725015640258789e-01
6.660587787628173828e-01,1.837449669837951660e+00
1.509396076202392578e+00,7.752406597137451172e-02
1.873859763145446777e+00,1.878564596176147461e+00
-1.085349321365356445e+00,7.698305249214172363e-01
-6.259246915578842163e-02,1.516590595245361328e+00
-8.041825145483016968e-02,1.598826885223388672e+00
-4.947134852409362793e-01,3.144502043724060059e-01
-5.164198875427246094e-01,1.466736555099487305e+00
6.852074861526489258e-01,1.336172103881835938e+00
3.020515143871307373e-01,1.746229767799377441e+00
5.487859845161437988e-01,2.475376129150390625e+00
-1.920844018459320068e-01,1.380750179290771484e+00
1.003194600343704224e-02,1.658030271530151367e+00
1.198134794831275940e-01,1.295959949493408203e+00
-1.132247924804687500e+00,6.461887955665588379e-01
1.268365502357482910e+00,3.226017951965332031e-01
-1.073352336883544922e+00,2.467454195022583008e+00
2.190829753875732422e+00,1.409103751182556152e+00
-4.167638123035430908e-01,2.959899902343750000e+00
1.511523127555847168e+00,2.808716297149658203e+00
-1.072711467742919922e+00,2.560790061950683594e+00
1.008462905883789062e+00,8.759131431579589844e-01
1.341931462287902832e+00,1.688185453414916992e+00
-8.575167655944824219e-01,2.700419902801513672e+00
-8.850311040878295898e-01,2.707280874252319336e+00
7.285492420196533203e-01,4.596512317657470703e+00
-1.400569915771484375e+00,1.463097810745239258e+00
3.617543280124664307e-01,5.421069860458374023e-01
8.071577548980712891e-01,4.483247995376586914e-01
7.801536917686462402e-01,4.954540133476257324e-01
2.279174029827117920e-01,6.374713778495788574e-01
-7.755827307701110840e-01,2.859563589096069336e+00
9.900366067886352539e-01,1.396264195442199707e+00
-1.419454455375671387e+00,1.524512171745300293e+00
-2.051245421171188354e-01,1.530966758728027344e+00
-1.346536874771118164e+00,8.080360889434814453e-01
2.143651247024536133e+00,2.653518915176391602e+00
2.057187557220458984e-01,2.009853839874267578e+00
9.986584186553955078e-01,1.377228498458862305e+00
-7.645582556724548340e-01,8.561687469482421875e+00
-8.529247641563415527e-01,2.814114570617675781e+00
5.331699252128601074e-01,1.737383604049682617e+00
-1.010852932929992676e+00,2.856042385101318359e+00
-6.579873561859130859e-01,4.696393489837646484e+00
-1.059482932090759277e+00,2.592492103576660156e+00
3.924805521965026855e-01,5.599309802055358887e-01
7.841522097587585449e-01,7.071353912353515625e+00
1.051974296569824219e+00,2.737875461578369141e+00
4.722715020179748535e-01,1.316795706748962402e+00
8.921853899955749512e-01,1.035215973854064941e+00
2.650067806243896484e-01,3.038350343704223633e+00
-1.970095038414001465e-01,6.577348709106445312e-01
-1.351750493049621582e-01,2.544018030166625977e+00
-7.616184353828430176e-01,2.598321437835693359e+00
-1.845155954360961914e+00,1.452007174491882324e+00
-9.028233885765075684e-01,5.594767928123474121e-01
-9.768753498792648315e-02,2.513704299926757812e+00
1.263248085975646973e+00,9.247877001762390137e-01
-1.340507864952087402e-01,1.954583883285522461e+00
-5.309197902679443359e-01,1.904232978820800781e+00
1.319307804107666016e+00,-2.772706747055053711e-01
-1.143354892730712891e+00,7.402887344360351562e-01
-7.916514873504638672e-01,2.001186847686767578e+00
1.507074236869812012e+00,1.264840841293334961e+00
1.794136166572570801e-01,3.946208953857421875e+00
6.014028787612915039e-01,2.684494733810424805e+00
1.280414342880249023e+00,1.486421346664428711e+00
2.351184129714965820e+00,4.972711801528930664e-01
-1.315569519996643066e+00,1.923017740249633789e+00
6.451835632324218750e-01,2.383818626403808594e+00
-4.937055110931396484e-01,1.502457976341247559e+00
5.573555827140808105e-01,1.296366691589355469e+00
-7.729573845863342285e-01,2.669364452362060547e+00
1.648549139499664307e-01,1.170983672142028809e+00
-1.519943714141845703e+00,1.660493373870849609e+00
1.223016262054443359e+00,1.275072932243347168e+00
-8.233661651611328125e-01,2.289876461029052734e+00
-1.594555497169494629e+00,1.421283483505249023e+00
1.902852892875671387e+00,4.702806472778320312e-01
-1.708552390336990356e-01,2.924648046493530273e+00
1.509981155395507812e+00,8.311690092086791992e-01
-4.866666197776794434e-01,1.982490181922912598e+00
-1.539979696273803711e+00,1.892749071121215820e+00
-6.495158076286315918e-01,1.213713169097900391e+00
1.822495460510253906e-01,-6.803797185420989990e-02
-9.236853122711181641e-01,2.186039686203002930e+00
-4.080325365066528320e-01,7.282660484313964844e+00
4.935290664434432983e-02,1.672400474548339844e+00
8.158579468727111816e-01,5.523045659065246582e-01
5.488004088401794434e-01,1.323425889015197754e+00
1.963127553462982178e-01,1.498549222946166992e+00
1.082796692848205566e+00,3.256684780120849609e+00
2.789308130741119385e-01,2.248630762100219727e+00
6.877543330192565918e-01,9.765837192535400391e-01
-2.571721002459526062e-02,1.432882189750671387e+00
-8.631470799446105957e-01,2.682959318161010742e+00
-1.175173640251159668e+00,2.212033987045288086e+00
2.791280150413513184e-01,3.159842491149902344e+00
-9.724633693695068359e-01,2.469779014587402344e+00
7.484374940395355225e-02,1.069657802581787109e+00
1.029110550880432129e+00,1.390160322189331055e+00
5.113772153854370117e-01,5.276791453361511230e-01
-8.753990381956100464e-02,1.941357135772705078e+00
1.051147937774658203e+00,1.019089818000793457e+00
-1.407752037048339844e-01,1.930305242538452148e+00
-1.149973273277282715e-01,1.518171548843383789e+00
4.975133538246154785e-01,1.277218341827392578e+00
6.751949191093444824e-01,1.673472046852111816e+00
1.297135502099990845e-01,4.767307281494140625e+00
3.338582217693328857e-01,1.557355880737304688e+00
-2.073725461959838867e-01,1.394066452980041504e+00
-7.159990072250366211e-01,2.437628030776977539e+00
-6.229724884033203125e-01,2.894680023193359375e+00
1.190385937690734863e+00,1.369307994842529297e+00
-5.380654335021972656e-01,1.414305567741394043e+00
1.198803707957267761e-01,5.185945630073547363e-01
3.062160491943359375e+00,-4.545434117317199707e-01
9.631298184394836426e-01,1.276136755943298340e+00
4.171333909034729004e-01,5.261512994766235352e-01
9.275551140308380127e-02,1.914761543273925781e+00
1.496360301971435547e+00,2.035410881042480469e+00
-1.779799580574035645e+00,1.162071347236633301e+00
5.075367093086242676e-01,5.453147888183593750e-01
4.543328583240509033e-01,1.330284714698791504e+00
-1.056734800338745117e+00,2.328531265258789062e+00
1.294406771659851074e+00,1.355278730392456055e+00
-6.091428995132446289e-01,2.004551172256469727e+00
-2.126954197883605957e-01,2.206297397613525391e+00
-2.079947471618652344e+00,2.038686275482177734e+00
-1.101876378059387207e+00,2.458626985549926758e+00
3.309331834316253662e-02,1.771492242813110352e+00
-9.157218337059020996e-01,2.652006387710571289e+00
-8.838463574647903442e-03,2.059172630310058594e+00
5.358757972717285156e-01,1.872124075889587402e+00
5.767104625701904297e-01,1.874741196632385254e+00
-6.708391904830932617e-01,2.697730064392089844e+00
8.561335206031799316e-01,2.925613880157470703e+00
2.266703128814697266e+00,-2.437342256307601929e-01
-1.684708446264266968e-01,1.707093715667724609e+00
5.727934241294860840e-01,5.509306788444519043e-01
7.841522097587585449e-01,7.071353912353515625e+00
-1.004782319068908691e+00,2.617134571075439453e+00
1.577662229537963867e+00,1.741963148117065430e+00
-1.292878031730651855e+00,2.083836793899536133e+00
-7.884900569915771484e-01,2.512050867080688477e+00
1.681020975112915039e+00,-3.661684393882751465e-01
3.797299787402153015e-02,1.000871896743774414e+00
1.984905600547790527e+00,2.239858150482177734e+00
2.053714513778686523e+00,1.231816530227661133e+00
1.302232980728149414e+00,1.719070196151733398e+00
9.364336133003234863e-01,1.389259099960327148e+00
5.488747358322143555e-01,1.279870510101318359e+00
1.371018886566162109e+00,3.441910266876220703e+00
9.100586175918579102e-01,4.141426682472229004e-01
6.190267801284790039e-01,1.726949691772460938e+00
7.081639766693115234e-01,1.219329118728637695e+00
-4.203463792800903320e-01,3.946961879730224609e+00
1.824563145637512207e-01,1.088243961334228516e+00
8.763167858123779297e-01,1.125669002532958984e+00
7.366381287574768066e-01,1.370218396186828613e+00
1.007951140403747559e+00,1.220130681991577148e+00
3.999561667442321777e-01,5.699344873428344727e-01
-9.145802259445190430e-01,2.576367378234863281e+00
-8.878816366195678711e-01,7.525829076766967773e-01
-1.089527368545532227e+00,2.217098236083984375e+00
-6.305376291275024414e-01,1.998638868331909180e+00
2.630944967269897461e+00,7.451928853988647461e-01
1.866537570953369141e+00,2.610712647438049316e-01
1.822495460510253906e-01,-6.803797185420989990e-02
1.999992012977600098e+00,1.381785035133361816e+00
3.582241535186767578e+00,-5.463369488716125488e-01
-9.180110692977905273e-02,2.170372962951660156e+00
8.677553534507751465e-01,2.335592746734619141e+00
-6.642346978187561035e-01,3.031476974487304688e+00
8.252226114273071289e-01,2.174054533243179321e-01
-6.646894216537475586e-01,2.603086709976196289e+00
-4.361267387866973877e-01,5.304027080535888672e+00
-1.156370639801025391e+00,2.095161437988281250e+00
7.174915671348571777e-01,3.844906687736511230e-01
1.509748935699462891e+00,7.740179896354675293e-01
-5.164198875427246094e-01,1.466736555099487305e+00
3.698631525039672852e-01,2.710200786590576172e+00
1.579065561294555664e+00,1.402398347854614258e+00
-6.538630127906799316e-01,2.720135688781738281e+00
-9.828918576240539551e-01,2.172722101211547852e+00
8.042689561843872070e-01,1.296190142631530762e+00
3.011292815208435059e-01,1.460279464721679688e+00
-1.078559041023254395e+00,8.968124389648437500e-01
8.034572005271911621e-01,1.417403817176818848e-01
5.199966430664062500e-01,9.965085029602050781e+00
1.190347075462341309e+00,1.299869537353515625e+00
-1.057945966720581055e+00,2.428846836090087891e+00
-4.242383241653442383e-01,2.746082067489624023e+00
7.426038980484008789e-01,5.935589075088500977e-01
1.389654397964477539e+00,1.453216671943664551e+00
3.797176480293273926e-01,-4.555115103721618652e-02
1.022608757019042969e+00,2.920436859130859375e+00
2.055504620075225830e-01,1.606135487556457520e+00
6.946453452110290527e-01,1.180832028388977051e+00
1.425767421722412109e+00,1.763105630874633789e+00
7.871231436729431152e-01,1.498407006263732910e+00
-1.085656285285949707e+00,2.455217599868774414e+00
1.147828221321105957e+00,1.387222528457641602e+00
-4.286408722400665283e-01,5.664075374603271484e+00
4.973089694976806641e-01,3.982479095458984375e+00
-8.077223300933837891e-01,2.300286054611206055e+00
-7.853711843490600586e-01,2.671789407730102539e+00
1.824242711067199707e+00,1.422624111175537109e+00
6.789182424545288086e-01,1.981607794761657715e+00
7.616526484489440918e-01,6.712214648723602295e-02
3.222995996475219727e-01,1.094966650009155273e+00
1.954107880592346191e+00,1.365393280982971191e+00
9.447867274284362793e-01,-1.363261044025421143e-02
-2.434889376163482666e-01,3.983887672424316406e+00
-1.933224678039550781e+00,1.466932773590087891e+00
-1.878861546516418457e+00,1.484997391700744629e+00
-1.052179932594299316e+00,2.166222095489501953e+00
9.749540686607360840e-01,1.113996863365173340e+00
1.078793406486511230e+00,1.372128248214721680e+00
5.735916495323181152e-01,6.405311822891235352e-01
1.201223582029342651e-01,5.454015135765075684e-01
1.147272348403930664e+00,1.453088641166687012e+00
1.668368577957153320e+00,9.445030987262725830e-02
-1.178354859352111816e+00,2.498240232467651367e+00
1.854720115661621094e+00,1.429418802261352539e+00
-1.045019149780273438e+00,6.959912776947021484e+00
1.061757922172546387e+00,1.169331431388854980e+00
3.222995996475219727e-01,1.094966650009155273e+00
-7.884900569915771484e-01,2.512050867080688477e+00
1.348193526268005371e+00,1.509572267532348633e+00
-6.465958356857299805e-01,2.436065196990966797e+00
-7.918729186058044434e-01,2.665564298629760742e+00
1.338684260845184326e-01,4.619665622711181641e+00
-6.951779723167419434e-01,2.273634433746337891e+00
-5.962883234024047852e-01,2.857483863830566406e+00
-7.002903223037719727e-01,2.767232656478881836e+00
-7.774906754493713379e-01,2.821115493774414062e+00
-3.353950083255767822e-01,2.118234395980834961e+00
1.947821378707885742e+00,7.047336101531982422e-01
-6.356109380722045898e-01,2.922373771667480469e+00
6.646463274955749512e-01,1.639175772666931152e+00
-3.665145635604858398e-01,3.352297067642211914e+00
6.698981523513793945e-01,1.219551324844360352e+00
8.352556228637695312e-01,5.941363573074340820e-01
-1.773143053054809570e+00,6.890120506286621094e-01
3.746288418769836426e-01,2.684319257736206055e+00
7.955724745988845825e-02,1.483164310455322266e+00
-1.479126280173659325e-03,7.747710347175598145e-01
9.860210418701171875e-01,3.106109797954559326e-01
6.946453452110290527e-01,1.180832028388977051e+00
6.781364232301712036e-02,3.279530286788940430e+00
6.646063327789306641e-01,1.309889912605285645e+00
-1.065386772155761719e+00,2.257581949234008789e+00
-6.550761461257934570e-01,2.390415668487548828e+00
-1.443999260663986206e-01,2.928420066833496094e+00
1.681020975112915039e+00,-3.661684393882751465e-01
7.324547767639160156e-01,6.687022447586059570e-01
-1.151940941810607910e+00,1.290390610694885254e+00
-4.903699085116386414e-02,2.305433273315429688e+00
-1.439218521118164062e+00,1.479876637458801270e+00
7.111775875091552734e-01,3.784949779510498047e-01
1.298912167549133301e+00,2.668543159961700439e-01
-1.078423619270324707e+00,2.514789342880249023e+00
1.110734045505523682e-01,5.191138982772827148e-01
-1.078423619270324707e+00,2.514789342880249023e+00
5.545705556869506836e-01,1.965369939804077148e+00
-7.881529927253723145e-01,2.459261655807495117e+00
-7.018098235130310059e-01,2.566720008850097656e+00
1.019552230834960938e+00,1.004303455352783203e+00
-7.509429752826690674e-02,1.920909523963928223e+00
5.475134253501892090e-01,1.271579861640930176e+00
2.011471271514892578e+00,-8.049471378326416016e-01
8.722134679555892944e-02,1.648978710174560547e+00
1.043719291687011719e+00,1.432407855987548828e+00
6.872268766164779663e-02,2.028309583663940430e+00
-8.838463574647903442e-03,2.059172630310058594e+00
1.055999517440795898e+00,4.729557037353515625e+00
1.159085705876350403e-02,1.707668662071228027e+00
1.081054806709289551e+00,1.062376499176025391e+00
1.036768317222595215e+00,3.567630290985107422e+00
-2.995282113552093506e-01,1.512214899063110352e+00
-8.850542306900024414e-01,2.643573999404907227e+00
5.136401206254959106e-02,1.142356395721435547e+00
-8.529247641563415527e-01,2.814114570617675781e+00
7.980530858039855957e-01,1.125963628292083740e-01
-8.238580822944641113e-02,1.256580799818038940e-01
1.167409062385559082e+00,1.035917043685913086e+00
8.629364967346191406e-01,6.826263070106506348e-01
-6.506712436676025391e-01,2.689739227294921875e+00
8.415317535400390625e-01,1.213905572891235352e+00
9.666910171508789062e-01,1.370495319366455078e+00
8.074039220809936523e-01,8.567786216735839844e-01
-1.320933699607849121e+00,2.431294679641723633e+00
3.313009142875671387e-01,1.846791744232177734e+00
2.778548300266265869e-01,2.615065574645996094e+00
-8.878816366195678711e-01,7.525829076766967773e-01
2.219169616699218750e+00,8.688975572586059570e-01
-2.588990703225135803e-02,1.926612377166748047e+00
6.718460321426391602e-01,1.124165177345275879e+00
-2.423288524150848389e-01,5.845026016235351562e+00
1.912637472152709961e+00,2.849878370761871338e-02
1.011098861694335938e+00,8.260027170181274414e-01
1.738873720169067383e+00,1.508569002151489258e+00
-2.065612003207206726e-02,1.152986049652099609e+00
-8.579310178756713867e-01,1.679663777351379395e+00
-6.081672906875610352e-01,2.424372911453247070e+00
-6.459456086158752441e-01,6.230693340301513672e+00
1.577662229537963867e+00,1.741963148117065430e+00
8.972738385200500488e-01,7.764566540718078613e-01
9.336611628532409668e-01,-4.702503979206085205e-02
-7.225747704505920410e-01,1.404287695884704590e+00
-6.302942037582397461e-01,2.839050769805908203e+00
1.040729522705078125e+00,3.217305660247802734e+00
-1.073804497718811035e+00,2.624270915985107422e+00
5.095785856246948242e-01,5.387808680534362793e-01
1.724652051925659180e+00,1.336624145507812500e+00
2.562067031860351562e+00,6.125056743621826172e-01
1.935353130102157593e-01,1.570845603942871094e+00
-2.018471062183380127e-01,2.202891111373901367e+00
8.106943964958190918e-01,1.033279061317443848e+00
1.602277398109436035e+00,1.328691005706787109e+00
-1.323001146316528320e+00,9.906489849090576172e-01
7.602383494377136230e-01,1.329887866973876953e+00
1.009841084480285645e+00,3.462714433670043945e+00
2.824147939682006836e+00,4.502832412719726562e+00
-1.518477320671081543e+00,1.551121592521667480e+00
3.190379440784454346e-01,2.953886508941650391e+00
1.137143731117248535e+00,1.297037720680236816e+00
-9.287109225988388062e-02,3.304369926452636719e+00
-7.755827307701110840e-01,2.859563589096069336e+00
-5.226552486419677734e-01,1.876143455505371094e+00
-2.588990703225135803e-02,1.926612377166748047e+00
2.866584062576293945e+00,1.217205047607421875e+00
-9.905175566673278809e-01,2.280702829360961914e+00
1.262220740318298340e+00,2.047594070434570312e+00
1.800799846649169922e+00,1.435884594917297363e+00
6.486827135086059570e-01,2.027197837829589844e+00
2.634477853775024414e+00,8.731722831726074219e-01
5.735916495323181152e-01,6.405311822891235352e-01
-7.605828046798706055e-01,1.346156716346740723e+00
6.983814239501953125e-01,1.759018659591674805e+00
9.091705679893493652e-01,3.642982959747314453e+00
-1.593258380889892578e+00,1.172489047050476074e+00
6.570856571197509766e-01,1.563071727752685547e+00
6.014216542243957520e-01,1.243845462799072266e+00
-1.334841370582580566e+00,1.006768107414245605e+00
1.571475714445114136e-01,6.381005048751831055e-01
6.240701675415039062e-01,2.507071018218994141e+00
-7.062762975692749023e-01,2.565729856491088867e+00
7.843446731567382812e-01,1.766178607940673828e+00
1.185672879219055176e+00,3.318524360656738281e-01
6.228255853056907654e-02,6.354986429214477539e-01
-1.049689173698425293e+00,2.359148740768432617e+00
7.484374940395355225e-02,1.069657802581787109e+00
-8.665742278099060059e-01,2.525242328643798828e+00
-1.201325356960296631e-01,1.918149590492248535e+00
1.016173839569091797e+00,1.160122871398925781e+00
1.596993207931518555e+00,1.615219354629516602e+00
2.719398140907287598e-01,3.874101638793945312e-01
5.339382290840148926e-01,1.209595322608947754e+00
-1.197978258132934570e+00,2.129292488098144531e+00
-2.312893792986869812e-02,4.122468829154968262e-01
1.515571117401123047e+00,1.640972495079040527e+00
-1.368039369583129883e+00,1.202451348304748535e+00
-8.687365055084228516e-01,1.089970946311950684e+00
7.818558216094970703e-01,6.076442599296569824e-01
1.090299963951110840e+00,2.926951885223388672e+00
-2.423288524150848389e-01,5.845026016235351562e+00
5.168231725692749023e-01,1.266415834426879883e+00
9.125863909721374512e-01,2.312038183212280273e+00
1.503877639770507812e+00,3.400872468948364258e+00
-5.919244289398193359e-01,4.332049846649169922e+00
-4.452417194843292236e-01,3.931477785110473633e+00
-1.532086282968521118e-01,2.462586164474487305e+00
6.994083523750305176e-01,4.302612543106079102e-01
-5.984565243124961853e-02,1.305612325668334961e+00
2.647706985473632812e+00,1.127192258834838867e+00
1.198390245437622070e+00,3.275706291198730469e+00
-4.903699085116386414e-02,2.305433273315429688e+00
-5.095567703247070312e-01,1.469042301177978516e+00
4.483055770397186279e-01,1.176767349243164062e+00
-2.020626217126846313e-01,2.398361206054687500e+00
2.275020837783813477e+00,8.543379306793212891e-01
9.904301166534423828e-02,1.413954257965087891e+00
4.350315332412719727e-01,6.236898303031921387e-01
-1.890142202377319336e+00,1.446556806564331055e+00
7.111432552337646484e-01,1.156103014945983887e+00
7.602383494377136230e-01,1.329887866973876953e+00
-7.881529927253723145e-01,2.459261655807495117e+00
1.718343019485473633e+00,1.202221989631652832e+00
-1.869185417890548706e-01,2.205592393875122070e+00
-7.125004529953002930e-01,2.434290170669555664e+00
2.636544108390808105e-01,2.504306316375732422e+00
8.970727324485778809e-01,5.244606733322143555e-01
-8.873811364173889160e-02,1.457556366920471191e+00
9.337044954299926758e-01,4.334858059883117676e-01
7.601758241653442383e-01,3.378058075904846191e-01
9.662698507308959961e-01,3.274567723274230957e-01
1.337466016411781311e-02,4.771436214447021484e+00
7.783151865005493164e-01,5.794031620025634766e-01
-1.057160377502441406e+00,2.056795358657836914e+00
8.049547672271728516e-02,5.589884519577026367e-01
1.769533872604370117e+00,2.371481895446777344e+00
1.357493996620178223e+00,1.336612224578857422e+00
4.578138887882232666e-01,4.651455283164978027e-01
8.274518251419067383e-01,2.752675414085388184e-01
3.769439160823822021e-01,2.527024507522583008e+00
-6.224697232246398926e-01,3.085800409317016602e+00
7.118247747421264648e-01,1.188379883766174316e+00
-6.936825513839721680e-01,2.693233966827392578e+00
-1.250833034515380859e+00,6.531684398651123047e+00
-6.611126065254211426e-01,2.698036670684814453e+00
9.148865938186645508e-01,3.504407882690429688e+00
-6.367195248603820801e-01,2.748656272888183594e+00
1.000740006566047668e-02,3.430376052856445312e+00
1.101563811302185059e+00,2.033065557479858398e+00
-5.889003276824951172e-01,4.354455947875976562e+00
7.389992475509643555e-01,8.887592554092407227e-01
-9.822852611541748047e-01,2.456085681915283203e+00
2.766057252883911133e+00,4.666301608085632324e-01
-1.201325356960296631e-01,1.918149590492248535e+00
1.377309113740921021e-01,1.302819490432739258e+00
1.291534453630447388e-01,4.792643189430236816e-01
9.131098985671997070e-01,9.901915788650512695e-01
1.686986088752746582e+00,2.064312219619750977e+00
3.524579107761383057e-01,5.285982489585876465e-01
-1.947156935930252075e-01,1.480504393577575684e+00
-8.002134561538696289e-01,2.479775905609130859e+00
1.509981155395507812e+00,8.311690092086791992e-01
-5.541078746318817139e-03,1.511561393737792969e+00
1.600160121917724609e+00,1.868501663208007812e+00
3.830227255821228027e-01,2.129123210906982422e-01
7.443772554397583008e-01,3.921071052551269531e+00
-2.132442951202392578e+00,1.450633645057678223e+00
-1.277705430984497070e+00,8.732225894927978516e-01
7.335096001625061035e-01,4.864717125892639160e-01
6.228127479553222656e-01,1.914799451828002930e+00
-8.200490474700927734e-01,1.940264463424682617e+00
-8.662565350532531738e-01,1.658772706985473633e+00
-5.980355739593505859e-01,1.751156091690063477e+00
1.496360301971435547e+00,2.035410881042480469e+00
6.380631923675537109e-01,1.893005371093750000e+00
5.669642686843872070e-01,1.084545493125915527e+00
1.974574089050292969e+00,1.706011891365051270e+00
-2.500642836093902588e-01,1.367057919502258301e+00
1.414923429489135742e+00,1.429650664329528809e+00
2.515344142913818359e+00,1.357289433479309082e+00
1.109581470489501953e+00,5.016679167747497559e-01
-9.918795228004455566e-01,2.675972700119018555e+00
2.593065738677978516e+00,1.029267668724060059e+00
8.049285411834716797e-01,6.842515468597412109e-01
-5.052622407674789429e-03,1.718581199645996094e+00
1.474944949150085449e+00,1.630050063133239746e+00
1.111706018447875977e+00,3.430581092834472656e+00
9.181236028671264648e-01,1.544182658195495605e+00
8.634945750236511230e-01,1.280346035957336426e+00
-1.347883194684982300e-01,1.379917621612548828e+00
1.082796692848205566e+00,3.256684780120849609e+00
-3.420425653457641602e-01,2.772397994995117188e+00
7.836648225784301758e-01,2.147850990295410156e-01
1.509748935699462891e+00,7.740179896354675293e-01
8.633866310119628906e-01,4.863523006439208984e+00
3.943190574645996094e-01,2.773133993148803711e+00
-2.489877045154571533e-01,1.370541214942932129e+00
8.763167858123779297e-01,1.125669002532958984e+00
8.255758136510848999e-02,1.128611564636230469e+00
-1.065341472625732422e+00,2.295197725296020508e+00
5.859951376914978027e-01,2.018430948257446289e+00
1.722169041633605957e+00,2.132174253463745117e+00
1.733590245246887207e+00,8.167144060134887695e-01
1.026190042495727539e+00,1.022543668746948242e+00
-1.142555549740791321e-01,1.087105631828308105e+00
7.143909335136413574e-01,1.137079477310180664e+00
2.306372880935668945e+00,5.367941260337829590e-01
7.810615897178649902e-01,1.065697431564331055e+00
1.951870322227478027e-01,1.292464733123779297e+00
-9.766747355461120605e-01,1.488799929618835449e+00
-1.129251599311828613e+00,2.602474689483642578e+00
-6.959241628646850586e-01,2.446423292160034180e+00
-9.168675541877746582e-01,2.637431144714355469e+00
1.501541733741760254e+00,1.766005396842956543e+00
-1.077875271439552307e-01,2.108762741088867188e+00
7.780537009239196777e-01,3.140240311622619629e-01
8.521669507026672363e-01,2.913748264312744141e+00
-2.387255430221557617e+00,1.620491147041320801e+00
4.960131645202636719e-01,1.700662851333618164e+00
8.768887519836425781e-01,5.350599765777587891e+00
1.159842133522033691e+00,3.364090919494628906e+00
-1.155208125710487366e-01,2.694311141967773438e+00
9.843976497650146484e-01,3.524169325828552246e-01
1.322334557771682739e-01,2.013622999191284180e+00
6.477527320384979248e-02,2.062887907028198242e+00
-6.332161426544189453e-01,2.670236587524414062e+00
6.368544101715087891e-01,5.226952433586120605e-01
1.433653354644775391e+00,1.736727833747863770e+00
-9.836703538894653320e-01,2.301284074783325195e+00
9.242588281631469727e-02,1.856614351272583008e+00
9.756612777709960938e-01,1.084844470024108887e+00
-7.659376263618469238e-01,2.686154365539550781e+00
9.563828259706497192e-02,4.237930774688720703e+00
1.797131538391113281e+00,1.258082389831542969e+00
-1.911004483699798584e-01,1.722824215888977051e+00
3.331440091133117676e-01,3.609967708587646484e+00
1.338988423347473145e+00,1.599016308784484863e+00
-7.185491919517517090e-01,1.151199579238891602e+00
-1.527088642120361328e+00,1.892018556594848633e+00
-5.325120687484741211e-01,3.141258716583251953e+00
-4.826445505023002625e-02,1.350524306297302246e+00
6.154127120971679688e-01,4.442018270492553711e-02
6.405409574508666992e-01,1.778111934661865234e+00
1.757705330848693848e+00,1.502198457717895508e+00
-7.867772579193115234e-01,2.509789228439331055e+00
-9.174665212631225586e-01,2.520342826843261719e+00
-5.898790359497070312e-01,5.989204883575439453e+00
6.472117304801940918e-01,1.282536625862121582e+00
5.278972387313842773e-01,1.248386263847351074e+00
9.752371311187744141e-01,1.068572998046875000e+00
-7.666187882423400879e-01,2.556756734848022461e+00
-1.170246958732604980e+00,2.102669715881347656e+00
-5.560024976730346680e-01,3.812837600708007812e+00
3.461782932281494141e-01,5.663732290267944336e-01
6.564560532569885254e-01,1.804597854614257812e+00
3.456228598952293396e-02,1.327512741088867188e+00
-6.452987790107727051e-01,1.906708002090454102e+00
6.789182424545288086e-01,1.981607794761657715e+00
-1.879346817731857300e-01,1.831567049026489258e+00
-4.035835266113281250e-01,5.158862590789794922e+00
6.646063327789306641e-01,1.309889912605285645e+00
8.275859951972961426e-01,1.029240369796752930e+00
1.126523137092590332e+00,2.755744457244873047e-01
-6.185900568962097168e-01,1.187349796295166016e+00
8.528401255607604980e-01,9.158745408058166504e-01
-9.000832438468933105e-01,1.743693947792053223e+00
4.691972956061363220e-02,7.151522040367126465e-01
8.899565339088439941e-01,8.994164466857910156e-01
-7.925173044204711914e-01,1.659198045730590820e+00
1.282227337360382080e-01,1.021674633026123047e+00
8.620991110801696777e-01,5.605997443199157715e-01
2.795393466949462891e-01,5.934110879898071289e-01
-1.933224678039550781e+00,1.466932773590087891e+00
-9.194509387016296387e-01,5.321621298789978027e-01
8.471227884292602539e-01,1.368155241012573242e+00
3.295737206935882568e-01,5.513505935668945312e-01
-1.526803135871887207e+00,1.583541631698608398e+00
-6.766614317893981934e-01,2.595046043395996094e+00
2.144310623407363892e-01,1.399484276771545410e+00
-1.482561945915222168e+00,4.755639553070068359e+00
9.666910171508789062e-01,1.370495319366455078e+00
6.317113637924194336e-01,1.680358409881591797e+00
6.746145337820053101e-02,7.664568424224853516e-01
8.580485582351684570e-01,1.855184078216552734e+00
-8.533232808113098145e-01,5.856368541717529297e+00
2.875064313411712646e-02,1.616016864776611328e+00
-7.313402891159057617e-01,2.709539890289306641e+00
1.121236324310302734e+00,2.973146915435791016e+00
-7.927130460739135742e-01,2.861393213272094727e+00
2.048419788479804993e-02,5.366179943084716797e+00
-6.208539009094238281e-01,1.756981849670410156e+00
6.648355722427368164e-01,-4.563210606575012207e-01
1.800799846649169922e+00,1.435884594917297363e+00
4.188603535294532776e-02,3.354177474975585938e+00
-7.481919527053833008e-01,1.518426656723022461e+00
6.879222393035888672e-01,1.164745092391967773e+00
1.137143731117248535e+00,1.297037720680236816e+00
1.571721673011779785e+00,1.612938761711120605e+00
-1.393960267305374146e-01,1.137912511825561523e+00
9.118854403495788574e-01,4.491794109344482422e-01
8.091666698455810547e-01,1.933264881372451782e-01
3.177105486392974854e-01,2.685800075531005859e+00
1.876628100872039795e-01,2.267867565155029297e+00
6.531871110200881958e-02,1.106102228164672852e+00
8.776145577430725098e-01,1.053137540817260742e+00
-1.971843987703323364e-01,1.525631427764892578e+00
4.350315332412719727e-01,6.236898303031921387e-01
1.071501225233078003e-01,5.068895220756530762e-01
8.677553534507751465e-01,2.335592746734619141e+00
1.836039312183856964e-02,1.220179319381713867e+00
6.998077630996704102e-01,4.374361515045166016e+00
-3.385483026504516602e-01,9.967197775840759277e-01
2.301009416580200195e+00,1.756508827209472656e+00
1.120168089866638184e+00,1.522061109542846680e+00
8.658880591392517090e-01,4.133068025112152100e-02
-6.538798809051513672e-01,2.847353458404541016e+00
5.771480798721313477e-01,3.964647293090820312e+00
-6.609451174736022949e-01,2.697762012481689453e+00
-6.941326260566711426e-01,2.283479213714599609e+00
8.091666698455810547e-01,1.933264881372451782e-01
1.356105685234069824e+00,1.488724231719970703e+00
8.583518266677856445e-01,1.535786509513854980e+00
-2.189927816390991211e+00,1.702673792839050293e+00
1.051266789436340332e+00,1.273786306381225586e+00
7.852689623832702637e-01,1.170186877250671387e+00
-2.725722789764404297e-01,-1.320621967315673828e-01
1.078793406486511230e+00,1.372128248214721680e+00
-4.037843048572540283e-01,2.673593044281005859e+00
1.357733130455017090e+00,9.936991930007934570e-01
-7.172097563743591309e-01,2.852436780929565430e+00
-8.264814019203186035e-01,2.168661355972290039e+00
3.299553692340850830e-02,1.780447959899902344e+00
8.970727324485778809e-01,5.244606733322143555e-01
6.701537966728210449e-01,1.441775918006896973e+00
-7.362028956413269043e-01,1.815166234970092773e+00
1.638415813446044922e+00,1.472445964813232422e+00
6.639183163642883301e-01,1.176333069801330566e+00
-3.213811814785003662e-01,2.783578157424926758e+00
-9.003881216049194336e-01,4.073765277862548828e-01
3.071860074996948242e-01,2.595615625381469727e+00
-1.022296428680419922e+00,2.483449459075927734e+00
9.695667028427124023e-01,1.363173484802246094e+00
1.553959488868713379e+00,1.622393369674682617e+00
5.571063756942749023e-01,-5.258379578590393066e-01
8.991615772247314453e-01,1.168978691101074219e+00
-6.445130109786987305e-01,2.951365709304809570e+00
-8.683016300201416016e-01,1.881840705871582031e+00
-6.047234535217285156e-01,2.658649444580078125e+00
-1.773143053054809570e+00,6.890120506286621094e-01
7.174915671348571777e-01,3.844906687736511230e-01
1.158412814140319824e+00,1.654579162597656250e+00
2.615059912204742432e-01,6.536025404930114746e-01
4.973089694976806641e-01,3.982479095458984375e+00
3.320669829845428467e-01,5.488781332969665527e-01
9.336611628532409668e-01,-4.702503979206085205e-02
-5.209162235260009766e-01,2.078091859817504883e+00
-7.225747704505920410e-01,1.404287695884704590e+00
-1.002367615699768066e+00,2.416463136672973633e+00
4.447806179523468018e-01,1.227036595344543457e+00
1.232004404067993164e+00,1.623214960098266602e+00
3.805875182151794434e-01,1.458595752716064453e+00
6.037482023239135742e-01,1.423774719238281250e+00
-9.028233885765075684e-01,5.594767928123474121e-01
-5.146014690399169922e-01,4.122921943664550781e+00
9.913755655288696289e-01,8.925232887268066406e-01
1.628965258598327637e+00,1.796229124069213867e+00
1.641219854354858398e-01,1.438655853271484375e+00
5.255272388458251953e-01,1.776853322982788086e+00
-1.009325861930847168e+00,2.473923206329345703e+00
2.131415754556655884e-01,2.347250431776046753e-01
1.002269148826599121e+00,1.193287253379821777e+00
-8.091946840286254883e-01,2.400061607360839844e+00
-1.245421022176742554e-01,1.246673345565795898e+00
-7.177723050117492676e-01,2.734093904495239258e+00
1.834410071372985840e+00,1.036467552185058594e+00
1.052137315273284912e-01,1.988798081874847412e-01
-1.357881426811218262e+00,8.429399132728576660e-01
7.177613973617553711e-01,1.537540912628173828e+00
6.312525272369384766e-01,4.487174749374389648e-01
-8.472099304199218750e-01,2.406364440917968750e+00
3.227129578590393066e-01,2.252383708953857422e+00
6.249213218688964844e-01,1.907700419425964355e+00
7.925508022308349609e-01,1.107352972030639648e+00
-8.844491094350814819e-03,2.071487665176391602e+00
4.555712223052978516e+00,-1.115862488746643066e+00
-5.321373939514160156e-01,3.421771526336669922e+00
3.125779151916503906e+00,-1.219459652900695801e+00
1.792798042297363281e+00,-1.679882287979125977e+00
7.313396930694580078e-01,6.594388484954833984e-01
6.815962195396423340e-01,7.716889381408691406e-01
-8.353257924318313599e-02,1.824311017990112305e+00
1.146057695150375366e-01,1.120920896530151367e+00
8.790642619132995605e-01,2.541551291942596436e-01
1.271374464035034180e+00,1.622817873954772949e+00
-5.387298762798309326e-02,1.399274587631225586e+00
1.091329097747802734e+00,2.976778984069824219e+00
1.821342110633850098e-01,1.083825707435607910e+00
9.078333377838134766e-01,1.821485996246337891e+00
1.553502798080444336e+00,1.318292975425720215e+00
1.199306607246398926e+00,1.792113542556762695e+00
-7.343770861625671387e-01,1.558745503425598145e+00
4.018832445144653320e-01,3.468043208122253418e-01
-6.969309449195861816e-01,2.788409233093261719e+00
-1.166653513908386230e+00,2.052806377410888672e+00
-1.034626483917236328e+00,2.625032424926757812e+00
-1.009612321853637695e+00,2.564639329910278320e+00
-3.944182991981506348e-01,1.029466152191162109e+00
1.254254817962646484e+00,2.011553287506103516e+00
1.574793338775634766e+00,2.314279079437255859e+00
5.720295906066894531e-01,5.079584121704101562e-01
-1.857450008392333984e-01,1.963215112686157227e+00
5.243487358093261719e-01,1.178050279617309570e+00
1.650592565536499023e+00,4.027603149414062500e+00
1.173658728599548340e+00,9.215720891952514648e-01
-6.332161426544189453e-01,2.670236587524414062e+00
2.242362737655639648e+00,2.063600063323974609e+00
2.164348810911178589e-01,6.749480724334716797e+00
-1.156370639801025391e+00,2.095161437988281250e+00
1.294014453887939453e+00,1.711359977722167969e+00
-8.078106045722961426e-01,1.950861096382141113e+00
1.016919970512390137e+00,3.053414583206176758e+00
-9.074341505765914917e-03,1.910052061080932617e+00
1.564345508813858032e-01,7.070227861404418945e-01
-7.659376263618469238e-01,2.686154365539550781e+00
-5.226552486419677734e-01,1.876143455505371094e+00
6.889685392379760742e-01,7.710695266723632812e-01
5.316276550292968750e-01,1.700425863265991211e+00
-6.854927539825439453e-01,1.287482976913452148e+00
2.584788322448730469e+00,2.183809876441955566e-02
-6.854927539825439453e-01,1.287482976913452148e+00
-1.564472556114196777e+00,1.551248788833618164e+00
3.746288418769836426e-01,2.684319257736206055e+00
1.113907098770141602e+00,1.227318286895751953e+00
-9.074341505765914917e-03,1.910052061080932617e+00
6.840641498565673828e-01,3.844658613204956055e+00
3.685840591788291931e-02,1.216280102729797363e+00
6.212670803070068359e-01,1.918381214141845703e+00
-5.507967472076416016e-01,5.332038402557373047e+00
-1.013216614723205566e+00,2.461700439453125000e+00
5.271387696266174316e-01,4.314705729484558105e-01
-6.975098848342895508e-01,2.736608982086181641e+00
-1.810699468478560448e-03,1.700251340866088867e+00
2.250063419342041016e+00,4.300455749034881592e-02
6.454588174819946289e-01,1.185978174209594727e+00
-1.085437297821044922e+00,2.328746557235717773e+00
7.632638216018676758e-01,1.423101425170898438e+00
-5.089985951781272888e-02,2.918233156204223633e+00
1.563728690147399902e+00,1.000677227973937988e+00
-2.981511354446411133e-01,3.647109985351562500e+00
-1.168644726276397705e-01,1.502711534500122070e+00
-1.142325282096862793e+00,2.214887619018554688e+00
1.317066669464111328e+00,1.069031357765197754e+00
-9.043642282485961914e-01,2.020744085311889648e+00
1.541132807731628418e+00,-6.485846042633056641e-01
-5.311790704727172852e-01,3.051679134368896484e+00
-1.084380865097045898e+00,2.357332706451416016e+00
-1.191227436065673828e+00,2.159512519836425781e+00
1.279372334480285645e+00,-7.929369807243347168e-02
-1.004966378211975098e+00,1.428733110427856445e+00
1.855394005775451660e+00,-4.224618673324584961e-01
-2.233583450317382812e+00,1.344467997550964355e+00
-1.079594731330871582e+00,2.711112260818481445e+00
1.454771310091018677e-01,1.890687942504882812e+00
-6.305376291275024414e-01,1.998638868331909180e+00
-1.001679539680480957e+00,2.679415464401245117e+00
-7.355715036392211914e-01,1.800423860549926758e+00
-6.584232300519943237e-02,1.595565795898437500e+00
3.166683912277221680e-01,1.732798933982849121e+00
3.125779151916503906e+00,-1.219459652900695801e+00
1.004578709602355957e+00,3.127046227455139160e-01
1.143018379807472229e-01,3.628781318664550781e+00
1.757085174322128296e-01,4.057872891426086426e-01
-1.884418278932571411e-01,1.321997880935668945e+00
-1.034929513931274414e+00,2.360016584396362305e+00
1.365305542945861816e+00,-3.937245011329650879e-01
1.102616190910339355e+00,1.373839974403381348e+00
2.266703128814697266e+00,-2.437342256307601929e-01
-5.069110170006752014e-02,2.078147172927856445e+00
4.956870973110198975e-01,5.030482411384582520e-01
-8.632926940917968750e-01,2.551984786987304688e+00
-1.066320419311523438e+00,2.680973768234252930e+00
7.887485027313232422e-01,1.262632966041564941e+00
-9.855130910873413086e-01,1.460953116416931152e+00
-9.008817076683044434e-01,1.528537988662719727e+00
8.457498550415039062e-01,5.601785182952880859e+00
2.685286402702331543e-01,1.182034850120544434e+00
5.473903939127922058e-02,1.392883181571960449e+00
-1.403018951416015625e+00,1.513196349143981934e+00
2.144310623407363892e-01,1.399484276771545410e+00
2.549932718276977539e+00,1.344707608222961426e+00
8.928570747375488281e-01,1.231469869613647461e+00
-8.200490474700927734e-01,1.940264463424682617e+00
2.465231895446777344e+00,-3.077333569526672363e-01
-2.044315338134765625e+00,1.426745414733886719e+00
7.118247747421264648e-01,1.188379883766174316e+00
1.168606504797935486e-01,1.801546931266784668e+00
1.413270086050033569e-01,1.826165437698364258e+00
-8.407721519470214844e-01,2.369865179061889648e+00
-6.083337068557739258e-01,5.697016716003417969e-01
4.039857983589172363e-01,5.523626804351806641e-01
1.071501225233078003e-01,5.068895220756530762e-01
-1.875517249107360840e+00,1.530351400375366211e+00
1.801355957984924316e+00,1.360780477523803711e+00
1.368876934051513672e+00,8.144611120223999023e-01
-2.189927816390991211e+00,1.702673792839050293e+00
6.852074861526489258e-01,1.336172103881835938e+00
1.548647999763488770e+00,1.426907032728195190e-01
-1.193021297454833984e+00,1.535082340240478516e+00
7.958045005798339844e-01,6.906154751777648926e-02
-1.050167322158813477e+00,2.512353897094726562e+00
4.978589341044425964e-02,1.258039236068725586e+00
-6.997648477554321289e-01,2.551748275756835938e+00
1.035609245300292969e+00,1.202819585800170898e+00
-2.284302711486816406e+00,1.548593521118164062e+00
-1.815803050994873047e-01,1.509522199630737305e+00
-1.117620825767517090e+00,2.674118518829345703e+00
-6.226092576980590820e-01,2.419245481491088867e+00
7.784698009490966797e-01,2.241539508104324341e-01
-9.887316226959228516e-01,2.555572748184204102e+00
4.236095547676086426e-01,1.397515535354614258e+00
1.443135023117065430e+00,1.234214186668395996e+00
-1.856589674949645996e+00,1.297805309295654297e+00
1.309226155281066895e+00,8.346276879310607910e-01
3.040484189987182617e-01,2.409229755401611328e+00
1.407166421413421631e-01,1.626747965812683105e+00
-1.337049007415771484e-01,1.530634045600891113e+00
-3.385483026504516602e-01,9.967197775840759277e-01
-5.705125331878662109e-01,1.980073451995849609e+00
-3.317173197865486145e-02,7.086217403411865234e-01
-6.584232300519943237e-02,1.595565795898437500e+00
1.001621842384338379e+00,3.147457838058471680e-01
-6.917217969894409180e-01,2.199192047119140625e+00
-6.725240945816040039e-01,2.657558679580688477e+00
9.636955857276916504e-01,1.864736795425415039e+00
1.060016870498657227e+00,8.223373293876647949e-01
-6.010006070137023926e-01,2.057597637176513672e+00
1.229607224464416504e+00,1.376708269119262695e+00
5.943408608436584473e-01,1.244918107986450195e+00
4.856263473629951477e-02,4.402141094207763672e+00
2.226122617721557617e+00,9.571117162704467773e-01
9.156390428543090820e-01,9.277992248535156250e-01
1.721694469451904297e+00,1.764068603515625000e+00
4.774086773395538330e-01,3.713127970695495605e-01
-6.662531495094299316e-01,2.583235740661621094e+00
-1.495483517646789551e+00,1.681337714195251465e+00
-3.868815600872039795e-01,5.119099617004394531e+00
5.677421092987060547e-01,1.315924167633056641e+00
-1.286432296037673950e-01,1.522059917449951172e+00
-1.067648768424987793e+00,2.379314422607421875e+00
8.651835322380065918e-01,3.071482181549072266e-01
1.571475714445114136e-01,6.381005048751831055e-01
1.010849118232727051e+00,2.630641698837280273e+00
1.467577815055847168e-01,4.990176200866699219e+00
1.792798042297363281e+00,-1.679882287979125977e+00
8.359003067016601562e-01,3.612784147262573242e-01
1.299923062324523926e+00,1.229764699935913086e+00
-7.788187861442565918e-01,2.818476676940917969e+00
5.001033097505569458e-02,1.635462045669555664e+00
-1.175173640251159668e+00,2.212033987045288086e+00
3.498085737228393555e-01,-2.619965672492980957e-01
-1.176601424813270569e-01,4.609789371490478516e+00
1.210195124149322510e-01,8.224891424179077148e-01
1.191497087478637695e+00,6.318051218986511230e-01
-3.285532072186470032e-02,7.139683961868286133e-01
-8.016789555549621582e-01,1.697173953056335449e+00
8.007189035415649414e-01,-3.425284028053283691e-01
-2.995282113552093506e-01,1.512214899063110352e+00
-6.228032708168029785e-01,1.932422161102294922e+00
-2.125699043273925781e+00,1.635477781295776367e+00
-1.508354907855391502e-03,1.104796528816223145e+00
-1.879346817731857300e-01,1.831567049026489258e+00
1.027391076087951660e+00,4.120066165924072266e+00
2.511002302169799805e+00,7.797724008560180664e-01
7.432785630226135254e-01,3.750807046890258789e-01
-1.045019149780273438e+00,6.959912776947021484e+00
1.538146734237670898e+00,4.160268306732177734e+00
-7.312099933624267578e-01,6.265838444232940674e-02
4.653779417276382446e-02,1.859855532646179199e+00
-5.209411978721618652e-01,2.796255111694335938e+00
1.488365054130554199e+00,1.033605337142944336e-01
-1.519943714141845703e+00,1.660493373870849609e+00
2.416334390640258789e+00,1.170824170112609863e+00
1.660997748374938965e+00,1.178468108177185059e+00
5.871831774711608887e-01,1.274623155593872070e+00
9.210362434387207031e-01,3.681475520133972168e-01
5.307780951261520386e-02,1.830888032913208008e+00
2.276139259338378906e+00,1.972723245620727539e+00
8.597943186759948730e-01,5.372346401214599609e+00
1.029110550880432129e+00,1.390160322189331055e+00
3.247571289539337158e-01,2.465490818023681641e+00
-6.666996479034423828e-01,2.465723514556884766e+00
1.173658728599548340e+00,9.215720891952514648e-01
9.843976497650146484e-01,3.524169325828552246e-01
-6.274448037147521973e-01,2.222602844238281250e+00
-1.708552390336990356e-01,2.924648046493530273e+00
9.118854403495788574e-01,4.491794109344482422e-01
7.244718819856643677e-02,3.346571922302246094e-01
1.692303061485290527e+00,2.582405805587768555e-01
3.020107373595237732e-02,1.384197950363159180e+00
-1.957349330186843872e-01,2.450263023376464844e+00
7.103636264801025391e-01,4.975622892379760742e-01
-1.951546549797058105e+00,1.442363977432250977e+00
1.512019038200378418e+00,1.758161902427673340e+00
2.693594694137573242e+00,-7.938499450683593750e-01
-1.259552240371704102e+00,1.937739968299865723e+00
-1.059482932090759277e+00,2.592492103576660156e+00
-1.775288939476013184e+00,1.457600831985473633e+00
1.190385937690734863e+00,1.369307994842529297e+00
-1.477431654930114746e-01,1.404853940010070801e+00
-1.057785376906394958e-01,2.806520938873291016e+00
-5.077570304274559021e-02,1.890983819961547852e+00
-6.703189015388488770e-01,1.501812934875488281e+00
3.559297919273376465e-01,4.210671782493591309e-01
-6.743779778480529785e-01,2.673808097839355469e+00
-7.553684115409851074e-01,2.900117874145507812e+00
-1.056797981262207031e+00,2.328447818756103516e+00
1.780033946037292480e+00,5.572266876697540283e-02
-1.958360970020294189e-01,1.836722612380981445e+00
-1.291657567024230957e+00,6.222939014434814453e+00
1.774673938751220703e+00,1.362056851387023926e+00
4.598434269428253174e-01,5.699343085289001465e-01
8.981974124908447266e-01,4.980503916740417480e-01
2.983572959899902344e+00,1.030524849891662598e+00
9.960041046142578125e-01,3.385767936706542969e-01
-6.948143243789672852e-01,1.882349729537963867e+00
-1.178354859352111816e+00,2.498240232467651367e+00
1.595276713371276855e+00,1.600795507431030273e+00
1.656187534332275391e+00,1.454595565795898438e+00
8.634945750236511230e-01,1.280346035957336426e+00
-9.196826815605163574e-02,1.751453757286071777e+00
3.247571289539337158e-01,2.465490818023681641e+00
5.380069017410278320e-01,1.580581545829772949e+00
6.261364221572875977e-01,1.956169366836547852e+00
1.350067555904388428e-01,4.844618320465087891e+00
9.634450674057006836e-01,3.406640291213989258e-01
-9.220241904258728027e-01,2.531197786331176758e+00
1.347498178482055664e+00,-2.739148139953613281e-01
9.164810776710510254e-01,5.727032423019409180e-01
1.051266789436340332e+00,1.273786306381225586e+00
-4.431747794151306152e-01,2.629106521606445312e+00
-7.774906754493713379e-01,2.821115493774414062e+00
-1.479126280173659325e-03,7.747710347175598145e-01
-8.021757602691650391e-01,5.625583171844482422e+00
7.081639766693115234e-01,1.219329118728637695e+00
9.100586175918579102e-01,4.141426682472229004e-01
-9.918795228004455566e-01,2.675972700119018555e+00
1.008760035037994385e-01,1.664526462554931641e+00
9.106844067573547363e-01,2.112893104553222656e+00
-1.426011443138122559e+00,4.920456409454345703e+00
-1.346536874771118164e+00,8.080360889434814453e-01
-6.375807523727416992e-01,2.021344184875488281e+00
-1.169409751892089844e+00,2.082231044769287109e+00
-2.836776077747344971e-01,1.438688516616821289e+00
-7.964095473289489746e-01,2.813040256500244141e+00
8.065978437662124634e-02,4.856908321380615234e+00
1.821342110633850098e-01,1.083825707435607910e+00
2.688270807266235352e-01,2.990574359893798828e+00
1.624270528554916382e-01,2.801122426986694336e+00
-9.158219695091247559e-01,2.292768001556396484e+00
-1.513539813458919525e-02,1.300096511840820312e+00
4.914633333683013916e-01,5.565730929374694824e-01
1.676741614937782288e-02,4.667496204376220703e+00
1.895181894302368164e+00,1.370957612991333008e+00
8.225660920143127441e-01,4.582709074020385742e-01
4.960131645202636719e-01,1.700662851333618164e+00
6.269989609718322754e-01,1.140127182006835938e+00
1.671416044235229492e+00,9.544993042945861816e-01
1.735544204711914062e+00,1.396221280097961426e+00
8.328378796577453613e-01,1.391783475875854492e+00
8.583518266677856445e-01,1.535786509513854980e+00
1.729761958122253418e+00,2.072566270828247070e+00
-4.244533553719520569e-02,1.883269786834716797e+00
-1.557207345962524414e+00,1.750556111335754395e+00
-6.675848960876464844e-01,2.887345314025878906e+00
-1.250833034515380859e+00,6.531684398651123047e+00
-1.146857365965843201e-01,3.717427015304565430e+00
-6.110566258430480957e-01,1.898996114730834961e+00
1.502662062644958496e+00,1.693157196044921875e+00
3.364572525024414062e-01,4.567106962203979492e-01
-1.832215070724487305e+00,1.288936614990234375e+00
8.803096413612365723e-01,7.860664725303649902e-01
8.528401255607604980e-01,9.158745408058166504e-01
9.205521345138549805e-01,4.783697128295898438e-01
2.774227857589721680e-01,1.364662170410156250e+00
-1.667846083641052246e+00,1.114043354988098145e+00
1.747641801834106445e+00,1.255496859550476074e+00
8.790834546089172363e-01,6.568958163261413574e-01
-5.321373939514160156e-01,3.421771526336669922e+00
9.019474983215332031e-01,9.980770200490951538e-02
1.214619278907775879e+00,8.755737543106079102e-01
-5.806032419204711914e-01,2.009533643722534180e+00
8.629364967346191406e-01,6.826263070106506348e-01
-5.077570304274559021e-02,1.890983819961547852e+00
5.384884476661682129e-01,4.774656891822814941e-01
3.883294388651847839e-02,1.376241803169250488e+00
8.049285411834716797e-01,6.842515468597412109e-01
1.138900995254516602e+00,1.160870432853698730e+00
5.759980082511901855e-01,1.244160890579223633e+00
1.175182223320007324e+00,1.276144981384277344e+00
1.679393887519836426e+00,2.147567272186279297e+00
-2.353983402252197266e+00,1.732346415519714355e+00
4.960129857063293457e-01,2.399218082427978516e+00
-1.142160534858703613e+00,5.297536253929138184e-01
-5.867862701416015625e-01,3.355369567871093750e+00
-6.229724884033203125e-01,2.894680023193359375e+00
1.019064068794250488e+00,6.655619740486145020e-01
5.389549136161804199e-01,9.800251126289367676e-01
8.751631379127502441e-01,9.163684844970703125e-01
4.496625661849975586e-01,5.839213132858276367e-01
1.611111283302307129e+00,1.251303255558013916e-01
-8.833344578742980957e-01,2.949260711669921875e+00
-6.607197970151901245e-02,3.518593311309814453e+00
-1.657088041305541992e+00,1.802762150764465332e+00
-1.423981428146362305e+00,1.433539986610412598e+00
2.073134332895278931e-01,3.176689147949218750e+00
1.096465587615966797e+00,1.641542911529541016e+00
9.512470960617065430e-01,7.347048282623291016e+00
6.246102452278137207e-01,1.705705165863037109e+00
5.545705556869506836e-01,1.965369939804077148e+00
-7.313402891159057617e-01,2.709539890289306641e+00
1.400699093937873840e-02,1.858997583389282227e+00
4.865594804286956787e-01,3.074216842651367188e-01
-5.000039339065551758e-01,1.998796582221984863e+00
1.016992092132568359e+00,1.172430515289306641e+00
-7.916514873504638672e-01,2.001186847686767578e+00
-4.022184908390045166e-01,2.213636875152587891e+00
9.091705679893493652e-01,3.642982959747314453e+00
8.164880871772766113e-01,1.090920925140380859e+00
1.008462905883789062e+00,8.759131431579589844e-01
-6.041404008865356445e-01,2.961485385894775391e+00
1.559552431106567383e+00,1.668900012969970703e+00
-6.681205630302429199e-01,5.023254871368408203e+00
-5.889003276824951172e-01,4.354455947875976562e+00
5.544223785400390625e-01,1.092744827270507812e+00
1.959495067596435547e+00,1.815471053123474121e+00
9.717131257057189941e-01,1.160886287689208984e+00
4.960129857063293457e-01,2.399218082427978516e+00
-1.391332745552062988e+00,1.405888319015502930e+00
-8.005644083023071289e-01,2.619035482406616211e+00
3.926120102405548096e-01,6.436218023300170898e-01
1.621889114379882812e+00,1.800334215164184570e+00
-8.336405158042907715e-01,2.362270593643188477e+00
6.510226130485534668e-01,1.256274938583374023e+00
-1.053654789924621582e+00,1.845998883247375488e+00
4.062263965606689453e-01,1.552813529968261719e+00
-8.240050077438354492e-01,2.507010221481323242e+00
-1.038878560066223145e+00,2.441724061965942383e+00
-1.654304862022399902e+00,1.804780840873718262e+00
-6.642346978187561035e-01,3.031476974487304688e+00
4.419249296188354492e-02,7.891504168510437012e-01
8.065978437662124634e-02,4.856908321380615234e+00
1.341931462287902832e+00,1.688185453414916992e+00
-1.344985723495483398e+00,1.196819067001342773e+00
5.959948897361755371e-01,2.691191732883453369e-01
-7.190641164779663086e-01,2.681867599487304688e+00
-1.345103681087493896e-01,1.711133480072021484e+00
6.570856571197509766e-01,1.563071727752685547e+00
4.150261580944061279e-01,5.899700522422790527e-01
-2.096334695816040039e+00,1.313008546829223633e+00
6.889685392379760742e-01,7.710695266723632812e-01
1.010494112968444824e+00,1.327716231346130371e+00
-4.863766431808471680e-01,2.290821313858032227e+00
1.945866823196411133e+00,1.554267048835754395e+00
3.713205829262733459e-02,1.540070176124572754e+00
-5.031828880310058594e-01,1.746091604232788086e+00
3.924805521965026855e-01,5.599309802055358887e-01
5.023508667945861816e-01,1.966642975807189941e+00
6.190267801284790039e-01,1.726949691772460938e+00
6.372044682502746582e-01,1.270434141159057617e+00
9.675974845886230469e-01,-2.834057807922363281e-01
1.883523106575012207e+00,8.306068778038024902e-01
3.227129578590393066e-01,2.252383708953857422e+00
1.555205345153808594e+00,1.579744219779968262e+00
1.378928065299987793e+00,3.828543663024902344e+00
1.959495067596435547e+00,1.815471053123474121e+00
1.702623665332794189e-01,2.643924236297607422e+00
-8.754585385322570801e-01,2.653632164001464844e+00
-1.182624459266662598e+00,2.125588893890380859e+00
7.593331933021545410e-01,1.589245796203613281e+00
-1.344048619270324707e+00,2.098476648330688477e+00
1.027708053588867188e+00,8.183916807174682617e-01
2.983572959899902344e+00,1.030524849891662598e+00
9.802944064140319824e-01,-7.623685896396636963e-02
-6.388635635375976562e-01,2.854254007339477539e+00
1.257594907656311989e-03,2.226840496063232422e+00
-8.822449296712875366e-02,5.691725015640258789e-01
3.319053351879119873e-01,5.879976749420166016e-01
7.351991534233093262e-01,8.112454414367675781e+00
-6.397215723991394043e-01,3.166007518768310547e+00
1.627876609563827515e-01,5.242282867431640625e+00
1.217915654182434082e+00,2.047627925872802734e+00
1.068448662757873535e+00,1.102870583534240723e+00
4.616422355175018311e-01,5.263109207153320312e-01
1.917804002761840820e+00,1.807293891906738281e+00
1.457812190055847168e+00,1.566062092781066895e+00
1.042970865964889526e-01,4.667947888374328613e-01
9.192970991134643555e-01,1.561313748359680176e+00
-6.784924268722534180e-01,2.266242027282714844e+00
7.955724745988845825e-02,1.483164310455322266e+00
1.033174276351928711e+00,2.503345966339111328e+00
-1.589049220085144043e+00,1.530856847763061523e+00
-6.330393552780151367e-01,2.789015293121337891e+00
1.253702938556671143e-01,1.564884543418884277e+00
6.415812373161315918e-01,1.290128111839294434e+00
7.292764782905578613e-01,5.981162190437316895e-03
1.010375738143920898e+00,7.131524085998535156e-01
-1.454912126064300537e-01,1.390596032142639160e+00
-1.178601622581481934e+00,2.101756095886230469e+00
3.190667927265167236e-02,6.813017129898071289e-01
-1.391788125038146973e+00,5.269644260406494141e+00
1.991998553276062012e+00,2.243330478668212891e+00
-5.339683890342712402e-01,1.502851963043212891e+00
2.048419788479804993e-02,5.366179943084716797e+00
2.795393466949462891e-01,5.934110879898071289e-01
-8.529614210128784180e-01,2.622477054595947266e+00
7.576447129249572754e-01,1.117243647575378418e+00
1.211035326123237610e-01,4.116816997528076172e+00
8.981974124908447266e-01,4.980503916740417480e-01
7.784698009490966797e-01,2.241539508104324341e-01
-5.984565243124961853e-02,1.305612325668334961e+00
1.321462094783782959e-01,3.171111583709716797e+00
-6.506712436676025391e-01,2.689739227294921875e+00
2.103748798370361328e+00,1.252757787704467773e+00
7.253769040107727051e-01,1.237452864646911621e+00
9.337044954299926758e-01,4.334858059883117676e-01
7.399199604988098145e-01,1.318656444549560547e+00
8.043462634086608887e-01,8.217262029647827148e-01
-1.056028485298156738e+00,2.351830244064331055e+00
-2.044557593762874603e-02,6.924043297767639160e-01
1.112990736961364746e+00,8.686556220054626465e-01
9.023534059524536133e-01,2.956454157829284668e-01
1.378618240356445312e+00,1.750803470611572266e+00
1.494536176323890686e-02,2.192733764648437500e+00
1.178479313850402832e+00,8.380124568939208984e-01
-6.083337068557739258e-01,5.697016716003417969e-01
-6.722733974456787109e-01,2.605656862258911133e+00
1.624270528554916382e-01,2.801122426986694336e+00
7.689891457557678223e-01,2.602443099021911621e-01
9.960041046142578125e-01,3.385767936706542969e-01
-1.660022139549255371e-01,1.712354898452758789e+00
8.235692232847213745e-02,7.187409400939941406e-01
-7.355715036392211914e-01,1.800423860549926758e+00
9.576123952865600586e-01,9.799962043762207031e-01
1.013508558273315430e+00,1.278745889663696289e+00
1.038970232009887695e+00,4.499513506889343262e-01
1.945866823196411133e+00,1.554267048835754395e+00
-1.289734616875648499e-02,7.860138416290283203e-01
-1.332682251930236816e+00,6.091189861297607422e+00
-7.837266325950622559e-01,2.864937305450439453e+00
-8.339063078165054321e-02,1.801840543746948242e+00
2.584788322448730469e+00,2.183809876441955566e-02
8.493725657463073730e-01,3.810428977012634277e-01
-7.058790922164916992e-01,2.451234340667724609e+00
8.074039220809936523e-01,8.567786216735839844e-01
7.189030647277832031e-01,1.414577364921569824e+00
6.269989609718322754e-01,1.140127182006835938e+00
1.109581470489501953e+00,5.016679167747497559e-01
9.699319601058959961e-01,1.860409736633300781e+00
7.049951553344726562e-01,2.279093742370605469e+00
-1.067648768424987793e+00,2.379314422607421875e+00
5.135766267776489258e-01,1.198012471199035645e+00
-7.492551803588867188e-01,1.975287079811096191e+00
-2.353983402252197266e+00,1.732346415519714355e+00
7.177613973617553711e-01,1.537540912628173828e+00
1.902852892875671387e+00,4.702806472778320312e-01
1.500438898801803589e-01,1.578823447227478027e+00
4.171333909034729004e-01,5.261512994766235352e-01
7.810875773429870605e-01,5.672877430915832520e-01
9.023534059524536133e-01,2.956454157829284668e-01
-1.202455639839172363e+00,2.509166955947875977e+00
4.271814823150634766e-01,6.354399919509887695e-01
1.414923429489135742e+00,1.429650664329528809e+00
-1.189277693629264832e-01,1.501361012458801270e+00
1.969041347503662109e+00,1.449524521827697754e+00
-7.301176190376281738e-01,2.547136545181274414e+00
-8.256299495697021484e-01,1.628798007965087891e+00
6.415812373161315918e-01,1.290128111839294434e+00
1.357733130455017090e+00,9.936991930007934570e-01
8.077524304389953613e-01,1.471475839614868164e+00
-5.640535354614257812e-01,3.389506816864013672e+00
1.309226155281066895e+00,8.346276879310607910e-01
1.006347060203552246e+00,4.115393638610839844e+00
7.373882085084915161e-02,1.556056022644042969e+00
9.357179403305053711e-01,4.246338605880737305e-01
-1.573908030986785889e-01,1.355021119117736816e+00
1.548318982124328613e+00,9.460203349590301514e-02
5.114917755126953125e-01,1.140724182128906250e+00
2.717854380607604980e-01,2.556702613830566406e+00
-4.616309404373168945e-01,2.540341377258300781e+00
-6.162560582160949707e-01,2.740006685256958008e+00
6.545615792274475098e-01,3.835921287536621094e-01
7.697795629501342773e-01,8.604271411895751953e-01
-4.035835266113281250e-01,5.158862590789794922e+00
1.013787508010864258e+00,1.402864217758178711e+00
5.265220403671264648e-01,1.319269418716430664e+00
3.177105486392974854e-01,2.685800075531005859e+00
8.082107305526733398e-01,2.976782321929931641e-01
3.559297919273376465e-01,4.210671782493591309e-01
2.061441242694854736e-01,1.176506996154785156e+00
-1.168644726276397705e-01,1.502711534500122070e+00
-8.766056299209594727e-01,2.566679239273071289e+00
4.569835066795349121e-01,5.893818736076354980e-01
-1.861683130264282227e-01,2.141325473785400391e+00
-9.488224983215332031e-01,2.656841039657592773e+00
-9.751493930816650391e-01,2.500591754913330078e+00
-8.256299495697021484e-01,1.628798007965087891e+00
-1.052179932594299316e+00,2.166222095489501953e+00
1.256513595581054688e+00,1.389649510383605957e+00
-7.190641164779663086e-01,2.681867599487304688e+00
-5.209162235260009766e-01,2.078091859817504883e+00
2.279174029827117920e-01,6.374713778495788574e-01
-1.206192851066589355e+00,2.049276590347290039e+00
1.558574557304382324e+00,1.553272843360900879e+00
5.654430985450744629e-01,1.490262746810913086e+00
2.416334390640258789e+00,1.170824170112609863e+00
1.640096902847290039e+00,-4.897803068161010742e-03
1.358907520771026611e-01,1.366991281509399414e+00
1.033680677413940430e+00,3.541339635848999023e+00
-8.751656413078308105e-01,2.483757972717285156e+00
4.092181324958801270e-01,3.184618949890136719e+00
9.123433828353881836e-01,1.402263879776000977e+00
5.943408608436584473e-01,1.244918107986450195e+00
-1.957349330186843872e-01,2.450263023376464844e+00
3.587022721767425537e-01,5.968407392501831055e-01
-2.079947471618652344e+00,2.038686275482177734e+00
-6.538798809051513672e-01,2.847353458404541016e+00
-2.715923190116882324e-01,3.152588605880737305e-01
9.978545904159545898e-01,7.473006844520568848e-02
-9.396471381187438965e-01,2.652224540710449219e+00
-8.021757602691650391e-01,5.625583171844482422e+00
9.245852231979370117e-01,1.261896610260009766e+00
1.676741614937782288e-02,4.667496204376220703e+00
9.677870869636535645e-01,1.125117182731628418e+00
8.071305751800537109e-01,5.229634642601013184e-01
1.118890643119812012e+00,1.018158555030822754e+00
-7.827214002609252930e-01,1.237578272819519043e+00
8.561335206031799316e-01,2.925613880157470703e+00
1.167934775352478027e+00,5.523606777191162109e+00
-3.222267031669616699e-01,2.840579509735107422e+00
3.498085737228393555e-01,-2.619965672492980957e-01
-5.246796011924743652e-01,4.922379970550537109e+00
3.071860074996948242e-01,2.595615625381469727e+00
3.456228598952293396e-02,1.327512741088867188e+00
6.502413153648376465e-01,8.993163108825683594e-01
-9.444923400878906250e-01,2.632944107055664062e+00
-9.196826815605163574e-02,1.751453757286071777e+00
9.162691235542297363e-01,4.410784244537353516e-01
8.043462634086608887e-01,8.217262029647827148e-01
-1.056028485298156738e+00,2.351830244064331055e+00
-1.508354907855391502e-03,1.104796528816223145e+00
1.431919485330581665e-01,1.182975649833679199e+00
8.377240896224975586e-01,1.400472223758697510e-01
-1.038878560066223145e+00,2.441724061965942383e+00
9.699319601058959961e-01,1.860409736633300781e+00
-6.120697259902954102e-01,2.917152166366577148e+00
-8.356643915176391602e-01,2.623744487762451172e+00
1.358113586902618408e-01,5.023218989372253418e-01
1.147797629237174988e-01,1.978483796119689941e+00
5.951636433601379395e-01,1.550576448440551758e+00
-9.924411177635192871e-01,6.372628211975097656e-01
4.450254440307617188e-01,5.378113389015197754e-01
5.340475440025329590e-01,1.293304204940795898e+00
-8.873811364173889160e-02,1.457556366920471191e+00
-1.010896801948547363e+00,2.150977373123168945e+00
1.583965659141540527e+00,2.035451889038085938e+00
5.524955987930297852e-01,1.082831144332885742e+00
-1.370136439800262451e-01,1.772629261016845703e+00
-1.433709710836410522e-01,1.707178592681884766e+00
1.137531921267509460e-02,1.070528745651245117e+00
-6.675848960876464844e-01,2.887345314025878906e+00
5.376657843589782715e-01,1.907617568969726562e+00
6.510226130485534668e-01,1.256274938583374023e+00
8.442572355270385742e-01,1.125669121742248535e+00
4.555712223052978516e+00,-1.115862488746643066e+00
8.721783161163330078e-01,1.952267736196517944e-01
-6.973239183425903320e-01,2.812403440475463867e-01
2.444513440132141113e-01,6.501979231834411621e-01
2.482046365737915039e+00,9.170988798141479492e-01
9.950299859046936035e-01,4.139306068420410156e+00
1.743599891662597656e+00,2.046412706375122070e+00
7.244718819856643677e-02,3.346571922302246094e-01
6.455051302909851074e-01,-2.033424526453018188e-01
7.225049734115600586e-01,7.151432037353515625e-01
5.954487323760986328e-01,2.307794809341430664e+00
-6.764807701110839844e-01,2.699696063995361328e+00
-4.716802239418029785e-01,2.991407155990600586e+00
-8.575167655944824219e-01,2.700419902801513672e+00
-1.143649697303771973e+00,2.329979181289672852e+00
-1.127780199050903320e+00,2.522715091705322266e+00
1.672959208488464355e+00,2.068609237670898438e+00
-1.684719175100326538e-01,1.378698110580444336e+00
1.114797711372375488e+00,1.335149288177490234e+00
9.429188370704650879e-01,2.701676368713378906e+00
-9.296073913574218750e-01,2.682148218154907227e+00
-4.198600947856903076e-01,2.677364826202392578e+00
1.003069281578063965e+00,1.061974167823791504e+00
7.843446731567382812e-01,1.766178607940673828e+00
9.713706374168395996e-01,1.687831401824951172e+00
1.220749378204345703e+00,4.145346641540527344e+00
1.019552230834960938e+00,1.004303455352783203e+00
4.198123216629028320e-01,1.546058416366577148e+00
-6.060118675231933594e-01,2.927183151245117188e+00
1.707134246826171875e+00,2.035262346267700195e+00
1.099184751510620117e+00,-3.145533800125122070e-01
-1.800295263528823853e-01,1.334905505180358887e+00
7.808951139450073242e-01,1.254585981369018555e+00
-9.674644470214843750e-02,1.592301487922668457e+00
2.268667221069335938e+00,1.754519939422607422e+00
-4.203463792800903320e-01,3.946961879730224609e+00
-1.134488224983215332e+00,2.269286632537841797e+00
9.769509434700012207e-01,-1.345966756343841553e-02
1.711513400077819824e+00,1.228971838951110840e+00
-2.213636040687561035e-01,1.640327692031860352e+00
1.832808732986450195e+00,1.150389194488525391e+00
-1.574294567108154297e+00,1.424413442611694336e+00
1.371018886566162109e+00,3.441910266876220703e+00
-5.206118226051330566e-01,5.455413341522216797e+00
-1.401673436164855957e+00,1.883324384689331055e+00
1.199306607246398926e+00,1.792113542556762695e+00
7.356000542640686035e-01,1.215070843696594238e+00
4.766306877136230469e-01,1.203661441802978516e+00
-1.391332745552062988e+00,1.405888319015502930e+00
2.660833358764648438e+00,1.514651060104370117e+00
5.001033097505569458e-02,1.635462045669555664e+00
-1.925216197967529297e+00,1.438018321990966797e+00
6.025266647338867188e-01,1.806167364120483398e+00
-1.227128982543945312e+00,6.653881549835205078e+00
9.092699289321899414e-01,1.971818208694458008e+00
4.766306877136230469e-01,1.203661441802978516e+00
-3.786923885345458984e-01,3.520862340927124023e+00
9.982783794403076172e-01,9.329461455345153809e-01
3.884820342063903809e-01,6.368736028671264648e-01
7.004095911979675293e-01,3.261628627777099609e+00
2.104778289794921875e+00,2.348852872848510742e+00
3.067990541458129883e-01,1.432492375373840332e+00
5.339382290840148926e-01,1.209595322608947754e+00
-6.847143769264221191e-01,1.735215902328491211e+00
-6.260972023010253906e-01,2.702914953231811523e+00
9.210362434387207031e-01,3.681475520133972168e-01
-9.977645277976989746e-01,6.513314247131347656e-01
7.716892361640930176e-01,-2.535752058029174805e-01
9.950095415115356445e-01,2.661105394363403320e+00
3.115495741367340088e-01,2.015517950057983398e+00
1.533448576927185059e+00,1.557263493537902832e+00
3.431062996387481689e-01,1.699634075164794922e+00
1.152667403221130371e+00,1.023371100425720215e+00
8.591570258140563965e-01,4.072660207748413086e-01
2.571752667427062988e-01,1.668419122695922852e+00
-1.199008226394653320e+00,2.497268676757812500e+00
-9.475600123405456543e-01,1.676136493682861328e+00
1.633831858634948730e+00,3.679164409637451172e+00
1.780033946037292480e+00,5.572266876697540283e-02
7.253769040107727051e-01,1.237452864646911621e+00
8.418691158294677734e-01,5.708734989166259766e+00
-8.562012016773223877e-02,8.864481925964355469e+00
8.954107761383056641e-01,-5.251049995422363281e-03
4.460672140121459961e-01,3.816457986831665039e+00
-1.342315793037414551e+00,6.189058780670166016e+00
1.668368577957153320e+00,9.445030987262725830e-02
1.338684260845184326e-01,4.619665622711181641e+00
-2.981511354446411133e-01,3.647109985351562500e+00
-7.279307246208190918e-01,1.136450409889221191e+00
1.143018379807472229e-01,3.628781318664550781e+00
-2.065612003207206726e-02,1.152986049652099609e+00
5.470607280731201172e-01,1.814276456832885742e+00
1.898195981979370117e+00,1.502861499786376953e+00
-9.884818792343139648e-01,7.204802989959716797e+00
1.211819767951965332e+00,9.150499105453491211e-01
9.693887233734130859e-01,1.256709337234497070e+00
1.400412082672119141e+00,1.774906873703002930e+00
1.794136166572570801e-01,3.946208953857421875e+00
-1.660022139549255371e-01,1.712354898452758789e+00
-2.232262611389160156e+00,9.620752930641174316e-01
8.471850752830505371e-01,6.566654443740844727e-01
-9.703223705291748047e-01,1.904865145683288574e+00
-7.103803753852844238e-01,2.574563264846801758e+00
-7.243741750717163086e-01,2.693048954010009766e+00
-1.188979387283325195e+00,2.254852294921875000e+00
-8.562012016773223877e-02,8.864481925964355469e+00
9.982783794403076172e-01,9.329461455345153809e-01
-5.913506150245666504e-01,2.950290441513061523e+00
1.338087797164916992e+00,1.590859293937683105e+00
-8.287087678909301758e-01,2.305744171142578125e+00
5.173172950744628906e-01,3.878419995307922363e-01
-1.132247924804687500e+00,6.461887955665588379e-01
-3.970731198787689209e-01,5.237679958343505859e+00
1.441165328025817871e+00,1.451981902122497559e+00
1.096465587615966797e+00,1.641542911529541016e+00
4.343591332435607910e-01,1.441467553377151489e-01
8.651835322380065918e-01,3.071482181549072266e-01
-1.002367615699768066e+00,2.416463136672973633e+00
-2.387255430221557617e+00,1.620491147041320801e+00
8.685014247894287109e-01,5.942599773406982422e-01
-7.334548830986022949e-01,2.682913780212402344e+00
1.742623686790466309e+00,1.739298224449157715e+00
2.482046365737915039e+00,9.170988798141479492e-01
-8.780030608177185059e-01,6.514916419982910156e+00
-6.615767478942871094e-01,2.263479948043823242e+00
4.616608023643493652e-01,1.140354871749877930e+00
-1.933642148971557617e+00,1.799545526504516602e+00
8.881396055221557617e-01,6.126049757003784180e-01
-1.714495122432708740e-01,2.444063901901245117e+00
2.814997136592864990e-01,9.500585794448852539e-01
-8.219640254974365234e-01,1.285251021385192871e+00
9.435808658599853516e-01,1.377903223037719727e+00
-1.078559041023254395e+00,8.968124389648437500e-01
1.822532415390014648e-01,1.019320845603942871e+00
-5.181349441409111023e-02,2.343806982040405273e+00
-1.194049835205078125e+00,1.602256536483764648e+00
9.674026370048522949e-01,1.124312996864318848e+00
2.495569363236427307e-02,4.465791225433349609e+00
3.497807309031486511e-02,1.508882403373718262e+00
-1.114585518836975098e+00,1.317304611206054688e+00
5.871831774711608887e-01,1.274623155593872070e+00
-1.954254508018493652e-01,1.407655119895935059e+00
1.213694736361503601e-02,1.219988226890563965e+00
5.720295906066894531e-01,5.079584121704101562e-01
-2.407839521765708923e-02,1.814877390861511230e+00
1.147797629237174988e-01,1.978483796119689941e+00
-7.827214002609252930e-01,1.237578272819519043e+00
2.549932718276977539e+00,1.344707608222961426e+00
-1.506988853216171265e-01,2.008052825927734375e+00
9.846084117889404297e-01,8.816791176795959473e-01
3.085189461708068848e-01,5.545769929885864258e-01
1.628209352493286133e-01,2.367861747741699219e+00
-4.927511215209960938e-01,1.752392649650573730e+00
3.346312046051025391e-01,5.875622630119323730e-01
-7.271583676338195801e-01,1.259373664855957031e+00
-2.232262611389160156e+00,9.620752930641174316e-01
-8.096534013748168945e-01,1.764772415161132812e+00
1.471986889839172363e+00,8.755846023559570312e-01
-4.669147133827209473e-01,2.985594034194946289e+00
-6.208539009094238281e-01,1.756981849670410156e+00
-1.430928707122802734e-01,1.773294210433959961e+00
9.486196041107177734e-01,4.198524951934814453e+00
-1.085349321365356445e+00,7.698305249214172363e-01
8.695459961891174316e-01,1.186146616935729980e+00
1.482775211334228516e+00,1.896669715642929077e-01
1.466712832450866699e+00,1.686177015304565430e+00
4.682830870151519775e-01,4.945814013481140137e-01
1.298912167549133301e+00,2.668543159961700439e-01
4.865594804286956787e-01,3.074216842651367188e-01
-8.448686003684997559e-01,2.571379899978637695e+00
2.835536479949951172e+00,1.472963213920593262e+00
8.633866310119628906e-01,4.863523006439208984e+00
-1.372740387916564941e+00,1.208749055862426758e+00
-8.922407031059265137e-01,6.686984539031982422e+00
-6.500021219253540039e-01,2.660492658615112305e+00
-1.861683130264282227e-01,2.141325473785400391e+00
2.985485196113586426e-01,2.579805850982666016e+00
8.691733479499816895e-01,2.100823879241943359e+00
-4.153706431388854980e-01,1.820128440856933594e+00
-6.579050421714782715e-01,2.452408313751220703e+00
-6.060118675231933594e-01,2.927183151245117188e+00
-2.715923190116882324e-01,3.152588605880737305e-01
1.722169041633605957e+00,2.132174253463745117e+00
-1.320554316043853760e-01,1.270518660545349121e+00
-6.172845363616943359e-01,2.879016637802124023e+00
8.457498550415039062e-01,5.601785182952880859e+00
1.798873662948608398e+00,9.608083963394165039e-01
2.834181785583496094e-01,2.584731578826904297e+00
8.580530285835266113e-01,2.108405083417892456e-01
-7.761301845312118530e-02,1.073005437850952148e+00
-1.009612321853637695e+00,2.564639329910278320e+00
3.199980258941650391e-01,2.028206586837768555e+00
-6.567412018775939941e-01,2.702132225036621094e+00
-1.259552240371704102e+00,1.937739968299865723e+00
-1.929490804672241211e+00,1.424228668212890625e+00
9.513059258460998535e-01,2.493431806564331055e+00
-1.194049835205078125e+00,1.602256536483764648e+00
3.138188719749450684e-01,2.732900381088256836e+00
-4.083533883094787598e-01,2.667780399322509766e+00
6.843537688255310059e-01,1.252006649971008301e+00
-6.253474950790405273e-01,3.056474208831787109e+00
-1.372740387916564941e+00,1.208749055862426758e+00
-2.775015234947204590e-01,1.644464015960693359e+00
-6.391993761062622070e-01,1.369970440864562988e+00
9.089161157608032227e-01,2.793304681777954102e+00
-1.856704056262969971e-01,1.487886428833007812e+00
9.693887233734130859e-01,1.256709337234497070e+00
1.863176003098487854e-02,4.844501972198486328e+00
5.017812252044677734e-01,5.035893917083740234e-01
1.565008759498596191e+00,1.250075459480285645e+00
-6.190476939082145691e-02,1.727468013763427734e+00
-5.255351662635803223e-01,2.207161188125610352e+00
-8.219640254974365234e-01,1.285251021385192871e+00
-6.599077582359313965e-01,2.550144433975219727e+00
7.534997463226318359e-01,1.421780824661254883e+00
-2.035761997103691101e-02,1.289532899856567383e+00
1.588018059730529785e+00,2.107456207275390625e+00
6.983143091201782227e-01,1.406588852405548096e-01
-1.224235057830810547e+00,1.358639717102050781e+00
-1.034626483917236328e+00,2.625032424926757812e+00
-1.936867386102676392e-01,1.514500021934509277e+00
5.722833871841430664e-01,1.620935916900634766e+00
2.875064313411712646e-02,1.616016864776611328e+00
1.009729623794555664e+00,1.255919933319091797e+00
-1.586894035339355469e+00,9.067245721817016602e-01
-7.387724518775939941e-01,2.461865901947021484e+00
-1.404321789741516113e+00,1.324039101600646973e+00
1.437978073954582214e-02,1.887622475624084473e+00
1.040419459342956543e+00,8.491029739379882812e-01
-1.102609515190124512e+00,2.247051715850830078e+00
-1.205928444862365723e+00,2.489882230758666992e+00
8.992196917533874512e-01,1.046797156333923340e+00
-4.927511215209960938e-01,1.752392649650573730e+00
-5.095567703247070312e-01,1.469042301177978516e+00
-7.343770861625671387e-01,1.558745503425598145e+00
-8.221247196197509766e-01,2.359580755233764648e+00
-6.762840747833251953e-01,1.458205103874206543e+00
1.689049601554870605e+00,1.403639316558837891e+00
-3.232291638851165771e-01,1.903906345367431641e+00
1.380272150039672852e+00,9.740682244300842285e-01
1.430801674723625183e-02,2.058896780014038086e+00
2.011471271514892578e+00,-8.049471378326416016e-01
3.592515587806701660e-01,2.026051044464111328e+00
1.627876609563827515e-01,5.242282867431640625e+00
-6.497344374656677246e-01,2.757869482040405273e+00
-6.615767478942871094e-01,2.263479948043823242e+00
-8.387348800897598267e-02,1.634790420532226562e+00
6.352711319923400879e-01,1.267119884490966797e+00
8.645505905151367188e-01,1.266669750213623047e+00
-1.375396996736526489e-01,5.305668830871582031e+00
9.846084117889404297e-01,8.816791176795959473e-01
7.340326309204101562e-01,1.376582026481628418e+00
-9.874061346054077148e-01,6.783117055892944336e-01
1.773369669914245605e+00,1.343287348747253418e+00
-1.098729729652404785e+00,2.475712776184082031e+00
-8.233661651611328125e-01,2.289876461029052734e+00
2.533218264579772949e-01,2.628144741058349609e+00
-6.110566258430480957e-01,1.898996114730834961e+00
-1.263366580009460449e+00,2.265877246856689453e+00
-1.337049007415771484e-01,1.530634045600891113e+00
-6.366934776306152344e-01,2.431519031524658203e+00
1.573326826095581055e+00,1.588619470596313477e+00
6.746145337820053101e-02,7.664568424224853516e-01
-1.538384258747100830e-01,2.057624340057373047e+00
-1.079594731330871582e+00,2.711112260818481445e+00
5.026863887906074524e-02,8.985610008239746094e-01
1.319208502769470215e+00,2.056920289993286133e+00
-1.748511791229248047e-01,2.163079977035522461e+00
-1.116160511970520020e+00,2.434765338897705078e+00
-1.109365463256835938e+00,2.382816314697265625e+00
1.006347060203552246e+00,4.115393638610839844e+00
-6.388635635375976562e-01,2.854254007339477539e+00
1.084774360060691833e-01,2.226876258850097656e+00
3.215591013431549072e-01,2.592848777770996094e+00
2.006698846817016602e+00,1.774983048439025879e+00
1.496183127164840698e-01,1.160378217697143555e+00
-1.594555497169494629e+00,1.421283483505249023e+00
8.645505905151367188e-01,1.266669750213623047e+00
-7.431654930114746094e-01,2.536681890487670898e+00
1.179084181785583496e-02,2.108359813690185547e+00
5.358183011412620544e-02,2.155665159225463867e+00
3.601529896259307861e-01,2.667665481567382812e+00
1.725964069366455078e+00,1.483958601951599121e+00
-4.547495245933532715e-01,3.418391227722167969e+00
5.410396307706832886e-02,1.008358120918273926e+00
4.460672140121459961e-01,3.816457986831665039e+00
-7.663580179214477539e-01,2.839838981628417969e+00
5.255272388458251953e-01,1.776853322982788086e+00
-6.325697302818298340e-01,2.785558938980102539e+00
5.276223644614219666e-02,8.926021456718444824e-01
5.199966430664062500e-01,9.965085029602050781e+00
-1.188979387283325195e+00,2.254852294921875000e+00
1.530298829078674316e+00,1.989242911338806152e+00
-7.161036729812622070e-01,2.567275524139404297e+00
-6.155514121055603027e-01,1.790395379066467285e+00
6.243013143539428711e-01,4.551607966423034668e-01
-6.764807701110839844e-01,2.699696063995361328e+00
-3.479196131229400635e-02,1.140325307846069336e+00
2.412288635969161987e-01,6.783276796340942383e-01
2.226122617721557617e+00,9.571117162704467773e-01
1.377309113740921021e-01,1.302819490432739258e+00
1.210195124149322510e-01,8.224891424179077148e-01
3.734657466411590576e-01,1.965023756027221680e+00
1.056617736816406250e+00,1.135130405426025391e+00
1.121597647666931152e+00,8.940435051918029785e-01
7.774709165096282959e-02,2.098251104354858398e+00
4.999952912330627441e-01,5.675134658813476562e-01
-9.674644470214843750e-02,1.592301487922668457e+00
1.792122602462768555e+00,1.208039641380310059e+00
5.243487358093261719e-01,1.178050279617309570e+00
1.400593519210815430e+00,2.599320411682128906e-01
8.552609086036682129e-01,2.297529220581054688e+00
-1.532086282968521118e-01,2.462586164474487305e+00
3.011292815208435059e-01,1.460279464721679688e+00
-1.607939958572387695e+00,1.162894010543823242e+00
-4.165675863623619080e-02,1.960608959197998047e+00
-4.749346375465393066e-01,7.298505306243896484e+00
3.524579107761383057e-01,5.285982489585876465e-01
4.092181324958801270e-01,3.184618949890136719e+00
-1.077875271439552307e-01,2.108762741088867188e+00
1.000740006566047668e-02,3.430376052856445312e+00
-1.022296428680419922e+00,2.483449459075927734e+00
-1.391181826591491699e+00,9.567138552665710449e-01
2.143651247024536133e+00,2.653518915176391602e+00
1.588018059730529785e+00,2.107456207275390625e+00
-5.243167653679847717e-02,1.828107476234436035e+00
2.630944967269897461e+00,7.451928853988647461e-01
9.641947746276855469e-01,1.366927862167358398e+00
-1.695140153169631958e-01,1.952890396118164062e+00
1.152151942253112793e+00,6.916691660881042480e-01
7.859140038490295410e-01,1.109275579452514648e+00
-1.454261541366577148e-01,5.393412590026855469e+00
9.514823555946350098e-01,1.203797101974487305e+00
9.717131257057189941e-01,1.160886287689208984e+00
8.424325585365295410e-01,5.839511752128601074e-03
4.419249296188354492e-02,7.891504168510437012e-01
-6.399883031845092773e-01,2.905079841613769531e+00
-1.394887089729309082e+00,2.078150749206542969e+00
1.445219993591308594e+00,2.881430983543395996e-01
-2.161495201289653778e-02,1.028686761856079102e+00
-5.300158634781837463e-02,1.315151453018188477e+00
1.210814356803894043e+00,9.277003407478332520e-01
8.224998712539672852e-01,6.102898120880126953e-01
8.580486774444580078e-01,1.417531371116638184e+00
-1.108895421028137207e+00,2.392017602920532227e+00
1.725964069366455078e+00,1.483958601951599121e+00
-3.285532072186470032e-02,7.139683961868286133e-01
8.082107305526733398e-01,2.976782321929931641e-01
9.683822989463806152e-01,1.398097991943359375e+00
-1.119876980781555176e+00,9.907427430152893066e-01
-8.639378547668457031e-01,1.689046382904052734e+00
9.673033356666564941e-01,8.841440081596374512e-01
3.022218644618988037e-01,2.157093286514282227e+00
7.618635892868041992e-03,1.217069029808044434e+00
7.298889160156250000e-01,1.161244630813598633e+00
3.559437394142150879e-01,2.664681434631347656e+00
-8.799211978912353516e-01,2.682076454162597656e+00
1.107063651084899902e+00,2.683618068695068359e+00
-1.115287661552429199e+00,2.454393625259399414e+00
-9.252073615789413452e-02,1.186655879020690918e+00
9.572409391403198242e-01,6.494408249855041504e-01
1.350067555904388428e-01,4.844618320465087891e+00
7.862159609794616699e-01,6.434679031372070312e-01
9.875218868255615234e-01,2.260627150535583496e-01
4.039857983589172363e-01,5.523626804351806641e-01
5.358183011412620544e-02,2.155665159225463867e+00
6.154127120971679688e-01,4.442018270492553711e-02
5.342450737953186035e-01,4.156057834625244141e-01
2.743648052215576172e+00,4.512082338333129883e-01
2.164348810911178589e-01,6.749480724334716797e+00
1.111706018447875977e+00,3.430581092834472656e+00
-9.094157069921493530e-02,2.263435125350952148e+00
2.549975872039794922e+00,1.042537450790405273e+00
-6.692994236946105957e-01,1.577683329582214355e+00
8.950262069702148438e-01,1.104312658309936523e+00
1.082457065582275391e+00,5.592024326324462891e-01
1.228003740310668945e+00,5.527665615081787109e+00
3.395912423729896545e-02,3.546585083007812500e+00
8.992196917533874512e-01,1.046797156333923340e+00
1.099354267120361328e+00,1.183949232101440430e+00
1.322334557771682739e-01,2.013622999191284180e+00
5.996838808059692383e-01,4.558737874031066895e-01
4.653779417276382446e-02,1.859855532646179199e+00
-2.044315338134765625e+00,1.426745414733886719e+00
-1.009325861930847168e+00,2.473923206329345703e+00
-6.324643492698669434e-01,6.040702342987060547e+00
1.441165328025817871e+00,1.451981902122497559e+00
1.863176003098487854e-02,4.844501972198486328e+00
-2.213636040687561035e-01,1.640327692031860352e+00
8.400371074676513672e-01,8.963243961334228516e-01
-2.763771414756774902e-01,3.691827058792114258e+00
6.772463321685791016e-01,4.432023048400878906e+00
-6.459456086158752441e-01,6.230693340301513672e+00
-7.176487445831298828e-01,2.703305721282958984e+00
7.270281314849853516e-01,1.918146133422851562e+00
1.358907520771026611e-01,1.366991281509399414e+00
9.106190204620361328e-01,1.920841813087463379e+00
1.583700060844421387e+00,1.523217201232910156e+00
1.846316218376159668e+00,2.214127302169799805e+00
-1.169409751892089844e+00,2.082231044769287109e+00
-1.687051177024841309e+00,1.829332709312438965e+00
-2.155644893646240234e+00,1.723855137825012207e+00
1.602277398109436035e+00,1.328691005706787109e+00
-1.615849137306213379e-01,1.432874202728271484e+00
-3.721856474876403809e-01,2.734700202941894531e+00
-2.596413791179656982e-01,1.963390827178955078e+00
-8.130698204040527344e-01,2.594224452972412109e+00
1.253742456436157227e+00,2.166496038436889648e+00
3.070107698440551758e-01,2.720653295516967773e+00
2.242913702502846718e-03,1.251716375350952148e+00
1.480967402458190918e+00,1.327462077140808105e+00
1.041881442070007324e+00,1.253230094909667969e+00
-8.833344578742980957e-01,2.949260711669921875e+00
-1.417831778526306152e-01,2.910063505172729492e+00
2.105499982833862305e+00,2.300777196884155273e+00
-6.722733974456787109e-01,2.605656862258911133e+00
-1.001679539680480957e+00,2.679415464401245117e+00
-1.096313714981079102e+00,1.886921405792236328e+00
1.365305542945861816e+00,-3.937245011329650879e-01
9.708225131034851074e-01,1.558358073234558105e-01
1.327886223793029785e+00,1.513185739517211914e+00
2.660542428493499756e-01,1.652208328247070312e+00
1.691818714141845703e+00,2.236112356185913086e+00
-1.099562764167785645e+00,2.449214458465576172e+00
-1.332266807556152344e+00,2.124177217483520508e+00
-1.473811641335487366e-02,1.559358119964599609e+00
5.654430985450744629e-01,1.490262746810913086e+00
5.544223785400390625e-01,1.092744827270507812e+00
-8.016789555549621582e-01,1.697173953056335449e+00
6.718460321426391602e-01,1.124165177345275879e+00
-1.168470025062561035e+00,3.483198165893554688e+00
1.084590196609497070e+00,7.893304228782653809e-01
2.377727508544921875e+00,1.332344532012939453e+00
6.516518592834472656e-01,9.739000797271728516e-01
-1.079971075057983398e+00,2.094662427902221680e+00
-3.338680863380432129e-01,1.543319940567016602e+00
9.652598500251770020e-01,1.157256126403808594e+00
9.079334139823913574e-01,3.789435029029846191e-01
4.743221998214721680e-01,5.853380560874938965e-01
7.647626847028732300e-02,7.462611198425292969e-01
1.035609245300292969e+00,1.202819585800170898e+00
1.852345943450927734e+00,1.467157959938049316e+00
-2.127556562423706055e+00,1.679038524627685547e+00
2.866584062576293945e+00,1.217205047607421875e+00
7.362143993377685547e-01,3.970199108123779297e+00
-1.240551233291625977e+00,8.104941248893737793e-02
5.025147199630737305e-01,2.025951445102691650e-02
-1.631840318441390991e-01,2.573552846908569336e+00
1.702623665332794189e-01,2.643924236297607422e+00
1.648549139499664307e-01,1.170983672142028809e+00
-1.971843987703323364e-01,1.525631427764892578e+00
8.622846007347106934e-01,3.474049568176269531e-01
-7.666187882423400879e-01,2.556756734848022461e+00
-9.855130910873413086e-01,1.460953116416931152e+00
1.886307835578918457e+00,7.250915765762329102e-01
5.703424811363220215e-01,5.264127254486083984e-01
2.920963615179061890e-02,1.324585795402526855e+00
1.104229688644409180e+00,2.979498863220214844e+00
4.198123216629028320e-01,1.546058416366577148e+00
7.810615897178649902e-01,1.065697431564331055e+00
-6.047234535217285156e-01,2.658649444580078125e+00
2.905509471893310547e-01,2.819324731826782227e+00
-1.170246958732604980e+00,2.102669715881347656e+00
1.091159880161285400e-01,6.046581864356994629e-01
1.831043064594268799e-01,4.026828289031982422e+00
1.407446861267089844e+00,2.335810661315917969e+00
1.430801674723625183e-02,2.058896780014038086e+00
-8.264814019203186035e-01,2.168661355972290039e+00
-8.387348800897598267e-02,1.634790420532226562e+00
-6.274448037147521973e-01,2.222602844238281250e+00
-7.002903223037719727e-01,2.767232656478881836e+00
1.378928065299987793e+00,3.828543663024902344e+00
8.961902260780334473e-01,8.440406322479248047e-01
2.093913316726684570e+00,2.587763071060180664e+00
4.616608023643493652e-01,1.140354871749877930e+00
6.014216542243957520e-01,1.243845462799072266e+00
8.071577548980712891e-01,4.483247995376586914e-01
2.641188859939575195e+00,8.317279815673828125e-01
-8.407721519470214844e-01,2.369865179061889648e+00
-6.907008886337280273e-01,2.838729619979858398e+00
-1.240018486976623535e+00,4.988966464996337891e+00
9.588578343391418457e-01,7.512292861938476562e-01
1.757705330848693848e+00,1.502198457717895508e+00
7.285492420196533203e-01,4.596512317657470703e+00
-7.408114671707153320e-01,2.568506479263305664e+00
2.107990264892578125e+00,1.051315903663635254e+00
-4.799321889877319336e-01,2.095160484313964844e+00
-7.447210550308227539e-01,2.476015567779541016e+00
9.947105497121810913e-02,1.263692855834960938e+00
-1.527088642120361328e+00,1.892018556594848633e+00
1.875552415847778320e+00,1.254227161407470703e+00
1.322230696678161621e+00,1.614675283432006836e+00
8.424325585365295410e-01,5.839511752128601074e-03
1.007571339607238770e+00,2.334313392639160156e-01
2.131415754556655884e-01,2.347250431776046753e-01
-8.599348664283752441e-01,2.873932123184204102e+00
2.349783658981323242e+00,1.532599210739135742e+00
-1.093699812889099121e+00,2.428435564041137695e+00
-8.297913670539855957e-01,2.302031993865966797e+00
5.334316492080688477e-01,4.239572286605834961e-01
-2.325316965579986572e-01,1.439038515090942383e+00
1.198390245437622070e+00,3.275706291198730469e+00
-8.753990381956100464e-02,1.941357135772705078e+00
6.752362251281738281e-01,8.640720844268798828e-01
-1.684719175100326538e-01,1.378698110580444336e+00
-5.511158332228660583e-02,1.078348636627197266e+00
-1.936867386102676392e-01,1.514500021934509277e+00
1.009729623794555664e+00,1.255919933319091797e+00
-2.037042751908302307e-02,1.941437244415283203e+00
-2.273400306701660156e+00,1.754022359848022461e+00
1.112990736961364746e+00,8.686556220054626465e-01
8.157241344451904297e-01,8.551749587059020996e-02
-1.076915502548217773e+00,2.375599861145019531e+00
-9.211550951004028320e-01,2.620493650436401367e+00
1.357493996620178223e+00,1.336612224578857422e+00
-1.191227436065673828e+00,2.159512519836425781e+00
-1.933642148971557617e+00,1.799545526504516602e+00
1.503734230995178223e+00,1.645396232604980469e+00
-6.100935935974121094e-01,2.910655021667480469e+00
8.393293023109436035e-01,1.276026129722595215e+00
4.343591332435607910e-01,1.441467553377151489e-01
-1.723466634750366211e+00,1.469683289527893066e+00
-1.070614218711853027e+00,2.640786886215209961e+00
-2.592506408691406250e-01,1.477394461631774902e+00
6.405409574508666992e-01,1.778111934661865234e+00
-7.062762975692749023e-01,2.565729856491088867e+00
-7.837266325950622559e-01,2.864937305450439453e+00
-7.157788276672363281e-01,2.521626710891723633e+00
-1.155731201171875000e+00,6.068628787994384766e+00
1.285451292991638184e+00,2.001325368881225586e+00
1.716338634490966797e+00,2.497018337249755859e+00
1.016919970512390137e+00,3.053414583206176758e+00
1.234115242958068848e+00,3.992183446884155273e+00
7.871231436729431152e-01,1.498407006263732910e+00
8.928570747375488281e-01,1.231469869613647461e+00
3.313409686088562012e-01,5.854384899139404297e-01
-6.406230926513671875e-01,1.655752182006835938e+00
-2.269624710083007812e+00,1.552100062370300293e+00
7.270281314849853516e-01,1.918146133422851562e+00
8.077524304389953613e-01,1.471475839614868164e+00
-2.862716615200042725e-01,5.649262905120849609e+00
-1.149285912513732910e+00,7.196518778800964355e-01
7.529861927032470703e-01,1.270011663436889648e+00
1.506142139434814453e+00,1.530943512916564941e-01
-6.478275656700134277e-01,2.834984779357910156e+00
2.121882915496826172e+00,-4.885554313659667969e-01
7.265815138816833496e-01,1.318185210227966309e+00
-1.393130272626876831e-01,1.388287901878356934e+00
1.115741491317749023e+00,-2.218593209981918335e-01
7.844073176383972168e-01,3.309426307678222656e-01
2.571752667427062988e-01,1.668419122695922852e+00
-9.219183921813964844e-01,2.675872325897216797e+00
-2.065067529678344727e+00,1.628970265388488770e+00
-1.403018951416015625e+00,1.513196349143981934e+00
7.399199604988098145e-01,1.318656444549560547e+00
4.569835066795349121e-01,5.893818736076354980e-01
7.562202215194702148e-01,1.766167163848876953e+00
2.716888427734375000e+00,7.055492997169494629e-01
-4.332999512553215027e-02,3.345914125442504883e+00
8.464776277542114258e-01,1.651165485382080078e+00
8.782867789268493652e-01,6.361849308013916016e-01
-1.107076764106750488e+00,2.195196151733398438e+00
9.317228198051452637e-01,9.245231151580810547e-01
-3.309278488159179688e-01,5.372373580932617188e+00
1.518375039100646973e+00,1.231557846069335938e+00
1.012320399284362793e+00,1.073811411857604980e+00
1.515571117401123047e+00,1.640972495079040527e+00
-8.173139691352844238e-01,2.580868482589721680e+00
1.600160121917724609e+00,1.868501663208007812e+00
-1.807476580142974854e-01,1.471045255661010742e+00
4.681544750928878784e-02,1.982022523880004883e+00
6.103088855743408203e-01,3.993069529533386230e-01
-2.065067529678344727e+00,1.628970265388488770e+00
-5.000039339065551758e-01,1.998796582221984863e+00
1.085144162178039551e+00,7.737398743629455566e-01
2.103748798370361328e+00,1.252757787704467773e+00
-7.759503722190856934e-01,2.492661952972412109e+00
7.038033604621887207e-01,3.588156104087829590e-01
1.058141946792602539e+00,7.882193922996520996e-01
6.651869416236877441e-01,1.152322530746459961e+00
-2.030730009078979492e+00,1.901277303695678711e+00
2.774227857589721680e-01,1.364662170410156250e+00
-8.850542306900024414e-01,2.643573999404907227e+00
9.563828259706497192e-02,4.237930774688720703e+00
-3.290151953697204590e-01,2.137734174728393555e+00
8.435685634613037109e-01,1.145351052284240723e+00
5.473903939127922058e-02,1.392883181571960449e+00
2.958908975124359131e-01,6.115181446075439453e-01
-1.941451057791709900e-02,3.406474590301513672e+00
-8.032382130622863770e-01,1.650220990180969238e+00
1.443135023117065430e+00,1.234214186668395996e+00
6.751949191093444824e-01,1.673472046852111816e+00
1.514544844627380371e+00,2.590055704116821289e+00
-1.206192851066589355e+00,2.049276590347290039e+00
2.757163643836975098e-01,1.232806205749511719e+00
2.641461849212646484e+00,1.131523132324218750e+00
3.352991044521331787e-01,1.805866807699203491e-01
-1.910446584224700928e-01,1.838662147521972656e+00
2.368034571409225464e-01,6.074118018150329590e-01
1.027512311935424805e+00,6.948566436767578125e-01
-1.542141556739807129e+00,1.884823203086853027e+00
1.528278291225433350e-01,6.948086023330688477e-01
-1.856704056262969971e-01,1.487886428833007812e+00
-2.763771414756774902e-01,3.691827058792114258e+00
3.499554395675659180e-01,5.977181792259216309e-01
5.548282861709594727e-01,1.928883314132690430e+00
1.797131538391113281e+00,1.258082389831542969e+00
3.592515587806701660e-01,2.026051044464111328e+00
1.372933149337768555e+00,1.305818319320678711e+00
-1.350283995270729065e-02,1.594159841537475586e+00
9.845133423805236816e-01,1.213391423225402832e+00
2.696566581726074219e-01,2.976382970809936523e+00
-6.091428995132446289e-01,2.004551172256469727e+00
-1.551524519920349121e+00,2.295306921005249023e+00
-1.585785388946533203e+00,1.526945590972900391e+00
7.019850611686706543e-01,1.292971491813659668e+00
3.331440091133117676e-01,3.609967708587646484e+00
-5.854001268744468689e-02,1.866647243499755859e+00
5.767104625701904297e-01,1.874741196632385254e+00
6.240701675415039062e-01,2.507071018218994141e+00
-5.311790704727172852e-01,3.051679134368896484e+00
7.103636264801025391e-01,4.975622892379760742e-01
-8.102617263793945312e-01,2.836818933486938477e+00
6.607158184051513672e-01,5.502168655395507812e+00
-7.073193192481994629e-01,2.760904073715209961e+00
1.581877231597900391e+00,1.979298353195190430e+00
-1.155208125710487366e-01,2.694311141967773438e+00
1.403509497642517090e+00,1.992211461067199707e+00
1.628965258598327637e+00,1.796229124069213867e+00
8.890877962112426758e-01,6.780951023101806641e-01
1.506617426872253418e+00,1.474477052688598633e+00
-3.673664107918739319e-02,1.152368426322937012e+00
2.084368616342544556e-01,2.751585960388183594e+00
5.100179463624954224e-03,2.452586650848388672e+00
1.115741491317749023e+00,-2.218593209981918335e-01
8.594291806221008301e-01,3.251166343688964844e-01
-5.092644691467285156e-01,2.785648584365844727e+00
-5.080157518386840820e-01,1.482309937477111816e+00
1.389654397964477539e+00,1.453216671943664551e+00
-6.100935935974121094e-01,2.910655021667480469e+00
-1.704391837120056152e-01,2.053958892822265625e+00
-2.061900869011878967e-02,1.049105644226074219e+00
7.958045005798339844e-01,6.906154751777648926e-02
1.391060113906860352e+00,8.885777592658996582e-01
8.954107761383056641e-01,-5.251049995422363281e-03
1.040729522705078125e+00,3.217305660247802734e+00
-2.504456043243408203e-01,1.653332710266113281e+00
8.766892552375793457e-01,9.423810243606567383e-01
-2.051907032728195190e-01,1.349277019500732422e+00
-4.286408722400665283e-01,5.664075374603271484e+00
1.820958971977233887e+00,1.209244281053543091e-01
9.106190204620361328e-01,1.920841813087463379e+00
-4.332999512553215027e-02,3.345914125442504883e+00
-7.698847055435180664e-01,2.644603729248046875e+00
-9.287109225988388062e-02,3.304369926452636719e+00
-4.022184908390045166e-01,2.213636875152587891e+00
-4.961524531245231628e-02,2.508088588714599609e+00
-1.394887089729309082e+00,2.078150749206542969e+00
2.077962636947631836e+00,7.986336946487426758e-01
1.951870322227478027e-01,1.292464733123779297e+00
2.465231895446777344e+00,-3.077333569526672363e-01
2.716621570289134979e-02,8.176562786102294922e-01
-7.312099933624267578e-01,6.265838444232940674e-02
-6.784924268722534180e-01,2.266242027282714844e+00
-7.759503722190856934e-01,2.492661952972412109e+00
1.606143474578857422e+00,-1.495435684919357300e-01
-6.253474950790405273e-01,3.056474208831787109e+00
8.235692232847213745e-02,7.187409400939941406e-01
-1.234357595443725586e+00,2.238402605056762695e+00
8.442572355270385742e-01,1.125669121742248535e+00
-1.549482226371765137e+00,1.888450026512145996e+00
1.969041347503662109e+00,1.449524521827697754e+00
8.042689561843872070e-01,1.296190142631530762e+00
8.568656444549560547e-01,2.542410850524902344e+00
6.349393129348754883e-01,1.327553391456604004e+00
1.113306656479835510e-01,1.428970694541931152e+00
4.673370718955993652e-01,5.159396529197692871e-01
1.358113586902618408e-01,5.023218989372253418e-01
1.859513044357299805e+00,2.225438207387924194e-01
7.802309393882751465e-01,1.083922624588012695e+00
1.033680677413940430e+00,3.541339635848999023e+00
1.175421237945556641e+00,8.393351733684539795e-02
-5.854001268744468689e-02,1.866647243499755859e+00
1.142832875251770020e+00,7.707080841064453125e-01
2.171182632446289062e+00,1.310235261917114258e+00
-1.056797981262207031e+00,2.328447818756103516e+00
1.142595767974853516e+00,1.503389477729797363e+00
7.808951139450073242e-01,1.254585981369018555e+00
6.781364232301712036e-02,3.279530286788940430e+00
9.582090973854064941e-01,1.675915122032165527e+00
-1.654304862022399902e+00,1.804780840873718262e+00
1.146057695150375366e-01,1.120920896530151367e+00
-6.155514121055603027e-01,1.790395379066467285e+00
-1.300902804359793663e-03,5.386794209480285645e-01
-1.920851618051528931e-01,1.353016138076782227e+00
8.568656444549560547e-01,2.542410850524902344e+00
-6.563814282417297363e-01,2.308093309402465820e+00
6.380631923675537109e-01,1.893005371093750000e+00
3.057238101959228516e+00,9.524824619293212891e-01
1.574793338775634766e+00,2.314279079437255859e+00
1.067394733428955078e+00,8.918706178665161133e-01
1.005078911781311035e+00,1.842653989791870117e+00
-7.387724518775939941e-01,2.461865901947021484e+00
1.103018641471862793e+00,1.365123867988586426e+00
-9.079594612121582031e-01,2.549374818801879883e+00
-1.004782319068908691e+00,2.617134571075439453e+00
-7.090963125228881836e-01,1.946304321289062500e+00
2.349783658981323242e+00,1.532599210739135742e+00
-6.852653622627258301e-01,1.136696100234985352e+00
-9.230409860610961914e-01,1.547965645790100098e+00
-2.325316965579986572e-01,1.439038515090942383e+00
7.426036000251770020e-01,5.935592651367187500e-01
-2.209410071372985840e-01,2.293229103088378906e+00
6.623197197914123535e-01,9.656748175621032715e-01
1.524084329605102539e+00,3.990362882614135742e+00
