7.933988571166992188e-01,-8.431895375251770020e-01
7.742592096328735352e-01,-1.193358182907104492e+00
-9.970210790634155273e-01,8.847150206565856934e-02
-1.154069423675537109e+00,3.465824574232101440e-02
-7.971738278865814209e-02,-7.752324938774108887e-01
-1.060703754425048828e+00,2.421474009752273560e-01
1.156793355941772461e+00,4.449771642684936523e-01
3.245497345924377441e-01,5.875426530838012695e-01
-1.002706646919250488e+00,-1.146287322044372559e+00
-8.818252086639404297e-01,-1.483010172843933105e+00
-9.972550868988037109e-01,2.866803109645843506e-01
1.313881397247314453e+00,-1.926795482635498047e+00
-1.820460557937622070e-01,-9.179976582527160645e-02
3.825919628143310547e-01,-7.556310892105102539e-01
-1.001267790794372559e+00,1.329344213008880615e-01
-6.726311147212982178e-02,5.396192669868469238e-01
-1.076366901397705078e+00,1.006385385990142822e-01
-2.709186673164367676e-01,2.887431979179382324e-01
6.802995502948760986e-02,-8.690231442451477051e-01
2.176621198654174805e+00,-2.743251994252204895e-02
-5.858787149190902710e-02,-1.377335935831069946e-01
8.421250581741333008e-01,-1.547612786293029785e+00
3.774842619895935059e-01,1.350868493318557739e-01
-1.082989692687988281e+00,-1.203140020370483398e+00
2.192983627319335938e+00,-7.936878204345703125e-01
2.666310071945190430e+00,3.974405527114868164e+00
9.161832332611083984e-01,-1.661300659179687500e+00
-9.675257205963134766e-01,2.473131865262985229e-01
-3.362978994846343994e-02,2.703044116497039795e-01
2.660229802131652832e-01,-6.481998562812805176e-01
4.348895847797393799e-01,-3.787014484405517578e-01
-2.518752098083496094e+00,5.969312787055969238e-01
5.775263309478759766e-01,1.957387328147888184e-01
-9.796694517135620117e-01,1.949862241744995117e-01
2.260084152221679688e+00,-6.825699806213378906e-01
-1.697203516960144043e+00,2.691356241703033447e-01
2.257810533046722412e-01,-8.001636862754821777e-01
-1.512618064880371094e-01,6.944848299026489258e-01
3.734038025140762329e-02,-2.308685779571533203e+00
2.817990779876708984e-01,-6.223737001419067383e-01
1.142767220735549927e-01,-1.831947445869445801e+00
-1.063798785209655762e+00,3.336638212203979492e-02
3.726460933685302734e-01,1.991349339485168457e+00
3.699763119220733643e-01,-2.461888313293457031e+00
4.357391893863677979e-01,1.231152862310409546e-01
4.277667045593261719e+00,-2.208281278610229492e+00
2.474733591079711914e-01,-6.419127583503723145e-01
1.442578792572021484e+00,3.791193366050720215e-01
-9.659198522567749023e-01,-2.212975978851318359e+00
1.600330948829650879e+00,3.106184303760528564e-01
4.809727966785430908e-01,-5.631064772605895996e-01
2.865472733974456787e-01,9.606909751892089844e-02
6.008614301681518555e-01,-1.447330474853515625e+00
-2.151976346969604492e+00,3.670512437820434570e-01
1.185169816017150879e+00,-8.041160702705383301e-01
-3.664587810635566711e-02,-1.775822401046752930e+00
4.036031663417816162e-01,-1.254875421524047852e+00
6.449581384658813477e-01,-7.801734209060668945e-01
-4.778562784194946289e-01,-3.375684916973114014e-01
1.310860395431518555e+00,-1.256644248962402344e+00
-7.214483618736267090e-02,5.297803282737731934e-01
8.571834564208984375e-01,-2.848767638206481934e-01
-8.955559730529785156e-01,3.479021042585372925e-02
-9.725753068923950195e-01,4.901263415813446045e-01
-1.077672719955444336e+00,-4.817225337028503418e-01
2.923397064208984375e+00,1.635409235954284668e+00
-8.688048124313354492e-01,3.774396777153015137e-01
1.959456086158752441e+00,1.011723875999450684e-01
2.934470415115356445e+00,-1.833132982254028320e+00
3.567387461662292480e-01,-5.417241454124450684e-01
3.945074081420898438e-01,-1.868687510490417480e+00
3.580400049686431885e-01,-1.026474595069885254e+00
5.596492290496826172e-01,-7.142164111137390137e-01
-6.708117723464965820e-01,-1.580788344144821167e-01
1.142767220735549927e-01,-1.831947445869445801e+00
-3.148272633552551270e-02,-3.035369873046875000e+00
6.103018522262573242e-01,-4.134960770606994629e-01
-1.038597822189331055e+00,2.787624597549438477e-01
-2.985585629940032959e-01,5.294274091720581055e-01
2.626921236515045166e-01,-2.703252732753753662e-01
-1.643845587968826294e-01,-1.227022856473922729e-01
1.069757938385009766e+00,-3.612763881683349609e+00
-1.769317150115966797e+00,1.598021239042282104e-01
9.181169271469116211e-01,-1.926528573036193848e+00
1.286430239677429199e+00,3.488051295280456543e-01
-8.851295709609985352e-01,3.574162423610687256e-01
2.701106667518615723e-01,3.362891972064971924e-01
-3.234716653823852539e-01,-2.639453411102294922e-01
-9.259883165359497070e-01,7.016285061836242676e-01
-9.215379953384399414e-01,3.550986647605895996e-01
2.888868093490600586e+00,-6.052885651588439941e-01
5.024225711822509766e-01,-3.538703322410583496e-01
1.056636691093444824e+00,7.983047962188720703e-01
7.641159296035766602e-01,-1.445699781179428101e-01
1.917602270841598511e-01,-9.470590949058532715e-02
5.162227630615234375e+00,2.773293495178222656e+00
1.168561220169067383e+00,3.306235373020172119e-01
6.578987836837768555e-01,-1.626316547393798828e+00
1.664359420537948608e-01,-2.675575494766235352e+00
2.302491188049316406e+00,-3.823973834514617920e-01
-5.285747647285461426e-01,-3.397178277373313904e-02
7.639459371566772461e-01,-1.620294213294982910e+00
4.065232753753662109e+00,1.230696558952331543e+00
8.320729732513427734e-01,-2.042863845825195312e+00
-2.071028500795364380e-01,-4.290732443332672119e-01
-8.978459835052490234e-01,1.175484806299209595e-01
5.273493528366088867e-01,-7.484620213508605957e-01
-5.188966989517211914e-01,-1.398907542228698730e+00
4.796186387538909912e-01,-7.169510126113891602e-01
-1.537449806928634644e-01,6.005439162254333496e-01
3.464316368103027344e+00,2.082241296768188477e+00
2.471056580543518066e-02,2.099755406379699707e-01
5.762337446212768555e-01,-5.980374813079833984e-01
-1.745151877403259277e-01,-2.663254976272583008e+00
5.214673280715942383e-01,2.613305449485778809e-01
1.799170613288879395e+00,-6.682547926902770996e-01
-2.191843688488006592e-01,-2.041920125484466553e-01
1.339716672897338867e+00,-1.575105309486389160e+00
-2.094498574733734131e-01,-2.714097201824188232e-01
2.386116981506347656e+00,-3.100782930850982666e-01
-6.435428559780120850e-02,-7.956020236015319824e-01
2.116336077451705933e-01,3.114249467849731445e+00
-1.062458395957946777e+00,3.920302391052246094e-01
3.516955971717834473e-01,-2.493938446044921875e+00
-1.765228360891342163e-01,3.017264977097511292e-02
1.052248239517211914e+00,-1.799008369445800781e+00
-8.707914501428604126e-02,3.938494920730590820e-01
-1.951200604438781738e+00,-5.598941802978515625e+00
1.632618904113769531e-01,6.384655237197875977e-01
-2.396436929702758789e-01,3.587424755096435547e-03
6.085431575775146484e-01,-2.347031116485595703e+00
-1.029659152030944824e+00,5.759636163711547852e-01
7.426764965057373047e-01,-1.109731674194335938e+00
-1.665806055068969727e+00,-8.618071675300598145e-01
4.107661545276641846e-01,1.566336154937744141e-01
3.196200370788574219e+00,8.540758490562438965e-01
-8.220719099044799805e-01,-7.810217142105102539e-01
-2.591793537139892578e-01,2.321261614561080933e-01
6.451693773269653320e-01,-2.916150093078613281e+00
-2.345376014709472656e+00,3.861941695213317871e-01
-1.066808104515075684e+00,1.543806046247482300e-01
1.286430239677429199e+00,3.488051295280456543e-01
1.612668782472610474e-01,1.435655236244201660e+00
-5.066158771514892578e-01,1.181299686431884766e-01
3.572643518447875977e+00,2.881935119628906250e+00
-1.063798785209655762e+00,3.336638212203979492e-02
-1.070775270462036133e+00,-3.905754983425140381e-01
-9.972550868988037109e-01,2.866803109645843506e-01
-9.996824264526367188e-01,7.458133995532989502e-02
1.438857793807983398e+00,-1.107314705848693848e+00
8.707709312438964844e-01,-1.699769854545593262e+00
-6.429206132888793945e-01,1.782250106334686279e-01
2.810124754905700684e-01,2.785909175872802734e-01
-9.947190061211585999e-03,-5.017052888870239258e-01
-9.653267860412597656e-01,2.403266280889511108e-01
-1.017479658126831055e+00,6.098913401365280151e-02
1.261392235755920410e+00,-5.014616847038269043e-01
-1.797374010086059570e+00,2.133743613958358765e-01
2.105660200119018555e+00,1.025491714477539062e+00
2.112136125564575195e+00,-2.140362262725830078e+00
2.541297674179077148e+00,1.027069091796875000e+00
1.703092008829116821e-01,2.816644012928009033e-01
8.275017738342285156e-01,-1.928578257560729980e+00
-5.160208344459533691e-01,1.767197400331497192e-01
-8.941705226898193359e-01,-8.412565588951110840e-01
3.044696152210235596e-01,2.183568328619003296e-01
1.421611607074737549e-01,-8.973092436790466309e-01
-8.916809558868408203e-01,4.334591627120971680e-01
1.373291134834289551e+00,-1.232187509536743164e+00
1.883921146392822266e+00,2.881722211837768555e+00
-9.138395786285400391e-01,6.269272416830062866e-03
7.296590805053710938e-01,-1.094639420509338379e+00
2.316546440124511719e+00,-3.550854206085205078e+00
1.127530097961425781e+00,3.111443296074867249e-02
-8.721178770065307617e-01,-5.834070965647697449e-02
3.304581046104431152e-01,-3.354017972946166992e+00
1.718797087669372559e-01,2.139713048934936523e+00
5.797624588012695312e-01,-1.986302256584167480e+00
-6.708117723464965820e-01,-1.580788344144821167e-01
1.380531430244445801e+00,1.928183317184448242e+00
-3.543591201305389404e-01,6.249646097421646118e-02
-9.480249881744384766e-01,4.697906672954559326e-01
2.569094672799110413e-02,-9.301599860191345215e-01
6.276708841323852539e-01,-8.467524647712707520e-01
-9.409136772155761719e-01,6.883455514907836914e-01
-2.136849403381347656e+00,-7.096064686775207520e-01
-5.679860115051269531e-01,-1.386457800865173340e+00
-1.645699024200439453e+00,-3.995199799537658691e-01
-8.565796613693237305e-01,3.061968982219696045e-01
-9.123973846435546875e-01,6.940353512763977051e-01
-9.799387454986572266e-01,-4.526207447052001953e-01
-6.299114227294921875e-01,-1.206716537475585938e+00
3.475790321826934814e-01,-4.375582337379455566e-01
1.364263772964477539e+00,-2.117022275924682617e-01
1.364263772964477539e+00,-2.117022275924682617e-01
-1.784238576889038086e+00,2.357451319694519043e-01
3.115533292293548584e-01,-1.729808330535888672e+00
8.446093797683715820e-01,-1.503338456153869629e+00
-7.528215646743774414e-01,-1.342935562133789062e+00
-5.748904868960380554e-02,-1.571381926536560059e+00
1.328703403472900391e+00,1.641685366630554199e-01
4.630343019962310791e-01,5.612890720367431641e-01
-1.033007383346557617e+00,2.705485522747039795e-01
3.113259553909301758e+00,1.257468819618225098e+00
7.809948921203613281e-02,3.961431086063385010e-01
1.178838729858398438e+00,-2.488522231578826904e-01
-9.312882423400878906e-01,2.654381990432739258e-01
-2.832618057727813721e-01,-1.528559803962707520e+00
-2.543056964874267578e+00,4.329144656658172607e-01
-5.297892093658447266e-01,1.555295586585998535e+00
-4.722083508968353271e-01,2.292117625474929810e-01
-4.194911718368530273e-01,3.248444199562072754e-01
7.211049795150756836e-01,-8.958509564399719238e-01
4.377814531326293945e-01,1.431757584214210510e-02
-7.443045377731323242e-01,-3.727603256702423096e-01
5.855599641799926758e-01,-8.268254399299621582e-01
-4.578496217727661133e-01,-1.570787280797958374e-01
1.568337082862854004e+00,-3.179711699485778809e-01
6.304651498794555664e-01,-5.589430332183837891e-01
6.561670303344726562e-01,-1.768148303031921387e+00
-3.244314491748809814e-01,-1.974021792411804199e+00
7.801052182912826538e-02,2.209647744894027710e-01
-6.243557929992675781e-01,-1.367183476686477661e-01
2.125080108642578125e+00,3.152114152908325195e-01
1.474363088607788086e+00,1.213448286056518555e+00
6.755664199590682983e-02,-1.086637377738952637e+00
-8.359949588775634766e-01,-4.362282529473304749e-02
1.203916907310485840e+00,3.411431312561035156e+00
-3.790861666202545166e-01,7.302796840667724609e-02
-1.609797775745391846e-01,-6.393051147460937500e-02
-5.877104997634887695e-01,1.429271996021270752e-01
6.654878854751586914e-01,-1.537446379661560059e+00
-1.895294785499572754e-01,1.448873728513717651e-01
-1.078200578689575195e+00,-8.997026085853576660e-02
4.311126768589019775e-01,8.989308476448059082e-01
-6.470324844121932983e-02,-2.741288542747497559e-01
-3.198716789484024048e-03,-1.776180267333984375e-01
9.045528173446655273e-01,-8.741590380668640137e-01
-8.542519807815551758e-01,5.324886441230773926e-01
-3.249840140342712402e-01,2.415041476488113403e-01
-2.872732877731323242e-01,5.996896624565124512e-01
-9.453935623168945312e-01,4.980366230010986328e-01
-6.597098112106323242e-01,4.909716248512268066e-01
1.223166659474372864e-02,-1.403908491134643555e+00
-1.141577482223510742e+00,-6.599477529525756836e-01
5.439051389694213867e-01,1.879899501800537109e+00
-9.743487834930419922e-01,3.935925960540771484e-01
-5.111603438854217529e-02,-6.528893709182739258e-01
-1.969002842903137207e+00,1.744590699672698975e-01
-3.337210714817047119e-01,-2.052675962448120117e+00
-7.823567390441894531e-01,5.913621783256530762e-01
-9.797543287277221680e-01,5.029163360595703125e-01
-8.565796613693237305e-01,3.061968982219696045e-01
-8.381677865982055664e-01,-1.637687206268310547e+00
-3.339168131351470947e-01,-2.015744924545288086e+00
-9.919428825378417969e-01,2.786985039710998535e-01
-2.424430131912231445e+00,-7.021895647048950195e-01
-2.686839103698730469e-01,3.298777341842651367e-01
-1.072526693344116211e+00,3.417377471923828125e-01
1.766638994216918945e+00,-7.018027901649475098e-01
3.486167490482330322e-01,8.610974252223968506e-02
-1.013664007186889648e+00,7.905535399913787842e-02
3.489322960376739502e-01,-3.352968990802764893e-01
-1.066022753715515137e+00,2.537832856178283691e-01
3.424314260482788086e+00,1.941598504781723022e-01
-6.787198781967163086e-01,-3.087071180343627930e-01
-6.623914241790771484e-01,-1.782354474067687988e+00
-9.673477411270141602e-01,2.911187708377838135e-01
2.149242758750915527e-01,-9.376323223114013672e-02
3.826161026954650879e-01,-1.057378172874450684e+00
1.088304281234741211e+00,-2.063546895980834961e+00
-7.677048444747924805e-01,-2.048477172851562500e+00
4.951103031635284424e-01,-3.916187763214111328e+00
-9.382444620132446289e-01,2.687501609325408936e-01
1.096297502517700195e+00,4.159789979457855225e-01
2.889711558818817139e-01,-5.992465615272521973e-01
1.586623430252075195e+00,-4.134528160095214844e+00
2.047340720891952515e-01,-5.146943330764770508e-01
-9.989199638366699219e-01,6.742410659790039062e-01
-5.084773302078247070e-01,1.060762852430343628e-01
-2.121533453464508057e-01,-1.129570841789245605e+00
-1.001067161560058594e+00,5.201456546783447266e-01
-8.070429563522338867e-01,-1.558042526245117188e+00
3.425863087177276611e-01,-1.082814216613769531e+00
5.687701702117919922e-01,-1.740886211395263672e+00
4.200001060962677002e-01,-2.837518155574798584e-01
-1.762962490320205688e-01,-1.449683457612991333e-01
5.702694654464721680e-01,-4.811554551124572754e-01
-2.037717819213867188e+00,4.835189282894134521e-01
-7.655264139175415039e-01,3.452824354171752930e-01
1.023592233657836914e+00,-1.507207512855529785e+00
1.591333985328674316e+00,-4.263959825038909912e-01
1.854467511177062988e+00,4.364869892597198486e-01
2.829263687133789062e+00,-5.284495353698730469e-01
-1.077608823776245117e+00,1.933615952730178833e-01
-8.381259441375732422e-01,-4.220224320888519287e-01
7.241142988204956055e-01,-8.716758489608764648e-01
1.013882517814636230e+00,2.100015878677368164e-01
1.353390216827392578e+00,-2.057856082916259766e+00
-1.137844443321228027e+00,-6.769552230834960938e-01
-5.478842556476593018e-02,-1.889852285385131836e+00
1.792026907205581665e-01,2.562776505947113037e-01
9.306273460388183594e-01,-2.002863645553588867e+00
-6.156324148178100586e-01,1.128245592117309570e-01
1.027660518884658813e-01,-1.343744277954101562e+00
-9.987895488739013672e-01,3.238707482814788818e-01
1.394268631935119629e+00,-5.421230196952819824e-01
-1.147786304354667664e-01,-2.584314048290252686e-01
-9.638789892196655273e-01,5.194846168160438538e-02
-5.198134183883666992e-01,-2.108346670866012573e-01
1.273907124996185303e-01,-8.886525630950927734e-01
-1.011185526847839355e+00,2.698876336216926575e-02
-1.048726677894592285e+00,6.074265390634536743e-02
3.512105941772460938e+00,-7.092354893684387207e-01
-1.056463003158569336e+00,1.286119967699050903e-01
1.083130121231079102e+00,1.282688260078430176e+00
-4.195393621921539307e-02,-1.884020566940307617e+00
-4.607241153717041016e-01,-4.464499652385711670e-01
4.297104179859161377e-01,-8.255160450935363770e-01
1.902212738990783691e+00,6.804391741752624512e-01
2.988813221454620361e-01,-9.405702352523803711e-01
2.150299549102783203e+00,-2.625425457954406738e-01
-3.695301413536071777e-01,6.085129976272583008e-01
-1.256061434745788574e+00,-2.069873094558715820e+00
-3.224952220916748047e-01,-1.259083867073059082e+00
4.002923369407653809e-01,-1.159552812576293945e+00
-1.129605770111083984e+00,-3.381170034408569336e-01
2.108216285705566406e+00,-1.241515576839447021e-01
1.061298549175262451e-01,-8.852763473987579346e-02
9.878656864166259766e-01,4.505927860736846924e-01
9.067518711090087891e-01,7.213870286941528320e-01
-2.811316549777984619e-01,6.869906783103942871e-01
-2.118319272994995117e+00,5.066530704498291016e-01
5.775263309478759766e-01,1.957387328147888184e-01
4.011194705963134766e-01,6.711179614067077637e-01
8.717160224914550781e-01,-1.055981874465942383e+00
1.989974379539489746e+00,8.634346127510070801e-01
-9.807878732681274414e-01,3.532528877258300781e-01
-8.830689191818237305e-01,-1.144614458084106445e+00
-7.945481538772583008e-01,-2.692332565784454346e-01
3.559757471084594727e+00,3.627659559249877930e+00
-9.817957878112792969e-01,6.739997863769531250e-01
-1.164616495370864868e-01,-2.769775316119194031e-02
-9.778852462768554688e-01,2.268528938293457031e-01
-9.390155076980590820e-01,6.431052088737487793e-02
-7.674955129623413086e-01,-2.528309345245361328e+00
-8.659501075744628906e-01,-7.245911657810211182e-02
-4.835825562477111816e-01,3.005846023559570312e+00
1.138622313737869263e-01,-1.381222248077392578e+00
-2.132791280746459961e+00,-4.083908498287200928e-01
1.155231595039367676e+00,-1.651288509368896484e+00
-4.049203097820281982e-01,1.270091235637664795e-01
-1.117820501327514648e+00,-4.216910600662231445e-01
5.386244058609008789e-01,-2.446378469467163086e-01
-2.434508353471755981e-01,1.454195022583007812e+00
3.539414882659912109e+00,1.436664223670959473e+00
2.203196287155151367e+00,-1.017376899719238281e+00
-1.307425498962402344e-01,-1.543481349945068359e-01
-1.675975024700164795e-01,-1.464419841766357422e+00
-1.254521012306213379e+00,-2.380620956420898438e+00
1.301653832197189331e-01,-2.531941652297973633e+00
1.586623430252075195e+00,-4.134528160095214844e+00
-2.403348684310913086e-01,-4.726138114929199219e-01
-9.109209477901458740e-02,-3.639819622039794922e-01
7.776402235031127930e-01,-7.720002532005310059e-01
2.505465030670166016e+00,-6.482940912246704102e-02
-1.057945609092712402e+00,2.611125707626342773e-01
1.099362969398498535e-01,-1.389533281326293945e+00
-5.205131173133850098e-01,-2.268288284540176392e-03
-4.030784666538238525e-01,5.635068416595458984e-01
1.161202311515808105e+00,1.878537416458129883e+00
8.459863662719726562e-01,-1.435810700058937073e-02
-1.164616495370864868e-01,-2.769775316119194031e-02
7.147740125656127930e-01,-8.207674026489257812e-01
1.605517148971557617e+00,8.139321804046630859e-01
1.553355813026428223e+00,2.803780794143676758e+00
-9.143785238265991211e-01,4.295562803745269775e-01
8.015799522399902344e-01,-1.104204535484313965e+00
-3.234585821628570557e-01,-3.362175524234771729e-01
-2.627924680709838867e-01,2.688708007335662842e-01
1.881368398666381836e+00,6.941183209419250488e-01
-8.564825057983398438e-01,4.143438637256622314e-01
-2.951099157333374023e+00,-7.832542061805725098e-02
-9.907121658325195312e-01,2.211383730173110962e-01
-1.077672719955444336e+00,-4.817225337028503418e-01
-2.052078098058700562e-01,-7.507947087287902832e-02
-9.423328638076782227e-01,6.131105422973632812e-01
-1.054152369499206543e+00,1.491260081529617310e-01
9.886308908462524414e-01,3.735334426164627075e-02
4.989419877529144287e-01,-2.229054450988769531e+00
1.198372244834899902e+00,-1.381272435188293457e+00
2.002306461334228516e+00,-3.570441484451293945e+00
1.826814532279968262e+00,-4.903470873832702637e-01
-1.007390975952148438e+00,-1.024977684020996094e+00
-1.210450887680053711e+00,-2.619496881961822510e-01
6.312549114227294922e-01,-4.444441199302673340e-01
-2.075186371803283691e-01,-1.648187339305877686e-01
1.902847170829772949e+00,-6.684873700141906738e-01
-1.373432874679565430e-01,-1.433546841144561768e-01
2.897047698497772217e-01,-8.440413475036621094e-01
-1.035358905792236328e+00,5.829805135726928711e-02
-1.840400844812393188e-01,1.436951160430908203e-01
-9.876800775527954102e-01,2.641363739967346191e-01
-2.387112751603126526e-02,2.446124792098999023e+00
1.595924854278564453e+00,-1.072540998458862305e+00
-9.653267860412597656e-01,2.403266280889511108e-01
-8.261809349060058594e-01,-2.042018622159957886e-02
4.492736756801605225e-01,3.149931132793426514e-01
1.590310692787170410e+00,-1.220441341400146484e+00
-1.463961720466613770e+00,-5.235813930630683899e-02
4.848402440547943115e-01,-8.590719103813171387e-01
-1.077608823776245117e+00,1.933615952730178833e-01
5.162227630615234375e+00,2.773293495178222656e+00
-8.910492658615112305e-01,-6.573528051376342773e-02
9.616786241531372070e-02,-4.247435092926025391e+00
1.332974880933761597e-01,5.852406620979309082e-01
5.603221654891967773e-01,-1.376979231834411621e+00
1.113665699958801270e+00,6.734324097633361816e-01
-1.042870640754699707e+00,1.778978705406188965e-01
-3.769104778766632080e-01,4.775074422359466553e-01
-9.782176017761230469e-01,3.998837172985076904e-01
1.835338950157165527e+00,-3.138268232345581055e+00
-6.160829216241836548e-03,3.284884989261627197e-02
-1.719913482666015625e-01,2.712004184722900391e+00
-8.553501218557357788e-02,-1.468649268150329590e+00
-1.413872003555297852e+00,3.182068169116973877e-01
-5.530821084976196289e-01,-6.977362632751464844e-01
-2.172150611877441406e+00,-1.989341616630554199e+00
-3.686347007751464844e-01,1.073067039251327515e-01
-1.815541625022888184e+00,-2.514033079147338867e+00
-1.799151301383972168e+00,3.027414977550506592e-01
1.759368181228637695e+00,-5.827991366386413574e-01
9.216984510421752930e-01,-1.370247006416320801e+00
-1.075703859329223633e+00,1.373558938503265381e-01
-3.908922374248504639e-01,-1.401882529258728027e+00
1.117686480283737183e-01,-2.330019950866699219e+00
2.717604398727416992e+00,-1.347368240356445312e+00
6.002302169799804688e-01,-1.165021777153015137e+00
-9.546961784362792969e-01,3.956026136875152588e-01
-5.772721767425537109e-01,-4.051623120903968811e-02
-2.627172470092773438e+00,4.094176888465881348e-01
3.455377340316772461e+00,-4.898103475570678711e-01
-1.174819350242614746e+00,-1.039584130048751831e-01
2.730694115161895752e-01,1.902951717376708984e+00
1.588344812393188477e+00,-6.254528760910034180e-01
1.305365681648254395e+00,-2.221874475479125977e+00
-9.888969659805297852e-01,3.379396498203277588e-01
-8.551290035247802734e-01,7.212417200207710266e-03
-2.123115062713623047e+00,5.023527145385742188e-01
-5.297935009002685547e-01,9.894841909408569336e-02
-6.872832775115966797e-01,-9.374552369117736816e-01
3.593969643115997314e-01,-7.071530222892761230e-01
-1.083111643791198730e+00,-7.461403608322143555e-01
-5.205131173133850098e-01,-2.268288284540176392e-03
-9.904930591583251953e-01,3.948225080966949463e-01
-1.000248670578002930e+00,7.461339235305786133e-01
3.796094655990600586e-01,-3.728160262107849121e-01
-1.098778963088989258e+00,1.525313407182693481e-01
2.073623657226562500e+00,-2.667287886142730713e-01
-6.225510835647583008e-01,9.119194746017456055e-02
5.573753118515014648e-01,-1.627836585044860840e+00
-1.067188978195190430e+00,2.025520056486129761e-01
1.148760318756103516e+00,-2.151595592498779297e+00
-2.398974746465682983e-01,-1.158860921859741211e-01
-2.181083858013153076e-01,3.202295601367950439e-01
-1.768715381622314453e+00,-2.092384546995162964e-01
-1.078447818756103516e+00,2.768983542919158936e-01
-1.101040482521057129e+00,-6.297928094863891602e-01
4.826125800609588623e-01,-1.349159359931945801e+00
-3.151366710662841797e+00,-3.100076317787170410e-01
2.327959060668945312e+00,-8.299364447593688965e-01
-2.013434171676635742e+00,4.385682642459869385e-01
-8.462793827056884766e-01,6.049263477325439453e-01
1.088363528251647949e+00,-2.241155862808227539e+00
-1.164299130439758301e+00,-3.555226698517799377e-02
1.530455112457275391e+00,1.052878141403198242e+00
1.579744696617126465e+00,6.590310335159301758e-01
-9.538322687149047852e-01,5.043231248855590820e-01
1.058509945869445801e+00,8.293825984001159668e-01
-2.316952496767044067e-01,-1.665368080139160156e-01
-5.301790237426757812e-01,4.805528521537780762e-01
1.747565031051635742e+00,-2.003454208374023438e+00
-9.620214700698852539e-01,1.575671285390853882e-01
8.105892688035964966e-02,-7.038265466690063477e-02
1.664359420537948608e-01,-2.675575494766235352e+00
-1.702008843421936035e-01,-1.053805500268936157e-01
1.805597990751266479e-01,-6.753052473068237305e-01
2.535379827022552490e-01,1.827274560928344727e+00
1.165716409683227539e+00,6.264347434043884277e-01
-9.661628007888793945e-01,5.791110917925834656e-02
9.203363656997680664e-01,-1.991761565208435059e+00
-1.901434659957885742e+00,1.408090889453887939e-01
-9.706357717514038086e-01,-1.146629095077514648e+00
2.952338457107543945e+00,5.658770203590393066e-01
-3.337364196777343750e-01,-6.146628856658935547e-01
-1.062220335006713867e+00,7.125741243362426758e-01
4.245835840702056885e-01,-6.840901374816894531e-01
1.473991632461547852e+00,-1.237287402153015137e+00
-1.702008843421936035e-01,-1.053805500268936157e-01
-1.883784770965576172e+00,-1.574787497520446777e-01
-9.345892667770385742e-01,-3.829707801342010498e-01
3.266995400190353394e-02,-1.973315358161926270e+00
3.336798191070556641e+00,-9.282672405242919922e-01
-1.856032013893127441e-01,-2.657594919204711914e+00
-1.606468677520751953e+00,-2.533988356590270996e-01
-3.007956743240356445e+00,2.582158744335174561e-01
-2.553467750549316406e+00,5.903486609458923340e-01
-2.274008840322494507e-01,3.097734153270721436e-01
1.038305044174194336e+00,-1.050333499908447266e+00
-1.649463325738906860e-01,-4.366031587123870850e-01
2.865472733974456787e-01,9.606909751892089844e-02
-5.283259749412536621e-01,2.612706720829010010e-01
2.104557454586029053e-01,2.524243295192718506e-01
-1.776699163019657135e-02,2.422317266464233398e+00
-1.170207858085632324e+00,-1.592414453625679016e-02
-1.027825832366943359e+00,2.438990920782089233e-01
2.532831430435180664e-01,4.279505014419555664e-01
-1.064123630523681641e+00,1.953652501106262207e-01
3.795300424098968506e-01,-1.135908722877502441e+00
-9.326891899108886719e-01,7.194016128778457642e-02
2.470089495182037354e-01,2.674219846725463867e+00
-1.939464926719665527e+00,1.995206624269485474e-01
-6.750420331954956055e-01,5.508779883384704590e-01
-1.537449806928634644e-01,6.005439162254333496e-01
1.690001606941223145e+00,1.061507463455200195e+00
1.141948223114013672e+00,-1.048312902450561523e+00
7.433196306228637695e-01,-2.919637858867645264e-01
-1.229751348495483398e+00,-5.505859255790710449e-01
-8.837171792984008789e-01,-1.299150288105010986e-02
-4.136862754821777344e-01,1.813886463642120361e-01
4.978729784488677979e-01,-7.660700380802154541e-02
9.089443683624267578e-01,-1.937746882438659668e+00
-3.592724502086639404e-01,-1.931019127368927002e-02
1.159238934516906738e+00,-1.125859379768371582e+00
-1.799151301383972168e+00,3.027414977550506592e-01
-8.580427169799804688e-01,4.431447684764862061e-01
9.817523956298828125e-01,-1.106132626533508301e+00
-6.173000335693359375e-01,4.316010698676109314e-02
-9.829260110855102539e-01,1.328744441270828247e-01
-1.089222073554992676e+00,2.895827405154705048e-02
-2.987494230270385742e+00,-5.150544643402099609e+00
7.978035211563110352e-01,-1.787856817245483398e+00
5.810344219207763672e-01,-7.836514711380004883e-01
-7.418985366821289062e-01,3.822835087776184082e-01
9.950752258300781250e-01,3.081399798393249512e-01
1.402142167091369629e+00,-2.559716939926147461e+00
5.687701702117919922e-01,-1.740886211395263672e+00
-1.001516461372375488e+00,1.282678991556167603e-01
-3.866801261901855469e-01,1.133222728967666626e-01
6.770160198211669922e-01,5.069863200187683105e-01
-2.567277848720550537e-01,-3.390496969223022461e-01
1.204261422157287598e+00,-2.530297040939331055e+00
2.889711558818817139e-01,-5.992465615272521973e-01
2.494249045848846436e-01,-1.023649930953979492e+00
-6.799138784408569336e-01,-9.172787666320800781e-01
-9.538322687149047852e-01,5.043231248855590820e-01
-8.935578167438507080e-02,6.044839024543762207e-01
1.718322634696960449e+00,3.542018890380859375e+00
-1.816743850708007812e+00,5.936378836631774902e-01
-3.259164988994598389e-01,-2.391442656517028809e-01
-1.036116629838943481e-01,4.753873348236083984e+00
2.379620075225830078e-01,-1.778575062751770020e+00
-1.598477005958557129e+00,-2.307141721248626709e-01
-4.210775494575500488e-01,6.123559474945068359e-01
-4.596220552921295166e-01,2.377979904413223267e-01
7.734553813934326172e-01,-4.375346302986145020e-01
3.464316368103027344e+00,2.082241296768188477e+00
1.934840917587280273e+00,6.559657454490661621e-01
-7.228881120681762695e-01,5.662906169891357422e-01
1.168561220169067383e+00,3.306235373020172119e-01
-2.423948943614959717e-01,1.742063835263252258e-02
-1.080513715744018555e+00,2.393195629119873047e-01
3.455377340316772461e+00,-4.898103475570678711e-01
-1.476774096488952637e+00,-1.174328923225402832e+00
4.371360540390014648e-01,-1.404235363006591797e+00
2.497503995895385742e+00,-2.989807426929473877e-01
-1.832905411720275879e-01,-1.533924788236618042e-01
2.851338148117065430e+00,-8.059209585189819336e-01
-2.158231735229492188e+00,3.849056065082550049e-01
6.466636657714843750e-01,-1.889139056205749512e+00
-4.679569303989410400e-01,-1.745557308197021484e+00
-1.062458395957946777e+00,3.920302391052246094e-01
-1.501578241586685181e-01,-2.567256391048431396e-01
4.896021187305450439e-01,-1.109563589096069336e+00
1.654960066080093384e-01,3.019978702068328857e-01
2.059241056442260742e+00,5.627412348985671997e-02
4.654428064823150635e-01,-6.159385442733764648e-01
-2.455292046070098877e-01,-1.517138183116912842e-01
-1.800024807453155518e-01,-3.148789107799530029e-01
1.708280086517333984e+00,-2.127994149923324585e-01
-1.761656403541564941e+00,8.431334793567657471e-02
1.267799258232116699e+00,-2.064514636993408203e+00
-9.739693403244018555e-01,3.079193830490112305e-01
-2.636568546295166016e-01,2.882438302040100098e-01
-1.008649230003356934e+00,4.625738263130187988e-01
-4.628113210201263428e-01,3.826389908790588379e-01
-4.210775494575500488e-01,6.123559474945068359e-01
-1.117820501327514648e+00,-4.216910600662231445e-01
1.866213977336883545e-01,1.788796298205852509e-02
-1.462475657463073730e+00,-1.366523206233978271e-01
4.371360540390014648e-01,-1.404235363006591797e+00
9.618972241878509521e-02,5.410737395286560059e-01
-1.960390806198120117e+00,1.281245648860931396e-01
-3.217717111110687256e-01,-6.996311247348785400e-02
-8.240408897399902344e-01,-1.995127275586128235e-02
-2.443909645080566406e-03,-1.886548399925231934e+00
-9.453935623168945312e-01,4.980366230010986328e-01
-8.663965016603469849e-02,2.241570651531219482e-01
2.836727499961853027e-01,-9.343111515045166016e-01
-1.018849968910217285e+00,1.036509573459625244e-01
-2.429047226905822754e-01,6.016210913658142090e-01
-9.485300779342651367e-01,1.907122135162353516e-01
8.866662979125976562e-01,-1.419607698917388916e-01
-1.017487287521362305e+00,2.133517265319824219e-01
-1.645699024200439453e+00,-3.995199799537658691e-01
6.688346862792968750e-01,-2.051366090774536133e+00
-8.620784282684326172e-01,-2.258415520191192627e-02
-1.064771175384521484e+00,-1.653299450874328613e+00
1.810912042856216431e-02,1.402824521064758301e+00
-5.208634138107299805e-01,-1.795202851295471191e+00
5.253223180770874023e-01,-6.765452027320861816e-02
-6.154129505157470703e-01,-1.190207004547119141e+00
-2.549225568771362305e+00,6.140795350074768066e-01
-9.819647073745727539e-01,2.216179668903350830e-02
-6.510050296783447266e-01,-7.638415098190307617e-01
1.302686333656311035e-02,1.681290388107299805e+00
1.265774846076965332e+00,6.594014763832092285e-01
3.470446169376373291e-01,1.133280396461486816e+00
1.133116245269775391e+00,-3.295772075653076172e+00
-1.089943528175354004e+00,-1.070934683084487915e-01
-6.360031366348266602e-01,-1.041171073913574219e+00
-8.978459835052490234e-01,1.175484806299209595e-01
6.171481609344482422e-01,2.210206508636474609e+00
3.878623962402343750e+00,-1.491565108299255371e+00
-1.769317150115966797e+00,1.598021239042282104e-01
-7.278771698474884033e-02,-3.307688474655151367e+00
1.329026222229003906e+00,5.251165032386779785e-01
5.456950664520263672e-01,-8.565582633018493652e-01
-1.030876874923706055e+00,7.099965810775756836e-01
8.717160224914550781e-01,-1.055981874465942383e+00
-4.240639880299568176e-02,4.843909442424774170e-01
-7.636568546295166016e-01,-1.536797046661376953e+00
3.029185831546783447e-01,-8.984069228172302246e-01
1.813318967819213867e+00,3.407386779785156250e+00
-9.112439155578613281e-01,4.202749133110046387e-01
3.666833341121673584e-01,-1.716426849365234375e+00
-3.086406588554382324e-01,6.133076548576354980e-01
9.120172262191772461e-02,4.610756039619445801e-01
-1.033845663070678711e+00,2.676966190338134766e-01
9.261823892593383789e-01,-8.286713361740112305e-01
1.272212862968444824e+00,-5.099446699023246765e-02
1.044775843620300293e+00,-1.020926952362060547e+00
9.406397342681884766e-01,-1.043691158294677734e+00
-2.190889269113540649e-01,-3.099369406700134277e-01
4.317303001880645752e-01,-4.443285167217254639e-01
1.951488733291625977e+00,1.473714947700500488e+00
-4.171386957168579102e-01,-2.354968547821044922e+00
2.596975564956665039e+00,9.554635882377624512e-01
-1.156527161598205566e+00,-4.852624610066413879e-02
7.358703613281250000e-01,5.535414218902587891e-01
-2.411554306745529175e-01,3.192507922649383545e-01
-5.559616088867187500e-01,-3.680883646011352539e-01
-9.384038448333740234e-01,7.768397927284240723e-01
1.429358482360839844e+00,-4.145857989788055420e-01
-1.815541625022888184e+00,-2.514033079147338867e+00
-4.196732044219970703e-01,-6.870268583297729492e-01
-1.744349360466003418e+00,-2.341666519641876221e-01
6.606310606002807617e-01,-2.521704912185668945e+00
6.983692646026611328e-01,-8.976881504058837891e-01
1.801686286926269531e+00,7.049481272697448730e-01
-3.246400058269500732e-01,6.426896154880523682e-02
1.203916907310485840e+00,3.411431312561035156e+00
1.564115434885025024e-01,-1.457671672105789185e-01
-6.858975887298583984e-01,7.206801772117614746e-01
-4.965350329875946045e-01,1.390633583068847656e-01
-1.218380212783813477e+00,-3.742628917098045349e-02
3.517817556858062744e-01,-5.165557265281677246e-01
9.398574829101562500e-01,-9.924562275409698486e-02
-8.462793827056884766e-01,6.049263477325439453e-01
-6.404227763414382935e-02,5.513324737548828125e-01
1.614515185356140137e+00,-4.692022204399108887e-01
6.236022710800170898e-01,-1.082334816455841064e-01
9.014732837677001953e-01,-2.104905128479003906e+00
-1.357671022415161133e-01,-1.641078472137451172e+00
3.514780104160308838e-01,2.491754852235317230e-02
-1.040097117424011230e+00,7.549925148487091064e-02
-9.158637523651123047e-01,2.154883891344070435e-01
-1.950589656829833984e+00,7.960643619298934937e-03
1.277580261230468750e+00,2.352612912654876709e-01
1.201396822929382324e+00,-9.981078505516052246e-01
1.237519025802612305e+00,2.650494813919067383e+00
-1.237729191780090332e-01,-6.409143209457397461e-01
-2.905029952526092529e-01,3.082707524299621582e-01
-3.985261917114257812e-01,-6.524590849876403809e-01
-9.978584051132202148e-01,-8.337768912315368652e-01
1.935387372970581055e+00,-1.777268171310424805e+00
7.211049795150756836e-01,-8.958509564399719238e-01
-4.466302096843719482e-01,-7.166934609413146973e-01
2.586933851242065430e+00,-2.518149137496948242e+00
-1.015270352363586426e+00,1.097019910812377930e-01
1.347842097282409668e+00,-2.399238109588623047e+00
-9.739395380020141602e-01,3.919563889503479004e-01
7.969888448715209961e-01,-1.495236039161682129e+00
-7.926584482192993164e-01,-7.075681090354919434e-01
1.212055087089538574e-01,-2.443602979183197021e-01
9.502904117107391357e-02,7.318347096443176270e-01
-8.540052175521850586e-01,-5.065200105309486389e-02
6.871316432952880859e-01,-7.511844635009765625e-01
-8.584449291229248047e-01,-3.429738059639930725e-02
-1.064771175384521484e+00,-1.653299450874328613e+00
7.642753124237060547e-01,-1.934259772300720215e+00
-8.896299600601196289e-01,3.803437352180480957e-01
-2.964515089988708496e-01,-2.036928087472915649e-01
-1.832379214465618134e-02,-6.633155941963195801e-01
5.550775527954101562e-01,3.187411427497863770e-01
-3.116957247257232666e-01,-4.963733628392219543e-02
-6.852290630340576172e-01,-1.200665116310119629e+00
-2.657486200332641602e-01,1.262667775154113770e-01
8.356820791959762573e-02,-4.555385410785675049e-01
-6.939072906970977783e-02,-1.768946170806884766e+00
1.512181013822555542e-02,-1.075180023908615112e-01
-5.508673191070556641e-01,3.991107940673828125e-01
-1.089223384857177734e+00,6.864445656538009644e-02
-2.733261585235595703e-01,2.512967213988304138e-02
2.527709901332855225e-01,-4.528817534446716309e-01
8.248363733291625977e-01,-6.769257783889770508e-01
-3.856136500835418701e-01,2.567243576049804688e+00
3.559560775756835938e+00,-1.976315528154373169e-01
-1.002891898155212402e+00,1.986893266439437866e-01
2.081896066665649414e-01,-5.131465196609497070e-01
2.203738987445831299e-01,-8.288256525993347168e-01
-1.453769654035568237e-01,-3.242948651313781738e-01
-8.953693509101867676e-02,4.486753642559051514e-01
3.115533292293548584e-01,-1.729808330535888672e+00
-4.866039752960205078e-02,1.126298606395721436e-01
-1.005097985267639160e+00,3.973286598920822144e-03
-1.080513715744018555e+00,2.393195629119873047e-01
3.631623685359954834e-01,7.560012340545654297e-01
-9.419655799865722656e-01,4.627769589424133301e-01
-3.524513006210327148e+00,1.250937104225158691e+00
-1.574125409126281738e+00,-4.199541509151458740e-01
-9.874802827835083008e-01,1.568303853273391724e-01
1.093112826347351074e+00,6.644151210784912109e-01
8.690694570541381836e-01,1.332931756973266602e+00
4.989287555217742920e-01,-1.303225278854370117e+00
-9.782176017761230469e-01,3.998837172985076904e-01
1.708280086517333984e+00,-2.127994149923324585e-01
-9.426269531250000000e-01,6.363437175750732422e-01
4.807193577289581299e-01,5.146415531635284424e-02
3.649033904075622559e-01,-2.825424373149871826e-01
2.338505983352661133e+00,-5.342454910278320312e-01
-9.620214700698852539e-01,1.575671285390853882e-01
-9.715782403945922852e-01,3.190973103046417236e-01
-1.720725655555725098e+00,2.927811071276664734e-02
9.246206283569335938e-01,-2.241816759109497070e+00
-1.054898619651794434e+00,-8.367462158203125000e-01
7.301340103149414062e-01,-9.289699792861938477e-01
-2.172150611877441406e+00,-1.989341616630554199e+00
-1.218628048896789551e+00,-3.566529154777526855e-01
-2.517031192779541016e+00,-1.621030807495117188e+00
-8.675578832626342773e-01,-1.909211277961730957e-02
6.890447139739990234e-01,-1.341988682746887207e+00
8.139884471893310547e-01,-1.540037989616394043e+00
-1.118335127830505371e-01,-1.315071582794189453e-01
-1.642770022153854370e-01,-2.334394752979278564e-01
5.300470441579818726e-02,-8.107236027717590332e-01
1.109640955924987793e+00,-2.124211788177490234e+00
-1.800024807453155518e-01,-3.148789107799530029e-01
-2.144813537597656250e+00,-3.560619950294494629e-01
-4.236200749874114990e-01,1.965512037277221680e+00
7.682000398635864258e-01,-6.627693772315979004e-01
-1.291141271591186523e+00,-2.242161333560943604e-01
1.420069038867950439e-01,-8.012998104095458984e-01
-1.720725655555725098e+00,2.927811071276664734e-02
2.494249045848846436e-01,-1.023649930953979492e+00
-2.844209074974060059e-01,-4.555539488792419434e-01
6.831426620483398438e-01,-6.031361818313598633e-01
6.654878854751586914e-01,-1.537446379661560059e+00
-1.233340054750442505e-01,-1.303625941276550293e+00
-1.813429594039916992e+00,-1.814299106597900391e+00
1.013882517814636230e+00,2.100015878677368164e-01
2.260084152221679688e+00,-6.825699806213378906e-01
7.914921045303344727e-01,-7.727731466293334961e-01
1.341161012649536133e+00,2.686335563659667969e+00
-3.440117597579956055e+00,-9.434924125671386719e-01
2.204247415065765381e-01,-9.402745366096496582e-01
3.087730407714843750e-01,1.202016323804855347e-01
1.216108560562133789e+00,-1.157876700162887573e-01
-9.004225730895996094e-01,4.634047746658325195e-01
1.167316436767578125e+00,5.001257061958312988e-01
-2.759162187576293945e-01,3.556727170944213867e-01
-6.712321043014526367e-01,-1.163995116949081421e-01
6.229927539825439453e-01,-5.422988533973693848e-01
4.839794337749481201e-01,2.559976100921630859e+00
1.078356504440307617e+00,-8.975149989128112793e-01
-1.651813983917236328e+00,-5.056291222572326660e-01
-1.070743799209594727e+00,3.937841355800628662e-01
9.067518711090087891e-01,7.213870286941528320e-01
2.839216887950897217e-01,-9.372113347053527832e-01
-3.985261917114257812e-01,-6.524590849876403809e-01
2.903275489807128906e-01,-1.110700964927673340e+00
-8.626050949096679688e-01,4.127522408962249756e-01
8.931951522827148438e-01,-1.220370888710021973e+00
-2.043543756008148193e-02,5.363774895668029785e-01
-1.272488474845886230e+00,-1.067897200584411621e+00
-2.601677179336547852e-01,-1.746355295181274414e-01
4.045453071594238281e-01,-1.141796708106994629e+00
-1.151024460792541504e+00,6.436771154403686523e-02
-1.704877056181430817e-02,-1.731362104415893555e+00
-3.515751063823699951e-01,-1.464990615844726562e+00
5.077730417251586914e-01,-1.908320903778076172e+00
-1.073484539985656738e+00,-1.860922202467918396e-02
1.161216616630554199e+00,4.297029972076416016e-01
-7.035928964614868164e-02,-1.647266864776611328e+00
2.659998238086700439e-01,-7.834748029708862305e-01
1.302686333656311035e-02,1.681290388107299805e+00
-1.225212812423706055e+00,-1.055184006690979004e+00
7.866731882095336914e-01,-1.350660324096679688e+00
2.748278379440307617e-01,-1.011262536048889160e+00
-4.627749696373939514e-02,1.502859741449356079e-01
-1.274361610412597656e-01,-4.341640770435333252e-01
-9.525876045227050781e-01,4.448681771755218506e-01
9.261256456375122070e-02,-1.456264734268188477e+00
7.241142988204956055e-01,-8.716758489608764648e-01
3.953837752342224121e-01,3.007735610008239746e-01
1.326963901519775391e+00,4.724818468093872070e-01
1.318291783332824707e+00,1.578997492790222168e+00
-3.758804202079772949e-01,-9.251447916030883789e-01
8.371524810791015625e-01,1.761988043785095215e+00
-1.044536590576171875e+00,9.097364544868469238e-02
1.687641382217407227e+00,-2.610961198806762695e+00
2.513343095779418945e-01,-2.002230659127235413e-02
-1.061220407485961914e+00,6.653466224670410156e-01
1.427795588970184326e-01,-2.333107590675354004e-02
2.952338457107543945e+00,5.658770203590393066e-01
3.613991141319274902e-01,-6.367945671081542969e-01
-4.679569303989410400e-01,-1.745557308197021484e+00
-1.027282834053039551e+00,6.216515898704528809e-01
9.793756902217864990e-02,-8.910273313522338867e-01
-7.938660383224487305e-01,4.496972858905792236e-01
-5.446323156356811523e-01,1.658785790205001831e-01
3.012779951095581055e-01,-9.901358187198638916e-02
-4.005884826183319092e-01,-2.800975441932678223e-01
1.164768576622009277e+00,1.304739564657211304e-01
7.760350406169891357e-02,1.260819137096405029e-01
4.126804471015930176e-01,-3.752493858337402344e-01
-6.873627901077270508e-01,2.465807050466537476e-01
1.353390216827392578e+00,-2.057856082916259766e+00
2.822516560554504395e-01,-9.729267954826354980e-01
-9.951585531234741211e-01,1.787105649709701538e-01
-1.086368918418884277e+00,1.646912097930908203e-01
-1.754230499267578125e+00,2.197795659303665161e-01
-3.337210714817047119e-01,-2.052675962448120117e+00
-1.918177902698516846e-01,-4.460927248001098633e-01
-2.070017904043197632e-01,-3.937843143939971924e-01
-3.175635337829589844e-01,1.385066956281661987e-01
1.530455112457275391e+00,1.052878141403198242e+00
1.743843257427215576e-01,-1.213424563407897949e+00
1.870832681655883789e+00,-4.367912113666534424e-01
4.307832121849060059e-01,-4.620375037193298340e-01
1.958728313446044922e+00,-7.685003280639648438e-01
9.262946844100952148e-01,-2.560393571853637695e+00
-1.196699619293212891e+00,-4.209812358021736145e-02
8.370107412338256836e-01,-8.284299969673156738e-01
1.273907124996185303e-01,-8.886525630950927734e-01
-1.112415671348571777e+00,-2.571121454238891602e-01
8.298856019973754883e-01,-5.569582581520080566e-01
-1.031488060951232910e+00,1.169028282165527344e-01
1.743843257427215576e-01,-1.213424563407897949e+00
-1.024454355239868164e+00,2.724499106407165527e-01
-1.297096163034439087e-01,-1.898641824722290039e+00
-9.423328638076782227e-01,6.131105422973632812e-01
1.181086301803588867e+00,-2.374834775924682617e+00
-3.683127641677856445e+00,2.810660302639007568e-01
4.011194705963134766e-01,6.711179614067077637e-01
1.289048075675964355e+00,-3.390438258647918701e-01
-1.129150986671447754e+00,3.165019676089286804e-02
-1.067188978195190430e+00,2.025520056486129761e-01
6.663606166839599609e-01,-1.460567831993103027e+00
-3.026105463504791260e-01,2.990250885486602783e-01
2.433706760406494141e+00,4.034255817532539368e-02
1.405208826065063477e+00,-3.914025723934173584e-01
6.171481609344482422e-01,2.210206508636474609e+00
-7.938983440399169922e-01,-3.121956586837768555e+00
-1.744349360466003418e+00,-2.341666519641876221e-01
1.086487621068954468e-01,1.969048619270324707e+00
-1.755954861640930176e+00,-3.129352569580078125e+00
2.163760364055633545e-01,1.371945440769195557e-01
3.835901319980621338e-01,-1.103195995092391968e-01
4.878209531307220459e-01,-1.500649929046630859e+00
-8.809887170791625977e-01,3.884467184543609619e-01
2.314104080200195312e+00,5.099058747291564941e-01
-8.580291271209716797e-01,-1.271854043006896973e+00
5.446243286132812500e-01,-9.807133078575134277e-01
-2.114513635635375977e+00,-1.010776758193969727e+00
1.394268631935119629e+00,-5.421230196952819824e-01
1.610682904720306396e-02,-9.616374969482421875e-02
7.916102409362792969e-01,-9.926515221595764160e-01
4.910893142223358154e-01,-1.122986435890197754e+00
-1.778095364570617676e-01,-4.965621978044509888e-03
1.670358180999755859e-01,1.868913471698760986e-01
1.127530097961425781e+00,3.111443296074867249e-02
-1.000248670578002930e+00,7.461339235305786133e-01
-1.167686462402343750e+00,-6.547036767005920410e-01
1.373291134834289551e+00,-1.232187509536743164e+00
1.094702363014221191e+00,-3.382110834121704102e+00
2.517422914505004883e+00,-1.689854621887207031e+00
-5.240194797515869141e-01,-3.978872776031494141e+00
-5.092698335647583008e-01,1.659339904785156250e+00
-1.014967083930969238e+00,3.635853528976440430e-01
-5.189128518104553223e-01,-1.240826249122619629e+00
6.711734533309936523e-01,-2.138504981994628906e+00
-1.513762712478637695e+00,8.407166004180908203e-01
-5.297892093658447266e-01,1.555295586585998535e+00
5.481917858123779297e-01,-3.081018924713134766e+00
1.942397952079772949e+00,-3.846730470657348633e+00
1.961463689804077148e+00,1.317918419837951660e+00
-8.843824863433837891e-01,-5.477629229426383972e-02
9.369432926177978516e-01,-9.954566359519958496e-01
3.816623240709304810e-03,-1.669762730598449707e-01
-9.524668455123901367e-01,2.981323301792144775e-01
1.750478148460388184e+00,-2.097108125686645508e+00
-8.548054695129394531e-01,4.568732380867004395e-01
1.262020468711853027e-01,-6.460556387901306152e-02
1.266646623611450195e+00,-5.559300780296325684e-01
-1.127081632614135742e+00,-5.249612927436828613e-01
-7.971738278865814209e-02,-7.752324938774108887e-01
-7.587695494294166565e-03,-2.331494092941284180e-01
-2.320264279842376709e-01,-3.053184449672698975e-01
-3.314359188079833984e-01,-3.186775445938110352e+00
1.917602270841598511e-01,-9.470590949058532715e-02
-6.527780294418334961e-01,-1.618299037218093872e-01
-1.025272488594055176e+00,4.978863894939422607e-01
-8.383640050888061523e-01,5.212599635124206543e-01
-7.107567787170410156e-01,-2.577526569366455078e-01
7.118014097213745117e-01,-1.648096561431884766e+00
-1.065468311309814453e+00,6.409489512443542480e-01
6.353650093078613281e-01,-1.585329413414001465e+00
-1.154069423675537109e+00,3.465824574232101440e-02
2.150299549102783203e+00,-2.625425457954406738e-01
2.383762359619140625e+00,-1.732128143310546875e+00
8.973304033279418945e-01,-9.147778749465942383e-01
6.304651498794555664e-01,-5.589430332183837891e-01
-8.718698024749755859e-01,-6.017634868621826172e-01
1.429358482360839844e+00,-4.145857989788055420e-01
-4.547073692083358765e-02,-9.039753079414367676e-01
1.298537135124206543e+00,3.962726294994354248e-01
1.759368181228637695e+00,-5.827991366386413574e-01
-2.984130680561065674e-01,1.827730178833007812e+00
2.293944060802459717e-01,-1.567019104957580566e+00
-7.578059434890747070e-01,3.854078054428100586e-01
-1.094422817230224609e+00,5.163605809211730957e-01
-9.630407094955444336e-01,4.909466207027435303e-01
-1.546023190021514893e-01,1.014944761991500854e-01
6.986414194107055664e-01,9.146500825881958008e-01
3.354835033416748047e+00,-1.545564830303192139e-01
-1.035358905792236328e+00,5.829805135726928711e-02
1.687641382217407227e+00,-2.610961198806762695e+00
7.914921045303344727e-01,-7.727731466293334961e-01
1.738126873970031738e+00,-7.100080251693725586e-01
5.300470441579818726e-02,-8.107236027717590332e-01
3.081190824508666992e+00,-1.550595760345458984e+00
3.807372152805328369e-01,-1.416701912879943848e+00
-7.677048444747924805e-01,-2.048477172851562500e+00
-9.525876045227050781e-01,4.448681771755218506e-01
2.433112382888793945e+00,2.593564093112945557e-01
-4.614383578300476074e-01,2.300582081079483032e-01
6.163895130157470703e-01,4.034565389156341553e-01
1.664054751396179199e+00,5.984092354774475098e-01
-3.259164988994598389e-01,-2.391442656517028809e-01
-2.190889269113540649e-01,-3.099369406700134277e-01
3.845999836921691895e-01,-1.052296161651611328e+00
8.931951522827148438e-01,-1.220370888710021973e+00
-9.972907304763793945e-01,2.835173718631267548e-02
-1.210418462753295898e+00,3.960959017276763916e-01
6.639462709426879883e-01,-5.209290981292724609e-01
-4.710894823074340820e-02,-5.284773826599121094e+00
-1.095735788345336914e+00,-1.015390157699584961e-01
-1.752281546592712402e+00,2.308335155248641968e-01
-1.430164456367492676e+00,8.585810661315917969e-01
8.368112891912460327e-02,1.642524152994155884e-01
-5.527518987655639648e-01,6.378968358039855957e-01
2.439784109592437744e-01,2.354263514280319214e-01
-9.815577268600463867e-01,3.914119303226470947e-01
3.424314260482788086e+00,1.941598504781723022e-01
4.419491291046142578e-01,-2.236925125122070312e+00
-1.628025025129318237e-01,-2.140592575073242188e+00
-8.721178770065307617e-01,-5.834070965647697449e-02
-5.066158771514892578e-01,1.181299686431884766e-01
-3.975680172443389893e-01,-2.914000749588012695e-01
-9.710098505020141602e-01,2.446078956127166748e-01
-2.782881975173950195e+00,-1.139908671379089355e+00
7.061687707901000977e-01,-7.736028432846069336e-01
1.824099183082580566e+00,-7.285180687904357910e-01
6.962262392044067383e-01,-1.278826951980590820e+00
-1.656589508056640625e-01,-3.493039309978485107e-01
-9.435069561004638672e-01,2.656032741069793701e-01
3.364119827747344971e-01,-3.460142016410827637e-01
1.564115434885025024e-01,-1.457671672105789185e-01
-9.859998226165771484e-01,2.891487777233123779e-01
7.895345687866210938e-01,-7.233926057815551758e-01
4.142549037933349609e-01,-1.656455636024475098e+00
1.326963901519775391e+00,4.724818468093872070e-01
-1.139494657516479492e+00,-9.234152436256408691e-01
1.935387372970581055e+00,-1.777268171310424805e+00
4.744870960712432861e-01,2.071019411087036133e-01
-1.575978696346282959e-01,-1.635495722293853760e-01
2.421916127204895020e-01,-9.593055844306945801e-01
2.045671641826629639e-02,-8.756257593631744385e-02
-9.037189483642578125e-01,3.970341980457305908e-01
-1.122880339622497559e+00,2.274978905916213989e-02
-2.000267952680587769e-01,-3.440878987312316895e-01
-2.239777594804763794e-01,-1.173809468746185303e-01
8.160238713026046753e-02,-1.435757994651794434e+00
-1.018035650253295898e+00,1.316574960947036743e-01
-1.018930196762084961e+00,8.285203576087951660e-02
1.165119647979736328e+00,6.542772054672241211e-01
-7.265075445175170898e-01,-5.923863053321838379e-01
2.477552294731140137e-01,-8.841373324394226074e-01
8.973304033279418945e-01,-9.147778749465942383e-01
-1.014980554580688477e+00,6.610412150621414185e-03
-1.022853493690490723e+00,3.886764124035835266e-02
-1.273993134498596191e+00,-6.188550218939781189e-02
-2.949583232402801514e-01,-7.959719300270080566e-01
5.947080850601196289e-01,-6.370169520378112793e-01
7.369399070739746094e-01,-6.873387694358825684e-01
-3.515751063823699951e-01,-1.464990615844726562e+00
-1.939464926719665527e+00,1.995206624269485474e-01
3.370845556259155273e+00,-1.784997940063476562e+00
3.926546275615692139e-01,-2.540821552276611328e+00
-9.747313261032104492e-01,2.936137616634368896e-01
-1.004688501358032227e+00,1.364569425582885742e+00
6.138364076614379883e-01,-2.709175944328308105e-01
-1.284286081790924072e-01,3.567778766155242920e-01
1.464593887329101562e+00,-1.257289171218872070e+00
-1.195687055587768555e+00,1.180227637290954590e+00
6.524084806442260742e-01,3.722521364688873291e-01
-5.716866254806518555e-01,-5.911759659647941589e-02
1.574309349060058594e+00,-1.495657324790954590e+00
9.579538106918334961e-01,-1.116563320159912109e+00
3.807372152805328369e-01,-1.416701912879943848e+00
-2.052078098058700562e-01,-7.507947087287902832e-02
-9.103852510452270508e-01,4.519967138767242432e-01
-3.502980172634124756e-01,1.138243377208709717e-01
-1.356582164764404297e+00,-4.988844990730285645e-01
6.008614301681518555e-01,-1.447330474853515625e+00
-2.540964782238006592e-01,2.745622694492340088e-01
3.954169154167175293e-02,-1.704678982496261597e-01
3.816623240709304810e-03,-1.669762730598449707e-01
-2.872732877731323242e-01,5.996896624565124512e-01
1.027660518884658813e-01,-1.343744277954101562e+00
-9.770551919937133789e-01,1.566443592309951782e-01
-1.095735788345336914e+00,-1.015390157699584961e-01
-6.154129505157470703e-01,-1.190207004547119141e+00
-4.607241153717041016e-01,-4.464499652385711670e-01
-9.798886775970458984e-01,2.484368383884429932e-01
1.871117800474166870e-01,-7.619053125381469727e-01
-2.247650146484375000e+00,-1.658406406641006470e-01
1.981715559959411621e-01,-6.097787022590637207e-01
-4.522283673286437988e-01,1.663263559341430664e+00
6.449853181838989258e-01,-9.402809739112854004e-01
-9.154002666473388672e-01,4.052053391933441162e-01
-3.551072478294372559e-01,3.925417363643646240e-01
1.018042564392089844e+00,1.790499210357666016e+00
-6.062626838684082031e-01,-6.223300099372863770e-01
1.755056977272033691e+00,3.622530400753021240e-01
7.122927904129028320e-01,-2.475685119628906250e+00
-1.229751348495483398e+00,-5.505859255790710449e-01
-6.372934579849243164e-01,-1.233491539955139160e+00
9.455281496047973633e-01,3.660238683223724365e-01
-7.029025554656982422e-01,-9.643085300922393799e-02
5.709097385406494141e-01,-7.757740020751953125e-01
1.539558529853820801e+00,8.566988706588745117e-01
4.640548229217529297e-01,-1.018835186958312988e+00
-8.750143051147460938e-01,5.641403794288635254e-02
-9.592711925506591797e-01,5.050978660583496094e-01
1.339716672897338867e+00,-1.575105309486389160e+00
-4.387461021542549133e-02,-1.953246355056762695e+00
-6.313477754592895508e-01,8.169846236705780029e-02
-1.096452996134757996e-01,-1.917175889015197754e+00
-1.218380212783813477e+00,-3.742628917098045349e-02
1.623423695564270020e+00,-3.240555763244628906e+00
-9.989917278289794922e-01,2.908674255013465881e-02
1.870832681655883789e+00,-4.367912113666534424e-01
-1.083111643791198730e+00,-7.461403608322143555e-01
-2.136849403381347656e+00,-7.096064686775207520e-01
4.311126768589019775e-01,8.989308476448059082e-01
-4.596220552921295166e-01,2.377979904413223267e-01
7.521909475326538086e-01,-1.638604164123535156e+00
-1.221278429031372070e+00,4.739776253700256348e-01
-9.817957878112792969e-01,6.739997863769531250e-01
1.654855161905288696e-01,2.268085479736328125e-01
-1.814359545707702637e+00,-7.906997203826904297e-01
-4.464949965476989746e-01,-8.383211493492126465e-01
-1.816810369491577148e-01,-3.462689220905303955e-01
1.602145135402679443e-01,-2.172620058059692383e+00
-1.015320181846618652e+00,-5.177074074745178223e-01
-3.326354920864105225e-01,-2.438565492630004883e-01
-9.688776731491088867e-01,-5.770843625068664551e-01
1.532462477684020996e+00,1.252676725387573242e+00
5.615455657243728638e-02,-7.003712654113769531e-01
-3.313588798046112061e-01,-1.785055875778198242e+00
3.640949726104736328e-02,2.905017733573913574e-01
-5.188966989517211914e-01,-1.398907542228698730e+00
1.803064346313476562e+00,1.259011864662170410e+00
-5.349656343460083008e-01,-1.765089035034179688e+00
-9.888894855976104736e-04,-1.422387003898620605e+00
9.227728843688964844e-02,5.224366486072540283e-02
-9.136377573013305664e-01,1.281300663948059082e+00
1.205574750900268555e+00,9.381743073463439941e-01
-8.369537591934204102e-01,-1.018012315034866333e-01
4.299639463424682617e-01,-2.016792774200439453e+00
1.287703275680541992e+00,1.120911121368408203e+00
-8.212161064147949219e-01,-4.191492199897766113e-01
2.258830517530441284e-02,-1.584220290184020996e+00
8.022483587265014648e-01,-1.324442148208618164e+00
-1.079826354980468750e+00,7.457365840673446655e-02
4.785966575145721436e-01,-8.621558547019958496e-01
1.693169176578521729e-01,8.878782987594604492e-01
-1.274361610412597656e-01,-4.341640770435333252e-01
-4.008021578192710876e-02,-1.716576337814331055e+00
-5.607110261917114258e-01,1.756766319274902344e+00
7.371164560317993164e-01,-1.714434027671813965e+00
1.654915690422058105e+00,4.322990775108337402e-01
1.590310692787170410e+00,-1.220441341400146484e+00
-8.542519807815551758e-01,5.324886441230773926e-01
-3.524513006210327148e+00,1.250937104225158691e+00
1.439569354057312012e+00,-1.121984839439392090e+00
-2.187343686819076538e-01,-3.352739810943603516e-01
4.639856517314910889e-01,-5.106841325759887695e-01
9.669035673141479492e-01,-3.249443054199218750e+00
4.485429823398590088e-01,-7.858526706695556641e-01
-9.345892667770385742e-01,-3.829707801342010498e-01
-3.438106298446655273e+00,-6.204743385314941406e-01
1.258949160575866699e+00,-1.967805743217468262e+00
-6.771305799484252930e-01,-1.137731909751892090e+00
4.394028782844543457e-01,1.683803677558898926e+00
1.776557683944702148e+00,8.425030112266540527e-01
2.555885553359985352e+00,-1.544129729270935059e+00
3.320055454969406128e-02,4.031309187412261963e-01
2.499906718730926514e-01,-9.883956313133239746e-01
2.239291965961456299e-01,-1.434207677841186523e+00
6.088079512119293213e-02,-1.264882206916809082e+00
-2.426318168640136719e+00,-1.382023453712463379e+00
-9.951585531234741211e-01,1.787105649709701538e-01
-1.357671022415161133e-01,-1.641078472137451172e+00
-1.183599233627319336e-03,-7.439666986465454102e-01
3.015900135040283203e+00,-2.370256781578063965e-01
1.498402059078216553e-01,1.714880019426345825e-01
2.433706760406494141e+00,4.034255817532539368e-02
1.751398146152496338e-01,-1.160876035690307617e+00
1.716711044311523438e+00,-4.640212655067443848e-01
-4.796753525733947754e-01,1.410558819770812988e+00
-3.956050276756286621e-01,-6.307817697525024414e-01
1.790783926844596863e-02,-9.184814095497131348e-01
3.245497345924377441e-01,5.875426530838012695e-01
2.054173469543457031e+00,2.657003641128540039e+00
2.500825524330139160e-01,-1.436710596084594727e+00
-1.017487287521362305e+00,2.133517265319824219e-01
-7.422240078449249268e-02,-2.135601282119750977e+00
-1.354240059852600098e+00,-9.164873361587524414e-01
-1.023990631103515625e+00,5.426249504089355469e-01
-1.008649230003356934e+00,4.625738263130187988e-01
5.702335834503173828e-01,1.648800611495971680e+00
-1.869964480400085449e+00,4.282969832420349121e-01
-4.617089033126831055e-01,-1.666891098022460938e+00
-1.783302307128906250e+00,1.617588400840759277e-01
6.806788444519042969e-01,1.887456297874450684e+00
-9.593524932861328125e-01,3.771305680274963379e-01
1.801686286926269531e+00,7.049481272697448730e-01
-3.991322964429855347e-02,-3.024816811084747314e-01
1.090488076210021973e+00,3.895214796066284180e-01
-3.557930886745452881e-01,5.422127246856689453e-01
-9.372458457946777344e-01,-4.938846230506896973e-01
7.407373189926147461e-01,-1.982823729515075684e+00
2.988813221454620361e-01,-9.405702352523803711e-01
9.262946844100952148e-01,-2.560393571853637695e+00
3.241893351078033447e-01,-1.212185740470886230e+00
3.583587110042572021e-01,-6.554505825042724609e-01
1.751398146152496338e-01,-1.160876035690307617e+00
1.159238934516906738e+00,-1.125859379768371582e+00
1.090488076210021973e+00,3.895214796066284180e-01
5.061038732528686523e-01,-1.555378437042236328e+00
-2.053290128707885742e+00,4.910613000392913818e-01
5.923931598663330078e-01,-7.760595083236694336e-01
-3.695301413536071777e-01,6.085129976272583008e-01
1.386442661285400391e+00,-4.845573902130126953e-01
-8.916809558868408203e-01,4.334591627120971680e-01
1.702311635017395020e+00,6.374371051788330078e-01
-5.374768972396850586e-01,-7.054588198661804199e-02
2.417657136917114258e+00,-2.631740808486938477e+00
-9.656364917755126953e-01,4.769809842109680176e-01
2.351002693176269531e-01,-1.116552352905273438e+00
-1.089789152145385742e+00,1.998960524797439575e-01
3.251256644725799561e-01,-1.809944629669189453e+00
2.105660200119018555e+00,1.025491714477539062e+00
-9.743719100952148438e-01,1.736475378274917603e-01
8.370052278041839600e-02,-1.879819780588150024e-01
-3.177868723869323730e-01,5.841830968856811523e-01
7.866731882095336914e-01,-1.350660324096679688e+00
-4.981492459774017334e-01,-5.848670005798339844e-01
3.776200413703918457e-01,5.839217305183410645e-01
-1.059046983718872070e+00,4.929005727171897888e-02
1.424004197120666504e+00,5.893278717994689941e-01
-1.020546793937683105e+00,3.797990679740905762e-01
-1.003046274185180664e+00,3.784485459327697754e-01
-6.243557929992675781e-01,-1.367183476686477661e-01
-1.089223384857177734e+00,6.864445656538009644e-02
-1.752281546592712402e+00,2.308335155248641968e-01
1.795019656419754028e-01,-2.339533567428588867e+00
9.282362461090087891e-01,-1.866422593593597412e-01
-1.256061434745788574e+00,-2.069873094558715820e+00
5.707211792469024658e-02,2.445926666259765625e+00
3.613991141319274902e-01,-6.367945671081542969e-01
1.005868673324584961e+00,-1.159006357192993164e+00
1.156793355941772461e+00,4.449771642684936523e-01
2.217342257499694824e-01,3.517757058143615723e-01
1.654960066080093384e-01,3.019978702068328857e-01
-1.237183690071105957e+00,-7.451923489570617676e-01
8.923060894012451172e-01,-2.909638166427612305e+00
3.572643518447875977e+00,2.881935119628906250e+00
-6.671429872512817383e-01,-1.098176240921020508e+00
1.265774846076965332e+00,6.594014763832092285e-01
3.418291330337524414e+00,-4.043625354766845703e+00
2.257810533046722412e-01,-8.001636862754821777e-01
9.937877655029296875e-01,-2.089084535837173462e-01
-4.007524549961090088e-01,1.047116965055465698e-01
4.298444986343383789e-01,-1.422132849693298340e+00
1.141948223114013672e+00,-1.048312902450561523e+00
5.327130794525146484e+00,2.134780883789062500e+00
1.204222917556762695e+00,5.929805040359497070e-01
6.393003463745117188e-01,-3.781347572803497314e-01
9.318280220031738281e-01,-2.769541263580322266e+00
4.348895847797393799e-01,-3.787014484405517578e-01
-2.467725127935409546e-01,-1.428156346082687378e-01
1.433854341506958008e+00,-2.081524372100830078e+00
-1.017162203788757324e+00,6.663192063570022583e-03
-1.697203516960144043e+00,2.691356241703033447e-01
8.137784004211425781e-01,-1.235976099967956543e+00
-2.481313467025756836e+00,-1.016814112663269043e+00
-1.201862096786499023e+00,-1.290254294872283936e-02
-9.371459484100341797e-01,2.796264290809631348e-01
-1.415821790695190430e+00,-1.531122684478759766e+00
-6.649271249771118164e-01,-3.436670079827308655e-02
2.710482776165008545e-01,-2.123129129409790039e+00
-1.101660370826721191e+00,8.535436391830444336e-01
-5.068033933639526367e-01,2.465593576431274414e+00
-1.539540410041809082e+00,1.831464022397994995e-01
1.019668340682983398e+00,9.898194074630737305e-01
-2.403348684310913086e-01,-4.726138114929199219e-01
3.370845556259155273e+00,-1.784997940063476562e+00
-3.819731771945953369e-01,-2.399243116378784180e+00
1.076263666152954102e+00,2.716668605804443359e+00
8.105892688035964966e-02,-7.038265466690063477e-02
2.968385070562362671e-02,-6.944960355758666992e-02
2.666310071945190430e+00,3.974405527114868164e+00
5.227094888687133789e-02,3.786040544509887695e-01
4.529728889465332031e-01,-9.762756228446960449e-01
4.282754659652709961e-02,-7.639332413673400879e-01
-9.617003202438354492e-01,-9.910713136196136475e-02
1.792026907205581665e-01,2.562776505947113037e-01
-2.709186673164367676e-01,2.887431979179382324e-01
1.679658442735671997e-01,-2.473519444465637207e-01
1.190719485282897949e+00,3.056133508682250977e+00
2.088918209075927734e+00,-2.435862541198730469e+00
-9.987895488739013672e-01,3.238707482814788818e-01
3.926546275615692139e-01,-2.540821552276611328e+00
-6.259170770645141602e-01,-3.958245217800140381e-01
-9.659198522567749023e-01,-2.212975978851318359e+00
-9.570749998092651367e-01,3.619677424430847168e-01
1.154314398765563965e+00,-9.341968297958374023e-01
-1.124592721462249756e-01,-1.707735419273376465e+00
-7.866817712783813477e-01,-1.106832027435302734e-01
-9.710098505020141602e-01,2.446078956127166748e-01
-1.976661086082458496e+00,-4.239181056618690491e-02
-1.860307455062866211e-01,6.565762758255004883e-01
1.998897194862365723e+00,1.140258312225341797e+00
2.079775094985961914e+00,-3.574257493019104004e-01
7.152099609375000000e-01,-1.072330117225646973e+00
1.462724685668945312e+00,5.559266209602355957e-01
-1.068787336349487305e+00,1.770746260881423950e-01
4.640548229217529297e-01,-1.018835186958312988e+00
-2.112721800804138184e-01,6.164215803146362305e-01
6.948080658912658691e-02,1.726409792900085449e-01
5.006872415542602539e-01,3.710525751113891602e+00
-1.178747534751892090e+00,-3.580701589584350586e+00
-2.071028500795364380e-01,-4.290732443332672119e-01
1.491153985261917114e-01,-1.593949198722839355e+00
-3.151366710662841797e+00,-3.100076317787170410e-01
-1.009986639022827148e+00,1.369567960500717163e-01
-1.489001512527465820e-01,-5.662299990653991699e-01
-1.079530835151672363e+00,1.997581720352172852e-01
-1.899523377418518066e+00,1.665684729814529419e-01
-1.001229763031005859e+00,2.611667513847351074e-01
1.351600170135498047e+00,7.431363463401794434e-01
-3.053777694702148438e+00,-1.044155716896057129e+00
-1.381916522979736328e+00,-3.978695273399353027e-01
1.805597990751266479e-01,-6.753052473068237305e-01
8.248363733291625977e-01,-6.769257783889770508e-01
-1.129605770111083984e+00,-3.381170034408569336e-01
6.986414194107055664e-01,9.146500825881958008e-01
-4.578496217727661133e-01,-1.570787280797958374e-01
-7.528731822967529297e-01,2.506482601165771484e-01
1.718797087669372559e-01,2.139713048934936523e+00
1.754153847694396973e+00,3.100403547286987305e+00
-4.778562784194946289e-01,-3.375684916973114014e-01
1.357026457786560059e+00,-1.924607276916503906e+00
-2.239777594804763794e-01,-1.173809468746185303e-01
-2.648574300110340118e-02,3.700476586818695068e-01
3.115185022354125977e+00,1.358283400535583496e+00
1.397598862648010254e+00,2.738267898559570312e+00
-3.384409844875335693e-01,4.135398268699645996e-01
1.181086301803588867e+00,-2.374834775924682617e+00
-1.556541085243225098e+00,-2.174570858478546143e-01
-8.220719099044799805e-01,-7.810217142105102539e-01
4.826125800609588623e-01,-1.349159359931945801e+00
2.002306461334228516e+00,-3.570441484451293945e+00
-5.008263587951660156e-01,7.920421957969665527e-01
-9.581291675567626953e-01,-4.497457146644592285e-01
3.640949726104736328e-02,2.905017733573913574e-01
2.869327664375305176e-01,-5.728748440742492676e-01
-9.762910604476928711e-01,9.521263837814331055e-02
2.500939369201660156e-01,-2.088175565004348755e-01
-6.926429271697998047e-01,2.640913963317871094e+00
8.446093797683715820e-01,-1.503338456153869629e+00
-6.562730073928833008e-01,3.658839166164398193e-01
2.297626137733459473e-01,1.679520606994628906e+00
1.460711479187011719e+00,-8.549024462699890137e-01
-7.294852733612060547e-01,-1.907284408807754517e-01
1.491543292999267578e+00,-2.254963159561157227e+00
-2.589200735092163086e-01,1.622395664453506470e-01
-7.938660383224487305e-01,4.496972858905792236e-01
3.142971098423004150e-01,5.207492709159851074e-01
1.490283250808715820e+00,-7.756218314170837402e-03
-5.301790237426757812e-01,4.805528521537780762e-01
-2.880115509033203125e+00,1.768843084573745728e-01
1.420482993125915527e-01,-8.571528792381286621e-01
9.886308908462524414e-01,3.735334426164627075e-02
2.475446462631225586e-01,-5.655584335327148438e-01
-1.042677238583564758e-01,-4.048494398593902588e-01
-9.854075908660888672e-01,-6.014618277549743652e-01
-6.510050296783447266e-01,-7.638415098190307617e-01
6.639462709426879883e-01,-5.209290981292724609e-01
3.475790321826934814e-01,-4.375582337379455566e-01
-9.923458099365234375e-01,2.233407944440841675e-01
-9.944444894790649414e-01,5.858224630355834961e-01
-1.192782044410705566e+00,-2.266588211059570312e-01
-9.154002666473388672e-01,4.052053391933441162e-01
3.506853282451629639e-01,-6.754186004400253296e-03
3.741613328456878662e-01,-1.159820675849914551e+00
1.566710948944091797e+00,-4.873445630073547363e-01
-2.135189175605773926e-01,-1.634778082370758057e-01
7.776402235031127930e-01,-7.720002532005310059e-01
-2.398974746465682983e-01,-1.158860921859741211e-01
1.512181013822555542e-02,-1.075180023908615112e-01
2.474733591079711914e-01,-6.419127583503723145e-01
-9.829339385032653809e-02,-6.682869791984558105e-01
-2.011405706405639648e+00,2.471901476383209229e-03
3.733652830123901367e-01,-4.395891129970550537e-01
7.760350406169891357e-02,1.260819137096405029e-01
-6.313477754592895508e-01,8.169846236705780029e-02
-9.731397628784179688e-01,-9.249299764633178711e-02
6.287149190902709961e-01,-1.213892102241516113e+00
3.320055454969406128e-02,4.031309187412261963e-01
1.358784556388854980e+00,8.886449337005615234e-01
2.981279134750366211e+00,-1.026481539011001587e-01
3.795300424098968506e-01,-1.135908722877502441e+00
1.428685784339904785e+00,1.069009542465209961e+00
6.846272945404052734e-02,-2.197477817535400391e-01
-5.070254802703857422e-01,-1.576905012130737305e+00
4.839794337749481201e-01,2.559976100921630859e+00
5.855599641799926758e-01,-8.268254399299621582e-01
8.098504692316055298e-02,-6.609576344490051270e-01
-9.592711925506591797e-01,5.050978660583496094e-01
9.161832332611083984e-01,-1.661300659179687500e+00
-2.907829880714416504e-01,2.544606029987335205e-01
-3.592724502086639404e-01,-1.931019127368927002e-02
-1.525344371795654297e+00,2.312536716461181641e+00
-1.003046274185180664e+00,3.784485459327697754e-01
2.204247415065765381e-01,-9.402745366096496582e-01
-1.023317694664001465e+00,1.739130318164825439e-01
-2.439429610967636108e-01,-2.230193912982940674e-01
-8.977425098419189453e-01,-3.885021433234214783e-02
-8.915258646011352539e-01,-4.951244220137596130e-02
-1.013147950172424316e+00,2.885811626911163330e-01
-8.947747945785522461e-01,-3.910774588584899902e-01
3.016167879104614258e+00,-5.842848420143127441e-01
-1.778095364570617676e-01,-4.965621978044509888e-03
5.801388025283813477e-01,-7.849698066711425781e-01
-3.053777694702148438e+00,-1.044155716896057129e+00
-1.027997255325317383e+00,2.407934665679931641e-01
-3.033455610275268555e-01,-2.044817209243774414e+00
-1.103442192077636719e+00,8.062737584114074707e-01
-9.347246885299682617e-01,2.072796821594238281e-01
2.701769113540649414e+00,1.192222237586975098e+00
5.328841209411621094e-01,1.817351579666137695e-01
-7.674955129623413086e-01,-2.528309345245361328e+00
6.711734533309936523e-01,-2.138504981994628906e+00
6.088079512119293213e-02,-1.264882206916809082e+00
5.254590511322021484e-01,-1.055042862892150879e+00
2.607442736625671387e-01,-5.816173553466796875e-01
-1.349985480308532715e+00,-1.232821106910705566e+00
1.127368330955505371e+00,-1.190868616104125977e+00
-1.015448942780494690e-01,-7.313532829284667969e-01
1.599421948194503784e-01,-9.617190361022949219e-01
-1.581752896308898926e+00,3.729462027549743652e-01
2.751480937004089355e-01,-1.582550704479217529e-01
8.881544321775436401e-02,-9.533230066299438477e-01
2.488819360733032227e-01,-8.547084927558898926e-01
5.832530260086059570e-01,-8.575438857078552246e-01
1.473991632461547852e+00,-1.237287402153015137e+00
-9.802373647689819336e-01,1.853291094303131104e-01
8.882868289947509766e-01,2.263416051864624023e+00
-7.228881120681762695e-01,5.662906169891357422e-01
-2.558495998382568359e-01,3.050955832004547119e-01
1.133903384208679199e+00,-3.468886375427246094e+00
2.446763515472412109e+00,-2.500351905822753906e+00
1.490283250808715820e+00,-7.756218314170837402e-03
8.605912923812866211e-01,-1.171092510223388672e+00
2.125080108642578125e+00,3.152114152908325195e-01
-4.258006215095520020e-01,-2.517234981060028076e-01
-2.494098097085952759e-01,-6.018952131271362305e-01
-1.111919045448303223e+00,1.874019205570220947e-02
2.556173086166381836e+00,-2.541317939758300781e-01
-8.910492658615112305e-01,-6.573528051376342773e-02
-2.126986980438232422e+00,3.932989835739135742e-01
-9.358036518096923828e-01,7.058411836624145508e-01
1.646534085273742676e+00,-5.567755103111267090e-01
1.807150125503540039e+00,-2.351272583007812500e+00
5.227094888687133789e-02,3.786040544509887695e-01
-1.040097117424011230e+00,7.549925148487091064e-02
1.117686480283737183e-01,-2.330019950866699219e+00
-1.017479658126831055e+00,6.098913401365280151e-02
-6.082203388214111328e-01,4.192592203617095947e-01
2.579941451549530029e-01,-9.432643055915832520e-01
2.624975442886352539e-01,1.296121478080749512e+00
7.122125625610351562e-01,1.604790449142456055e+00
2.636789083480834961e+00,-1.367802470922470093e-01
-4.320026874542236328e+00,-6.870187520980834961e-01
6.867268085479736328e-01,-1.352656364440917969e+00
-9.815577268600463867e-01,3.914119303226470947e-01
-5.716866254806518555e-01,-5.911759659647941589e-02
1.074593067169189453e+00,1.639590859413146973e-01
5.994511842727661133e-01,-1.456161975860595703e+00
1.959456086158752441e+00,1.011723875999450684e-01
-1.218628048896789551e+00,-3.566529154777526855e-01
-2.117767930030822754e-01,-3.573427796363830566e-01
4.848423898220062256e-01,-7.063923478126525879e-01
-7.035928964614868164e-02,-1.647266864776611328e+00
2.085768729448318481e-01,-8.113563060760498047e-01
-9.743487834930419922e-01,3.935925960540771484e-01
6.962262392044067383e-01,-1.278826951980590820e+00
-2.164426565170288086e+00,2.022441923618316650e-01
-1.728196978569030762e+00,-3.214003443717956543e-01
-6.247088909149169922e-01,2.386435568332672119e-01
-9.876800775527954102e-01,2.641363739967346191e-01
4.248989820480346680e-01,-2.377804756164550781e+00
-6.952782869338989258e-01,-8.875497579574584961e-01
2.585233449935913086e+00,-7.640196382999420166e-02
-1.734442263841629028e-01,1.109436869621276855e+00
4.299639463424682617e-01,-2.016792774200439453e+00
2.037334203720092773e+00,7.122274637222290039e-01
-1.539540410041809082e+00,1.831464022397994995e-01
1.083502650260925293e+00,5.958660840988159180e-01
1.086487621068954468e-01,1.969048619270324707e+00
-9.454923868179321289e-01,6.338844895362854004e-01
7.320729494094848633e-01,-8.399173617362976074e-01
5.636886358261108398e-01,-1.192339062690734863e+00
5.394673347473144531e-01,-7.441155314445495605e-01
1.690001606941223145e+00,1.061507463455200195e+00
5.613360404968261719e-01,-1.281007289886474609e+00
3.118419647216796875e+00,-2.313822031021118164e+00
-1.018660902976989746e+00,4.537217915058135986e-01
7.311099767684936523e-01,-2.765804767608642578e+00
-2.891643047332763672e+00,4.216782748699188232e-01
6.983692646026611328e-01,-8.976881504058837891e-01
-1.734442263841629028e-01,1.109436869621276855e+00
-9.347246885299682617e-01,2.072796821594238281e-01
4.420452117919921875e-01,-1.217546224594116211e+00
-6.371333599090576172e-01,9.135747700929641724e-02
-9.529649019241333008e-01,2.691118717193603516e-01
-1.877725362777709961e+00,-2.362207770347595215e-01
-5.283259749412536621e-01,2.612706720829010010e-01
-1.031775832176208496e+00,6.604067981243133545e-02
-1.025444865226745605e+00,1.421652436256408691e-01
-1.006226301193237305e+00,7.809030264616012573e-02
-3.246400058269500732e-01,6.426896154880523682e-02
1.005868673324584961e+00,-1.159006357192993164e+00
-1.089789152145385742e+00,1.998960524797439575e-01
-4.992054998874664307e-01,-6.477594375610351562e-01
-1.318733692169189453e+00,1.617022752761840820e-01
4.796186387538909912e-01,-7.169510126113891602e-01
9.408391714096069336e-01,-1.704558432102203369e-01
1.104649186134338379e+00,3.969276666641235352e+00
-1.041579961776733398e+00,-1.116655766963958740e-02
9.866495430469512939e-02,-7.643895149230957031e-01
6.649525165557861328e-01,4.379006922245025635e-01
2.073543548583984375e+00,-8.161814808845520020e-01
4.848423898220062256e-01,-7.063923478126525879e-01
-1.191033482551574707e+00,-5.587035790085792542e-02
5.261241197586059570e-01,-8.744428753852844238e-01
-7.959873676300048828e-01,7.784841060638427734e-01
-6.429206132888793945e-01,1.782250106334686279e-01
-7.107567787170410156e-01,-2.577526569366455078e-01
2.701769113540649414e+00,1.192222237586975098e+00
3.134623467922210693e-01,-2.360993921756744385e-01
1.188112944364547729e-01,1.093435645103454590e+00
-3.843239545822143555e-01,-2.398605644702911377e-01
-2.434508353471755981e-01,1.454195022583007812e+00
1.001742124557495117e+00,-6.566204428672790527e-01
2.505296230316162109e+00,-1.356431126594543457e+00
-9.816237688064575195e-01,3.425673544406890869e-01
1.620844364166259766e+00,2.562017202377319336e+00
-9.816237688064575195e-01,3.425673544406890869e-01
-8.677476644515991211e-01,-2.980910614132881165e-02
-8.503631353378295898e-01,1.679105311632156372e-01
-9.312882423400878906e-01,2.654381990432739258e-01
4.860769808292388916e-01,-1.580875992774963379e+00
-2.296276390552520752e-01,-1.504650563001632690e-01
3.435729146003723145e-01,-6.737950444221496582e-01
4.488181591033935547e+00,7.673330307006835938e-01
6.802995502948760986e-02,-8.690231442451477051e-01
5.098594427108764648e-01,-1.153906583786010742e+00
-4.136862754821777344e-01,1.813886463642120361e-01
-2.439429610967636108e-01,-2.230193912982940674e-01
-2.114513635635375977e+00,-1.010776758193969727e+00
2.045671641826629639e-02,-8.756257593631744385e-02
1.521613001823425293e+00,-1.327345490455627441e+00
-9.620398283004760742e-01,-7.017495036125183105e-01
-4.833321645855903625e-02,2.068181186914443970e-01
-9.462134838104248047e-01,3.326015472412109375e-01
2.517083585262298584e-01,-9.430305659770965576e-02
-1.009986639022827148e+00,1.369567960500717163e-01
1.902212738990783691e+00,6.804391741752624512e-01
8.690694570541381836e-01,1.332931756973266602e+00
5.016241073608398438e-01,-1.546321153640747070e+00
7.635418176651000977e-01,-9.248887300491333008e-01
-9.743212461471557617e-01,3.304243460297584534e-02
-2.651469781994819641e-02,-1.233683109283447266e+00
7.246582210063934326e-02,-1.528429985046386719e+00
9.826027154922485352e-01,-7.483385205268859863e-01
-1.513762712478637695e+00,8.407166004180908203e-01
-2.234121710062026978e-01,-4.249909222126007080e-01
-9.557592868804931641e-01,-4.087988436222076416e-01
8.882868289947509766e-01,2.263416051864624023e+00
8.923060894012451172e-01,-2.909638166427612305e+00
-1.952731311321258545e-01,-1.944602429866790771e-01
5.375504493713378906e-01,-7.093694806098937988e-01
-2.401366472244262695e+00,5.501826107501983643e-02
2.112136125564575195e+00,-2.140362262725830078e+00
9.643415212631225586e-01,-9.311324954032897949e-01
4.234605133533477783e-01,-2.219344139099121094e+00
1.826335191726684570e-01,2.199679054319858551e-02
-4.240639880299568176e-02,4.843909442424774170e-01
-5.084773302078247070e-01,1.060762852430343628e-01
-2.416971683502197266e+00,3.828441202640533447e-01
-3.033455610275268555e-01,-2.044817209243774414e+00
9.167811870574951172e-01,-7.503379583358764648e-01
2.263787984848022461e+00,7.599661946296691895e-01
1.281470060348510742e-01,5.554101467132568359e-01
-1.054152369499206543e+00,1.491260081529617310e-01
-1.141916632652282715e+00,-1.006424069404602051e+00
-1.055261015892028809e+00,2.386148869991302490e-01
1.357281327247619629e+00,-1.401490807533264160e+00
9.306273460388183594e-01,-2.002863645553588867e+00
2.441888570785522461e+00,-4.133433818817138672e+00
-1.816810369491577148e-01,-3.462689220905303955e-01
-3.465971052646636963e-01,-5.503315851092338562e-02
5.762337446212768555e-01,-5.980374813079833984e-01
8.581305742263793945e-01,-1.939553976058959961e+00
6.671160459518432617e-01,1.839341878890991211e+00
3.767676055431365967e-01,-8.924905061721801758e-01
-1.054898619651794434e+00,-8.367462158203125000e-01
-2.987494230270385742e+00,-5.150544643402099609e+00
-4.367144405841827393e-01,1.400770664215087891e+00
-1.076432585716247559e+00,-2.590090036392211914e-01
6.183432340621948242e-01,-1.382444143295288086e+00
-1.310143351554870605e+00,7.292932271957397461e-02
-1.068787336349487305e+00,1.770746260881423950e-01
-1.199597641825675964e-01,2.826608121395111084e-01
-1.952731311321258545e-01,-1.944602429866790771e-01
2.255375683307647705e-01,-4.392293930053710938e+00
-6.854884624481201172e-01,4.258032441139221191e-01
-7.122318744659423828e-01,-1.009074091911315918e+00
3.660275638103485107e-01,-2.138599634170532227e+00
-4.869396388530731201e-01,-6.196284890174865723e-01
9.939674139022827148e-01,-3.443170309066772461e+00
5.394673347473144531e-01,-7.441155314445495605e-01
7.764483243227005005e-02,5.569977760314941406e-01
-6.435428559780120850e-02,-7.956020236015319824e-01
-1.057363271713256836e+00,-6.789885759353637695e-01
1.058509945869445801e+00,8.293825984001159668e-01
-8.959135413169860840e-02,-6.109669208526611328e-01
3.196171820163726807e-01,-6.342377662658691406e-01
6.806788444519042969e-01,1.887456297874450684e+00
1.468588590621948242e+00,6.948872208595275879e-01
-1.010362744331359863e+00,-7.051619887351989746e-02
-8.984550237655639648e-01,-1.597886532545089722e-02
-2.015825957059860229e-01,-7.993925809860229492e-01
1.750478148460388184e+00,-2.097108125686645508e+00
9.455281496047973633e-01,3.660238683223724365e-01
-9.093668460845947266e-01,4.006922543048858643e-01
3.506853282451629639e-01,-6.754186004400253296e-03
-9.326891899108886719e-01,7.194016128778457642e-02
-2.360744327306747437e-01,-1.723652482032775879e-01
6.183643341064453125e-01,-1.799370646476745605e+00
-1.628025025129318237e-01,-2.140592575073242188e+00
1.078617572784423828e+00,2.067748308181762695e+00
2.845763266086578369e-01,-5.486852526664733887e-01
-1.062220335006713867e+00,7.125741243362426758e-01
1.951488733291625977e+00,1.473714947700500488e+00
-1.307293921709060669e-01,-1.810173034667968750e+00
-3.787902891635894775e-01,2.800493955612182617e+00
1.318291783332824707e+00,1.578997492790222168e+00
9.476482868194580078e-01,2.508949637413024902e-01
-1.297710776329040527e+00,-3.036270141601562500e-01
-2.401366472244262695e+00,5.501826107501983643e-02
2.817990779876708984e-01,-6.223737001419067383e-01
-3.337364196777343750e-01,-6.146628856658935547e-01
-1.415821790695190430e+00,-1.531122684478759766e+00
-1.869256615638732910e+00,3.193395733833312988e-01
-1.734550118446350098e+00,2.624850273132324219e-01
-4.555366635322570801e-01,-2.009406536817550659e-01
1.529257059097290039e+00,-3.604226112365722656e-01
9.997165203094482422e-01,8.360170722007751465e-01
-3.148272633552551270e-02,-3.035369873046875000e+00
-1.333873391151428223e+00,-7.107908725738525391e-01
-3.843239545822143555e-01,-2.398605644702911377e-01
6.506883352994918823e-02,3.159352242946624756e-01
3.261398971080780029e-01,-4.724042415618896484e-01
-4.348044991493225098e-01,2.939727529883384705e-02
8.165637254714965820e-01,-2.821929216384887695e+00
-6.090180575847625732e-02,-2.379930615425109863e-01
1.003191232681274414e+00,4.447411298751831055e-01
1.141067504882812500e+00,5.919643044471740723e-01
4.899692833423614502e-01,-6.872693300247192383e-01
3.767676055431365967e-01,-8.924905061721801758e-01
-8.503631353378295898e-01,1.679105311632156372e-01
1.109640955924987793e+00,-2.124211788177490234e+00
-3.217717111110687256e-01,-6.996311247348785400e-02
-6.103986501693725586e-01,9.436726570129394531e-02
-9.989917278289794922e-01,2.908674255013465881e-02
8.749986886978149414e-01,-1.093317270278930664e+00
9.040340781211853027e-02,-3.370856121182441711e-02
1.444051146507263184e+00,-4.090676605701446533e-01
1.568337082862854004e+00,-3.179711699485778809e-01
1.518922686576843262e+00,-1.436126708984375000e+00
-1.985499739646911621e+00,1.129275709390640259e-01
9.398574829101562500e-01,-9.924562275409698486e-02
-6.439491510391235352e-01,6.190176606178283691e-01
1.448751807212829590e+00,1.029881477355957031e+00
-6.930310726165771484e-01,-1.842481255531311035e+00
7.579046487808227539e-01,-1.572077751159667969e+00
1.648527979850769043e+00,7.179484367370605469e-01
1.767161846160888672e+00,9.118626117706298828e-01
-9.372458457946777344e-01,-4.938846230506896973e-01
-1.152851700782775879e+00,1.855177134275436401e-01
4.971490800380706787e-01,-6.644952297210693359e-01
-1.026147007942199707e+00,2.450818121433258057e-01
-2.812249183654785156e+00,5.960501432418823242e-01
-9.829260110855102539e-01,1.328744441270828247e-01
-8.956733942031860352e-01,-7.500514388084411621e-01
-1.012104630470275879e+00,7.797180116176605225e-02
-1.344889879226684570e+00,-1.090473681688308716e-01
-5.241703987121582031e-01,-1.014808297157287598e+00
-1.818790435791015625e+00,3.535322546958923340e-01
5.702694654464721680e-01,-4.811554551124572754e-01
-1.002089381217956543e+00,2.738109827041625977e-01
1.623423695564270020e+00,-3.240555763244628906e+00
-2.360744327306747437e-01,-1.723652482032775879e-01
2.672861516475677490e-01,-4.154204428195953369e-01
1.605517148971557617e+00,8.139321804046630859e-01
9.261823892593383789e-01,-8.286713361740112305e-01
-5.349656343460083008e-01,-1.765089035034179688e+00
1.223121047019958496e+00,7.628626227378845215e-01
9.207808971405029297e-02,1.729958653450012207e-01
-8.469374179840087891e-01,1.426694840192794800e-01
1.491543292999267578e+00,-2.254963159561157227e+00
3.954169154167175293e-02,-1.704678982496261597e-01
-2.942823469638824463e-01,-1.592107653617858887e+00
1.600330948829650879e+00,3.106184303760528564e-01
-1.673032402992248535e+00,-1.379849314689636230e-01
-1.776699163019657135e-02,2.422317266464233398e+00
1.144334435462951660e+00,1.997768521308898926e+00
7.296590805053710938e-01,-1.094639420509338379e+00
-8.335155248641967773e-01,-2.230372652411460876e-02
-2.920492887496948242e-01,3.460025787353515625e-01
-3.548968210816383362e-02,5.074260234832763672e-01
-8.707914501428604126e-02,3.938494920730590820e-01
-5.070254802703857422e-01,-1.576905012130737305e+00
-5.043287873268127441e-01,-6.448870301246643066e-01
4.200001060962677002e-01,-2.837518155574798584e-01
-1.856032013893127441e-01,-2.657594919204711914e+00
1.703092008829116821e-01,2.816644012928009033e-01
5.987864732742309570e-01,-1.390261888504028320e+00
9.591427445411682129e-02,-3.633374214172363281e+00
1.998389363288879395e+00,-1.178120851516723633e+00
-9.860924482345581055e-01,1.468008905649185181e-01
6.451693773269653320e-01,-2.916150093078613281e+00
7.750988006591796875e-01,-8.869367837905883789e-01
-8.393615484237670898e-02,-1.827036887407302856e-01
-4.195393621921539307e-02,-1.884020566940307617e+00
-1.250451803207397461e+00,-9.620926976203918457e-01
1.721627265214920044e-01,-9.080700278282165527e-01
-3.763433173298835754e-02,-1.083890318870544434e+00
2.439784109592437744e-01,2.354263514280319214e-01
-9.854075908660888672e-01,-6.014618277549743652e-01
-6.149419546127319336e-01,-3.164172470569610596e-01
2.289407014846801758e+00,-2.765758037567138672e-01
1.807150125503540039e+00,-2.351272583007812500e+00
-1.898383378982543945e+00,-6.862752139568328857e-02
-1.129150986671447754e+00,3.165019676089286804e-02
1.618348807096481323e-01,2.869865298271179199e-01
8.881544321775436401e-02,-9.533230066299438477e-01
6.336660385131835938e-01,-4.206006526947021484e-01
-1.029659152030944824e+00,5.759636163711547852e-01
-8.220762014389038086e-01,-5.544829741120338440e-02
-5.749081373214721680e-01,-1.817755103111267090e+00
1.052248239517211914e+00,-1.799008369445800781e+00
7.933988571166992188e-01,-8.431895375251770020e-01
5.483086109161376953e-01,5.021567344665527344e-01
4.834306538105010986e-01,-5.741975307464599609e-01
2.316546440124511719e+00,-3.550854206085205078e+00
2.115197330713272095e-01,-1.135996460914611816e+00
1.260742545127868652e-01,-3.183184266090393066e-01
-1.512618064880371094e-01,6.944848299026489258e-01
-1.065070629119873047e+00,2.364523410797119141e-01
-6.156324148178100586e-01,1.128245592117309570e-01
-9.704691171646118164e-01,2.625871300697326660e-01
-2.775201573967933655e-02,-1.693442583084106445e+00
-2.628804445266723633e-01,-1.645798981189727783e-01
2.505465030670166016e+00,-6.482940912246704102e-02
-9.632327556610107422e-01,-5.201217532157897949e-01
-4.898923635482788086e-01,2.463779449462890625e+00
-1.472108811140060425e-01,-4.538107812404632568e-01
-2.353247165679931641e+00,-1.027374625205993652e+00
-1.354240059852600098e+00,-9.164873361587524414e-01
-4.958064854145050049e-01,-2.500936985015869141e-01
1.446123957633972168e+00,-1.334925293922424316e+00
-1.321872025728225708e-01,-3.383739590644836426e-01
-2.415770590305328369e-01,-3.624760508537292480e-01
-9.696621894836425781e-01,3.111613988876342773e-01
8.983345031738281250e-01,-1.009676456451416016e+00
-4.008021578192710876e-02,-1.716576337814331055e+00
-8.851295709609985352e-01,3.574162423610687256e-01
-6.470324844121932983e-02,-2.741288542747497559e-01
5.077730417251586914e-01,-1.908320903778076172e+00
-9.764248132705688477e-01,2.625246047973632812e-01
-1.814043641090393066e+00,1.657662689685821533e-01
9.469736814498901367e-01,-1.886362075805664062e+00
-1.405081152915954590e-01,-3.787389770150184631e-02
-1.501552462577819824e+00,-6.710752248764038086e-01
3.407763242721557617e-01,-1.157737016677856445e+00
3.827854096889495850e-01,4.802928566932678223e-01
-7.682542800903320312e-01,8.995962738990783691e-01
-1.185298919677734375e+00,3.210864588618278503e-02
1.329026222229003906e+00,5.251165032386779785e-01
2.679963827133178711e+00,2.067933827638626099e-01
-2.366358339786529541e-01,-4.046584665775299072e-01
1.974340081214904785e-01,-2.046434164047241211e+00
-9.158637523651123047e-01,2.154883891344070435e-01
-9.542282819747924805e-01,2.214428633451461792e-01
-2.345376014709472656e+00,3.861941695213317871e-01
5.456950664520263672e-01,-8.565582633018493652e-01
2.731111049652099609e-01,-5.188049674034118652e-01
7.147740125656127930e-01,-8.207674026489257812e-01
-6.764434576034545898e-01,1.216706484556198120e-01
-1.031355381011962891e+00,6.997203826904296875e-01
-1.702515006065368652e+00,2.383460551500320435e-01
1.204222917556762695e+00,5.929805040359497070e-01
-1.603313088417053223e-01,-4.390315115451812744e-01
3.295817375183105469e-01,-7.527954578399658203e-01
-2.181083858013153076e-01,3.202295601367950439e-01
-6.952782869338989258e-01,-8.875497579574584961e-01
-2.213912904262542725e-01,6.951995193958282471e-02
-2.062441110610961914e+00,2.061742991209030151e-01
5.261241197586059570e-01,-8.744428753852844238e-01
7.377406358718872070e-01,-6.692411899566650391e-01
2.717604398727416992e+00,-1.347368240356445312e+00
3.661826550960540771e-01,6.724276542663574219e-01
9.111526012420654297e-01,-7.528803944587707520e-01
-1.705535203218460083e-01,5.925036072731018066e-01
8.948479890823364258e-01,6.892998218536376953e-01
9.492692947387695312e-01,-7.028176188468933105e-01
-6.445761024951934814e-02,5.383101701736450195e-01
5.253223180770874023e-01,-6.765452027320861816e-02
1.289048075675964355e+00,-3.390438258647918701e-01
1.319488763809204102e+00,6.770622134208679199e-01
1.083502650260925293e+00,5.958660840988159180e-01
1.772999763488769531e+00,2.987609624862670898e+00
-2.202923968434333801e-02,-1.478799223899841309e+00
1.337807655334472656e+00,6.928750872611999512e-01
-5.607110261917114258e-01,1.756766319274902344e+00
-8.581686019897460938e-01,-5.939276888966560364e-02
-7.269531488418579102e-04,-3.481442630290985107e-01
-2.049245357513427734e+00,4.907381236553192139e-01
7.246582210063934326e-02,-1.528429985046386719e+00
-1.237729191780090332e-01,-6.409143209457397461e-01
6.895458698272705078e-01,2.713520824909210205e-01
-1.652633249759674072e-01,-7.600443959236145020e-01
-1.883784770965576172e+00,-1.574787497520446777e-01
-3.427315875887870789e-02,-1.836695224046707153e-01
-9.620258808135986328e-01,2.745819687843322754e-01
-1.219893932342529297e+00,-1.208011627197265625e+00
-1.019335746765136719e+00,8.706037700176239014e-02
-2.212383508682250977e+00,1.195744052529335022e-02
8.888218551874160767e-02,1.544695943593978882e-01
2.457119464874267578e+00,1.723888993263244629e+00
3.660275638103485107e-01,-2.138599634170532227e+00
-1.210641980171203613e+00,-5.203044787049293518e-02
4.388788342475891113e-02,5.174074769020080566e-01
1.821222752332687378e-01,-9.764787554740905762e-01
6.183432340621948242e-01,-1.382444143295288086e+00
-1.400876641273498535e-01,-1.896616816520690918e+00
3.044696152210235596e-01,2.183568328619003296e-01
2.155627965927124023e+00,-5.309808850288391113e-01
2.624172687530517578e+00,-2.290482223033905029e-01
-1.020374536514282227e+00,1.904843375086784363e-02
-5.530821084976196289e-01,-6.977362632751464844e-01
4.357391893863677979e-01,1.231152862310409546e-01
6.688346862792968750e-01,-2.051366090774536133e+00
6.711365282535552979e-02,1.547394096851348877e-01
1.003191232681274414e+00,4.447411298751831055e-01
1.650254726409912109e+00,9.076499938964843750e-01
-2.494098097085952759e-01,-6.018952131271362305e-01
2.513343095779418945e-01,-2.002230659127235413e-02
-1.870323896408081055e+00,6.127534061670303345e-02
1.795465946197509766e+00,2.031921386718750000e+00
-3.314359188079833984e-01,-3.186775445938110352e+00
4.045453071594238281e-01,-1.141796708106994629e+00
1.814587473869323730e+00,6.523486375808715820e-01
-1.061856150627136230e+00,1.141008436679840088e-01
-1.688502311706542969e+00,-2.631188035011291504e-01
-9.943877458572387695e-01,1.720939725637435913e-01
-3.724888563156127930e-01,5.728275179862976074e-01
2.624172687530517578e+00,-2.290482223033905029e-01
7.371164560317993164e-01,-1.714434027671813965e+00
2.016961425542831421e-01,-8.828411698341369629e-01
-7.758311033248901367e-01,3.288161754608154297e-01
6.752854585647583008e-01,-1.161262631416320801e+00
4.654428064823150635e-01,-6.159385442733764648e-01
2.054173469543457031e+00,2.657003641128540039e+00
5.636886358261108398e-01,-1.192339062690734863e+00
-5.198134183883666992e-01,-2.108346670866012573e-01
1.484823346138000488e+00,-2.148004770278930664e+00
-1.039122700691223145e+00,8.802705258131027222e-02
-4.160279631614685059e-01,2.731027901172637939e-01
2.030999511480331421e-01,-9.281731843948364258e-01
8.749986886978149414e-01,-1.093317270278930664e+00
3.101939857006072998e-01,-9.500327706336975098e-01
2.008641362190246582e-01,2.244156897068023682e-01
3.734038025140762329e-02,-2.308685779571533203e+00
5.017869472503662109e-01,-6.851041316986083984e-01
-6.527780294418334961e-01,-1.618299037218093872e-01
1.850970268249511719e+00,4.868076801300048828e+00
-1.007438421249389648e+00,2.873595617711544037e-02
-9.860870838165283203e-01,3.361777663230895996e-01
6.509982347488403320e-01,-1.165516257286071777e+00
-1.669653058052062988e-01,-1.972429156303405762e+00
2.430492877960205078e+00,2.136181831359863281e+00
4.051502048969268799e-01,-1.280525207519531250e+00
-1.102101445198059082e+00,1.678326129913330078e-01
-1.945418417453765869e-01,4.203539788722991943e-01
-9.644851684570312500e-01,2.824389934539794922e-02
1.104649186134338379e+00,3.969276666641235352e+00
1.646534085273742676e+00,-5.567755103111267090e-01
2.550324201583862305e-01,-9.998014569282531738e-01
1.363213181495666504e+00,6.326025724411010742e-01
-1.728196978569030762e+00,-3.214003443717956543e-01
1.207645416259765625e+00,7.150278687477111816e-01
2.263787984848022461e+00,7.599661946296691895e-01
-3.205697834491729736e-01,1.571376025676727295e-01
1.281470060348510742e-01,5.554101467132568359e-01
-8.425770998001098633e-01,4.164563119411468506e-01
1.100328564643859863e-02,-7.002015709877014160e-01
2.748278379440307617e-01,-1.011262536048889160e+00
-9.947190061211585999e-03,-5.017052888870239258e-01
1.871117800474166870e-01,-7.619053125381469727e-01
1.754153847694396973e+00,3.100403547286987305e+00
-1.766345858573913574e+00,1.876103430986404419e-01
9.045528173446655273e-01,-8.741590380668640137e-01
-3.817613720893859863e-01,-1.725697278976440430e+00
-3.991322964429855347e-02,-3.024816811084747314e-01
-4.654312431812286377e-01,-6.179376244544982910e-01
-8.697106838226318359e-01,4.144946038722991943e-01
1.460706949234008789e+00,4.018977582454681396e-01
2.965152263641357422e-01,-1.853294968605041504e+00
-8.809887170791625977e-01,3.884467184543609619e-01
2.578881382942199707e-01,2.661360502243041992e-01
-1.018860697746276855e+00,2.201058715581893921e-01
1.001711964607238770e+00,-2.328785181045532227e+00
1.437653541564941406e+00,2.960220575332641602e-01
2.205379009246826172e-01,3.562251567840576172e+00
1.308076083660125732e-01,-8.622781634330749512e-01
1.636910915374755859e+00,-5.612754225730895996e-01
-7.655264139175415039e-01,3.452824354171752930e-01
-7.367067337036132812e-01,-4.662649631500244141e-01
-8.240408897399902344e-01,-1.995127275586128235e-02
4.044517129659652710e-02,-1.000373721122741699e+00
-2.396074831485748291e-01,-2.368909716606140137e-01
2.517356157302856445e+00,-5.235558509826660156e+00
-1.380644321441650391e+00,3.999463319778442383e-01
5.013775348663330078e+00,-2.430733144283294678e-01
3.963920354843139648e+00,4.540730953216552734e+00
8.866662979125976562e-01,-1.419607698917388916e-01
7.641159296035766602e-01,-1.445699781179428101e-01
-1.643845587968826294e-01,-1.227022856473922729e-01
4.111700654029846191e-01,6.165578588843345642e-02
1.776557683944702148e+00,8.425030112266540527e-01
3.425863087177276611e-01,-1.082814216613769531e+00
2.475264668464660645e-01,1.319612115621566772e-01
-1.178931951522827148e+00,-1.229246377944946289e+00
2.728071510791778564e-01,-1.706598848104476929e-01
-5.141021013259887695e-01,-1.012071132659912109e+00
9.181169271469116211e-01,-1.926528573036193848e+00
2.170741558074951172e-01,-1.018830657005310059e+00
-3.378233313560485840e-02,5.219322443008422852e-01
1.713902950286865234e+00,5.568397641181945801e-01
-1.033789992332458496e+00,1.555024981498718262e-01
-9.981294870376586914e-01,7.205304503440856934e-01
-9.967525005340576172e-01,1.776086837053298950e-01
-9.893846511840820312e-01,2.473471015691757202e-01
1.892122626304626465e+00,1.766445875167846680e+00
-6.524904966354370117e-01,-1.160398960113525391e+00
-7.227332592010498047e-01,-1.652328133583068848e+00
6.066830158233642578e-01,-9.321138858795166016e-01
-2.396436929702758789e-01,3.587424755096435547e-03
3.348535299301147461e-01,-5.698902010917663574e-01
-2.505371809005737305e+00,-2.960712909698486328e+00
1.139061927795410156e+00,-2.374369144439697266e+00
-9.696621894836425781e-01,3.111613988876342773e-01
-5.240194797515869141e-01,-3.978872776031494141e+00
-2.663075208663940430e+00,-7.661942839622497559e-01
-9.358036518096923828e-01,7.058411836624145508e-01
-1.460832357406616211e-01,-1.728906154632568359e+00
-2.582184076309204102e-01,3.746549487113952637e-01
-1.182886719703674316e+00,-5.489177703857421875e-01
-1.618287414312362671e-01,-1.690130829811096191e-01
4.597083330154418945e-01,1.980270594358444214e-01
-9.764248132705688477e-01,2.625246047973632812e-01
-1.199597641825675964e-01,2.826608121395111084e-01
2.489147782325744629e-01,-1.349543690681457520e+00
9.824886918067932129e-03,-7.361092567443847656e-01
2.249381244182586670e-01,6.351621150970458984e-01
1.085010766983032227e+00,-5.226799249649047852e-01
2.249381244182586670e-01,6.351621150970458984e-01
-4.580008089542388916e-01,2.753767728805541992e+00
-1.041579961776733398e+00,-1.116655766963958740e-02
7.118014097213745117e-01,-1.648096561431884766e+00
-1.618287414312362671e-01,-1.690130829811096191e-01
-1.745620608329772949e+00,-1.863133907318115234e-01
4.107661545276641846e-01,1.566336154937744141e-01
-8.860800266265869141e-01,-1.770673096179962158e-01
-2.151976346969604492e+00,3.670512437820434570e-01
-4.930133223533630371e-01,4.973420500755310059e-01
1.579744696617126465e+00,6.590310335159301758e-01
-1.002891898155212402e+00,1.986893266439437866e-01
1.394839584827423096e-01,-1.018343567848205566e+00
1.118232369422912598e+00,-5.695867538452148438e-01
9.299497306346893311e-02,-8.588193058967590332e-01
-9.480249881744384766e-01,4.697906672954559326e-01
2.897047698497772217e-01,-8.440413475036621094e-01
-8.381259441375732422e-01,-4.220224320888519287e-01
1.267799258232116699e+00,-2.064514636993408203e+00
-1.479014873504638672e+00,1.081039458513259888e-01
-2.598003298044204712e-02,-4.687822982668876648e-02
-6.406787633895874023e-01,4.931012690067291260e-01
1.412161588668823242e+00,-1.988517642021179199e+00
-3.086406588554382324e-01,6.133076548576354980e-01
5.118968009948730469e+00,1.521492719650268555e+00
-1.170844316482543945e+00,3.631869331002235413e-02
-9.004225730895996094e-01,4.634047746658325195e-01
-9.101724624633789062e-01,7.315483093261718750e-01
2.541297674179077148e+00,1.027069091796875000e+00
-5.153021216392517090e-02,7.447599768638610840e-01
2.894724845886230469e+00,1.259954452514648438e+00
2.116336077451705933e-01,3.114249467849731445e+00
-1.059603452682495117e+00,2.668915092945098877e-01
-1.918177902698516846e-01,-4.460927248001098633e-01
-2.558495998382568359e-01,3.050955832004547119e-01
-9.930166006088256836e-01,1.736631989479064941e-01
-2.061229348182678223e-01,4.014902412891387939e-01
4.306323081254959106e-02,-4.301856085658073425e-02
-3.757900297641754150e-01,-4.659668207168579102e-01
5.013775348663330078e+00,-2.430733144283294678e-01
2.327959060668945312e+00,-8.299364447593688965e-01
-1.173337221145629883e+00,-1.506565958261489868e-01
1.877525448799133301e+00,7.234736084938049316e-01
1.985991001129150391e-01,2.676218450069427490e-01
-8.688048124313354492e-01,3.774396777153015137e-01
2.696584939956665039e+00,1.446422934532165527e+00
5.555723905563354492e-01,-1.272167921066284180e+00
3.016167879104614258e+00,-5.842848420143127441e-01
-1.651850342750549316e-01,3.677010834217071533e-01
4.658912718296051025e-01,-8.542282581329345703e-01
-7.885782718658447266e-01,-1.957427710294723511e-02
-1.042870640754699707e+00,1.778978705406188965e-01
3.580400049686431885e-01,-1.026474595069885254e+00
-6.903965771198272705e-02,6.392807960510253906e-01
1.232029944658279419e-01,7.702671885490417480e-01
-2.224996566772460938e+00,-8.294862508773803711e-01
3.796094655990600586e-01,-3.728160262107849121e-01
2.814141213893890381e-01,-7.050697207450866699e-01
-3.895805478096008301e-01,4.829576611518859863e-01
-7.269531488418579102e-04,-3.481442630290985107e-01
1.259886324405670166e-01,-3.676652669906616211e+00
2.207005620002746582e-01,-1.375970125198364258e+00
-2.920492887496948242e-01,3.460025787353515625e-01
3.322822570800781250e+00,-6.609660387039184570e-01
5.339905619621276855e-02,2.470055818557739258e+00
4.971490800380706787e-01,-6.644952297210693359e-01
-1.147786304354667664e-01,-2.584314048290252686e-01
3.593969643115997314e-01,-7.071530222892761230e-01
-7.303577661514282227e-01,1.353140734136104584e-02
2.359700679779052734e+00,1.449711441993713379e+00
2.056219100952148438e+00,-6.238361597061157227e-01
1.650254726409912109e+00,9.076499938964843750e-01
-8.775794506072998047e-02,2.012759685516357422e+00
3.666833341121673584e-01,-1.716426849365234375e+00
1.313881397247314453e+00,-1.926795482635498047e+00
-7.758311033248901367e-01,3.288161754608154297e-01
4.529728889465332031e-01,-9.762756228446960449e-01
2.302806377410888672e+00,-1.713405013084411621e+00
-2.811316549777984619e-01,6.869906783103942871e-01
1.777284741401672363e+00,6.378614306449890137e-01
-9.832708835601806641e-01,7.883712649345397949e-02
1.539275795221328735e-01,-1.002655029296875000e-01
-9.382444620132446289e-01,2.687501609325408936e-01
5.150234699249267578e-01,-1.302117466926574707e+00
-4.076820611953735352e-01,2.691750288009643555e+00
-1.949702650308609009e-01,3.157591223716735840e-01
-1.027825832366943359e+00,2.438990920782089233e-01
-5.172072649002075195e-01,9.172546863555908203e-02
2.328735351562500000e+00,-1.149172782897949219e-01
-9.796694517135620117e-01,1.949862241744995117e-01
8.356820791959762573e-02,-4.555385410785675049e-01
8.312865495681762695e-01,-1.748611211776733398e+00
-1.226608008146286011e-01,3.030730485916137695e+00
1.046849131584167480e+00,-1.636219978332519531e+00
-9.801106452941894531e-01,-5.074194669723510742e-01
2.282834649085998535e-01,-8.221493959426879883e-01
4.398251324892044067e-02,2.411354333162307739e-02
1.795465946197509766e+00,2.031921386718750000e+00
-2.473533898591995239e-01,2.504770159721374512e-01
8.165874481201171875e-01,6.810591816902160645e-01
4.306323081254959106e-02,-4.301856085658073425e-02
1.574309349060058594e+00,-1.495657324790954590e+00
-1.500220000743865967e-01,-3.035824894905090332e-01
-9.903068542480468750e-01,3.123214840888977051e-01
-4.464949965476989746e-01,-8.383211493492126465e-01
9.177435636520385742e-01,-9.273071885108947754e-01
-4.628113210201263428e-01,3.826389908790588379e-01
6.404697895050048828e-01,-1.364319205284118652e+00
2.694919109344482422e-01,-5.467587113380432129e-01
-1.797374010086059570e+00,2.133743613958358765e-01
7.181437015533447266e-01,-2.654977798461914062e+00
6.452351808547973633e-01,-6.842501759529113770e-01
1.546204239130020142e-01,-1.590977311134338379e+00
1.486459612846374512e+00,5.098043084144592285e-01
-9.756466150283813477e-01,1.123629063367843628e-01
-7.012052536010742188e-01,2.390044212341308594e+00
-2.158231735229492188e+00,3.849056065082550049e-01
2.047340720891952515e-01,-5.146943330764770508e-01
-1.332710869610309601e-02,-1.047806888818740845e-01
-9.898651838302612305e-01,3.994544744491577148e-01
1.850455403327941895e+00,-5.985580086708068848e-01
1.468588590621948242e+00,6.948872208595275879e-01
-8.830689191818237305e-01,-1.144614458084106445e+00
-1.934821009635925293e+00,-1.684184819459915161e-01
3.963920354843139648e+00,4.540730953216552734e+00
1.716711044311523438e+00,-4.640212655067443848e-01
7.639459371566772461e-01,-1.620294213294982910e+00
-1.013664007186889648e+00,7.905535399913787842e-02
2.993499934673309326e-01,-8.814337849617004395e-01
-9.944444894790649414e-01,5.858224630355834961e-01
1.630682945251464844e+00,7.106113433837890625e-02
-1.873732089996337891e+00,8.827926218509674072e-02
5.842164754867553711e-01,9.412744641304016113e-02
1.390432715415954590e+00,-1.177551746368408203e+00
7.713707685470581055e-01,6.988207101821899414e-01
-1.498404741287231445e-01,5.081267356872558594e-01
2.395277261734008789e+00,9.012010097503662109e-01
-4.833321645855903625e-02,2.068181186914443970e-01
-2.274008840322494507e-01,3.097734153270721436e-01
-4.522283673286437988e-01,1.663263559341430664e+00
8.367550373077392578e-01,5.877479314804077148e-01
-2.213912904262542725e-01,6.951995193958282471e-02
-1.592081069946289062e+00,-7.858727127313613892e-03
1.094702363014221191e+00,-3.382110834121704102e+00
1.614515185356140137e+00,-4.692022204399108887e-01
-2.891643047332763672e+00,4.216782748699188232e-01
-1.830710053443908691e+00,-1.484183907508850098e+00
1.311808943748474121e+00,2.306044101715087891e+00
-1.238636374473571777e-01,-2.227243185043334961e-01
-1.121281147003173828e+00,4.073093831539154053e-01
1.787877917289733887e+00,-6.137223243713378906e-01
-6.926429271697998047e-01,2.640913963317871094e+00
6.178330183029174805e-01,-3.353834390640258789e+00
8.320729732513427734e-01,-2.042863845825195312e+00
2.839477062225341797e-01,-6.424711346626281738e-01
1.420970320701599121e+00,-1.349354028701782227e+00
7.254771888256072998e-02,-1.221551448106765747e-01
-6.877710819244384766e-01,-3.305178165435791016e+00
-2.104804515838623047e+00,-8.422090411186218262e-01
3.741613328456878662e-01,-1.159820675849914551e+00
-7.733049392700195312e-01,-8.297565579414367676e-01
-6.173000335693359375e-01,4.316010698676109314e-02
1.139061927795410156e+00,-2.374369144439697266e+00
1.446123957633972168e+00,-1.334925293922424316e+00
-4.744801223278045654e-01,5.327213406562805176e-01
-7.294852733612060547e-01,-1.907284408807754517e-01
2.155627965927124023e+00,-5.309808850288391113e-01
1.348394632339477539e+00,1.293084383010864258e+00
2.255004882812500000e+00,-2.314744949340820312e+00
8.370052278041839600e-02,-1.879819780588150024e-01
-4.218273758888244629e-01,3.062456287443637848e-02
1.413800477981567383e+00,-2.765792906284332275e-01
2.346868515014648438e-01,1.821587681770324707e+00
-3.313588798046112061e-01,-1.785055875778198242e+00
4.375047683715820312e+00,-1.026314973831176758e+00
-1.437185883522033691e+00,1.352507352828979492e+00
-1.001229763031005859e+00,2.611667513847351074e-01
-8.174118399620056152e-02,2.107246398925781250e+00
6.287149190902709961e-01,-1.213892102241516113e+00
9.227728843688964844e-02,5.224366486072540283e-02
-6.776850223541259766e-01,-4.039537012577056885e-01
-1.406547874212265015e-01,-1.881434917449951172e-01
2.217342257499694824e-01,3.517757058143615723e-01
1.746355056762695312e+00,1.196701169013977051e+00
-8.710061311721801758e-01,-7.083159685134887695e-02
-1.075703859329223633e+00,1.373558938503265381e-01
-9.439712762832641602e-01,3.715021312236785889e-01
2.349847793579101562e+00,-2.022633552551269531e+00
-2.258320152759552002e-01,6.790694594383239746e-02
-2.505248069763183594e+00,6.266344785690307617e-01
1.079236865043640137e-01,-1.609640240669250488e+00
1.167316436767578125e+00,5.001257061958312988e-01
8.359792232513427734e-01,-1.108895897865295410e+00
1.162272691726684570e+00,-4.511168479919433594e+00
2.164652347564697266e+00,-9.163930416107177734e-01
-3.551072478294372559e-01,3.925417363643646240e-01
-1.018660902976989746e+00,4.537217915058135986e-01
-1.935612857341766357e-01,-1.969513535499572754e+00
1.795019656419754028e-01,-2.339533567428588867e+00
-3.763433173298835754e-02,-1.083890318870544434e+00
-1.687292456626892090e-01,-1.130468696355819702e-01
-7.733049392700195312e-01,-8.297565579414367676e-01
-5.111603438854217529e-02,-6.528893709182739258e-01
-8.359949588775634766e-01,-4.362282529473304749e-02
-2.018712759017944336e+00,1.522368490695953369e-01
2.192983627319335938e+00,-7.936878204345703125e-01
-9.743719100952148438e-01,1.736475378274917603e-01
3.113259553909301758e+00,1.257468819618225098e+00
1.261392235755920410e+00,-5.014616847038269043e-01
6.752854585647583008e-01,-1.161262631416320801e+00
-5.249937772750854492e-01,1.107365079224109650e-02
-1.006226301193237305e+00,7.809030264616012573e-02
6.649525165557861328e-01,4.379006922245025635e-01
-2.018832683563232422e+00,1.412938684225082397e-01
1.599421948194503784e-01,-9.617190361022949219e-01
1.127368330955505371e+00,-1.190868616104125977e+00
-9.860924482345581055e-01,1.468008905649185181e-01
3.818669617176055908e-01,-6.230432987213134766e-01
-3.271653354167938232e-01,-6.939243674278259277e-01
-2.053290128707885742e+00,4.910613000392913818e-01
5.006872415542602539e-01,3.710525751113891602e+00
-3.332018256187438965e-01,2.225492894649505615e-01
-1.004087448120117188e+00,7.331493496894836426e-01
2.471056580543518066e-02,2.099755406379699707e-01
-1.024454355239868164e+00,2.724499106407165527e-01
-1.899274945259094238e+00,-1.982035636901855469e-01
2.728071510791778564e-01,-1.706598848104476929e-01
-1.112415671348571777e+00,-2.571121454238891602e-01
-1.005132794380187988e+00,-2.847692370414733887e-01
-5.527518987655639648e-01,6.378968358039855957e-01
1.262020468711853027e-01,-6.460556387901306152e-02
1.096297502517700195e+00,4.159789979457855225e-01
-1.921889185905456543e+00,9.465047717094421387e-02
6.606310606002807617e-01,-2.521704912185668945e+00
7.916102409362792969e-01,-9.926515221595764160e-01
-1.472108811140060425e-01,-4.538107812404632568e-01
4.270429313182830811e-01,-6.446172595024108887e-01
1.175424218177795410e+00,-2.627679347991943359e+00
2.379620075225830078e-01,-1.778575062751770020e+00
6.094235181808471680e-02,-1.451764583587646484e+00
2.016961425542831421e-01,-8.828411698341369629e-01
-4.912459850311279297e-01,-1.756412506103515625e+00
-1.552100181579589844e-01,-1.817122101783752441e-01
-9.136377573013305664e-01,1.281300663948059082e+00
-1.041893482208251953e+00,8.498910069465637207e-02
-2.812249183654785156e+00,5.960501432418823242e-01
-1.462475657463073730e+00,-1.366523206233978271e-01
-2.335450798273086548e-01,2.861379981040954590e-01
-3.664587810635566711e-02,-1.775822401046752930e+00
1.909390330314636230e+00,7.461036443710327148e-01
2.470089495182037354e-01,2.674219846725463867e+00
1.098846435546875000e+00,-7.598192095756530762e-01
9.111526012420654297e-01,-7.528803944587707520e-01
1.054641962051391602e+00,-1.338120102882385254e+00
-3.156457841396331787e-01,8.850989341735839844e-01
4.586572945117950439e-01,2.701070785522460938e+00
7.642753124237060547e-01,-1.934259772300720215e+00
1.038305044174194336e+00,-1.050333499908447266e+00
-1.380644321441650391e+00,3.999463319778442383e-01
2.189825057983398438e+00,8.838765621185302734e-01
1.234462857246398926e+00,-1.882357001304626465e+00
-2.591793537139892578e-01,2.321261614561080933e-01
7.635418176651000977e-01,-9.248887300491333008e-01
-1.406547874212265015e-01,-1.881434917449951172e-01
1.661378026008605957e+00,-5.236802697181701660e-01
2.794273495674133301e-01,9.423651695251464844e-01
7.750988006591796875e-01,-8.869367837905883789e-01
6.353650093078613281e-01,-1.585329413414001465e+00
3.334748744964599609e-01,-6.174023747444152832e-01
8.139884471893310547e-01,-1.540037989616394043e+00
-4.005884826183319092e-01,-2.800975441932678223e-01
-6.421129703521728516e-01,1.927866578102111816e+00
-8.299823999404907227e-01,-4.929611682891845703e-01
8.251681327819824219e-01,5.458456516265869141e+00
-1.151024460792541504e+00,6.436771154403686523e-02
-9.731397628784179688e-01,-9.249299764633178711e-02
1.092007875442504883e+00,-1.103477120399475098e+00
5.024225711822509766e-01,-3.538703322410583496e-01
6.948750019073486328e-01,-6.829968690872192383e-01
1.090694189071655273e+00,4.594428241252899170e-01
2.605798006057739258e+00,-2.030550003051757812e+00
-1.450848460197448730e+00,-2.735452055931091309e-01
-1.287665128707885742e+00,2.158805541694164276e-02
-6.693415641784667969e-01,1.324694752693176270e+00
4.394028782844543457e-01,1.683803677558898926e+00
-1.210450887680053711e+00,-2.619496881961822510e-01
-1.388756558299064636e-02,-1.310861468315124512e+00
-3.317722558975219727e+00,-1.336893677711486816e+00
-1.664331555366516113e-01,-4.435558021068572998e-01
-8.677476644515991211e-01,-2.980910614132881165e-02
-9.620258808135986328e-01,2.745819687843322754e-01
2.569094672799110413e-02,-9.301599860191345215e-01
1.899357318878173828e+00,-2.656495273113250732e-01
-2.384950071573257446e-01,2.165009975433349609e-01
6.692048311233520508e-01,-1.645401000976562500e+00
-3.384409844875335693e-01,4.135398268699645996e-01
-3.555108904838562012e-01,2.747392654418945312e-02
-1.057363271713256836e+00,-6.789885759353637695e-01
1.854467511177062988e+00,4.364869892597198486e-01
1.154314398765563965e+00,-9.341968297958374023e-01
-1.071927666664123535e+00,1.011143326759338379e-01
7.778362035751342773e-01,-2.198836565017700195e+00
-1.901434659957885742e+00,1.408090889453887939e-01
-1.818790435791015625e+00,3.535322546958923340e-01
4.040238261222839355e-01,-5.253909826278686523e-01
-2.856239080429077148e-01,-2.601857185363769531e+00
3.907175064086914062e-01,-1.099004983901977539e+00
-8.299823999404907227e-01,-4.929611682891845703e-01
-2.429540157318115234e-01,5.601615905761718750e-01
-9.513865709304809570e-01,1.113208532333374023e-01
5.810344219207763672e-01,-7.836514711380004883e-01
-3.308465778827667236e-01,-1.774996399879455566e+00
-6.734577417373657227e-01,2.755842506885528564e-01
5.405806303024291992e-01,-7.909587621688842773e-01
-3.279140293598175049e-01,5.857624411582946777e-01
-8.070789575576782227e-01,-1.061647891998291016e+00
-8.851655721664428711e-01,1.893424093723297119e-01
-7.065632343292236328e-01,3.977535963058471680e-01
-7.556624412536621094e-01,1.161555051803588867e+00
-1.111919045448303223e+00,1.874019205570220947e-02
7.548514604568481445e-01,1.410218179225921631e-01
-1.899274945259094238e+00,-1.982035636901855469e-01
-1.124592721462249756e-01,-1.707735419273376465e+00
5.702335834503173828e-01,1.648800611495971680e+00
2.502954006195068359e+00,-1.824429780244827271e-01
-9.956550598144531250e-01,1.459269970655441284e-01
-1.194091588258743286e-01,-6.374731659889221191e-02
-8.959135413169860840e-02,-6.109669208526611328e-01
6.102199554443359375e-01,-7.855802178382873535e-01
1.550613790750503540e-01,3.249546527862548828e+00
2.489147782325744629e-01,-1.349543690681457520e+00
4.910893142223358154e-01,-1.122986435890197754e+00
-3.790861666202545166e-01,7.302796840667724609e-02
4.423073232173919678e-01,-2.534404516220092773e+00
6.159893423318862915e-02,-1.175301074981689453e-01
-1.186469793319702148e-01,1.718518137931823730e-01
1.351600170135498047e+00,7.431363463401794434e-01
-8.551290035247802734e-01,7.212417200207710266e-03
-1.015448942780494690e-01,-7.313532829284667969e-01
4.704723060131072998e-01,-7.881710529327392578e-01
4.065232753753662109e+00,1.230696558952331543e+00
1.347842097282409668e+00,-2.399238109588623047e+00
-7.367067337036132812e-01,-4.662649631500244141e-01
-7.422240078449249268e-02,-2.135601282119750977e+00
-1.772651910781860352e+00,-1.543445110321044922e+00
-2.856239080429077148e-01,-2.601857185363769531e+00
-1.011415362358093262e+00,-4.076341390609741211e-01
-9.762051105499267578e-01,2.467632889747619629e-01
-9.289568662643432617e-01,7.281788587570190430e-01
-5.679860115051269531e-01,-1.386457800865173340e+00
-1.195687055587768555e+00,1.180227637290954590e+00
9.014732837677001953e-01,-2.104905128479003906e+00
1.162272691726684570e+00,-4.511168479919433594e+00
2.932550907135009766e+00,8.981233239173889160e-01
-1.032548904418945312e+00,5.887871235609054565e-02
-4.079786241054534912e-01,1.073167175054550171e-01
1.019668340682983398e+00,9.898194074630737305e-01
1.205941796302795410e+00,5.680586695671081543e-01
-3.440117597579956055e+00,-9.434924125671386719e-01
-1.168906807899475098e+00,-1.663930714130401611e-03
-2.031982898712158203e+00,-2.122407704591751099e-01
-6.671429872512817383e-01,-1.098176240921020508e+00
5.806483030319213867e-01,-1.542229652404785156e+00
1.218537092208862305e+00,4.070963859558105469e-01
-4.171386957168579102e-01,-2.354968547821044922e+00
4.517813920974731445e-01,-1.321340918540954590e+00
1.472811341285705566e+00,1.165477633476257324e+00
-5.467627048492431641e-01,-1.229062676429748535e+00
-1.711961030960083008e-01,-3.064290583133697510e-01
9.866495430469512939e-02,-7.643895149230957031e-01
-1.082989692687988281e+00,-1.203140020370483398e+00
-4.835825562477111816e-01,3.005846023559570312e+00
-9.805756807327270508e-01,-7.102292776107788086e-02
1.420069038867950439e-01,-8.012998104095458984e-01
4.346622526645660400e-01,-7.818687558174133301e-01
3.123393774032592773e+00,-5.340531095862388611e-02
1.588344812393188477e+00,-6.254528760910034180e-01
2.594643831253051758e-01,2.103410512208938599e-01
-1.004224658012390137e+00,7.182213068008422852e-01
7.358703613281250000e-01,5.535414218902587891e-01
-2.123115062713623047e+00,5.023527145385742188e-01
-7.045776844024658203e-01,-2.701383113861083984e+00
-2.943069860339164734e-02,2.617045640945434570e-01
-2.212383508682250977e+00,1.195744052529335022e-02
1.319488763809204102e+00,6.770622134208679199e-01
-9.524668455123901367e-01,2.981323301792144775e-01
8.139620721340179443e-02,-1.008162975311279297e+00
-1.598477005958557129e+00,-2.307141721248626709e-01
8.359792232513427734e-01,-1.108895897865295410e+00
2.328735351562500000e+00,-1.149172782897949219e-01
9.997165203094482422e-01,8.360170722007751465e-01
-1.356582164764404297e+00,-4.988844990730285645e-01
-9.743212461471557617e-01,3.304243460297584534e-02
6.625767946243286133e-01,-2.342762470245361328e+00
4.799150526523590088e-01,-7.576985955238342285e-01
1.444051146507263184e+00,-4.090676605701446533e-01
2.158716619014739990e-01,-2.466409504413604736e-01
8.823217153549194336e-01,-4.242678880691528320e-01
-9.274829626083374023e-01,3.830315768718719482e-01
6.770160198211669922e-01,5.069863200187683105e-01
7.928735017776489258e-01,-9.067090749740600586e-01
1.633975982666015625e+00,7.026312351226806641e-01
1.494211107492446899e-01,-1.216271042823791504e+00
-4.049203097820281982e-01,1.270091235637664795e-01
8.305683135986328125e-01,-1.390604138374328613e+00
2.359700679779052734e+00,1.449711441993713379e+00
-1.007435679435729980e+00,8.345067501068115234e-02
-1.005132794380187988e+00,-2.847692370414733887e-01
2.108216285705566406e+00,-1.241515576839447021e-01
2.164652347564697266e+00,-9.163930416107177734e-01
-1.364152282476425171e-01,4.095932096242904663e-02
9.070382118225097656e-01,2.393606007099151611e-01
-2.061229348182678223e-01,4.014902412891387939e-01
3.745797574520111084e-01,-1.316538810729980469e+00
2.239291965961456299e-01,-1.434207677841186523e+00
1.198372244834899902e+00,-1.381272435188293457e+00
4.423073232173919678e-01,-2.534404516220092773e+00
6.163895130157470703e-01,4.034565389156341553e-01
-2.405795335769653320e+00,8.919539451599121094e-01
-1.012691617012023926e+00,6.037734821438789368e-02
-1.606310009956359863e-01,-1.397301703691482544e-01
1.085010766983032227e+00,-5.226799249649047852e-01
1.041385531425476074e+00,-9.071582555770874023e-01
-5.877104997634887695e-01,1.429271996021270752e-01
9.826027154922485352e-01,-7.483385205268859863e-01
3.117072582244873047e-01,-9.695143103599548340e-01
4.270429313182830811e-01,-6.446172595024108887e-01
1.998389363288879395e+00,-1.178120851516723633e+00
-4.160816073417663574e-01,-9.980154633522033691e-01
-9.361273050308227539e-01,-3.308365643024444580e-01
-9.898651838302612305e-01,3.994544744491577148e-01
3.113105893135070801e-01,-6.130069494247436523e-01
-2.686839103698730469e-01,3.298777341842651367e-01
-6.421129703521728516e-01,1.927866578102111816e+00
1.308076083660125732e-01,-8.622781634330749512e-01
1.460711479187011719e+00,-8.549024462699890137e-01
-2.496649622917175293e-01,-3.773287832736968994e-01
1.428685784339904785e+00,1.069009542465209961e+00
1.178838729858398438e+00,-2.488522231578826904e-01
1.633975982666015625e+00,7.026312351226806641e-01
-1.070094347000122070e+00,3.651148676872253418e-01
2.703387737274169922e-01,-6.105191707611083984e-01
5.987864732742309570e-01,-1.390261888504028320e+00
2.673141658306121826e-03,-4.559360072016716003e-02
3.072916567325592041e-01,-2.590246200561523438e+00
-9.371459484100341797e-01,2.796264290809631348e-01
-4.968644678592681885e-02,4.982762336730957031e-01
4.346622526645660400e-01,-7.818687558174133301e-01
1.484823346138000488e+00,-2.148004770278930664e+00
2.747918665409088135e-01,-1.006232857704162598e+00
-1.156286478042602539e+00,8.772757649421691895e-02
1.046849131584167480e+00,-1.636219978332519531e+00
-1.749017119407653809e+00,-9.252278804779052734e-01
1.374963372945785522e-01,-1.161785721778869629e-01
1.507355213165283203e+00,-4.173977077007293701e-01
1.350292861461639404e-01,1.147323101758956909e-01
3.535581350326538086e+00,-1.982491612434387207e+00
-1.967797577381134033e-01,-7.584783434867858887e-01
-1.014980554580688477e+00,6.610412150621414185e-03
-5.374768972396850586e-01,-7.054588198661804199e-02
-9.819647073745727539e-01,2.216179668903350830e-02
1.766638994216918945e+00,-7.018027901649475098e-01
6.103018522262573242e-01,-4.134960770606994629e-01
-2.062441110610961914e+00,2.061742991209030151e-01
2.258830517530441284e-02,-1.584220290184020996e+00
1.981715559959411621e-01,-6.097787022590637207e-01
-1.020374536514282227e+00,1.904843375086784363e-02
1.756456136703491211e+00,9.037923216819763184e-01
1.746355056762695312e+00,1.196701169013977051e+00
-9.109209477901458740e-02,-3.639819622039794922e-01
-2.598003298044204712e-02,-4.687822982668876648e-02
-9.682977199554443359e-01,2.581666111946105957e-01
5.864393711090087891e-01,-8.708521127700805664e-01
-3.286265432834625244e-01,-2.953243628144264221e-02
-1.030122876167297363e+00,2.319851666688919067e-01
-9.798886775970458984e-01,2.484368383884429932e-01
-4.968644678592681885e-02,4.982762336730957031e-01
-9.454923868179321289e-01,6.338844895362854004e-01
5.523838996887207031e-01,-1.283131122589111328e+00
-9.956550598144531250e-01,1.459269970655441284e-01
-3.205697834491729736e-01,1.571376025676727295e-01
1.462724685668945312e+00,5.559266209602355957e-01
-9.349678754806518555e-01,8.105320930480957031e-01
-6.959296762943267822e-02,-1.926533222198486328e+00
-1.233451440930366516e-02,-6.746409535408020020e-01
6.178330183029174805e-01,-3.353834390640258789e+00
4.277667045593261719e+00,-2.208281278610229492e+00
2.598299384117126465e-01,-7.799463272094726562e-01
-1.143420577049255371e+00,-8.675824403762817383e-01
-8.750143051147460938e-01,5.641403794288635254e-02
-1.174269080162048340e+00,-1.304575502872467041e-01
1.328703403472900391e+00,1.641685366630554199e-01
2.694919109344482422e-01,-5.467587113380432129e-01
-4.218273758888244629e-01,3.062456287443637848e-02
1.205574750900268555e+00,9.381743073463439941e-01
-1.525344371795654297e+00,2.312536716461181641e+00
-1.061856150627136230e+00,1.141008436679840088e-01
2.242839097976684570e+00,4.477400302886962891e+00
2.188199281692504883e+00,8.944566845893859863e-01
-9.998384714126586914e-01,1.687692105770111084e-01
-2.018832683563232422e+00,1.412938684225082397e-01
9.232008457183837891e-02,-1.365333676338195801e+00
-1.921889185905456543e+00,9.465047717094421387e-02
3.491272628307342529e-01,-1.522225260734558105e+00
8.137784004211425781e-01,-1.235976099967956543e+00
4.142549037933349609e-01,-1.656455636024475098e+00
7.946911454200744629e-02,6.160824894905090332e-01
-8.947747945785522461e-01,-3.910774588584899902e-01
-2.426318168640136719e+00,-1.382023453712463379e+00
-6.193679571151733398e-01,-1.423105895519256592e-01
1.630682945251464844e+00,7.106113433837890625e-02
-1.990009188652038574e+00,2.228711098432540894e-01
-1.007438421249389648e+00,2.873595617711544037e-02
3.295817375183105469e-01,-7.527954578399658203e-01
6.393003463745117188e-01,-3.781347572803497314e-01
-9.673477411270141602e-01,2.911187708377838135e-01
-1.687292456626892090e-01,-1.130468696355819702e-01
2.037640810012817383e+00,-5.214607119560241699e-01
8.823217153549194336e-01,-4.242678880691528320e-01
-9.274829626083374023e-01,3.830315768718719482e-01
8.367550373077392578e-01,5.877479314804077148e-01
2.226718366146087646e-01,-1.803256273269653320e-01
2.386116981506347656e+00,-3.100782930850982666e-01
-7.065632343292236328e-01,3.977535963058471680e-01
-4.160816073417663574e-01,-9.980154633522033691e-01
-1.084574460983276367e+00,1.854676753282546997e-01
-9.480352401733398438e-01,3.134610354900360107e-01
1.375517249107360840e+00,9.226329326629638672e-01
-3.039539456367492676e-01,-3.930960595607757568e-01
-1.832379214465618134e-02,-6.633155941963195801e-01
1.517874479293823242e+00,2.736948966979980469e+00
2.118815660476684570e+00,-7.256316542625427246e-01
2.452004253864288330e-01,-6.890450119972229004e-01
9.040340781211853027e-02,-3.370856121182441711e-02
-7.823567390441894531e-01,5.913621783256530762e-01
-2.121533453464508057e-01,-1.129570841789245605e+00
4.340896904468536377e-01,-5.541935563087463379e-01
-1.609797775745391846e-01,-6.393051147460937500e-02
-1.335386335849761963e-01,-3.304281458258628845e-02
4.327818155288696289e-01,1.560663431882858276e-01
-1.041893482208251953e+00,8.498910069465637207e-02
-9.138395786285400391e-01,6.269272416830062866e-03
5.405806303024291992e-01,-7.909587621688842773e-01
1.431436091661453247e-02,-1.115960001945495605e+00
2.517356157302856445e+00,-5.235558509826660156e+00
2.428008079528808594e+00,-3.319045901298522949e-01
1.446611762046813965e+00,2.513604640960693359e+00
1.424004197120666504e+00,5.893278717994689941e-01
1.171707391738891602e+00,-3.786067008972167969e+00
-1.814359545707702637e+00,-7.906997203826904297e-01
-4.617089033126831055e-01,-1.666891098022460938e+00
1.348394632339477539e+00,1.293084383010864258e+00
2.621647357940673828e+00,2.828757762908935547e+00
6.858600378036499023e-01,-1.999273896217346191e-01
-9.799387454986572266e-01,-4.526207447052001953e-01
-8.925578594207763672e-01,-4.999379441142082214e-02
-1.225158214569091797e+00,3.547220230102539062e-01
-7.866817712783813477e-01,-1.106832027435302734e-01
-8.383640050888061523e-01,5.212599635124206543e-01
-1.014967083930969238e+00,3.635853528976440430e-01
-5.249422788619995117e-01,-1.669031858444213867e+00
1.916869431734085083e-01,2.274456918239593506e-01
1.090262174606323242e+00,-1.579478263854980469e+00
-1.007390975952148438e+00,-1.024977684020996094e+00
-1.001267790794372559e+00,1.329344213008880615e-01
-5.342267155647277832e-01,-2.264969050884246826e-01
6.449581384658813477e-01,-7.801734209060668945e-01
-2.015825957059860229e-01,-7.993925809860229492e-01
-7.262848317623138428e-02,-7.660041451454162598e-01
-8.718698024749755859e-01,-6.017634868621826172e-01
4.860769808292388916e-01,-1.580875992774963379e+00
-7.526274025440216064e-02,-5.403673052787780762e-01
-1.092648506164550781e+00,2.759487628936767578e-01
-4.568988680839538574e-01,-1.647421956062316895e+00
3.770865917205810547e+00,1.425929784774780273e+00
2.104557454586029053e-01,2.524243295192718506e-01
2.235444188117980957e-01,-9.728180766105651855e-01
-4.199564456939697266e-03,-8.091995120048522949e-02
-2.756927013397216797e-01,-3.172564983367919922e+00
-1.581752896308898926e+00,3.729462027549743652e-01
-9.676573276519775391e-01,5.791134238243103027e-01
3.015900135040283203e+00,-2.370256781578063965e-01
1.052786111831665039e+00,-2.122886896133422852e+00
-1.768432408571243286e-01,2.268486469984054565e-02
6.466636657714843750e-01,-1.889139056205749512e+00
2.943417131900787354e-01,1.725554585456848145e+00
-1.349985480308532715e+00,-1.232821106910705566e+00
-2.165211915969848633e+00,3.719758391380310059e-01
-9.616758823394775391e-01,9.570888876914978027e-01
2.170741558074951172e-01,-1.018830657005310059e+00
9.536591768264770508e-01,-9.023000597953796387e-01
2.733283936977386475e-01,-5.168066620826721191e-01
-2.429540157318115234e-01,5.601615905761718750e-01
4.920323789119720459e-01,-4.867151260375976562e+00
2.993499934673309326e-01,-8.814337849617004395e-01
3.726460933685302734e-01,1.991349339485168457e+00
-5.299587249755859375e-01,-6.328172683715820312e-01
-2.834775686264038086e+00,5.917589664459228516e-01
-2.949583232402801514e-01,-7.959719300270080566e-01
2.733283936977386475e-01,-5.168066620826721191e-01
-1.367078661918640137e+00,1.978780925273895264e-01
1.009576797485351562e+00,-8.667752146720886230e-01
1.060771226882934570e+00,5.300152897834777832e-01
-1.059927940368652344e+00,-6.032944321632385254e-01
-7.938983440399169922e-01,-3.121956586837768555e+00
1.068773120641708374e-01,1.277054190635681152e+00
2.845763266086578369e-01,-5.486852526664733887e-01
1.878746300935745239e-01,2.533665299415588379e-01
-9.844117164611816406e-01,9.194023162126541138e-02
1.420970320701599121e+00,-1.349354028701782227e+00
1.553355813026428223e+00,2.803780794143676758e+00
3.196200370788574219e+00,8.540758490562438965e-01
-9.706357717514038086e-01,-1.146629095077514648e+00
-6.020388603210449219e-01,-5.041725039482116699e-01
-1.096452996134757996e-01,-1.917175889015197754e+00
-3.417157530784606934e-01,1.151760816574096680e+00
7.969888448715209961e-01,-1.495236039161682129e+00
1.023592233657836914e+00,-1.507207512855529785e+00
-1.874027699232101440e-01,-3.735601007938385010e-01
-9.948824644088745117e-01,4.024705588817596436e-01
1.693169176578521729e-01,8.878782987594604492e-01
-1.813429594039916992e+00,-1.814299106597900391e+00
2.349847793579101562e+00,-2.022633552551269531e+00
4.799150526523590088e-01,-7.576985955238342285e-01
-2.247913599014282227e+00,-7.934451699256896973e-01
-3.706194877624511719e+00,-1.791905015707015991e-01
2.195018529891967773e+00,7.289255261421203613e-01
-1.519525766372680664e+00,-7.940844297409057617e-01
-2.549225568771362305e+00,6.140795350074768066e-01
3.118419647216796875e+00,-2.313822031021118164e+00
-1.877725362777709961e+00,-2.362207770347595215e-01
-1.479014873504638672e+00,1.081039458513259888e-01
3.776200413703918457e-01,5.839217305183410645e-01
-1.173337221145629883e+00,-1.506565958261489868e-01
1.826335191726684570e-01,2.199679054319858551e-02
-8.837171792984008789e-01,-1.299150288105010986e-02
4.419491291046142578e-01,-2.236925125122070312e+00
-2.901499986648559570e+00,3.218393921852111816e-01
1.433854341506958008e+00,-2.081524372100830078e+00
6.096234917640686035e-02,-1.460490345954895020e+00
-9.137691557407379150e-02,-1.686751246452331543e+00
-1.556541085243225098e+00,-2.174570858478546143e-01
-1.364152282476425171e-01,4.095932096242904663e-02
7.769458293914794922e-01,3.640391826629638672e+00
9.406397342681884766e-01,-1.043691158294677734e+00
-2.985585629940032959e-01,5.294274091720581055e-01
-9.273389577865600586e-01,2.703322768211364746e-01
-1.018035650253295898e+00,1.316574960947036743e-01
-9.598472118377685547e-01,3.431392908096313477e-01
-3.706194877624511719e+00,-1.791905015707015991e-01
1.009576797485351562e+00,-8.667752146720886230e-01
-1.076366901397705078e+00,1.006385385990142822e-01
-4.795282334089279175e-02,-1.774007797241210938e+00
-6.873627901077270508e-01,2.465807050466537476e-01
1.850544333457946777e+00,-4.758310914039611816e-01
1.190719485282897949e+00,3.056133508682250977e+00
-2.073200702667236328e+00,1.418768912553787231e-01
8.214964717626571655e-02,-1.818050622940063477e+00
-1.388756558299064636e-02,-1.310861468315124512e+00
1.878132224082946777e+00,3.994806110858917236e-01
1.850455403327941895e+00,-5.985580086708068848e-01
-8.425770998001098633e-01,4.164563119411468506e-01
-4.898923635482788086e-01,2.463779449462890625e+00
1.471144914627075195e+00,-4.305038750171661377e-01
-9.675257205963134766e-01,2.473131865262985229e-01
2.293944060802459717e-01,-1.567019104957580566e+00
1.171707391738891602e+00,-3.786067008972167969e+00
-2.485864639282226562e+00,3.175320327281951904e-01
-5.958619117736816406e-01,4.164086580276489258e-01
3.423634171485900879e-01,-5.182219147682189941e-01
-9.778534173965454102e-01,1.896014809608459473e+00
9.579538106918334961e-01,-1.116563320159912109e+00
-4.511430263519287109e-01,-2.116090208292007446e-01
3.012779951095581055e-01,-9.901358187198638916e-02
2.064066007733345032e-02,5.749051570892333984e-01
1.195055127143859863e+00,1.848072409629821777e-01
7.122125625610351562e-01,1.604790449142456055e+00
3.835901319980621338e-01,-1.103195995092391968e-01
-3.461545407772064209e-01,-2.281939983367919922e-01
-3.858393728733062744e-01,7.341458797454833984e-01
3.241893351078033447e-01,-1.212185740470886230e+00
-1.809158086776733398e+00,1.185823529958724976e-01
5.797278881072998047e-01,-7.460793256759643555e-01
3.470446169376373291e-01,1.133280396461486816e+00
2.839477062225341797e-01,-6.424711346626281738e-01
1.481309980154037476e-01,2.650403380393981934e-01
1.309208631515502930e+00,5.084265470504760742e-01
6.066830158233642578e-01,-9.321138858795166016e-01
-1.307425498962402344e-01,-1.543481349945068359e-01
-3.039539456367492676e-01,-3.930960595607757568e-01
7.946911454200744629e-02,6.160824894905090332e-01
1.259886324405670166e-01,-3.676652669906616211e+00
-2.733261585235595703e-01,2.512967213988304138e-02
8.431712388992309570e-01,-8.518133163452148438e-01
1.304870486259460449e+00,7.006414532661437988e-01
-4.974256753921508789e-01,-7.772343754768371582e-01
-1.448957920074462891e-01,1.911976784467697144e-01
1.122262597084045410e+00,6.998931169509887695e-01
2.532831430435180664e-01,4.279505014419555664e-01
7.769458293914794922e-01,3.640391826629638672e+00
-7.214483618736267090e-02,5.297803282737731934e-01
1.469149112701416016e+00,-2.245713233947753906e+00
-1.210418462753295898e+00,3.960959017276763916e-01
8.888218551874160767e-02,1.544695943593978882e-01
-1.765917092561721802e-01,-5.467491969466209412e-02
-1.604034423828125000e+00,-1.036787152290344238e+00
1.076263666152954102e+00,2.716668605804443359e+00
1.138622313737869263e-01,-1.381222248077392578e+00
2.517422914505004883e+00,-1.689854621887207031e+00
-4.245417192578315735e-02,-1.732125163078308105e+00
4.785966575145721436e-01,-8.621558547019958496e-01
2.505296230316162109e+00,-1.356431126594543457e+00
1.899357318878173828e+00,-2.656495273113250732e-01
-9.509636163711547852e-01,1.484427452087402344e-01
-4.710894823074340820e-02,-5.284773826599121094e+00
-1.898383378982543945e+00,-6.862752139568328857e-02
-2.786118686199188232e-01,2.991907358169555664e+00
-2.627172470092773438e+00,4.094176888465881348e-01
-8.834226131439208984e-01,-6.019112095236778259e-02
-3.286265432834625244e-01,-2.953243628144264221e-02
-1.016874074935913086e+00,1.450376398861408234e-02
-3.956050276756286621e-01,-6.307817697525024414e-01
-1.895294785499572754e-01,1.448873728513717651e-01
-6.858975887298583984e-01,7.206801772117614746e-01
-1.092648506164550781e+00,2.759487628936767578e-01
2.242839097976684570e+00,4.477400302886962891e+00
-5.749081373214721680e-01,-1.817755103111267090e+00
2.810124754905700684e-01,2.785909175872802734e-01
-1.086368918418884277e+00,1.646912097930908203e-01
-2.224996566772460938e+00,-8.294862508773803711e-01
1.204261422157287598e+00,-2.530297040939331055e+00
-1.005097985267639160e+00,3.973286598920822144e-03
2.073623657226562500e+00,-2.667287886142730713e-01
3.953837752342224121e-01,3.007735610008239746e-01
-9.893846511840820312e-01,2.473471015691757202e-01
-6.336021423339843750e-01,-5.036422014236450195e-01
-1.094422817230224609e+00,5.163605809211730957e-01
-1.437185883522033691e+00,1.352507352828979492e+00
2.535379827022552490e-01,1.827274560928344727e+00
-9.649299383163452148e-01,-1.087206244468688965e+00
-3.858393728733062744e-01,7.341458797454833984e-01
-1.073484539985656738e+00,-1.860922202467918396e-02
-4.870598912239074707e-01,-2.400830984115600586e-01
4.888913929462432861e-01,-8.106145858764648438e-01
-1.130184769630432129e+00,1.373607963323593140e-01
-2.786118686199188232e-01,2.991907358169555664e+00
-1.546023190021514893e-01,1.014944761991500854e-01
9.120172262191772461e-02,4.610756039619445801e-01
-9.718136787414550781e-01,-3.703097999095916748e-01
1.205916702747344971e-01,1.921156942844390869e-01
6.096234917640686035e-02,-1.460490345954895020e+00
-1.963372826576232910e+00,1.170557439327239990e-01
1.121427655220031738e+00,4.526388943195343018e-01
8.649269342422485352e-01,-1.836252450942993164e+00
-9.333293139934539795e-02,-1.936352252960205078e-01
-4.007524549961090088e-01,1.047116965055465698e-01
2.064066007733345032e-02,5.749051570892333984e-01
-9.606630802154541016e-01,2.880354523658752441e-01
2.203738987445831299e-01,-8.288256525993347168e-01
1.232174873352050781e+00,5.046642422676086426e-01
-3.897772729396820068e-01,-1.237927794456481934e+00
2.648085594177246094e+00,-9.110265970230102539e-02
1.612668782472610474e-01,1.435655236244201660e+00
-9.967525005340576172e-01,1.776086837053298950e-01
3.098806738853454590e-02,1.425057649612426758e-01
-1.792008429765701294e-01,-4.397948384284973145e-01
-3.427315875887870789e-02,-1.836695224046707153e-01
3.035596907138824463e-01,-1.618239283561706543e+00
1.787547916173934937e-01,3.920571088790893555e+00
-9.175655841827392578e-01,2.380611300468444824e-01
4.861584007740020752e-01,1.491923928260803223e+00
-2.002966850996017456e-01,-2.118612825870513916e-01
6.276708841323852539e-01,-8.467524647712707520e-01
-9.965296983718872070e-01,5.367515683174133301e-01
-1.020546793937683105e+00,3.797990679740905762e-01
4.471968412399291992e-01,-1.425694346427917480e+00
-1.448957920074462891e-01,1.911976784467697144e-01
6.506883352994918823e-02,3.159352242946624756e-01
-3.378233313560485840e-02,5.219322443008422852e-01
-7.744764089584350586e-01,1.428726315498352051e-01
4.630343019962310791e-01,5.612890720367431641e-01
1.301653832197189331e-01,-2.531941652297973633e+00
-2.657486200332641602e-01,1.262667775154113770e-01
1.305978417396545410e+00,-2.114568710327148438e+00
-2.218701988458633423e-01,-2.481521666049957275e-01
4.488181591033935547e+00,7.673330307006835938e-01
-5.309633016586303711e-01,-5.388436913490295410e-01
-2.031982898712158203e+00,-2.122407704591751099e-01
-1.065236806869506836e+00,1.643366068601608276e-01
-5.958619117736816406e-01,4.164086580276489258e-01
-7.628221809864044189e-02,-1.103845089673995972e-01
4.158652424812316895e-01,-7.768075466156005859e-01
6.479617953300476074e-02,-1.329030275344848633e+00
-1.693291425704956055e+00,9.799432754516601562e-02
8.431712388992309570e-01,-8.518133163452148438e-01
2.659998238086700439e-01,-7.834748029708862305e-01
1.323915600776672363e+00,2.884559631347656250e+00
2.364163398742675781e-01,-2.424728393554687500e+00
-1.000974059104919434e+00,4.019103050231933594e-01
-6.562730073928833008e-01,3.658839166164398193e-01
-8.369537591934204102e-01,-1.018012315034866333e-01
-2.335450798273086548e-01,2.861379981040954590e-01
-9.888969659805297852e-01,3.379396498203277588e-01
4.398251324892044067e-02,2.411354333162307739e-02
-5.297935009002685547e-01,9.894841909408569336e-02
-5.478842556476593018e-02,-1.889852285385131836e+00
6.895458698272705078e-01,2.713520824909210205e-01
-3.006088137626647949e-01,-5.981780588626861572e-03
-1.059603452682495117e+00,2.668915092945098877e-01
6.236022710800170898e-01,-1.082334816455841064e-01
-6.852290630340576172e-01,-1.200665116310119629e+00
-3.229894042015075684e-01,-4.824395850300788879e-02
-9.756478071212768555e-01,3.677314519882202148e-01
-9.546961784362792969e-01,3.956026136875152588e-01
-1.749017119407653809e+00,-9.252278804779052734e-01
-1.032548904418945312e+00,5.887871235609054565e-02
-4.343292415142059326e-01,-2.937006950378417969e-01
-1.017162203788757324e+00,6.663192063570022583e-03
-3.483763933181762695e-01,-2.402576446533203125e+00
2.626921236515045166e-01,-2.703252732753753662e-01
2.297626137733459473e-01,1.679520606994628906e+00
6.479617953300476074e-02,-1.329030275344848633e+00
-8.795512914657592773e-01,-3.491323068737983704e-02
-2.126986533403396606e-01,-2.708352804183959961e-01
-3.545822203159332275e-01,-3.537373840808868408e-01
-1.041908860206604004e+00,8.552936837077140808e-03
2.298181056976318359e-01,-2.266405582427978516e+00
-1.168689966201782227e+00,1.555878221988677979e-01
5.246300697326660156e-01,1.292718797922134399e-01
-1.519525766372680664e+00,-7.940844297409057617e-01
-1.040017127990722656e+00,1.057495176792144775e-01
-4.654312431812286377e-01,-6.179376244544982910e-01
-1.026750087738037109e+00,5.385968834161758423e-02
6.986274719238281250e-01,-3.272937610745429993e-02
-4.320026874542236328e+00,-6.870187520980834961e-01
-9.598472118377685547e-01,3.431392908096313477e-01
-5.622859001159667969e-01,-1.584202408790588379e+00
-9.315679073333740234e-01,2.618534266948699951e-01
1.149443536996841431e-01,1.684001982212066650e-01
1.559100747108459473e+00,-3.045201301574707031e-01
-8.925578594207763672e-01,-4.999379441142082214e-02
3.191004991531372070e-01,1.508526951074600220e-01
3.424838185310363770e-01,-4.246771335601806641e-01
7.181437015533447266e-01,-2.654977798461914062e+00
2.672861516475677490e-01,-4.154204428195953369e-01
5.842164754867553711e-01,9.412744641304016113e-02
-4.981492459774017334e-01,-5.848670005798339844e-01
6.000180244445800781e-01,-8.656051158905029297e-01
8.557010889053344727e-01,-1.680076479911804199e+00
-3.234585821628570557e-01,-3.362175524234771729e-01
1.173363804817199707e+00,3.844548463821411133e-01
-4.199564456939697266e-03,-8.091995120048522949e-02
4.944694340229034424e-01,-1.847525358200073242e+00
3.348535299301147461e-01,-5.698902010917663574e-01
1.975552916526794434e+00,-2.163203001022338867e+00
-1.527097523212432861e-01,-5.841211676597595215e-01
-4.555366635322570801e-01,-2.009406536817550659e-01
2.624975442886352539e-01,1.296121478080749512e+00
1.144797921180725098e+00,8.379306793212890625e-01
-1.878439635038375854e-01,-1.803932934999465942e-01
-3.007956743240356445e+00,2.582158744335174561e-01
1.223121047019958496e+00,7.628626227378845215e-01
-1.174269080162048340e+00,-1.304575502872467041e-01
-2.628804445266723633e-01,-1.645798981189727783e-01
-1.344889879226684570e+00,-1.090473681688308716e-01
-9.860870838165283203e-01,3.361777663230895996e-01
1.287703275680541992e+00,1.120911121368408203e+00
-1.178747534751892090e+00,-3.580701589584350586e+00
-3.897772729396820068e-01,-1.237927794456481934e+00
-1.373432874679565430e-01,-1.433546841144561768e-01
1.133903384208679199e+00,-3.468886375427246094e+00
6.002302169799804688e-01,-1.165021777153015137e+00
-2.258389890193939209e-01,-5.651858076453208923e-02
1.859423995018005371e+00,-9.744625687599182129e-01
6.755664199590682983e-02,-1.086637377738952637e+00
-2.192628860473632812e+00,1.091348230838775635e-01
1.604515612125396729e-01,-1.417231082916259766e+00
3.907175064086914062e-01,-1.099004983901977539e+00
2.512373685836791992e+00,7.193529009819030762e-01
7.548514604568481445e-01,1.410218179225921631e-01
-1.047226905822753906e+00,4.510659724473953247e-02
-1.264543056488037109e+00,7.566215991973876953e-01
2.555885553359985352e+00,-1.544129729270935059e+00
5.550775527954101562e-01,3.187411427497863770e-01
1.032838344573974609e+00,8.465103507041931152e-01
1.305365681648254395e+00,-2.221874475479125977e+00
9.838860034942626953e-01,2.317332625389099121e-01
2.660767138004302979e-01,-8.525997400283813477e-01
-1.023990631103515625e+00,5.426249504089355469e-01
2.298181056976318359e-01,-2.266405582427978516e+00
7.713707685470581055e-01,6.988207101821899414e-01
1.756456136703491211e+00,9.037923216819763184e-01
6.439143419265747070e-02,-1.581701755523681641e+00
1.018042564392089844e+00,1.790499210357666016e+00
-3.399014845490455627e-02,4.984338581562042236e-01
6.468718051910400391e-01,-7.393969297409057617e-01
-7.265075445175170898e-01,-5.923863053321838379e-01
7.762518525123596191e-02,-1.976597607135772705e-01
1.338091120123863220e-02,-8.998528718948364258e-01
-9.700949192047119141e-01,6.515084207057952881e-02
-9.919428825378417969e-01,2.786985039710998535e-01
-1.002706646919250488e+00,-1.146287322044372559e+00
-9.637655019760131836e-01,3.290114700794219971e-01
3.621851205825805664e-01,2.191227078437805176e-01
9.817523956298828125e-01,-1.106132626533508301e+00
-2.018712759017944336e+00,1.522368490695953369e-01
8.689249753952026367e-01,-1.377823054790496826e-01
2.564655542373657227e+00,-5.650959014892578125e-01
2.056219100952148438e+00,-6.238361597061157227e-01
-3.545822203159332275e-01,-3.537373840808868408e-01
2.679963827133178711e+00,2.067933827638626099e-01
1.298537135124206543e+00,3.962726294994354248e-01
1.514172077178955078e+00,-3.373939752578735352e+00
-2.663075208663940430e+00,-7.661942839622497559e-01
-1.250451803207397461e+00,-9.620926976203918457e-01
-2.964515089988708496e-01,-2.036928087472915649e-01
6.719721555709838867e-01,-2.919980525970458984e+00
2.140339016914367676e-01,3.327723443508148193e-01
5.026508569717407227e-01,-6.676397919654846191e-01
1.694688916206359863e+00,-9.455884099006652832e-01
-2.517031192779541016e+00,-1.621030807495117188e+00
-1.291141271591186523e+00,-2.242161333560943604e-01
4.471968412399291992e-01,-1.425694346427917480e+00
6.730695962905883789e-01,-1.666398048400878906e+00
-1.321872025728225708e-01,-3.383739590644836426e-01
1.591333985328674316e+00,-4.263959825038909912e-01
-1.238636374473571777e-01,-2.227243185043334961e-01
5.339905619621276855e-02,2.470055818557739258e+00
-8.697106838226318359e-01,4.144946038722991943e-01
-2.362457275390625000e+00,3.973763585090637207e-01
8.214964717626571655e-02,-1.818050622940063477e+00
-1.963372826576232910e+00,1.170557439327239990e-01
-1.768432408571243286e-01,2.268486469984054565e-02
6.831426620483398438e-01,-6.031361818313598633e-01
-1.458671927452087402e+00,1.648122817277908325e-01
-1.893069505691528320e+00,-1.806723475456237793e-01
-2.416971683502197266e+00,3.828441202640533447e-01
-1.001516461372375488e+00,1.282678991556167603e-01
-8.629739284515380859e-01,-2.068907469511032104e-01
2.598299384117126465e-01,-7.799463272094726562e-01
-3.704938292503356934e-01,-8.011755943298339844e-01
-4.387461021542549133e-02,-1.953246355056762695e+00
-7.860230207443237305e-01,-2.130987167358398438e+00
-1.004087448120117188e+00,7.331493496894836426e-01
-5.577565431594848633e-01,1.228547930717468262e+00
-8.661650419235229492e-01,3.613640069961547852e-01
8.581305742263793945e-01,-1.939553976058959961e+00
1.498402059078216553e-01,1.714880019426345825e-01
-5.559616088867187500e-01,-3.680883646011352539e-01
-2.056230753660202026e-01,1.029675900936126709e-01
-9.272392988204956055e-01,2.028572410345077515e-01
-7.022080421447753906e-01,-1.109565973281860352e+00
-1.050933122634887695e+00,1.058665364980697632e-01
2.684138417243957520e-01,9.527875483036041260e-02
1.012289166450500488e+00,-1.794683337211608887e+00
3.251256644725799561e-01,-1.809944629669189453e+00
-1.450848460197448730e+00,-2.735452055931091309e-01
-7.945481538772583008e-01,-2.692332565784454346e-01
-9.395891427993774414e-01,-2.779153585433959961e+00
-1.007435679435729980e+00,8.345067501068115234e-02
-9.930166006088256836e-01,1.736631989479064941e-01
-3.724525570869445801e-01,1.273997187614440918e+00
2.696584939956665039e+00,1.446422934532165527e+00
1.989974379539489746e+00,8.634346127510070801e-01
5.484596490859985352e-01,-1.310788869857788086e+00
-1.888807713985443115e-01,-3.707567751407623291e-01
-6.623914241790771484e-01,-1.782354474067687988e+00
-1.000106930732727051e+00,4.965155124664306641e-01
-1.101660370826721191e+00,8.535436391830444336e-01
1.427795588970184326e-01,-2.333107590675354004e-02
-1.233451440930366516e-02,-6.746409535408020020e-01
4.040238261222839355e-01,-5.253909826278686523e-01
-1.498404741287231445e-01,5.081267356872558594e-01
5.375504493713378906e-01,-7.093694806098937988e-01
-1.816743850708007812e+00,5.936378836631774902e-01
1.601939320564270020e+00,-1.295290112495422363e+00
3.304581046104431152e-01,-3.354017972946166992e+00
6.719651222229003906e-01,-6.480083465576171875e-01
-9.123973846435546875e-01,6.940353512763977051e-01
-4.866039752960205078e-02,1.126298606395721436e-01
1.773450523614883423e-01,-1.581831812858581543e+00
2.159828901290893555e+00,-5.127946138381958008e-01
1.051474094390869141e+00,3.749002814292907715e-01
5.696991682052612305e-01,4.781190752983093262e-01
5.150234699249267578e-01,-1.302117466926574707e+00
2.725209891796112061e-01,-1.980395436286926270e+00
-4.012964367866516113e-01,1.556540131568908691e+00
2.255375683307647705e-01,-4.392293930053710938e+00
-1.712187170982360840e+00,-1.949875056743621826e-01
-1.036116629838943481e-01,4.753873348236083984e+00
2.071924686431884766e+00,3.632044494152069092e-01
-4.710288047790527344e-01,-2.438760399818420410e-01
-1.011415362358093262e+00,-4.076341390609741211e-01
2.500939369201660156e-01,-2.088175565004348755e-01
6.711365282535552979e-02,1.547394096851348877e-01
1.881450891494750977e+00,-5.307600498199462891e-01
-6.764434576034545898e-01,1.216706484556198120e-01
-6.903965771198272705e-02,6.392807960510253906e-01
2.289707422256469727e+00,-2.903562307357788086e+00
1.484948873519897461e+00,-4.162542223930358887e-01
1.411532878875732422e+00,5.052164196968078613e-01
-1.193351507186889648e+00,-1.144345045089721680e+00
-7.526274025440216064e-02,-5.403673052787780762e-01
2.115197330713272095e-01,-1.135996460914611816e+00
-9.644851684570312500e-01,2.824389934539794922e-02
-1.053358912467956543e+00,-2.539643645286560059e-02
-1.031355381011962891e+00,6.997203826904296875e-01
2.685650825500488281e+00,6.805711388587951660e-01
-1.606468677520751953e+00,-2.533988356590270996e-01
-8.070429563522338867e-01,-1.558042526245117188e+00
-2.218701988458633423e-01,-2.481521666049957275e-01
-4.160279631614685059e-01,2.731027901172637939e-01
-7.628221809864044189e-02,-1.103845089673995972e-01
-4.744801223278045654e-01,5.327213406562805176e-01
-1.025444865226745605e+00,1.421652436256408691e-01
-1.772651910781860352e+00,-1.543445110321044922e+00
1.185169816017150879e+00,-8.041160702705383301e-01
-1.024267196655273438e+00,-3.937123060226440430e+00
3.423634171485900879e-01,-5.182219147682189941e-01
3.196171820163726807e-01,-6.342377662658691406e-01
2.079775094985961914e+00,-3.574257493019104004e-01
9.669035673141479492e-01,-3.249443054199218750e+00
-7.303577661514282227e-01,1.353140734136104584e-02
-1.060703754425048828e+00,2.421474009752273560e-01
-2.037717819213867188e+00,4.835189282894134521e-01
6.608451604843139648e-01,-9.115788340568542480e-01
1.974340081214904785e-01,-2.046434164047241211e+00
-1.976661086082458496e+00,-4.239181056618690491e-02
-8.584449291229248047e-01,-3.429738059639930725e-02
9.318280220031738281e-01,-2.769541263580322266e+00
-3.175635337829589844e-01,1.385066956281661987e-01
-6.137701272964477539e-01,1.792662739753723145e-01
3.890378475189208984e-01,-4.380417764186859131e-01
-7.682542800903320312e-01,8.995962738990783691e-01
2.423580288887023926e-01,-2.143279790878295898e+00
-6.939072906970977783e-02,-1.768946170806884766e+00
2.512373685836791992e+00,7.193529009819030762e-01
3.336798191070556641e+00,-9.282672405242919922e-01
1.460706949234008789e+00,4.018977582454681396e-01
-1.008517146110534668e+00,2.309671640396118164e-01
-3.530746698379516602e-02,-3.304798603057861328e+00
-9.359029531478881836e-01,4.079993963241577148e-01
-6.674525737762451172e-01,3.441073000431060791e-01
1.799170613288879395e+00,-6.682547926902770996e-01
6.369944661855697632e-02,9.941846132278442383e-02
-1.333873391151428223e+00,-7.107908725738525391e-01
-2.135189175605773926e-01,-1.634778082370758057e-01
7.433196306228637695e-01,-2.919637858867645264e-01
1.916869431734085083e-01,2.274456918239593506e-01
5.028829574584960938e-01,3.278040885925292969e-01
3.098806738853454590e-02,1.425057649612426758e-01
3.035596907138824463e-01,-1.618239283561706543e+00
-1.530537158250808716e-01,-1.825166642665863037e-01
-1.119271516799926758e+00,1.360623002052307129e+00
7.928735017776489258e-01,-9.067090749740600586e-01
1.881368398666381836e+00,6.941183209419250488e-01
-9.275932312011718750e-01,3.585724830627441406e-01
-9.485300779342651367e-01,1.907122135162353516e-01
7.579046487808227539e-01,-1.572077751159667969e+00
-9.101724624633789062e-01,7.315483093261718750e-01
-9.778534173965454102e-01,1.896014809608459473e+00
-1.254916787147521973e-01,-1.840112924575805664e+00
-1.065178871154785156e+00,1.096640676259994507e-01
3.037590980529785156e-01,-1.031705975532531738e+00
1.878132224082946777e+00,3.994806110858917236e-01
-9.177278727293014526e-02,1.769140005111694336e+00
-9.918140172958374023e-01,2.545257508754730225e-01
6.652923673391342163e-02,2.407029569149017334e-01
-2.366358339786529541e-01,-4.046584665775299072e-01
-8.984550237655639648e-01,-1.597886532545089722e-02
-1.012691617012023926e+00,6.037734821438789368e-02
-9.077662229537963867e-01,2.301915436983108521e-01
-2.553467750549316406e+00,5.903486609458923340e-01
-6.771305799484252930e-01,-1.137731909751892090e+00
-1.578291654586791992e+00,-1.388539314270019531e+00
-1.182886719703674316e+00,-5.489177703857421875e-01
-1.630162835121154785e+00,-1.234973430633544922e+00
2.085768729448318481e-01,-8.113563060760498047e-01
2.207005620002746582e-01,-1.375970125198364258e+00
1.165119647979736328e+00,6.542772054672241211e-01
1.631929576396942139e-01,3.207459151744842529e-01
-3.856136500835418701e-01,2.567243576049804688e+00
-8.629739284515380859e-01,-2.068907469511032104e-01
2.747918665409088135e-01,-1.006232857704162598e+00
-2.347177505493164062e+00,1.865311414003372192e-01
1.341161012649536133e+00,2.686335563659667969e+00
1.800329238176345825e-01,-9.193100333213806152e-01
2.383762359619140625e+00,-1.732128143310546875e+00
-1.038597822189331055e+00,2.787624597549438477e-01
3.559560775756835938e+00,-1.976315528154373169e-01
3.044736981391906738e-01,-9.830178618431091309e-01
1.326730996370315552e-01,1.244759857654571533e-01
3.331296920776367188e+00,1.148372650146484375e+00
1.822193861007690430e+00,7.431751489639282227e-01
-1.874027699232101440e-01,-3.735601007938385010e-01
-1.027376651763916016e+00,3.163028359413146973e-01
-4.250234365463256836e-01,1.507655501365661621e+00
-3.895805478096008301e-01,4.829576611518859863e-01
2.158716619014739990e-01,-2.466409504413604736e-01
5.864393711090087891e-01,-8.708521127700805664e-01
1.848364248871803284e-02,-9.585493803024291992e-01
1.295812368392944336e+00,-3.759369850158691406e+00
-1.140377163887023926e+00,-3.094442561268806458e-02
-6.167792081832885742e-01,-1.231825113296508789e+00
7.346073389053344727e-01,-1.118626713752746582e+00
-9.224728345870971680e-01,6.446903944015502930e-01
6.665540933609008789e-01,-6.613528728485107422e-01
-2.238876342773437500e+00,3.073571920394897461e-01
9.495226144790649414e-01,-1.964678406715393066e+00
8.370107412338256836e-01,-8.284299969673156738e-01
-1.307293921709060669e-01,-1.810173034667968750e+00
-9.770551919937133789e-01,1.566443592309951782e-01
-2.942823469638824463e-01,-1.592107653617858887e+00
1.110979169607162476e-01,1.672415286302566528e-01
-2.094498574733734131e-01,-2.714097201824188232e-01
2.790273427963256836e+00,3.974283933639526367e-01
-4.250234365463256836e-01,1.507655501365661621e+00
-2.384950071573257446e-01,2.165009975433349609e-01
1.595924854278564453e+00,-1.072540998458862305e+00
6.625767946243286133e-01,-2.342762470245361328e+00
-9.165081977844238281e-01,2.619963884353637695e-01
1.658769369125366211e+00,-6.281268000602722168e-01
1.201396822929382324e+00,-9.981078505516052246e-01
6.871316432952880859e-01,-7.511844635009765625e-01
-1.097895979881286621e+00,1.654080867767333984e+00
-3.156457841396331787e-01,8.850989341735839844e-01
-9.462134838104248047e-01,3.326015472412109375e-01
-1.814043641090393066e+00,1.657662689685821533e-01
-3.369023501873016357e-01,5.246599018573760986e-02
-5.138166248798370361e-02,-1.006645679473876953e+00
2.814141213893890381e-01,-7.050697207450866699e-01
1.056636691093444824e+00,7.983047962188720703e-01
-1.201862096786499023e+00,-1.290254294872283936e-02
-6.404227763414382935e-02,5.513324737548828125e-01
8.312865495681762695e-01,-1.748611211776733398e+00
-9.829339385032653809e-02,-6.682869791984558105e-01
-8.580291271209716797e-01,-1.271854043006896973e+00
-9.349678754806518555e-01,8.105320930480957031e-01
-4.822799265384674072e-01,9.300909638404846191e-01
-8.392382413148880005e-03,-2.989217758178710938e+00
1.654915690422058105e+00,4.322990775108337402e-01
-2.088709026575088501e-01,3.375848382711410522e-02
1.151244878768920898e+00,5.402813553810119629e-01
1.491837501525878906e+00,-6.018902659416198730e-01
-8.580427169799804688e-01,4.431447684764862061e-01
4.652636349201202393e-01,1.825698167085647583e-01
1.205916702747344971e-01,1.921156942844390869e-01
-1.458671927452087402e+00,1.648122817277908325e-01
1.093112826347351074e+00,6.644151210784912109e-01
-8.608462810516357422e-01,-6.961416453123092651e-03
9.469736814498901367e-01,-1.886362075805664062e+00
-5.309633016586303711e-01,-5.388436913490295410e-01
8.707709312438964844e-01,-1.699769854545593262e+00
1.061298549175262451e-01,-8.852763473987579346e-02
3.826161026954650879e-01,-1.057378172874450684e+00
-1.149421930313110352e+00,-2.371962070465087891e-01
-2.907829880714416504e-01,2.544606029987335205e-01
-1.339753270149230957e+00,6.400757431983947754e-01
-4.236200749874114990e-01,1.965512037277221680e+00
2.836727499961853027e-01,-9.343111515045166016e-01
-1.501552462577819824e+00,-6.710752248764038086e-01
-1.959399729967117310e-01,-1.768653541803359985e-01
-8.915258646011352539e-01,-4.951244220137596130e-02
-1.010362744331359863e+00,-7.051619887351989746e-02
-1.170844316482543945e+00,3.631869331002235413e-02
1.413800477981567383e+00,-2.765792906284332275e-01
-1.066808104515075684e+00,1.543806046247482300e-01
-2.424430131912231445e+00,-7.021895647048950195e-01
-1.031488060951232910e+00,1.169028282165527344e-01
-2.593452334403991699e-01,-1.442980647087097168e+00
-4.958064854145050049e-01,-2.500936985015869141e-01
-6.372934579849243164e-01,-1.233491539955139160e+00
-3.817613720893859863e-01,-1.725697278976440430e+00
5.812939405441284180e-01,-8.683140873908996582e-01
-6.771595776081085205e-02,-1.850671052932739258e+00
3.087730407714843750e-01,1.202016323804855347e-01
-9.786502122879028320e-01,-3.364291191101074219e-01
-3.234716653823852539e-01,-2.639453411102294922e-01
3.331296920776367188e+00,1.148372650146484375e+00
2.083666563034057617e+00,-7.193394303321838379e-01
-1.221278429031372070e+00,4.739776253700256348e-01
5.322223901748657227e-02,3.828049302101135254e-01
5.994511842727661133e-01,-1.456161975860595703e+00
-1.065178871154785156e+00,1.096640676259994507e-01
-3.502980172634124756e-01,1.138243377208709717e-01
5.214673280715942383e-01,2.613305449485778809e-01
1.777284741401672363e+00,6.378614306449890137e-01
1.453620910644531250e+00,-2.003793954849243164e+00
2.195018529891967773e+00,7.289255261421203613e-01
-1.141916632652282715e+00,-1.006424069404602051e+00
-1.923269033432006836e-01,8.719737827777862549e-02
3.769505620002746582e-01,-1.444765925407409668e+00
1.654855161905288696e-01,2.268085479736328125e-01
-2.164426565170288086e+00,2.022441923618316650e-01
1.479909777641296387e+00,-1.094554305076599121e+00
-3.704938292503356934e-01,-8.011755943298339844e-01
-1.140377163887023926e+00,-3.094442561268806458e-02
-1.001455068588256836e+00,2.173213660717010498e-01
-1.310143351554870605e+00,7.292932271957397461e-02
-3.555108904838562012e-01,2.747392654418945312e-02
-4.232761561870574951e-01,-1.226547509431838989e-01
-1.264543056488037109e+00,7.566215991973876953e-01
3.320933580398559570e-01,-1.878180980682373047e+00
1.260742545127868652e-01,-3.183184266090393066e-01
3.322822570800781250e+00,-6.609660387039184570e-01
7.404743432998657227e-01,3.854559361934661865e-01
1.311808943748474121e+00,2.306044101715087891e+00
-1.711961030960083008e-01,-3.064290583133697510e-01
-9.165081977844238281e-01,2.619963884353637695e-01
3.878623962402343750e+00,-1.491565108299255371e+00
-1.130184769630432129e+00,1.373607963323593140e-01
9.070382118225097656e-01,2.393606007099151611e-01
-1.065468311309814453e+00,6.409489512443542480e-01
1.431436091661453247e-02,-1.115960001945495605e+00
-8.841303586959838867e-01,5.349518060684204102e-01
3.072916567325592041e-01,-2.590246200561523438e+00
2.579941451549530029e-01,-9.432643055915832520e-01
-8.590387105941772461e-01,-9.419404268264770508e-01
3.029185831546783447e-01,-8.984069228172302246e-01
-7.587695494294166565e-03,-2.331494092941284180e-01
9.878656864166259766e-01,4.505927860736846924e-01
1.375517249107360840e+00,9.226329326629638672e-01
2.586933851242065430e+00,-2.518149137496948242e+00
4.307832121849060059e-01,-4.620375037193298340e-01
-1.143420577049255371e+00,-8.675824403762817383e-01
3.446664094924926758e+00,-4.343961775302886963e-01
-1.959399729967117310e-01,-1.768653541803359985e-01
9.192759990692138672e-01,-9.726031422615051270e-01
1.099362969398498535e-01,-1.389533281326293945e+00
-9.439712762832641602e-01,3.715021312236785889e-01
4.040971398353576660e-01,-1.161665797233581543e+00
2.235444188117980957e-01,-9.728180766105651855e-01
-1.191033482551574707e+00,-5.587035790085792542e-02
-4.832137003540992737e-02,-7.816227674484252930e-01
-7.556624412536621094e-01,1.161555051803588867e+00
4.111700654029846191e-01,6.165578588843345642e-02
1.149443536996841431e-01,1.684001982212066650e-01
1.474363088607788086e+00,1.213448286056518555e+00
1.916165649890899658e-01,2.386701107025146484e-01
-8.590387105941772461e-01,-9.419404268264770508e-01
-4.604058563709259033e-01,1.846943348646163940e-01
-5.043287873268127441e-01,-6.448870301246643066e-01
1.011927723884582520e+00,-4.124319076538085938e+00
-7.227332592010498047e-01,-1.652328133583068848e+00
1.334066271781921387e+00,-1.070966005325317383e+00
-4.870908260345458984e-01,-9.050057530403137207e-01
-9.175655841827392578e-01,2.380611300468444824e-01
5.286839008331298828e-01,-1.199524283409118652e+00
-9.787319898605346680e-01,1.939838826656341553e-01
-1.027997255325317383e+00,2.407934665679931641e-01
-2.905029952526092529e-01,3.082707524299621582e-01
-3.530746698379516602e-02,-3.304798603057861328e+00
3.906391263008117676e-01,5.580514669418334961e-01
9.502904117107391357e-02,7.318347096443176270e-01
6.369944661855697632e-02,9.941846132278442383e-02
1.074592709541320801e+00,1.639589667320251465e-01
-3.613006770610809326e-01,-1.424576640129089355e-01
8.990708589553833008e-01,-1.725593209266662598e-01
-1.453781366348266602e+00,-1.018997311592102051e+00
